[2024-10-22T03:19:13.552+0000] {processor.py:186} INFO - Started process (PID=54830) to work on /home/airflow/.local/lib/python3.12/site-packages/airflow/example_dags/example_branch_day_of_week_operator.py
[2024-10-22T03:19:13.553+0000] {processor.py:914} INFO - Processing file /home/airflow/.local/lib/python3.12/site-packages/airflow/example_dags/example_branch_day_of_week_operator.py for tasks to queue
[2024-10-22T03:19:13.556+0000] {logging_mixin.py:190} INFO - [2024-10-22T03:19:13.555+0000] {dagbag.py:588} INFO - Filling up the DagBag from /home/airflow/.local/lib/python3.12/site-packages/airflow/example_dags/example_branch_day_of_week_operator.py
[2024-10-22T03:19:13.572+0000] {processor.py:925} INFO - DAG(s) 'example_weekday_branch_operator' retrieved from /home/airflow/.local/lib/python3.12/site-packages/airflow/example_dags/example_branch_day_of_week_operator.py
[2024-10-22T03:19:13.681+0000] {logging_mixin.py:190} INFO - [2024-10-22T03:19:13.681+0000] {dag.py:3239} INFO - Sync 1 DAGs
[2024-10-22T03:19:13.716+0000] {logging_mixin.py:190} INFO - [2024-10-22T03:19:13.715+0000] {dag.py:4180} INFO - Setting next_dagrun for example_weekday_branch_operator to 2024-10-21 00:00:00+00:00, run_after=2024-10-22 00:00:00+00:00
[2024-10-22T03:19:13.758+0000] {processor.py:208} INFO - Processing /home/airflow/.local/lib/python3.12/site-packages/airflow/example_dags/example_branch_day_of_week_operator.py took 0.219 seconds
[2024-10-22T03:19:44.194+0000] {processor.py:186} INFO - Started process (PID=54898) to work on /home/airflow/.local/lib/python3.12/site-packages/airflow/example_dags/example_branch_day_of_week_operator.py
[2024-10-22T03:19:44.195+0000] {processor.py:914} INFO - Processing file /home/airflow/.local/lib/python3.12/site-packages/airflow/example_dags/example_branch_day_of_week_operator.py for tasks to queue
[2024-10-22T03:19:44.197+0000] {logging_mixin.py:190} INFO - [2024-10-22T03:19:44.197+0000] {dagbag.py:588} INFO - Filling up the DagBag from /home/airflow/.local/lib/python3.12/site-packages/airflow/example_dags/example_branch_day_of_week_operator.py
[2024-10-22T03:19:44.206+0000] {processor.py:925} INFO - DAG(s) 'example_weekday_branch_operator' retrieved from /home/airflow/.local/lib/python3.12/site-packages/airflow/example_dags/example_branch_day_of_week_operator.py
[2024-10-22T03:19:44.232+0000] {logging_mixin.py:190} INFO - [2024-10-22T03:19:44.232+0000] {dag.py:3239} INFO - Sync 1 DAGs
[2024-10-22T03:19:44.260+0000] {logging_mixin.py:190} INFO - [2024-10-22T03:19:44.260+0000] {dag.py:4180} INFO - Setting next_dagrun for example_weekday_branch_operator to 2024-10-21 00:00:00+00:00, run_after=2024-10-22 00:00:00+00:00
[2024-10-22T03:19:44.278+0000] {processor.py:208} INFO - Processing /home/airflow/.local/lib/python3.12/site-packages/airflow/example_dags/example_branch_day_of_week_operator.py took 0.091 seconds
[2024-10-22T03:20:14.676+0000] {processor.py:186} INFO - Started process (PID=54965) to work on /home/airflow/.local/lib/python3.12/site-packages/airflow/example_dags/example_branch_day_of_week_operator.py
[2024-10-22T03:20:14.677+0000] {processor.py:914} INFO - Processing file /home/airflow/.local/lib/python3.12/site-packages/airflow/example_dags/example_branch_day_of_week_operator.py for tasks to queue
[2024-10-22T03:20:14.678+0000] {logging_mixin.py:190} INFO - [2024-10-22T03:20:14.678+0000] {dagbag.py:588} INFO - Filling up the DagBag from /home/airflow/.local/lib/python3.12/site-packages/airflow/example_dags/example_branch_day_of_week_operator.py
[2024-10-22T03:20:14.687+0000] {processor.py:925} INFO - DAG(s) 'example_weekday_branch_operator' retrieved from /home/airflow/.local/lib/python3.12/site-packages/airflow/example_dags/example_branch_day_of_week_operator.py
[2024-10-22T03:20:14.713+0000] {logging_mixin.py:190} INFO - [2024-10-22T03:20:14.713+0000] {dag.py:3239} INFO - Sync 1 DAGs
[2024-10-22T03:20:14.739+0000] {logging_mixin.py:190} INFO - [2024-10-22T03:20:14.739+0000] {dag.py:4180} INFO - Setting next_dagrun for example_weekday_branch_operator to 2024-10-21 00:00:00+00:00, run_after=2024-10-22 00:00:00+00:00
[2024-10-22T03:20:14.797+0000] {processor.py:208} INFO - Processing /home/airflow/.local/lib/python3.12/site-packages/airflow/example_dags/example_branch_day_of_week_operator.py took 0.129 seconds
[2024-10-22T03:20:45.635+0000] {processor.py:186} INFO - Started process (PID=55032) to work on /home/airflow/.local/lib/python3.12/site-packages/airflow/example_dags/example_branch_day_of_week_operator.py
[2024-10-22T03:20:45.636+0000] {processor.py:914} INFO - Processing file /home/airflow/.local/lib/python3.12/site-packages/airflow/example_dags/example_branch_day_of_week_operator.py for tasks to queue
[2024-10-22T03:20:45.637+0000] {logging_mixin.py:190} INFO - [2024-10-22T03:20:45.637+0000] {dagbag.py:588} INFO - Filling up the DagBag from /home/airflow/.local/lib/python3.12/site-packages/airflow/example_dags/example_branch_day_of_week_operator.py
[2024-10-22T03:20:45.646+0000] {processor.py:925} INFO - DAG(s) 'example_weekday_branch_operator' retrieved from /home/airflow/.local/lib/python3.12/site-packages/airflow/example_dags/example_branch_day_of_week_operator.py
[2024-10-22T03:20:45.672+0000] {logging_mixin.py:190} INFO - [2024-10-22T03:20:45.672+0000] {dag.py:3239} INFO - Sync 1 DAGs
[2024-10-22T03:20:45.700+0000] {logging_mixin.py:190} INFO - [2024-10-22T03:20:45.700+0000] {dag.py:4180} INFO - Setting next_dagrun for example_weekday_branch_operator to 2024-10-21 00:00:00+00:00, run_after=2024-10-22 00:00:00+00:00
[2024-10-22T03:20:45.721+0000] {processor.py:208} INFO - Processing /home/airflow/.local/lib/python3.12/site-packages/airflow/example_dags/example_branch_day_of_week_operator.py took 0.094 seconds
[2024-10-22T03:21:16.228+0000] {processor.py:186} INFO - Started process (PID=55098) to work on /home/airflow/.local/lib/python3.12/site-packages/airflow/example_dags/example_branch_day_of_week_operator.py
[2024-10-22T03:21:16.229+0000] {processor.py:914} INFO - Processing file /home/airflow/.local/lib/python3.12/site-packages/airflow/example_dags/example_branch_day_of_week_operator.py for tasks to queue
[2024-10-22T03:21:16.231+0000] {logging_mixin.py:190} INFO - [2024-10-22T03:21:16.230+0000] {dagbag.py:588} INFO - Filling up the DagBag from /home/airflow/.local/lib/python3.12/site-packages/airflow/example_dags/example_branch_day_of_week_operator.py
[2024-10-22T03:21:16.239+0000] {processor.py:925} INFO - DAG(s) 'example_weekday_branch_operator' retrieved from /home/airflow/.local/lib/python3.12/site-packages/airflow/example_dags/example_branch_day_of_week_operator.py
[2024-10-22T03:21:16.266+0000] {logging_mixin.py:190} INFO - [2024-10-22T03:21:16.266+0000] {dag.py:3239} INFO - Sync 1 DAGs
[2024-10-22T03:21:16.295+0000] {logging_mixin.py:190} INFO - [2024-10-22T03:21:16.295+0000] {dag.py:4180} INFO - Setting next_dagrun for example_weekday_branch_operator to 2024-10-21 00:00:00+00:00, run_after=2024-10-22 00:00:00+00:00
[2024-10-22T03:21:16.314+0000] {processor.py:208} INFO - Processing /home/airflow/.local/lib/python3.12/site-packages/airflow/example_dags/example_branch_day_of_week_operator.py took 0.093 seconds
[2024-10-22T03:21:46.649+0000] {processor.py:186} INFO - Started process (PID=55165) to work on /home/airflow/.local/lib/python3.12/site-packages/airflow/example_dags/example_branch_day_of_week_operator.py
[2024-10-22T03:21:46.650+0000] {processor.py:914} INFO - Processing file /home/airflow/.local/lib/python3.12/site-packages/airflow/example_dags/example_branch_day_of_week_operator.py for tasks to queue
[2024-10-22T03:21:46.652+0000] {logging_mixin.py:190} INFO - [2024-10-22T03:21:46.651+0000] {dagbag.py:588} INFO - Filling up the DagBag from /home/airflow/.local/lib/python3.12/site-packages/airflow/example_dags/example_branch_day_of_week_operator.py
[2024-10-22T03:21:46.661+0000] {processor.py:925} INFO - DAG(s) 'example_weekday_branch_operator' retrieved from /home/airflow/.local/lib/python3.12/site-packages/airflow/example_dags/example_branch_day_of_week_operator.py
[2024-10-22T03:21:46.689+0000] {logging_mixin.py:190} INFO - [2024-10-22T03:21:46.689+0000] {dag.py:3239} INFO - Sync 1 DAGs
[2024-10-22T03:21:46.715+0000] {logging_mixin.py:190} INFO - [2024-10-22T03:21:46.715+0000] {dag.py:4180} INFO - Setting next_dagrun for example_weekday_branch_operator to 2024-10-21 00:00:00+00:00, run_after=2024-10-22 00:00:00+00:00
[2024-10-22T03:21:46.733+0000] {processor.py:208} INFO - Processing /home/airflow/.local/lib/python3.12/site-packages/airflow/example_dags/example_branch_day_of_week_operator.py took 0.092 seconds
[2024-10-22T03:22:16.993+0000] {processor.py:186} INFO - Started process (PID=55231) to work on /home/airflow/.local/lib/python3.12/site-packages/airflow/example_dags/example_branch_day_of_week_operator.py
[2024-10-22T03:22:16.995+0000] {processor.py:914} INFO - Processing file /home/airflow/.local/lib/python3.12/site-packages/airflow/example_dags/example_branch_day_of_week_operator.py for tasks to queue
[2024-10-22T03:22:16.997+0000] {logging_mixin.py:190} INFO - [2024-10-22T03:22:16.996+0000] {dagbag.py:588} INFO - Filling up the DagBag from /home/airflow/.local/lib/python3.12/site-packages/airflow/example_dags/example_branch_day_of_week_operator.py
[2024-10-22T03:22:17.007+0000] {processor.py:925} INFO - DAG(s) 'example_weekday_branch_operator' retrieved from /home/airflow/.local/lib/python3.12/site-packages/airflow/example_dags/example_branch_day_of_week_operator.py
[2024-10-22T03:22:17.029+0000] {logging_mixin.py:190} INFO - [2024-10-22T03:22:17.029+0000] {dag.py:3239} INFO - Sync 1 DAGs
[2024-10-22T03:22:17.057+0000] {logging_mixin.py:190} INFO - [2024-10-22T03:22:17.057+0000] {dag.py:4180} INFO - Setting next_dagrun for example_weekday_branch_operator to 2024-10-21 00:00:00+00:00, run_after=2024-10-22 00:00:00+00:00
[2024-10-22T03:22:17.075+0000] {processor.py:208} INFO - Processing /home/airflow/.local/lib/python3.12/site-packages/airflow/example_dags/example_branch_day_of_week_operator.py took 0.089 seconds
[2024-10-22T03:22:47.570+0000] {processor.py:186} INFO - Started process (PID=55298) to work on /home/airflow/.local/lib/python3.12/site-packages/airflow/example_dags/example_branch_day_of_week_operator.py
[2024-10-22T03:22:47.571+0000] {processor.py:914} INFO - Processing file /home/airflow/.local/lib/python3.12/site-packages/airflow/example_dags/example_branch_day_of_week_operator.py for tasks to queue
[2024-10-22T03:22:47.573+0000] {logging_mixin.py:190} INFO - [2024-10-22T03:22:47.572+0000] {dagbag.py:588} INFO - Filling up the DagBag from /home/airflow/.local/lib/python3.12/site-packages/airflow/example_dags/example_branch_day_of_week_operator.py
[2024-10-22T03:22:47.581+0000] {processor.py:925} INFO - DAG(s) 'example_weekday_branch_operator' retrieved from /home/airflow/.local/lib/python3.12/site-packages/airflow/example_dags/example_branch_day_of_week_operator.py
[2024-10-22T03:22:47.611+0000] {logging_mixin.py:190} INFO - [2024-10-22T03:22:47.611+0000] {dag.py:3239} INFO - Sync 1 DAGs
[2024-10-22T03:22:47.638+0000] {logging_mixin.py:190} INFO - [2024-10-22T03:22:47.637+0000] {dag.py:4180} INFO - Setting next_dagrun for example_weekday_branch_operator to 2024-10-21 00:00:00+00:00, run_after=2024-10-22 00:00:00+00:00
[2024-10-22T03:22:47.656+0000] {processor.py:208} INFO - Processing /home/airflow/.local/lib/python3.12/site-packages/airflow/example_dags/example_branch_day_of_week_operator.py took 0.094 seconds
[2024-10-22T03:23:18.393+0000] {processor.py:186} INFO - Started process (PID=55365) to work on /home/airflow/.local/lib/python3.12/site-packages/airflow/example_dags/example_branch_day_of_week_operator.py
[2024-10-22T03:23:18.395+0000] {processor.py:914} INFO - Processing file /home/airflow/.local/lib/python3.12/site-packages/airflow/example_dags/example_branch_day_of_week_operator.py for tasks to queue
[2024-10-22T03:23:18.396+0000] {logging_mixin.py:190} INFO - [2024-10-22T03:23:18.396+0000] {dagbag.py:588} INFO - Filling up the DagBag from /home/airflow/.local/lib/python3.12/site-packages/airflow/example_dags/example_branch_day_of_week_operator.py
[2024-10-22T03:23:18.407+0000] {processor.py:925} INFO - DAG(s) 'example_weekday_branch_operator' retrieved from /home/airflow/.local/lib/python3.12/site-packages/airflow/example_dags/example_branch_day_of_week_operator.py
[2024-10-22T03:23:18.440+0000] {logging_mixin.py:190} INFO - [2024-10-22T03:23:18.439+0000] {dag.py:3239} INFO - Sync 1 DAGs
[2024-10-22T03:23:18.471+0000] {logging_mixin.py:190} INFO - [2024-10-22T03:23:18.471+0000] {dag.py:4180} INFO - Setting next_dagrun for example_weekday_branch_operator to 2024-10-21 00:00:00+00:00, run_after=2024-10-22 00:00:00+00:00
[2024-10-22T03:23:18.495+0000] {processor.py:208} INFO - Processing /home/airflow/.local/lib/python3.12/site-packages/airflow/example_dags/example_branch_day_of_week_operator.py took 0.110 seconds
[2024-10-22T03:23:49.039+0000] {processor.py:186} INFO - Started process (PID=55432) to work on /home/airflow/.local/lib/python3.12/site-packages/airflow/example_dags/example_branch_day_of_week_operator.py
[2024-10-22T03:23:49.040+0000] {processor.py:914} INFO - Processing file /home/airflow/.local/lib/python3.12/site-packages/airflow/example_dags/example_branch_day_of_week_operator.py for tasks to queue
[2024-10-22T03:23:49.041+0000] {logging_mixin.py:190} INFO - [2024-10-22T03:23:49.041+0000] {dagbag.py:588} INFO - Filling up the DagBag from /home/airflow/.local/lib/python3.12/site-packages/airflow/example_dags/example_branch_day_of_week_operator.py
[2024-10-22T03:23:49.049+0000] {processor.py:925} INFO - DAG(s) 'example_weekday_branch_operator' retrieved from /home/airflow/.local/lib/python3.12/site-packages/airflow/example_dags/example_branch_day_of_week_operator.py
[2024-10-22T03:23:49.075+0000] {logging_mixin.py:190} INFO - [2024-10-22T03:23:49.074+0000] {dag.py:3239} INFO - Sync 1 DAGs
[2024-10-22T03:23:49.105+0000] {logging_mixin.py:190} INFO - [2024-10-22T03:23:49.105+0000] {dag.py:4180} INFO - Setting next_dagrun for example_weekday_branch_operator to 2024-10-21 00:00:00+00:00, run_after=2024-10-22 00:00:00+00:00
[2024-10-22T03:23:49.122+0000] {processor.py:208} INFO - Processing /home/airflow/.local/lib/python3.12/site-packages/airflow/example_dags/example_branch_day_of_week_operator.py took 0.093 seconds
[2024-10-22T03:24:19.423+0000] {processor.py:186} INFO - Started process (PID=55499) to work on /home/airflow/.local/lib/python3.12/site-packages/airflow/example_dags/example_branch_day_of_week_operator.py
[2024-10-22T03:24:19.425+0000] {processor.py:914} INFO - Processing file /home/airflow/.local/lib/python3.12/site-packages/airflow/example_dags/example_branch_day_of_week_operator.py for tasks to queue
[2024-10-22T03:24:19.426+0000] {logging_mixin.py:190} INFO - [2024-10-22T03:24:19.426+0000] {dagbag.py:588} INFO - Filling up the DagBag from /home/airflow/.local/lib/python3.12/site-packages/airflow/example_dags/example_branch_day_of_week_operator.py
[2024-10-22T03:24:19.435+0000] {processor.py:925} INFO - DAG(s) 'example_weekday_branch_operator' retrieved from /home/airflow/.local/lib/python3.12/site-packages/airflow/example_dags/example_branch_day_of_week_operator.py
[2024-10-22T03:24:19.462+0000] {logging_mixin.py:190} INFO - [2024-10-22T03:24:19.461+0000] {dag.py:3239} INFO - Sync 1 DAGs
[2024-10-22T03:24:19.490+0000] {logging_mixin.py:190} INFO - [2024-10-22T03:24:19.489+0000] {dag.py:4180} INFO - Setting next_dagrun for example_weekday_branch_operator to 2024-10-21 00:00:00+00:00, run_after=2024-10-22 00:00:00+00:00
[2024-10-22T03:24:19.509+0000] {processor.py:208} INFO - Processing /home/airflow/.local/lib/python3.12/site-packages/airflow/example_dags/example_branch_day_of_week_operator.py took 0.093 seconds
[2024-10-22T03:24:50.340+0000] {processor.py:186} INFO - Started process (PID=55566) to work on /home/airflow/.local/lib/python3.12/site-packages/airflow/example_dags/example_branch_day_of_week_operator.py
[2024-10-22T03:24:50.341+0000] {processor.py:914} INFO - Processing file /home/airflow/.local/lib/python3.12/site-packages/airflow/example_dags/example_branch_day_of_week_operator.py for tasks to queue
[2024-10-22T03:24:50.343+0000] {logging_mixin.py:190} INFO - [2024-10-22T03:24:50.342+0000] {dagbag.py:588} INFO - Filling up the DagBag from /home/airflow/.local/lib/python3.12/site-packages/airflow/example_dags/example_branch_day_of_week_operator.py
[2024-10-22T03:24:50.351+0000] {processor.py:925} INFO - DAG(s) 'example_weekday_branch_operator' retrieved from /home/airflow/.local/lib/python3.12/site-packages/airflow/example_dags/example_branch_day_of_week_operator.py
[2024-10-22T03:24:50.381+0000] {logging_mixin.py:190} INFO - [2024-10-22T03:24:50.381+0000] {dag.py:3239} INFO - Sync 1 DAGs
[2024-10-22T03:24:50.409+0000] {logging_mixin.py:190} INFO - [2024-10-22T03:24:50.409+0000] {dag.py:4180} INFO - Setting next_dagrun for example_weekday_branch_operator to 2024-10-21 00:00:00+00:00, run_after=2024-10-22 00:00:00+00:00
[2024-10-22T03:24:50.428+0000] {processor.py:208} INFO - Processing /home/airflow/.local/lib/python3.12/site-packages/airflow/example_dags/example_branch_day_of_week_operator.py took 0.096 seconds
[2024-10-22T03:25:20.854+0000] {processor.py:186} INFO - Started process (PID=55633) to work on /home/airflow/.local/lib/python3.12/site-packages/airflow/example_dags/example_branch_day_of_week_operator.py
[2024-10-22T03:25:20.856+0000] {processor.py:914} INFO - Processing file /home/airflow/.local/lib/python3.12/site-packages/airflow/example_dags/example_branch_day_of_week_operator.py for tasks to queue
[2024-10-22T03:25:20.858+0000] {logging_mixin.py:190} INFO - [2024-10-22T03:25:20.858+0000] {dagbag.py:588} INFO - Filling up the DagBag from /home/airflow/.local/lib/python3.12/site-packages/airflow/example_dags/example_branch_day_of_week_operator.py
[2024-10-22T03:25:20.870+0000] {processor.py:925} INFO - DAG(s) 'example_weekday_branch_operator' retrieved from /home/airflow/.local/lib/python3.12/site-packages/airflow/example_dags/example_branch_day_of_week_operator.py
[2024-10-22T03:25:20.903+0000] {logging_mixin.py:190} INFO - [2024-10-22T03:25:20.902+0000] {dag.py:3239} INFO - Sync 1 DAGs
[2024-10-22T03:25:20.933+0000] {logging_mixin.py:190} INFO - [2024-10-22T03:25:20.933+0000] {dag.py:4180} INFO - Setting next_dagrun for example_weekday_branch_operator to 2024-10-21 00:00:00+00:00, run_after=2024-10-22 00:00:00+00:00
[2024-10-22T03:25:20.956+0000] {processor.py:208} INFO - Processing /home/airflow/.local/lib/python3.12/site-packages/airflow/example_dags/example_branch_day_of_week_operator.py took 0.189 seconds
[2024-10-22T03:25:51.295+0000] {processor.py:186} INFO - Started process (PID=55700) to work on /home/airflow/.local/lib/python3.12/site-packages/airflow/example_dags/example_branch_day_of_week_operator.py
[2024-10-22T03:25:51.296+0000] {processor.py:914} INFO - Processing file /home/airflow/.local/lib/python3.12/site-packages/airflow/example_dags/example_branch_day_of_week_operator.py for tasks to queue
[2024-10-22T03:25:51.298+0000] {logging_mixin.py:190} INFO - [2024-10-22T03:25:51.297+0000] {dagbag.py:588} INFO - Filling up the DagBag from /home/airflow/.local/lib/python3.12/site-packages/airflow/example_dags/example_branch_day_of_week_operator.py
[2024-10-22T03:25:51.307+0000] {processor.py:925} INFO - DAG(s) 'example_weekday_branch_operator' retrieved from /home/airflow/.local/lib/python3.12/site-packages/airflow/example_dags/example_branch_day_of_week_operator.py
[2024-10-22T03:25:51.330+0000] {logging_mixin.py:190} INFO - [2024-10-22T03:25:51.329+0000] {dag.py:3239} INFO - Sync 1 DAGs
[2024-10-22T03:25:51.358+0000] {logging_mixin.py:190} INFO - [2024-10-22T03:25:51.358+0000] {dag.py:4180} INFO - Setting next_dagrun for example_weekday_branch_operator to 2024-10-21 00:00:00+00:00, run_after=2024-10-22 00:00:00+00:00
[2024-10-22T03:25:51.375+0000] {processor.py:208} INFO - Processing /home/airflow/.local/lib/python3.12/site-packages/airflow/example_dags/example_branch_day_of_week_operator.py took 0.088 seconds
[2024-10-22T03:26:22.192+0000] {processor.py:186} INFO - Started process (PID=55766) to work on /home/airflow/.local/lib/python3.12/site-packages/airflow/example_dags/example_branch_day_of_week_operator.py
[2024-10-22T03:26:22.193+0000] {processor.py:914} INFO - Processing file /home/airflow/.local/lib/python3.12/site-packages/airflow/example_dags/example_branch_day_of_week_operator.py for tasks to queue
[2024-10-22T03:26:22.195+0000] {logging_mixin.py:190} INFO - [2024-10-22T03:26:22.194+0000] {dagbag.py:588} INFO - Filling up the DagBag from /home/airflow/.local/lib/python3.12/site-packages/airflow/example_dags/example_branch_day_of_week_operator.py
[2024-10-22T03:26:22.203+0000] {processor.py:925} INFO - DAG(s) 'example_weekday_branch_operator' retrieved from /home/airflow/.local/lib/python3.12/site-packages/airflow/example_dags/example_branch_day_of_week_operator.py
[2024-10-22T03:26:22.232+0000] {logging_mixin.py:190} INFO - [2024-10-22T03:26:22.232+0000] {dag.py:3239} INFO - Sync 1 DAGs
[2024-10-22T03:26:22.263+0000] {logging_mixin.py:190} INFO - [2024-10-22T03:26:22.263+0000] {dag.py:4180} INFO - Setting next_dagrun for example_weekday_branch_operator to 2024-10-21 00:00:00+00:00, run_after=2024-10-22 00:00:00+00:00
[2024-10-22T03:26:22.283+0000] {processor.py:208} INFO - Processing /home/airflow/.local/lib/python3.12/site-packages/airflow/example_dags/example_branch_day_of_week_operator.py took 0.100 seconds
[2024-10-22T03:26:52.738+0000] {processor.py:186} INFO - Started process (PID=55833) to work on /home/airflow/.local/lib/python3.12/site-packages/airflow/example_dags/example_branch_day_of_week_operator.py
[2024-10-22T03:26:52.740+0000] {processor.py:914} INFO - Processing file /home/airflow/.local/lib/python3.12/site-packages/airflow/example_dags/example_branch_day_of_week_operator.py for tasks to queue
[2024-10-22T03:26:52.741+0000] {logging_mixin.py:190} INFO - [2024-10-22T03:26:52.741+0000] {dagbag.py:588} INFO - Filling up the DagBag from /home/airflow/.local/lib/python3.12/site-packages/airflow/example_dags/example_branch_day_of_week_operator.py
[2024-10-22T03:26:52.749+0000] {processor.py:925} INFO - DAG(s) 'example_weekday_branch_operator' retrieved from /home/airflow/.local/lib/python3.12/site-packages/airflow/example_dags/example_branch_day_of_week_operator.py
[2024-10-22T03:26:52.775+0000] {logging_mixin.py:190} INFO - [2024-10-22T03:26:52.774+0000] {dag.py:3239} INFO - Sync 1 DAGs
[2024-10-22T03:26:52.801+0000] {logging_mixin.py:190} INFO - [2024-10-22T03:26:52.800+0000] {dag.py:4180} INFO - Setting next_dagrun for example_weekday_branch_operator to 2024-10-21 00:00:00+00:00, run_after=2024-10-22 00:00:00+00:00
[2024-10-22T03:26:52.820+0000] {processor.py:208} INFO - Processing /home/airflow/.local/lib/python3.12/site-packages/airflow/example_dags/example_branch_day_of_week_operator.py took 0.090 seconds
[2024-10-22T03:27:23.377+0000] {processor.py:186} INFO - Started process (PID=55900) to work on /home/airflow/.local/lib/python3.12/site-packages/airflow/example_dags/example_branch_day_of_week_operator.py
[2024-10-22T03:27:23.378+0000] {processor.py:914} INFO - Processing file /home/airflow/.local/lib/python3.12/site-packages/airflow/example_dags/example_branch_day_of_week_operator.py for tasks to queue
[2024-10-22T03:27:23.380+0000] {logging_mixin.py:190} INFO - [2024-10-22T03:27:23.379+0000] {dagbag.py:588} INFO - Filling up the DagBag from /home/airflow/.local/lib/python3.12/site-packages/airflow/example_dags/example_branch_day_of_week_operator.py
[2024-10-22T03:27:23.389+0000] {processor.py:925} INFO - DAG(s) 'example_weekday_branch_operator' retrieved from /home/airflow/.local/lib/python3.12/site-packages/airflow/example_dags/example_branch_day_of_week_operator.py
[2024-10-22T03:27:23.416+0000] {logging_mixin.py:190} INFO - [2024-10-22T03:27:23.416+0000] {dag.py:3239} INFO - Sync 1 DAGs
[2024-10-22T03:27:23.444+0000] {logging_mixin.py:190} INFO - [2024-10-22T03:27:23.444+0000] {dag.py:4180} INFO - Setting next_dagrun for example_weekday_branch_operator to 2024-10-21 00:00:00+00:00, run_after=2024-10-22 00:00:00+00:00
[2024-10-22T03:27:23.464+0000] {processor.py:208} INFO - Processing /home/airflow/.local/lib/python3.12/site-packages/airflow/example_dags/example_branch_day_of_week_operator.py took 0.095 seconds
[2024-10-22T03:27:53.971+0000] {processor.py:186} INFO - Started process (PID=55967) to work on /home/airflow/.local/lib/python3.12/site-packages/airflow/example_dags/example_branch_day_of_week_operator.py
[2024-10-22T03:27:53.972+0000] {processor.py:914} INFO - Processing file /home/airflow/.local/lib/python3.12/site-packages/airflow/example_dags/example_branch_day_of_week_operator.py for tasks to queue
[2024-10-22T03:27:53.974+0000] {logging_mixin.py:190} INFO - [2024-10-22T03:27:53.973+0000] {dagbag.py:588} INFO - Filling up the DagBag from /home/airflow/.local/lib/python3.12/site-packages/airflow/example_dags/example_branch_day_of_week_operator.py
[2024-10-22T03:27:53.982+0000] {processor.py:925} INFO - DAG(s) 'example_weekday_branch_operator' retrieved from /home/airflow/.local/lib/python3.12/site-packages/airflow/example_dags/example_branch_day_of_week_operator.py
[2024-10-22T03:27:54.005+0000] {logging_mixin.py:190} INFO - [2024-10-22T03:27:54.005+0000] {dag.py:3239} INFO - Sync 1 DAGs
[2024-10-22T03:27:54.032+0000] {logging_mixin.py:190} INFO - [2024-10-22T03:27:54.032+0000] {dag.py:4180} INFO - Setting next_dagrun for example_weekday_branch_operator to 2024-10-21 00:00:00+00:00, run_after=2024-10-22 00:00:00+00:00
[2024-10-22T03:27:54.050+0000] {processor.py:208} INFO - Processing /home/airflow/.local/lib/python3.12/site-packages/airflow/example_dags/example_branch_day_of_week_operator.py took 0.087 seconds
[2024-10-22T03:28:24.631+0000] {processor.py:186} INFO - Started process (PID=56034) to work on /home/airflow/.local/lib/python3.12/site-packages/airflow/example_dags/example_branch_day_of_week_operator.py
[2024-10-22T03:28:24.632+0000] {processor.py:914} INFO - Processing file /home/airflow/.local/lib/python3.12/site-packages/airflow/example_dags/example_branch_day_of_week_operator.py for tasks to queue
[2024-10-22T03:28:24.635+0000] {logging_mixin.py:190} INFO - [2024-10-22T03:28:24.634+0000] {dagbag.py:588} INFO - Filling up the DagBag from /home/airflow/.local/lib/python3.12/site-packages/airflow/example_dags/example_branch_day_of_week_operator.py
[2024-10-22T03:28:24.646+0000] {processor.py:925} INFO - DAG(s) 'example_weekday_branch_operator' retrieved from /home/airflow/.local/lib/python3.12/site-packages/airflow/example_dags/example_branch_day_of_week_operator.py
[2024-10-22T03:28:24.675+0000] {logging_mixin.py:190} INFO - [2024-10-22T03:28:24.674+0000] {dag.py:3239} INFO - Sync 1 DAGs
[2024-10-22T03:28:24.704+0000] {logging_mixin.py:190} INFO - [2024-10-22T03:28:24.704+0000] {dag.py:4180} INFO - Setting next_dagrun for example_weekday_branch_operator to 2024-10-21 00:00:00+00:00, run_after=2024-10-22 00:00:00+00:00
[2024-10-22T03:28:24.724+0000] {processor.py:208} INFO - Processing /home/airflow/.local/lib/python3.12/site-packages/airflow/example_dags/example_branch_day_of_week_operator.py took 0.102 seconds
[2024-10-22T03:28:55.445+0000] {processor.py:186} INFO - Started process (PID=56100) to work on /home/airflow/.local/lib/python3.12/site-packages/airflow/example_dags/example_branch_day_of_week_operator.py
[2024-10-22T03:28:55.447+0000] {processor.py:914} INFO - Processing file /home/airflow/.local/lib/python3.12/site-packages/airflow/example_dags/example_branch_day_of_week_operator.py for tasks to queue
[2024-10-22T03:28:55.448+0000] {logging_mixin.py:190} INFO - [2024-10-22T03:28:55.448+0000] {dagbag.py:588} INFO - Filling up the DagBag from /home/airflow/.local/lib/python3.12/site-packages/airflow/example_dags/example_branch_day_of_week_operator.py
[2024-10-22T03:28:55.456+0000] {processor.py:925} INFO - DAG(s) 'example_weekday_branch_operator' retrieved from /home/airflow/.local/lib/python3.12/site-packages/airflow/example_dags/example_branch_day_of_week_operator.py
[2024-10-22T03:28:55.481+0000] {logging_mixin.py:190} INFO - [2024-10-22T03:28:55.481+0000] {dag.py:3239} INFO - Sync 1 DAGs
[2024-10-22T03:28:55.508+0000] {logging_mixin.py:190} INFO - [2024-10-22T03:28:55.507+0000] {dag.py:4180} INFO - Setting next_dagrun for example_weekday_branch_operator to 2024-10-21 00:00:00+00:00, run_after=2024-10-22 00:00:00+00:00
[2024-10-22T03:28:55.526+0000] {processor.py:208} INFO - Processing /home/airflow/.local/lib/python3.12/site-packages/airflow/example_dags/example_branch_day_of_week_operator.py took 0.088 seconds
[2024-10-22T03:29:25.872+0000] {processor.py:186} INFO - Started process (PID=56167) to work on /home/airflow/.local/lib/python3.12/site-packages/airflow/example_dags/example_branch_day_of_week_operator.py
[2024-10-22T03:29:25.873+0000] {processor.py:914} INFO - Processing file /home/airflow/.local/lib/python3.12/site-packages/airflow/example_dags/example_branch_day_of_week_operator.py for tasks to queue
[2024-10-22T03:29:25.875+0000] {logging_mixin.py:190} INFO - [2024-10-22T03:29:25.874+0000] {dagbag.py:588} INFO - Filling up the DagBag from /home/airflow/.local/lib/python3.12/site-packages/airflow/example_dags/example_branch_day_of_week_operator.py
[2024-10-22T03:29:25.885+0000] {processor.py:925} INFO - DAG(s) 'example_weekday_branch_operator' retrieved from /home/airflow/.local/lib/python3.12/site-packages/airflow/example_dags/example_branch_day_of_week_operator.py
[2024-10-22T03:29:25.908+0000] {logging_mixin.py:190} INFO - [2024-10-22T03:29:25.908+0000] {dag.py:3239} INFO - Sync 1 DAGs
[2024-10-22T03:29:25.935+0000] {logging_mixin.py:190} INFO - [2024-10-22T03:29:25.934+0000] {dag.py:4180} INFO - Setting next_dagrun for example_weekday_branch_operator to 2024-10-21 00:00:00+00:00, run_after=2024-10-22 00:00:00+00:00
[2024-10-22T03:29:25.955+0000] {processor.py:208} INFO - Processing /home/airflow/.local/lib/python3.12/site-packages/airflow/example_dags/example_branch_day_of_week_operator.py took 0.092 seconds
[2024-10-22T03:29:56.153+0000] {processor.py:186} INFO - Started process (PID=56234) to work on /home/airflow/.local/lib/python3.12/site-packages/airflow/example_dags/example_branch_day_of_week_operator.py
[2024-10-22T03:29:56.154+0000] {processor.py:914} INFO - Processing file /home/airflow/.local/lib/python3.12/site-packages/airflow/example_dags/example_branch_day_of_week_operator.py for tasks to queue
[2024-10-22T03:29:56.155+0000] {logging_mixin.py:190} INFO - [2024-10-22T03:29:56.155+0000] {dagbag.py:588} INFO - Filling up the DagBag from /home/airflow/.local/lib/python3.12/site-packages/airflow/example_dags/example_branch_day_of_week_operator.py
[2024-10-22T03:29:56.163+0000] {processor.py:925} INFO - DAG(s) 'example_weekday_branch_operator' retrieved from /home/airflow/.local/lib/python3.12/site-packages/airflow/example_dags/example_branch_day_of_week_operator.py
[2024-10-22T03:29:56.189+0000] {logging_mixin.py:190} INFO - [2024-10-22T03:29:56.189+0000] {dag.py:3239} INFO - Sync 1 DAGs
[2024-10-22T03:29:56.215+0000] {logging_mixin.py:190} INFO - [2024-10-22T03:29:56.214+0000] {dag.py:4180} INFO - Setting next_dagrun for example_weekday_branch_operator to 2024-10-21 00:00:00+00:00, run_after=2024-10-22 00:00:00+00:00
[2024-10-22T03:29:56.232+0000] {processor.py:208} INFO - Processing /home/airflow/.local/lib/python3.12/site-packages/airflow/example_dags/example_branch_day_of_week_operator.py took 0.087 seconds
[2024-10-22T03:30:26.495+0000] {processor.py:186} INFO - Started process (PID=56301) to work on /home/airflow/.local/lib/python3.12/site-packages/airflow/example_dags/example_branch_day_of_week_operator.py
[2024-10-22T03:30:26.496+0000] {processor.py:914} INFO - Processing file /home/airflow/.local/lib/python3.12/site-packages/airflow/example_dags/example_branch_day_of_week_operator.py for tasks to queue
[2024-10-22T03:30:26.497+0000] {logging_mixin.py:190} INFO - [2024-10-22T03:30:26.497+0000] {dagbag.py:588} INFO - Filling up the DagBag from /home/airflow/.local/lib/python3.12/site-packages/airflow/example_dags/example_branch_day_of_week_operator.py
[2024-10-22T03:30:26.505+0000] {processor.py:925} INFO - DAG(s) 'example_weekday_branch_operator' retrieved from /home/airflow/.local/lib/python3.12/site-packages/airflow/example_dags/example_branch_day_of_week_operator.py
[2024-10-22T03:30:26.530+0000] {logging_mixin.py:190} INFO - [2024-10-22T03:30:26.530+0000] {dag.py:3239} INFO - Sync 1 DAGs
[2024-10-22T03:30:26.556+0000] {logging_mixin.py:190} INFO - [2024-10-22T03:30:26.556+0000] {dag.py:4180} INFO - Setting next_dagrun for example_weekday_branch_operator to 2024-10-21 00:00:00+00:00, run_after=2024-10-22 00:00:00+00:00
[2024-10-22T03:30:26.573+0000] {processor.py:208} INFO - Processing /home/airflow/.local/lib/python3.12/site-packages/airflow/example_dags/example_branch_day_of_week_operator.py took 0.086 seconds
[2024-10-22T03:30:56.882+0000] {processor.py:186} INFO - Started process (PID=56368) to work on /home/airflow/.local/lib/python3.12/site-packages/airflow/example_dags/example_branch_day_of_week_operator.py
[2024-10-22T03:30:56.883+0000] {processor.py:914} INFO - Processing file /home/airflow/.local/lib/python3.12/site-packages/airflow/example_dags/example_branch_day_of_week_operator.py for tasks to queue
[2024-10-22T03:30:56.885+0000] {logging_mixin.py:190} INFO - [2024-10-22T03:30:56.884+0000] {dagbag.py:588} INFO - Filling up the DagBag from /home/airflow/.local/lib/python3.12/site-packages/airflow/example_dags/example_branch_day_of_week_operator.py
[2024-10-22T03:30:56.893+0000] {processor.py:925} INFO - DAG(s) 'example_weekday_branch_operator' retrieved from /home/airflow/.local/lib/python3.12/site-packages/airflow/example_dags/example_branch_day_of_week_operator.py
[2024-10-22T03:30:56.920+0000] {logging_mixin.py:190} INFO - [2024-10-22T03:30:56.920+0000] {dag.py:3239} INFO - Sync 1 DAGs
[2024-10-22T03:30:56.946+0000] {logging_mixin.py:190} INFO - [2024-10-22T03:30:56.945+0000] {dag.py:4180} INFO - Setting next_dagrun for example_weekday_branch_operator to 2024-10-21 00:00:00+00:00, run_after=2024-10-22 00:00:00+00:00
[2024-10-22T03:30:56.962+0000] {processor.py:208} INFO - Processing /home/airflow/.local/lib/python3.12/site-packages/airflow/example_dags/example_branch_day_of_week_operator.py took 0.087 seconds
[2024-10-22T03:31:27.521+0000] {processor.py:186} INFO - Started process (PID=56435) to work on /home/airflow/.local/lib/python3.12/site-packages/airflow/example_dags/example_branch_day_of_week_operator.py
[2024-10-22T03:31:27.523+0000] {processor.py:914} INFO - Processing file /home/airflow/.local/lib/python3.12/site-packages/airflow/example_dags/example_branch_day_of_week_operator.py for tasks to queue
[2024-10-22T03:31:27.527+0000] {logging_mixin.py:190} INFO - [2024-10-22T03:31:27.526+0000] {dagbag.py:588} INFO - Filling up the DagBag from /home/airflow/.local/lib/python3.12/site-packages/airflow/example_dags/example_branch_day_of_week_operator.py
[2024-10-22T03:31:27.537+0000] {processor.py:925} INFO - DAG(s) 'example_weekday_branch_operator' retrieved from /home/airflow/.local/lib/python3.12/site-packages/airflow/example_dags/example_branch_day_of_week_operator.py
[2024-10-22T03:31:27.567+0000] {logging_mixin.py:190} INFO - [2024-10-22T03:31:27.567+0000] {dag.py:3239} INFO - Sync 1 DAGs
[2024-10-22T03:31:27.598+0000] {logging_mixin.py:190} INFO - [2024-10-22T03:31:27.598+0000] {dag.py:4180} INFO - Setting next_dagrun for example_weekday_branch_operator to 2024-10-21 00:00:00+00:00, run_after=2024-10-22 00:00:00+00:00
[2024-10-22T03:31:27.618+0000] {processor.py:208} INFO - Processing /home/airflow/.local/lib/python3.12/site-packages/airflow/example_dags/example_branch_day_of_week_operator.py took 0.109 seconds
[2024-10-22T03:31:58.095+0000] {processor.py:186} INFO - Started process (PID=56501) to work on /home/airflow/.local/lib/python3.12/site-packages/airflow/example_dags/example_branch_day_of_week_operator.py
[2024-10-22T03:31:58.097+0000] {processor.py:914} INFO - Processing file /home/airflow/.local/lib/python3.12/site-packages/airflow/example_dags/example_branch_day_of_week_operator.py for tasks to queue
[2024-10-22T03:31:58.099+0000] {logging_mixin.py:190} INFO - [2024-10-22T03:31:58.098+0000] {dagbag.py:588} INFO - Filling up the DagBag from /home/airflow/.local/lib/python3.12/site-packages/airflow/example_dags/example_branch_day_of_week_operator.py
[2024-10-22T03:31:58.112+0000] {processor.py:925} INFO - DAG(s) 'example_weekday_branch_operator' retrieved from /home/airflow/.local/lib/python3.12/site-packages/airflow/example_dags/example_branch_day_of_week_operator.py
[2024-10-22T03:31:58.145+0000] {logging_mixin.py:190} INFO - [2024-10-22T03:31:58.144+0000] {dag.py:3239} INFO - Sync 1 DAGs
[2024-10-22T03:31:58.173+0000] {logging_mixin.py:190} INFO - [2024-10-22T03:31:58.172+0000] {dag.py:4180} INFO - Setting next_dagrun for example_weekday_branch_operator to 2024-10-21 00:00:00+00:00, run_after=2024-10-22 00:00:00+00:00
[2024-10-22T03:31:58.190+0000] {processor.py:208} INFO - Processing /home/airflow/.local/lib/python3.12/site-packages/airflow/example_dags/example_branch_day_of_week_operator.py took 0.102 seconds
[2024-10-22T03:32:28.531+0000] {processor.py:186} INFO - Started process (PID=56567) to work on /home/airflow/.local/lib/python3.12/site-packages/airflow/example_dags/example_branch_day_of_week_operator.py
[2024-10-22T03:32:28.532+0000] {processor.py:914} INFO - Processing file /home/airflow/.local/lib/python3.12/site-packages/airflow/example_dags/example_branch_day_of_week_operator.py for tasks to queue
[2024-10-22T03:32:28.533+0000] {logging_mixin.py:190} INFO - [2024-10-22T03:32:28.533+0000] {dagbag.py:588} INFO - Filling up the DagBag from /home/airflow/.local/lib/python3.12/site-packages/airflow/example_dags/example_branch_day_of_week_operator.py
[2024-10-22T03:32:28.541+0000] {processor.py:925} INFO - DAG(s) 'example_weekday_branch_operator' retrieved from /home/airflow/.local/lib/python3.12/site-packages/airflow/example_dags/example_branch_day_of_week_operator.py
[2024-10-22T03:32:28.567+0000] {logging_mixin.py:190} INFO - [2024-10-22T03:32:28.567+0000] {dag.py:3239} INFO - Sync 1 DAGs
[2024-10-22T03:32:28.592+0000] {logging_mixin.py:190} INFO - [2024-10-22T03:32:28.592+0000] {dag.py:4180} INFO - Setting next_dagrun for example_weekday_branch_operator to 2024-10-21 00:00:00+00:00, run_after=2024-10-22 00:00:00+00:00
[2024-10-22T03:32:28.610+0000] {processor.py:208} INFO - Processing /home/airflow/.local/lib/python3.12/site-packages/airflow/example_dags/example_branch_day_of_week_operator.py took 0.087 seconds
[2024-10-22T03:32:58.830+0000] {processor.py:186} INFO - Started process (PID=56633) to work on /home/airflow/.local/lib/python3.12/site-packages/airflow/example_dags/example_branch_day_of_week_operator.py
[2024-10-22T03:32:58.832+0000] {processor.py:914} INFO - Processing file /home/airflow/.local/lib/python3.12/site-packages/airflow/example_dags/example_branch_day_of_week_operator.py for tasks to queue
[2024-10-22T03:32:58.833+0000] {logging_mixin.py:190} INFO - [2024-10-22T03:32:58.833+0000] {dagbag.py:588} INFO - Filling up the DagBag from /home/airflow/.local/lib/python3.12/site-packages/airflow/example_dags/example_branch_day_of_week_operator.py
[2024-10-22T03:32:58.841+0000] {processor.py:925} INFO - DAG(s) 'example_weekday_branch_operator' retrieved from /home/airflow/.local/lib/python3.12/site-packages/airflow/example_dags/example_branch_day_of_week_operator.py
[2024-10-22T03:32:58.867+0000] {logging_mixin.py:190} INFO - [2024-10-22T03:32:58.866+0000] {dag.py:3239} INFO - Sync 1 DAGs
[2024-10-22T03:32:58.893+0000] {logging_mixin.py:190} INFO - [2024-10-22T03:32:58.892+0000] {dag.py:4180} INFO - Setting next_dagrun for example_weekday_branch_operator to 2024-10-21 00:00:00+00:00, run_after=2024-10-22 00:00:00+00:00
[2024-10-22T03:32:58.914+0000] {processor.py:208} INFO - Processing /home/airflow/.local/lib/python3.12/site-packages/airflow/example_dags/example_branch_day_of_week_operator.py took 0.090 seconds
[2024-10-22T03:33:29.719+0000] {processor.py:186} INFO - Started process (PID=56699) to work on /home/airflow/.local/lib/python3.12/site-packages/airflow/example_dags/example_branch_day_of_week_operator.py
[2024-10-22T03:33:29.720+0000] {processor.py:914} INFO - Processing file /home/airflow/.local/lib/python3.12/site-packages/airflow/example_dags/example_branch_day_of_week_operator.py for tasks to queue
[2024-10-22T03:33:29.721+0000] {logging_mixin.py:190} INFO - [2024-10-22T03:33:29.721+0000] {dagbag.py:588} INFO - Filling up the DagBag from /home/airflow/.local/lib/python3.12/site-packages/airflow/example_dags/example_branch_day_of_week_operator.py
[2024-10-22T03:33:29.729+0000] {processor.py:925} INFO - DAG(s) 'example_weekday_branch_operator' retrieved from /home/airflow/.local/lib/python3.12/site-packages/airflow/example_dags/example_branch_day_of_week_operator.py
[2024-10-22T03:33:29.755+0000] {logging_mixin.py:190} INFO - [2024-10-22T03:33:29.755+0000] {dag.py:3239} INFO - Sync 1 DAGs
[2024-10-22T03:33:29.782+0000] {logging_mixin.py:190} INFO - [2024-10-22T03:33:29.782+0000] {dag.py:4180} INFO - Setting next_dagrun for example_weekday_branch_operator to 2024-10-21 00:00:00+00:00, run_after=2024-10-22 00:00:00+00:00
[2024-10-22T03:33:29.802+0000] {processor.py:208} INFO - Processing /home/airflow/.local/lib/python3.12/site-packages/airflow/example_dags/example_branch_day_of_week_operator.py took 0.090 seconds
[2024-10-22T03:34:00.183+0000] {processor.py:186} INFO - Started process (PID=56765) to work on /home/airflow/.local/lib/python3.12/site-packages/airflow/example_dags/example_branch_day_of_week_operator.py
[2024-10-22T03:34:00.184+0000] {processor.py:914} INFO - Processing file /home/airflow/.local/lib/python3.12/site-packages/airflow/example_dags/example_branch_day_of_week_operator.py for tasks to queue
[2024-10-22T03:34:00.185+0000] {logging_mixin.py:190} INFO - [2024-10-22T03:34:00.185+0000] {dagbag.py:588} INFO - Filling up the DagBag from /home/airflow/.local/lib/python3.12/site-packages/airflow/example_dags/example_branch_day_of_week_operator.py
[2024-10-22T03:34:00.193+0000] {processor.py:925} INFO - DAG(s) 'example_weekday_branch_operator' retrieved from /home/airflow/.local/lib/python3.12/site-packages/airflow/example_dags/example_branch_day_of_week_operator.py
[2024-10-22T03:34:00.219+0000] {logging_mixin.py:190} INFO - [2024-10-22T03:34:00.219+0000] {dag.py:3239} INFO - Sync 1 DAGs
[2024-10-22T03:34:00.249+0000] {logging_mixin.py:190} INFO - [2024-10-22T03:34:00.249+0000] {dag.py:4180} INFO - Setting next_dagrun for example_weekday_branch_operator to 2024-10-21 00:00:00+00:00, run_after=2024-10-22 00:00:00+00:00
[2024-10-22T03:34:00.268+0000] {processor.py:208} INFO - Processing /home/airflow/.local/lib/python3.12/site-packages/airflow/example_dags/example_branch_day_of_week_operator.py took 0.093 seconds
[2024-10-22T03:34:30.717+0000] {processor.py:186} INFO - Started process (PID=56831) to work on /home/airflow/.local/lib/python3.12/site-packages/airflow/example_dags/example_branch_day_of_week_operator.py
[2024-10-22T03:34:30.718+0000] {processor.py:914} INFO - Processing file /home/airflow/.local/lib/python3.12/site-packages/airflow/example_dags/example_branch_day_of_week_operator.py for tasks to queue
[2024-10-22T03:34:30.719+0000] {logging_mixin.py:190} INFO - [2024-10-22T03:34:30.719+0000] {dagbag.py:588} INFO - Filling up the DagBag from /home/airflow/.local/lib/python3.12/site-packages/airflow/example_dags/example_branch_day_of_week_operator.py
[2024-10-22T03:34:30.727+0000] {processor.py:925} INFO - DAG(s) 'example_weekday_branch_operator' retrieved from /home/airflow/.local/lib/python3.12/site-packages/airflow/example_dags/example_branch_day_of_week_operator.py
[2024-10-22T03:34:30.753+0000] {logging_mixin.py:190} INFO - [2024-10-22T03:34:30.753+0000] {dag.py:3239} INFO - Sync 1 DAGs
[2024-10-22T03:34:30.779+0000] {logging_mixin.py:190} INFO - [2024-10-22T03:34:30.778+0000] {dag.py:4180} INFO - Setting next_dagrun for example_weekday_branch_operator to 2024-10-21 00:00:00+00:00, run_after=2024-10-22 00:00:00+00:00
[2024-10-22T03:34:30.796+0000] {processor.py:208} INFO - Processing /home/airflow/.local/lib/python3.12/site-packages/airflow/example_dags/example_branch_day_of_week_operator.py took 0.087 seconds
[2024-10-22T03:35:00.886+0000] {processor.py:186} INFO - Started process (PID=56898) to work on /home/airflow/.local/lib/python3.12/site-packages/airflow/example_dags/example_branch_day_of_week_operator.py
[2024-10-22T03:35:00.887+0000] {processor.py:914} INFO - Processing file /home/airflow/.local/lib/python3.12/site-packages/airflow/example_dags/example_branch_day_of_week_operator.py for tasks to queue
[2024-10-22T03:35:00.888+0000] {logging_mixin.py:190} INFO - [2024-10-22T03:35:00.888+0000] {dagbag.py:588} INFO - Filling up the DagBag from /home/airflow/.local/lib/python3.12/site-packages/airflow/example_dags/example_branch_day_of_week_operator.py
[2024-10-22T03:35:00.897+0000] {processor.py:925} INFO - DAG(s) 'example_weekday_branch_operator' retrieved from /home/airflow/.local/lib/python3.12/site-packages/airflow/example_dags/example_branch_day_of_week_operator.py
[2024-10-22T03:35:00.924+0000] {logging_mixin.py:190} INFO - [2024-10-22T03:35:00.924+0000] {dag.py:3239} INFO - Sync 1 DAGs
[2024-10-22T03:35:00.954+0000] {logging_mixin.py:190} INFO - [2024-10-22T03:35:00.954+0000] {dag.py:4180} INFO - Setting next_dagrun for example_weekday_branch_operator to 2024-10-21 00:00:00+00:00, run_after=2024-10-22 00:00:00+00:00
[2024-10-22T03:35:00.974+0000] {processor.py:208} INFO - Processing /home/airflow/.local/lib/python3.12/site-packages/airflow/example_dags/example_branch_day_of_week_operator.py took 0.095 seconds
[2024-10-22T03:35:31.354+0000] {processor.py:186} INFO - Started process (PID=56965) to work on /home/airflow/.local/lib/python3.12/site-packages/airflow/example_dags/example_branch_day_of_week_operator.py
[2024-10-22T03:35:31.358+0000] {processor.py:914} INFO - Processing file /home/airflow/.local/lib/python3.12/site-packages/airflow/example_dags/example_branch_day_of_week_operator.py for tasks to queue
[2024-10-22T03:35:31.359+0000] {logging_mixin.py:190} INFO - [2024-10-22T03:35:31.359+0000] {dagbag.py:588} INFO - Filling up the DagBag from /home/airflow/.local/lib/python3.12/site-packages/airflow/example_dags/example_branch_day_of_week_operator.py
[2024-10-22T03:35:31.368+0000] {processor.py:925} INFO - DAG(s) 'example_weekday_branch_operator' retrieved from /home/airflow/.local/lib/python3.12/site-packages/airflow/example_dags/example_branch_day_of_week_operator.py
[2024-10-22T03:35:31.393+0000] {logging_mixin.py:190} INFO - [2024-10-22T03:35:31.393+0000] {dag.py:3239} INFO - Sync 1 DAGs
[2024-10-22T03:35:31.419+0000] {logging_mixin.py:190} INFO - [2024-10-22T03:35:31.419+0000] {dag.py:4180} INFO - Setting next_dagrun for example_weekday_branch_operator to 2024-10-21 00:00:00+00:00, run_after=2024-10-22 00:00:00+00:00
[2024-10-22T03:35:31.436+0000] {processor.py:208} INFO - Processing /home/airflow/.local/lib/python3.12/site-packages/airflow/example_dags/example_branch_day_of_week_operator.py took 0.090 seconds
[2024-10-22T03:36:01.791+0000] {processor.py:186} INFO - Started process (PID=57032) to work on /home/airflow/.local/lib/python3.12/site-packages/airflow/example_dags/example_branch_day_of_week_operator.py
[2024-10-22T03:36:01.792+0000] {processor.py:914} INFO - Processing file /home/airflow/.local/lib/python3.12/site-packages/airflow/example_dags/example_branch_day_of_week_operator.py for tasks to queue
[2024-10-22T03:36:01.794+0000] {logging_mixin.py:190} INFO - [2024-10-22T03:36:01.793+0000] {dagbag.py:588} INFO - Filling up the DagBag from /home/airflow/.local/lib/python3.12/site-packages/airflow/example_dags/example_branch_day_of_week_operator.py
[2024-10-22T03:36:01.803+0000] {processor.py:925} INFO - DAG(s) 'example_weekday_branch_operator' retrieved from /home/airflow/.local/lib/python3.12/site-packages/airflow/example_dags/example_branch_day_of_week_operator.py
[2024-10-22T03:36:01.835+0000] {logging_mixin.py:190} INFO - [2024-10-22T03:36:01.834+0000] {dag.py:3239} INFO - Sync 1 DAGs
[2024-10-22T03:36:01.868+0000] {logging_mixin.py:190} INFO - [2024-10-22T03:36:01.868+0000] {dag.py:4180} INFO - Setting next_dagrun for example_weekday_branch_operator to 2024-10-21 00:00:00+00:00, run_after=2024-10-22 00:00:00+00:00
[2024-10-22T03:36:01.890+0000] {processor.py:208} INFO - Processing /home/airflow/.local/lib/python3.12/site-packages/airflow/example_dags/example_branch_day_of_week_operator.py took 0.107 seconds
[2024-10-22T03:36:32.232+0000] {processor.py:186} INFO - Started process (PID=57099) to work on /home/airflow/.local/lib/python3.12/site-packages/airflow/example_dags/example_branch_day_of_week_operator.py
[2024-10-22T03:36:32.233+0000] {processor.py:914} INFO - Processing file /home/airflow/.local/lib/python3.12/site-packages/airflow/example_dags/example_branch_day_of_week_operator.py for tasks to queue
[2024-10-22T03:36:32.234+0000] {logging_mixin.py:190} INFO - [2024-10-22T03:36:32.234+0000] {dagbag.py:588} INFO - Filling up the DagBag from /home/airflow/.local/lib/python3.12/site-packages/airflow/example_dags/example_branch_day_of_week_operator.py
[2024-10-22T03:36:32.242+0000] {processor.py:925} INFO - DAG(s) 'example_weekday_branch_operator' retrieved from /home/airflow/.local/lib/python3.12/site-packages/airflow/example_dags/example_branch_day_of_week_operator.py
[2024-10-22T03:36:32.266+0000] {logging_mixin.py:190} INFO - [2024-10-22T03:36:32.266+0000] {dag.py:3239} INFO - Sync 1 DAGs
[2024-10-22T03:36:32.294+0000] {logging_mixin.py:190} INFO - [2024-10-22T03:36:32.294+0000] {dag.py:4180} INFO - Setting next_dagrun for example_weekday_branch_operator to 2024-10-21 00:00:00+00:00, run_after=2024-10-22 00:00:00+00:00
[2024-10-22T03:36:32.313+0000] {processor.py:208} INFO - Processing /home/airflow/.local/lib/python3.12/site-packages/airflow/example_dags/example_branch_day_of_week_operator.py took 0.089 seconds
[2024-10-22T03:37:03.022+0000] {processor.py:186} INFO - Started process (PID=57166) to work on /home/airflow/.local/lib/python3.12/site-packages/airflow/example_dags/example_branch_day_of_week_operator.py
[2024-10-22T03:37:03.023+0000] {processor.py:914} INFO - Processing file /home/airflow/.local/lib/python3.12/site-packages/airflow/example_dags/example_branch_day_of_week_operator.py for tasks to queue
[2024-10-22T03:37:03.025+0000] {logging_mixin.py:190} INFO - [2024-10-22T03:37:03.024+0000] {dagbag.py:588} INFO - Filling up the DagBag from /home/airflow/.local/lib/python3.12/site-packages/airflow/example_dags/example_branch_day_of_week_operator.py
[2024-10-22T03:37:03.033+0000] {processor.py:925} INFO - DAG(s) 'example_weekday_branch_operator' retrieved from /home/airflow/.local/lib/python3.12/site-packages/airflow/example_dags/example_branch_day_of_week_operator.py
[2024-10-22T03:37:03.064+0000] {logging_mixin.py:190} INFO - [2024-10-22T03:37:03.064+0000] {dag.py:3239} INFO - Sync 1 DAGs
[2024-10-22T03:37:03.095+0000] {logging_mixin.py:190} INFO - [2024-10-22T03:37:03.094+0000] {dag.py:4180} INFO - Setting next_dagrun for example_weekday_branch_operator to 2024-10-21 00:00:00+00:00, run_after=2024-10-22 00:00:00+00:00
[2024-10-22T03:37:03.114+0000] {processor.py:208} INFO - Processing /home/airflow/.local/lib/python3.12/site-packages/airflow/example_dags/example_branch_day_of_week_operator.py took 0.101 seconds
[2024-10-22T03:37:33.715+0000] {processor.py:186} INFO - Started process (PID=57233) to work on /home/airflow/.local/lib/python3.12/site-packages/airflow/example_dags/example_branch_day_of_week_operator.py
[2024-10-22T03:37:33.716+0000] {processor.py:914} INFO - Processing file /home/airflow/.local/lib/python3.12/site-packages/airflow/example_dags/example_branch_day_of_week_operator.py for tasks to queue
[2024-10-22T03:37:33.718+0000] {logging_mixin.py:190} INFO - [2024-10-22T03:37:33.717+0000] {dagbag.py:588} INFO - Filling up the DagBag from /home/airflow/.local/lib/python3.12/site-packages/airflow/example_dags/example_branch_day_of_week_operator.py
[2024-10-22T03:37:33.727+0000] {processor.py:925} INFO - DAG(s) 'example_weekday_branch_operator' retrieved from /home/airflow/.local/lib/python3.12/site-packages/airflow/example_dags/example_branch_day_of_week_operator.py
[2024-10-22T03:37:33.752+0000] {logging_mixin.py:190} INFO - [2024-10-22T03:37:33.752+0000] {dag.py:3239} INFO - Sync 1 DAGs
[2024-10-22T03:37:33.781+0000] {logging_mixin.py:190} INFO - [2024-10-22T03:37:33.780+0000] {dag.py:4180} INFO - Setting next_dagrun for example_weekday_branch_operator to 2024-10-21 00:00:00+00:00, run_after=2024-10-22 00:00:00+00:00
[2024-10-22T03:37:33.800+0000] {processor.py:208} INFO - Processing /home/airflow/.local/lib/python3.12/site-packages/airflow/example_dags/example_branch_day_of_week_operator.py took 0.094 seconds
[2024-10-22T03:38:04.272+0000] {processor.py:186} INFO - Started process (PID=57306) to work on /home/airflow/.local/lib/python3.12/site-packages/airflow/example_dags/example_branch_day_of_week_operator.py
[2024-10-22T03:38:04.273+0000] {processor.py:914} INFO - Processing file /home/airflow/.local/lib/python3.12/site-packages/airflow/example_dags/example_branch_day_of_week_operator.py for tasks to queue
[2024-10-22T03:38:04.274+0000] {logging_mixin.py:190} INFO - [2024-10-22T03:38:04.274+0000] {dagbag.py:588} INFO - Filling up the DagBag from /home/airflow/.local/lib/python3.12/site-packages/airflow/example_dags/example_branch_day_of_week_operator.py
[2024-10-22T03:38:04.283+0000] {processor.py:925} INFO - DAG(s) 'example_weekday_branch_operator' retrieved from /home/airflow/.local/lib/python3.12/site-packages/airflow/example_dags/example_branch_day_of_week_operator.py
[2024-10-22T03:38:04.308+0000] {logging_mixin.py:190} INFO - [2024-10-22T03:38:04.308+0000] {dag.py:3239} INFO - Sync 1 DAGs
[2024-10-22T03:38:04.336+0000] {logging_mixin.py:190} INFO - [2024-10-22T03:38:04.336+0000] {dag.py:4180} INFO - Setting next_dagrun for example_weekday_branch_operator to 2024-10-21 00:00:00+00:00, run_after=2024-10-22 00:00:00+00:00
[2024-10-22T03:38:04.363+0000] {processor.py:208} INFO - Processing /home/airflow/.local/lib/python3.12/site-packages/airflow/example_dags/example_branch_day_of_week_operator.py took 0.098 seconds
[2024-10-22T03:38:34.457+0000] {processor.py:186} INFO - Started process (PID=57372) to work on /home/airflow/.local/lib/python3.12/site-packages/airflow/example_dags/example_branch_day_of_week_operator.py
[2024-10-22T03:38:34.459+0000] {processor.py:914} INFO - Processing file /home/airflow/.local/lib/python3.12/site-packages/airflow/example_dags/example_branch_day_of_week_operator.py for tasks to queue
[2024-10-22T03:38:34.460+0000] {logging_mixin.py:190} INFO - [2024-10-22T03:38:34.460+0000] {dagbag.py:588} INFO - Filling up the DagBag from /home/airflow/.local/lib/python3.12/site-packages/airflow/example_dags/example_branch_day_of_week_operator.py
[2024-10-22T03:38:34.468+0000] {processor.py:925} INFO - DAG(s) 'example_weekday_branch_operator' retrieved from /home/airflow/.local/lib/python3.12/site-packages/airflow/example_dags/example_branch_day_of_week_operator.py
[2024-10-22T03:38:34.492+0000] {logging_mixin.py:190} INFO - [2024-10-22T03:38:34.492+0000] {dag.py:3239} INFO - Sync 1 DAGs
[2024-10-22T03:38:34.517+0000] {logging_mixin.py:190} INFO - [2024-10-22T03:38:34.517+0000] {dag.py:4180} INFO - Setting next_dagrun for example_weekday_branch_operator to 2024-10-21 00:00:00+00:00, run_after=2024-10-22 00:00:00+00:00
[2024-10-22T03:38:34.535+0000] {processor.py:208} INFO - Processing /home/airflow/.local/lib/python3.12/site-packages/airflow/example_dags/example_branch_day_of_week_operator.py took 0.085 seconds
[2024-10-22T03:39:04.821+0000] {processor.py:186} INFO - Started process (PID=57439) to work on /home/airflow/.local/lib/python3.12/site-packages/airflow/example_dags/example_branch_day_of_week_operator.py
[2024-10-22T03:39:04.822+0000] {processor.py:914} INFO - Processing file /home/airflow/.local/lib/python3.12/site-packages/airflow/example_dags/example_branch_day_of_week_operator.py for tasks to queue
[2024-10-22T03:39:04.824+0000] {logging_mixin.py:190} INFO - [2024-10-22T03:39:04.824+0000] {dagbag.py:588} INFO - Filling up the DagBag from /home/airflow/.local/lib/python3.12/site-packages/airflow/example_dags/example_branch_day_of_week_operator.py
[2024-10-22T03:39:04.833+0000] {processor.py:925} INFO - DAG(s) 'example_weekday_branch_operator' retrieved from /home/airflow/.local/lib/python3.12/site-packages/airflow/example_dags/example_branch_day_of_week_operator.py
[2024-10-22T03:39:04.859+0000] {logging_mixin.py:190} INFO - [2024-10-22T03:39:04.859+0000] {dag.py:3239} INFO - Sync 1 DAGs
[2024-10-22T03:39:04.888+0000] {logging_mixin.py:190} INFO - [2024-10-22T03:39:04.887+0000] {dag.py:4180} INFO - Setting next_dagrun for example_weekday_branch_operator to 2024-10-21 00:00:00+00:00, run_after=2024-10-22 00:00:00+00:00
[2024-10-22T03:39:04.906+0000] {processor.py:208} INFO - Processing /home/airflow/.local/lib/python3.12/site-packages/airflow/example_dags/example_branch_day_of_week_operator.py took 0.094 seconds
[2024-10-22T03:39:35.251+0000] {processor.py:186} INFO - Started process (PID=57506) to work on /home/airflow/.local/lib/python3.12/site-packages/airflow/example_dags/example_branch_day_of_week_operator.py
[2024-10-22T03:39:35.252+0000] {processor.py:914} INFO - Processing file /home/airflow/.local/lib/python3.12/site-packages/airflow/example_dags/example_branch_day_of_week_operator.py for tasks to queue
[2024-10-22T03:39:35.254+0000] {logging_mixin.py:190} INFO - [2024-10-22T03:39:35.254+0000] {dagbag.py:588} INFO - Filling up the DagBag from /home/airflow/.local/lib/python3.12/site-packages/airflow/example_dags/example_branch_day_of_week_operator.py
[2024-10-22T03:39:35.262+0000] {processor.py:925} INFO - DAG(s) 'example_weekday_branch_operator' retrieved from /home/airflow/.local/lib/python3.12/site-packages/airflow/example_dags/example_branch_day_of_week_operator.py
[2024-10-22T03:39:35.288+0000] {logging_mixin.py:190} INFO - [2024-10-22T03:39:35.288+0000] {dag.py:3239} INFO - Sync 1 DAGs
[2024-10-22T03:39:35.314+0000] {logging_mixin.py:190} INFO - [2024-10-22T03:39:35.313+0000] {dag.py:4180} INFO - Setting next_dagrun for example_weekday_branch_operator to 2024-10-21 00:00:00+00:00, run_after=2024-10-22 00:00:00+00:00
[2024-10-22T03:39:35.331+0000] {processor.py:208} INFO - Processing /home/airflow/.local/lib/python3.12/site-packages/airflow/example_dags/example_branch_day_of_week_operator.py took 0.088 seconds
[2024-10-22T03:40:06.324+0000] {processor.py:186} INFO - Started process (PID=57573) to work on /home/airflow/.local/lib/python3.12/site-packages/airflow/example_dags/example_branch_day_of_week_operator.py
[2024-10-22T03:40:06.325+0000] {processor.py:914} INFO - Processing file /home/airflow/.local/lib/python3.12/site-packages/airflow/example_dags/example_branch_day_of_week_operator.py for tasks to queue
[2024-10-22T03:40:06.326+0000] {logging_mixin.py:190} INFO - [2024-10-22T03:40:06.326+0000] {dagbag.py:588} INFO - Filling up the DagBag from /home/airflow/.local/lib/python3.12/site-packages/airflow/example_dags/example_branch_day_of_week_operator.py
[2024-10-22T03:40:06.335+0000] {processor.py:925} INFO - DAG(s) 'example_weekday_branch_operator' retrieved from /home/airflow/.local/lib/python3.12/site-packages/airflow/example_dags/example_branch_day_of_week_operator.py
[2024-10-22T03:40:06.359+0000] {logging_mixin.py:190} INFO - [2024-10-22T03:40:06.359+0000] {dag.py:3239} INFO - Sync 1 DAGs
[2024-10-22T03:40:06.386+0000] {logging_mixin.py:190} INFO - [2024-10-22T03:40:06.385+0000] {dag.py:4180} INFO - Setting next_dagrun for example_weekday_branch_operator to 2024-10-21 00:00:00+00:00, run_after=2024-10-22 00:00:00+00:00
[2024-10-22T03:40:06.403+0000] {processor.py:208} INFO - Processing /home/airflow/.local/lib/python3.12/site-packages/airflow/example_dags/example_branch_day_of_week_operator.py took 0.087 seconds
[2024-10-22T03:40:36.756+0000] {processor.py:186} INFO - Started process (PID=57640) to work on /home/airflow/.local/lib/python3.12/site-packages/airflow/example_dags/example_branch_day_of_week_operator.py
[2024-10-22T03:40:36.757+0000] {processor.py:914} INFO - Processing file /home/airflow/.local/lib/python3.12/site-packages/airflow/example_dags/example_branch_day_of_week_operator.py for tasks to queue
[2024-10-22T03:40:36.758+0000] {logging_mixin.py:190} INFO - [2024-10-22T03:40:36.758+0000] {dagbag.py:588} INFO - Filling up the DagBag from /home/airflow/.local/lib/python3.12/site-packages/airflow/example_dags/example_branch_day_of_week_operator.py
[2024-10-22T03:40:36.767+0000] {processor.py:925} INFO - DAG(s) 'example_weekday_branch_operator' retrieved from /home/airflow/.local/lib/python3.12/site-packages/airflow/example_dags/example_branch_day_of_week_operator.py
[2024-10-22T03:40:36.792+0000] {logging_mixin.py:190} INFO - [2024-10-22T03:40:36.792+0000] {dag.py:3239} INFO - Sync 1 DAGs
[2024-10-22T03:40:36.819+0000] {logging_mixin.py:190} INFO - [2024-10-22T03:40:36.819+0000] {dag.py:4180} INFO - Setting next_dagrun for example_weekday_branch_operator to 2024-10-21 00:00:00+00:00, run_after=2024-10-22 00:00:00+00:00
[2024-10-22T03:40:36.838+0000] {processor.py:208} INFO - Processing /home/airflow/.local/lib/python3.12/site-packages/airflow/example_dags/example_branch_day_of_week_operator.py took 0.090 seconds
[2024-10-22T03:41:07.291+0000] {processor.py:186} INFO - Started process (PID=57707) to work on /home/airflow/.local/lib/python3.12/site-packages/airflow/example_dags/example_branch_day_of_week_operator.py
[2024-10-22T03:41:07.293+0000] {processor.py:914} INFO - Processing file /home/airflow/.local/lib/python3.12/site-packages/airflow/example_dags/example_branch_day_of_week_operator.py for tasks to queue
[2024-10-22T03:41:07.295+0000] {logging_mixin.py:190} INFO - [2024-10-22T03:41:07.295+0000] {dagbag.py:588} INFO - Filling up the DagBag from /home/airflow/.local/lib/python3.12/site-packages/airflow/example_dags/example_branch_day_of_week_operator.py
[2024-10-22T03:41:07.308+0000] {processor.py:925} INFO - DAG(s) 'example_weekday_branch_operator' retrieved from /home/airflow/.local/lib/python3.12/site-packages/airflow/example_dags/example_branch_day_of_week_operator.py
[2024-10-22T03:41:07.341+0000] {logging_mixin.py:190} INFO - [2024-10-22T03:41:07.340+0000] {dag.py:3239} INFO - Sync 1 DAGs
[2024-10-22T03:41:07.374+0000] {logging_mixin.py:190} INFO - [2024-10-22T03:41:07.374+0000] {dag.py:4180} INFO - Setting next_dagrun for example_weekday_branch_operator to 2024-10-21 00:00:00+00:00, run_after=2024-10-22 00:00:00+00:00
[2024-10-22T03:41:07.401+0000] {processor.py:208} INFO - Processing /home/airflow/.local/lib/python3.12/site-packages/airflow/example_dags/example_branch_day_of_week_operator.py took 0.119 seconds
[2024-10-22T03:41:38.461+0000] {processor.py:186} INFO - Started process (PID=57774) to work on /home/airflow/.local/lib/python3.12/site-packages/airflow/example_dags/example_branch_day_of_week_operator.py
[2024-10-22T03:41:38.463+0000] {processor.py:914} INFO - Processing file /home/airflow/.local/lib/python3.12/site-packages/airflow/example_dags/example_branch_day_of_week_operator.py for tasks to queue
[2024-10-22T03:41:38.464+0000] {logging_mixin.py:190} INFO - [2024-10-22T03:41:38.464+0000] {dagbag.py:588} INFO - Filling up the DagBag from /home/airflow/.local/lib/python3.12/site-packages/airflow/example_dags/example_branch_day_of_week_operator.py
[2024-10-22T03:41:38.473+0000] {processor.py:925} INFO - DAG(s) 'example_weekday_branch_operator' retrieved from /home/airflow/.local/lib/python3.12/site-packages/airflow/example_dags/example_branch_day_of_week_operator.py
[2024-10-22T03:41:38.497+0000] {logging_mixin.py:190} INFO - [2024-10-22T03:41:38.497+0000] {dag.py:3239} INFO - Sync 1 DAGs
[2024-10-22T03:41:38.530+0000] {logging_mixin.py:190} INFO - [2024-10-22T03:41:38.530+0000] {dag.py:4180} INFO - Setting next_dagrun for example_weekday_branch_operator to 2024-10-21 00:00:00+00:00, run_after=2024-10-22 00:00:00+00:00
[2024-10-22T03:41:38.550+0000] {processor.py:208} INFO - Processing /home/airflow/.local/lib/python3.12/site-packages/airflow/example_dags/example_branch_day_of_week_operator.py took 0.096 seconds
[2024-10-22T03:42:08.989+0000] {processor.py:186} INFO - Started process (PID=57841) to work on /home/airflow/.local/lib/python3.12/site-packages/airflow/example_dags/example_branch_day_of_week_operator.py
[2024-10-22T03:42:08.990+0000] {processor.py:914} INFO - Processing file /home/airflow/.local/lib/python3.12/site-packages/airflow/example_dags/example_branch_day_of_week_operator.py for tasks to queue
[2024-10-22T03:42:08.992+0000] {logging_mixin.py:190} INFO - [2024-10-22T03:42:08.991+0000] {dagbag.py:588} INFO - Filling up the DagBag from /home/airflow/.local/lib/python3.12/site-packages/airflow/example_dags/example_branch_day_of_week_operator.py
[2024-10-22T03:42:09.001+0000] {processor.py:925} INFO - DAG(s) 'example_weekday_branch_operator' retrieved from /home/airflow/.local/lib/python3.12/site-packages/airflow/example_dags/example_branch_day_of_week_operator.py
[2024-10-22T03:42:09.024+0000] {logging_mixin.py:190} INFO - [2024-10-22T03:42:09.023+0000] {dag.py:3239} INFO - Sync 1 DAGs
[2024-10-22T03:42:09.052+0000] {logging_mixin.py:190} INFO - [2024-10-22T03:42:09.052+0000] {dag.py:4180} INFO - Setting next_dagrun for example_weekday_branch_operator to 2024-10-21 00:00:00+00:00, run_after=2024-10-22 00:00:00+00:00
[2024-10-22T03:42:09.072+0000] {processor.py:208} INFO - Processing /home/airflow/.local/lib/python3.12/site-packages/airflow/example_dags/example_branch_day_of_week_operator.py took 0.091 seconds
[2024-10-22T03:42:39.349+0000] {processor.py:186} INFO - Started process (PID=57908) to work on /home/airflow/.local/lib/python3.12/site-packages/airflow/example_dags/example_branch_day_of_week_operator.py
[2024-10-22T03:42:39.350+0000] {processor.py:914} INFO - Processing file /home/airflow/.local/lib/python3.12/site-packages/airflow/example_dags/example_branch_day_of_week_operator.py for tasks to queue
[2024-10-22T03:42:39.352+0000] {logging_mixin.py:190} INFO - [2024-10-22T03:42:39.351+0000] {dagbag.py:588} INFO - Filling up the DagBag from /home/airflow/.local/lib/python3.12/site-packages/airflow/example_dags/example_branch_day_of_week_operator.py
[2024-10-22T03:42:39.361+0000] {processor.py:925} INFO - DAG(s) 'example_weekday_branch_operator' retrieved from /home/airflow/.local/lib/python3.12/site-packages/airflow/example_dags/example_branch_day_of_week_operator.py
[2024-10-22T03:42:39.387+0000] {logging_mixin.py:190} INFO - [2024-10-22T03:42:39.387+0000] {dag.py:3239} INFO - Sync 1 DAGs
[2024-10-22T03:42:39.420+0000] {logging_mixin.py:190} INFO - [2024-10-22T03:42:39.420+0000] {dag.py:4180} INFO - Setting next_dagrun for example_weekday_branch_operator to 2024-10-21 00:00:00+00:00, run_after=2024-10-22 00:00:00+00:00
[2024-10-22T03:42:39.439+0000] {processor.py:208} INFO - Processing /home/airflow/.local/lib/python3.12/site-packages/airflow/example_dags/example_branch_day_of_week_operator.py took 0.099 seconds
[2024-10-22T03:43:10.188+0000] {processor.py:186} INFO - Started process (PID=57975) to work on /home/airflow/.local/lib/python3.12/site-packages/airflow/example_dags/example_branch_day_of_week_operator.py
[2024-10-22T03:43:10.189+0000] {processor.py:914} INFO - Processing file /home/airflow/.local/lib/python3.12/site-packages/airflow/example_dags/example_branch_day_of_week_operator.py for tasks to queue
[2024-10-22T03:43:10.190+0000] {logging_mixin.py:190} INFO - [2024-10-22T03:43:10.190+0000] {dagbag.py:588} INFO - Filling up the DagBag from /home/airflow/.local/lib/python3.12/site-packages/airflow/example_dags/example_branch_day_of_week_operator.py
[2024-10-22T03:43:10.199+0000] {processor.py:925} INFO - DAG(s) 'example_weekday_branch_operator' retrieved from /home/airflow/.local/lib/python3.12/site-packages/airflow/example_dags/example_branch_day_of_week_operator.py
[2024-10-22T03:43:10.223+0000] {logging_mixin.py:190} INFO - [2024-10-22T03:43:10.222+0000] {dag.py:3239} INFO - Sync 1 DAGs
[2024-10-22T03:43:10.254+0000] {logging_mixin.py:190} INFO - [2024-10-22T03:43:10.254+0000] {dag.py:4180} INFO - Setting next_dagrun for example_weekday_branch_operator to 2024-10-21 00:00:00+00:00, run_after=2024-10-22 00:00:00+00:00
[2024-10-22T03:43:10.276+0000] {processor.py:208} INFO - Processing /home/airflow/.local/lib/python3.12/site-packages/airflow/example_dags/example_branch_day_of_week_operator.py took 0.097 seconds
[2024-10-22T03:43:40.754+0000] {processor.py:186} INFO - Started process (PID=58042) to work on /home/airflow/.local/lib/python3.12/site-packages/airflow/example_dags/example_branch_day_of_week_operator.py
[2024-10-22T03:43:40.755+0000] {processor.py:914} INFO - Processing file /home/airflow/.local/lib/python3.12/site-packages/airflow/example_dags/example_branch_day_of_week_operator.py for tasks to queue
[2024-10-22T03:43:40.756+0000] {logging_mixin.py:190} INFO - [2024-10-22T03:43:40.756+0000] {dagbag.py:588} INFO - Filling up the DagBag from /home/airflow/.local/lib/python3.12/site-packages/airflow/example_dags/example_branch_day_of_week_operator.py
[2024-10-22T03:43:40.766+0000] {processor.py:925} INFO - DAG(s) 'example_weekday_branch_operator' retrieved from /home/airflow/.local/lib/python3.12/site-packages/airflow/example_dags/example_branch_day_of_week_operator.py
[2024-10-22T03:43:40.793+0000] {logging_mixin.py:190} INFO - [2024-10-22T03:43:40.793+0000] {dag.py:3239} INFO - Sync 1 DAGs
[2024-10-22T03:43:40.820+0000] {logging_mixin.py:190} INFO - [2024-10-22T03:43:40.820+0000] {dag.py:4180} INFO - Setting next_dagrun for example_weekday_branch_operator to 2024-10-21 00:00:00+00:00, run_after=2024-10-22 00:00:00+00:00
[2024-10-22T03:43:40.841+0000] {processor.py:208} INFO - Processing /home/airflow/.local/lib/python3.12/site-packages/airflow/example_dags/example_branch_day_of_week_operator.py took 0.095 seconds
[2024-10-22T03:44:11.983+0000] {processor.py:186} INFO - Started process (PID=58111) to work on /home/airflow/.local/lib/python3.12/site-packages/airflow/example_dags/example_branch_day_of_week_operator.py
[2024-10-22T03:44:11.985+0000] {processor.py:914} INFO - Processing file /home/airflow/.local/lib/python3.12/site-packages/airflow/example_dags/example_branch_day_of_week_operator.py for tasks to queue
[2024-10-22T03:44:11.987+0000] {logging_mixin.py:190} INFO - [2024-10-22T03:44:11.986+0000] {dagbag.py:588} INFO - Filling up the DagBag from /home/airflow/.local/lib/python3.12/site-packages/airflow/example_dags/example_branch_day_of_week_operator.py
[2024-10-22T03:44:11.995+0000] {processor.py:925} INFO - DAG(s) 'example_weekday_branch_operator' retrieved from /home/airflow/.local/lib/python3.12/site-packages/airflow/example_dags/example_branch_day_of_week_operator.py
[2024-10-22T03:44:12.023+0000] {logging_mixin.py:190} INFO - [2024-10-22T03:44:12.023+0000] {dag.py:3239} INFO - Sync 1 DAGs
[2024-10-22T03:44:12.051+0000] {logging_mixin.py:190} INFO - [2024-10-22T03:44:12.051+0000] {dag.py:4180} INFO - Setting next_dagrun for example_weekday_branch_operator to 2024-10-21 00:00:00+00:00, run_after=2024-10-22 00:00:00+00:00
[2024-10-22T03:44:12.068+0000] {processor.py:208} INFO - Processing /home/airflow/.local/lib/python3.12/site-packages/airflow/example_dags/example_branch_day_of_week_operator.py took 0.094 seconds
[2024-10-22T03:44:42.364+0000] {processor.py:186} INFO - Started process (PID=58178) to work on /home/airflow/.local/lib/python3.12/site-packages/airflow/example_dags/example_branch_day_of_week_operator.py
[2024-10-22T03:44:42.366+0000] {processor.py:914} INFO - Processing file /home/airflow/.local/lib/python3.12/site-packages/airflow/example_dags/example_branch_day_of_week_operator.py for tasks to queue
[2024-10-22T03:44:42.367+0000] {logging_mixin.py:190} INFO - [2024-10-22T03:44:42.366+0000] {dagbag.py:588} INFO - Filling up the DagBag from /home/airflow/.local/lib/python3.12/site-packages/airflow/example_dags/example_branch_day_of_week_operator.py
[2024-10-22T03:44:42.375+0000] {processor.py:925} INFO - DAG(s) 'example_weekday_branch_operator' retrieved from /home/airflow/.local/lib/python3.12/site-packages/airflow/example_dags/example_branch_day_of_week_operator.py
[2024-10-22T03:44:42.401+0000] {logging_mixin.py:190} INFO - [2024-10-22T03:44:42.400+0000] {dag.py:3239} INFO - Sync 1 DAGs
[2024-10-22T03:44:42.426+0000] {logging_mixin.py:190} INFO - [2024-10-22T03:44:42.425+0000] {dag.py:4180} INFO - Setting next_dagrun for example_weekday_branch_operator to 2024-10-21 00:00:00+00:00, run_after=2024-10-22 00:00:00+00:00
[2024-10-22T03:44:42.444+0000] {processor.py:208} INFO - Processing /home/airflow/.local/lib/python3.12/site-packages/airflow/example_dags/example_branch_day_of_week_operator.py took 0.088 seconds
[2024-10-22T03:45:12.567+0000] {processor.py:186} INFO - Started process (PID=58245) to work on /home/airflow/.local/lib/python3.12/site-packages/airflow/example_dags/example_branch_day_of_week_operator.py
[2024-10-22T03:45:12.568+0000] {processor.py:914} INFO - Processing file /home/airflow/.local/lib/python3.12/site-packages/airflow/example_dags/example_branch_day_of_week_operator.py for tasks to queue
[2024-10-22T03:45:12.570+0000] {logging_mixin.py:190} INFO - [2024-10-22T03:45:12.569+0000] {dagbag.py:588} INFO - Filling up the DagBag from /home/airflow/.local/lib/python3.12/site-packages/airflow/example_dags/example_branch_day_of_week_operator.py
[2024-10-22T03:45:12.580+0000] {processor.py:925} INFO - DAG(s) 'example_weekday_branch_operator' retrieved from /home/airflow/.local/lib/python3.12/site-packages/airflow/example_dags/example_branch_day_of_week_operator.py
[2024-10-22T03:45:12.616+0000] {logging_mixin.py:190} INFO - [2024-10-22T03:45:12.616+0000] {dag.py:3239} INFO - Sync 1 DAGs
[2024-10-22T03:45:12.648+0000] {logging_mixin.py:190} INFO - [2024-10-22T03:45:12.647+0000] {dag.py:4180} INFO - Setting next_dagrun for example_weekday_branch_operator to 2024-10-21 00:00:00+00:00, run_after=2024-10-22 00:00:00+00:00
[2024-10-22T03:45:12.677+0000] {processor.py:208} INFO - Processing /home/airflow/.local/lib/python3.12/site-packages/airflow/example_dags/example_branch_day_of_week_operator.py took 0.127 seconds
[2024-10-22T03:45:43.194+0000] {processor.py:186} INFO - Started process (PID=58311) to work on /home/airflow/.local/lib/python3.12/site-packages/airflow/example_dags/example_branch_day_of_week_operator.py
[2024-10-22T03:45:43.195+0000] {processor.py:914} INFO - Processing file /home/airflow/.local/lib/python3.12/site-packages/airflow/example_dags/example_branch_day_of_week_operator.py for tasks to queue
[2024-10-22T03:45:43.196+0000] {logging_mixin.py:190} INFO - [2024-10-22T03:45:43.196+0000] {dagbag.py:588} INFO - Filling up the DagBag from /home/airflow/.local/lib/python3.12/site-packages/airflow/example_dags/example_branch_day_of_week_operator.py
[2024-10-22T03:45:43.204+0000] {processor.py:925} INFO - DAG(s) 'example_weekday_branch_operator' retrieved from /home/airflow/.local/lib/python3.12/site-packages/airflow/example_dags/example_branch_day_of_week_operator.py
[2024-10-22T03:45:43.229+0000] {logging_mixin.py:190} INFO - [2024-10-22T03:45:43.229+0000] {dag.py:3239} INFO - Sync 1 DAGs
[2024-10-22T03:45:43.255+0000] {logging_mixin.py:190} INFO - [2024-10-22T03:45:43.254+0000] {dag.py:4180} INFO - Setting next_dagrun for example_weekday_branch_operator to 2024-10-21 00:00:00+00:00, run_after=2024-10-22 00:00:00+00:00
[2024-10-22T03:45:43.274+0000] {processor.py:208} INFO - Processing /home/airflow/.local/lib/python3.12/site-packages/airflow/example_dags/example_branch_day_of_week_operator.py took 0.087 seconds
[2024-10-22T03:46:14.100+0000] {processor.py:186} INFO - Started process (PID=58378) to work on /home/airflow/.local/lib/python3.12/site-packages/airflow/example_dags/example_branch_day_of_week_operator.py
[2024-10-22T03:46:14.101+0000] {processor.py:914} INFO - Processing file /home/airflow/.local/lib/python3.12/site-packages/airflow/example_dags/example_branch_day_of_week_operator.py for tasks to queue
[2024-10-22T03:46:14.102+0000] {logging_mixin.py:190} INFO - [2024-10-22T03:46:14.102+0000] {dagbag.py:588} INFO - Filling up the DagBag from /home/airflow/.local/lib/python3.12/site-packages/airflow/example_dags/example_branch_day_of_week_operator.py
[2024-10-22T03:46:14.110+0000] {processor.py:925} INFO - DAG(s) 'example_weekday_branch_operator' retrieved from /home/airflow/.local/lib/python3.12/site-packages/airflow/example_dags/example_branch_day_of_week_operator.py
[2024-10-22T03:46:14.136+0000] {logging_mixin.py:190} INFO - [2024-10-22T03:46:14.136+0000] {dag.py:3239} INFO - Sync 1 DAGs
[2024-10-22T03:46:14.161+0000] {logging_mixin.py:190} INFO - [2024-10-22T03:46:14.161+0000] {dag.py:4180} INFO - Setting next_dagrun for example_weekday_branch_operator to 2024-10-21 00:00:00+00:00, run_after=2024-10-22 00:00:00+00:00
[2024-10-22T03:46:14.180+0000] {processor.py:208} INFO - Processing /home/airflow/.local/lib/python3.12/site-packages/airflow/example_dags/example_branch_day_of_week_operator.py took 0.088 seconds
[2024-10-22T03:46:44.667+0000] {processor.py:186} INFO - Started process (PID=58445) to work on /home/airflow/.local/lib/python3.12/site-packages/airflow/example_dags/example_branch_day_of_week_operator.py
[2024-10-22T03:46:44.668+0000] {processor.py:914} INFO - Processing file /home/airflow/.local/lib/python3.12/site-packages/airflow/example_dags/example_branch_day_of_week_operator.py for tasks to queue
[2024-10-22T03:46:44.670+0000] {logging_mixin.py:190} INFO - [2024-10-22T03:46:44.669+0000] {dagbag.py:588} INFO - Filling up the DagBag from /home/airflow/.local/lib/python3.12/site-packages/airflow/example_dags/example_branch_day_of_week_operator.py
[2024-10-22T03:46:44.679+0000] {processor.py:925} INFO - DAG(s) 'example_weekday_branch_operator' retrieved from /home/airflow/.local/lib/python3.12/site-packages/airflow/example_dags/example_branch_day_of_week_operator.py
[2024-10-22T03:46:44.703+0000] {logging_mixin.py:190} INFO - [2024-10-22T03:46:44.703+0000] {dag.py:3239} INFO - Sync 1 DAGs
[2024-10-22T03:46:44.728+0000] {logging_mixin.py:190} INFO - [2024-10-22T03:46:44.727+0000] {dag.py:4180} INFO - Setting next_dagrun for example_weekday_branch_operator to 2024-10-21 00:00:00+00:00, run_after=2024-10-22 00:00:00+00:00
[2024-10-22T03:46:44.745+0000] {processor.py:208} INFO - Processing /home/airflow/.local/lib/python3.12/site-packages/airflow/example_dags/example_branch_day_of_week_operator.py took 0.087 seconds
[2024-10-22T03:47:14.875+0000] {processor.py:186} INFO - Started process (PID=58511) to work on /home/airflow/.local/lib/python3.12/site-packages/airflow/example_dags/example_branch_day_of_week_operator.py
[2024-10-22T03:47:14.877+0000] {processor.py:914} INFO - Processing file /home/airflow/.local/lib/python3.12/site-packages/airflow/example_dags/example_branch_day_of_week_operator.py for tasks to queue
[2024-10-22T03:47:14.879+0000] {logging_mixin.py:190} INFO - [2024-10-22T03:47:14.878+0000] {dagbag.py:588} INFO - Filling up the DagBag from /home/airflow/.local/lib/python3.12/site-packages/airflow/example_dags/example_branch_day_of_week_operator.py
[2024-10-22T03:47:14.889+0000] {processor.py:925} INFO - DAG(s) 'example_weekday_branch_operator' retrieved from /home/airflow/.local/lib/python3.12/site-packages/airflow/example_dags/example_branch_day_of_week_operator.py
[2024-10-22T03:47:14.913+0000] {logging_mixin.py:190} INFO - [2024-10-22T03:47:14.913+0000] {dag.py:3239} INFO - Sync 1 DAGs
[2024-10-22T03:47:14.938+0000] {logging_mixin.py:190} INFO - [2024-10-22T03:47:14.938+0000] {dag.py:4180} INFO - Setting next_dagrun for example_weekday_branch_operator to 2024-10-21 00:00:00+00:00, run_after=2024-10-22 00:00:00+00:00
[2024-10-22T03:47:14.956+0000] {processor.py:208} INFO - Processing /home/airflow/.local/lib/python3.12/site-packages/airflow/example_dags/example_branch_day_of_week_operator.py took 0.090 seconds
[2024-10-22T03:47:45.386+0000] {processor.py:186} INFO - Started process (PID=58579) to work on /home/airflow/.local/lib/python3.12/site-packages/airflow/example_dags/example_branch_day_of_week_operator.py
[2024-10-22T03:47:45.387+0000] {processor.py:914} INFO - Processing file /home/airflow/.local/lib/python3.12/site-packages/airflow/example_dags/example_branch_day_of_week_operator.py for tasks to queue
[2024-10-22T03:47:45.389+0000] {logging_mixin.py:190} INFO - [2024-10-22T03:47:45.388+0000] {dagbag.py:588} INFO - Filling up the DagBag from /home/airflow/.local/lib/python3.12/site-packages/airflow/example_dags/example_branch_day_of_week_operator.py
[2024-10-22T03:47:45.398+0000] {processor.py:925} INFO - DAG(s) 'example_weekday_branch_operator' retrieved from /home/airflow/.local/lib/python3.12/site-packages/airflow/example_dags/example_branch_day_of_week_operator.py
[2024-10-22T03:47:45.425+0000] {logging_mixin.py:190} INFO - [2024-10-22T03:47:45.425+0000] {dag.py:3239} INFO - Sync 1 DAGs
[2024-10-22T03:47:45.453+0000] {logging_mixin.py:190} INFO - [2024-10-22T03:47:45.452+0000] {dag.py:4180} INFO - Setting next_dagrun for example_weekday_branch_operator to 2024-10-21 00:00:00+00:00, run_after=2024-10-22 00:00:00+00:00
[2024-10-22T03:47:45.474+0000] {processor.py:208} INFO - Processing /home/airflow/.local/lib/python3.12/site-packages/airflow/example_dags/example_branch_day_of_week_operator.py took 0.096 seconds
[2024-10-22T03:48:15.950+0000] {processor.py:186} INFO - Started process (PID=58645) to work on /home/airflow/.local/lib/python3.12/site-packages/airflow/example_dags/example_branch_day_of_week_operator.py
[2024-10-22T03:48:15.951+0000] {processor.py:914} INFO - Processing file /home/airflow/.local/lib/python3.12/site-packages/airflow/example_dags/example_branch_day_of_week_operator.py for tasks to queue
[2024-10-22T03:48:15.953+0000] {logging_mixin.py:190} INFO - [2024-10-22T03:48:15.952+0000] {dagbag.py:588} INFO - Filling up the DagBag from /home/airflow/.local/lib/python3.12/site-packages/airflow/example_dags/example_branch_day_of_week_operator.py
[2024-10-22T03:48:15.961+0000] {processor.py:925} INFO - DAG(s) 'example_weekday_branch_operator' retrieved from /home/airflow/.local/lib/python3.12/site-packages/airflow/example_dags/example_branch_day_of_week_operator.py
[2024-10-22T03:48:15.986+0000] {logging_mixin.py:190} INFO - [2024-10-22T03:48:15.986+0000] {dag.py:3239} INFO - Sync 1 DAGs
[2024-10-22T03:48:16.017+0000] {logging_mixin.py:190} INFO - [2024-10-22T03:48:16.016+0000] {dag.py:4180} INFO - Setting next_dagrun for example_weekday_branch_operator to 2024-10-21 00:00:00+00:00, run_after=2024-10-22 00:00:00+00:00
[2024-10-22T03:48:16.069+0000] {processor.py:208} INFO - Processing /home/airflow/.local/lib/python3.12/site-packages/airflow/example_dags/example_branch_day_of_week_operator.py took 0.127 seconds
[2024-10-22T03:48:46.108+0000] {processor.py:186} INFO - Started process (PID=58711) to work on /home/airflow/.local/lib/python3.12/site-packages/airflow/example_dags/example_branch_day_of_week_operator.py
[2024-10-22T03:48:46.109+0000] {processor.py:914} INFO - Processing file /home/airflow/.local/lib/python3.12/site-packages/airflow/example_dags/example_branch_day_of_week_operator.py for tasks to queue
[2024-10-22T03:48:46.111+0000] {logging_mixin.py:190} INFO - [2024-10-22T03:48:46.110+0000] {dagbag.py:588} INFO - Filling up the DagBag from /home/airflow/.local/lib/python3.12/site-packages/airflow/example_dags/example_branch_day_of_week_operator.py
[2024-10-22T03:48:46.120+0000] {processor.py:925} INFO - DAG(s) 'example_weekday_branch_operator' retrieved from /home/airflow/.local/lib/python3.12/site-packages/airflow/example_dags/example_branch_day_of_week_operator.py
[2024-10-22T03:48:46.146+0000] {logging_mixin.py:190} INFO - [2024-10-22T03:48:46.146+0000] {dag.py:3239} INFO - Sync 1 DAGs
[2024-10-22T03:48:46.173+0000] {logging_mixin.py:190} INFO - [2024-10-22T03:48:46.173+0000] {dag.py:4180} INFO - Setting next_dagrun for example_weekday_branch_operator to 2024-10-21 00:00:00+00:00, run_after=2024-10-22 00:00:00+00:00
[2024-10-22T03:48:46.191+0000] {processor.py:208} INFO - Processing /home/airflow/.local/lib/python3.12/site-packages/airflow/example_dags/example_branch_day_of_week_operator.py took 0.090 seconds
[2024-10-22T03:49:16.237+0000] {processor.py:186} INFO - Started process (PID=58777) to work on /home/airflow/.local/lib/python3.12/site-packages/airflow/example_dags/example_branch_day_of_week_operator.py
[2024-10-22T03:49:16.238+0000] {processor.py:914} INFO - Processing file /home/airflow/.local/lib/python3.12/site-packages/airflow/example_dags/example_branch_day_of_week_operator.py for tasks to queue
[2024-10-22T03:49:16.240+0000] {logging_mixin.py:190} INFO - [2024-10-22T03:49:16.238+0000] {dagbag.py:588} INFO - Filling up the DagBag from /home/airflow/.local/lib/python3.12/site-packages/airflow/example_dags/example_branch_day_of_week_operator.py
[2024-10-22T03:49:16.249+0000] {processor.py:925} INFO - DAG(s) 'example_weekday_branch_operator' retrieved from /home/airflow/.local/lib/python3.12/site-packages/airflow/example_dags/example_branch_day_of_week_operator.py
[2024-10-22T03:49:16.273+0000] {logging_mixin.py:190} INFO - [2024-10-22T03:49:16.272+0000] {dag.py:3239} INFO - Sync 1 DAGs
[2024-10-22T03:49:16.298+0000] {logging_mixin.py:190} INFO - [2024-10-22T03:49:16.297+0000] {dag.py:4180} INFO - Setting next_dagrun for example_weekday_branch_operator to 2024-10-21 00:00:00+00:00, run_after=2024-10-22 00:00:00+00:00
[2024-10-22T03:49:16.315+0000] {processor.py:208} INFO - Processing /home/airflow/.local/lib/python3.12/site-packages/airflow/example_dags/example_branch_day_of_week_operator.py took 0.085 seconds
[2024-10-22T03:49:46.933+0000] {processor.py:186} INFO - Started process (PID=58845) to work on /home/airflow/.local/lib/python3.12/site-packages/airflow/example_dags/example_branch_day_of_week_operator.py
[2024-10-22T03:49:46.935+0000] {processor.py:914} INFO - Processing file /home/airflow/.local/lib/python3.12/site-packages/airflow/example_dags/example_branch_day_of_week_operator.py for tasks to queue
[2024-10-22T03:49:46.936+0000] {logging_mixin.py:190} INFO - [2024-10-22T03:49:46.936+0000] {dagbag.py:588} INFO - Filling up the DagBag from /home/airflow/.local/lib/python3.12/site-packages/airflow/example_dags/example_branch_day_of_week_operator.py
[2024-10-22T03:49:46.945+0000] {processor.py:925} INFO - DAG(s) 'example_weekday_branch_operator' retrieved from /home/airflow/.local/lib/python3.12/site-packages/airflow/example_dags/example_branch_day_of_week_operator.py
[2024-10-22T03:49:46.967+0000] {logging_mixin.py:190} INFO - [2024-10-22T03:49:46.967+0000] {dag.py:3239} INFO - Sync 1 DAGs
[2024-10-22T03:49:46.992+0000] {logging_mixin.py:190} INFO - [2024-10-22T03:49:46.992+0000] {dag.py:4180} INFO - Setting next_dagrun for example_weekday_branch_operator to 2024-10-21 00:00:00+00:00, run_after=2024-10-22 00:00:00+00:00
[2024-10-22T03:49:47.011+0000] {processor.py:208} INFO - Processing /home/airflow/.local/lib/python3.12/site-packages/airflow/example_dags/example_branch_day_of_week_operator.py took 0.086 seconds
[2024-10-22T03:50:17.367+0000] {processor.py:186} INFO - Started process (PID=58912) to work on /home/airflow/.local/lib/python3.12/site-packages/airflow/example_dags/example_branch_day_of_week_operator.py
[2024-10-22T03:50:17.369+0000] {processor.py:914} INFO - Processing file /home/airflow/.local/lib/python3.12/site-packages/airflow/example_dags/example_branch_day_of_week_operator.py for tasks to queue
[2024-10-22T03:50:17.370+0000] {logging_mixin.py:190} INFO - [2024-10-22T03:50:17.370+0000] {dagbag.py:588} INFO - Filling up the DagBag from /home/airflow/.local/lib/python3.12/site-packages/airflow/example_dags/example_branch_day_of_week_operator.py
[2024-10-22T03:50:17.378+0000] {processor.py:925} INFO - DAG(s) 'example_weekday_branch_operator' retrieved from /home/airflow/.local/lib/python3.12/site-packages/airflow/example_dags/example_branch_day_of_week_operator.py
[2024-10-22T03:50:17.404+0000] {logging_mixin.py:190} INFO - [2024-10-22T03:50:17.404+0000] {dag.py:3239} INFO - Sync 1 DAGs
[2024-10-22T03:50:17.429+0000] {logging_mixin.py:190} INFO - [2024-10-22T03:50:17.429+0000] {dag.py:4180} INFO - Setting next_dagrun for example_weekday_branch_operator to 2024-10-21 00:00:00+00:00, run_after=2024-10-22 00:00:00+00:00
[2024-10-22T03:50:17.447+0000] {processor.py:208} INFO - Processing /home/airflow/.local/lib/python3.12/site-packages/airflow/example_dags/example_branch_day_of_week_operator.py took 0.089 seconds
[2024-10-22T03:50:48.195+0000] {processor.py:186} INFO - Started process (PID=58979) to work on /home/airflow/.local/lib/python3.12/site-packages/airflow/example_dags/example_branch_day_of_week_operator.py
[2024-10-22T03:50:48.196+0000] {processor.py:914} INFO - Processing file /home/airflow/.local/lib/python3.12/site-packages/airflow/example_dags/example_branch_day_of_week_operator.py for tasks to queue
[2024-10-22T03:50:48.198+0000] {logging_mixin.py:190} INFO - [2024-10-22T03:50:48.197+0000] {dagbag.py:588} INFO - Filling up the DagBag from /home/airflow/.local/lib/python3.12/site-packages/airflow/example_dags/example_branch_day_of_week_operator.py
[2024-10-22T03:50:48.207+0000] {processor.py:925} INFO - DAG(s) 'example_weekday_branch_operator' retrieved from /home/airflow/.local/lib/python3.12/site-packages/airflow/example_dags/example_branch_day_of_week_operator.py
[2024-10-22T03:50:48.234+0000] {logging_mixin.py:190} INFO - [2024-10-22T03:50:48.234+0000] {dag.py:3239} INFO - Sync 1 DAGs
[2024-10-22T03:50:48.264+0000] {logging_mixin.py:190} INFO - [2024-10-22T03:50:48.264+0000] {dag.py:4180} INFO - Setting next_dagrun for example_weekday_branch_operator to 2024-10-21 00:00:00+00:00, run_after=2024-10-22 00:00:00+00:00
[2024-10-22T03:50:48.286+0000] {processor.py:208} INFO - Processing /home/airflow/.local/lib/python3.12/site-packages/airflow/example_dags/example_branch_day_of_week_operator.py took 0.100 seconds
[2024-10-22T03:51:18.555+0000] {processor.py:186} INFO - Started process (PID=59045) to work on /home/airflow/.local/lib/python3.12/site-packages/airflow/example_dags/example_branch_day_of_week_operator.py
[2024-10-22T03:51:18.556+0000] {processor.py:914} INFO - Processing file /home/airflow/.local/lib/python3.12/site-packages/airflow/example_dags/example_branch_day_of_week_operator.py for tasks to queue
[2024-10-22T03:51:18.558+0000] {logging_mixin.py:190} INFO - [2024-10-22T03:51:18.557+0000] {dagbag.py:588} INFO - Filling up the DagBag from /home/airflow/.local/lib/python3.12/site-packages/airflow/example_dags/example_branch_day_of_week_operator.py
[2024-10-22T03:51:18.567+0000] {processor.py:925} INFO - DAG(s) 'example_weekday_branch_operator' retrieved from /home/airflow/.local/lib/python3.12/site-packages/airflow/example_dags/example_branch_day_of_week_operator.py
[2024-10-22T03:51:18.592+0000] {logging_mixin.py:190} INFO - [2024-10-22T03:51:18.592+0000] {dag.py:3239} INFO - Sync 1 DAGs
[2024-10-22T03:51:18.618+0000] {logging_mixin.py:190} INFO - [2024-10-22T03:51:18.617+0000] {dag.py:4180} INFO - Setting next_dagrun for example_weekday_branch_operator to 2024-10-21 00:00:00+00:00, run_after=2024-10-22 00:00:00+00:00
[2024-10-22T03:51:18.636+0000] {processor.py:208} INFO - Processing /home/airflow/.local/lib/python3.12/site-packages/airflow/example_dags/example_branch_day_of_week_operator.py took 0.090 seconds
[2024-10-22T03:51:49.364+0000] {processor.py:186} INFO - Started process (PID=59113) to work on /home/airflow/.local/lib/python3.12/site-packages/airflow/example_dags/example_branch_day_of_week_operator.py
[2024-10-22T03:51:49.365+0000] {processor.py:914} INFO - Processing file /home/airflow/.local/lib/python3.12/site-packages/airflow/example_dags/example_branch_day_of_week_operator.py for tasks to queue
[2024-10-22T03:51:49.366+0000] {logging_mixin.py:190} INFO - [2024-10-22T03:51:49.366+0000] {dagbag.py:588} INFO - Filling up the DagBag from /home/airflow/.local/lib/python3.12/site-packages/airflow/example_dags/example_branch_day_of_week_operator.py
[2024-10-22T03:51:49.374+0000] {processor.py:925} INFO - DAG(s) 'example_weekday_branch_operator' retrieved from /home/airflow/.local/lib/python3.12/site-packages/airflow/example_dags/example_branch_day_of_week_operator.py
[2024-10-22T03:51:49.400+0000] {logging_mixin.py:190} INFO - [2024-10-22T03:51:49.400+0000] {dag.py:3239} INFO - Sync 1 DAGs
[2024-10-22T03:51:49.427+0000] {logging_mixin.py:190} INFO - [2024-10-22T03:51:49.427+0000] {dag.py:4180} INFO - Setting next_dagrun for example_weekday_branch_operator to 2024-10-21 00:00:00+00:00, run_after=2024-10-22 00:00:00+00:00
[2024-10-22T03:51:49.447+0000] {processor.py:208} INFO - Processing /home/airflow/.local/lib/python3.12/site-packages/airflow/example_dags/example_branch_day_of_week_operator.py took 0.091 seconds
[2024-10-22T03:52:19.799+0000] {processor.py:186} INFO - Started process (PID=59179) to work on /home/airflow/.local/lib/python3.12/site-packages/airflow/example_dags/example_branch_day_of_week_operator.py
[2024-10-22T03:52:19.800+0000] {processor.py:914} INFO - Processing file /home/airflow/.local/lib/python3.12/site-packages/airflow/example_dags/example_branch_day_of_week_operator.py for tasks to queue
[2024-10-22T03:52:19.801+0000] {logging_mixin.py:190} INFO - [2024-10-22T03:52:19.801+0000] {dagbag.py:588} INFO - Filling up the DagBag from /home/airflow/.local/lib/python3.12/site-packages/airflow/example_dags/example_branch_day_of_week_operator.py
[2024-10-22T03:52:19.810+0000] {processor.py:925} INFO - DAG(s) 'example_weekday_branch_operator' retrieved from /home/airflow/.local/lib/python3.12/site-packages/airflow/example_dags/example_branch_day_of_week_operator.py
[2024-10-22T03:52:19.836+0000] {logging_mixin.py:190} INFO - [2024-10-22T03:52:19.836+0000] {dag.py:3239} INFO - Sync 1 DAGs
[2024-10-22T03:52:19.863+0000] {logging_mixin.py:190} INFO - [2024-10-22T03:52:19.863+0000] {dag.py:4180} INFO - Setting next_dagrun for example_weekday_branch_operator to 2024-10-21 00:00:00+00:00, run_after=2024-10-22 00:00:00+00:00
[2024-10-22T03:52:19.882+0000] {processor.py:208} INFO - Processing /home/airflow/.local/lib/python3.12/site-packages/airflow/example_dags/example_branch_day_of_week_operator.py took 0.090 seconds
[2024-10-22T03:52:50.645+0000] {processor.py:186} INFO - Started process (PID=59247) to work on /home/airflow/.local/lib/python3.12/site-packages/airflow/example_dags/example_branch_day_of_week_operator.py
[2024-10-22T03:52:50.646+0000] {processor.py:914} INFO - Processing file /home/airflow/.local/lib/python3.12/site-packages/airflow/example_dags/example_branch_day_of_week_operator.py for tasks to queue
[2024-10-22T03:52:50.647+0000] {logging_mixin.py:190} INFO - [2024-10-22T03:52:50.647+0000] {dagbag.py:588} INFO - Filling up the DagBag from /home/airflow/.local/lib/python3.12/site-packages/airflow/example_dags/example_branch_day_of_week_operator.py
[2024-10-22T03:52:50.656+0000] {processor.py:925} INFO - DAG(s) 'example_weekday_branch_operator' retrieved from /home/airflow/.local/lib/python3.12/site-packages/airflow/example_dags/example_branch_day_of_week_operator.py
[2024-10-22T03:52:50.682+0000] {logging_mixin.py:190} INFO - [2024-10-22T03:52:50.682+0000] {dag.py:3239} INFO - Sync 1 DAGs
[2024-10-22T03:52:50.709+0000] {logging_mixin.py:190} INFO - [2024-10-22T03:52:50.709+0000] {dag.py:4180} INFO - Setting next_dagrun for example_weekday_branch_operator to 2024-10-21 00:00:00+00:00, run_after=2024-10-22 00:00:00+00:00
[2024-10-22T03:52:50.729+0000] {processor.py:208} INFO - Processing /home/airflow/.local/lib/python3.12/site-packages/airflow/example_dags/example_branch_day_of_week_operator.py took 0.091 seconds
[2024-10-22T03:53:21.476+0000] {processor.py:186} INFO - Started process (PID=59314) to work on /home/airflow/.local/lib/python3.12/site-packages/airflow/example_dags/example_branch_day_of_week_operator.py
[2024-10-22T03:53:21.478+0000] {processor.py:914} INFO - Processing file /home/airflow/.local/lib/python3.12/site-packages/airflow/example_dags/example_branch_day_of_week_operator.py for tasks to queue
[2024-10-22T03:53:21.480+0000] {logging_mixin.py:190} INFO - [2024-10-22T03:53:21.479+0000] {dagbag.py:588} INFO - Filling up the DagBag from /home/airflow/.local/lib/python3.12/site-packages/airflow/example_dags/example_branch_day_of_week_operator.py
[2024-10-22T03:53:21.492+0000] {processor.py:925} INFO - DAG(s) 'example_weekday_branch_operator' retrieved from /home/airflow/.local/lib/python3.12/site-packages/airflow/example_dags/example_branch_day_of_week_operator.py
[2024-10-22T03:53:21.540+0000] {logging_mixin.py:190} INFO - [2024-10-22T03:53:21.540+0000] {dag.py:3239} INFO - Sync 1 DAGs
[2024-10-22T03:53:21.595+0000] {logging_mixin.py:190} INFO - [2024-10-22T03:53:21.594+0000] {dag.py:4180} INFO - Setting next_dagrun for example_weekday_branch_operator to 2024-10-21 00:00:00+00:00, run_after=2024-10-22 00:00:00+00:00
[2024-10-22T03:53:21.628+0000] {processor.py:208} INFO - Processing /home/airflow/.local/lib/python3.12/site-packages/airflow/example_dags/example_branch_day_of_week_operator.py took 0.163 seconds
[2024-10-22T03:53:52.353+0000] {processor.py:186} INFO - Started process (PID=59381) to work on /home/airflow/.local/lib/python3.12/site-packages/airflow/example_dags/example_branch_day_of_week_operator.py
[2024-10-22T03:53:52.354+0000] {processor.py:914} INFO - Processing file /home/airflow/.local/lib/python3.12/site-packages/airflow/example_dags/example_branch_day_of_week_operator.py for tasks to queue
[2024-10-22T03:53:52.355+0000] {logging_mixin.py:190} INFO - [2024-10-22T03:53:52.355+0000] {dagbag.py:588} INFO - Filling up the DagBag from /home/airflow/.local/lib/python3.12/site-packages/airflow/example_dags/example_branch_day_of_week_operator.py
[2024-10-22T03:53:52.366+0000] {processor.py:925} INFO - DAG(s) 'example_weekday_branch_operator' retrieved from /home/airflow/.local/lib/python3.12/site-packages/airflow/example_dags/example_branch_day_of_week_operator.py
[2024-10-22T03:53:52.397+0000] {logging_mixin.py:190} INFO - [2024-10-22T03:53:52.396+0000] {dag.py:3239} INFO - Sync 1 DAGs
[2024-10-22T03:53:52.427+0000] {logging_mixin.py:190} INFO - [2024-10-22T03:53:52.427+0000] {dag.py:4180} INFO - Setting next_dagrun for example_weekday_branch_operator to 2024-10-21 00:00:00+00:00, run_after=2024-10-22 00:00:00+00:00
[2024-10-22T03:53:52.447+0000] {processor.py:208} INFO - Processing /home/airflow/.local/lib/python3.12/site-packages/airflow/example_dags/example_branch_day_of_week_operator.py took 0.104 seconds
[2024-10-22T03:54:22.984+0000] {processor.py:186} INFO - Started process (PID=59448) to work on /home/airflow/.local/lib/python3.12/site-packages/airflow/example_dags/example_branch_day_of_week_operator.py
[2024-10-22T03:54:22.985+0000] {processor.py:914} INFO - Processing file /home/airflow/.local/lib/python3.12/site-packages/airflow/example_dags/example_branch_day_of_week_operator.py for tasks to queue
[2024-10-22T03:54:22.987+0000] {logging_mixin.py:190} INFO - [2024-10-22T03:54:22.987+0000] {dagbag.py:588} INFO - Filling up the DagBag from /home/airflow/.local/lib/python3.12/site-packages/airflow/example_dags/example_branch_day_of_week_operator.py
[2024-10-22T03:54:22.997+0000] {processor.py:925} INFO - DAG(s) 'example_weekday_branch_operator' retrieved from /home/airflow/.local/lib/python3.12/site-packages/airflow/example_dags/example_branch_day_of_week_operator.py
[2024-10-22T03:54:23.030+0000] {logging_mixin.py:190} INFO - [2024-10-22T03:54:23.029+0000] {dag.py:3239} INFO - Sync 1 DAGs
[2024-10-22T03:54:23.067+0000] {logging_mixin.py:190} INFO - [2024-10-22T03:54:23.067+0000] {dag.py:4180} INFO - Setting next_dagrun for example_weekday_branch_operator to 2024-10-21 00:00:00+00:00, run_after=2024-10-22 00:00:00+00:00
[2024-10-22T03:54:23.092+0000] {processor.py:208} INFO - Processing /home/airflow/.local/lib/python3.12/site-packages/airflow/example_dags/example_branch_day_of_week_operator.py took 0.121 seconds
[2024-10-22T03:54:53.504+0000] {processor.py:186} INFO - Started process (PID=59514) to work on /home/airflow/.local/lib/python3.12/site-packages/airflow/example_dags/example_branch_day_of_week_operator.py
[2024-10-22T03:54:53.505+0000] {processor.py:914} INFO - Processing file /home/airflow/.local/lib/python3.12/site-packages/airflow/example_dags/example_branch_day_of_week_operator.py for tasks to queue
[2024-10-22T03:54:53.507+0000] {logging_mixin.py:190} INFO - [2024-10-22T03:54:53.507+0000] {dagbag.py:588} INFO - Filling up the DagBag from /home/airflow/.local/lib/python3.12/site-packages/airflow/example_dags/example_branch_day_of_week_operator.py
[2024-10-22T03:54:53.518+0000] {processor.py:925} INFO - DAG(s) 'example_weekday_branch_operator' retrieved from /home/airflow/.local/lib/python3.12/site-packages/airflow/example_dags/example_branch_day_of_week_operator.py
[2024-10-22T03:54:53.553+0000] {logging_mixin.py:190} INFO - [2024-10-22T03:54:53.552+0000] {dag.py:3239} INFO - Sync 1 DAGs
[2024-10-22T03:54:53.589+0000] {logging_mixin.py:190} INFO - [2024-10-22T03:54:53.588+0000] {dag.py:4180} INFO - Setting next_dagrun for example_weekday_branch_operator to 2024-10-21 00:00:00+00:00, run_after=2024-10-22 00:00:00+00:00
[2024-10-22T03:54:53.617+0000] {processor.py:208} INFO - Processing /home/airflow/.local/lib/python3.12/site-packages/airflow/example_dags/example_branch_day_of_week_operator.py took 0.123 seconds
[2024-10-22T03:55:23.861+0000] {processor.py:186} INFO - Started process (PID=59581) to work on /home/airflow/.local/lib/python3.12/site-packages/airflow/example_dags/example_branch_day_of_week_operator.py
[2024-10-22T03:55:23.862+0000] {processor.py:914} INFO - Processing file /home/airflow/.local/lib/python3.12/site-packages/airflow/example_dags/example_branch_day_of_week_operator.py for tasks to queue
[2024-10-22T03:55:23.863+0000] {logging_mixin.py:190} INFO - [2024-10-22T03:55:23.863+0000] {dagbag.py:588} INFO - Filling up the DagBag from /home/airflow/.local/lib/python3.12/site-packages/airflow/example_dags/example_branch_day_of_week_operator.py
[2024-10-22T03:55:23.871+0000] {processor.py:925} INFO - DAG(s) 'example_weekday_branch_operator' retrieved from /home/airflow/.local/lib/python3.12/site-packages/airflow/example_dags/example_branch_day_of_week_operator.py
[2024-10-22T03:55:23.898+0000] {logging_mixin.py:190} INFO - [2024-10-22T03:55:23.898+0000] {dag.py:3239} INFO - Sync 1 DAGs
[2024-10-22T03:55:23.925+0000] {logging_mixin.py:190} INFO - [2024-10-22T03:55:23.925+0000] {dag.py:4180} INFO - Setting next_dagrun for example_weekday_branch_operator to 2024-10-21 00:00:00+00:00, run_after=2024-10-22 00:00:00+00:00
[2024-10-22T03:55:23.944+0000] {processor.py:208} INFO - Processing /home/airflow/.local/lib/python3.12/site-packages/airflow/example_dags/example_branch_day_of_week_operator.py took 0.091 seconds
[2024-10-22T03:55:54.243+0000] {processor.py:186} INFO - Started process (PID=59647) to work on /home/airflow/.local/lib/python3.12/site-packages/airflow/example_dags/example_branch_day_of_week_operator.py
[2024-10-22T03:55:54.244+0000] {processor.py:914} INFO - Processing file /home/airflow/.local/lib/python3.12/site-packages/airflow/example_dags/example_branch_day_of_week_operator.py for tasks to queue
[2024-10-22T03:55:54.246+0000] {logging_mixin.py:190} INFO - [2024-10-22T03:55:54.246+0000] {dagbag.py:588} INFO - Filling up the DagBag from /home/airflow/.local/lib/python3.12/site-packages/airflow/example_dags/example_branch_day_of_week_operator.py
[2024-10-22T03:55:54.256+0000] {processor.py:925} INFO - DAG(s) 'example_weekday_branch_operator' retrieved from /home/airflow/.local/lib/python3.12/site-packages/airflow/example_dags/example_branch_day_of_week_operator.py
[2024-10-22T03:55:54.293+0000] {logging_mixin.py:190} INFO - [2024-10-22T03:55:54.292+0000] {dag.py:3239} INFO - Sync 1 DAGs
[2024-10-22T03:55:54.333+0000] {logging_mixin.py:190} INFO - [2024-10-22T03:55:54.333+0000] {dag.py:4180} INFO - Setting next_dagrun for example_weekday_branch_operator to 2024-10-21 00:00:00+00:00, run_after=2024-10-22 00:00:00+00:00
[2024-10-22T03:55:54.357+0000] {processor.py:208} INFO - Processing /home/airflow/.local/lib/python3.12/site-packages/airflow/example_dags/example_branch_day_of_week_operator.py took 0.123 seconds
[2024-10-22T03:56:25.201+0000] {processor.py:186} INFO - Started process (PID=59714) to work on /home/airflow/.local/lib/python3.12/site-packages/airflow/example_dags/example_branch_day_of_week_operator.py
[2024-10-22T03:56:25.203+0000] {processor.py:914} INFO - Processing file /home/airflow/.local/lib/python3.12/site-packages/airflow/example_dags/example_branch_day_of_week_operator.py for tasks to queue
[2024-10-22T03:56:25.205+0000] {logging_mixin.py:190} INFO - [2024-10-22T03:56:25.205+0000] {dagbag.py:588} INFO - Filling up the DagBag from /home/airflow/.local/lib/python3.12/site-packages/airflow/example_dags/example_branch_day_of_week_operator.py
[2024-10-22T03:56:25.217+0000] {processor.py:925} INFO - DAG(s) 'example_weekday_branch_operator' retrieved from /home/airflow/.local/lib/python3.12/site-packages/airflow/example_dags/example_branch_day_of_week_operator.py
[2024-10-22T03:56:25.248+0000] {logging_mixin.py:190} INFO - [2024-10-22T03:56:25.247+0000] {dag.py:3239} INFO - Sync 1 DAGs
[2024-10-22T03:56:25.277+0000] {logging_mixin.py:190} INFO - [2024-10-22T03:56:25.277+0000] {dag.py:4180} INFO - Setting next_dagrun for example_weekday_branch_operator to 2024-10-21 00:00:00+00:00, run_after=2024-10-22 00:00:00+00:00
[2024-10-22T03:56:25.297+0000] {processor.py:208} INFO - Processing /home/airflow/.local/lib/python3.12/site-packages/airflow/example_dags/example_branch_day_of_week_operator.py took 0.111 seconds
[2024-10-22T03:56:55.815+0000] {processor.py:186} INFO - Started process (PID=59781) to work on /home/airflow/.local/lib/python3.12/site-packages/airflow/example_dags/example_branch_day_of_week_operator.py
[2024-10-22T03:56:55.816+0000] {processor.py:914} INFO - Processing file /home/airflow/.local/lib/python3.12/site-packages/airflow/example_dags/example_branch_day_of_week_operator.py for tasks to queue
[2024-10-22T03:56:55.819+0000] {logging_mixin.py:190} INFO - [2024-10-22T03:56:55.818+0000] {dagbag.py:588} INFO - Filling up the DagBag from /home/airflow/.local/lib/python3.12/site-packages/airflow/example_dags/example_branch_day_of_week_operator.py
[2024-10-22T03:56:55.829+0000] {processor.py:925} INFO - DAG(s) 'example_weekday_branch_operator' retrieved from /home/airflow/.local/lib/python3.12/site-packages/airflow/example_dags/example_branch_day_of_week_operator.py
[2024-10-22T03:56:55.861+0000] {logging_mixin.py:190} INFO - [2024-10-22T03:56:55.861+0000] {dag.py:3239} INFO - Sync 1 DAGs
[2024-10-22T03:56:55.892+0000] {logging_mixin.py:190} INFO - [2024-10-22T03:56:55.892+0000] {dag.py:4180} INFO - Setting next_dagrun for example_weekday_branch_operator to 2024-10-21 00:00:00+00:00, run_after=2024-10-22 00:00:00+00:00
[2024-10-22T03:56:55.914+0000] {processor.py:208} INFO - Processing /home/airflow/.local/lib/python3.12/site-packages/airflow/example_dags/example_branch_day_of_week_operator.py took 0.107 seconds
[2024-10-22T03:57:26.123+0000] {processor.py:186} INFO - Started process (PID=59848) to work on /home/airflow/.local/lib/python3.12/site-packages/airflow/example_dags/example_branch_day_of_week_operator.py
[2024-10-22T03:57:26.124+0000] {processor.py:914} INFO - Processing file /home/airflow/.local/lib/python3.12/site-packages/airflow/example_dags/example_branch_day_of_week_operator.py for tasks to queue
[2024-10-22T03:57:26.126+0000] {logging_mixin.py:190} INFO - [2024-10-22T03:57:26.126+0000] {dagbag.py:588} INFO - Filling up the DagBag from /home/airflow/.local/lib/python3.12/site-packages/airflow/example_dags/example_branch_day_of_week_operator.py
[2024-10-22T03:57:26.136+0000] {processor.py:925} INFO - DAG(s) 'example_weekday_branch_operator' retrieved from /home/airflow/.local/lib/python3.12/site-packages/airflow/example_dags/example_branch_day_of_week_operator.py
[2024-10-22T03:57:26.161+0000] {logging_mixin.py:190} INFO - [2024-10-22T03:57:26.161+0000] {dag.py:3239} INFO - Sync 1 DAGs
[2024-10-22T03:57:26.186+0000] {logging_mixin.py:190} INFO - [2024-10-22T03:57:26.186+0000] {dag.py:4180} INFO - Setting next_dagrun for example_weekday_branch_operator to 2024-10-21 00:00:00+00:00, run_after=2024-10-22 00:00:00+00:00
[2024-10-22T03:57:26.204+0000] {processor.py:208} INFO - Processing /home/airflow/.local/lib/python3.12/site-packages/airflow/example_dags/example_branch_day_of_week_operator.py took 0.089 seconds
[2024-10-22T03:57:57.069+0000] {processor.py:186} INFO - Started process (PID=59915) to work on /home/airflow/.local/lib/python3.12/site-packages/airflow/example_dags/example_branch_day_of_week_operator.py
[2024-10-22T03:57:57.070+0000] {processor.py:914} INFO - Processing file /home/airflow/.local/lib/python3.12/site-packages/airflow/example_dags/example_branch_day_of_week_operator.py for tasks to queue
[2024-10-22T03:57:57.072+0000] {logging_mixin.py:190} INFO - [2024-10-22T03:57:57.072+0000] {dagbag.py:588} INFO - Filling up the DagBag from /home/airflow/.local/lib/python3.12/site-packages/airflow/example_dags/example_branch_day_of_week_operator.py
[2024-10-22T03:57:57.082+0000] {processor.py:925} INFO - DAG(s) 'example_weekday_branch_operator' retrieved from /home/airflow/.local/lib/python3.12/site-packages/airflow/example_dags/example_branch_day_of_week_operator.py
[2024-10-22T03:57:57.109+0000] {logging_mixin.py:190} INFO - [2024-10-22T03:57:57.109+0000] {dag.py:3239} INFO - Sync 1 DAGs
[2024-10-22T03:57:57.136+0000] {logging_mixin.py:190} INFO - [2024-10-22T03:57:57.136+0000] {dag.py:4180} INFO - Setting next_dagrun for example_weekday_branch_operator to 2024-10-21 00:00:00+00:00, run_after=2024-10-22 00:00:00+00:00
[2024-10-22T03:57:57.153+0000] {processor.py:208} INFO - Processing /home/airflow/.local/lib/python3.12/site-packages/airflow/example_dags/example_branch_day_of_week_operator.py took 0.093 seconds
[2024-10-22T03:58:27.296+0000] {processor.py:186} INFO - Started process (PID=59982) to work on /home/airflow/.local/lib/python3.12/site-packages/airflow/example_dags/example_branch_day_of_week_operator.py
[2024-10-22T03:58:27.298+0000] {processor.py:914} INFO - Processing file /home/airflow/.local/lib/python3.12/site-packages/airflow/example_dags/example_branch_day_of_week_operator.py for tasks to queue
[2024-10-22T03:58:27.300+0000] {logging_mixin.py:190} INFO - [2024-10-22T03:58:27.299+0000] {dagbag.py:588} INFO - Filling up the DagBag from /home/airflow/.local/lib/python3.12/site-packages/airflow/example_dags/example_branch_day_of_week_operator.py
[2024-10-22T03:58:27.309+0000] {processor.py:925} INFO - DAG(s) 'example_weekday_branch_operator' retrieved from /home/airflow/.local/lib/python3.12/site-packages/airflow/example_dags/example_branch_day_of_week_operator.py
[2024-10-22T03:58:27.334+0000] {logging_mixin.py:190} INFO - [2024-10-22T03:58:27.333+0000] {dag.py:3239} INFO - Sync 1 DAGs
[2024-10-22T03:58:27.547+0000] {logging_mixin.py:190} INFO - [2024-10-22T03:58:27.546+0000] {dag.py:4180} INFO - Setting next_dagrun for example_weekday_branch_operator to 2024-10-21 00:00:00+00:00, run_after=2024-10-22 00:00:00+00:00
[2024-10-22T03:58:27.567+0000] {processor.py:208} INFO - Processing /home/airflow/.local/lib/python3.12/site-packages/airflow/example_dags/example_branch_day_of_week_operator.py took 0.280 seconds
[2024-10-22T03:58:58.001+0000] {processor.py:186} INFO - Started process (PID=60049) to work on /home/airflow/.local/lib/python3.12/site-packages/airflow/example_dags/example_branch_day_of_week_operator.py
[2024-10-22T03:58:58.001+0000] {processor.py:914} INFO - Processing file /home/airflow/.local/lib/python3.12/site-packages/airflow/example_dags/example_branch_day_of_week_operator.py for tasks to queue
[2024-10-22T03:58:58.003+0000] {logging_mixin.py:190} INFO - [2024-10-22T03:58:58.002+0000] {dagbag.py:588} INFO - Filling up the DagBag from /home/airflow/.local/lib/python3.12/site-packages/airflow/example_dags/example_branch_day_of_week_operator.py
[2024-10-22T03:58:58.012+0000] {processor.py:925} INFO - DAG(s) 'example_weekday_branch_operator' retrieved from /home/airflow/.local/lib/python3.12/site-packages/airflow/example_dags/example_branch_day_of_week_operator.py
[2024-10-22T03:58:58.042+0000] {logging_mixin.py:190} INFO - [2024-10-22T03:58:58.042+0000] {dag.py:3239} INFO - Sync 1 DAGs
[2024-10-22T03:58:58.251+0000] {logging_mixin.py:190} INFO - [2024-10-22T03:58:58.251+0000] {dag.py:4180} INFO - Setting next_dagrun for example_weekday_branch_operator to 2024-10-21 00:00:00+00:00, run_after=2024-10-22 00:00:00+00:00
[2024-10-22T03:58:58.270+0000] {processor.py:208} INFO - Processing /home/airflow/.local/lib/python3.12/site-packages/airflow/example_dags/example_branch_day_of_week_operator.py took 0.277 seconds
[2024-10-22T03:59:29.899+0000] {processor.py:186} INFO - Started process (PID=60115) to work on /home/airflow/.local/lib/python3.12/site-packages/airflow/example_dags/example_branch_day_of_week_operator.py
[2024-10-22T03:59:29.900+0000] {processor.py:914} INFO - Processing file /home/airflow/.local/lib/python3.12/site-packages/airflow/example_dags/example_branch_day_of_week_operator.py for tasks to queue
[2024-10-22T03:59:29.901+0000] {logging_mixin.py:190} INFO - [2024-10-22T03:59:29.901+0000] {dagbag.py:588} INFO - Filling up the DagBag from /home/airflow/.local/lib/python3.12/site-packages/airflow/example_dags/example_branch_day_of_week_operator.py
[2024-10-22T03:59:29.910+0000] {processor.py:925} INFO - DAG(s) 'example_weekday_branch_operator' retrieved from /home/airflow/.local/lib/python3.12/site-packages/airflow/example_dags/example_branch_day_of_week_operator.py
[2024-10-22T03:59:29.933+0000] {logging_mixin.py:190} INFO - [2024-10-22T03:59:29.932+0000] {dag.py:3239} INFO - Sync 1 DAGs
[2024-10-22T03:59:29.960+0000] {logging_mixin.py:190} INFO - [2024-10-22T03:59:29.960+0000] {dag.py:4180} INFO - Setting next_dagrun for example_weekday_branch_operator to 2024-10-21 00:00:00+00:00, run_after=2024-10-22 00:00:00+00:00
[2024-10-22T03:59:29.979+0000] {processor.py:208} INFO - Processing /home/airflow/.local/lib/python3.12/site-packages/airflow/example_dags/example_branch_day_of_week_operator.py took 0.088 seconds
[2024-10-22T04:00:00.354+0000] {processor.py:186} INFO - Started process (PID=60182) to work on /home/airflow/.local/lib/python3.12/site-packages/airflow/example_dags/example_branch_day_of_week_operator.py
[2024-10-22T04:00:00.355+0000] {processor.py:914} INFO - Processing file /home/airflow/.local/lib/python3.12/site-packages/airflow/example_dags/example_branch_day_of_week_operator.py for tasks to queue
[2024-10-22T04:00:00.356+0000] {logging_mixin.py:190} INFO - [2024-10-22T04:00:00.356+0000] {dagbag.py:588} INFO - Filling up the DagBag from /home/airflow/.local/lib/python3.12/site-packages/airflow/example_dags/example_branch_day_of_week_operator.py
[2024-10-22T04:00:00.365+0000] {processor.py:925} INFO - DAG(s) 'example_weekday_branch_operator' retrieved from /home/airflow/.local/lib/python3.12/site-packages/airflow/example_dags/example_branch_day_of_week_operator.py
[2024-10-22T04:00:00.388+0000] {logging_mixin.py:190} INFO - [2024-10-22T04:00:00.388+0000] {dag.py:3239} INFO - Sync 1 DAGs
[2024-10-22T04:00:00.414+0000] {logging_mixin.py:190} INFO - [2024-10-22T04:00:00.414+0000] {dag.py:4180} INFO - Setting next_dagrun for example_weekday_branch_operator to 2024-10-21 00:00:00+00:00, run_after=2024-10-22 00:00:00+00:00
[2024-10-22T04:00:00.433+0000] {processor.py:208} INFO - Processing /home/airflow/.local/lib/python3.12/site-packages/airflow/example_dags/example_branch_day_of_week_operator.py took 0.088 seconds
[2024-10-22T04:00:30.553+0000] {processor.py:186} INFO - Started process (PID=60249) to work on /home/airflow/.local/lib/python3.12/site-packages/airflow/example_dags/example_branch_day_of_week_operator.py
[2024-10-22T04:00:30.554+0000] {processor.py:914} INFO - Processing file /home/airflow/.local/lib/python3.12/site-packages/airflow/example_dags/example_branch_day_of_week_operator.py for tasks to queue
[2024-10-22T04:00:30.556+0000] {logging_mixin.py:190} INFO - [2024-10-22T04:00:30.555+0000] {dagbag.py:588} INFO - Filling up the DagBag from /home/airflow/.local/lib/python3.12/site-packages/airflow/example_dags/example_branch_day_of_week_operator.py
[2024-10-22T04:00:30.565+0000] {processor.py:925} INFO - DAG(s) 'example_weekday_branch_operator' retrieved from /home/airflow/.local/lib/python3.12/site-packages/airflow/example_dags/example_branch_day_of_week_operator.py
[2024-10-22T04:00:30.587+0000] {logging_mixin.py:190} INFO - [2024-10-22T04:00:30.586+0000] {dag.py:3239} INFO - Sync 1 DAGs
[2024-10-22T04:00:30.611+0000] {logging_mixin.py:190} INFO - [2024-10-22T04:00:30.611+0000] {dag.py:4180} INFO - Setting next_dagrun for example_weekday_branch_operator to 2024-10-21 00:00:00+00:00, run_after=2024-10-22 00:00:00+00:00
[2024-10-22T04:00:30.627+0000] {processor.py:208} INFO - Processing /home/airflow/.local/lib/python3.12/site-packages/airflow/example_dags/example_branch_day_of_week_operator.py took 0.084 seconds
[2024-10-22T04:01:01.273+0000] {processor.py:186} INFO - Started process (PID=60316) to work on /home/airflow/.local/lib/python3.12/site-packages/airflow/example_dags/example_branch_day_of_week_operator.py
[2024-10-22T04:01:01.274+0000] {processor.py:914} INFO - Processing file /home/airflow/.local/lib/python3.12/site-packages/airflow/example_dags/example_branch_day_of_week_operator.py for tasks to queue
[2024-10-22T04:01:01.276+0000] {logging_mixin.py:190} INFO - [2024-10-22T04:01:01.275+0000] {dagbag.py:588} INFO - Filling up the DagBag from /home/airflow/.local/lib/python3.12/site-packages/airflow/example_dags/example_branch_day_of_week_operator.py
[2024-10-22T04:01:01.284+0000] {processor.py:925} INFO - DAG(s) 'example_weekday_branch_operator' retrieved from /home/airflow/.local/lib/python3.12/site-packages/airflow/example_dags/example_branch_day_of_week_operator.py
[2024-10-22T04:01:01.304+0000] {logging_mixin.py:190} INFO - [2024-10-22T04:01:01.304+0000] {dag.py:3239} INFO - Sync 1 DAGs
[2024-10-22T04:01:01.328+0000] {logging_mixin.py:190} INFO - [2024-10-22T04:01:01.327+0000] {dag.py:4180} INFO - Setting next_dagrun for example_weekday_branch_operator to 2024-10-21 00:00:00+00:00, run_after=2024-10-22 00:00:00+00:00
[2024-10-22T04:01:01.345+0000] {processor.py:208} INFO - Processing /home/airflow/.local/lib/python3.12/site-packages/airflow/example_dags/example_branch_day_of_week_operator.py took 0.078 seconds
[2024-10-22T04:01:32.016+0000] {processor.py:186} INFO - Started process (PID=60383) to work on /home/airflow/.local/lib/python3.12/site-packages/airflow/example_dags/example_branch_day_of_week_operator.py
[2024-10-22T04:01:32.017+0000] {processor.py:914} INFO - Processing file /home/airflow/.local/lib/python3.12/site-packages/airflow/example_dags/example_branch_day_of_week_operator.py for tasks to queue
[2024-10-22T04:01:32.018+0000] {logging_mixin.py:190} INFO - [2024-10-22T04:01:32.018+0000] {dagbag.py:588} INFO - Filling up the DagBag from /home/airflow/.local/lib/python3.12/site-packages/airflow/example_dags/example_branch_day_of_week_operator.py
[2024-10-22T04:01:32.026+0000] {processor.py:925} INFO - DAG(s) 'example_weekday_branch_operator' retrieved from /home/airflow/.local/lib/python3.12/site-packages/airflow/example_dags/example_branch_day_of_week_operator.py
[2024-10-22T04:01:32.057+0000] {logging_mixin.py:190} INFO - [2024-10-22T04:01:32.056+0000] {dag.py:3239} INFO - Sync 1 DAGs
[2024-10-22T04:01:32.082+0000] {logging_mixin.py:190} INFO - [2024-10-22T04:01:32.082+0000] {dag.py:4180} INFO - Setting next_dagrun for example_weekday_branch_operator to 2024-10-21 00:00:00+00:00, run_after=2024-10-22 00:00:00+00:00
[2024-10-22T04:01:32.100+0000] {processor.py:208} INFO - Processing /home/airflow/.local/lib/python3.12/site-packages/airflow/example_dags/example_branch_day_of_week_operator.py took 0.091 seconds
[2024-10-22T04:02:02.792+0000] {processor.py:186} INFO - Started process (PID=60450) to work on /home/airflow/.local/lib/python3.12/site-packages/airflow/example_dags/example_branch_day_of_week_operator.py
[2024-10-22T04:02:02.793+0000] {processor.py:914} INFO - Processing file /home/airflow/.local/lib/python3.12/site-packages/airflow/example_dags/example_branch_day_of_week_operator.py for tasks to queue
[2024-10-22T04:02:02.794+0000] {logging_mixin.py:190} INFO - [2024-10-22T04:02:02.794+0000] {dagbag.py:588} INFO - Filling up the DagBag from /home/airflow/.local/lib/python3.12/site-packages/airflow/example_dags/example_branch_day_of_week_operator.py
[2024-10-22T04:02:02.803+0000] {processor.py:925} INFO - DAG(s) 'example_weekday_branch_operator' retrieved from /home/airflow/.local/lib/python3.12/site-packages/airflow/example_dags/example_branch_day_of_week_operator.py
[2024-10-22T04:02:02.828+0000] {logging_mixin.py:190} INFO - [2024-10-22T04:02:02.828+0000] {dag.py:3239} INFO - Sync 1 DAGs
[2024-10-22T04:02:02.854+0000] {logging_mixin.py:190} INFO - [2024-10-22T04:02:02.854+0000] {dag.py:4180} INFO - Setting next_dagrun for example_weekday_branch_operator to 2024-10-21 00:00:00+00:00, run_after=2024-10-22 00:00:00+00:00
[2024-10-22T04:02:02.875+0000] {processor.py:208} INFO - Processing /home/airflow/.local/lib/python3.12/site-packages/airflow/example_dags/example_branch_day_of_week_operator.py took 0.091 seconds
[2024-10-22T04:02:33.599+0000] {processor.py:186} INFO - Started process (PID=60517) to work on /home/airflow/.local/lib/python3.12/site-packages/airflow/example_dags/example_branch_day_of_week_operator.py
[2024-10-22T04:02:33.600+0000] {processor.py:914} INFO - Processing file /home/airflow/.local/lib/python3.12/site-packages/airflow/example_dags/example_branch_day_of_week_operator.py for tasks to queue
[2024-10-22T04:02:33.602+0000] {logging_mixin.py:190} INFO - [2024-10-22T04:02:33.601+0000] {dagbag.py:588} INFO - Filling up the DagBag from /home/airflow/.local/lib/python3.12/site-packages/airflow/example_dags/example_branch_day_of_week_operator.py
[2024-10-22T04:02:33.610+0000] {processor.py:925} INFO - DAG(s) 'example_weekday_branch_operator' retrieved from /home/airflow/.local/lib/python3.12/site-packages/airflow/example_dags/example_branch_day_of_week_operator.py
[2024-10-22T04:02:33.637+0000] {logging_mixin.py:190} INFO - [2024-10-22T04:02:33.636+0000] {dag.py:3239} INFO - Sync 1 DAGs
[2024-10-22T04:02:33.666+0000] {logging_mixin.py:190} INFO - [2024-10-22T04:02:33.666+0000] {dag.py:4180} INFO - Setting next_dagrun for example_weekday_branch_operator to 2024-10-21 00:00:00+00:00, run_after=2024-10-22 00:00:00+00:00
[2024-10-22T04:02:33.684+0000] {processor.py:208} INFO - Processing /home/airflow/.local/lib/python3.12/site-packages/airflow/example_dags/example_branch_day_of_week_operator.py took 0.092 seconds
[2024-10-22T04:03:04.358+0000] {processor.py:186} INFO - Started process (PID=60583) to work on /home/airflow/.local/lib/python3.12/site-packages/airflow/example_dags/example_branch_day_of_week_operator.py
[2024-10-22T04:03:04.359+0000] {processor.py:914} INFO - Processing file /home/airflow/.local/lib/python3.12/site-packages/airflow/example_dags/example_branch_day_of_week_operator.py for tasks to queue
[2024-10-22T04:03:04.361+0000] {logging_mixin.py:190} INFO - [2024-10-22T04:03:04.361+0000] {dagbag.py:588} INFO - Filling up the DagBag from /home/airflow/.local/lib/python3.12/site-packages/airflow/example_dags/example_branch_day_of_week_operator.py
[2024-10-22T04:03:04.371+0000] {processor.py:925} INFO - DAG(s) 'example_weekday_branch_operator' retrieved from /home/airflow/.local/lib/python3.12/site-packages/airflow/example_dags/example_branch_day_of_week_operator.py
[2024-10-22T04:03:04.395+0000] {logging_mixin.py:190} INFO - [2024-10-22T04:03:04.395+0000] {dag.py:3239} INFO - Sync 1 DAGs
[2024-10-22T04:03:04.422+0000] {logging_mixin.py:190} INFO - [2024-10-22T04:03:04.422+0000] {dag.py:4180} INFO - Setting next_dagrun for example_weekday_branch_operator to 2024-10-21 00:00:00+00:00, run_after=2024-10-22 00:00:00+00:00
[2024-10-22T04:03:04.439+0000] {processor.py:208} INFO - Processing /home/airflow/.local/lib/python3.12/site-packages/airflow/example_dags/example_branch_day_of_week_operator.py took 0.090 seconds
[2024-10-22T04:03:34.472+0000] {processor.py:186} INFO - Started process (PID=60649) to work on /home/airflow/.local/lib/python3.12/site-packages/airflow/example_dags/example_branch_day_of_week_operator.py
[2024-10-22T04:03:34.474+0000] {processor.py:914} INFO - Processing file /home/airflow/.local/lib/python3.12/site-packages/airflow/example_dags/example_branch_day_of_week_operator.py for tasks to queue
[2024-10-22T04:03:34.475+0000] {logging_mixin.py:190} INFO - [2024-10-22T04:03:34.475+0000] {dagbag.py:588} INFO - Filling up the DagBag from /home/airflow/.local/lib/python3.12/site-packages/airflow/example_dags/example_branch_day_of_week_operator.py
[2024-10-22T04:03:34.484+0000] {processor.py:925} INFO - DAG(s) 'example_weekday_branch_operator' retrieved from /home/airflow/.local/lib/python3.12/site-packages/airflow/example_dags/example_branch_day_of_week_operator.py
[2024-10-22T04:03:34.508+0000] {logging_mixin.py:190} INFO - [2024-10-22T04:03:34.508+0000] {dag.py:3239} INFO - Sync 1 DAGs
[2024-10-22T04:03:34.533+0000] {logging_mixin.py:190} INFO - [2024-10-22T04:03:34.533+0000] {dag.py:4180} INFO - Setting next_dagrun for example_weekday_branch_operator to 2024-10-21 00:00:00+00:00, run_after=2024-10-22 00:00:00+00:00
[2024-10-22T04:03:34.552+0000] {processor.py:208} INFO - Processing /home/airflow/.local/lib/python3.12/site-packages/airflow/example_dags/example_branch_day_of_week_operator.py took 0.088 seconds
[2024-10-22T04:04:04.769+0000] {processor.py:186} INFO - Started process (PID=60717) to work on /home/airflow/.local/lib/python3.12/site-packages/airflow/example_dags/example_branch_day_of_week_operator.py
[2024-10-22T04:04:04.770+0000] {processor.py:914} INFO - Processing file /home/airflow/.local/lib/python3.12/site-packages/airflow/example_dags/example_branch_day_of_week_operator.py for tasks to queue
[2024-10-22T04:04:04.772+0000] {logging_mixin.py:190} INFO - [2024-10-22T04:04:04.771+0000] {dagbag.py:588} INFO - Filling up the DagBag from /home/airflow/.local/lib/python3.12/site-packages/airflow/example_dags/example_branch_day_of_week_operator.py
[2024-10-22T04:04:04.781+0000] {processor.py:925} INFO - DAG(s) 'example_weekday_branch_operator' retrieved from /home/airflow/.local/lib/python3.12/site-packages/airflow/example_dags/example_branch_day_of_week_operator.py
[2024-10-22T04:04:04.805+0000] {logging_mixin.py:190} INFO - [2024-10-22T04:04:04.805+0000] {dag.py:3239} INFO - Sync 1 DAGs
[2024-10-22T04:04:04.830+0000] {logging_mixin.py:190} INFO - [2024-10-22T04:04:04.830+0000] {dag.py:4180} INFO - Setting next_dagrun for example_weekday_branch_operator to 2024-10-21 00:00:00+00:00, run_after=2024-10-22 00:00:00+00:00
[2024-10-22T04:04:04.848+0000] {processor.py:208} INFO - Processing /home/airflow/.local/lib/python3.12/site-packages/airflow/example_dags/example_branch_day_of_week_operator.py took 0.087 seconds
[2024-10-22T04:04:35.723+0000] {processor.py:186} INFO - Started process (PID=60784) to work on /home/airflow/.local/lib/python3.12/site-packages/airflow/example_dags/example_branch_day_of_week_operator.py
[2024-10-22T04:04:35.724+0000] {processor.py:914} INFO - Processing file /home/airflow/.local/lib/python3.12/site-packages/airflow/example_dags/example_branch_day_of_week_operator.py for tasks to queue
[2024-10-22T04:04:35.726+0000] {logging_mixin.py:190} INFO - [2024-10-22T04:04:35.726+0000] {dagbag.py:588} INFO - Filling up the DagBag from /home/airflow/.local/lib/python3.12/site-packages/airflow/example_dags/example_branch_day_of_week_operator.py
[2024-10-22T04:04:35.734+0000] {processor.py:925} INFO - DAG(s) 'example_weekday_branch_operator' retrieved from /home/airflow/.local/lib/python3.12/site-packages/airflow/example_dags/example_branch_day_of_week_operator.py
[2024-10-22T04:04:35.758+0000] {logging_mixin.py:190} INFO - [2024-10-22T04:04:35.758+0000] {dag.py:3239} INFO - Sync 1 DAGs
[2024-10-22T04:04:35.785+0000] {logging_mixin.py:190} INFO - [2024-10-22T04:04:35.785+0000] {dag.py:4180} INFO - Setting next_dagrun for example_weekday_branch_operator to 2024-10-21 00:00:00+00:00, run_after=2024-10-22 00:00:00+00:00
[2024-10-22T04:04:35.802+0000] {processor.py:208} INFO - Processing /home/airflow/.local/lib/python3.12/site-packages/airflow/example_dags/example_branch_day_of_week_operator.py took 0.088 seconds
[2024-10-22T04:05:06.458+0000] {processor.py:186} INFO - Started process (PID=60851) to work on /home/airflow/.local/lib/python3.12/site-packages/airflow/example_dags/example_branch_day_of_week_operator.py
[2024-10-22T04:05:06.458+0000] {processor.py:914} INFO - Processing file /home/airflow/.local/lib/python3.12/site-packages/airflow/example_dags/example_branch_day_of_week_operator.py for tasks to queue
[2024-10-22T04:05:06.460+0000] {logging_mixin.py:190} INFO - [2024-10-22T04:05:06.459+0000] {dagbag.py:588} INFO - Filling up the DagBag from /home/airflow/.local/lib/python3.12/site-packages/airflow/example_dags/example_branch_day_of_week_operator.py
[2024-10-22T04:05:06.468+0000] {processor.py:925} INFO - DAG(s) 'example_weekday_branch_operator' retrieved from /home/airflow/.local/lib/python3.12/site-packages/airflow/example_dags/example_branch_day_of_week_operator.py
[2024-10-22T04:05:06.493+0000] {logging_mixin.py:190} INFO - [2024-10-22T04:05:06.492+0000] {dag.py:3239} INFO - Sync 1 DAGs
[2024-10-22T04:05:06.519+0000] {logging_mixin.py:190} INFO - [2024-10-22T04:05:06.518+0000] {dag.py:4180} INFO - Setting next_dagrun for example_weekday_branch_operator to 2024-10-21 00:00:00+00:00, run_after=2024-10-22 00:00:00+00:00
[2024-10-22T04:05:06.536+0000] {processor.py:208} INFO - Processing /home/airflow/.local/lib/python3.12/site-packages/airflow/example_dags/example_branch_day_of_week_operator.py took 0.086 seconds
[2024-10-22T04:05:36.950+0000] {processor.py:186} INFO - Started process (PID=60918) to work on /home/airflow/.local/lib/python3.12/site-packages/airflow/example_dags/example_branch_day_of_week_operator.py
[2024-10-22T04:05:36.951+0000] {processor.py:914} INFO - Processing file /home/airflow/.local/lib/python3.12/site-packages/airflow/example_dags/example_branch_day_of_week_operator.py for tasks to queue
[2024-10-22T04:05:36.953+0000] {logging_mixin.py:190} INFO - [2024-10-22T04:05:36.953+0000] {dagbag.py:588} INFO - Filling up the DagBag from /home/airflow/.local/lib/python3.12/site-packages/airflow/example_dags/example_branch_day_of_week_operator.py
[2024-10-22T04:05:36.961+0000] {processor.py:925} INFO - DAG(s) 'example_weekday_branch_operator' retrieved from /home/airflow/.local/lib/python3.12/site-packages/airflow/example_dags/example_branch_day_of_week_operator.py
[2024-10-22T04:05:36.984+0000] {logging_mixin.py:190} INFO - [2024-10-22T04:05:36.984+0000] {dag.py:3239} INFO - Sync 1 DAGs
[2024-10-22T04:05:37.010+0000] {logging_mixin.py:190} INFO - [2024-10-22T04:05:37.010+0000] {dag.py:4180} INFO - Setting next_dagrun for example_weekday_branch_operator to 2024-10-21 00:00:00+00:00, run_after=2024-10-22 00:00:00+00:00
[2024-10-22T04:05:37.027+0000] {processor.py:208} INFO - Processing /home/airflow/.local/lib/python3.12/site-packages/airflow/example_dags/example_branch_day_of_week_operator.py took 0.085 seconds
[2024-10-22T04:06:07.134+0000] {processor.py:186} INFO - Started process (PID=60985) to work on /home/airflow/.local/lib/python3.12/site-packages/airflow/example_dags/example_branch_day_of_week_operator.py
[2024-10-22T04:06:07.135+0000] {processor.py:914} INFO - Processing file /home/airflow/.local/lib/python3.12/site-packages/airflow/example_dags/example_branch_day_of_week_operator.py for tasks to queue
[2024-10-22T04:06:07.137+0000] {logging_mixin.py:190} INFO - [2024-10-22T04:06:07.136+0000] {dagbag.py:588} INFO - Filling up the DagBag from /home/airflow/.local/lib/python3.12/site-packages/airflow/example_dags/example_branch_day_of_week_operator.py
[2024-10-22T04:06:07.146+0000] {processor.py:925} INFO - DAG(s) 'example_weekday_branch_operator' retrieved from /home/airflow/.local/lib/python3.12/site-packages/airflow/example_dags/example_branch_day_of_week_operator.py
[2024-10-22T04:06:07.169+0000] {logging_mixin.py:190} INFO - [2024-10-22T04:06:07.169+0000] {dag.py:3239} INFO - Sync 1 DAGs
[2024-10-22T04:06:07.196+0000] {logging_mixin.py:190} INFO - [2024-10-22T04:06:07.196+0000] {dag.py:4180} INFO - Setting next_dagrun for example_weekday_branch_operator to 2024-10-21 00:00:00+00:00, run_after=2024-10-22 00:00:00+00:00
[2024-10-22T04:06:07.215+0000] {processor.py:208} INFO - Processing /home/airflow/.local/lib/python3.12/site-packages/airflow/example_dags/example_branch_day_of_week_operator.py took 0.089 seconds
[2024-10-22T04:06:37.619+0000] {processor.py:186} INFO - Started process (PID=61052) to work on /home/airflow/.local/lib/python3.12/site-packages/airflow/example_dags/example_branch_day_of_week_operator.py
[2024-10-22T04:06:37.620+0000] {processor.py:914} INFO - Processing file /home/airflow/.local/lib/python3.12/site-packages/airflow/example_dags/example_branch_day_of_week_operator.py for tasks to queue
[2024-10-22T04:06:37.622+0000] {logging_mixin.py:190} INFO - [2024-10-22T04:06:37.621+0000] {dagbag.py:588} INFO - Filling up the DagBag from /home/airflow/.local/lib/python3.12/site-packages/airflow/example_dags/example_branch_day_of_week_operator.py
[2024-10-22T04:06:37.630+0000] {processor.py:925} INFO - DAG(s) 'example_weekday_branch_operator' retrieved from /home/airflow/.local/lib/python3.12/site-packages/airflow/example_dags/example_branch_day_of_week_operator.py
[2024-10-22T04:06:37.655+0000] {logging_mixin.py:190} INFO - [2024-10-22T04:06:37.655+0000] {dag.py:3239} INFO - Sync 1 DAGs
[2024-10-22T04:06:37.685+0000] {logging_mixin.py:190} INFO - [2024-10-22T04:06:37.685+0000] {dag.py:4180} INFO - Setting next_dagrun for example_weekday_branch_operator to 2024-10-21 00:00:00+00:00, run_after=2024-10-22 00:00:00+00:00
[2024-10-22T04:06:37.708+0000] {processor.py:208} INFO - Processing /home/airflow/.local/lib/python3.12/site-packages/airflow/example_dags/example_branch_day_of_week_operator.py took 0.096 seconds
[2024-10-22T04:07:08.124+0000] {processor.py:186} INFO - Started process (PID=61120) to work on /home/airflow/.local/lib/python3.12/site-packages/airflow/example_dags/example_branch_day_of_week_operator.py
[2024-10-22T04:07:08.125+0000] {processor.py:914} INFO - Processing file /home/airflow/.local/lib/python3.12/site-packages/airflow/example_dags/example_branch_day_of_week_operator.py for tasks to queue
[2024-10-22T04:07:08.127+0000] {logging_mixin.py:190} INFO - [2024-10-22T04:07:08.126+0000] {dagbag.py:588} INFO - Filling up the DagBag from /home/airflow/.local/lib/python3.12/site-packages/airflow/example_dags/example_branch_day_of_week_operator.py
[2024-10-22T04:07:08.135+0000] {processor.py:925} INFO - DAG(s) 'example_weekday_branch_operator' retrieved from /home/airflow/.local/lib/python3.12/site-packages/airflow/example_dags/example_branch_day_of_week_operator.py
[2024-10-22T04:07:08.158+0000] {logging_mixin.py:190} INFO - [2024-10-22T04:07:08.158+0000] {dag.py:3239} INFO - Sync 1 DAGs
[2024-10-22T04:07:08.186+0000] {logging_mixin.py:190} INFO - [2024-10-22T04:07:08.185+0000] {dag.py:4180} INFO - Setting next_dagrun for example_weekday_branch_operator to 2024-10-21 00:00:00+00:00, run_after=2024-10-22 00:00:00+00:00
[2024-10-22T04:07:08.203+0000] {processor.py:208} INFO - Processing /home/airflow/.local/lib/python3.12/site-packages/airflow/example_dags/example_branch_day_of_week_operator.py took 0.085 seconds
[2024-10-22T04:07:38.455+0000] {processor.py:186} INFO - Started process (PID=61187) to work on /home/airflow/.local/lib/python3.12/site-packages/airflow/example_dags/example_branch_day_of_week_operator.py
[2024-10-22T04:07:38.456+0000] {processor.py:914} INFO - Processing file /home/airflow/.local/lib/python3.12/site-packages/airflow/example_dags/example_branch_day_of_week_operator.py for tasks to queue
[2024-10-22T04:07:38.458+0000] {logging_mixin.py:190} INFO - [2024-10-22T04:07:38.458+0000] {dagbag.py:588} INFO - Filling up the DagBag from /home/airflow/.local/lib/python3.12/site-packages/airflow/example_dags/example_branch_day_of_week_operator.py
[2024-10-22T04:07:38.467+0000] {processor.py:925} INFO - DAG(s) 'example_weekday_branch_operator' retrieved from /home/airflow/.local/lib/python3.12/site-packages/airflow/example_dags/example_branch_day_of_week_operator.py
[2024-10-22T04:07:38.490+0000] {logging_mixin.py:190} INFO - [2024-10-22T04:07:38.490+0000] {dag.py:3239} INFO - Sync 1 DAGs
[2024-10-22T04:07:38.527+0000] {logging_mixin.py:190} INFO - [2024-10-22T04:07:38.527+0000] {dag.py:4180} INFO - Setting next_dagrun for example_weekday_branch_operator to 2024-10-21 00:00:00+00:00, run_after=2024-10-22 00:00:00+00:00
[2024-10-22T04:07:38.550+0000] {processor.py:208} INFO - Processing /home/airflow/.local/lib/python3.12/site-packages/airflow/example_dags/example_branch_day_of_week_operator.py took 0.103 seconds
[2024-10-22T04:08:09.327+0000] {processor.py:186} INFO - Started process (PID=61260) to work on /home/airflow/.local/lib/python3.12/site-packages/airflow/example_dags/example_branch_day_of_week_operator.py
[2024-10-22T04:08:09.328+0000] {processor.py:914} INFO - Processing file /home/airflow/.local/lib/python3.12/site-packages/airflow/example_dags/example_branch_day_of_week_operator.py for tasks to queue
[2024-10-22T04:08:09.330+0000] {logging_mixin.py:190} INFO - [2024-10-22T04:08:09.330+0000] {dagbag.py:588} INFO - Filling up the DagBag from /home/airflow/.local/lib/python3.12/site-packages/airflow/example_dags/example_branch_day_of_week_operator.py
[2024-10-22T04:08:09.341+0000] {processor.py:925} INFO - DAG(s) 'example_weekday_branch_operator' retrieved from /home/airflow/.local/lib/python3.12/site-packages/airflow/example_dags/example_branch_day_of_week_operator.py
[2024-10-22T04:08:09.366+0000] {logging_mixin.py:190} INFO - [2024-10-22T04:08:09.366+0000] {dag.py:3239} INFO - Sync 1 DAGs
[2024-10-22T04:08:09.393+0000] {logging_mixin.py:190} INFO - [2024-10-22T04:08:09.392+0000] {dag.py:4180} INFO - Setting next_dagrun for example_weekday_branch_operator to 2024-10-21 00:00:00+00:00, run_after=2024-10-22 00:00:00+00:00
[2024-10-22T04:08:09.409+0000] {processor.py:208} INFO - Processing /home/airflow/.local/lib/python3.12/site-packages/airflow/example_dags/example_branch_day_of_week_operator.py took 0.089 seconds
[2024-10-22T04:08:39.587+0000] {processor.py:186} INFO - Started process (PID=61326) to work on /home/airflow/.local/lib/python3.12/site-packages/airflow/example_dags/example_branch_day_of_week_operator.py
[2024-10-22T04:08:39.589+0000] {processor.py:914} INFO - Processing file /home/airflow/.local/lib/python3.12/site-packages/airflow/example_dags/example_branch_day_of_week_operator.py for tasks to queue
[2024-10-22T04:08:39.590+0000] {logging_mixin.py:190} INFO - [2024-10-22T04:08:39.590+0000] {dagbag.py:588} INFO - Filling up the DagBag from /home/airflow/.local/lib/python3.12/site-packages/airflow/example_dags/example_branch_day_of_week_operator.py
[2024-10-22T04:08:39.600+0000] {processor.py:925} INFO - DAG(s) 'example_weekday_branch_operator' retrieved from /home/airflow/.local/lib/python3.12/site-packages/airflow/example_dags/example_branch_day_of_week_operator.py
[2024-10-22T04:08:39.625+0000] {logging_mixin.py:190} INFO - [2024-10-22T04:08:39.625+0000] {dag.py:3239} INFO - Sync 1 DAGs
[2024-10-22T04:08:39.652+0000] {logging_mixin.py:190} INFO - [2024-10-22T04:08:39.652+0000] {dag.py:4180} INFO - Setting next_dagrun for example_weekday_branch_operator to 2024-10-21 00:00:00+00:00, run_after=2024-10-22 00:00:00+00:00
[2024-10-22T04:08:39.673+0000] {processor.py:208} INFO - Processing /home/airflow/.local/lib/python3.12/site-packages/airflow/example_dags/example_branch_day_of_week_operator.py took 0.094 seconds
[2024-10-22T04:09:10.245+0000] {processor.py:186} INFO - Started process (PID=61393) to work on /home/airflow/.local/lib/python3.12/site-packages/airflow/example_dags/example_branch_day_of_week_operator.py
[2024-10-22T04:09:10.246+0000] {processor.py:914} INFO - Processing file /home/airflow/.local/lib/python3.12/site-packages/airflow/example_dags/example_branch_day_of_week_operator.py for tasks to queue
[2024-10-22T04:09:10.247+0000] {logging_mixin.py:190} INFO - [2024-10-22T04:09:10.247+0000] {dagbag.py:588} INFO - Filling up the DagBag from /home/airflow/.local/lib/python3.12/site-packages/airflow/example_dags/example_branch_day_of_week_operator.py
[2024-10-22T04:09:10.257+0000] {processor.py:925} INFO - DAG(s) 'example_weekday_branch_operator' retrieved from /home/airflow/.local/lib/python3.12/site-packages/airflow/example_dags/example_branch_day_of_week_operator.py
[2024-10-22T04:09:10.281+0000] {logging_mixin.py:190} INFO - [2024-10-22T04:09:10.281+0000] {dag.py:3239} INFO - Sync 1 DAGs
[2024-10-22T04:09:10.307+0000] {logging_mixin.py:190} INFO - [2024-10-22T04:09:10.306+0000] {dag.py:4180} INFO - Setting next_dagrun for example_weekday_branch_operator to 2024-10-21 00:00:00+00:00, run_after=2024-10-22 00:00:00+00:00
[2024-10-22T04:09:10.328+0000] {processor.py:208} INFO - Processing /home/airflow/.local/lib/python3.12/site-packages/airflow/example_dags/example_branch_day_of_week_operator.py took 0.090 seconds
[2024-10-22T04:09:40.576+0000] {processor.py:186} INFO - Started process (PID=61460) to work on /home/airflow/.local/lib/python3.12/site-packages/airflow/example_dags/example_branch_day_of_week_operator.py
[2024-10-22T04:09:40.577+0000] {processor.py:914} INFO - Processing file /home/airflow/.local/lib/python3.12/site-packages/airflow/example_dags/example_branch_day_of_week_operator.py for tasks to queue
[2024-10-22T04:09:40.579+0000] {logging_mixin.py:190} INFO - [2024-10-22T04:09:40.579+0000] {dagbag.py:588} INFO - Filling up the DagBag from /home/airflow/.local/lib/python3.12/site-packages/airflow/example_dags/example_branch_day_of_week_operator.py
[2024-10-22T04:09:40.589+0000] {processor.py:925} INFO - DAG(s) 'example_weekday_branch_operator' retrieved from /home/airflow/.local/lib/python3.12/site-packages/airflow/example_dags/example_branch_day_of_week_operator.py
[2024-10-22T04:09:40.622+0000] {logging_mixin.py:190} INFO - [2024-10-22T04:09:40.622+0000] {dag.py:3239} INFO - Sync 1 DAGs
[2024-10-22T04:09:40.651+0000] {logging_mixin.py:190} INFO - [2024-10-22T04:09:40.651+0000] {dag.py:4180} INFO - Setting next_dagrun for example_weekday_branch_operator to 2024-10-21 00:00:00+00:00, run_after=2024-10-22 00:00:00+00:00
[2024-10-22T04:09:40.672+0000] {processor.py:208} INFO - Processing /home/airflow/.local/lib/python3.12/site-packages/airflow/example_dags/example_branch_day_of_week_operator.py took 0.104 seconds
[2024-10-22T04:10:11.006+0000] {processor.py:186} INFO - Started process (PID=61527) to work on /home/airflow/.local/lib/python3.12/site-packages/airflow/example_dags/example_branch_day_of_week_operator.py
[2024-10-22T04:10:11.007+0000] {processor.py:914} INFO - Processing file /home/airflow/.local/lib/python3.12/site-packages/airflow/example_dags/example_branch_day_of_week_operator.py for tasks to queue
[2024-10-22T04:10:11.008+0000] {logging_mixin.py:190} INFO - [2024-10-22T04:10:11.008+0000] {dagbag.py:588} INFO - Filling up the DagBag from /home/airflow/.local/lib/python3.12/site-packages/airflow/example_dags/example_branch_day_of_week_operator.py
[2024-10-22T04:10:11.019+0000] {processor.py:925} INFO - DAG(s) 'example_weekday_branch_operator' retrieved from /home/airflow/.local/lib/python3.12/site-packages/airflow/example_dags/example_branch_day_of_week_operator.py
[2024-10-22T04:10:11.045+0000] {logging_mixin.py:190} INFO - [2024-10-22T04:10:11.044+0000] {dag.py:3239} INFO - Sync 1 DAGs
[2024-10-22T04:10:11.074+0000] {logging_mixin.py:190} INFO - [2024-10-22T04:10:11.074+0000] {dag.py:4180} INFO - Setting next_dagrun for example_weekday_branch_operator to 2024-10-21 00:00:00+00:00, run_after=2024-10-22 00:00:00+00:00
[2024-10-22T04:10:11.097+0000] {processor.py:208} INFO - Processing /home/airflow/.local/lib/python3.12/site-packages/airflow/example_dags/example_branch_day_of_week_operator.py took 0.100 seconds
[2024-10-22T04:10:41.218+0000] {processor.py:186} INFO - Started process (PID=61594) to work on /home/airflow/.local/lib/python3.12/site-packages/airflow/example_dags/example_branch_day_of_week_operator.py
[2024-10-22T04:10:41.219+0000] {processor.py:914} INFO - Processing file /home/airflow/.local/lib/python3.12/site-packages/airflow/example_dags/example_branch_day_of_week_operator.py for tasks to queue
[2024-10-22T04:10:41.221+0000] {logging_mixin.py:190} INFO - [2024-10-22T04:10:41.221+0000] {dagbag.py:588} INFO - Filling up the DagBag from /home/airflow/.local/lib/python3.12/site-packages/airflow/example_dags/example_branch_day_of_week_operator.py
[2024-10-22T04:10:41.230+0000] {processor.py:925} INFO - DAG(s) 'example_weekday_branch_operator' retrieved from /home/airflow/.local/lib/python3.12/site-packages/airflow/example_dags/example_branch_day_of_week_operator.py
[2024-10-22T04:10:41.254+0000] {logging_mixin.py:190} INFO - [2024-10-22T04:10:41.254+0000] {dag.py:3239} INFO - Sync 1 DAGs
[2024-10-22T04:10:41.286+0000] {logging_mixin.py:190} INFO - [2024-10-22T04:10:41.286+0000] {dag.py:4180} INFO - Setting next_dagrun for example_weekday_branch_operator to 2024-10-21 00:00:00+00:00, run_after=2024-10-22 00:00:00+00:00
[2024-10-22T04:10:41.304+0000] {processor.py:208} INFO - Processing /home/airflow/.local/lib/python3.12/site-packages/airflow/example_dags/example_branch_day_of_week_operator.py took 0.096 seconds
[2024-10-22T04:11:11.529+0000] {processor.py:186} INFO - Started process (PID=61661) to work on /home/airflow/.local/lib/python3.12/site-packages/airflow/example_dags/example_branch_day_of_week_operator.py
[2024-10-22T04:11:11.530+0000] {processor.py:914} INFO - Processing file /home/airflow/.local/lib/python3.12/site-packages/airflow/example_dags/example_branch_day_of_week_operator.py for tasks to queue
[2024-10-22T04:11:11.532+0000] {logging_mixin.py:190} INFO - [2024-10-22T04:11:11.531+0000] {dagbag.py:588} INFO - Filling up the DagBag from /home/airflow/.local/lib/python3.12/site-packages/airflow/example_dags/example_branch_day_of_week_operator.py
[2024-10-22T04:11:11.540+0000] {processor.py:925} INFO - DAG(s) 'example_weekday_branch_operator' retrieved from /home/airflow/.local/lib/python3.12/site-packages/airflow/example_dags/example_branch_day_of_week_operator.py
[2024-10-22T04:11:11.566+0000] {logging_mixin.py:190} INFO - [2024-10-22T04:11:11.565+0000] {dag.py:3239} INFO - Sync 1 DAGs
[2024-10-22T04:11:11.593+0000] {logging_mixin.py:190} INFO - [2024-10-22T04:11:11.593+0000] {dag.py:4180} INFO - Setting next_dagrun for example_weekday_branch_operator to 2024-10-21 00:00:00+00:00, run_after=2024-10-22 00:00:00+00:00
[2024-10-22T04:11:11.612+0000] {processor.py:208} INFO - Processing /home/airflow/.local/lib/python3.12/site-packages/airflow/example_dags/example_branch_day_of_week_operator.py took 0.090 seconds
[2024-10-22T04:11:41.919+0000] {processor.py:186} INFO - Started process (PID=61728) to work on /home/airflow/.local/lib/python3.12/site-packages/airflow/example_dags/example_branch_day_of_week_operator.py
[2024-10-22T04:11:41.921+0000] {processor.py:914} INFO - Processing file /home/airflow/.local/lib/python3.12/site-packages/airflow/example_dags/example_branch_day_of_week_operator.py for tasks to queue
[2024-10-22T04:11:41.922+0000] {logging_mixin.py:190} INFO - [2024-10-22T04:11:41.922+0000] {dagbag.py:588} INFO - Filling up the DagBag from /home/airflow/.local/lib/python3.12/site-packages/airflow/example_dags/example_branch_day_of_week_operator.py
[2024-10-22T04:11:41.931+0000] {processor.py:925} INFO - DAG(s) 'example_weekday_branch_operator' retrieved from /home/airflow/.local/lib/python3.12/site-packages/airflow/example_dags/example_branch_day_of_week_operator.py
[2024-10-22T04:11:41.956+0000] {logging_mixin.py:190} INFO - [2024-10-22T04:11:41.956+0000] {dag.py:3239} INFO - Sync 1 DAGs
[2024-10-22T04:11:41.984+0000] {logging_mixin.py:190} INFO - [2024-10-22T04:11:41.984+0000] {dag.py:4180} INFO - Setting next_dagrun for example_weekday_branch_operator to 2024-10-21 00:00:00+00:00, run_after=2024-10-22 00:00:00+00:00
[2024-10-22T04:11:42.008+0000] {processor.py:208} INFO - Processing /home/airflow/.local/lib/python3.12/site-packages/airflow/example_dags/example_branch_day_of_week_operator.py took 0.098 seconds
[2024-10-22T04:12:12.057+0000] {processor.py:186} INFO - Started process (PID=61795) to work on /home/airflow/.local/lib/python3.12/site-packages/airflow/example_dags/example_branch_day_of_week_operator.py
[2024-10-22T04:12:12.058+0000] {processor.py:914} INFO - Processing file /home/airflow/.local/lib/python3.12/site-packages/airflow/example_dags/example_branch_day_of_week_operator.py for tasks to queue
[2024-10-22T04:12:12.060+0000] {logging_mixin.py:190} INFO - [2024-10-22T04:12:12.059+0000] {dagbag.py:588} INFO - Filling up the DagBag from /home/airflow/.local/lib/python3.12/site-packages/airflow/example_dags/example_branch_day_of_week_operator.py
[2024-10-22T04:12:12.068+0000] {processor.py:925} INFO - DAG(s) 'example_weekday_branch_operator' retrieved from /home/airflow/.local/lib/python3.12/site-packages/airflow/example_dags/example_branch_day_of_week_operator.py
[2024-10-22T04:12:12.092+0000] {logging_mixin.py:190} INFO - [2024-10-22T04:12:12.091+0000] {dag.py:3239} INFO - Sync 1 DAGs
[2024-10-22T04:12:12.117+0000] {logging_mixin.py:190} INFO - [2024-10-22T04:12:12.116+0000] {dag.py:4180} INFO - Setting next_dagrun for example_weekday_branch_operator to 2024-10-21 00:00:00+00:00, run_after=2024-10-22 00:00:00+00:00
[2024-10-22T04:12:12.134+0000] {processor.py:208} INFO - Processing /home/airflow/.local/lib/python3.12/site-packages/airflow/example_dags/example_branch_day_of_week_operator.py took 0.084 seconds
[2024-10-22T04:12:42.280+0000] {processor.py:186} INFO - Started process (PID=61862) to work on /home/airflow/.local/lib/python3.12/site-packages/airflow/example_dags/example_branch_day_of_week_operator.py
[2024-10-22T04:12:42.281+0000] {processor.py:914} INFO - Processing file /home/airflow/.local/lib/python3.12/site-packages/airflow/example_dags/example_branch_day_of_week_operator.py for tasks to queue
[2024-10-22T04:12:42.283+0000] {logging_mixin.py:190} INFO - [2024-10-22T04:12:42.282+0000] {dagbag.py:588} INFO - Filling up the DagBag from /home/airflow/.local/lib/python3.12/site-packages/airflow/example_dags/example_branch_day_of_week_operator.py
[2024-10-22T04:12:42.292+0000] {processor.py:925} INFO - DAG(s) 'example_weekday_branch_operator' retrieved from /home/airflow/.local/lib/python3.12/site-packages/airflow/example_dags/example_branch_day_of_week_operator.py
[2024-10-22T04:12:42.316+0000] {logging_mixin.py:190} INFO - [2024-10-22T04:12:42.315+0000] {dag.py:3239} INFO - Sync 1 DAGs
[2024-10-22T04:12:42.340+0000] {logging_mixin.py:190} INFO - [2024-10-22T04:12:42.340+0000] {dag.py:4180} INFO - Setting next_dagrun for example_weekday_branch_operator to 2024-10-21 00:00:00+00:00, run_after=2024-10-22 00:00:00+00:00
[2024-10-22T04:12:42.357+0000] {processor.py:208} INFO - Processing /home/airflow/.local/lib/python3.12/site-packages/airflow/example_dags/example_branch_day_of_week_operator.py took 0.084 seconds
[2024-10-22T04:13:12.739+0000] {processor.py:186} INFO - Started process (PID=61928) to work on /home/airflow/.local/lib/python3.12/site-packages/airflow/example_dags/example_branch_day_of_week_operator.py
[2024-10-22T04:13:12.740+0000] {processor.py:914} INFO - Processing file /home/airflow/.local/lib/python3.12/site-packages/airflow/example_dags/example_branch_day_of_week_operator.py for tasks to queue
[2024-10-22T04:13:12.741+0000] {logging_mixin.py:190} INFO - [2024-10-22T04:13:12.741+0000] {dagbag.py:588} INFO - Filling up the DagBag from /home/airflow/.local/lib/python3.12/site-packages/airflow/example_dags/example_branch_day_of_week_operator.py
[2024-10-22T04:13:12.750+0000] {processor.py:925} INFO - DAG(s) 'example_weekday_branch_operator' retrieved from /home/airflow/.local/lib/python3.12/site-packages/airflow/example_dags/example_branch_day_of_week_operator.py
[2024-10-22T04:13:12.773+0000] {logging_mixin.py:190} INFO - [2024-10-22T04:13:12.773+0000] {dag.py:3239} INFO - Sync 1 DAGs
[2024-10-22T04:13:12.798+0000] {logging_mixin.py:190} INFO - [2024-10-22T04:13:12.798+0000] {dag.py:4180} INFO - Setting next_dagrun for example_weekday_branch_operator to 2024-10-21 00:00:00+00:00, run_after=2024-10-22 00:00:00+00:00
[2024-10-22T04:13:12.816+0000] {processor.py:208} INFO - Processing /home/airflow/.local/lib/python3.12/site-packages/airflow/example_dags/example_branch_day_of_week_operator.py took 0.084 seconds
[2024-10-22T04:13:43.266+0000] {processor.py:186} INFO - Started process (PID=61995) to work on /home/airflow/.local/lib/python3.12/site-packages/airflow/example_dags/example_branch_day_of_week_operator.py
[2024-10-22T04:13:43.267+0000] {processor.py:914} INFO - Processing file /home/airflow/.local/lib/python3.12/site-packages/airflow/example_dags/example_branch_day_of_week_operator.py for tasks to queue
[2024-10-22T04:13:43.268+0000] {logging_mixin.py:190} INFO - [2024-10-22T04:13:43.268+0000] {dagbag.py:588} INFO - Filling up the DagBag from /home/airflow/.local/lib/python3.12/site-packages/airflow/example_dags/example_branch_day_of_week_operator.py
[2024-10-22T04:13:43.277+0000] {processor.py:925} INFO - DAG(s) 'example_weekday_branch_operator' retrieved from /home/airflow/.local/lib/python3.12/site-packages/airflow/example_dags/example_branch_day_of_week_operator.py
[2024-10-22T04:13:43.301+0000] {logging_mixin.py:190} INFO - [2024-10-22T04:13:43.300+0000] {dag.py:3239} INFO - Sync 1 DAGs
[2024-10-22T04:13:43.325+0000] {logging_mixin.py:190} INFO - [2024-10-22T04:13:43.325+0000] {dag.py:4180} INFO - Setting next_dagrun for example_weekday_branch_operator to 2024-10-21 00:00:00+00:00, run_after=2024-10-22 00:00:00+00:00
[2024-10-22T04:13:43.343+0000] {processor.py:208} INFO - Processing /home/airflow/.local/lib/python3.12/site-packages/airflow/example_dags/example_branch_day_of_week_operator.py took 0.084 seconds
[2024-10-22T04:14:13.648+0000] {processor.py:186} INFO - Started process (PID=62062) to work on /home/airflow/.local/lib/python3.12/site-packages/airflow/example_dags/example_branch_day_of_week_operator.py
[2024-10-22T04:14:13.649+0000] {processor.py:914} INFO - Processing file /home/airflow/.local/lib/python3.12/site-packages/airflow/example_dags/example_branch_day_of_week_operator.py for tasks to queue
[2024-10-22T04:14:13.650+0000] {logging_mixin.py:190} INFO - [2024-10-22T04:14:13.650+0000] {dagbag.py:588} INFO - Filling up the DagBag from /home/airflow/.local/lib/python3.12/site-packages/airflow/example_dags/example_branch_day_of_week_operator.py
[2024-10-22T04:14:13.659+0000] {processor.py:925} INFO - DAG(s) 'example_weekday_branch_operator' retrieved from /home/airflow/.local/lib/python3.12/site-packages/airflow/example_dags/example_branch_day_of_week_operator.py
[2024-10-22T04:14:13.681+0000] {logging_mixin.py:190} INFO - [2024-10-22T04:14:13.681+0000] {dag.py:3239} INFO - Sync 1 DAGs
[2024-10-22T04:14:13.706+0000] {logging_mixin.py:190} INFO - [2024-10-22T04:14:13.706+0000] {dag.py:4180} INFO - Setting next_dagrun for example_weekday_branch_operator to 2024-10-21 00:00:00+00:00, run_after=2024-10-22 00:00:00+00:00
[2024-10-22T04:14:13.723+0000] {processor.py:208} INFO - Processing /home/airflow/.local/lib/python3.12/site-packages/airflow/example_dags/example_branch_day_of_week_operator.py took 0.084 seconds
[2024-10-22T04:14:43.873+0000] {processor.py:186} INFO - Started process (PID=62129) to work on /home/airflow/.local/lib/python3.12/site-packages/airflow/example_dags/example_branch_day_of_week_operator.py
[2024-10-22T04:14:43.874+0000] {processor.py:914} INFO - Processing file /home/airflow/.local/lib/python3.12/site-packages/airflow/example_dags/example_branch_day_of_week_operator.py for tasks to queue
[2024-10-22T04:14:43.876+0000] {logging_mixin.py:190} INFO - [2024-10-22T04:14:43.876+0000] {dagbag.py:588} INFO - Filling up the DagBag from /home/airflow/.local/lib/python3.12/site-packages/airflow/example_dags/example_branch_day_of_week_operator.py
[2024-10-22T04:14:43.885+0000] {processor.py:925} INFO - DAG(s) 'example_weekday_branch_operator' retrieved from /home/airflow/.local/lib/python3.12/site-packages/airflow/example_dags/example_branch_day_of_week_operator.py
[2024-10-22T04:14:43.912+0000] {logging_mixin.py:190} INFO - [2024-10-22T04:14:43.912+0000] {dag.py:3239} INFO - Sync 1 DAGs
[2024-10-22T04:14:43.940+0000] {logging_mixin.py:190} INFO - [2024-10-22T04:14:43.939+0000] {dag.py:4180} INFO - Setting next_dagrun for example_weekday_branch_operator to 2024-10-21 00:00:00+00:00, run_after=2024-10-22 00:00:00+00:00
[2024-10-22T04:14:43.964+0000] {processor.py:208} INFO - Processing /home/airflow/.local/lib/python3.12/site-packages/airflow/example_dags/example_branch_day_of_week_operator.py took 0.099 seconds
[2024-10-22T04:15:14.632+0000] {processor.py:186} INFO - Started process (PID=62196) to work on /home/airflow/.local/lib/python3.12/site-packages/airflow/example_dags/example_branch_day_of_week_operator.py
[2024-10-22T04:15:14.633+0000] {processor.py:914} INFO - Processing file /home/airflow/.local/lib/python3.12/site-packages/airflow/example_dags/example_branch_day_of_week_operator.py for tasks to queue
[2024-10-22T04:15:14.634+0000] {logging_mixin.py:190} INFO - [2024-10-22T04:15:14.634+0000] {dagbag.py:588} INFO - Filling up the DagBag from /home/airflow/.local/lib/python3.12/site-packages/airflow/example_dags/example_branch_day_of_week_operator.py
[2024-10-22T04:15:14.644+0000] {processor.py:925} INFO - DAG(s) 'example_weekday_branch_operator' retrieved from /home/airflow/.local/lib/python3.12/site-packages/airflow/example_dags/example_branch_day_of_week_operator.py
[2024-10-22T04:15:14.674+0000] {logging_mixin.py:190} INFO - [2024-10-22T04:15:14.674+0000] {dag.py:3239} INFO - Sync 1 DAGs
[2024-10-22T04:15:14.704+0000] {logging_mixin.py:190} INFO - [2024-10-22T04:15:14.703+0000] {dag.py:4180} INFO - Setting next_dagrun for example_weekday_branch_operator to 2024-10-21 00:00:00+00:00, run_after=2024-10-22 00:00:00+00:00
[2024-10-22T04:15:14.730+0000] {processor.py:208} INFO - Processing /home/airflow/.local/lib/python3.12/site-packages/airflow/example_dags/example_branch_day_of_week_operator.py took 0.106 seconds
[2024-10-22T04:15:45.173+0000] {processor.py:186} INFO - Started process (PID=62262) to work on /home/airflow/.local/lib/python3.12/site-packages/airflow/example_dags/example_branch_day_of_week_operator.py
[2024-10-22T04:15:45.174+0000] {processor.py:914} INFO - Processing file /home/airflow/.local/lib/python3.12/site-packages/airflow/example_dags/example_branch_day_of_week_operator.py for tasks to queue
[2024-10-22T04:15:45.177+0000] {logging_mixin.py:190} INFO - [2024-10-22T04:15:45.176+0000] {dagbag.py:588} INFO - Filling up the DagBag from /home/airflow/.local/lib/python3.12/site-packages/airflow/example_dags/example_branch_day_of_week_operator.py
[2024-10-22T04:15:45.188+0000] {processor.py:925} INFO - DAG(s) 'example_weekday_branch_operator' retrieved from /home/airflow/.local/lib/python3.12/site-packages/airflow/example_dags/example_branch_day_of_week_operator.py
[2024-10-22T04:15:45.215+0000] {logging_mixin.py:190} INFO - [2024-10-22T04:15:45.215+0000] {dag.py:3239} INFO - Sync 1 DAGs
[2024-10-22T04:15:45.241+0000] {logging_mixin.py:190} INFO - [2024-10-22T04:15:45.241+0000] {dag.py:4180} INFO - Setting next_dagrun for example_weekday_branch_operator to 2024-10-21 00:00:00+00:00, run_after=2024-10-22 00:00:00+00:00
[2024-10-22T04:15:45.258+0000] {processor.py:208} INFO - Processing /home/airflow/.local/lib/python3.12/site-packages/airflow/example_dags/example_branch_day_of_week_operator.py took 0.095 seconds
[2024-10-22T04:16:15.750+0000] {processor.py:186} INFO - Started process (PID=62330) to work on /home/airflow/.local/lib/python3.12/site-packages/airflow/example_dags/example_branch_day_of_week_operator.py
[2024-10-22T04:16:15.751+0000] {processor.py:914} INFO - Processing file /home/airflow/.local/lib/python3.12/site-packages/airflow/example_dags/example_branch_day_of_week_operator.py for tasks to queue
[2024-10-22T04:16:15.753+0000] {logging_mixin.py:190} INFO - [2024-10-22T04:16:15.752+0000] {dagbag.py:588} INFO - Filling up the DagBag from /home/airflow/.local/lib/python3.12/site-packages/airflow/example_dags/example_branch_day_of_week_operator.py
[2024-10-22T04:16:15.762+0000] {processor.py:925} INFO - DAG(s) 'example_weekday_branch_operator' retrieved from /home/airflow/.local/lib/python3.12/site-packages/airflow/example_dags/example_branch_day_of_week_operator.py
[2024-10-22T04:16:15.791+0000] {logging_mixin.py:190} INFO - [2024-10-22T04:16:15.790+0000] {dag.py:3239} INFO - Sync 1 DAGs
[2024-10-22T04:16:15.821+0000] {logging_mixin.py:190} INFO - [2024-10-22T04:16:15.820+0000] {dag.py:4180} INFO - Setting next_dagrun for example_weekday_branch_operator to 2024-10-21 00:00:00+00:00, run_after=2024-10-22 00:00:00+00:00
[2024-10-22T04:16:15.841+0000] {processor.py:208} INFO - Processing /home/airflow/.local/lib/python3.12/site-packages/airflow/example_dags/example_branch_day_of_week_operator.py took 0.100 seconds
[2024-10-22T04:16:46.590+0000] {processor.py:186} INFO - Started process (PID=62397) to work on /home/airflow/.local/lib/python3.12/site-packages/airflow/example_dags/example_branch_day_of_week_operator.py
[2024-10-22T04:16:46.591+0000] {processor.py:914} INFO - Processing file /home/airflow/.local/lib/python3.12/site-packages/airflow/example_dags/example_branch_day_of_week_operator.py for tasks to queue
[2024-10-22T04:16:46.593+0000] {logging_mixin.py:190} INFO - [2024-10-22T04:16:46.593+0000] {dagbag.py:588} INFO - Filling up the DagBag from /home/airflow/.local/lib/python3.12/site-packages/airflow/example_dags/example_branch_day_of_week_operator.py
[2024-10-22T04:16:46.602+0000] {processor.py:925} INFO - DAG(s) 'example_weekday_branch_operator' retrieved from /home/airflow/.local/lib/python3.12/site-packages/airflow/example_dags/example_branch_day_of_week_operator.py
[2024-10-22T04:16:46.624+0000] {logging_mixin.py:190} INFO - [2024-10-22T04:16:46.624+0000] {dag.py:3239} INFO - Sync 1 DAGs
[2024-10-22T04:16:46.650+0000] {logging_mixin.py:190} INFO - [2024-10-22T04:16:46.650+0000] {dag.py:4180} INFO - Setting next_dagrun for example_weekday_branch_operator to 2024-10-21 00:00:00+00:00, run_after=2024-10-22 00:00:00+00:00
[2024-10-22T04:16:46.667+0000] {processor.py:208} INFO - Processing /home/airflow/.local/lib/python3.12/site-packages/airflow/example_dags/example_branch_day_of_week_operator.py took 0.086 seconds
[2024-10-22T04:17:17.504+0000] {processor.py:186} INFO - Started process (PID=62464) to work on /home/airflow/.local/lib/python3.12/site-packages/airflow/example_dags/example_branch_day_of_week_operator.py
[2024-10-22T04:17:17.505+0000] {processor.py:914} INFO - Processing file /home/airflow/.local/lib/python3.12/site-packages/airflow/example_dags/example_branch_day_of_week_operator.py for tasks to queue
[2024-10-22T04:17:17.507+0000] {logging_mixin.py:190} INFO - [2024-10-22T04:17:17.507+0000] {dagbag.py:588} INFO - Filling up the DagBag from /home/airflow/.local/lib/python3.12/site-packages/airflow/example_dags/example_branch_day_of_week_operator.py
[2024-10-22T04:17:17.516+0000] {processor.py:925} INFO - DAG(s) 'example_weekday_branch_operator' retrieved from /home/airflow/.local/lib/python3.12/site-packages/airflow/example_dags/example_branch_day_of_week_operator.py
[2024-10-22T04:17:17.541+0000] {logging_mixin.py:190} INFO - [2024-10-22T04:17:17.541+0000] {dag.py:3239} INFO - Sync 1 DAGs
[2024-10-22T04:17:17.567+0000] {logging_mixin.py:190} INFO - [2024-10-22T04:17:17.566+0000] {dag.py:4180} INFO - Setting next_dagrun for example_weekday_branch_operator to 2024-10-21 00:00:00+00:00, run_after=2024-10-22 00:00:00+00:00
[2024-10-22T04:17:17.586+0000] {processor.py:208} INFO - Processing /home/airflow/.local/lib/python3.12/site-packages/airflow/example_dags/example_branch_day_of_week_operator.py took 0.091 seconds
[2024-10-22T04:17:48.284+0000] {processor.py:186} INFO - Started process (PID=62531) to work on /home/airflow/.local/lib/python3.12/site-packages/airflow/example_dags/example_branch_day_of_week_operator.py
[2024-10-22T04:17:48.285+0000] {processor.py:914} INFO - Processing file /home/airflow/.local/lib/python3.12/site-packages/airflow/example_dags/example_branch_day_of_week_operator.py for tasks to queue
[2024-10-22T04:17:48.287+0000] {logging_mixin.py:190} INFO - [2024-10-22T04:17:48.286+0000] {dagbag.py:588} INFO - Filling up the DagBag from /home/airflow/.local/lib/python3.12/site-packages/airflow/example_dags/example_branch_day_of_week_operator.py
[2024-10-22T04:17:48.297+0000] {processor.py:925} INFO - DAG(s) 'example_weekday_branch_operator' retrieved from /home/airflow/.local/lib/python3.12/site-packages/airflow/example_dags/example_branch_day_of_week_operator.py
[2024-10-22T04:17:48.322+0000] {logging_mixin.py:190} INFO - [2024-10-22T04:17:48.322+0000] {dag.py:3239} INFO - Sync 1 DAGs
[2024-10-22T04:17:48.351+0000] {logging_mixin.py:190} INFO - [2024-10-22T04:17:48.351+0000] {dag.py:4180} INFO - Setting next_dagrun for example_weekday_branch_operator to 2024-10-21 00:00:00+00:00, run_after=2024-10-22 00:00:00+00:00
[2024-10-22T04:17:48.372+0000] {processor.py:208} INFO - Processing /home/airflow/.local/lib/python3.12/site-packages/airflow/example_dags/example_branch_day_of_week_operator.py took 0.095 seconds
[2024-10-22T04:18:19.199+0000] {processor.py:186} INFO - Started process (PID=62598) to work on /home/airflow/.local/lib/python3.12/site-packages/airflow/example_dags/example_branch_day_of_week_operator.py
[2024-10-22T04:18:19.200+0000] {processor.py:914} INFO - Processing file /home/airflow/.local/lib/python3.12/site-packages/airflow/example_dags/example_branch_day_of_week_operator.py for tasks to queue
[2024-10-22T04:18:19.202+0000] {logging_mixin.py:190} INFO - [2024-10-22T04:18:19.202+0000] {dagbag.py:588} INFO - Filling up the DagBag from /home/airflow/.local/lib/python3.12/site-packages/airflow/example_dags/example_branch_day_of_week_operator.py
[2024-10-22T04:18:19.211+0000] {processor.py:925} INFO - DAG(s) 'example_weekday_branch_operator' retrieved from /home/airflow/.local/lib/python3.12/site-packages/airflow/example_dags/example_branch_day_of_week_operator.py
[2024-10-22T04:18:19.238+0000] {logging_mixin.py:190} INFO - [2024-10-22T04:18:19.238+0000] {dag.py:3239} INFO - Sync 1 DAGs
[2024-10-22T04:18:19.271+0000] {logging_mixin.py:190} INFO - [2024-10-22T04:18:19.271+0000] {dag.py:4180} INFO - Setting next_dagrun for example_weekday_branch_operator to 2024-10-21 00:00:00+00:00, run_after=2024-10-22 00:00:00+00:00
[2024-10-22T04:18:19.295+0000] {processor.py:208} INFO - Processing /home/airflow/.local/lib/python3.12/site-packages/airflow/example_dags/example_branch_day_of_week_operator.py took 0.107 seconds
[2024-10-22T04:18:49.848+0000] {processor.py:186} INFO - Started process (PID=62665) to work on /home/airflow/.local/lib/python3.12/site-packages/airflow/example_dags/example_branch_day_of_week_operator.py
[2024-10-22T04:18:49.849+0000] {processor.py:914} INFO - Processing file /home/airflow/.local/lib/python3.12/site-packages/airflow/example_dags/example_branch_day_of_week_operator.py for tasks to queue
[2024-10-22T04:18:49.850+0000] {logging_mixin.py:190} INFO - [2024-10-22T04:18:49.850+0000] {dagbag.py:588} INFO - Filling up the DagBag from /home/airflow/.local/lib/python3.12/site-packages/airflow/example_dags/example_branch_day_of_week_operator.py
[2024-10-22T04:18:49.860+0000] {processor.py:925} INFO - DAG(s) 'example_weekday_branch_operator' retrieved from /home/airflow/.local/lib/python3.12/site-packages/airflow/example_dags/example_branch_day_of_week_operator.py
[2024-10-22T04:18:49.886+0000] {logging_mixin.py:190} INFO - [2024-10-22T04:18:49.886+0000] {dag.py:3239} INFO - Sync 1 DAGs
[2024-10-22T04:18:49.914+0000] {logging_mixin.py:190} INFO - [2024-10-22T04:18:49.914+0000] {dag.py:4180} INFO - Setting next_dagrun for example_weekday_branch_operator to 2024-10-21 00:00:00+00:00, run_after=2024-10-22 00:00:00+00:00
[2024-10-22T04:18:49.934+0000] {processor.py:208} INFO - Processing /home/airflow/.local/lib/python3.12/site-packages/airflow/example_dags/example_branch_day_of_week_operator.py took 0.096 seconds
[2024-10-22T04:19:20.358+0000] {processor.py:186} INFO - Started process (PID=62732) to work on /home/airflow/.local/lib/python3.12/site-packages/airflow/example_dags/example_branch_day_of_week_operator.py
[2024-10-22T04:19:20.359+0000] {processor.py:914} INFO - Processing file /home/airflow/.local/lib/python3.12/site-packages/airflow/example_dags/example_branch_day_of_week_operator.py for tasks to queue
[2024-10-22T04:19:20.361+0000] {logging_mixin.py:190} INFO - [2024-10-22T04:19:20.361+0000] {dagbag.py:588} INFO - Filling up the DagBag from /home/airflow/.local/lib/python3.12/site-packages/airflow/example_dags/example_branch_day_of_week_operator.py
[2024-10-22T04:19:20.370+0000] {processor.py:925} INFO - DAG(s) 'example_weekday_branch_operator' retrieved from /home/airflow/.local/lib/python3.12/site-packages/airflow/example_dags/example_branch_day_of_week_operator.py
[2024-10-22T04:19:20.392+0000] {logging_mixin.py:190} INFO - [2024-10-22T04:19:20.392+0000] {dag.py:3239} INFO - Sync 1 DAGs
[2024-10-22T04:19:20.419+0000] {logging_mixin.py:190} INFO - [2024-10-22T04:19:20.419+0000] {dag.py:4180} INFO - Setting next_dagrun for example_weekday_branch_operator to 2024-10-21 00:00:00+00:00, run_after=2024-10-22 00:00:00+00:00
[2024-10-22T04:19:20.439+0000] {processor.py:208} INFO - Processing /home/airflow/.local/lib/python3.12/site-packages/airflow/example_dags/example_branch_day_of_week_operator.py took 0.088 seconds
[2024-10-22T04:19:50.769+0000] {processor.py:186} INFO - Started process (PID=62798) to work on /home/airflow/.local/lib/python3.12/site-packages/airflow/example_dags/example_branch_day_of_week_operator.py
[2024-10-22T04:19:50.771+0000] {processor.py:914} INFO - Processing file /home/airflow/.local/lib/python3.12/site-packages/airflow/example_dags/example_branch_day_of_week_operator.py for tasks to queue
[2024-10-22T04:19:50.775+0000] {logging_mixin.py:190} INFO - [2024-10-22T04:19:50.774+0000] {dagbag.py:588} INFO - Filling up the DagBag from /home/airflow/.local/lib/python3.12/site-packages/airflow/example_dags/example_branch_day_of_week_operator.py
[2024-10-22T04:19:50.792+0000] {processor.py:925} INFO - DAG(s) 'example_weekday_branch_operator' retrieved from /home/airflow/.local/lib/python3.12/site-packages/airflow/example_dags/example_branch_day_of_week_operator.py
[2024-10-22T04:19:50.848+0000] {logging_mixin.py:190} INFO - [2024-10-22T04:19:50.848+0000] {dag.py:3239} INFO - Sync 1 DAGs
[2024-10-22T04:19:50.894+0000] {logging_mixin.py:190} INFO - [2024-10-22T04:19:50.893+0000] {dag.py:4180} INFO - Setting next_dagrun for example_weekday_branch_operator to 2024-10-21 00:00:00+00:00, run_after=2024-10-22 00:00:00+00:00
[2024-10-22T04:19:50.916+0000] {processor.py:208} INFO - Processing /home/airflow/.local/lib/python3.12/site-packages/airflow/example_dags/example_branch_day_of_week_operator.py took 0.165 seconds
[2024-10-22T04:20:21.605+0000] {processor.py:186} INFO - Started process (PID=62865) to work on /home/airflow/.local/lib/python3.12/site-packages/airflow/example_dags/example_branch_day_of_week_operator.py
[2024-10-22T04:20:21.608+0000] {processor.py:914} INFO - Processing file /home/airflow/.local/lib/python3.12/site-packages/airflow/example_dags/example_branch_day_of_week_operator.py for tasks to queue
[2024-10-22T04:20:21.610+0000] {logging_mixin.py:190} INFO - [2024-10-22T04:20:21.609+0000] {dagbag.py:588} INFO - Filling up the DagBag from /home/airflow/.local/lib/python3.12/site-packages/airflow/example_dags/example_branch_day_of_week_operator.py
[2024-10-22T04:20:21.622+0000] {processor.py:925} INFO - DAG(s) 'example_weekday_branch_operator' retrieved from /home/airflow/.local/lib/python3.12/site-packages/airflow/example_dags/example_branch_day_of_week_operator.py
[2024-10-22T04:20:21.651+0000] {logging_mixin.py:190} INFO - [2024-10-22T04:20:21.651+0000] {dag.py:3239} INFO - Sync 1 DAGs
[2024-10-22T04:20:21.683+0000] {logging_mixin.py:190} INFO - [2024-10-22T04:20:21.682+0000] {dag.py:4180} INFO - Setting next_dagrun for example_weekday_branch_operator to 2024-10-21 00:00:00+00:00, run_after=2024-10-22 00:00:00+00:00
[2024-10-22T04:20:21.704+0000] {processor.py:208} INFO - Processing /home/airflow/.local/lib/python3.12/site-packages/airflow/example_dags/example_branch_day_of_week_operator.py took 0.109 seconds
[2024-10-22T04:20:52.017+0000] {processor.py:186} INFO - Started process (PID=62933) to work on /home/airflow/.local/lib/python3.12/site-packages/airflow/example_dags/example_branch_day_of_week_operator.py
[2024-10-22T04:20:52.018+0000] {processor.py:914} INFO - Processing file /home/airflow/.local/lib/python3.12/site-packages/airflow/example_dags/example_branch_day_of_week_operator.py for tasks to queue
[2024-10-22T04:20:52.020+0000] {logging_mixin.py:190} INFO - [2024-10-22T04:20:52.020+0000] {dagbag.py:588} INFO - Filling up the DagBag from /home/airflow/.local/lib/python3.12/site-packages/airflow/example_dags/example_branch_day_of_week_operator.py
[2024-10-22T04:20:52.031+0000] {processor.py:925} INFO - DAG(s) 'example_weekday_branch_operator' retrieved from /home/airflow/.local/lib/python3.12/site-packages/airflow/example_dags/example_branch_day_of_week_operator.py
[2024-10-22T04:20:52.064+0000] {logging_mixin.py:190} INFO - [2024-10-22T04:20:52.064+0000] {dag.py:3239} INFO - Sync 1 DAGs
[2024-10-22T04:20:52.099+0000] {logging_mixin.py:190} INFO - [2024-10-22T04:20:52.098+0000] {dag.py:4180} INFO - Setting next_dagrun for example_weekday_branch_operator to 2024-10-21 00:00:00+00:00, run_after=2024-10-22 00:00:00+00:00
[2024-10-22T04:20:52.121+0000] {processor.py:208} INFO - Processing /home/airflow/.local/lib/python3.12/site-packages/airflow/example_dags/example_branch_day_of_week_operator.py took 0.114 seconds
[2024-10-22T04:21:22.371+0000] {processor.py:186} INFO - Started process (PID=63000) to work on /home/airflow/.local/lib/python3.12/site-packages/airflow/example_dags/example_branch_day_of_week_operator.py
[2024-10-22T04:21:22.372+0000] {processor.py:914} INFO - Processing file /home/airflow/.local/lib/python3.12/site-packages/airflow/example_dags/example_branch_day_of_week_operator.py for tasks to queue
[2024-10-22T04:21:22.373+0000] {logging_mixin.py:190} INFO - [2024-10-22T04:21:22.373+0000] {dagbag.py:588} INFO - Filling up the DagBag from /home/airflow/.local/lib/python3.12/site-packages/airflow/example_dags/example_branch_day_of_week_operator.py
[2024-10-22T04:21:22.383+0000] {processor.py:925} INFO - DAG(s) 'example_weekday_branch_operator' retrieved from /home/airflow/.local/lib/python3.12/site-packages/airflow/example_dags/example_branch_day_of_week_operator.py
[2024-10-22T04:21:22.407+0000] {logging_mixin.py:190} INFO - [2024-10-22T04:21:22.406+0000] {dag.py:3239} INFO - Sync 1 DAGs
[2024-10-22T04:21:22.436+0000] {logging_mixin.py:190} INFO - [2024-10-22T04:21:22.436+0000] {dag.py:4180} INFO - Setting next_dagrun for example_weekday_branch_operator to 2024-10-21 00:00:00+00:00, run_after=2024-10-22 00:00:00+00:00
[2024-10-22T04:21:22.457+0000] {processor.py:208} INFO - Processing /home/airflow/.local/lib/python3.12/site-packages/airflow/example_dags/example_branch_day_of_week_operator.py took 0.094 seconds
[2024-10-22T04:21:52.694+0000] {processor.py:186} INFO - Started process (PID=63067) to work on /home/airflow/.local/lib/python3.12/site-packages/airflow/example_dags/example_branch_day_of_week_operator.py
[2024-10-22T04:21:52.695+0000] {processor.py:914} INFO - Processing file /home/airflow/.local/lib/python3.12/site-packages/airflow/example_dags/example_branch_day_of_week_operator.py for tasks to queue
[2024-10-22T04:21:52.696+0000] {logging_mixin.py:190} INFO - [2024-10-22T04:21:52.696+0000] {dagbag.py:588} INFO - Filling up the DagBag from /home/airflow/.local/lib/python3.12/site-packages/airflow/example_dags/example_branch_day_of_week_operator.py
[2024-10-22T04:21:52.706+0000] {processor.py:925} INFO - DAG(s) 'example_weekday_branch_operator' retrieved from /home/airflow/.local/lib/python3.12/site-packages/airflow/example_dags/example_branch_day_of_week_operator.py
[2024-10-22T04:21:52.737+0000] {logging_mixin.py:190} INFO - [2024-10-22T04:21:52.737+0000] {dag.py:3239} INFO - Sync 1 DAGs
[2024-10-22T04:21:52.768+0000] {logging_mixin.py:190} INFO - [2024-10-22T04:21:52.768+0000] {dag.py:4180} INFO - Setting next_dagrun for example_weekday_branch_operator to 2024-10-21 00:00:00+00:00, run_after=2024-10-22 00:00:00+00:00
[2024-10-22T04:21:52.787+0000] {processor.py:208} INFO - Processing /home/airflow/.local/lib/python3.12/site-packages/airflow/example_dags/example_branch_day_of_week_operator.py took 0.101 seconds
[2024-10-22T04:22:23.364+0000] {processor.py:186} INFO - Started process (PID=63134) to work on /home/airflow/.local/lib/python3.12/site-packages/airflow/example_dags/example_branch_day_of_week_operator.py
[2024-10-22T04:22:23.366+0000] {processor.py:914} INFO - Processing file /home/airflow/.local/lib/python3.12/site-packages/airflow/example_dags/example_branch_day_of_week_operator.py for tasks to queue
[2024-10-22T04:22:23.368+0000] {logging_mixin.py:190} INFO - [2024-10-22T04:22:23.368+0000] {dagbag.py:588} INFO - Filling up the DagBag from /home/airflow/.local/lib/python3.12/site-packages/airflow/example_dags/example_branch_day_of_week_operator.py
[2024-10-22T04:22:23.384+0000] {processor.py:925} INFO - DAG(s) 'example_weekday_branch_operator' retrieved from /home/airflow/.local/lib/python3.12/site-packages/airflow/example_dags/example_branch_day_of_week_operator.py
[2024-10-22T04:22:23.415+0000] {logging_mixin.py:190} INFO - [2024-10-22T04:22:23.415+0000] {dag.py:3239} INFO - Sync 1 DAGs
[2024-10-22T04:22:23.455+0000] {logging_mixin.py:190} INFO - [2024-10-22T04:22:23.455+0000] {dag.py:4180} INFO - Setting next_dagrun for example_weekday_branch_operator to 2024-10-21 00:00:00+00:00, run_after=2024-10-22 00:00:00+00:00
[2024-10-22T04:22:23.487+0000] {processor.py:208} INFO - Processing /home/airflow/.local/lib/python3.12/site-packages/airflow/example_dags/example_branch_day_of_week_operator.py took 0.134 seconds
[2024-10-22T04:22:54.399+0000] {processor.py:186} INFO - Started process (PID=63200) to work on /home/airflow/.local/lib/python3.12/site-packages/airflow/example_dags/example_branch_day_of_week_operator.py
[2024-10-22T04:22:54.405+0000] {processor.py:914} INFO - Processing file /home/airflow/.local/lib/python3.12/site-packages/airflow/example_dags/example_branch_day_of_week_operator.py for tasks to queue
[2024-10-22T04:22:54.411+0000] {logging_mixin.py:190} INFO - [2024-10-22T04:22:54.410+0000] {dagbag.py:588} INFO - Filling up the DagBag from /home/airflow/.local/lib/python3.12/site-packages/airflow/example_dags/example_branch_day_of_week_operator.py
[2024-10-22T04:22:54.428+0000] {processor.py:925} INFO - DAG(s) 'example_weekday_branch_operator' retrieved from /home/airflow/.local/lib/python3.12/site-packages/airflow/example_dags/example_branch_day_of_week_operator.py
[2024-10-22T04:22:54.510+0000] {logging_mixin.py:190} INFO - [2024-10-22T04:22:54.507+0000] {dag.py:3239} INFO - Sync 1 DAGs
[2024-10-22T04:22:54.592+0000] {logging_mixin.py:190} INFO - [2024-10-22T04:22:54.591+0000] {dag.py:4180} INFO - Setting next_dagrun for example_weekday_branch_operator to 2024-10-21 00:00:00+00:00, run_after=2024-10-22 00:00:00+00:00
[2024-10-22T04:22:54.627+0000] {processor.py:208} INFO - Processing /home/airflow/.local/lib/python3.12/site-packages/airflow/example_dags/example_branch_day_of_week_operator.py took 0.246 seconds
[2024-10-22T04:23:24.735+0000] {processor.py:186} INFO - Started process (PID=63266) to work on /home/airflow/.local/lib/python3.12/site-packages/airflow/example_dags/example_branch_day_of_week_operator.py
[2024-10-22T04:23:24.737+0000] {processor.py:914} INFO - Processing file /home/airflow/.local/lib/python3.12/site-packages/airflow/example_dags/example_branch_day_of_week_operator.py for tasks to queue
[2024-10-22T04:23:24.741+0000] {logging_mixin.py:190} INFO - [2024-10-22T04:23:24.740+0000] {dagbag.py:588} INFO - Filling up the DagBag from /home/airflow/.local/lib/python3.12/site-packages/airflow/example_dags/example_branch_day_of_week_operator.py
[2024-10-22T04:23:24.757+0000] {processor.py:925} INFO - DAG(s) 'example_weekday_branch_operator' retrieved from /home/airflow/.local/lib/python3.12/site-packages/airflow/example_dags/example_branch_day_of_week_operator.py
[2024-10-22T04:23:24.805+0000] {logging_mixin.py:190} INFO - [2024-10-22T04:23:24.805+0000] {dag.py:3239} INFO - Sync 1 DAGs
[2024-10-22T04:23:24.883+0000] {logging_mixin.py:190} INFO - [2024-10-22T04:23:24.883+0000] {dag.py:4180} INFO - Setting next_dagrun for example_weekday_branch_operator to 2024-10-21 00:00:00+00:00, run_after=2024-10-22 00:00:00+00:00
[2024-10-22T04:23:24.940+0000] {processor.py:208} INFO - Processing /home/airflow/.local/lib/python3.12/site-packages/airflow/example_dags/example_branch_day_of_week_operator.py took 0.219 seconds
[2024-10-22T04:23:55.711+0000] {processor.py:186} INFO - Started process (PID=63333) to work on /home/airflow/.local/lib/python3.12/site-packages/airflow/example_dags/example_branch_day_of_week_operator.py
[2024-10-22T04:23:55.717+0000] {processor.py:914} INFO - Processing file /home/airflow/.local/lib/python3.12/site-packages/airflow/example_dags/example_branch_day_of_week_operator.py for tasks to queue
[2024-10-22T04:23:55.721+0000] {logging_mixin.py:190} INFO - [2024-10-22T04:23:55.720+0000] {dagbag.py:588} INFO - Filling up the DagBag from /home/airflow/.local/lib/python3.12/site-packages/airflow/example_dags/example_branch_day_of_week_operator.py
[2024-10-22T04:23:55.775+0000] {processor.py:925} INFO - DAG(s) 'example_weekday_branch_operator' retrieved from /home/airflow/.local/lib/python3.12/site-packages/airflow/example_dags/example_branch_day_of_week_operator.py
[2024-10-22T04:23:55.896+0000] {logging_mixin.py:190} INFO - [2024-10-22T04:23:55.895+0000] {dag.py:3239} INFO - Sync 1 DAGs
[2024-10-22T04:23:56.048+0000] {logging_mixin.py:190} INFO - [2024-10-22T04:23:56.047+0000] {dag.py:4180} INFO - Setting next_dagrun for example_weekday_branch_operator to 2024-10-21 00:00:00+00:00, run_after=2024-10-22 00:00:00+00:00
[2024-10-22T04:23:56.116+0000] {processor.py:208} INFO - Processing /home/airflow/.local/lib/python3.12/site-packages/airflow/example_dags/example_branch_day_of_week_operator.py took 0.455 seconds
[2024-10-22T04:24:27.993+0000] {processor.py:186} INFO - Started process (PID=63399) to work on /home/airflow/.local/lib/python3.12/site-packages/airflow/example_dags/example_branch_day_of_week_operator.py
[2024-10-22T04:24:27.999+0000] {processor.py:914} INFO - Processing file /home/airflow/.local/lib/python3.12/site-packages/airflow/example_dags/example_branch_day_of_week_operator.py for tasks to queue
[2024-10-22T04:24:28.006+0000] {logging_mixin.py:190} INFO - [2024-10-22T04:24:28.004+0000] {dagbag.py:588} INFO - Filling up the DagBag from /home/airflow/.local/lib/python3.12/site-packages/airflow/example_dags/example_branch_day_of_week_operator.py
[2024-10-22T04:24:28.048+0000] {processor.py:925} INFO - DAG(s) 'example_weekday_branch_operator' retrieved from /home/airflow/.local/lib/python3.12/site-packages/airflow/example_dags/example_branch_day_of_week_operator.py
[2024-10-22T04:24:28.173+0000] {logging_mixin.py:190} INFO - [2024-10-22T04:24:28.172+0000] {dag.py:3239} INFO - Sync 1 DAGs
[2024-10-22T04:24:28.337+0000] {logging_mixin.py:190} INFO - [2024-10-22T04:24:28.335+0000] {dag.py:4180} INFO - Setting next_dagrun for example_weekday_branch_operator to 2024-10-21 00:00:00+00:00, run_after=2024-10-22 00:00:00+00:00
[2024-10-22T04:24:28.457+0000] {processor.py:208} INFO - Processing /home/airflow/.local/lib/python3.12/site-packages/airflow/example_dags/example_branch_day_of_week_operator.py took 0.503 seconds
[2024-10-22T04:24:58.841+0000] {processor.py:186} INFO - Started process (PID=63466) to work on /home/airflow/.local/lib/python3.12/site-packages/airflow/example_dags/example_branch_day_of_week_operator.py
[2024-10-22T04:24:58.852+0000] {processor.py:914} INFO - Processing file /home/airflow/.local/lib/python3.12/site-packages/airflow/example_dags/example_branch_day_of_week_operator.py for tasks to queue
[2024-10-22T04:24:58.867+0000] {logging_mixin.py:190} INFO - [2024-10-22T04:24:58.865+0000] {dagbag.py:588} INFO - Filling up the DagBag from /home/airflow/.local/lib/python3.12/site-packages/airflow/example_dags/example_branch_day_of_week_operator.py
[2024-10-22T04:24:58.894+0000] {processor.py:925} INFO - DAG(s) 'example_weekday_branch_operator' retrieved from /home/airflow/.local/lib/python3.12/site-packages/airflow/example_dags/example_branch_day_of_week_operator.py
[2024-10-22T04:24:58.982+0000] {logging_mixin.py:190} INFO - [2024-10-22T04:24:58.981+0000] {dag.py:3239} INFO - Sync 1 DAGs
[2024-10-22T04:24:59.069+0000] {logging_mixin.py:190} INFO - [2024-10-22T04:24:59.068+0000] {dag.py:4180} INFO - Setting next_dagrun for example_weekday_branch_operator to 2024-10-21 00:00:00+00:00, run_after=2024-10-22 00:00:00+00:00
[2024-10-22T04:24:59.150+0000] {processor.py:208} INFO - Processing /home/airflow/.local/lib/python3.12/site-packages/airflow/example_dags/example_branch_day_of_week_operator.py took 0.339 seconds
[2024-10-22T04:25:29.691+0000] {processor.py:186} INFO - Started process (PID=63533) to work on /home/airflow/.local/lib/python3.12/site-packages/airflow/example_dags/example_branch_day_of_week_operator.py
[2024-10-22T04:25:29.696+0000] {processor.py:914} INFO - Processing file /home/airflow/.local/lib/python3.12/site-packages/airflow/example_dags/example_branch_day_of_week_operator.py for tasks to queue
[2024-10-22T04:25:29.702+0000] {logging_mixin.py:190} INFO - [2024-10-22T04:25:29.701+0000] {dagbag.py:588} INFO - Filling up the DagBag from /home/airflow/.local/lib/python3.12/site-packages/airflow/example_dags/example_branch_day_of_week_operator.py
[2024-10-22T04:25:29.729+0000] {processor.py:925} INFO - DAG(s) 'example_weekday_branch_operator' retrieved from /home/airflow/.local/lib/python3.12/site-packages/airflow/example_dags/example_branch_day_of_week_operator.py
[2024-10-22T04:25:29.795+0000] {logging_mixin.py:190} INFO - [2024-10-22T04:25:29.795+0000] {dag.py:3239} INFO - Sync 1 DAGs
[2024-10-22T04:25:29.878+0000] {logging_mixin.py:190} INFO - [2024-10-22T04:25:29.877+0000] {dag.py:4180} INFO - Setting next_dagrun for example_weekday_branch_operator to 2024-10-21 00:00:00+00:00, run_after=2024-10-22 00:00:00+00:00
[2024-10-22T04:25:29.927+0000] {processor.py:208} INFO - Processing /home/airflow/.local/lib/python3.12/site-packages/airflow/example_dags/example_branch_day_of_week_operator.py took 0.258 seconds
[2024-10-22T04:26:00.347+0000] {processor.py:186} INFO - Started process (PID=63600) to work on /home/airflow/.local/lib/python3.12/site-packages/airflow/example_dags/example_branch_day_of_week_operator.py
[2024-10-22T04:26:00.349+0000] {processor.py:914} INFO - Processing file /home/airflow/.local/lib/python3.12/site-packages/airflow/example_dags/example_branch_day_of_week_operator.py for tasks to queue
[2024-10-22T04:26:00.353+0000] {logging_mixin.py:190} INFO - [2024-10-22T04:26:00.352+0000] {dagbag.py:588} INFO - Filling up the DagBag from /home/airflow/.local/lib/python3.12/site-packages/airflow/example_dags/example_branch_day_of_week_operator.py
[2024-10-22T04:26:00.371+0000] {processor.py:925} INFO - DAG(s) 'example_weekday_branch_operator' retrieved from /home/airflow/.local/lib/python3.12/site-packages/airflow/example_dags/example_branch_day_of_week_operator.py
[2024-10-22T04:26:00.436+0000] {logging_mixin.py:190} INFO - [2024-10-22T04:26:00.436+0000] {dag.py:3239} INFO - Sync 1 DAGs
[2024-10-22T04:26:00.487+0000] {logging_mixin.py:190} INFO - [2024-10-22T04:26:00.486+0000] {dag.py:4180} INFO - Setting next_dagrun for example_weekday_branch_operator to 2024-10-21 00:00:00+00:00, run_after=2024-10-22 00:00:00+00:00
[2024-10-22T04:26:00.518+0000] {processor.py:208} INFO - Processing /home/airflow/.local/lib/python3.12/site-packages/airflow/example_dags/example_branch_day_of_week_operator.py took 0.191 seconds
[2024-10-22T04:26:30.955+0000] {processor.py:186} INFO - Started process (PID=63666) to work on /home/airflow/.local/lib/python3.12/site-packages/airflow/example_dags/example_branch_day_of_week_operator.py
[2024-10-22T04:26:30.957+0000] {processor.py:914} INFO - Processing file /home/airflow/.local/lib/python3.12/site-packages/airflow/example_dags/example_branch_day_of_week_operator.py for tasks to queue
[2024-10-22T04:26:30.962+0000] {logging_mixin.py:190} INFO - [2024-10-22T04:26:30.961+0000] {dagbag.py:588} INFO - Filling up the DagBag from /home/airflow/.local/lib/python3.12/site-packages/airflow/example_dags/example_branch_day_of_week_operator.py
[2024-10-22T04:26:30.977+0000] {processor.py:925} INFO - DAG(s) 'example_weekday_branch_operator' retrieved from /home/airflow/.local/lib/python3.12/site-packages/airflow/example_dags/example_branch_day_of_week_operator.py
[2024-10-22T04:26:31.038+0000] {logging_mixin.py:190} INFO - [2024-10-22T04:26:31.037+0000] {dag.py:3239} INFO - Sync 1 DAGs
[2024-10-22T04:26:31.126+0000] {logging_mixin.py:190} INFO - [2024-10-22T04:26:31.125+0000] {dag.py:4180} INFO - Setting next_dagrun for example_weekday_branch_operator to 2024-10-21 00:00:00+00:00, run_after=2024-10-22 00:00:00+00:00
[2024-10-22T04:26:31.186+0000] {processor.py:208} INFO - Processing /home/airflow/.local/lib/python3.12/site-packages/airflow/example_dags/example_branch_day_of_week_operator.py took 0.244 seconds
[2024-10-22T04:27:01.387+0000] {processor.py:186} INFO - Started process (PID=63733) to work on /home/airflow/.local/lib/python3.12/site-packages/airflow/example_dags/example_branch_day_of_week_operator.py
[2024-10-22T04:27:01.390+0000] {processor.py:914} INFO - Processing file /home/airflow/.local/lib/python3.12/site-packages/airflow/example_dags/example_branch_day_of_week_operator.py for tasks to queue
[2024-10-22T04:27:01.393+0000] {logging_mixin.py:190} INFO - [2024-10-22T04:27:01.392+0000] {dagbag.py:588} INFO - Filling up the DagBag from /home/airflow/.local/lib/python3.12/site-packages/airflow/example_dags/example_branch_day_of_week_operator.py
[2024-10-22T04:27:01.410+0000] {processor.py:925} INFO - DAG(s) 'example_weekday_branch_operator' retrieved from /home/airflow/.local/lib/python3.12/site-packages/airflow/example_dags/example_branch_day_of_week_operator.py
[2024-10-22T04:27:01.460+0000] {logging_mixin.py:190} INFO - [2024-10-22T04:27:01.459+0000] {dag.py:3239} INFO - Sync 1 DAGs
[2024-10-22T04:27:01.512+0000] {logging_mixin.py:190} INFO - [2024-10-22T04:27:01.511+0000] {dag.py:4180} INFO - Setting next_dagrun for example_weekday_branch_operator to 2024-10-21 00:00:00+00:00, run_after=2024-10-22 00:00:00+00:00
[2024-10-22T04:27:01.545+0000] {processor.py:208} INFO - Processing /home/airflow/.local/lib/python3.12/site-packages/airflow/example_dags/example_branch_day_of_week_operator.py took 0.173 seconds
[2024-10-22T04:27:32.270+0000] {processor.py:186} INFO - Started process (PID=63800) to work on /home/airflow/.local/lib/python3.12/site-packages/airflow/example_dags/example_branch_day_of_week_operator.py
[2024-10-22T04:27:32.272+0000] {processor.py:914} INFO - Processing file /home/airflow/.local/lib/python3.12/site-packages/airflow/example_dags/example_branch_day_of_week_operator.py for tasks to queue
[2024-10-22T04:27:32.275+0000] {logging_mixin.py:190} INFO - [2024-10-22T04:27:32.274+0000] {dagbag.py:588} INFO - Filling up the DagBag from /home/airflow/.local/lib/python3.12/site-packages/airflow/example_dags/example_branch_day_of_week_operator.py
[2024-10-22T04:27:32.291+0000] {processor.py:925} INFO - DAG(s) 'example_weekday_branch_operator' retrieved from /home/airflow/.local/lib/python3.12/site-packages/airflow/example_dags/example_branch_day_of_week_operator.py
[2024-10-22T04:27:32.336+0000] {logging_mixin.py:190} INFO - [2024-10-22T04:27:32.334+0000] {dag.py:3239} INFO - Sync 1 DAGs
[2024-10-22T04:27:32.384+0000] {logging_mixin.py:190} INFO - [2024-10-22T04:27:32.383+0000] {dag.py:4180} INFO - Setting next_dagrun for example_weekday_branch_operator to 2024-10-21 00:00:00+00:00, run_after=2024-10-22 00:00:00+00:00
[2024-10-22T04:27:32.451+0000] {processor.py:208} INFO - Processing /home/airflow/.local/lib/python3.12/site-packages/airflow/example_dags/example_branch_day_of_week_operator.py took 0.200 seconds
[2024-10-22T04:28:02.680+0000] {processor.py:186} INFO - Started process (PID=63867) to work on /home/airflow/.local/lib/python3.12/site-packages/airflow/example_dags/example_branch_day_of_week_operator.py
[2024-10-22T04:28:02.681+0000] {processor.py:914} INFO - Processing file /home/airflow/.local/lib/python3.12/site-packages/airflow/example_dags/example_branch_day_of_week_operator.py for tasks to queue
[2024-10-22T04:28:02.684+0000] {logging_mixin.py:190} INFO - [2024-10-22T04:28:02.683+0000] {dagbag.py:588} INFO - Filling up the DagBag from /home/airflow/.local/lib/python3.12/site-packages/airflow/example_dags/example_branch_day_of_week_operator.py
[2024-10-22T04:28:02.697+0000] {processor.py:925} INFO - DAG(s) 'example_weekday_branch_operator' retrieved from /home/airflow/.local/lib/python3.12/site-packages/airflow/example_dags/example_branch_day_of_week_operator.py
[2024-10-22T04:28:02.732+0000] {logging_mixin.py:190} INFO - [2024-10-22T04:28:02.732+0000] {dag.py:3239} INFO - Sync 1 DAGs
[2024-10-22T04:28:02.773+0000] {logging_mixin.py:190} INFO - [2024-10-22T04:28:02.773+0000] {dag.py:4180} INFO - Setting next_dagrun for example_weekday_branch_operator to 2024-10-21 00:00:00+00:00, run_after=2024-10-22 00:00:00+00:00
[2024-10-22T04:28:02.801+0000] {processor.py:208} INFO - Processing /home/airflow/.local/lib/python3.12/site-packages/airflow/example_dags/example_branch_day_of_week_operator.py took 0.132 seconds
[2024-10-22T04:28:33.710+0000] {processor.py:186} INFO - Started process (PID=63934) to work on /home/airflow/.local/lib/python3.12/site-packages/airflow/example_dags/example_branch_day_of_week_operator.py
[2024-10-22T04:28:33.711+0000] {processor.py:914} INFO - Processing file /home/airflow/.local/lib/python3.12/site-packages/airflow/example_dags/example_branch_day_of_week_operator.py for tasks to queue
[2024-10-22T04:28:33.713+0000] {logging_mixin.py:190} INFO - [2024-10-22T04:28:33.713+0000] {dagbag.py:588} INFO - Filling up the DagBag from /home/airflow/.local/lib/python3.12/site-packages/airflow/example_dags/example_branch_day_of_week_operator.py
[2024-10-22T04:28:33.723+0000] {processor.py:925} INFO - DAG(s) 'example_weekday_branch_operator' retrieved from /home/airflow/.local/lib/python3.12/site-packages/airflow/example_dags/example_branch_day_of_week_operator.py
[2024-10-22T04:28:33.755+0000] {logging_mixin.py:190} INFO - [2024-10-22T04:28:33.754+0000] {dag.py:3239} INFO - Sync 1 DAGs
[2024-10-22T04:28:33.788+0000] {logging_mixin.py:190} INFO - [2024-10-22T04:28:33.787+0000] {dag.py:4180} INFO - Setting next_dagrun for example_weekday_branch_operator to 2024-10-21 00:00:00+00:00, run_after=2024-10-22 00:00:00+00:00
[2024-10-22T04:28:33.810+0000] {processor.py:208} INFO - Processing /home/airflow/.local/lib/python3.12/site-packages/airflow/example_dags/example_branch_day_of_week_operator.py took 0.109 seconds
[2024-10-22T04:29:03.972+0000] {processor.py:186} INFO - Started process (PID=64001) to work on /home/airflow/.local/lib/python3.12/site-packages/airflow/example_dags/example_branch_day_of_week_operator.py
[2024-10-22T04:29:03.973+0000] {processor.py:914} INFO - Processing file /home/airflow/.local/lib/python3.12/site-packages/airflow/example_dags/example_branch_day_of_week_operator.py for tasks to queue
[2024-10-22T04:29:03.974+0000] {logging_mixin.py:190} INFO - [2024-10-22T04:29:03.974+0000] {dagbag.py:588} INFO - Filling up the DagBag from /home/airflow/.local/lib/python3.12/site-packages/airflow/example_dags/example_branch_day_of_week_operator.py
[2024-10-22T04:29:03.983+0000] {processor.py:925} INFO - DAG(s) 'example_weekday_branch_operator' retrieved from /home/airflow/.local/lib/python3.12/site-packages/airflow/example_dags/example_branch_day_of_week_operator.py
[2024-10-22T04:29:04.009+0000] {logging_mixin.py:190} INFO - [2024-10-22T04:29:04.009+0000] {dag.py:3239} INFO - Sync 1 DAGs
[2024-10-22T04:29:04.036+0000] {logging_mixin.py:190} INFO - [2024-10-22T04:29:04.036+0000] {dag.py:4180} INFO - Setting next_dagrun for example_weekday_branch_operator to 2024-10-21 00:00:00+00:00, run_after=2024-10-22 00:00:00+00:00
[2024-10-22T04:29:04.053+0000] {processor.py:208} INFO - Processing /home/airflow/.local/lib/python3.12/site-packages/airflow/example_dags/example_branch_day_of_week_operator.py took 0.089 seconds
[2024-10-22T04:29:34.131+0000] {processor.py:186} INFO - Started process (PID=64068) to work on /home/airflow/.local/lib/python3.12/site-packages/airflow/example_dags/example_branch_day_of_week_operator.py
[2024-10-22T04:29:34.132+0000] {processor.py:914} INFO - Processing file /home/airflow/.local/lib/python3.12/site-packages/airflow/example_dags/example_branch_day_of_week_operator.py for tasks to queue
[2024-10-22T04:29:34.134+0000] {logging_mixin.py:190} INFO - [2024-10-22T04:29:34.133+0000] {dagbag.py:588} INFO - Filling up the DagBag from /home/airflow/.local/lib/python3.12/site-packages/airflow/example_dags/example_branch_day_of_week_operator.py
[2024-10-22T04:29:34.142+0000] {processor.py:925} INFO - DAG(s) 'example_weekday_branch_operator' retrieved from /home/airflow/.local/lib/python3.12/site-packages/airflow/example_dags/example_branch_day_of_week_operator.py
[2024-10-22T04:29:34.166+0000] {logging_mixin.py:190} INFO - [2024-10-22T04:29:34.166+0000] {dag.py:3239} INFO - Sync 1 DAGs
[2024-10-22T04:29:34.199+0000] {logging_mixin.py:190} INFO - [2024-10-22T04:29:34.199+0000] {dag.py:4180} INFO - Setting next_dagrun for example_weekday_branch_operator to 2024-10-21 00:00:00+00:00, run_after=2024-10-22 00:00:00+00:00
[2024-10-22T04:29:34.218+0000] {processor.py:208} INFO - Processing /home/airflow/.local/lib/python3.12/site-packages/airflow/example_dags/example_branch_day_of_week_operator.py took 0.094 seconds
[2024-10-22T04:30:04.373+0000] {processor.py:186} INFO - Started process (PID=64134) to work on /home/airflow/.local/lib/python3.12/site-packages/airflow/example_dags/example_branch_day_of_week_operator.py
[2024-10-22T04:30:04.374+0000] {processor.py:914} INFO - Processing file /home/airflow/.local/lib/python3.12/site-packages/airflow/example_dags/example_branch_day_of_week_operator.py for tasks to queue
[2024-10-22T04:30:04.376+0000] {logging_mixin.py:190} INFO - [2024-10-22T04:30:04.376+0000] {dagbag.py:588} INFO - Filling up the DagBag from /home/airflow/.local/lib/python3.12/site-packages/airflow/example_dags/example_branch_day_of_week_operator.py
[2024-10-22T04:30:04.386+0000] {processor.py:925} INFO - DAG(s) 'example_weekday_branch_operator' retrieved from /home/airflow/.local/lib/python3.12/site-packages/airflow/example_dags/example_branch_day_of_week_operator.py
[2024-10-22T04:30:04.411+0000] {logging_mixin.py:190} INFO - [2024-10-22T04:30:04.410+0000] {dag.py:3239} INFO - Sync 1 DAGs
[2024-10-22T04:30:04.437+0000] {logging_mixin.py:190} INFO - [2024-10-22T04:30:04.437+0000] {dag.py:4180} INFO - Setting next_dagrun for example_weekday_branch_operator to 2024-10-21 00:00:00+00:00, run_after=2024-10-22 00:00:00+00:00
[2024-10-22T04:30:04.454+0000] {processor.py:208} INFO - Processing /home/airflow/.local/lib/python3.12/site-packages/airflow/example_dags/example_branch_day_of_week_operator.py took 0.089 seconds
[2024-10-22T04:30:34.683+0000] {processor.py:186} INFO - Started process (PID=64201) to work on /home/airflow/.local/lib/python3.12/site-packages/airflow/example_dags/example_branch_day_of_week_operator.py
[2024-10-22T04:30:34.684+0000] {processor.py:914} INFO - Processing file /home/airflow/.local/lib/python3.12/site-packages/airflow/example_dags/example_branch_day_of_week_operator.py for tasks to queue
[2024-10-22T04:30:34.686+0000] {logging_mixin.py:190} INFO - [2024-10-22T04:30:34.686+0000] {dagbag.py:588} INFO - Filling up the DagBag from /home/airflow/.local/lib/python3.12/site-packages/airflow/example_dags/example_branch_day_of_week_operator.py
[2024-10-22T04:30:34.694+0000] {processor.py:925} INFO - DAG(s) 'example_weekday_branch_operator' retrieved from /home/airflow/.local/lib/python3.12/site-packages/airflow/example_dags/example_branch_day_of_week_operator.py
[2024-10-22T04:30:34.722+0000] {logging_mixin.py:190} INFO - [2024-10-22T04:30:34.722+0000] {dag.py:3239} INFO - Sync 1 DAGs
[2024-10-22T04:30:34.752+0000] {logging_mixin.py:190} INFO - [2024-10-22T04:30:34.751+0000] {dag.py:4180} INFO - Setting next_dagrun for example_weekday_branch_operator to 2024-10-21 00:00:00+00:00, run_after=2024-10-22 00:00:00+00:00
[2024-10-22T04:30:34.771+0000] {processor.py:208} INFO - Processing /home/airflow/.local/lib/python3.12/site-packages/airflow/example_dags/example_branch_day_of_week_operator.py took 0.096 seconds
[2024-10-22T04:31:05.667+0000] {processor.py:186} INFO - Started process (PID=64268) to work on /home/airflow/.local/lib/python3.12/site-packages/airflow/example_dags/example_branch_day_of_week_operator.py
[2024-10-22T04:31:05.669+0000] {processor.py:914} INFO - Processing file /home/airflow/.local/lib/python3.12/site-packages/airflow/example_dags/example_branch_day_of_week_operator.py for tasks to queue
[2024-10-22T04:31:05.672+0000] {logging_mixin.py:190} INFO - [2024-10-22T04:31:05.671+0000] {dagbag.py:588} INFO - Filling up the DagBag from /home/airflow/.local/lib/python3.12/site-packages/airflow/example_dags/example_branch_day_of_week_operator.py
[2024-10-22T04:31:05.687+0000] {processor.py:925} INFO - DAG(s) 'example_weekday_branch_operator' retrieved from /home/airflow/.local/lib/python3.12/site-packages/airflow/example_dags/example_branch_day_of_week_operator.py
[2024-10-22T04:31:05.733+0000] {logging_mixin.py:190} INFO - [2024-10-22T04:31:05.732+0000] {dag.py:3239} INFO - Sync 1 DAGs
[2024-10-22T04:31:05.783+0000] {logging_mixin.py:190} INFO - [2024-10-22T04:31:05.781+0000] {dag.py:4180} INFO - Setting next_dagrun for example_weekday_branch_operator to 2024-10-21 00:00:00+00:00, run_after=2024-10-22 00:00:00+00:00
[2024-10-22T04:31:05.815+0000] {processor.py:208} INFO - Processing /home/airflow/.local/lib/python3.12/site-packages/airflow/example_dags/example_branch_day_of_week_operator.py took 0.168 seconds
[2024-10-22T04:31:36.509+0000] {processor.py:186} INFO - Started process (PID=64334) to work on /home/airflow/.local/lib/python3.12/site-packages/airflow/example_dags/example_branch_day_of_week_operator.py
[2024-10-22T04:31:36.511+0000] {processor.py:914} INFO - Processing file /home/airflow/.local/lib/python3.12/site-packages/airflow/example_dags/example_branch_day_of_week_operator.py for tasks to queue
[2024-10-22T04:31:36.515+0000] {logging_mixin.py:190} INFO - [2024-10-22T04:31:36.514+0000] {dagbag.py:588} INFO - Filling up the DagBag from /home/airflow/.local/lib/python3.12/site-packages/airflow/example_dags/example_branch_day_of_week_operator.py
[2024-10-22T04:31:36.533+0000] {processor.py:925} INFO - DAG(s) 'example_weekday_branch_operator' retrieved from /home/airflow/.local/lib/python3.12/site-packages/airflow/example_dags/example_branch_day_of_week_operator.py
[2024-10-22T04:31:36.588+0000] {logging_mixin.py:190} INFO - [2024-10-22T04:31:36.588+0000] {dag.py:3239} INFO - Sync 1 DAGs
[2024-10-22T04:31:36.648+0000] {logging_mixin.py:190} INFO - [2024-10-22T04:31:36.647+0000] {dag.py:4180} INFO - Setting next_dagrun for example_weekday_branch_operator to 2024-10-21 00:00:00+00:00, run_after=2024-10-22 00:00:00+00:00
[2024-10-22T04:31:36.687+0000] {processor.py:208} INFO - Processing /home/airflow/.local/lib/python3.12/site-packages/airflow/example_dags/example_branch_day_of_week_operator.py took 0.196 seconds
[2024-10-22T04:32:07.391+0000] {processor.py:186} INFO - Started process (PID=64401) to work on /home/airflow/.local/lib/python3.12/site-packages/airflow/example_dags/example_branch_day_of_week_operator.py
[2024-10-22T04:32:07.395+0000] {processor.py:914} INFO - Processing file /home/airflow/.local/lib/python3.12/site-packages/airflow/example_dags/example_branch_day_of_week_operator.py for tasks to queue
[2024-10-22T04:32:07.401+0000] {logging_mixin.py:190} INFO - [2024-10-22T04:32:07.400+0000] {dagbag.py:588} INFO - Filling up the DagBag from /home/airflow/.local/lib/python3.12/site-packages/airflow/example_dags/example_branch_day_of_week_operator.py
[2024-10-22T04:32:07.429+0000] {processor.py:925} INFO - DAG(s) 'example_weekday_branch_operator' retrieved from /home/airflow/.local/lib/python3.12/site-packages/airflow/example_dags/example_branch_day_of_week_operator.py
[2024-10-22T04:32:07.516+0000] {logging_mixin.py:190} INFO - [2024-10-22T04:32:07.515+0000] {dag.py:3239} INFO - Sync 1 DAGs
[2024-10-22T04:32:07.626+0000] {logging_mixin.py:190} INFO - [2024-10-22T04:32:07.625+0000] {dag.py:4180} INFO - Setting next_dagrun for example_weekday_branch_operator to 2024-10-21 00:00:00+00:00, run_after=2024-10-22 00:00:00+00:00
[2024-10-22T04:32:07.685+0000] {processor.py:208} INFO - Processing /home/airflow/.local/lib/python3.12/site-packages/airflow/example_dags/example_branch_day_of_week_operator.py took 0.321 seconds
[2024-10-22T04:32:37.789+0000] {processor.py:186} INFO - Started process (PID=64468) to work on /home/airflow/.local/lib/python3.12/site-packages/airflow/example_dags/example_branch_day_of_week_operator.py
[2024-10-22T04:32:37.793+0000] {processor.py:914} INFO - Processing file /home/airflow/.local/lib/python3.12/site-packages/airflow/example_dags/example_branch_day_of_week_operator.py for tasks to queue
[2024-10-22T04:32:37.800+0000] {logging_mixin.py:190} INFO - [2024-10-22T04:32:37.798+0000] {dagbag.py:588} INFO - Filling up the DagBag from /home/airflow/.local/lib/python3.12/site-packages/airflow/example_dags/example_branch_day_of_week_operator.py
[2024-10-22T04:32:37.829+0000] {processor.py:925} INFO - DAG(s) 'example_weekday_branch_operator' retrieved from /home/airflow/.local/lib/python3.12/site-packages/airflow/example_dags/example_branch_day_of_week_operator.py
[2024-10-22T04:32:37.916+0000] {logging_mixin.py:190} INFO - [2024-10-22T04:32:37.915+0000] {dag.py:3239} INFO - Sync 1 DAGs
[2024-10-22T04:32:38.015+0000] {logging_mixin.py:190} INFO - [2024-10-22T04:32:38.014+0000] {dag.py:4180} INFO - Setting next_dagrun for example_weekday_branch_operator to 2024-10-21 00:00:00+00:00, run_after=2024-10-22 00:00:00+00:00
[2024-10-22T04:32:38.089+0000] {processor.py:208} INFO - Processing /home/airflow/.local/lib/python3.12/site-packages/airflow/example_dags/example_branch_day_of_week_operator.py took 0.330 seconds
[2024-10-22T04:33:10.440+0000] {processor.py:186} INFO - Started process (PID=64535) to work on /home/airflow/.local/lib/python3.12/site-packages/airflow/example_dags/example_branch_day_of_week_operator.py
[2024-10-22T04:33:10.447+0000] {processor.py:914} INFO - Processing file /home/airflow/.local/lib/python3.12/site-packages/airflow/example_dags/example_branch_day_of_week_operator.py for tasks to queue
[2024-10-22T04:33:10.457+0000] {logging_mixin.py:190} INFO - [2024-10-22T04:33:10.455+0000] {dagbag.py:588} INFO - Filling up the DagBag from /home/airflow/.local/lib/python3.12/site-packages/airflow/example_dags/example_branch_day_of_week_operator.py
[2024-10-22T04:33:10.512+0000] {processor.py:925} INFO - DAG(s) 'example_weekday_branch_operator' retrieved from /home/airflow/.local/lib/python3.12/site-packages/airflow/example_dags/example_branch_day_of_week_operator.py
[2024-10-22T04:33:10.663+0000] {logging_mixin.py:190} INFO - [2024-10-22T04:33:10.661+0000] {dag.py:3239} INFO - Sync 1 DAGs
[2024-10-22T04:33:10.828+0000] {logging_mixin.py:190} INFO - [2024-10-22T04:33:10.827+0000] {dag.py:4180} INFO - Setting next_dagrun for example_weekday_branch_operator to 2024-10-21 00:00:00+00:00, run_after=2024-10-22 00:00:00+00:00
[2024-10-22T04:33:10.943+0000] {processor.py:208} INFO - Processing /home/airflow/.local/lib/python3.12/site-packages/airflow/example_dags/example_branch_day_of_week_operator.py took 0.550 seconds
[2024-10-22T04:34:03.801+0000] {processor.py:186} INFO - Started process (PID=64610) to work on /home/airflow/.local/lib/python3.12/site-packages/airflow/example_dags/example_branch_day_of_week_operator.py
[2024-10-22T04:34:03.805+0000] {processor.py:914} INFO - Processing file /home/airflow/.local/lib/python3.12/site-packages/airflow/example_dags/example_branch_day_of_week_operator.py for tasks to queue
[2024-10-22T04:34:03.812+0000] {logging_mixin.py:190} INFO - [2024-10-22T04:34:03.809+0000] {dagbag.py:588} INFO - Filling up the DagBag from /home/airflow/.local/lib/python3.12/site-packages/airflow/example_dags/example_branch_day_of_week_operator.py
[2024-10-22T04:34:03.849+0000] {processor.py:925} INFO - DAG(s) 'example_weekday_branch_operator' retrieved from /home/airflow/.local/lib/python3.12/site-packages/airflow/example_dags/example_branch_day_of_week_operator.py
[2024-10-22T04:34:04.063+0000] {logging_mixin.py:190} INFO - [2024-10-22T04:34:04.062+0000] {dag.py:3239} INFO - Sync 1 DAGs
[2024-10-22T04:34:04.254+0000] {logging_mixin.py:190} INFO - [2024-10-22T04:34:04.253+0000] {dag.py:4180} INFO - Setting next_dagrun for example_weekday_branch_operator to 2024-10-21 00:00:00+00:00, run_after=2024-10-22 00:00:00+00:00
[2024-10-22T04:34:04.318+0000] {processor.py:208} INFO - Processing /home/airflow/.local/lib/python3.12/site-packages/airflow/example_dags/example_branch_day_of_week_operator.py took 0.548 seconds
[2024-10-22T04:34:35.767+0000] {processor.py:186} INFO - Started process (PID=64677) to work on /home/airflow/.local/lib/python3.12/site-packages/airflow/example_dags/example_branch_day_of_week_operator.py
[2024-10-22T04:34:35.770+0000] {processor.py:914} INFO - Processing file /home/airflow/.local/lib/python3.12/site-packages/airflow/example_dags/example_branch_day_of_week_operator.py for tasks to queue
[2024-10-22T04:34:35.777+0000] {logging_mixin.py:190} INFO - [2024-10-22T04:34:35.776+0000] {dagbag.py:588} INFO - Filling up the DagBag from /home/airflow/.local/lib/python3.12/site-packages/airflow/example_dags/example_branch_day_of_week_operator.py
[2024-10-22T04:34:35.804+0000] {processor.py:925} INFO - DAG(s) 'example_weekday_branch_operator' retrieved from /home/airflow/.local/lib/python3.12/site-packages/airflow/example_dags/example_branch_day_of_week_operator.py
[2024-10-22T04:34:35.882+0000] {logging_mixin.py:190} INFO - [2024-10-22T04:34:35.881+0000] {dag.py:3239} INFO - Sync 1 DAGs
[2024-10-22T04:34:35.970+0000] {logging_mixin.py:190} INFO - [2024-10-22T04:34:35.968+0000] {dag.py:4180} INFO - Setting next_dagrun for example_weekday_branch_operator to 2024-10-21 00:00:00+00:00, run_after=2024-10-22 00:00:00+00:00
[2024-10-22T04:34:36.047+0000] {processor.py:208} INFO - Processing /home/airflow/.local/lib/python3.12/site-packages/airflow/example_dags/example_branch_day_of_week_operator.py took 0.303 seconds
[2024-10-22T04:35:07.735+0000] {processor.py:186} INFO - Started process (PID=64744) to work on /home/airflow/.local/lib/python3.12/site-packages/airflow/example_dags/example_branch_day_of_week_operator.py
[2024-10-22T04:35:07.739+0000] {processor.py:914} INFO - Processing file /home/airflow/.local/lib/python3.12/site-packages/airflow/example_dags/example_branch_day_of_week_operator.py for tasks to queue
[2024-10-22T04:35:07.746+0000] {logging_mixin.py:190} INFO - [2024-10-22T04:35:07.745+0000] {dagbag.py:588} INFO - Filling up the DagBag from /home/airflow/.local/lib/python3.12/site-packages/airflow/example_dags/example_branch_day_of_week_operator.py
[2024-10-22T04:35:07.789+0000] {processor.py:925} INFO - DAG(s) 'example_weekday_branch_operator' retrieved from /home/airflow/.local/lib/python3.12/site-packages/airflow/example_dags/example_branch_day_of_week_operator.py
[2024-10-22T04:35:07.947+0000] {logging_mixin.py:190} INFO - [2024-10-22T04:35:07.945+0000] {dag.py:3239} INFO - Sync 1 DAGs
[2024-10-22T04:35:08.165+0000] {logging_mixin.py:190} INFO - [2024-10-22T04:35:08.163+0000] {dag.py:4180} INFO - Setting next_dagrun for example_weekday_branch_operator to 2024-10-21 00:00:00+00:00, run_after=2024-10-22 00:00:00+00:00
[2024-10-22T04:35:08.226+0000] {processor.py:208} INFO - Processing /home/airflow/.local/lib/python3.12/site-packages/airflow/example_dags/example_branch_day_of_week_operator.py took 0.514 seconds
[2024-10-22T04:35:39.713+0000] {processor.py:186} INFO - Started process (PID=64811) to work on /home/airflow/.local/lib/python3.12/site-packages/airflow/example_dags/example_branch_day_of_week_operator.py
[2024-10-22T04:35:39.724+0000] {processor.py:914} INFO - Processing file /home/airflow/.local/lib/python3.12/site-packages/airflow/example_dags/example_branch_day_of_week_operator.py for tasks to queue
[2024-10-22T04:35:39.731+0000] {logging_mixin.py:190} INFO - [2024-10-22T04:35:39.729+0000] {dagbag.py:588} INFO - Filling up the DagBag from /home/airflow/.local/lib/python3.12/site-packages/airflow/example_dags/example_branch_day_of_week_operator.py
[2024-10-22T04:35:39.765+0000] {processor.py:925} INFO - DAG(s) 'example_weekday_branch_operator' retrieved from /home/airflow/.local/lib/python3.12/site-packages/airflow/example_dags/example_branch_day_of_week_operator.py
[2024-10-22T04:35:39.897+0000] {logging_mixin.py:190} INFO - [2024-10-22T04:35:39.896+0000] {dag.py:3239} INFO - Sync 1 DAGs
[2024-10-22T04:35:40.054+0000] {logging_mixin.py:190} INFO - [2024-10-22T04:35:40.053+0000] {dag.py:4180} INFO - Setting next_dagrun for example_weekday_branch_operator to 2024-10-21 00:00:00+00:00, run_after=2024-10-22 00:00:00+00:00
[2024-10-22T04:35:40.144+0000] {processor.py:208} INFO - Processing /home/airflow/.local/lib/python3.12/site-packages/airflow/example_dags/example_branch_day_of_week_operator.py took 0.456 seconds
[2024-10-22T04:36:11.217+0000] {processor.py:186} INFO - Started process (PID=64878) to work on /home/airflow/.local/lib/python3.12/site-packages/airflow/example_dags/example_branch_day_of_week_operator.py
[2024-10-22T04:36:11.222+0000] {processor.py:914} INFO - Processing file /home/airflow/.local/lib/python3.12/site-packages/airflow/example_dags/example_branch_day_of_week_operator.py for tasks to queue
[2024-10-22T04:36:11.231+0000] {logging_mixin.py:190} INFO - [2024-10-22T04:36:11.229+0000] {dagbag.py:588} INFO - Filling up the DagBag from /home/airflow/.local/lib/python3.12/site-packages/airflow/example_dags/example_branch_day_of_week_operator.py
[2024-10-22T04:36:11.273+0000] {processor.py:925} INFO - DAG(s) 'example_weekday_branch_operator' retrieved from /home/airflow/.local/lib/python3.12/site-packages/airflow/example_dags/example_branch_day_of_week_operator.py
[2024-10-22T04:36:11.400+0000] {logging_mixin.py:190} INFO - [2024-10-22T04:36:11.399+0000] {dag.py:3239} INFO - Sync 1 DAGs
[2024-10-22T04:36:11.518+0000] {logging_mixin.py:190} INFO - [2024-10-22T04:36:11.517+0000] {dag.py:4180} INFO - Setting next_dagrun for example_weekday_branch_operator to 2024-10-21 00:00:00+00:00, run_after=2024-10-22 00:00:00+00:00
[2024-10-22T04:36:11.575+0000] {processor.py:208} INFO - Processing /home/airflow/.local/lib/python3.12/site-packages/airflow/example_dags/example_branch_day_of_week_operator.py took 0.413 seconds
[2024-10-22T04:36:43.000+0000] {processor.py:186} INFO - Started process (PID=64945) to work on /home/airflow/.local/lib/python3.12/site-packages/airflow/example_dags/example_branch_day_of_week_operator.py
[2024-10-22T04:36:43.005+0000] {processor.py:914} INFO - Processing file /home/airflow/.local/lib/python3.12/site-packages/airflow/example_dags/example_branch_day_of_week_operator.py for tasks to queue
[2024-10-22T04:36:43.014+0000] {logging_mixin.py:190} INFO - [2024-10-22T04:36:43.011+0000] {dagbag.py:588} INFO - Filling up the DagBag from /home/airflow/.local/lib/python3.12/site-packages/airflow/example_dags/example_branch_day_of_week_operator.py
[2024-10-22T04:36:43.053+0000] {processor.py:925} INFO - DAG(s) 'example_weekday_branch_operator' retrieved from /home/airflow/.local/lib/python3.12/site-packages/airflow/example_dags/example_branch_day_of_week_operator.py
[2024-10-22T04:36:43.257+0000] {logging_mixin.py:190} INFO - [2024-10-22T04:36:43.255+0000] {dag.py:3239} INFO - Sync 1 DAGs
[2024-10-22T04:36:43.467+0000] {logging_mixin.py:190} INFO - [2024-10-22T04:36:43.466+0000] {dag.py:4180} INFO - Setting next_dagrun for example_weekday_branch_operator to 2024-10-21 00:00:00+00:00, run_after=2024-10-22 00:00:00+00:00
[2024-10-22T04:36:43.584+0000] {processor.py:208} INFO - Processing /home/airflow/.local/lib/python3.12/site-packages/airflow/example_dags/example_branch_day_of_week_operator.py took 0.615 seconds
[2024-10-22T04:37:14.381+0000] {processor.py:186} INFO - Started process (PID=65012) to work on /home/airflow/.local/lib/python3.12/site-packages/airflow/example_dags/example_branch_day_of_week_operator.py
[2024-10-22T04:37:14.382+0000] {processor.py:914} INFO - Processing file /home/airflow/.local/lib/python3.12/site-packages/airflow/example_dags/example_branch_day_of_week_operator.py for tasks to queue
[2024-10-22T04:37:14.386+0000] {logging_mixin.py:190} INFO - [2024-10-22T04:37:14.385+0000] {dagbag.py:588} INFO - Filling up the DagBag from /home/airflow/.local/lib/python3.12/site-packages/airflow/example_dags/example_branch_day_of_week_operator.py
[2024-10-22T04:37:14.405+0000] {processor.py:925} INFO - DAG(s) 'example_weekday_branch_operator' retrieved from /home/airflow/.local/lib/python3.12/site-packages/airflow/example_dags/example_branch_day_of_week_operator.py
[2024-10-22T04:37:14.456+0000] {logging_mixin.py:190} INFO - [2024-10-22T04:37:14.455+0000] {dag.py:3239} INFO - Sync 1 DAGs
[2024-10-22T04:37:14.512+0000] {logging_mixin.py:190} INFO - [2024-10-22T04:37:14.512+0000] {dag.py:4180} INFO - Setting next_dagrun for example_weekday_branch_operator to 2024-10-21 00:00:00+00:00, run_after=2024-10-22 00:00:00+00:00
[2024-10-22T04:37:14.551+0000] {processor.py:208} INFO - Processing /home/airflow/.local/lib/python3.12/site-packages/airflow/example_dags/example_branch_day_of_week_operator.py took 0.186 seconds
[2024-10-22T04:37:45.006+0000] {processor.py:186} INFO - Started process (PID=65079) to work on /home/airflow/.local/lib/python3.12/site-packages/airflow/example_dags/example_branch_day_of_week_operator.py
[2024-10-22T04:37:45.008+0000] {processor.py:914} INFO - Processing file /home/airflow/.local/lib/python3.12/site-packages/airflow/example_dags/example_branch_day_of_week_operator.py for tasks to queue
[2024-10-22T04:37:45.012+0000] {logging_mixin.py:190} INFO - [2024-10-22T04:37:45.011+0000] {dagbag.py:588} INFO - Filling up the DagBag from /home/airflow/.local/lib/python3.12/site-packages/airflow/example_dags/example_branch_day_of_week_operator.py
[2024-10-22T04:37:45.030+0000] {processor.py:925} INFO - DAG(s) 'example_weekday_branch_operator' retrieved from /home/airflow/.local/lib/python3.12/site-packages/airflow/example_dags/example_branch_day_of_week_operator.py
[2024-10-22T04:37:45.089+0000] {logging_mixin.py:190} INFO - [2024-10-22T04:37:45.088+0000] {dag.py:3239} INFO - Sync 1 DAGs
[2024-10-22T04:37:45.140+0000] {logging_mixin.py:190} INFO - [2024-10-22T04:37:45.140+0000] {dag.py:4180} INFO - Setting next_dagrun for example_weekday_branch_operator to 2024-10-21 00:00:00+00:00, run_after=2024-10-22 00:00:00+00:00
[2024-10-22T04:37:45.176+0000] {processor.py:208} INFO - Processing /home/airflow/.local/lib/python3.12/site-packages/airflow/example_dags/example_branch_day_of_week_operator.py took 0.189 seconds
[2024-10-22T04:38:15.670+0000] {processor.py:186} INFO - Started process (PID=65146) to work on /home/airflow/.local/lib/python3.12/site-packages/airflow/example_dags/example_branch_day_of_week_operator.py
[2024-10-22T04:38:15.672+0000] {processor.py:914} INFO - Processing file /home/airflow/.local/lib/python3.12/site-packages/airflow/example_dags/example_branch_day_of_week_operator.py for tasks to queue
[2024-10-22T04:38:15.674+0000] {logging_mixin.py:190} INFO - [2024-10-22T04:38:15.673+0000] {dagbag.py:588} INFO - Filling up the DagBag from /home/airflow/.local/lib/python3.12/site-packages/airflow/example_dags/example_branch_day_of_week_operator.py
[2024-10-22T04:38:15.689+0000] {processor.py:925} INFO - DAG(s) 'example_weekday_branch_operator' retrieved from /home/airflow/.local/lib/python3.12/site-packages/airflow/example_dags/example_branch_day_of_week_operator.py
[2024-10-22T04:38:15.735+0000] {logging_mixin.py:190} INFO - [2024-10-22T04:38:15.735+0000] {dag.py:3239} INFO - Sync 1 DAGs
[2024-10-22T04:38:15.782+0000] {logging_mixin.py:190} INFO - [2024-10-22T04:38:15.782+0000] {dag.py:4180} INFO - Setting next_dagrun for example_weekday_branch_operator to 2024-10-21 00:00:00+00:00, run_after=2024-10-22 00:00:00+00:00
[2024-10-22T04:38:15.812+0000] {processor.py:208} INFO - Processing /home/airflow/.local/lib/python3.12/site-packages/airflow/example_dags/example_branch_day_of_week_operator.py took 0.155 seconds
[2024-10-22T04:38:46.713+0000] {processor.py:186} INFO - Started process (PID=65213) to work on /home/airflow/.local/lib/python3.12/site-packages/airflow/example_dags/example_branch_day_of_week_operator.py
[2024-10-22T04:38:46.715+0000] {processor.py:914} INFO - Processing file /home/airflow/.local/lib/python3.12/site-packages/airflow/example_dags/example_branch_day_of_week_operator.py for tasks to queue
[2024-10-22T04:38:46.717+0000] {logging_mixin.py:190} INFO - [2024-10-22T04:38:46.716+0000] {dagbag.py:588} INFO - Filling up the DagBag from /home/airflow/.local/lib/python3.12/site-packages/airflow/example_dags/example_branch_day_of_week_operator.py
[2024-10-22T04:38:46.728+0000] {processor.py:925} INFO - DAG(s) 'example_weekday_branch_operator' retrieved from /home/airflow/.local/lib/python3.12/site-packages/airflow/example_dags/example_branch_day_of_week_operator.py
[2024-10-22T04:38:46.766+0000] {logging_mixin.py:190} INFO - [2024-10-22T04:38:46.766+0000] {dag.py:3239} INFO - Sync 1 DAGs
[2024-10-22T04:38:46.799+0000] {logging_mixin.py:190} INFO - [2024-10-22T04:38:46.799+0000] {dag.py:4180} INFO - Setting next_dagrun for example_weekday_branch_operator to 2024-10-21 00:00:00+00:00, run_after=2024-10-22 00:00:00+00:00
[2024-10-22T04:38:46.821+0000] {processor.py:208} INFO - Processing /home/airflow/.local/lib/python3.12/site-packages/airflow/example_dags/example_branch_day_of_week_operator.py took 0.117 seconds
[2024-10-22T04:39:16.932+0000] {processor.py:186} INFO - Started process (PID=65280) to work on /home/airflow/.local/lib/python3.12/site-packages/airflow/example_dags/example_branch_day_of_week_operator.py
[2024-10-22T04:39:16.933+0000] {processor.py:914} INFO - Processing file /home/airflow/.local/lib/python3.12/site-packages/airflow/example_dags/example_branch_day_of_week_operator.py for tasks to queue
[2024-10-22T04:39:16.935+0000] {logging_mixin.py:190} INFO - [2024-10-22T04:39:16.934+0000] {dagbag.py:588} INFO - Filling up the DagBag from /home/airflow/.local/lib/python3.12/site-packages/airflow/example_dags/example_branch_day_of_week_operator.py
[2024-10-22T04:39:16.943+0000] {processor.py:925} INFO - DAG(s) 'example_weekday_branch_operator' retrieved from /home/airflow/.local/lib/python3.12/site-packages/airflow/example_dags/example_branch_day_of_week_operator.py
[2024-10-22T04:39:16.980+0000] {logging_mixin.py:190} INFO - [2024-10-22T04:39:16.979+0000] {dag.py:3239} INFO - Sync 1 DAGs
[2024-10-22T04:39:17.009+0000] {logging_mixin.py:190} INFO - [2024-10-22T04:39:17.009+0000] {dag.py:4180} INFO - Setting next_dagrun for example_weekday_branch_operator to 2024-10-21 00:00:00+00:00, run_after=2024-10-22 00:00:00+00:00
[2024-10-22T04:39:17.028+0000] {processor.py:208} INFO - Processing /home/airflow/.local/lib/python3.12/site-packages/airflow/example_dags/example_branch_day_of_week_operator.py took 0.104 seconds
[2024-10-22T04:39:47.075+0000] {processor.py:186} INFO - Started process (PID=65347) to work on /home/airflow/.local/lib/python3.12/site-packages/airflow/example_dags/example_branch_day_of_week_operator.py
[2024-10-22T04:39:47.076+0000] {processor.py:914} INFO - Processing file /home/airflow/.local/lib/python3.12/site-packages/airflow/example_dags/example_branch_day_of_week_operator.py for tasks to queue
[2024-10-22T04:39:47.078+0000] {logging_mixin.py:190} INFO - [2024-10-22T04:39:47.078+0000] {dagbag.py:588} INFO - Filling up the DagBag from /home/airflow/.local/lib/python3.12/site-packages/airflow/example_dags/example_branch_day_of_week_operator.py
[2024-10-22T04:39:47.089+0000] {processor.py:925} INFO - DAG(s) 'example_weekday_branch_operator' retrieved from /home/airflow/.local/lib/python3.12/site-packages/airflow/example_dags/example_branch_day_of_week_operator.py
[2024-10-22T04:39:47.114+0000] {logging_mixin.py:190} INFO - [2024-10-22T04:39:47.114+0000] {dag.py:3239} INFO - Sync 1 DAGs
[2024-10-22T04:39:47.147+0000] {logging_mixin.py:190} INFO - [2024-10-22T04:39:47.146+0000] {dag.py:4180} INFO - Setting next_dagrun for example_weekday_branch_operator to 2024-10-21 00:00:00+00:00, run_after=2024-10-22 00:00:00+00:00
[2024-10-22T04:39:47.166+0000] {processor.py:208} INFO - Processing /home/airflow/.local/lib/python3.12/site-packages/airflow/example_dags/example_branch_day_of_week_operator.py took 0.099 seconds
[2024-10-22T04:40:17.639+0000] {processor.py:186} INFO - Started process (PID=65412) to work on /home/airflow/.local/lib/python3.12/site-packages/airflow/example_dags/example_branch_day_of_week_operator.py
[2024-10-22T04:40:17.639+0000] {processor.py:914} INFO - Processing file /home/airflow/.local/lib/python3.12/site-packages/airflow/example_dags/example_branch_day_of_week_operator.py for tasks to queue
[2024-10-22T04:40:17.641+0000] {logging_mixin.py:190} INFO - [2024-10-22T04:40:17.641+0000] {dagbag.py:588} INFO - Filling up the DagBag from /home/airflow/.local/lib/python3.12/site-packages/airflow/example_dags/example_branch_day_of_week_operator.py
[2024-10-22T04:40:17.651+0000] {processor.py:925} INFO - DAG(s) 'example_weekday_branch_operator' retrieved from /home/airflow/.local/lib/python3.12/site-packages/airflow/example_dags/example_branch_day_of_week_operator.py
[2024-10-22T04:40:17.681+0000] {logging_mixin.py:190} INFO - [2024-10-22T04:40:17.681+0000] {dag.py:3239} INFO - Sync 1 DAGs
[2024-10-22T04:40:17.712+0000] {logging_mixin.py:190} INFO - [2024-10-22T04:40:17.711+0000] {dag.py:4180} INFO - Setting next_dagrun for example_weekday_branch_operator to 2024-10-21 00:00:00+00:00, run_after=2024-10-22 00:00:00+00:00
[2024-10-22T04:40:17.731+0000] {processor.py:208} INFO - Processing /home/airflow/.local/lib/python3.12/site-packages/airflow/example_dags/example_branch_day_of_week_operator.py took 0.102 seconds
[2024-10-22T04:40:48.461+0000] {processor.py:186} INFO - Started process (PID=65479) to work on /home/airflow/.local/lib/python3.12/site-packages/airflow/example_dags/example_branch_day_of_week_operator.py
[2024-10-22T04:40:48.463+0000] {processor.py:914} INFO - Processing file /home/airflow/.local/lib/python3.12/site-packages/airflow/example_dags/example_branch_day_of_week_operator.py for tasks to queue
[2024-10-22T04:40:48.465+0000] {logging_mixin.py:190} INFO - [2024-10-22T04:40:48.464+0000] {dagbag.py:588} INFO - Filling up the DagBag from /home/airflow/.local/lib/python3.12/site-packages/airflow/example_dags/example_branch_day_of_week_operator.py
[2024-10-22T04:40:48.477+0000] {processor.py:925} INFO - DAG(s) 'example_weekday_branch_operator' retrieved from /home/airflow/.local/lib/python3.12/site-packages/airflow/example_dags/example_branch_day_of_week_operator.py
[2024-10-22T04:40:48.526+0000] {logging_mixin.py:190} INFO - [2024-10-22T04:40:48.526+0000] {dag.py:3239} INFO - Sync 1 DAGs
[2024-10-22T04:40:48.563+0000] {logging_mixin.py:190} INFO - [2024-10-22T04:40:48.563+0000] {dag.py:4180} INFO - Setting next_dagrun for example_weekday_branch_operator to 2024-10-21 00:00:00+00:00, run_after=2024-10-22 00:00:00+00:00
[2024-10-22T04:40:48.591+0000] {processor.py:208} INFO - Processing /home/airflow/.local/lib/python3.12/site-packages/airflow/example_dags/example_branch_day_of_week_operator.py took 0.142 seconds
[2024-10-22T04:41:18.699+0000] {processor.py:186} INFO - Started process (PID=65546) to work on /home/airflow/.local/lib/python3.12/site-packages/airflow/example_dags/example_branch_day_of_week_operator.py
[2024-10-22T04:41:18.700+0000] {processor.py:914} INFO - Processing file /home/airflow/.local/lib/python3.12/site-packages/airflow/example_dags/example_branch_day_of_week_operator.py for tasks to queue
[2024-10-22T04:41:18.702+0000] {logging_mixin.py:190} INFO - [2024-10-22T04:41:18.702+0000] {dagbag.py:588} INFO - Filling up the DagBag from /home/airflow/.local/lib/python3.12/site-packages/airflow/example_dags/example_branch_day_of_week_operator.py
[2024-10-22T04:41:18.714+0000] {processor.py:925} INFO - DAG(s) 'example_weekday_branch_operator' retrieved from /home/airflow/.local/lib/python3.12/site-packages/airflow/example_dags/example_branch_day_of_week_operator.py
[2024-10-22T04:41:18.751+0000] {logging_mixin.py:190} INFO - [2024-10-22T04:41:18.750+0000] {dag.py:3239} INFO - Sync 1 DAGs
[2024-10-22T04:41:18.787+0000] {logging_mixin.py:190} INFO - [2024-10-22T04:41:18.787+0000] {dag.py:4180} INFO - Setting next_dagrun for example_weekday_branch_operator to 2024-10-21 00:00:00+00:00, run_after=2024-10-22 00:00:00+00:00
[2024-10-22T04:41:18.813+0000] {processor.py:208} INFO - Processing /home/airflow/.local/lib/python3.12/site-packages/airflow/example_dags/example_branch_day_of_week_operator.py took 0.124 seconds
[2024-10-22T04:41:48.895+0000] {processor.py:186} INFO - Started process (PID=65612) to work on /home/airflow/.local/lib/python3.12/site-packages/airflow/example_dags/example_branch_day_of_week_operator.py
[2024-10-22T04:41:48.897+0000] {processor.py:914} INFO - Processing file /home/airflow/.local/lib/python3.12/site-packages/airflow/example_dags/example_branch_day_of_week_operator.py for tasks to queue
[2024-10-22T04:41:48.898+0000] {logging_mixin.py:190} INFO - [2024-10-22T04:41:48.898+0000] {dagbag.py:588} INFO - Filling up the DagBag from /home/airflow/.local/lib/python3.12/site-packages/airflow/example_dags/example_branch_day_of_week_operator.py
[2024-10-22T04:41:48.908+0000] {processor.py:925} INFO - DAG(s) 'example_weekday_branch_operator' retrieved from /home/airflow/.local/lib/python3.12/site-packages/airflow/example_dags/example_branch_day_of_week_operator.py
[2024-10-22T04:41:48.938+0000] {logging_mixin.py:190} INFO - [2024-10-22T04:41:48.938+0000] {dag.py:3239} INFO - Sync 1 DAGs
[2024-10-22T04:41:48.967+0000] {logging_mixin.py:190} INFO - [2024-10-22T04:41:48.967+0000] {dag.py:4180} INFO - Setting next_dagrun for example_weekday_branch_operator to 2024-10-21 00:00:00+00:00, run_after=2024-10-22 00:00:00+00:00
[2024-10-22T04:41:48.991+0000] {processor.py:208} INFO - Processing /home/airflow/.local/lib/python3.12/site-packages/airflow/example_dags/example_branch_day_of_week_operator.py took 0.106 seconds
[2024-10-22T04:42:19.369+0000] {processor.py:186} INFO - Started process (PID=65679) to work on /home/airflow/.local/lib/python3.12/site-packages/airflow/example_dags/example_branch_day_of_week_operator.py
[2024-10-22T04:42:19.371+0000] {processor.py:914} INFO - Processing file /home/airflow/.local/lib/python3.12/site-packages/airflow/example_dags/example_branch_day_of_week_operator.py for tasks to queue
[2024-10-22T04:42:19.374+0000] {logging_mixin.py:190} INFO - [2024-10-22T04:42:19.373+0000] {dagbag.py:588} INFO - Filling up the DagBag from /home/airflow/.local/lib/python3.12/site-packages/airflow/example_dags/example_branch_day_of_week_operator.py
[2024-10-22T04:42:19.384+0000] {processor.py:925} INFO - DAG(s) 'example_weekday_branch_operator' retrieved from /home/airflow/.local/lib/python3.12/site-packages/airflow/example_dags/example_branch_day_of_week_operator.py
[2024-10-22T04:42:19.419+0000] {logging_mixin.py:190} INFO - [2024-10-22T04:42:19.418+0000] {dag.py:3239} INFO - Sync 1 DAGs
[2024-10-22T04:42:19.453+0000] {logging_mixin.py:190} INFO - [2024-10-22T04:42:19.453+0000] {dag.py:4180} INFO - Setting next_dagrun for example_weekday_branch_operator to 2024-10-21 00:00:00+00:00, run_after=2024-10-22 00:00:00+00:00
[2024-10-22T04:42:19.477+0000] {processor.py:208} INFO - Processing /home/airflow/.local/lib/python3.12/site-packages/airflow/example_dags/example_branch_day_of_week_operator.py took 0.118 seconds
[2024-10-22T04:42:49.944+0000] {processor.py:186} INFO - Started process (PID=65746) to work on /home/airflow/.local/lib/python3.12/site-packages/airflow/example_dags/example_branch_day_of_week_operator.py
[2024-10-22T04:42:49.946+0000] {processor.py:914} INFO - Processing file /home/airflow/.local/lib/python3.12/site-packages/airflow/example_dags/example_branch_day_of_week_operator.py for tasks to queue
[2024-10-22T04:42:49.948+0000] {logging_mixin.py:190} INFO - [2024-10-22T04:42:49.948+0000] {dagbag.py:588} INFO - Filling up the DagBag from /home/airflow/.local/lib/python3.12/site-packages/airflow/example_dags/example_branch_day_of_week_operator.py
[2024-10-22T04:42:49.962+0000] {processor.py:925} INFO - DAG(s) 'example_weekday_branch_operator' retrieved from /home/airflow/.local/lib/python3.12/site-packages/airflow/example_dags/example_branch_day_of_week_operator.py
[2024-10-22T04:42:50.006+0000] {logging_mixin.py:190} INFO - [2024-10-22T04:42:50.006+0000] {dag.py:3239} INFO - Sync 1 DAGs
[2024-10-22T04:42:50.051+0000] {logging_mixin.py:190} INFO - [2024-10-22T04:42:50.051+0000] {dag.py:4180} INFO - Setting next_dagrun for example_weekday_branch_operator to 2024-10-21 00:00:00+00:00, run_after=2024-10-22 00:00:00+00:00
[2024-10-22T04:42:50.085+0000] {processor.py:208} INFO - Processing /home/airflow/.local/lib/python3.12/site-packages/airflow/example_dags/example_branch_day_of_week_operator.py took 0.156 seconds
[2024-10-22T04:43:20.323+0000] {processor.py:186} INFO - Started process (PID=65813) to work on /home/airflow/.local/lib/python3.12/site-packages/airflow/example_dags/example_branch_day_of_week_operator.py
[2024-10-22T04:43:20.325+0000] {processor.py:914} INFO - Processing file /home/airflow/.local/lib/python3.12/site-packages/airflow/example_dags/example_branch_day_of_week_operator.py for tasks to queue
[2024-10-22T04:43:20.328+0000] {logging_mixin.py:190} INFO - [2024-10-22T04:43:20.327+0000] {dagbag.py:588} INFO - Filling up the DagBag from /home/airflow/.local/lib/python3.12/site-packages/airflow/example_dags/example_branch_day_of_week_operator.py
[2024-10-22T04:43:20.346+0000] {processor.py:925} INFO - DAG(s) 'example_weekday_branch_operator' retrieved from /home/airflow/.local/lib/python3.12/site-packages/airflow/example_dags/example_branch_day_of_week_operator.py
[2024-10-22T04:43:20.395+0000] {logging_mixin.py:190} INFO - [2024-10-22T04:43:20.394+0000] {dag.py:3239} INFO - Sync 1 DAGs
[2024-10-22T04:43:20.444+0000] {logging_mixin.py:190} INFO - [2024-10-22T04:43:20.443+0000] {dag.py:4180} INFO - Setting next_dagrun for example_weekday_branch_operator to 2024-10-21 00:00:00+00:00, run_after=2024-10-22 00:00:00+00:00
[2024-10-22T04:43:20.478+0000] {processor.py:208} INFO - Processing /home/airflow/.local/lib/python3.12/site-packages/airflow/example_dags/example_branch_day_of_week_operator.py took 0.170 seconds
[2024-10-22T04:43:51.388+0000] {processor.py:186} INFO - Started process (PID=65880) to work on /home/airflow/.local/lib/python3.12/site-packages/airflow/example_dags/example_branch_day_of_week_operator.py
[2024-10-22T04:43:51.390+0000] {processor.py:914} INFO - Processing file /home/airflow/.local/lib/python3.12/site-packages/airflow/example_dags/example_branch_day_of_week_operator.py for tasks to queue
[2024-10-22T04:43:51.394+0000] {logging_mixin.py:190} INFO - [2024-10-22T04:43:51.393+0000] {dagbag.py:588} INFO - Filling up the DagBag from /home/airflow/.local/lib/python3.12/site-packages/airflow/example_dags/example_branch_day_of_week_operator.py
[2024-10-22T04:43:51.409+0000] {processor.py:925} INFO - DAG(s) 'example_weekday_branch_operator' retrieved from /home/airflow/.local/lib/python3.12/site-packages/airflow/example_dags/example_branch_day_of_week_operator.py
[2024-10-22T04:43:51.455+0000] {logging_mixin.py:190} INFO - [2024-10-22T04:43:51.455+0000] {dag.py:3239} INFO - Sync 1 DAGs
[2024-10-22T04:43:51.507+0000] {logging_mixin.py:190} INFO - [2024-10-22T04:43:51.506+0000] {dag.py:4180} INFO - Setting next_dagrun for example_weekday_branch_operator to 2024-10-21 00:00:00+00:00, run_after=2024-10-22 00:00:00+00:00
[2024-10-22T04:43:51.542+0000] {processor.py:208} INFO - Processing /home/airflow/.local/lib/python3.12/site-packages/airflow/example_dags/example_branch_day_of_week_operator.py took 0.169 seconds
[2024-10-22T04:44:21.787+0000] {processor.py:186} INFO - Started process (PID=65945) to work on /home/airflow/.local/lib/python3.12/site-packages/airflow/example_dags/example_branch_day_of_week_operator.py
[2024-10-22T04:44:21.789+0000] {processor.py:914} INFO - Processing file /home/airflow/.local/lib/python3.12/site-packages/airflow/example_dags/example_branch_day_of_week_operator.py for tasks to queue
[2024-10-22T04:44:21.791+0000] {logging_mixin.py:190} INFO - [2024-10-22T04:44:21.790+0000] {dagbag.py:588} INFO - Filling up the DagBag from /home/airflow/.local/lib/python3.12/site-packages/airflow/example_dags/example_branch_day_of_week_operator.py
[2024-10-22T04:44:21.810+0000] {processor.py:925} INFO - DAG(s) 'example_weekday_branch_operator' retrieved from /home/airflow/.local/lib/python3.12/site-packages/airflow/example_dags/example_branch_day_of_week_operator.py
[2024-10-22T04:44:21.853+0000] {logging_mixin.py:190} INFO - [2024-10-22T04:44:21.853+0000] {dag.py:3239} INFO - Sync 1 DAGs
[2024-10-22T04:44:21.900+0000] {logging_mixin.py:190} INFO - [2024-10-22T04:44:21.900+0000] {dag.py:4180} INFO - Setting next_dagrun for example_weekday_branch_operator to 2024-10-21 00:00:00+00:00, run_after=2024-10-22 00:00:00+00:00
[2024-10-22T04:44:21.930+0000] {processor.py:208} INFO - Processing /home/airflow/.local/lib/python3.12/site-packages/airflow/example_dags/example_branch_day_of_week_operator.py took 0.156 seconds
[2024-10-22T04:44:52.413+0000] {processor.py:186} INFO - Started process (PID=66011) to work on /home/airflow/.local/lib/python3.12/site-packages/airflow/example_dags/example_branch_day_of_week_operator.py
[2024-10-22T04:44:52.415+0000] {processor.py:914} INFO - Processing file /home/airflow/.local/lib/python3.12/site-packages/airflow/example_dags/example_branch_day_of_week_operator.py for tasks to queue
[2024-10-22T04:44:52.418+0000] {logging_mixin.py:190} INFO - [2024-10-22T04:44:52.418+0000] {dagbag.py:588} INFO - Filling up the DagBag from /home/airflow/.local/lib/python3.12/site-packages/airflow/example_dags/example_branch_day_of_week_operator.py
[2024-10-22T04:44:52.443+0000] {processor.py:925} INFO - DAG(s) 'example_weekday_branch_operator' retrieved from /home/airflow/.local/lib/python3.12/site-packages/airflow/example_dags/example_branch_day_of_week_operator.py
[2024-10-22T04:44:52.515+0000] {logging_mixin.py:190} INFO - [2024-10-22T04:44:52.514+0000] {dag.py:3239} INFO - Sync 1 DAGs
[2024-10-22T04:44:52.618+0000] {logging_mixin.py:190} INFO - [2024-10-22T04:44:52.617+0000] {dag.py:4180} INFO - Setting next_dagrun for example_weekday_branch_operator to 2024-10-21 00:00:00+00:00, run_after=2024-10-22 00:00:00+00:00
[2024-10-22T04:44:52.689+0000] {processor.py:208} INFO - Processing /home/airflow/.local/lib/python3.12/site-packages/airflow/example_dags/example_branch_day_of_week_operator.py took 0.287 seconds
[2024-10-22T04:45:22.760+0000] {processor.py:186} INFO - Started process (PID=66085) to work on /home/airflow/.local/lib/python3.12/site-packages/airflow/example_dags/example_branch_day_of_week_operator.py
[2024-10-22T04:45:22.761+0000] {processor.py:914} INFO - Processing file /home/airflow/.local/lib/python3.12/site-packages/airflow/example_dags/example_branch_day_of_week_operator.py for tasks to queue
[2024-10-22T04:45:22.762+0000] {logging_mixin.py:190} INFO - [2024-10-22T04:45:22.762+0000] {dagbag.py:588} INFO - Filling up the DagBag from /home/airflow/.local/lib/python3.12/site-packages/airflow/example_dags/example_branch_day_of_week_operator.py
[2024-10-22T04:45:22.771+0000] {processor.py:925} INFO - DAG(s) 'example_weekday_branch_operator' retrieved from /home/airflow/.local/lib/python3.12/site-packages/airflow/example_dags/example_branch_day_of_week_operator.py
[2024-10-22T04:45:22.797+0000] {logging_mixin.py:190} INFO - [2024-10-22T04:45:22.797+0000] {dag.py:3239} INFO - Sync 1 DAGs
[2024-10-22T04:45:22.825+0000] {logging_mixin.py:190} INFO - [2024-10-22T04:45:22.825+0000] {dag.py:4180} INFO - Setting next_dagrun for example_weekday_branch_operator to 2024-10-21 00:00:00+00:00, run_after=2024-10-22 00:00:00+00:00
[2024-10-22T04:45:22.846+0000] {processor.py:208} INFO - Processing /home/airflow/.local/lib/python3.12/site-packages/airflow/example_dags/example_branch_day_of_week_operator.py took 0.094 seconds
[2024-10-22T04:45:53.385+0000] {processor.py:186} INFO - Started process (PID=66153) to work on /home/airflow/.local/lib/python3.12/site-packages/airflow/example_dags/example_branch_day_of_week_operator.py
[2024-10-22T04:45:53.392+0000] {processor.py:914} INFO - Processing file /home/airflow/.local/lib/python3.12/site-packages/airflow/example_dags/example_branch_day_of_week_operator.py for tasks to queue
[2024-10-22T04:45:53.397+0000] {logging_mixin.py:190} INFO - [2024-10-22T04:45:53.396+0000] {dagbag.py:588} INFO - Filling up the DagBag from /home/airflow/.local/lib/python3.12/site-packages/airflow/example_dags/example_branch_day_of_week_operator.py
[2024-10-22T04:45:53.418+0000] {processor.py:925} INFO - DAG(s) 'example_weekday_branch_operator' retrieved from /home/airflow/.local/lib/python3.12/site-packages/airflow/example_dags/example_branch_day_of_week_operator.py
[2024-10-22T04:45:53.476+0000] {logging_mixin.py:190} INFO - [2024-10-22T04:45:53.475+0000] {dag.py:3239} INFO - Sync 1 DAGs
[2024-10-22T04:45:53.514+0000] {logging_mixin.py:190} INFO - [2024-10-22T04:45:53.514+0000] {dag.py:4180} INFO - Setting next_dagrun for example_weekday_branch_operator to 2024-10-21 00:00:00+00:00, run_after=2024-10-22 00:00:00+00:00
[2024-10-22T04:45:53.536+0000] {processor.py:208} INFO - Processing /home/airflow/.local/lib/python3.12/site-packages/airflow/example_dags/example_branch_day_of_week_operator.py took 0.172 seconds
[2024-10-22T04:46:23.966+0000] {processor.py:186} INFO - Started process (PID=66220) to work on /home/airflow/.local/lib/python3.12/site-packages/airflow/example_dags/example_branch_day_of_week_operator.py
[2024-10-22T04:46:23.968+0000] {processor.py:914} INFO - Processing file /home/airflow/.local/lib/python3.12/site-packages/airflow/example_dags/example_branch_day_of_week_operator.py for tasks to queue
[2024-10-22T04:46:23.970+0000] {logging_mixin.py:190} INFO - [2024-10-22T04:46:23.969+0000] {dagbag.py:588} INFO - Filling up the DagBag from /home/airflow/.local/lib/python3.12/site-packages/airflow/example_dags/example_branch_day_of_week_operator.py
[2024-10-22T04:46:23.982+0000] {processor.py:925} INFO - DAG(s) 'example_weekday_branch_operator' retrieved from /home/airflow/.local/lib/python3.12/site-packages/airflow/example_dags/example_branch_day_of_week_operator.py
[2024-10-22T04:46:24.017+0000] {logging_mixin.py:190} INFO - [2024-10-22T04:46:24.017+0000] {dag.py:3239} INFO - Sync 1 DAGs
[2024-10-22T04:46:24.056+0000] {logging_mixin.py:190} INFO - [2024-10-22T04:46:24.055+0000] {dag.py:4180} INFO - Setting next_dagrun for example_weekday_branch_operator to 2024-10-21 00:00:00+00:00, run_after=2024-10-22 00:00:00+00:00
[2024-10-22T04:46:24.083+0000] {processor.py:208} INFO - Processing /home/airflow/.local/lib/python3.12/site-packages/airflow/example_dags/example_branch_day_of_week_operator.py took 0.128 seconds
[2024-10-22T04:46:54.168+0000] {processor.py:186} INFO - Started process (PID=66286) to work on /home/airflow/.local/lib/python3.12/site-packages/airflow/example_dags/example_branch_day_of_week_operator.py
[2024-10-22T04:46:54.169+0000] {processor.py:914} INFO - Processing file /home/airflow/.local/lib/python3.12/site-packages/airflow/example_dags/example_branch_day_of_week_operator.py for tasks to queue
[2024-10-22T04:46:54.171+0000] {logging_mixin.py:190} INFO - [2024-10-22T04:46:54.170+0000] {dagbag.py:588} INFO - Filling up the DagBag from /home/airflow/.local/lib/python3.12/site-packages/airflow/example_dags/example_branch_day_of_week_operator.py
[2024-10-22T04:46:54.181+0000] {processor.py:925} INFO - DAG(s) 'example_weekday_branch_operator' retrieved from /home/airflow/.local/lib/python3.12/site-packages/airflow/example_dags/example_branch_day_of_week_operator.py
[2024-10-22T04:46:54.213+0000] {logging_mixin.py:190} INFO - [2024-10-22T04:46:54.213+0000] {dag.py:3239} INFO - Sync 1 DAGs
[2024-10-22T04:46:54.246+0000] {logging_mixin.py:190} INFO - [2024-10-22T04:46:54.246+0000] {dag.py:4180} INFO - Setting next_dagrun for example_weekday_branch_operator to 2024-10-21 00:00:00+00:00, run_after=2024-10-22 00:00:00+00:00
[2024-10-22T04:46:54.269+0000] {processor.py:208} INFO - Processing /home/airflow/.local/lib/python3.12/site-packages/airflow/example_dags/example_branch_day_of_week_operator.py took 0.112 seconds
[2024-10-22T04:47:24.834+0000] {processor.py:186} INFO - Started process (PID=66353) to work on /home/airflow/.local/lib/python3.12/site-packages/airflow/example_dags/example_branch_day_of_week_operator.py
[2024-10-22T04:47:24.835+0000] {processor.py:914} INFO - Processing file /home/airflow/.local/lib/python3.12/site-packages/airflow/example_dags/example_branch_day_of_week_operator.py for tasks to queue
[2024-10-22T04:47:24.838+0000] {logging_mixin.py:190} INFO - [2024-10-22T04:47:24.837+0000] {dagbag.py:588} INFO - Filling up the DagBag from /home/airflow/.local/lib/python3.12/site-packages/airflow/example_dags/example_branch_day_of_week_operator.py
[2024-10-22T04:47:24.850+0000] {processor.py:925} INFO - DAG(s) 'example_weekday_branch_operator' retrieved from /home/airflow/.local/lib/python3.12/site-packages/airflow/example_dags/example_branch_day_of_week_operator.py
[2024-10-22T04:47:24.889+0000] {logging_mixin.py:190} INFO - [2024-10-22T04:47:24.889+0000] {dag.py:3239} INFO - Sync 1 DAGs
[2024-10-22T04:47:24.936+0000] {logging_mixin.py:190} INFO - [2024-10-22T04:47:24.936+0000] {dag.py:4180} INFO - Setting next_dagrun for example_weekday_branch_operator to 2024-10-21 00:00:00+00:00, run_after=2024-10-22 00:00:00+00:00
[2024-10-22T04:47:24.964+0000] {processor.py:208} INFO - Processing /home/airflow/.local/lib/python3.12/site-packages/airflow/example_dags/example_branch_day_of_week_operator.py took 0.141 seconds
[2024-10-22T04:47:55.109+0000] {processor.py:186} INFO - Started process (PID=66420) to work on /home/airflow/.local/lib/python3.12/site-packages/airflow/example_dags/example_branch_day_of_week_operator.py
[2024-10-22T04:47:55.110+0000] {processor.py:914} INFO - Processing file /home/airflow/.local/lib/python3.12/site-packages/airflow/example_dags/example_branch_day_of_week_operator.py for tasks to queue
[2024-10-22T04:47:55.112+0000] {logging_mixin.py:190} INFO - [2024-10-22T04:47:55.112+0000] {dagbag.py:588} INFO - Filling up the DagBag from /home/airflow/.local/lib/python3.12/site-packages/airflow/example_dags/example_branch_day_of_week_operator.py
[2024-10-22T04:47:55.121+0000] {processor.py:925} INFO - DAG(s) 'example_weekday_branch_operator' retrieved from /home/airflow/.local/lib/python3.12/site-packages/airflow/example_dags/example_branch_day_of_week_operator.py
[2024-10-22T04:47:55.148+0000] {logging_mixin.py:190} INFO - [2024-10-22T04:47:55.148+0000] {dag.py:3239} INFO - Sync 1 DAGs
[2024-10-22T04:47:55.177+0000] {logging_mixin.py:190} INFO - [2024-10-22T04:47:55.177+0000] {dag.py:4180} INFO - Setting next_dagrun for example_weekday_branch_operator to 2024-10-21 00:00:00+00:00, run_after=2024-10-22 00:00:00+00:00
[2024-10-22T04:47:55.196+0000] {processor.py:208} INFO - Processing /home/airflow/.local/lib/python3.12/site-packages/airflow/example_dags/example_branch_day_of_week_operator.py took 0.095 seconds
[2024-10-22T04:48:25.263+0000] {processor.py:186} INFO - Started process (PID=66487) to work on /home/airflow/.local/lib/python3.12/site-packages/airflow/example_dags/example_branch_day_of_week_operator.py
[2024-10-22T04:48:25.264+0000] {processor.py:914} INFO - Processing file /home/airflow/.local/lib/python3.12/site-packages/airflow/example_dags/example_branch_day_of_week_operator.py for tasks to queue
[2024-10-22T04:48:25.265+0000] {logging_mixin.py:190} INFO - [2024-10-22T04:48:25.265+0000] {dagbag.py:588} INFO - Filling up the DagBag from /home/airflow/.local/lib/python3.12/site-packages/airflow/example_dags/example_branch_day_of_week_operator.py
[2024-10-22T04:48:25.273+0000] {processor.py:925} INFO - DAG(s) 'example_weekday_branch_operator' retrieved from /home/airflow/.local/lib/python3.12/site-packages/airflow/example_dags/example_branch_day_of_week_operator.py
[2024-10-22T04:48:25.296+0000] {logging_mixin.py:190} INFO - [2024-10-22T04:48:25.296+0000] {dag.py:3239} INFO - Sync 1 DAGs
[2024-10-22T04:48:25.324+0000] {logging_mixin.py:190} INFO - [2024-10-22T04:48:25.323+0000] {dag.py:4180} INFO - Setting next_dagrun for example_weekday_branch_operator to 2024-10-21 00:00:00+00:00, run_after=2024-10-22 00:00:00+00:00
[2024-10-22T04:48:25.345+0000] {processor.py:208} INFO - Processing /home/airflow/.local/lib/python3.12/site-packages/airflow/example_dags/example_branch_day_of_week_operator.py took 0.089 seconds
[2024-10-22T04:48:55.674+0000] {processor.py:186} INFO - Started process (PID=66554) to work on /home/airflow/.local/lib/python3.12/site-packages/airflow/example_dags/example_branch_day_of_week_operator.py
[2024-10-22T04:48:55.675+0000] {processor.py:914} INFO - Processing file /home/airflow/.local/lib/python3.12/site-packages/airflow/example_dags/example_branch_day_of_week_operator.py for tasks to queue
[2024-10-22T04:48:55.676+0000] {logging_mixin.py:190} INFO - [2024-10-22T04:48:55.676+0000] {dagbag.py:588} INFO - Filling up the DagBag from /home/airflow/.local/lib/python3.12/site-packages/airflow/example_dags/example_branch_day_of_week_operator.py
[2024-10-22T04:48:55.685+0000] {processor.py:925} INFO - DAG(s) 'example_weekday_branch_operator' retrieved from /home/airflow/.local/lib/python3.12/site-packages/airflow/example_dags/example_branch_day_of_week_operator.py
[2024-10-22T04:48:55.715+0000] {logging_mixin.py:190} INFO - [2024-10-22T04:48:55.715+0000] {dag.py:3239} INFO - Sync 1 DAGs
[2024-10-22T04:48:55.741+0000] {logging_mixin.py:190} INFO - [2024-10-22T04:48:55.740+0000] {dag.py:4180} INFO - Setting next_dagrun for example_weekday_branch_operator to 2024-10-21 00:00:00+00:00, run_after=2024-10-22 00:00:00+00:00
[2024-10-22T04:48:55.759+0000] {processor.py:208} INFO - Processing /home/airflow/.local/lib/python3.12/site-packages/airflow/example_dags/example_branch_day_of_week_operator.py took 0.093 seconds
[2024-10-22T04:49:26.126+0000] {processor.py:186} INFO - Started process (PID=66621) to work on /home/airflow/.local/lib/python3.12/site-packages/airflow/example_dags/example_branch_day_of_week_operator.py
[2024-10-22T04:49:26.127+0000] {processor.py:914} INFO - Processing file /home/airflow/.local/lib/python3.12/site-packages/airflow/example_dags/example_branch_day_of_week_operator.py for tasks to queue
[2024-10-22T04:49:26.129+0000] {logging_mixin.py:190} INFO - [2024-10-22T04:49:26.129+0000] {dagbag.py:588} INFO - Filling up the DagBag from /home/airflow/.local/lib/python3.12/site-packages/airflow/example_dags/example_branch_day_of_week_operator.py
[2024-10-22T04:49:26.138+0000] {processor.py:925} INFO - DAG(s) 'example_weekday_branch_operator' retrieved from /home/airflow/.local/lib/python3.12/site-packages/airflow/example_dags/example_branch_day_of_week_operator.py
[2024-10-22T04:49:26.163+0000] {logging_mixin.py:190} INFO - [2024-10-22T04:49:26.163+0000] {dag.py:3239} INFO - Sync 1 DAGs
[2024-10-22T04:49:26.189+0000] {logging_mixin.py:190} INFO - [2024-10-22T04:49:26.189+0000] {dag.py:4180} INFO - Setting next_dagrun for example_weekday_branch_operator to 2024-10-21 00:00:00+00:00, run_after=2024-10-22 00:00:00+00:00
[2024-10-22T04:49:26.209+0000] {processor.py:208} INFO - Processing /home/airflow/.local/lib/python3.12/site-packages/airflow/example_dags/example_branch_day_of_week_operator.py took 0.091 seconds
[2024-10-22T04:49:56.778+0000] {processor.py:186} INFO - Started process (PID=66688) to work on /home/airflow/.local/lib/python3.12/site-packages/airflow/example_dags/example_branch_day_of_week_operator.py
[2024-10-22T04:49:56.780+0000] {processor.py:914} INFO - Processing file /home/airflow/.local/lib/python3.12/site-packages/airflow/example_dags/example_branch_day_of_week_operator.py for tasks to queue
[2024-10-22T04:49:56.781+0000] {logging_mixin.py:190} INFO - [2024-10-22T04:49:56.781+0000] {dagbag.py:588} INFO - Filling up the DagBag from /home/airflow/.local/lib/python3.12/site-packages/airflow/example_dags/example_branch_day_of_week_operator.py
[2024-10-22T04:49:56.790+0000] {processor.py:925} INFO - DAG(s) 'example_weekday_branch_operator' retrieved from /home/airflow/.local/lib/python3.12/site-packages/airflow/example_dags/example_branch_day_of_week_operator.py
[2024-10-22T04:49:56.815+0000] {logging_mixin.py:190} INFO - [2024-10-22T04:49:56.815+0000] {dag.py:3239} INFO - Sync 1 DAGs
[2024-10-22T04:49:56.842+0000] {logging_mixin.py:190} INFO - [2024-10-22T04:49:56.842+0000] {dag.py:4180} INFO - Setting next_dagrun for example_weekday_branch_operator to 2024-10-21 00:00:00+00:00, run_after=2024-10-22 00:00:00+00:00
[2024-10-22T04:49:56.861+0000] {processor.py:208} INFO - Processing /home/airflow/.local/lib/python3.12/site-packages/airflow/example_dags/example_branch_day_of_week_operator.py took 0.093 seconds
[2024-10-22T04:50:27.239+0000] {processor.py:186} INFO - Started process (PID=66755) to work on /home/airflow/.local/lib/python3.12/site-packages/airflow/example_dags/example_branch_day_of_week_operator.py
[2024-10-22T04:50:27.240+0000] {processor.py:914} INFO - Processing file /home/airflow/.local/lib/python3.12/site-packages/airflow/example_dags/example_branch_day_of_week_operator.py for tasks to queue
[2024-10-22T04:50:27.242+0000] {logging_mixin.py:190} INFO - [2024-10-22T04:50:27.242+0000] {dagbag.py:588} INFO - Filling up the DagBag from /home/airflow/.local/lib/python3.12/site-packages/airflow/example_dags/example_branch_day_of_week_operator.py
[2024-10-22T04:50:27.250+0000] {processor.py:925} INFO - DAG(s) 'example_weekday_branch_operator' retrieved from /home/airflow/.local/lib/python3.12/site-packages/airflow/example_dags/example_branch_day_of_week_operator.py
[2024-10-22T04:50:27.275+0000] {logging_mixin.py:190} INFO - [2024-10-22T04:50:27.275+0000] {dag.py:3239} INFO - Sync 1 DAGs
[2024-10-22T04:50:27.300+0000] {logging_mixin.py:190} INFO - [2024-10-22T04:50:27.300+0000] {dag.py:4180} INFO - Setting next_dagrun for example_weekday_branch_operator to 2024-10-21 00:00:00+00:00, run_after=2024-10-22 00:00:00+00:00
[2024-10-22T04:50:27.317+0000] {processor.py:208} INFO - Processing /home/airflow/.local/lib/python3.12/site-packages/airflow/example_dags/example_branch_day_of_week_operator.py took 0.088 seconds
[2024-10-22T04:50:57.879+0000] {processor.py:186} INFO - Started process (PID=66822) to work on /home/airflow/.local/lib/python3.12/site-packages/airflow/example_dags/example_branch_day_of_week_operator.py
[2024-10-22T04:50:57.880+0000] {processor.py:914} INFO - Processing file /home/airflow/.local/lib/python3.12/site-packages/airflow/example_dags/example_branch_day_of_week_operator.py for tasks to queue
[2024-10-22T04:50:57.882+0000] {logging_mixin.py:190} INFO - [2024-10-22T04:50:57.881+0000] {dagbag.py:588} INFO - Filling up the DagBag from /home/airflow/.local/lib/python3.12/site-packages/airflow/example_dags/example_branch_day_of_week_operator.py
[2024-10-22T04:50:57.890+0000] {processor.py:925} INFO - DAG(s) 'example_weekday_branch_operator' retrieved from /home/airflow/.local/lib/python3.12/site-packages/airflow/example_dags/example_branch_day_of_week_operator.py
[2024-10-22T04:50:57.914+0000] {logging_mixin.py:190} INFO - [2024-10-22T04:50:57.914+0000] {dag.py:3239} INFO - Sync 1 DAGs
[2024-10-22T04:50:57.940+0000] {logging_mixin.py:190} INFO - [2024-10-22T04:50:57.939+0000] {dag.py:4180} INFO - Setting next_dagrun for example_weekday_branch_operator to 2024-10-21 00:00:00+00:00, run_after=2024-10-22 00:00:00+00:00
[2024-10-22T04:50:57.957+0000] {processor.py:208} INFO - Processing /home/airflow/.local/lib/python3.12/site-packages/airflow/example_dags/example_branch_day_of_week_operator.py took 0.087 seconds
[2024-10-22T04:51:28.109+0000] {processor.py:186} INFO - Started process (PID=66889) to work on /home/airflow/.local/lib/python3.12/site-packages/airflow/example_dags/example_branch_day_of_week_operator.py
[2024-10-22T04:51:28.110+0000] {processor.py:914} INFO - Processing file /home/airflow/.local/lib/python3.12/site-packages/airflow/example_dags/example_branch_day_of_week_operator.py for tasks to queue
[2024-10-22T04:51:28.112+0000] {logging_mixin.py:190} INFO - [2024-10-22T04:51:28.112+0000] {dagbag.py:588} INFO - Filling up the DagBag from /home/airflow/.local/lib/python3.12/site-packages/airflow/example_dags/example_branch_day_of_week_operator.py
[2024-10-22T04:51:28.124+0000] {processor.py:925} INFO - DAG(s) 'example_weekday_branch_operator' retrieved from /home/airflow/.local/lib/python3.12/site-packages/airflow/example_dags/example_branch_day_of_week_operator.py
[2024-10-22T04:51:28.159+0000] {logging_mixin.py:190} INFO - [2024-10-22T04:51:28.158+0000] {dag.py:3239} INFO - Sync 1 DAGs
[2024-10-22T04:51:28.199+0000] {logging_mixin.py:190} INFO - [2024-10-22T04:51:28.198+0000] {dag.py:4180} INFO - Setting next_dagrun for example_weekday_branch_operator to 2024-10-21 00:00:00+00:00, run_after=2024-10-22 00:00:00+00:00
[2024-10-22T04:51:28.235+0000] {processor.py:208} INFO - Processing /home/airflow/.local/lib/python3.12/site-packages/airflow/example_dags/example_branch_day_of_week_operator.py took 0.136 seconds
[2024-10-22T04:51:58.942+0000] {processor.py:186} INFO - Started process (PID=66956) to work on /home/airflow/.local/lib/python3.12/site-packages/airflow/example_dags/example_branch_day_of_week_operator.py
[2024-10-22T04:51:58.943+0000] {processor.py:914} INFO - Processing file /home/airflow/.local/lib/python3.12/site-packages/airflow/example_dags/example_branch_day_of_week_operator.py for tasks to queue
[2024-10-22T04:51:58.945+0000] {logging_mixin.py:190} INFO - [2024-10-22T04:51:58.945+0000] {dagbag.py:588} INFO - Filling up the DagBag from /home/airflow/.local/lib/python3.12/site-packages/airflow/example_dags/example_branch_day_of_week_operator.py
[2024-10-22T04:51:58.957+0000] {processor.py:925} INFO - DAG(s) 'example_weekday_branch_operator' retrieved from /home/airflow/.local/lib/python3.12/site-packages/airflow/example_dags/example_branch_day_of_week_operator.py
[2024-10-22T04:51:58.996+0000] {logging_mixin.py:190} INFO - [2024-10-22T04:51:58.996+0000] {dag.py:3239} INFO - Sync 1 DAGs
[2024-10-22T04:51:59.032+0000] {logging_mixin.py:190} INFO - [2024-10-22T04:51:59.031+0000] {dag.py:4180} INFO - Setting next_dagrun for example_weekday_branch_operator to 2024-10-21 00:00:00+00:00, run_after=2024-10-22 00:00:00+00:00
[2024-10-22T04:51:59.060+0000] {processor.py:208} INFO - Processing /home/airflow/.local/lib/python3.12/site-packages/airflow/example_dags/example_branch_day_of_week_operator.py took 0.129 seconds
[2024-10-22T04:52:29.616+0000] {processor.py:186} INFO - Started process (PID=67023) to work on /home/airflow/.local/lib/python3.12/site-packages/airflow/example_dags/example_branch_day_of_week_operator.py
[2024-10-22T04:52:29.620+0000] {processor.py:914} INFO - Processing file /home/airflow/.local/lib/python3.12/site-packages/airflow/example_dags/example_branch_day_of_week_operator.py for tasks to queue
[2024-10-22T04:52:29.624+0000] {logging_mixin.py:190} INFO - [2024-10-22T04:52:29.623+0000] {dagbag.py:588} INFO - Filling up the DagBag from /home/airflow/.local/lib/python3.12/site-packages/airflow/example_dags/example_branch_day_of_week_operator.py
[2024-10-22T04:52:29.645+0000] {processor.py:925} INFO - DAG(s) 'example_weekday_branch_operator' retrieved from /home/airflow/.local/lib/python3.12/site-packages/airflow/example_dags/example_branch_day_of_week_operator.py
[2024-10-22T04:52:29.721+0000] {logging_mixin.py:190} INFO - [2024-10-22T04:52:29.721+0000] {dag.py:3239} INFO - Sync 1 DAGs
[2024-10-22T04:52:29.795+0000] {logging_mixin.py:190} INFO - [2024-10-22T04:52:29.795+0000] {dag.py:4180} INFO - Setting next_dagrun for example_weekday_branch_operator to 2024-10-21 00:00:00+00:00, run_after=2024-10-22 00:00:00+00:00
[2024-10-22T04:52:29.842+0000] {processor.py:208} INFO - Processing /home/airflow/.local/lib/python3.12/site-packages/airflow/example_dags/example_branch_day_of_week_operator.py took 0.243 seconds
[2024-10-22T04:53:13.233+0000] {processor.py:186} INFO - Started process (PID=67091) to work on /home/airflow/.local/lib/python3.12/site-packages/airflow/example_dags/example_branch_day_of_week_operator.py
[2024-10-22T04:53:13.237+0000] {processor.py:914} INFO - Processing file /home/airflow/.local/lib/python3.12/site-packages/airflow/example_dags/example_branch_day_of_week_operator.py for tasks to queue
[2024-10-22T04:53:13.244+0000] {logging_mixin.py:190} INFO - [2024-10-22T04:53:13.242+0000] {dagbag.py:588} INFO - Filling up the DagBag from /home/airflow/.local/lib/python3.12/site-packages/airflow/example_dags/example_branch_day_of_week_operator.py
[2024-10-22T04:53:13.280+0000] {processor.py:925} INFO - DAG(s) 'example_weekday_branch_operator' retrieved from /home/airflow/.local/lib/python3.12/site-packages/airflow/example_dags/example_branch_day_of_week_operator.py
[2024-10-22T04:53:13.396+0000] {logging_mixin.py:190} INFO - [2024-10-22T04:53:13.395+0000] {dag.py:3239} INFO - Sync 1 DAGs
[2024-10-22T04:53:13.512+0000] {logging_mixin.py:190} INFO - [2024-10-22T04:53:13.511+0000] {dag.py:4180} INFO - Setting next_dagrun for example_weekday_branch_operator to 2024-10-21 00:00:00+00:00, run_after=2024-10-22 00:00:00+00:00
[2024-10-22T04:53:13.600+0000] {processor.py:208} INFO - Processing /home/airflow/.local/lib/python3.12/site-packages/airflow/example_dags/example_branch_day_of_week_operator.py took 0.402 seconds
[2024-10-22T04:53:44.595+0000] {processor.py:186} INFO - Started process (PID=67158) to work on /home/airflow/.local/lib/python3.12/site-packages/airflow/example_dags/example_branch_day_of_week_operator.py
[2024-10-22T04:53:44.597+0000] {processor.py:914} INFO - Processing file /home/airflow/.local/lib/python3.12/site-packages/airflow/example_dags/example_branch_day_of_week_operator.py for tasks to queue
[2024-10-22T04:53:44.602+0000] {logging_mixin.py:190} INFO - [2024-10-22T04:53:44.601+0000] {dagbag.py:588} INFO - Filling up the DagBag from /home/airflow/.local/lib/python3.12/site-packages/airflow/example_dags/example_branch_day_of_week_operator.py
[2024-10-22T04:53:44.699+0000] {processor.py:925} INFO - DAG(s) 'example_weekday_branch_operator' retrieved from /home/airflow/.local/lib/python3.12/site-packages/airflow/example_dags/example_branch_day_of_week_operator.py
[2024-10-22T04:53:44.853+0000] {logging_mixin.py:190} INFO - [2024-10-22T04:53:44.850+0000] {dag.py:3239} INFO - Sync 1 DAGs
[2024-10-22T04:53:44.989+0000] {logging_mixin.py:190} INFO - [2024-10-22T04:53:44.985+0000] {dag.py:4180} INFO - Setting next_dagrun for example_weekday_branch_operator to 2024-10-21 00:00:00+00:00, run_after=2024-10-22 00:00:00+00:00
[2024-10-22T04:53:45.082+0000] {processor.py:208} INFO - Processing /home/airflow/.local/lib/python3.12/site-packages/airflow/example_dags/example_branch_day_of_week_operator.py took 0.507 seconds
[2024-10-22T04:54:15.720+0000] {processor.py:186} INFO - Started process (PID=67223) to work on /home/airflow/.local/lib/python3.12/site-packages/airflow/example_dags/example_branch_day_of_week_operator.py
[2024-10-22T04:54:15.723+0000] {processor.py:914} INFO - Processing file /home/airflow/.local/lib/python3.12/site-packages/airflow/example_dags/example_branch_day_of_week_operator.py for tasks to queue
[2024-10-22T04:54:15.727+0000] {logging_mixin.py:190} INFO - [2024-10-22T04:54:15.726+0000] {dagbag.py:588} INFO - Filling up the DagBag from /home/airflow/.local/lib/python3.12/site-packages/airflow/example_dags/example_branch_day_of_week_operator.py
[2024-10-22T04:54:15.753+0000] {processor.py:925} INFO - DAG(s) 'example_weekday_branch_operator' retrieved from /home/airflow/.local/lib/python3.12/site-packages/airflow/example_dags/example_branch_day_of_week_operator.py
[2024-10-22T04:54:15.839+0000] {logging_mixin.py:190} INFO - [2024-10-22T04:54:15.838+0000] {dag.py:3239} INFO - Sync 1 DAGs
[2024-10-22T04:54:15.934+0000] {logging_mixin.py:190} INFO - [2024-10-22T04:54:15.934+0000] {dag.py:4180} INFO - Setting next_dagrun for example_weekday_branch_operator to 2024-10-21 00:00:00+00:00, run_after=2024-10-22 00:00:00+00:00
[2024-10-22T04:54:16.009+0000] {processor.py:208} INFO - Processing /home/airflow/.local/lib/python3.12/site-packages/airflow/example_dags/example_branch_day_of_week_operator.py took 0.310 seconds
[2024-10-22T04:54:46.421+0000] {processor.py:186} INFO - Started process (PID=67290) to work on /home/airflow/.local/lib/python3.12/site-packages/airflow/example_dags/example_branch_day_of_week_operator.py
[2024-10-22T04:54:46.435+0000] {processor.py:914} INFO - Processing file /home/airflow/.local/lib/python3.12/site-packages/airflow/example_dags/example_branch_day_of_week_operator.py for tasks to queue
[2024-10-22T04:54:46.451+0000] {logging_mixin.py:190} INFO - [2024-10-22T04:54:46.449+0000] {dagbag.py:588} INFO - Filling up the DagBag from /home/airflow/.local/lib/python3.12/site-packages/airflow/example_dags/example_branch_day_of_week_operator.py
[2024-10-22T04:54:46.535+0000] {processor.py:925} INFO - DAG(s) 'example_weekday_branch_operator' retrieved from /home/airflow/.local/lib/python3.12/site-packages/airflow/example_dags/example_branch_day_of_week_operator.py
[2024-10-22T04:54:46.720+0000] {logging_mixin.py:190} INFO - [2024-10-22T04:54:46.718+0000] {dag.py:3239} INFO - Sync 1 DAGs
[2024-10-22T04:54:46.988+0000] {logging_mixin.py:190} INFO - [2024-10-22T04:54:46.987+0000] {dag.py:4180} INFO - Setting next_dagrun for example_weekday_branch_operator to 2024-10-21 00:00:00+00:00, run_after=2024-10-22 00:00:00+00:00
[2024-10-22T04:54:47.982+0000] {processor.py:208} INFO - Processing /home/airflow/.local/lib/python3.12/site-packages/airflow/example_dags/example_branch_day_of_week_operator.py took 1.608 seconds
[2024-10-22T04:55:46.133+0000] {processor.py:186} INFO - Started process (PID=67357) to work on /home/airflow/.local/lib/python3.12/site-packages/airflow/example_dags/example_branch_day_of_week_operator.py
[2024-10-22T04:55:46.147+0000] {processor.py:914} INFO - Processing file /home/airflow/.local/lib/python3.12/site-packages/airflow/example_dags/example_branch_day_of_week_operator.py for tasks to queue
[2024-10-22T04:55:46.164+0000] {logging_mixin.py:190} INFO - [2024-10-22T04:55:46.162+0000] {dagbag.py:588} INFO - Filling up the DagBag from /home/airflow/.local/lib/python3.12/site-packages/airflow/example_dags/example_branch_day_of_week_operator.py
[2024-10-22T04:55:46.249+0000] {processor.py:925} INFO - DAG(s) 'example_weekday_branch_operator' retrieved from /home/airflow/.local/lib/python3.12/site-packages/airflow/example_dags/example_branch_day_of_week_operator.py
[2024-10-22T04:55:46.640+0000] {logging_mixin.py:190} INFO - [2024-10-22T04:55:46.624+0000] {dag.py:3239} INFO - Sync 1 DAGs
[2024-10-22T04:55:46.961+0000] {logging_mixin.py:190} INFO - [2024-10-22T04:55:46.959+0000] {dag.py:4180} INFO - Setting next_dagrun for example_weekday_branch_operator to 2024-10-21 00:00:00+00:00, run_after=2024-10-22 00:00:00+00:00
[2024-10-22T04:55:47.163+0000] {processor.py:208} INFO - Processing /home/airflow/.local/lib/python3.12/site-packages/airflow/example_dags/example_branch_day_of_week_operator.py took 1.087 seconds
[2024-10-22T04:56:41.360+0000] {processor.py:186} INFO - Started process (PID=67429) to work on /home/airflow/.local/lib/python3.12/site-packages/airflow/example_dags/example_branch_day_of_week_operator.py
[2024-10-22T04:56:41.365+0000] {processor.py:914} INFO - Processing file /home/airflow/.local/lib/python3.12/site-packages/airflow/example_dags/example_branch_day_of_week_operator.py for tasks to queue
[2024-10-22T04:56:41.373+0000] {logging_mixin.py:190} INFO - [2024-10-22T04:56:41.370+0000] {dagbag.py:588} INFO - Filling up the DagBag from /home/airflow/.local/lib/python3.12/site-packages/airflow/example_dags/example_branch_day_of_week_operator.py
[2024-10-22T04:56:41.434+0000] {processor.py:925} INFO - DAG(s) 'example_weekday_branch_operator' retrieved from /home/airflow/.local/lib/python3.12/site-packages/airflow/example_dags/example_branch_day_of_week_operator.py
[2024-10-22T04:56:41.613+0000] {logging_mixin.py:190} INFO - [2024-10-22T04:56:41.611+0000] {dag.py:3239} INFO - Sync 1 DAGs
[2024-10-22T04:56:41.792+0000] {logging_mixin.py:190} INFO - [2024-10-22T04:56:41.790+0000] {dag.py:4180} INFO - Setting next_dagrun for example_weekday_branch_operator to 2024-10-21 00:00:00+00:00, run_after=2024-10-22 00:00:00+00:00
[2024-10-22T04:56:41.890+0000] {processor.py:208} INFO - Processing /home/airflow/.local/lib/python3.12/site-packages/airflow/example_dags/example_branch_day_of_week_operator.py took 0.570 seconds
[2024-10-22T04:57:12.063+0000] {processor.py:186} INFO - Started process (PID=67495) to work on /home/airflow/.local/lib/python3.12/site-packages/airflow/example_dags/example_branch_day_of_week_operator.py
[2024-10-22T04:57:12.066+0000] {processor.py:914} INFO - Processing file /home/airflow/.local/lib/python3.12/site-packages/airflow/example_dags/example_branch_day_of_week_operator.py for tasks to queue
[2024-10-22T04:57:12.070+0000] {logging_mixin.py:190} INFO - [2024-10-22T04:57:12.069+0000] {dagbag.py:588} INFO - Filling up the DagBag from /home/airflow/.local/lib/python3.12/site-packages/airflow/example_dags/example_branch_day_of_week_operator.py
[2024-10-22T04:57:12.099+0000] {processor.py:925} INFO - DAG(s) 'example_weekday_branch_operator' retrieved from /home/airflow/.local/lib/python3.12/site-packages/airflow/example_dags/example_branch_day_of_week_operator.py
[2024-10-22T04:57:12.165+0000] {logging_mixin.py:190} INFO - [2024-10-22T04:57:12.165+0000] {dag.py:3239} INFO - Sync 1 DAGs
[2024-10-22T04:57:12.241+0000] {logging_mixin.py:190} INFO - [2024-10-22T04:57:12.241+0000] {dag.py:4180} INFO - Setting next_dagrun for example_weekday_branch_operator to 2024-10-21 00:00:00+00:00, run_after=2024-10-22 00:00:00+00:00
[2024-10-22T04:57:12.290+0000] {processor.py:208} INFO - Processing /home/airflow/.local/lib/python3.12/site-packages/airflow/example_dags/example_branch_day_of_week_operator.py took 0.245 seconds
[2024-10-22T04:57:43.315+0000] {processor.py:186} INFO - Started process (PID=67561) to work on /home/airflow/.local/lib/python3.12/site-packages/airflow/example_dags/example_branch_day_of_week_operator.py
[2024-10-22T04:57:43.317+0000] {processor.py:914} INFO - Processing file /home/airflow/.local/lib/python3.12/site-packages/airflow/example_dags/example_branch_day_of_week_operator.py for tasks to queue
[2024-10-22T04:57:43.320+0000] {logging_mixin.py:190} INFO - [2024-10-22T04:57:43.319+0000] {dagbag.py:588} INFO - Filling up the DagBag from /home/airflow/.local/lib/python3.12/site-packages/airflow/example_dags/example_branch_day_of_week_operator.py
[2024-10-22T04:57:43.337+0000] {processor.py:925} INFO - DAG(s) 'example_weekday_branch_operator' retrieved from /home/airflow/.local/lib/python3.12/site-packages/airflow/example_dags/example_branch_day_of_week_operator.py
[2024-10-22T04:57:43.395+0000] {logging_mixin.py:190} INFO - [2024-10-22T04:57:43.394+0000] {dag.py:3239} INFO - Sync 1 DAGs
[2024-10-22T04:57:43.448+0000] {logging_mixin.py:190} INFO - [2024-10-22T04:57:43.448+0000] {dag.py:4180} INFO - Setting next_dagrun for example_weekday_branch_operator to 2024-10-21 00:00:00+00:00, run_after=2024-10-22 00:00:00+00:00
[2024-10-22T04:57:43.485+0000] {processor.py:208} INFO - Processing /home/airflow/.local/lib/python3.12/site-packages/airflow/example_dags/example_branch_day_of_week_operator.py took 0.185 seconds
[2024-10-22T04:58:13.720+0000] {processor.py:186} INFO - Started process (PID=67627) to work on /home/airflow/.local/lib/python3.12/site-packages/airflow/example_dags/example_branch_day_of_week_operator.py
[2024-10-22T04:58:13.722+0000] {processor.py:914} INFO - Processing file /home/airflow/.local/lib/python3.12/site-packages/airflow/example_dags/example_branch_day_of_week_operator.py for tasks to queue
[2024-10-22T04:58:13.724+0000] {logging_mixin.py:190} INFO - [2024-10-22T04:58:13.723+0000] {dagbag.py:588} INFO - Filling up the DagBag from /home/airflow/.local/lib/python3.12/site-packages/airflow/example_dags/example_branch_day_of_week_operator.py
[2024-10-22T04:58:13.736+0000] {processor.py:925} INFO - DAG(s) 'example_weekday_branch_operator' retrieved from /home/airflow/.local/lib/python3.12/site-packages/airflow/example_dags/example_branch_day_of_week_operator.py
[2024-10-22T04:58:13.765+0000] {logging_mixin.py:190} INFO - [2024-10-22T04:58:13.765+0000] {dag.py:3239} INFO - Sync 1 DAGs
[2024-10-22T04:58:13.804+0000] {logging_mixin.py:190} INFO - [2024-10-22T04:58:13.803+0000] {dag.py:4180} INFO - Setting next_dagrun for example_weekday_branch_operator to 2024-10-21 00:00:00+00:00, run_after=2024-10-22 00:00:00+00:00
[2024-10-22T04:58:13.830+0000] {processor.py:208} INFO - Processing /home/airflow/.local/lib/python3.12/site-packages/airflow/example_dags/example_branch_day_of_week_operator.py took 0.120 seconds
[2024-10-22T04:58:43.941+0000] {processor.py:186} INFO - Started process (PID=67694) to work on /home/airflow/.local/lib/python3.12/site-packages/airflow/example_dags/example_branch_day_of_week_operator.py
[2024-10-22T04:58:43.942+0000] {processor.py:914} INFO - Processing file /home/airflow/.local/lib/python3.12/site-packages/airflow/example_dags/example_branch_day_of_week_operator.py for tasks to queue
[2024-10-22T04:58:43.944+0000] {logging_mixin.py:190} INFO - [2024-10-22T04:58:43.944+0000] {dagbag.py:588} INFO - Filling up the DagBag from /home/airflow/.local/lib/python3.12/site-packages/airflow/example_dags/example_branch_day_of_week_operator.py
[2024-10-22T04:58:43.955+0000] {processor.py:925} INFO - DAG(s) 'example_weekday_branch_operator' retrieved from /home/airflow/.local/lib/python3.12/site-packages/airflow/example_dags/example_branch_day_of_week_operator.py
[2024-10-22T04:58:43.983+0000] {logging_mixin.py:190} INFO - [2024-10-22T04:58:43.982+0000] {dag.py:3239} INFO - Sync 1 DAGs
[2024-10-22T04:58:44.015+0000] {logging_mixin.py:190} INFO - [2024-10-22T04:58:44.015+0000] {dag.py:4180} INFO - Setting next_dagrun for example_weekday_branch_operator to 2024-10-21 00:00:00+00:00, run_after=2024-10-22 00:00:00+00:00
[2024-10-22T04:58:44.037+0000] {processor.py:208} INFO - Processing /home/airflow/.local/lib/python3.12/site-packages/airflow/example_dags/example_branch_day_of_week_operator.py took 0.106 seconds
[2024-10-22T04:59:14.449+0000] {processor.py:186} INFO - Started process (PID=67761) to work on /home/airflow/.local/lib/python3.12/site-packages/airflow/example_dags/example_branch_day_of_week_operator.py
[2024-10-22T04:59:14.452+0000] {processor.py:914} INFO - Processing file /home/airflow/.local/lib/python3.12/site-packages/airflow/example_dags/example_branch_day_of_week_operator.py for tasks to queue
[2024-10-22T04:59:14.458+0000] {logging_mixin.py:190} INFO - [2024-10-22T04:59:14.457+0000] {dagbag.py:588} INFO - Filling up the DagBag from /home/airflow/.local/lib/python3.12/site-packages/airflow/example_dags/example_branch_day_of_week_operator.py
[2024-10-22T04:59:14.478+0000] {processor.py:925} INFO - DAG(s) 'example_weekday_branch_operator' retrieved from /home/airflow/.local/lib/python3.12/site-packages/airflow/example_dags/example_branch_day_of_week_operator.py
[2024-10-22T04:59:14.555+0000] {logging_mixin.py:190} INFO - [2024-10-22T04:59:14.553+0000] {dag.py:3239} INFO - Sync 1 DAGs
[2024-10-22T04:59:14.705+0000] {logging_mixin.py:190} INFO - [2024-10-22T04:59:14.705+0000] {dag.py:4180} INFO - Setting next_dagrun for example_weekday_branch_operator to 2024-10-21 00:00:00+00:00, run_after=2024-10-22 00:00:00+00:00
[2024-10-22T04:59:14.768+0000] {processor.py:208} INFO - Processing /home/airflow/.local/lib/python3.12/site-packages/airflow/example_dags/example_branch_day_of_week_operator.py took 0.351 seconds
[2024-10-22T04:59:45.592+0000] {processor.py:186} INFO - Started process (PID=67827) to work on /home/airflow/.local/lib/python3.12/site-packages/airflow/example_dags/example_branch_day_of_week_operator.py
[2024-10-22T04:59:45.597+0000] {processor.py:914} INFO - Processing file /home/airflow/.local/lib/python3.12/site-packages/airflow/example_dags/example_branch_day_of_week_operator.py for tasks to queue
[2024-10-22T04:59:45.601+0000] {logging_mixin.py:190} INFO - [2024-10-22T04:59:45.600+0000] {dagbag.py:588} INFO - Filling up the DagBag from /home/airflow/.local/lib/python3.12/site-packages/airflow/example_dags/example_branch_day_of_week_operator.py
[2024-10-22T04:59:45.644+0000] {processor.py:925} INFO - DAG(s) 'example_weekday_branch_operator' retrieved from /home/airflow/.local/lib/python3.12/site-packages/airflow/example_dags/example_branch_day_of_week_operator.py
[2024-10-22T04:59:45.753+0000] {logging_mixin.py:190} INFO - [2024-10-22T04:59:45.752+0000] {dag.py:3239} INFO - Sync 1 DAGs
[2024-10-22T04:59:45.894+0000] {logging_mixin.py:190} INFO - [2024-10-22T04:59:45.893+0000] {dag.py:4180} INFO - Setting next_dagrun for example_weekday_branch_operator to 2024-10-21 00:00:00+00:00, run_after=2024-10-22 00:00:00+00:00
[2024-10-22T04:59:45.973+0000] {processor.py:208} INFO - Processing /home/airflow/.local/lib/python3.12/site-packages/airflow/example_dags/example_branch_day_of_week_operator.py took 0.423 seconds
[2024-10-22T05:00:21.567+0000] {processor.py:186} INFO - Started process (PID=67893) to work on /home/airflow/.local/lib/python3.12/site-packages/airflow/example_dags/example_branch_day_of_week_operator.py
[2024-10-22T05:00:21.580+0000] {processor.py:914} INFO - Processing file /home/airflow/.local/lib/python3.12/site-packages/airflow/example_dags/example_branch_day_of_week_operator.py for tasks to queue
[2024-10-22T05:00:21.597+0000] {logging_mixin.py:190} INFO - [2024-10-22T05:00:21.594+0000] {dagbag.py:588} INFO - Filling up the DagBag from /home/airflow/.local/lib/python3.12/site-packages/airflow/example_dags/example_branch_day_of_week_operator.py
[2024-10-22T05:00:21.666+0000] {processor.py:925} INFO - DAG(s) 'example_weekday_branch_operator' retrieved from /home/airflow/.local/lib/python3.12/site-packages/airflow/example_dags/example_branch_day_of_week_operator.py
[2024-10-22T05:00:21.849+0000] {logging_mixin.py:190} INFO - [2024-10-22T05:00:21.847+0000] {dag.py:3239} INFO - Sync 1 DAGs
[2024-10-22T05:00:22.208+0000] {logging_mixin.py:190} INFO - [2024-10-22T05:00:22.206+0000] {dag.py:4180} INFO - Setting next_dagrun for example_weekday_branch_operator to 2024-10-21 00:00:00+00:00, run_after=2024-10-22 00:00:00+00:00
[2024-10-22T05:00:22.375+0000] {processor.py:208} INFO - Processing /home/airflow/.local/lib/python3.12/site-packages/airflow/example_dags/example_branch_day_of_week_operator.py took 0.875 seconds
[2024-10-22T05:01:15.969+0000] {processor.py:186} INFO - Started process (PID=67960) to work on /home/airflow/.local/lib/python3.12/site-packages/airflow/example_dags/example_branch_day_of_week_operator.py
[2024-10-22T05:01:15.974+0000] {processor.py:914} INFO - Processing file /home/airflow/.local/lib/python3.12/site-packages/airflow/example_dags/example_branch_day_of_week_operator.py for tasks to queue
[2024-10-22T05:01:15.990+0000] {logging_mixin.py:190} INFO - [2024-10-22T05:01:15.988+0000] {dagbag.py:588} INFO - Filling up the DagBag from /home/airflow/.local/lib/python3.12/site-packages/airflow/example_dags/example_branch_day_of_week_operator.py
[2024-10-22T05:01:16.051+0000] {processor.py:925} INFO - DAG(s) 'example_weekday_branch_operator' retrieved from /home/airflow/.local/lib/python3.12/site-packages/airflow/example_dags/example_branch_day_of_week_operator.py
[2024-10-22T05:01:16.239+0000] {logging_mixin.py:190} INFO - [2024-10-22T05:01:16.238+0000] {dag.py:3239} INFO - Sync 1 DAGs
[2024-10-22T05:01:16.668+0000] {logging_mixin.py:190} INFO - [2024-10-22T05:01:16.665+0000] {dag.py:4180} INFO - Setting next_dagrun for example_weekday_branch_operator to 2024-10-21 00:00:00+00:00, run_after=2024-10-22 00:00:00+00:00
[2024-10-22T05:01:16.769+0000] {processor.py:208} INFO - Processing /home/airflow/.local/lib/python3.12/site-packages/airflow/example_dags/example_branch_day_of_week_operator.py took 0.852 seconds
[2024-10-22T05:02:12.123+0000] {processor.py:186} INFO - Started process (PID=68011) to work on /home/airflow/.local/lib/python3.12/site-packages/airflow/example_dags/example_branch_day_of_week_operator.py
[2024-10-22T05:02:12.131+0000] {processor.py:914} INFO - Processing file /home/airflow/.local/lib/python3.12/site-packages/airflow/example_dags/example_branch_day_of_week_operator.py for tasks to queue
[2024-10-22T05:02:12.148+0000] {logging_mixin.py:190} INFO - [2024-10-22T05:02:12.141+0000] {dagbag.py:588} INFO - Filling up the DagBag from /home/airflow/.local/lib/python3.12/site-packages/airflow/example_dags/example_branch_day_of_week_operator.py
[2024-10-22T05:02:12.195+0000] {processor.py:925} INFO - DAG(s) 'example_weekday_branch_operator' retrieved from /home/airflow/.local/lib/python3.12/site-packages/airflow/example_dags/example_branch_day_of_week_operator.py
[2024-10-22T05:02:12.349+0000] {logging_mixin.py:190} INFO - [2024-10-22T05:02:12.340+0000] {dag.py:3239} INFO - Sync 1 DAGs
[2024-10-22T05:02:12.534+0000] {logging_mixin.py:190} INFO - [2024-10-22T05:02:12.533+0000] {dag.py:4180} INFO - Setting next_dagrun for example_weekday_branch_operator to 2024-10-21 00:00:00+00:00, run_after=2024-10-22 00:00:00+00:00
[2024-10-22T05:02:12.616+0000] {processor.py:208} INFO - Processing /home/airflow/.local/lib/python3.12/site-packages/airflow/example_dags/example_branch_day_of_week_operator.py took 0.603 seconds
[2024-10-22T05:02:43.381+0000] {processor.py:186} INFO - Started process (PID=68078) to work on /home/airflow/.local/lib/python3.12/site-packages/airflow/example_dags/example_branch_day_of_week_operator.py
[2024-10-22T05:02:43.384+0000] {processor.py:914} INFO - Processing file /home/airflow/.local/lib/python3.12/site-packages/airflow/example_dags/example_branch_day_of_week_operator.py for tasks to queue
[2024-10-22T05:02:43.389+0000] {logging_mixin.py:190} INFO - [2024-10-22T05:02:43.388+0000] {dagbag.py:588} INFO - Filling up the DagBag from /home/airflow/.local/lib/python3.12/site-packages/airflow/example_dags/example_branch_day_of_week_operator.py
[2024-10-22T05:02:43.413+0000] {processor.py:925} INFO - DAG(s) 'example_weekday_branch_operator' retrieved from /home/airflow/.local/lib/python3.12/site-packages/airflow/example_dags/example_branch_day_of_week_operator.py
[2024-10-22T05:02:43.486+0000] {logging_mixin.py:190} INFO - [2024-10-22T05:02:43.485+0000] {dag.py:3239} INFO - Sync 1 DAGs
[2024-10-22T05:02:43.560+0000] {logging_mixin.py:190} INFO - [2024-10-22T05:02:43.560+0000] {dag.py:4180} INFO - Setting next_dagrun for example_weekday_branch_operator to 2024-10-21 00:00:00+00:00, run_after=2024-10-22 00:00:00+00:00
[2024-10-22T05:02:43.618+0000] {processor.py:208} INFO - Processing /home/airflow/.local/lib/python3.12/site-packages/airflow/example_dags/example_branch_day_of_week_operator.py took 0.262 seconds
[2024-10-22T05:03:14.192+0000] {processor.py:186} INFO - Started process (PID=68145) to work on /home/airflow/.local/lib/python3.12/site-packages/airflow/example_dags/example_branch_day_of_week_operator.py
[2024-10-22T05:03:14.197+0000] {processor.py:914} INFO - Processing file /home/airflow/.local/lib/python3.12/site-packages/airflow/example_dags/example_branch_day_of_week_operator.py for tasks to queue
[2024-10-22T05:03:14.201+0000] {logging_mixin.py:190} INFO - [2024-10-22T05:03:14.200+0000] {dagbag.py:588} INFO - Filling up the DagBag from /home/airflow/.local/lib/python3.12/site-packages/airflow/example_dags/example_branch_day_of_week_operator.py
[2024-10-22T05:03:14.233+0000] {processor.py:925} INFO - DAG(s) 'example_weekday_branch_operator' retrieved from /home/airflow/.local/lib/python3.12/site-packages/airflow/example_dags/example_branch_day_of_week_operator.py
[2024-10-22T05:03:14.294+0000] {logging_mixin.py:190} INFO - [2024-10-22T05:03:14.294+0000] {dag.py:3239} INFO - Sync 1 DAGs
[2024-10-22T05:03:14.364+0000] {logging_mixin.py:190} INFO - [2024-10-22T05:03:14.363+0000] {dag.py:4180} INFO - Setting next_dagrun for example_weekday_branch_operator to 2024-10-21 00:00:00+00:00, run_after=2024-10-22 00:00:00+00:00
[2024-10-22T05:03:14.406+0000] {processor.py:208} INFO - Processing /home/airflow/.local/lib/python3.12/site-packages/airflow/example_dags/example_branch_day_of_week_operator.py took 0.246 seconds
[2024-10-22T05:03:44.709+0000] {processor.py:186} INFO - Started process (PID=68211) to work on /home/airflow/.local/lib/python3.12/site-packages/airflow/example_dags/example_branch_day_of_week_operator.py
[2024-10-22T05:03:44.711+0000] {processor.py:914} INFO - Processing file /home/airflow/.local/lib/python3.12/site-packages/airflow/example_dags/example_branch_day_of_week_operator.py for tasks to queue
[2024-10-22T05:03:44.713+0000] {logging_mixin.py:190} INFO - [2024-10-22T05:03:44.713+0000] {dagbag.py:588} INFO - Filling up the DagBag from /home/airflow/.local/lib/python3.12/site-packages/airflow/example_dags/example_branch_day_of_week_operator.py
[2024-10-22T05:03:44.729+0000] {processor.py:925} INFO - DAG(s) 'example_weekday_branch_operator' retrieved from /home/airflow/.local/lib/python3.12/site-packages/airflow/example_dags/example_branch_day_of_week_operator.py
[2024-10-22T05:03:44.784+0000] {logging_mixin.py:190} INFO - [2024-10-22T05:03:44.783+0000] {dag.py:3239} INFO - Sync 1 DAGs
[2024-10-22T05:03:44.924+0000] {logging_mixin.py:190} INFO - [2024-10-22T05:03:44.923+0000] {dag.py:4180} INFO - Setting next_dagrun for example_weekday_branch_operator to 2024-10-21 00:00:00+00:00, run_after=2024-10-22 00:00:00+00:00
[2024-10-22T05:03:44.972+0000] {processor.py:208} INFO - Processing /home/airflow/.local/lib/python3.12/site-packages/airflow/example_dags/example_branch_day_of_week_operator.py took 0.277 seconds
[2024-10-22T05:04:15.358+0000] {processor.py:186} INFO - Started process (PID=68278) to work on /home/airflow/.local/lib/python3.12/site-packages/airflow/example_dags/example_branch_day_of_week_operator.py
[2024-10-22T05:04:15.361+0000] {processor.py:914} INFO - Processing file /home/airflow/.local/lib/python3.12/site-packages/airflow/example_dags/example_branch_day_of_week_operator.py for tasks to queue
[2024-10-22T05:04:15.364+0000] {logging_mixin.py:190} INFO - [2024-10-22T05:04:15.363+0000] {dagbag.py:588} INFO - Filling up the DagBag from /home/airflow/.local/lib/python3.12/site-packages/airflow/example_dags/example_branch_day_of_week_operator.py
[2024-10-22T05:04:15.385+0000] {processor.py:925} INFO - DAG(s) 'example_weekday_branch_operator' retrieved from /home/airflow/.local/lib/python3.12/site-packages/airflow/example_dags/example_branch_day_of_week_operator.py
[2024-10-22T05:04:15.437+0000] {logging_mixin.py:190} INFO - [2024-10-22T05:04:15.436+0000] {dag.py:3239} INFO - Sync 1 DAGs
[2024-10-22T05:04:15.499+0000] {logging_mixin.py:190} INFO - [2024-10-22T05:04:15.499+0000] {dag.py:4180} INFO - Setting next_dagrun for example_weekday_branch_operator to 2024-10-21 00:00:00+00:00, run_after=2024-10-22 00:00:00+00:00
[2024-10-22T05:04:15.542+0000] {processor.py:208} INFO - Processing /home/airflow/.local/lib/python3.12/site-packages/airflow/example_dags/example_branch_day_of_week_operator.py took 0.201 seconds
[2024-10-22T05:04:46.146+0000] {processor.py:186} INFO - Started process (PID=68345) to work on /home/airflow/.local/lib/python3.12/site-packages/airflow/example_dags/example_branch_day_of_week_operator.py
[2024-10-22T05:04:46.148+0000] {processor.py:914} INFO - Processing file /home/airflow/.local/lib/python3.12/site-packages/airflow/example_dags/example_branch_day_of_week_operator.py for tasks to queue
[2024-10-22T05:04:46.151+0000] {logging_mixin.py:190} INFO - [2024-10-22T05:04:46.150+0000] {dagbag.py:588} INFO - Filling up the DagBag from /home/airflow/.local/lib/python3.12/site-packages/airflow/example_dags/example_branch_day_of_week_operator.py
[2024-10-22T05:04:46.169+0000] {processor.py:925} INFO - DAG(s) 'example_weekday_branch_operator' retrieved from /home/airflow/.local/lib/python3.12/site-packages/airflow/example_dags/example_branch_day_of_week_operator.py
[2024-10-22T05:04:46.227+0000] {logging_mixin.py:190} INFO - [2024-10-22T05:04:46.226+0000] {dag.py:3239} INFO - Sync 1 DAGs
[2024-10-22T05:04:46.291+0000] {logging_mixin.py:190} INFO - [2024-10-22T05:04:46.291+0000] {dag.py:4180} INFO - Setting next_dagrun for example_weekday_branch_operator to 2024-10-21 00:00:00+00:00, run_after=2024-10-22 00:00:00+00:00
[2024-10-22T05:04:46.340+0000] {processor.py:208} INFO - Processing /home/airflow/.local/lib/python3.12/site-packages/airflow/example_dags/example_branch_day_of_week_operator.py took 0.213 seconds
[2024-10-22T05:05:16.570+0000] {processor.py:186} INFO - Started process (PID=68411) to work on /home/airflow/.local/lib/python3.12/site-packages/airflow/example_dags/example_branch_day_of_week_operator.py
[2024-10-22T05:05:16.573+0000] {processor.py:914} INFO - Processing file /home/airflow/.local/lib/python3.12/site-packages/airflow/example_dags/example_branch_day_of_week_operator.py for tasks to queue
[2024-10-22T05:05:16.580+0000] {logging_mixin.py:190} INFO - [2024-10-22T05:05:16.578+0000] {dagbag.py:588} INFO - Filling up the DagBag from /home/airflow/.local/lib/python3.12/site-packages/airflow/example_dags/example_branch_day_of_week_operator.py
[2024-10-22T05:05:16.603+0000] {processor.py:925} INFO - DAG(s) 'example_weekday_branch_operator' retrieved from /home/airflow/.local/lib/python3.12/site-packages/airflow/example_dags/example_branch_day_of_week_operator.py
[2024-10-22T05:05:16.659+0000] {logging_mixin.py:190} INFO - [2024-10-22T05:05:16.659+0000] {dag.py:3239} INFO - Sync 1 DAGs
[2024-10-22T05:05:16.769+0000] {logging_mixin.py:190} INFO - [2024-10-22T05:05:16.769+0000] {dag.py:4180} INFO - Setting next_dagrun for example_weekday_branch_operator to 2024-10-21 00:00:00+00:00, run_after=2024-10-22 00:00:00+00:00
[2024-10-22T05:05:16.837+0000] {processor.py:208} INFO - Processing /home/airflow/.local/lib/python3.12/site-packages/airflow/example_dags/example_branch_day_of_week_operator.py took 0.287 seconds
[2024-10-22T05:05:47.343+0000] {processor.py:186} INFO - Started process (PID=68477) to work on /home/airflow/.local/lib/python3.12/site-packages/airflow/example_dags/example_branch_day_of_week_operator.py
[2024-10-22T05:05:47.346+0000] {processor.py:914} INFO - Processing file /home/airflow/.local/lib/python3.12/site-packages/airflow/example_dags/example_branch_day_of_week_operator.py for tasks to queue
[2024-10-22T05:05:47.350+0000] {logging_mixin.py:190} INFO - [2024-10-22T05:05:47.349+0000] {dagbag.py:588} INFO - Filling up the DagBag from /home/airflow/.local/lib/python3.12/site-packages/airflow/example_dags/example_branch_day_of_week_operator.py
[2024-10-22T05:05:47.379+0000] {processor.py:925} INFO - DAG(s) 'example_weekday_branch_operator' retrieved from /home/airflow/.local/lib/python3.12/site-packages/airflow/example_dags/example_branch_day_of_week_operator.py
[2024-10-22T05:05:47.446+0000] {logging_mixin.py:190} INFO - [2024-10-22T05:05:47.445+0000] {dag.py:3239} INFO - Sync 1 DAGs
[2024-10-22T05:05:47.508+0000] {logging_mixin.py:190} INFO - [2024-10-22T05:05:47.508+0000] {dag.py:4180} INFO - Setting next_dagrun for example_weekday_branch_operator to 2024-10-21 00:00:00+00:00, run_after=2024-10-22 00:00:00+00:00
[2024-10-22T05:05:47.551+0000] {processor.py:208} INFO - Processing /home/airflow/.local/lib/python3.12/site-packages/airflow/example_dags/example_branch_day_of_week_operator.py took 0.226 seconds
[2024-10-22T05:06:17.689+0000] {processor.py:186} INFO - Started process (PID=68543) to work on /home/airflow/.local/lib/python3.12/site-packages/airflow/example_dags/example_branch_day_of_week_operator.py
[2024-10-22T05:06:17.693+0000] {processor.py:914} INFO - Processing file /home/airflow/.local/lib/python3.12/site-packages/airflow/example_dags/example_branch_day_of_week_operator.py for tasks to queue
[2024-10-22T05:06:17.699+0000] {logging_mixin.py:190} INFO - [2024-10-22T05:06:17.697+0000] {dagbag.py:588} INFO - Filling up the DagBag from /home/airflow/.local/lib/python3.12/site-packages/airflow/example_dags/example_branch_day_of_week_operator.py
[2024-10-22T05:06:17.724+0000] {processor.py:925} INFO - DAG(s) 'example_weekday_branch_operator' retrieved from /home/airflow/.local/lib/python3.12/site-packages/airflow/example_dags/example_branch_day_of_week_operator.py
[2024-10-22T05:06:17.790+0000] {logging_mixin.py:190} INFO - [2024-10-22T05:06:17.789+0000] {dag.py:3239} INFO - Sync 1 DAGs
[2024-10-22T05:06:17.866+0000] {logging_mixin.py:190} INFO - [2024-10-22T05:06:17.865+0000] {dag.py:4180} INFO - Setting next_dagrun for example_weekday_branch_operator to 2024-10-21 00:00:00+00:00, run_after=2024-10-22 00:00:00+00:00
[2024-10-22T05:06:17.916+0000] {processor.py:208} INFO - Processing /home/airflow/.local/lib/python3.12/site-packages/airflow/example_dags/example_branch_day_of_week_operator.py took 0.256 seconds
[2024-10-22T05:06:48.505+0000] {processor.py:186} INFO - Started process (PID=68610) to work on /home/airflow/.local/lib/python3.12/site-packages/airflow/example_dags/example_branch_day_of_week_operator.py
[2024-10-22T05:06:48.508+0000] {processor.py:914} INFO - Processing file /home/airflow/.local/lib/python3.12/site-packages/airflow/example_dags/example_branch_day_of_week_operator.py for tasks to queue
[2024-10-22T05:06:48.511+0000] {logging_mixin.py:190} INFO - [2024-10-22T05:06:48.510+0000] {dagbag.py:588} INFO - Filling up the DagBag from /home/airflow/.local/lib/python3.12/site-packages/airflow/example_dags/example_branch_day_of_week_operator.py
[2024-10-22T05:06:48.531+0000] {processor.py:925} INFO - DAG(s) 'example_weekday_branch_operator' retrieved from /home/airflow/.local/lib/python3.12/site-packages/airflow/example_dags/example_branch_day_of_week_operator.py
[2024-10-22T05:06:48.602+0000] {logging_mixin.py:190} INFO - [2024-10-22T05:06:48.601+0000] {dag.py:3239} INFO - Sync 1 DAGs
[2024-10-22T05:06:48.667+0000] {logging_mixin.py:190} INFO - [2024-10-22T05:06:48.666+0000] {dag.py:4180} INFO - Setting next_dagrun for example_weekday_branch_operator to 2024-10-21 00:00:00+00:00, run_after=2024-10-22 00:00:00+00:00
[2024-10-22T05:06:48.708+0000] {processor.py:208} INFO - Processing /home/airflow/.local/lib/python3.12/site-packages/airflow/example_dags/example_branch_day_of_week_operator.py took 0.223 seconds
[2024-10-22T05:07:18.992+0000] {processor.py:186} INFO - Started process (PID=68676) to work on /home/airflow/.local/lib/python3.12/site-packages/airflow/example_dags/example_branch_day_of_week_operator.py
[2024-10-22T05:07:18.995+0000] {processor.py:914} INFO - Processing file /home/airflow/.local/lib/python3.12/site-packages/airflow/example_dags/example_branch_day_of_week_operator.py for tasks to queue
[2024-10-22T05:07:18.999+0000] {logging_mixin.py:190} INFO - [2024-10-22T05:07:18.998+0000] {dagbag.py:588} INFO - Filling up the DagBag from /home/airflow/.local/lib/python3.12/site-packages/airflow/example_dags/example_branch_day_of_week_operator.py
[2024-10-22T05:07:19.021+0000] {processor.py:925} INFO - DAG(s) 'example_weekday_branch_operator' retrieved from /home/airflow/.local/lib/python3.12/site-packages/airflow/example_dags/example_branch_day_of_week_operator.py
[2024-10-22T05:07:19.096+0000] {logging_mixin.py:190} INFO - [2024-10-22T05:07:19.096+0000] {dag.py:3239} INFO - Sync 1 DAGs
[2024-10-22T05:07:19.157+0000] {logging_mixin.py:190} INFO - [2024-10-22T05:07:19.157+0000] {dag.py:4180} INFO - Setting next_dagrun for example_weekday_branch_operator to 2024-10-21 00:00:00+00:00, run_after=2024-10-22 00:00:00+00:00
[2024-10-22T05:07:19.202+0000] {processor.py:208} INFO - Processing /home/airflow/.local/lib/python3.12/site-packages/airflow/example_dags/example_branch_day_of_week_operator.py took 0.229 seconds
[2024-10-22T05:07:49.451+0000] {processor.py:186} INFO - Started process (PID=68742) to work on /home/airflow/.local/lib/python3.12/site-packages/airflow/example_dags/example_branch_day_of_week_operator.py
[2024-10-22T05:07:49.453+0000] {processor.py:914} INFO - Processing file /home/airflow/.local/lib/python3.12/site-packages/airflow/example_dags/example_branch_day_of_week_operator.py for tasks to queue
[2024-10-22T05:07:49.456+0000] {logging_mixin.py:190} INFO - [2024-10-22T05:07:49.456+0000] {dagbag.py:588} INFO - Filling up the DagBag from /home/airflow/.local/lib/python3.12/site-packages/airflow/example_dags/example_branch_day_of_week_operator.py
[2024-10-22T05:07:49.475+0000] {processor.py:925} INFO - DAG(s) 'example_weekday_branch_operator' retrieved from /home/airflow/.local/lib/python3.12/site-packages/airflow/example_dags/example_branch_day_of_week_operator.py
[2024-10-22T05:07:49.536+0000] {logging_mixin.py:190} INFO - [2024-10-22T05:07:49.535+0000] {dag.py:3239} INFO - Sync 1 DAGs
[2024-10-22T05:07:49.691+0000] {logging_mixin.py:190} INFO - [2024-10-22T05:07:49.690+0000] {dag.py:4180} INFO - Setting next_dagrun for example_weekday_branch_operator to 2024-10-21 00:00:00+00:00, run_after=2024-10-22 00:00:00+00:00
[2024-10-22T05:07:49.729+0000] {processor.py:208} INFO - Processing /home/airflow/.local/lib/python3.12/site-packages/airflow/example_dags/example_branch_day_of_week_operator.py took 0.300 seconds
[2024-10-22T05:08:19.971+0000] {processor.py:186} INFO - Started process (PID=68809) to work on /home/airflow/.local/lib/python3.12/site-packages/airflow/example_dags/example_branch_day_of_week_operator.py
[2024-10-22T05:08:19.974+0000] {processor.py:914} INFO - Processing file /home/airflow/.local/lib/python3.12/site-packages/airflow/example_dags/example_branch_day_of_week_operator.py for tasks to queue
[2024-10-22T05:08:19.977+0000] {logging_mixin.py:190} INFO - [2024-10-22T05:08:19.976+0000] {dagbag.py:588} INFO - Filling up the DagBag from /home/airflow/.local/lib/python3.12/site-packages/airflow/example_dags/example_branch_day_of_week_operator.py
[2024-10-22T05:08:19.998+0000] {processor.py:925} INFO - DAG(s) 'example_weekday_branch_operator' retrieved from /home/airflow/.local/lib/python3.12/site-packages/airflow/example_dags/example_branch_day_of_week_operator.py
[2024-10-22T05:08:20.064+0000] {logging_mixin.py:190} INFO - [2024-10-22T05:08:20.064+0000] {dag.py:3239} INFO - Sync 1 DAGs
[2024-10-22T05:08:20.126+0000] {logging_mixin.py:190} INFO - [2024-10-22T05:08:20.126+0000] {dag.py:4180} INFO - Setting next_dagrun for example_weekday_branch_operator to 2024-10-21 00:00:00+00:00, run_after=2024-10-22 00:00:00+00:00
[2024-10-22T05:08:20.169+0000] {processor.py:208} INFO - Processing /home/airflow/.local/lib/python3.12/site-packages/airflow/example_dags/example_branch_day_of_week_operator.py took 0.218 seconds
[2024-10-22T05:08:50.429+0000] {processor.py:186} INFO - Started process (PID=68876) to work on /home/airflow/.local/lib/python3.12/site-packages/airflow/example_dags/example_branch_day_of_week_operator.py
[2024-10-22T05:08:50.431+0000] {processor.py:914} INFO - Processing file /home/airflow/.local/lib/python3.12/site-packages/airflow/example_dags/example_branch_day_of_week_operator.py for tasks to queue
[2024-10-22T05:08:50.434+0000] {logging_mixin.py:190} INFO - [2024-10-22T05:08:50.433+0000] {dagbag.py:588} INFO - Filling up the DagBag from /home/airflow/.local/lib/python3.12/site-packages/airflow/example_dags/example_branch_day_of_week_operator.py
[2024-10-22T05:08:50.456+0000] {processor.py:925} INFO - DAG(s) 'example_weekday_branch_operator' retrieved from /home/airflow/.local/lib/python3.12/site-packages/airflow/example_dags/example_branch_day_of_week_operator.py
[2024-10-22T05:08:50.532+0000] {logging_mixin.py:190} INFO - [2024-10-22T05:08:50.532+0000] {dag.py:3239} INFO - Sync 1 DAGs
[2024-10-22T05:08:50.605+0000] {logging_mixin.py:190} INFO - [2024-10-22T05:08:50.605+0000] {dag.py:4180} INFO - Setting next_dagrun for example_weekday_branch_operator to 2024-10-21 00:00:00+00:00, run_after=2024-10-22 00:00:00+00:00
[2024-10-22T05:08:50.653+0000] {processor.py:208} INFO - Processing /home/airflow/.local/lib/python3.12/site-packages/airflow/example_dags/example_branch_day_of_week_operator.py took 0.242 seconds
[2024-10-22T05:09:21.098+0000] {processor.py:186} INFO - Started process (PID=68943) to work on /home/airflow/.local/lib/python3.12/site-packages/airflow/example_dags/example_branch_day_of_week_operator.py
[2024-10-22T05:09:21.101+0000] {processor.py:914} INFO - Processing file /home/airflow/.local/lib/python3.12/site-packages/airflow/example_dags/example_branch_day_of_week_operator.py for tasks to queue
[2024-10-22T05:09:21.117+0000] {logging_mixin.py:190} INFO - [2024-10-22T05:09:21.104+0000] {dagbag.py:588} INFO - Filling up the DagBag from /home/airflow/.local/lib/python3.12/site-packages/airflow/example_dags/example_branch_day_of_week_operator.py
[2024-10-22T05:09:21.147+0000] {processor.py:925} INFO - DAG(s) 'example_weekday_branch_operator' retrieved from /home/airflow/.local/lib/python3.12/site-packages/airflow/example_dags/example_branch_day_of_week_operator.py
[2024-10-22T05:09:21.200+0000] {logging_mixin.py:190} INFO - [2024-10-22T05:09:21.199+0000] {dag.py:3239} INFO - Sync 1 DAGs
[2024-10-22T05:09:21.339+0000] {logging_mixin.py:190} INFO - [2024-10-22T05:09:21.338+0000] {dag.py:4180} INFO - Setting next_dagrun for example_weekday_branch_operator to 2024-10-21 00:00:00+00:00, run_after=2024-10-22 00:00:00+00:00
[2024-10-22T05:09:21.456+0000] {processor.py:208} INFO - Processing /home/airflow/.local/lib/python3.12/site-packages/airflow/example_dags/example_branch_day_of_week_operator.py took 0.430 seconds
[2024-10-22T05:09:52.192+0000] {processor.py:186} INFO - Started process (PID=69010) to work on /home/airflow/.local/lib/python3.12/site-packages/airflow/example_dags/example_branch_day_of_week_operator.py
[2024-10-22T05:09:52.195+0000] {processor.py:914} INFO - Processing file /home/airflow/.local/lib/python3.12/site-packages/airflow/example_dags/example_branch_day_of_week_operator.py for tasks to queue
[2024-10-22T05:09:52.200+0000] {logging_mixin.py:190} INFO - [2024-10-22T05:09:52.199+0000] {dagbag.py:588} INFO - Filling up the DagBag from /home/airflow/.local/lib/python3.12/site-packages/airflow/example_dags/example_branch_day_of_week_operator.py
[2024-10-22T05:09:52.221+0000] {processor.py:925} INFO - DAG(s) 'example_weekday_branch_operator' retrieved from /home/airflow/.local/lib/python3.12/site-packages/airflow/example_dags/example_branch_day_of_week_operator.py
[2024-10-22T05:09:52.332+0000] {logging_mixin.py:190} INFO - [2024-10-22T05:09:52.330+0000] {dag.py:3239} INFO - Sync 1 DAGs
[2024-10-22T05:09:52.484+0000] {logging_mixin.py:190} INFO - [2024-10-22T05:09:52.483+0000] {dag.py:4180} INFO - Setting next_dagrun for example_weekday_branch_operator to 2024-10-21 00:00:00+00:00, run_after=2024-10-22 00:00:00+00:00
[2024-10-22T05:09:52.556+0000] {processor.py:208} INFO - Processing /home/airflow/.local/lib/python3.12/site-packages/airflow/example_dags/example_branch_day_of_week_operator.py took 0.398 seconds
[2024-10-22T05:10:23.042+0000] {processor.py:186} INFO - Started process (PID=69077) to work on /home/airflow/.local/lib/python3.12/site-packages/airflow/example_dags/example_branch_day_of_week_operator.py
[2024-10-22T05:10:23.047+0000] {processor.py:914} INFO - Processing file /home/airflow/.local/lib/python3.12/site-packages/airflow/example_dags/example_branch_day_of_week_operator.py for tasks to queue
[2024-10-22T05:10:23.053+0000] {logging_mixin.py:190} INFO - [2024-10-22T05:10:23.052+0000] {dagbag.py:588} INFO - Filling up the DagBag from /home/airflow/.local/lib/python3.12/site-packages/airflow/example_dags/example_branch_day_of_week_operator.py
[2024-10-22T05:10:23.071+0000] {processor.py:925} INFO - DAG(s) 'example_weekday_branch_operator' retrieved from /home/airflow/.local/lib/python3.12/site-packages/airflow/example_dags/example_branch_day_of_week_operator.py
[2024-10-22T05:10:23.172+0000] {logging_mixin.py:190} INFO - [2024-10-22T05:10:23.171+0000] {dag.py:3239} INFO - Sync 1 DAGs
[2024-10-22T05:10:23.270+0000] {logging_mixin.py:190} INFO - [2024-10-22T05:10:23.269+0000] {dag.py:4180} INFO - Setting next_dagrun for example_weekday_branch_operator to 2024-10-21 00:00:00+00:00, run_after=2024-10-22 00:00:00+00:00
[2024-10-22T05:10:23.310+0000] {processor.py:208} INFO - Processing /home/airflow/.local/lib/python3.12/site-packages/airflow/example_dags/example_branch_day_of_week_operator.py took 0.326 seconds
[2024-10-22T05:10:53.909+0000] {processor.py:186} INFO - Started process (PID=69143) to work on /home/airflow/.local/lib/python3.12/site-packages/airflow/example_dags/example_branch_day_of_week_operator.py
[2024-10-22T05:10:53.911+0000] {processor.py:914} INFO - Processing file /home/airflow/.local/lib/python3.12/site-packages/airflow/example_dags/example_branch_day_of_week_operator.py for tasks to queue
[2024-10-22T05:10:53.915+0000] {logging_mixin.py:190} INFO - [2024-10-22T05:10:53.913+0000] {dagbag.py:588} INFO - Filling up the DagBag from /home/airflow/.local/lib/python3.12/site-packages/airflow/example_dags/example_branch_day_of_week_operator.py
[2024-10-22T05:10:53.936+0000] {processor.py:925} INFO - DAG(s) 'example_weekday_branch_operator' retrieved from /home/airflow/.local/lib/python3.12/site-packages/airflow/example_dags/example_branch_day_of_week_operator.py
[2024-10-22T05:10:54.004+0000] {logging_mixin.py:190} INFO - [2024-10-22T05:10:54.003+0000] {dag.py:3239} INFO - Sync 1 DAGs
[2024-10-22T05:10:54.093+0000] {logging_mixin.py:190} INFO - [2024-10-22T05:10:54.092+0000] {dag.py:4180} INFO - Setting next_dagrun for example_weekday_branch_operator to 2024-10-21 00:00:00+00:00, run_after=2024-10-22 00:00:00+00:00
[2024-10-22T05:10:54.157+0000] {processor.py:208} INFO - Processing /home/airflow/.local/lib/python3.12/site-packages/airflow/example_dags/example_branch_day_of_week_operator.py took 0.268 seconds
[2024-10-22T05:11:24.415+0000] {processor.py:186} INFO - Started process (PID=69210) to work on /home/airflow/.local/lib/python3.12/site-packages/airflow/example_dags/example_branch_day_of_week_operator.py
[2024-10-22T05:11:24.417+0000] {processor.py:914} INFO - Processing file /home/airflow/.local/lib/python3.12/site-packages/airflow/example_dags/example_branch_day_of_week_operator.py for tasks to queue
[2024-10-22T05:11:24.420+0000] {logging_mixin.py:190} INFO - [2024-10-22T05:11:24.419+0000] {dagbag.py:588} INFO - Filling up the DagBag from /home/airflow/.local/lib/python3.12/site-packages/airflow/example_dags/example_branch_day_of_week_operator.py
[2024-10-22T05:11:24.446+0000] {processor.py:925} INFO - DAG(s) 'example_weekday_branch_operator' retrieved from /home/airflow/.local/lib/python3.12/site-packages/airflow/example_dags/example_branch_day_of_week_operator.py
[2024-10-22T05:11:24.513+0000] {logging_mixin.py:190} INFO - [2024-10-22T05:11:24.512+0000] {dag.py:3239} INFO - Sync 1 DAGs
[2024-10-22T05:11:24.578+0000] {logging_mixin.py:190} INFO - [2024-10-22T05:11:24.578+0000] {dag.py:4180} INFO - Setting next_dagrun for example_weekday_branch_operator to 2024-10-21 00:00:00+00:00, run_after=2024-10-22 00:00:00+00:00
[2024-10-22T05:11:24.631+0000] {processor.py:208} INFO - Processing /home/airflow/.local/lib/python3.12/site-packages/airflow/example_dags/example_branch_day_of_week_operator.py took 0.233 seconds
[2024-10-22T05:11:55.548+0000] {processor.py:186} INFO - Started process (PID=69276) to work on /home/airflow/.local/lib/python3.12/site-packages/airflow/example_dags/example_branch_day_of_week_operator.py
[2024-10-22T05:11:55.551+0000] {processor.py:914} INFO - Processing file /home/airflow/.local/lib/python3.12/site-packages/airflow/example_dags/example_branch_day_of_week_operator.py for tasks to queue
[2024-10-22T05:11:55.554+0000] {logging_mixin.py:190} INFO - [2024-10-22T05:11:55.554+0000] {dagbag.py:588} INFO - Filling up the DagBag from /home/airflow/.local/lib/python3.12/site-packages/airflow/example_dags/example_branch_day_of_week_operator.py
[2024-10-22T05:11:55.586+0000] {processor.py:925} INFO - DAG(s) 'example_weekday_branch_operator' retrieved from /home/airflow/.local/lib/python3.12/site-packages/airflow/example_dags/example_branch_day_of_week_operator.py
[2024-10-22T05:11:55.664+0000] {logging_mixin.py:190} INFO - [2024-10-22T05:11:55.663+0000] {dag.py:3239} INFO - Sync 1 DAGs
[2024-10-22T05:11:55.744+0000] {logging_mixin.py:190} INFO - [2024-10-22T05:11:55.744+0000] {dag.py:4180} INFO - Setting next_dagrun for example_weekday_branch_operator to 2024-10-21 00:00:00+00:00, run_after=2024-10-22 00:00:00+00:00
[2024-10-22T05:11:55.786+0000] {processor.py:208} INFO - Processing /home/airflow/.local/lib/python3.12/site-packages/airflow/example_dags/example_branch_day_of_week_operator.py took 0.256 seconds
[2024-10-22T05:12:25.972+0000] {processor.py:186} INFO - Started process (PID=69343) to work on /home/airflow/.local/lib/python3.12/site-packages/airflow/example_dags/example_branch_day_of_week_operator.py
[2024-10-22T05:12:25.974+0000] {processor.py:914} INFO - Processing file /home/airflow/.local/lib/python3.12/site-packages/airflow/example_dags/example_branch_day_of_week_operator.py for tasks to queue
[2024-10-22T05:12:25.978+0000] {logging_mixin.py:190} INFO - [2024-10-22T05:12:25.976+0000] {dagbag.py:588} INFO - Filling up the DagBag from /home/airflow/.local/lib/python3.12/site-packages/airflow/example_dags/example_branch_day_of_week_operator.py
[2024-10-22T05:12:26.000+0000] {processor.py:925} INFO - DAG(s) 'example_weekday_branch_operator' retrieved from /home/airflow/.local/lib/python3.12/site-packages/airflow/example_dags/example_branch_day_of_week_operator.py
[2024-10-22T05:12:26.066+0000] {logging_mixin.py:190} INFO - [2024-10-22T05:12:26.065+0000] {dag.py:3239} INFO - Sync 1 DAGs
[2024-10-22T05:12:26.131+0000] {logging_mixin.py:190} INFO - [2024-10-22T05:12:26.130+0000] {dag.py:4180} INFO - Setting next_dagrun for example_weekday_branch_operator to 2024-10-21 00:00:00+00:00, run_after=2024-10-22 00:00:00+00:00
[2024-10-22T05:12:26.175+0000] {processor.py:208} INFO - Processing /home/airflow/.local/lib/python3.12/site-packages/airflow/example_dags/example_branch_day_of_week_operator.py took 0.220 seconds
[2024-10-22T05:12:56.760+0000] {processor.py:186} INFO - Started process (PID=69410) to work on /home/airflow/.local/lib/python3.12/site-packages/airflow/example_dags/example_branch_day_of_week_operator.py
[2024-10-22T05:12:56.763+0000] {processor.py:914} INFO - Processing file /home/airflow/.local/lib/python3.12/site-packages/airflow/example_dags/example_branch_day_of_week_operator.py for tasks to queue
[2024-10-22T05:12:56.768+0000] {logging_mixin.py:190} INFO - [2024-10-22T05:12:56.767+0000] {dagbag.py:588} INFO - Filling up the DagBag from /home/airflow/.local/lib/python3.12/site-packages/airflow/example_dags/example_branch_day_of_week_operator.py
[2024-10-22T05:12:56.827+0000] {processor.py:925} INFO - DAG(s) 'example_weekday_branch_operator' retrieved from /home/airflow/.local/lib/python3.12/site-packages/airflow/example_dags/example_branch_day_of_week_operator.py
[2024-10-22T05:12:56.932+0000] {logging_mixin.py:190} INFO - [2024-10-22T05:12:56.930+0000] {dag.py:3239} INFO - Sync 1 DAGs
[2024-10-22T05:12:57.035+0000] {logging_mixin.py:190} INFO - [2024-10-22T05:12:57.034+0000] {dag.py:4180} INFO - Setting next_dagrun for example_weekday_branch_operator to 2024-10-21 00:00:00+00:00, run_after=2024-10-22 00:00:00+00:00
[2024-10-22T05:12:57.086+0000] {processor.py:208} INFO - Processing /home/airflow/.local/lib/python3.12/site-packages/airflow/example_dags/example_branch_day_of_week_operator.py took 0.347 seconds
[2024-10-22T05:13:27.260+0000] {processor.py:186} INFO - Started process (PID=69476) to work on /home/airflow/.local/lib/python3.12/site-packages/airflow/example_dags/example_branch_day_of_week_operator.py
[2024-10-22T05:13:27.266+0000] {processor.py:914} INFO - Processing file /home/airflow/.local/lib/python3.12/site-packages/airflow/example_dags/example_branch_day_of_week_operator.py for tasks to queue
[2024-10-22T05:13:27.277+0000] {logging_mixin.py:190} INFO - [2024-10-22T05:13:27.276+0000] {dagbag.py:588} INFO - Filling up the DagBag from /home/airflow/.local/lib/python3.12/site-packages/airflow/example_dags/example_branch_day_of_week_operator.py
[2024-10-22T05:13:27.308+0000] {processor.py:925} INFO - DAG(s) 'example_weekday_branch_operator' retrieved from /home/airflow/.local/lib/python3.12/site-packages/airflow/example_dags/example_branch_day_of_week_operator.py
[2024-10-22T05:13:27.414+0000] {logging_mixin.py:190} INFO - [2024-10-22T05:13:27.414+0000] {dag.py:3239} INFO - Sync 1 DAGs
[2024-10-22T05:13:27.478+0000] {logging_mixin.py:190} INFO - [2024-10-22T05:13:27.477+0000] {dag.py:4180} INFO - Setting next_dagrun for example_weekday_branch_operator to 2024-10-21 00:00:00+00:00, run_after=2024-10-22 00:00:00+00:00
[2024-10-22T05:13:27.516+0000] {processor.py:208} INFO - Processing /home/airflow/.local/lib/python3.12/site-packages/airflow/example_dags/example_branch_day_of_week_operator.py took 0.273 seconds
[2024-10-22T05:13:57.688+0000] {processor.py:186} INFO - Started process (PID=69543) to work on /home/airflow/.local/lib/python3.12/site-packages/airflow/example_dags/example_branch_day_of_week_operator.py
[2024-10-22T05:13:57.700+0000] {processor.py:914} INFO - Processing file /home/airflow/.local/lib/python3.12/site-packages/airflow/example_dags/example_branch_day_of_week_operator.py for tasks to queue
[2024-10-22T05:13:57.711+0000] {logging_mixin.py:190} INFO - [2024-10-22T05:13:57.710+0000] {dagbag.py:588} INFO - Filling up the DagBag from /home/airflow/.local/lib/python3.12/site-packages/airflow/example_dags/example_branch_day_of_week_operator.py
[2024-10-22T05:13:57.740+0000] {processor.py:925} INFO - DAG(s) 'example_weekday_branch_operator' retrieved from /home/airflow/.local/lib/python3.12/site-packages/airflow/example_dags/example_branch_day_of_week_operator.py
[2024-10-22T05:13:57.863+0000] {logging_mixin.py:190} INFO - [2024-10-22T05:13:57.862+0000] {dag.py:3239} INFO - Sync 1 DAGs
[2024-10-22T05:13:57.939+0000] {logging_mixin.py:190} INFO - [2024-10-22T05:13:57.939+0000] {dag.py:4180} INFO - Setting next_dagrun for example_weekday_branch_operator to 2024-10-21 00:00:00+00:00, run_after=2024-10-22 00:00:00+00:00
[2024-10-22T05:13:58.034+0000] {processor.py:208} INFO - Processing /home/airflow/.local/lib/python3.12/site-packages/airflow/example_dags/example_branch_day_of_week_operator.py took 0.370 seconds
[2024-10-22T05:14:28.187+0000] {processor.py:186} INFO - Started process (PID=69609) to work on /home/airflow/.local/lib/python3.12/site-packages/airflow/example_dags/example_branch_day_of_week_operator.py
[2024-10-22T05:14:28.189+0000] {processor.py:914} INFO - Processing file /home/airflow/.local/lib/python3.12/site-packages/airflow/example_dags/example_branch_day_of_week_operator.py for tasks to queue
[2024-10-22T05:14:28.192+0000] {logging_mixin.py:190} INFO - [2024-10-22T05:14:28.192+0000] {dagbag.py:588} INFO - Filling up the DagBag from /home/airflow/.local/lib/python3.12/site-packages/airflow/example_dags/example_branch_day_of_week_operator.py
[2024-10-22T05:14:28.212+0000] {processor.py:925} INFO - DAG(s) 'example_weekday_branch_operator' retrieved from /home/airflow/.local/lib/python3.12/site-packages/airflow/example_dags/example_branch_day_of_week_operator.py
[2024-10-22T05:14:28.290+0000] {logging_mixin.py:190} INFO - [2024-10-22T05:14:28.289+0000] {dag.py:3239} INFO - Sync 1 DAGs
[2024-10-22T05:14:28.367+0000] {logging_mixin.py:190} INFO - [2024-10-22T05:14:28.366+0000] {dag.py:4180} INFO - Setting next_dagrun for example_weekday_branch_operator to 2024-10-21 00:00:00+00:00, run_after=2024-10-22 00:00:00+00:00
[2024-10-22T05:14:28.417+0000] {processor.py:208} INFO - Processing /home/airflow/.local/lib/python3.12/site-packages/airflow/example_dags/example_branch_day_of_week_operator.py took 0.247 seconds
[2024-10-22T05:14:59.342+0000] {processor.py:186} INFO - Started process (PID=69676) to work on /home/airflow/.local/lib/python3.12/site-packages/airflow/example_dags/example_branch_day_of_week_operator.py
[2024-10-22T05:14:59.344+0000] {processor.py:914} INFO - Processing file /home/airflow/.local/lib/python3.12/site-packages/airflow/example_dags/example_branch_day_of_week_operator.py for tasks to queue
[2024-10-22T05:14:59.348+0000] {logging_mixin.py:190} INFO - [2024-10-22T05:14:59.347+0000] {dagbag.py:588} INFO - Filling up the DagBag from /home/airflow/.local/lib/python3.12/site-packages/airflow/example_dags/example_branch_day_of_week_operator.py
[2024-10-22T05:14:59.369+0000] {processor.py:925} INFO - DAG(s) 'example_weekday_branch_operator' retrieved from /home/airflow/.local/lib/python3.12/site-packages/airflow/example_dags/example_branch_day_of_week_operator.py
[2024-10-22T05:14:59.482+0000] {logging_mixin.py:190} INFO - [2024-10-22T05:14:59.481+0000] {dag.py:3239} INFO - Sync 1 DAGs
[2024-10-22T05:14:59.560+0000] {logging_mixin.py:190} INFO - [2024-10-22T05:14:59.560+0000] {dag.py:4180} INFO - Setting next_dagrun for example_weekday_branch_operator to 2024-10-21 00:00:00+00:00, run_after=2024-10-22 00:00:00+00:00
[2024-10-22T05:14:59.610+0000] {processor.py:208} INFO - Processing /home/airflow/.local/lib/python3.12/site-packages/airflow/example_dags/example_branch_day_of_week_operator.py took 0.293 seconds
[2024-10-22T05:15:29.684+0000] {processor.py:186} INFO - Started process (PID=69742) to work on /home/airflow/.local/lib/python3.12/site-packages/airflow/example_dags/example_branch_day_of_week_operator.py
[2024-10-22T05:15:29.688+0000] {processor.py:914} INFO - Processing file /home/airflow/.local/lib/python3.12/site-packages/airflow/example_dags/example_branch_day_of_week_operator.py for tasks to queue
[2024-10-22T05:15:29.692+0000] {logging_mixin.py:190} INFO - [2024-10-22T05:15:29.691+0000] {dagbag.py:588} INFO - Filling up the DagBag from /home/airflow/.local/lib/python3.12/site-packages/airflow/example_dags/example_branch_day_of_week_operator.py
[2024-10-22T05:15:29.713+0000] {processor.py:925} INFO - DAG(s) 'example_weekday_branch_operator' retrieved from /home/airflow/.local/lib/python3.12/site-packages/airflow/example_dags/example_branch_day_of_week_operator.py
[2024-10-22T05:15:29.766+0000] {logging_mixin.py:190} INFO - [2024-10-22T05:15:29.765+0000] {dag.py:3239} INFO - Sync 1 DAGs
[2024-10-22T05:15:29.881+0000] {logging_mixin.py:190} INFO - [2024-10-22T05:15:29.880+0000] {dag.py:4180} INFO - Setting next_dagrun for example_weekday_branch_operator to 2024-10-21 00:00:00+00:00, run_after=2024-10-22 00:00:00+00:00
[2024-10-22T05:15:29.923+0000] {processor.py:208} INFO - Processing /home/airflow/.local/lib/python3.12/site-packages/airflow/example_dags/example_branch_day_of_week_operator.py took 0.253 seconds
[2024-10-22T05:16:00.267+0000] {processor.py:186} INFO - Started process (PID=69808) to work on /home/airflow/.local/lib/python3.12/site-packages/airflow/example_dags/example_branch_day_of_week_operator.py
[2024-10-22T05:16:00.271+0000] {processor.py:914} INFO - Processing file /home/airflow/.local/lib/python3.12/site-packages/airflow/example_dags/example_branch_day_of_week_operator.py for tasks to queue
[2024-10-22T05:16:00.274+0000] {logging_mixin.py:190} INFO - [2024-10-22T05:16:00.273+0000] {dagbag.py:588} INFO - Filling up the DagBag from /home/airflow/.local/lib/python3.12/site-packages/airflow/example_dags/example_branch_day_of_week_operator.py
[2024-10-22T05:16:00.309+0000] {processor.py:925} INFO - DAG(s) 'example_weekday_branch_operator' retrieved from /home/airflow/.local/lib/python3.12/site-packages/airflow/example_dags/example_branch_day_of_week_operator.py
[2024-10-22T05:16:00.378+0000] {logging_mixin.py:190} INFO - [2024-10-22T05:16:00.377+0000] {dag.py:3239} INFO - Sync 1 DAGs
[2024-10-22T05:16:00.442+0000] {logging_mixin.py:190} INFO - [2024-10-22T05:16:00.441+0000] {dag.py:4180} INFO - Setting next_dagrun for example_weekday_branch_operator to 2024-10-21 00:00:00+00:00, run_after=2024-10-22 00:00:00+00:00
[2024-10-22T05:16:00.484+0000] {processor.py:208} INFO - Processing /home/airflow/.local/lib/python3.12/site-packages/airflow/example_dags/example_branch_day_of_week_operator.py took 0.235 seconds
[2024-10-22T05:16:30.688+0000] {processor.py:186} INFO - Started process (PID=69875) to work on /home/airflow/.local/lib/python3.12/site-packages/airflow/example_dags/example_branch_day_of_week_operator.py
[2024-10-22T05:16:30.692+0000] {processor.py:914} INFO - Processing file /home/airflow/.local/lib/python3.12/site-packages/airflow/example_dags/example_branch_day_of_week_operator.py for tasks to queue
[2024-10-22T05:16:30.697+0000] {logging_mixin.py:190} INFO - [2024-10-22T05:16:30.695+0000] {dagbag.py:588} INFO - Filling up the DagBag from /home/airflow/.local/lib/python3.12/site-packages/airflow/example_dags/example_branch_day_of_week_operator.py
[2024-10-22T05:16:30.728+0000] {processor.py:925} INFO - DAG(s) 'example_weekday_branch_operator' retrieved from /home/airflow/.local/lib/python3.12/site-packages/airflow/example_dags/example_branch_day_of_week_operator.py
[2024-10-22T05:16:30.797+0000] {logging_mixin.py:190} INFO - [2024-10-22T05:16:30.796+0000] {dag.py:3239} INFO - Sync 1 DAGs
[2024-10-22T05:16:30.870+0000] {logging_mixin.py:190} INFO - [2024-10-22T05:16:30.870+0000] {dag.py:4180} INFO - Setting next_dagrun for example_weekday_branch_operator to 2024-10-21 00:00:00+00:00, run_after=2024-10-22 00:00:00+00:00
[2024-10-22T05:16:30.930+0000] {processor.py:208} INFO - Processing /home/airflow/.local/lib/python3.12/site-packages/airflow/example_dags/example_branch_day_of_week_operator.py took 0.264 seconds
[2024-10-22T05:17:01.432+0000] {processor.py:186} INFO - Started process (PID=69942) to work on /home/airflow/.local/lib/python3.12/site-packages/airflow/example_dags/example_branch_day_of_week_operator.py
[2024-10-22T05:17:01.435+0000] {processor.py:914} INFO - Processing file /home/airflow/.local/lib/python3.12/site-packages/airflow/example_dags/example_branch_day_of_week_operator.py for tasks to queue
[2024-10-22T05:17:01.439+0000] {logging_mixin.py:190} INFO - [2024-10-22T05:17:01.438+0000] {dagbag.py:588} INFO - Filling up the DagBag from /home/airflow/.local/lib/python3.12/site-packages/airflow/example_dags/example_branch_day_of_week_operator.py
[2024-10-22T05:17:01.459+0000] {processor.py:925} INFO - DAG(s) 'example_weekday_branch_operator' retrieved from /home/airflow/.local/lib/python3.12/site-packages/airflow/example_dags/example_branch_day_of_week_operator.py
[2024-10-22T05:17:01.529+0000] {logging_mixin.py:190} INFO - [2024-10-22T05:17:01.528+0000] {dag.py:3239} INFO - Sync 1 DAGs
[2024-10-22T05:17:01.597+0000] {logging_mixin.py:190} INFO - [2024-10-22T05:17:01.596+0000] {dag.py:4180} INFO - Setting next_dagrun for example_weekday_branch_operator to 2024-10-21 00:00:00+00:00, run_after=2024-10-22 00:00:00+00:00
[2024-10-22T05:17:01.675+0000] {processor.py:208} INFO - Processing /home/airflow/.local/lib/python3.12/site-packages/airflow/example_dags/example_branch_day_of_week_operator.py took 0.266 seconds
[2024-10-22T05:17:32.277+0000] {processor.py:186} INFO - Started process (PID=70009) to work on /home/airflow/.local/lib/python3.12/site-packages/airflow/example_dags/example_branch_day_of_week_operator.py
[2024-10-22T05:17:32.279+0000] {processor.py:914} INFO - Processing file /home/airflow/.local/lib/python3.12/site-packages/airflow/example_dags/example_branch_day_of_week_operator.py for tasks to queue
[2024-10-22T05:17:32.282+0000] {logging_mixin.py:190} INFO - [2024-10-22T05:17:32.281+0000] {dagbag.py:588} INFO - Filling up the DagBag from /home/airflow/.local/lib/python3.12/site-packages/airflow/example_dags/example_branch_day_of_week_operator.py
[2024-10-22T05:17:32.298+0000] {processor.py:925} INFO - DAG(s) 'example_weekday_branch_operator' retrieved from /home/airflow/.local/lib/python3.12/site-packages/airflow/example_dags/example_branch_day_of_week_operator.py
[2024-10-22T05:17:32.411+0000] {logging_mixin.py:190} INFO - [2024-10-22T05:17:32.410+0000] {dag.py:3239} INFO - Sync 1 DAGs
[2024-10-22T05:17:32.509+0000] {logging_mixin.py:190} INFO - [2024-10-22T05:17:32.509+0000] {dag.py:4180} INFO - Setting next_dagrun for example_weekday_branch_operator to 2024-10-21 00:00:00+00:00, run_after=2024-10-22 00:00:00+00:00
[2024-10-22T05:17:32.565+0000] {processor.py:208} INFO - Processing /home/airflow/.local/lib/python3.12/site-packages/airflow/example_dags/example_branch_day_of_week_operator.py took 0.303 seconds
[2024-10-22T05:18:03.280+0000] {processor.py:186} INFO - Started process (PID=70076) to work on /home/airflow/.local/lib/python3.12/site-packages/airflow/example_dags/example_branch_day_of_week_operator.py
[2024-10-22T05:18:03.283+0000] {processor.py:914} INFO - Processing file /home/airflow/.local/lib/python3.12/site-packages/airflow/example_dags/example_branch_day_of_week_operator.py for tasks to queue
[2024-10-22T05:18:03.287+0000] {logging_mixin.py:190} INFO - [2024-10-22T05:18:03.286+0000] {dagbag.py:588} INFO - Filling up the DagBag from /home/airflow/.local/lib/python3.12/site-packages/airflow/example_dags/example_branch_day_of_week_operator.py
[2024-10-22T05:18:03.312+0000] {processor.py:925} INFO - DAG(s) 'example_weekday_branch_operator' retrieved from /home/airflow/.local/lib/python3.12/site-packages/airflow/example_dags/example_branch_day_of_week_operator.py
[2024-10-22T05:18:03.369+0000] {logging_mixin.py:190} INFO - [2024-10-22T05:18:03.368+0000] {dag.py:3239} INFO - Sync 1 DAGs
[2024-10-22T05:18:03.441+0000] {logging_mixin.py:190} INFO - [2024-10-22T05:18:03.440+0000] {dag.py:4180} INFO - Setting next_dagrun for example_weekday_branch_operator to 2024-10-21 00:00:00+00:00, run_after=2024-10-22 00:00:00+00:00
[2024-10-22T05:18:03.526+0000] {processor.py:208} INFO - Processing /home/airflow/.local/lib/python3.12/site-packages/airflow/example_dags/example_branch_day_of_week_operator.py took 0.265 seconds
[2024-10-22T05:18:34.350+0000] {processor.py:186} INFO - Started process (PID=70143) to work on /home/airflow/.local/lib/python3.12/site-packages/airflow/example_dags/example_branch_day_of_week_operator.py
[2024-10-22T05:18:34.352+0000] {processor.py:914} INFO - Processing file /home/airflow/.local/lib/python3.12/site-packages/airflow/example_dags/example_branch_day_of_week_operator.py for tasks to queue
[2024-10-22T05:18:34.356+0000] {logging_mixin.py:190} INFO - [2024-10-22T05:18:34.355+0000] {dagbag.py:588} INFO - Filling up the DagBag from /home/airflow/.local/lib/python3.12/site-packages/airflow/example_dags/example_branch_day_of_week_operator.py
[2024-10-22T05:18:34.374+0000] {processor.py:925} INFO - DAG(s) 'example_weekday_branch_operator' retrieved from /home/airflow/.local/lib/python3.12/site-packages/airflow/example_dags/example_branch_day_of_week_operator.py
[2024-10-22T05:18:34.426+0000] {logging_mixin.py:190} INFO - [2024-10-22T05:18:34.426+0000] {dag.py:3239} INFO - Sync 1 DAGs
[2024-10-22T05:18:34.550+0000] {logging_mixin.py:190} INFO - [2024-10-22T05:18:34.550+0000] {dag.py:4180} INFO - Setting next_dagrun for example_weekday_branch_operator to 2024-10-21 00:00:00+00:00, run_after=2024-10-22 00:00:00+00:00
[2024-10-22T05:18:34.621+0000] {processor.py:208} INFO - Processing /home/airflow/.local/lib/python3.12/site-packages/airflow/example_dags/example_branch_day_of_week_operator.py took 0.293 seconds
[2024-10-22T05:19:05.446+0000] {processor.py:186} INFO - Started process (PID=70209) to work on /home/airflow/.local/lib/python3.12/site-packages/airflow/example_dags/example_branch_day_of_week_operator.py
[2024-10-22T05:19:05.449+0000] {processor.py:914} INFO - Processing file /home/airflow/.local/lib/python3.12/site-packages/airflow/example_dags/example_branch_day_of_week_operator.py for tasks to queue
[2024-10-22T05:19:05.452+0000] {logging_mixin.py:190} INFO - [2024-10-22T05:19:05.451+0000] {dagbag.py:588} INFO - Filling up the DagBag from /home/airflow/.local/lib/python3.12/site-packages/airflow/example_dags/example_branch_day_of_week_operator.py
[2024-10-22T05:19:05.486+0000] {processor.py:925} INFO - DAG(s) 'example_weekday_branch_operator' retrieved from /home/airflow/.local/lib/python3.12/site-packages/airflow/example_dags/example_branch_day_of_week_operator.py
[2024-10-22T05:19:05.548+0000] {logging_mixin.py:190} INFO - [2024-10-22T05:19:05.547+0000] {dag.py:3239} INFO - Sync 1 DAGs
[2024-10-22T05:19:05.689+0000] {logging_mixin.py:190} INFO - [2024-10-22T05:19:05.688+0000] {dag.py:4180} INFO - Setting next_dagrun for example_weekday_branch_operator to 2024-10-21 00:00:00+00:00, run_after=2024-10-22 00:00:00+00:00
[2024-10-22T05:19:05.729+0000] {processor.py:208} INFO - Processing /home/airflow/.local/lib/python3.12/site-packages/airflow/example_dags/example_branch_day_of_week_operator.py took 0.302 seconds
[2024-10-22T05:19:36.586+0000] {processor.py:186} INFO - Started process (PID=70276) to work on /home/airflow/.local/lib/python3.12/site-packages/airflow/example_dags/example_branch_day_of_week_operator.py
[2024-10-22T05:19:36.588+0000] {processor.py:914} INFO - Processing file /home/airflow/.local/lib/python3.12/site-packages/airflow/example_dags/example_branch_day_of_week_operator.py for tasks to queue
[2024-10-22T05:19:36.591+0000] {logging_mixin.py:190} INFO - [2024-10-22T05:19:36.590+0000] {dagbag.py:588} INFO - Filling up the DagBag from /home/airflow/.local/lib/python3.12/site-packages/airflow/example_dags/example_branch_day_of_week_operator.py
[2024-10-22T05:19:36.610+0000] {processor.py:925} INFO - DAG(s) 'example_weekday_branch_operator' retrieved from /home/airflow/.local/lib/python3.12/site-packages/airflow/example_dags/example_branch_day_of_week_operator.py
[2024-10-22T05:19:36.663+0000] {logging_mixin.py:190} INFO - [2024-10-22T05:19:36.662+0000] {dag.py:3239} INFO - Sync 1 DAGs
[2024-10-22T05:19:36.736+0000] {logging_mixin.py:190} INFO - [2024-10-22T05:19:36.735+0000] {dag.py:4180} INFO - Setting next_dagrun for example_weekday_branch_operator to 2024-10-21 00:00:00+00:00, run_after=2024-10-22 00:00:00+00:00
[2024-10-22T05:19:36.783+0000] {processor.py:208} INFO - Processing /home/airflow/.local/lib/python3.12/site-packages/airflow/example_dags/example_branch_day_of_week_operator.py took 0.214 seconds
[2024-10-22T05:20:07.600+0000] {processor.py:186} INFO - Started process (PID=70343) to work on /home/airflow/.local/lib/python3.12/site-packages/airflow/example_dags/example_branch_day_of_week_operator.py
[2024-10-22T05:20:07.603+0000] {processor.py:914} INFO - Processing file /home/airflow/.local/lib/python3.12/site-packages/airflow/example_dags/example_branch_day_of_week_operator.py for tasks to queue
[2024-10-22T05:20:07.607+0000] {logging_mixin.py:190} INFO - [2024-10-22T05:20:07.606+0000] {dagbag.py:588} INFO - Filling up the DagBag from /home/airflow/.local/lib/python3.12/site-packages/airflow/example_dags/example_branch_day_of_week_operator.py
[2024-10-22T05:20:07.646+0000] {processor.py:925} INFO - DAG(s) 'example_weekday_branch_operator' retrieved from /home/airflow/.local/lib/python3.12/site-packages/airflow/example_dags/example_branch_day_of_week_operator.py
[2024-10-22T05:20:07.701+0000] {logging_mixin.py:190} INFO - [2024-10-22T05:20:07.701+0000] {dag.py:3239} INFO - Sync 1 DAGs
[2024-10-22T05:20:07.763+0000] {logging_mixin.py:190} INFO - [2024-10-22T05:20:07.762+0000] {dag.py:4180} INFO - Setting next_dagrun for example_weekday_branch_operator to 2024-10-21 00:00:00+00:00, run_after=2024-10-22 00:00:00+00:00
[2024-10-22T05:20:07.806+0000] {processor.py:208} INFO - Processing /home/airflow/.local/lib/python3.12/site-packages/airflow/example_dags/example_branch_day_of_week_operator.py took 0.227 seconds
[2024-10-22T05:20:38.316+0000] {processor.py:186} INFO - Started process (PID=70410) to work on /home/airflow/.local/lib/python3.12/site-packages/airflow/example_dags/example_branch_day_of_week_operator.py
[2024-10-22T05:20:38.318+0000] {processor.py:914} INFO - Processing file /home/airflow/.local/lib/python3.12/site-packages/airflow/example_dags/example_branch_day_of_week_operator.py for tasks to queue
[2024-10-22T05:20:38.324+0000] {logging_mixin.py:190} INFO - [2024-10-22T05:20:38.323+0000] {dagbag.py:588} INFO - Filling up the DagBag from /home/airflow/.local/lib/python3.12/site-packages/airflow/example_dags/example_branch_day_of_week_operator.py
[2024-10-22T05:20:38.344+0000] {processor.py:925} INFO - DAG(s) 'example_weekday_branch_operator' retrieved from /home/airflow/.local/lib/python3.12/site-packages/airflow/example_dags/example_branch_day_of_week_operator.py
[2024-10-22T05:20:38.403+0000] {logging_mixin.py:190} INFO - [2024-10-22T05:20:38.403+0000] {dag.py:3239} INFO - Sync 1 DAGs
[2024-10-22T05:20:38.503+0000] {logging_mixin.py:190} INFO - [2024-10-22T05:20:38.502+0000] {dag.py:4180} INFO - Setting next_dagrun for example_weekday_branch_operator to 2024-10-21 00:00:00+00:00, run_after=2024-10-22 00:00:00+00:00
[2024-10-22T05:20:38.621+0000] {processor.py:208} INFO - Processing /home/airflow/.local/lib/python3.12/site-packages/airflow/example_dags/example_branch_day_of_week_operator.py took 0.326 seconds
[2024-10-22T05:21:09.508+0000] {processor.py:186} INFO - Started process (PID=70477) to work on /home/airflow/.local/lib/python3.12/site-packages/airflow/example_dags/example_branch_day_of_week_operator.py
[2024-10-22T05:21:09.511+0000] {processor.py:914} INFO - Processing file /home/airflow/.local/lib/python3.12/site-packages/airflow/example_dags/example_branch_day_of_week_operator.py for tasks to queue
[2024-10-22T05:21:09.515+0000] {logging_mixin.py:190} INFO - [2024-10-22T05:21:09.514+0000] {dagbag.py:588} INFO - Filling up the DagBag from /home/airflow/.local/lib/python3.12/site-packages/airflow/example_dags/example_branch_day_of_week_operator.py
[2024-10-22T05:21:09.535+0000] {processor.py:925} INFO - DAG(s) 'example_weekday_branch_operator' retrieved from /home/airflow/.local/lib/python3.12/site-packages/airflow/example_dags/example_branch_day_of_week_operator.py
[2024-10-22T05:21:09.602+0000] {logging_mixin.py:190} INFO - [2024-10-22T05:21:09.601+0000] {dag.py:3239} INFO - Sync 1 DAGs
[2024-10-22T05:21:09.706+0000] {logging_mixin.py:190} INFO - [2024-10-22T05:21:09.705+0000] {dag.py:4180} INFO - Setting next_dagrun for example_weekday_branch_operator to 2024-10-21 00:00:00+00:00, run_after=2024-10-22 00:00:00+00:00
[2024-10-22T05:21:09.753+0000] {processor.py:208} INFO - Processing /home/airflow/.local/lib/python3.12/site-packages/airflow/example_dags/example_branch_day_of_week_operator.py took 0.264 seconds
[2024-10-22T05:21:40.740+0000] {processor.py:186} INFO - Started process (PID=70543) to work on /home/airflow/.local/lib/python3.12/site-packages/airflow/example_dags/example_branch_day_of_week_operator.py
[2024-10-22T05:21:40.742+0000] {processor.py:914} INFO - Processing file /home/airflow/.local/lib/python3.12/site-packages/airflow/example_dags/example_branch_day_of_week_operator.py for tasks to queue
[2024-10-22T05:21:40.747+0000] {logging_mixin.py:190} INFO - [2024-10-22T05:21:40.745+0000] {dagbag.py:588} INFO - Filling up the DagBag from /home/airflow/.local/lib/python3.12/site-packages/airflow/example_dags/example_branch_day_of_week_operator.py
[2024-10-22T05:21:40.764+0000] {processor.py:925} INFO - DAG(s) 'example_weekday_branch_operator' retrieved from /home/airflow/.local/lib/python3.12/site-packages/airflow/example_dags/example_branch_day_of_week_operator.py
[2024-10-22T05:21:40.820+0000] {logging_mixin.py:190} INFO - [2024-10-22T05:21:40.819+0000] {dag.py:3239} INFO - Sync 1 DAGs
[2024-10-22T05:21:40.889+0000] {logging_mixin.py:190} INFO - [2024-10-22T05:21:40.888+0000] {dag.py:4180} INFO - Setting next_dagrun for example_weekday_branch_operator to 2024-10-21 00:00:00+00:00, run_after=2024-10-22 00:00:00+00:00
[2024-10-22T05:21:40.930+0000] {processor.py:208} INFO - Processing /home/airflow/.local/lib/python3.12/site-packages/airflow/example_dags/example_branch_day_of_week_operator.py took 0.252 seconds
[2024-10-22T05:22:11.560+0000] {processor.py:186} INFO - Started process (PID=70611) to work on /home/airflow/.local/lib/python3.12/site-packages/airflow/example_dags/example_branch_day_of_week_operator.py
[2024-10-22T05:22:11.562+0000] {processor.py:914} INFO - Processing file /home/airflow/.local/lib/python3.12/site-packages/airflow/example_dags/example_branch_day_of_week_operator.py for tasks to queue
[2024-10-22T05:22:11.565+0000] {logging_mixin.py:190} INFO - [2024-10-22T05:22:11.565+0000] {dagbag.py:588} INFO - Filling up the DagBag from /home/airflow/.local/lib/python3.12/site-packages/airflow/example_dags/example_branch_day_of_week_operator.py
[2024-10-22T05:22:11.589+0000] {processor.py:925} INFO - DAG(s) 'example_weekday_branch_operator' retrieved from /home/airflow/.local/lib/python3.12/site-packages/airflow/example_dags/example_branch_day_of_week_operator.py
[2024-10-22T05:22:11.650+0000] {logging_mixin.py:190} INFO - [2024-10-22T05:22:11.650+0000] {dag.py:3239} INFO - Sync 1 DAGs
[2024-10-22T05:22:11.708+0000] {logging_mixin.py:190} INFO - [2024-10-22T05:22:11.708+0000] {dag.py:4180} INFO - Setting next_dagrun for example_weekday_branch_operator to 2024-10-21 00:00:00+00:00, run_after=2024-10-22 00:00:00+00:00
[2024-10-22T05:22:11.746+0000] {processor.py:208} INFO - Processing /home/airflow/.local/lib/python3.12/site-packages/airflow/example_dags/example_branch_day_of_week_operator.py took 0.203 seconds
[2024-10-22T05:22:41.895+0000] {processor.py:186} INFO - Started process (PID=70677) to work on /home/airflow/.local/lib/python3.12/site-packages/airflow/example_dags/example_branch_day_of_week_operator.py
[2024-10-22T05:22:41.897+0000] {processor.py:914} INFO - Processing file /home/airflow/.local/lib/python3.12/site-packages/airflow/example_dags/example_branch_day_of_week_operator.py for tasks to queue
[2024-10-22T05:22:41.900+0000] {logging_mixin.py:190} INFO - [2024-10-22T05:22:41.899+0000] {dagbag.py:588} INFO - Filling up the DagBag from /home/airflow/.local/lib/python3.12/site-packages/airflow/example_dags/example_branch_day_of_week_operator.py
[2024-10-22T05:22:41.922+0000] {processor.py:925} INFO - DAG(s) 'example_weekday_branch_operator' retrieved from /home/airflow/.local/lib/python3.12/site-packages/airflow/example_dags/example_branch_day_of_week_operator.py
[2024-10-22T05:22:41.976+0000] {logging_mixin.py:190} INFO - [2024-10-22T05:22:41.976+0000] {dag.py:3239} INFO - Sync 1 DAGs
[2024-10-22T05:22:42.040+0000] {logging_mixin.py:190} INFO - [2024-10-22T05:22:42.039+0000] {dag.py:4180} INFO - Setting next_dagrun for example_weekday_branch_operator to 2024-10-21 00:00:00+00:00, run_after=2024-10-22 00:00:00+00:00
[2024-10-22T05:22:42.082+0000] {processor.py:208} INFO - Processing /home/airflow/.local/lib/python3.12/site-packages/airflow/example_dags/example_branch_day_of_week_operator.py took 0.202 seconds
[2024-10-22T05:23:12.345+0000] {processor.py:186} INFO - Started process (PID=70743) to work on /home/airflow/.local/lib/python3.12/site-packages/airflow/example_dags/example_branch_day_of_week_operator.py
[2024-10-22T05:23:12.348+0000] {processor.py:914} INFO - Processing file /home/airflow/.local/lib/python3.12/site-packages/airflow/example_dags/example_branch_day_of_week_operator.py for tasks to queue
[2024-10-22T05:23:12.352+0000] {logging_mixin.py:190} INFO - [2024-10-22T05:23:12.351+0000] {dagbag.py:588} INFO - Filling up the DagBag from /home/airflow/.local/lib/python3.12/site-packages/airflow/example_dags/example_branch_day_of_week_operator.py
[2024-10-22T05:23:12.372+0000] {processor.py:925} INFO - DAG(s) 'example_weekday_branch_operator' retrieved from /home/airflow/.local/lib/python3.12/site-packages/airflow/example_dags/example_branch_day_of_week_operator.py
[2024-10-22T05:23:12.430+0000] {logging_mixin.py:190} INFO - [2024-10-22T05:23:12.429+0000] {dag.py:3239} INFO - Sync 1 DAGs
[2024-10-22T05:23:12.548+0000] {logging_mixin.py:190} INFO - [2024-10-22T05:23:12.525+0000] {dag.py:4180} INFO - Setting next_dagrun for example_weekday_branch_operator to 2024-10-21 00:00:00+00:00, run_after=2024-10-22 00:00:00+00:00
[2024-10-22T05:23:12.588+0000] {processor.py:208} INFO - Processing /home/airflow/.local/lib/python3.12/site-packages/airflow/example_dags/example_branch_day_of_week_operator.py took 0.264 seconds
[2024-10-22T05:23:42.910+0000] {processor.py:186} INFO - Started process (PID=70810) to work on /home/airflow/.local/lib/python3.12/site-packages/airflow/example_dags/example_branch_day_of_week_operator.py
[2024-10-22T05:23:42.913+0000] {processor.py:914} INFO - Processing file /home/airflow/.local/lib/python3.12/site-packages/airflow/example_dags/example_branch_day_of_week_operator.py for tasks to queue
[2024-10-22T05:23:42.919+0000] {logging_mixin.py:190} INFO - [2024-10-22T05:23:42.917+0000] {dagbag.py:588} INFO - Filling up the DagBag from /home/airflow/.local/lib/python3.12/site-packages/airflow/example_dags/example_branch_day_of_week_operator.py
[2024-10-22T05:23:42.940+0000] {processor.py:925} INFO - DAG(s) 'example_weekday_branch_operator' retrieved from /home/airflow/.local/lib/python3.12/site-packages/airflow/example_dags/example_branch_day_of_week_operator.py
[2024-10-22T05:23:42.995+0000] {logging_mixin.py:190} INFO - [2024-10-22T05:23:42.995+0000] {dag.py:3239} INFO - Sync 1 DAGs
[2024-10-22T05:23:43.062+0000] {logging_mixin.py:190} INFO - [2024-10-22T05:23:43.061+0000] {dag.py:4180} INFO - Setting next_dagrun for example_weekday_branch_operator to 2024-10-21 00:00:00+00:00, run_after=2024-10-22 00:00:00+00:00
[2024-10-22T05:23:43.152+0000] {processor.py:208} INFO - Processing /home/airflow/.local/lib/python3.12/site-packages/airflow/example_dags/example_branch_day_of_week_operator.py took 0.269 seconds
[2024-10-22T05:24:13.762+0000] {processor.py:186} INFO - Started process (PID=70877) to work on /home/airflow/.local/lib/python3.12/site-packages/airflow/example_dags/example_branch_day_of_week_operator.py
[2024-10-22T05:24:13.764+0000] {processor.py:914} INFO - Processing file /home/airflow/.local/lib/python3.12/site-packages/airflow/example_dags/example_branch_day_of_week_operator.py for tasks to queue
[2024-10-22T05:24:13.767+0000] {logging_mixin.py:190} INFO - [2024-10-22T05:24:13.766+0000] {dagbag.py:588} INFO - Filling up the DagBag from /home/airflow/.local/lib/python3.12/site-packages/airflow/example_dags/example_branch_day_of_week_operator.py
[2024-10-22T05:24:13.784+0000] {processor.py:925} INFO - DAG(s) 'example_weekday_branch_operator' retrieved from /home/airflow/.local/lib/python3.12/site-packages/airflow/example_dags/example_branch_day_of_week_operator.py
[2024-10-22T05:24:13.858+0000] {logging_mixin.py:190} INFO - [2024-10-22T05:24:13.857+0000] {dag.py:3239} INFO - Sync 1 DAGs
[2024-10-22T05:24:13.912+0000] {logging_mixin.py:190} INFO - [2024-10-22T05:24:13.912+0000] {dag.py:4180} INFO - Setting next_dagrun for example_weekday_branch_operator to 2024-10-21 00:00:00+00:00, run_after=2024-10-22 00:00:00+00:00
[2024-10-22T05:24:13.945+0000] {processor.py:208} INFO - Processing /home/airflow/.local/lib/python3.12/site-packages/airflow/example_dags/example_branch_day_of_week_operator.py took 0.196 seconds
[2024-10-22T05:24:44.530+0000] {processor.py:186} INFO - Started process (PID=70944) to work on /home/airflow/.local/lib/python3.12/site-packages/airflow/example_dags/example_branch_day_of_week_operator.py
[2024-10-22T05:24:44.532+0000] {processor.py:914} INFO - Processing file /home/airflow/.local/lib/python3.12/site-packages/airflow/example_dags/example_branch_day_of_week_operator.py for tasks to queue
[2024-10-22T05:24:44.534+0000] {logging_mixin.py:190} INFO - [2024-10-22T05:24:44.533+0000] {dagbag.py:588} INFO - Filling up the DagBag from /home/airflow/.local/lib/python3.12/site-packages/airflow/example_dags/example_branch_day_of_week_operator.py
[2024-10-22T05:24:44.551+0000] {processor.py:925} INFO - DAG(s) 'example_weekday_branch_operator' retrieved from /home/airflow/.local/lib/python3.12/site-packages/airflow/example_dags/example_branch_day_of_week_operator.py
[2024-10-22T05:24:44.597+0000] {logging_mixin.py:190} INFO - [2024-10-22T05:24:44.596+0000] {dag.py:3239} INFO - Sync 1 DAGs
[2024-10-22T05:24:44.654+0000] {logging_mixin.py:190} INFO - [2024-10-22T05:24:44.654+0000] {dag.py:4180} INFO - Setting next_dagrun for example_weekday_branch_operator to 2024-10-21 00:00:00+00:00, run_after=2024-10-22 00:00:00+00:00
[2024-10-22T05:24:44.684+0000] {processor.py:208} INFO - Processing /home/airflow/.local/lib/python3.12/site-packages/airflow/example_dags/example_branch_day_of_week_operator.py took 0.165 seconds
[2024-10-22T05:25:14.954+0000] {processor.py:186} INFO - Started process (PID=71011) to work on /home/airflow/.local/lib/python3.12/site-packages/airflow/example_dags/example_branch_day_of_week_operator.py
[2024-10-22T05:25:14.956+0000] {processor.py:914} INFO - Processing file /home/airflow/.local/lib/python3.12/site-packages/airflow/example_dags/example_branch_day_of_week_operator.py for tasks to queue
[2024-10-22T05:25:14.959+0000] {logging_mixin.py:190} INFO - [2024-10-22T05:25:14.958+0000] {dagbag.py:588} INFO - Filling up the DagBag from /home/airflow/.local/lib/python3.12/site-packages/airflow/example_dags/example_branch_day_of_week_operator.py
[2024-10-22T05:25:14.976+0000] {processor.py:925} INFO - DAG(s) 'example_weekday_branch_operator' retrieved from /home/airflow/.local/lib/python3.12/site-packages/airflow/example_dags/example_branch_day_of_week_operator.py
[2024-10-22T05:25:15.025+0000] {logging_mixin.py:190} INFO - [2024-10-22T05:25:15.025+0000] {dag.py:3239} INFO - Sync 1 DAGs
[2024-10-22T05:25:15.074+0000] {logging_mixin.py:190} INFO - [2024-10-22T05:25:15.073+0000] {dag.py:4180} INFO - Setting next_dagrun for example_weekday_branch_operator to 2024-10-21 00:00:00+00:00, run_after=2024-10-22 00:00:00+00:00
[2024-10-22T05:25:15.165+0000] {processor.py:208} INFO - Processing /home/airflow/.local/lib/python3.12/site-packages/airflow/example_dags/example_branch_day_of_week_operator.py took 0.234 seconds
[2024-10-22T05:25:45.787+0000] {processor.py:186} INFO - Started process (PID=71078) to work on /home/airflow/.local/lib/python3.12/site-packages/airflow/example_dags/example_branch_day_of_week_operator.py
[2024-10-22T05:25:45.789+0000] {processor.py:914} INFO - Processing file /home/airflow/.local/lib/python3.12/site-packages/airflow/example_dags/example_branch_day_of_week_operator.py for tasks to queue
[2024-10-22T05:25:45.792+0000] {logging_mixin.py:190} INFO - [2024-10-22T05:25:45.791+0000] {dagbag.py:588} INFO - Filling up the DagBag from /home/airflow/.local/lib/python3.12/site-packages/airflow/example_dags/example_branch_day_of_week_operator.py
[2024-10-22T05:25:45.808+0000] {processor.py:925} INFO - DAG(s) 'example_weekday_branch_operator' retrieved from /home/airflow/.local/lib/python3.12/site-packages/airflow/example_dags/example_branch_day_of_week_operator.py
[2024-10-22T05:25:45.856+0000] {logging_mixin.py:190} INFO - [2024-10-22T05:25:45.856+0000] {dag.py:3239} INFO - Sync 1 DAGs
[2024-10-22T05:25:45.904+0000] {logging_mixin.py:190} INFO - [2024-10-22T05:25:45.903+0000] {dag.py:4180} INFO - Setting next_dagrun for example_weekday_branch_operator to 2024-10-21 00:00:00+00:00, run_after=2024-10-22 00:00:00+00:00
[2024-10-22T05:25:45.979+0000] {processor.py:208} INFO - Processing /home/airflow/.local/lib/python3.12/site-packages/airflow/example_dags/example_branch_day_of_week_operator.py took 0.205 seconds
[2024-10-22T05:26:16.135+0000] {processor.py:186} INFO - Started process (PID=71145) to work on /home/airflow/.local/lib/python3.12/site-packages/airflow/example_dags/example_branch_day_of_week_operator.py
[2024-10-22T05:26:16.137+0000] {processor.py:914} INFO - Processing file /home/airflow/.local/lib/python3.12/site-packages/airflow/example_dags/example_branch_day_of_week_operator.py for tasks to queue
[2024-10-22T05:26:16.139+0000] {logging_mixin.py:190} INFO - [2024-10-22T05:26:16.139+0000] {dagbag.py:588} INFO - Filling up the DagBag from /home/airflow/.local/lib/python3.12/site-packages/airflow/example_dags/example_branch_day_of_week_operator.py
[2024-10-22T05:26:16.158+0000] {processor.py:925} INFO - DAG(s) 'example_weekday_branch_operator' retrieved from /home/airflow/.local/lib/python3.12/site-packages/airflow/example_dags/example_branch_day_of_week_operator.py
[2024-10-22T05:26:16.206+0000] {logging_mixin.py:190} INFO - [2024-10-22T05:26:16.205+0000] {dag.py:3239} INFO - Sync 1 DAGs
[2024-10-22T05:26:16.273+0000] {logging_mixin.py:190} INFO - [2024-10-22T05:26:16.272+0000] {dag.py:4180} INFO - Setting next_dagrun for example_weekday_branch_operator to 2024-10-21 00:00:00+00:00, run_after=2024-10-22 00:00:00+00:00
[2024-10-22T05:26:16.321+0000] {processor.py:208} INFO - Processing /home/airflow/.local/lib/python3.12/site-packages/airflow/example_dags/example_branch_day_of_week_operator.py took 0.203 seconds
[2024-10-22T05:26:46.615+0000] {processor.py:186} INFO - Started process (PID=71212) to work on /home/airflow/.local/lib/python3.12/site-packages/airflow/example_dags/example_branch_day_of_week_operator.py
[2024-10-22T05:26:46.617+0000] {processor.py:914} INFO - Processing file /home/airflow/.local/lib/python3.12/site-packages/airflow/example_dags/example_branch_day_of_week_operator.py for tasks to queue
[2024-10-22T05:26:46.620+0000] {logging_mixin.py:190} INFO - [2024-10-22T05:26:46.619+0000] {dagbag.py:588} INFO - Filling up the DagBag from /home/airflow/.local/lib/python3.12/site-packages/airflow/example_dags/example_branch_day_of_week_operator.py
[2024-10-22T05:26:46.639+0000] {processor.py:925} INFO - DAG(s) 'example_weekday_branch_operator' retrieved from /home/airflow/.local/lib/python3.12/site-packages/airflow/example_dags/example_branch_day_of_week_operator.py
[2024-10-22T05:26:46.728+0000] {logging_mixin.py:190} INFO - [2024-10-22T05:26:46.727+0000] {dag.py:3239} INFO - Sync 1 DAGs
[2024-10-22T05:26:46.835+0000] {logging_mixin.py:190} INFO - [2024-10-22T05:26:46.834+0000] {dag.py:4180} INFO - Setting next_dagrun for example_weekday_branch_operator to 2024-10-21 00:00:00+00:00, run_after=2024-10-22 00:00:00+00:00
[2024-10-22T05:26:46.870+0000] {processor.py:208} INFO - Processing /home/airflow/.local/lib/python3.12/site-packages/airflow/example_dags/example_branch_day_of_week_operator.py took 0.269 seconds
[2024-10-22T05:27:17.434+0000] {processor.py:186} INFO - Started process (PID=71279) to work on /home/airflow/.local/lib/python3.12/site-packages/airflow/example_dags/example_branch_day_of_week_operator.py
[2024-10-22T05:27:17.436+0000] {processor.py:914} INFO - Processing file /home/airflow/.local/lib/python3.12/site-packages/airflow/example_dags/example_branch_day_of_week_operator.py for tasks to queue
[2024-10-22T05:27:17.438+0000] {logging_mixin.py:190} INFO - [2024-10-22T05:27:17.438+0000] {dagbag.py:588} INFO - Filling up the DagBag from /home/airflow/.local/lib/python3.12/site-packages/airflow/example_dags/example_branch_day_of_week_operator.py
[2024-10-22T05:27:17.454+0000] {processor.py:925} INFO - DAG(s) 'example_weekday_branch_operator' retrieved from /home/airflow/.local/lib/python3.12/site-packages/airflow/example_dags/example_branch_day_of_week_operator.py
[2024-10-22T05:27:17.505+0000] {logging_mixin.py:190} INFO - [2024-10-22T05:27:17.505+0000] {dag.py:3239} INFO - Sync 1 DAGs
[2024-10-22T05:27:17.558+0000] {logging_mixin.py:190} INFO - [2024-10-22T05:27:17.558+0000] {dag.py:4180} INFO - Setting next_dagrun for example_weekday_branch_operator to 2024-10-21 00:00:00+00:00, run_after=2024-10-22 00:00:00+00:00
[2024-10-22T05:27:17.632+0000] {processor.py:208} INFO - Processing /home/airflow/.local/lib/python3.12/site-packages/airflow/example_dags/example_branch_day_of_week_operator.py took 0.211 seconds
[2024-10-22T05:27:48.334+0000] {processor.py:186} INFO - Started process (PID=71346) to work on /home/airflow/.local/lib/python3.12/site-packages/airflow/example_dags/example_branch_day_of_week_operator.py
[2024-10-22T05:27:48.336+0000] {processor.py:914} INFO - Processing file /home/airflow/.local/lib/python3.12/site-packages/airflow/example_dags/example_branch_day_of_week_operator.py for tasks to queue
[2024-10-22T05:27:48.338+0000] {logging_mixin.py:190} INFO - [2024-10-22T05:27:48.337+0000] {dagbag.py:588} INFO - Filling up the DagBag from /home/airflow/.local/lib/python3.12/site-packages/airflow/example_dags/example_branch_day_of_week_operator.py
[2024-10-22T05:27:48.351+0000] {processor.py:925} INFO - DAG(s) 'example_weekday_branch_operator' retrieved from /home/airflow/.local/lib/python3.12/site-packages/airflow/example_dags/example_branch_day_of_week_operator.py
[2024-10-22T05:27:48.446+0000] {logging_mixin.py:190} INFO - [2024-10-22T05:27:48.445+0000] {dag.py:3239} INFO - Sync 1 DAGs
[2024-10-22T05:27:48.501+0000] {logging_mixin.py:190} INFO - [2024-10-22T05:27:48.501+0000] {dag.py:4180} INFO - Setting next_dagrun for example_weekday_branch_operator to 2024-10-21 00:00:00+00:00, run_after=2024-10-22 00:00:00+00:00
[2024-10-22T05:27:48.534+0000] {processor.py:208} INFO - Processing /home/airflow/.local/lib/python3.12/site-packages/airflow/example_dags/example_branch_day_of_week_operator.py took 0.212 seconds
[2024-10-22T05:28:18.976+0000] {processor.py:186} INFO - Started process (PID=71413) to work on /home/airflow/.local/lib/python3.12/site-packages/airflow/example_dags/example_branch_day_of_week_operator.py
[2024-10-22T05:28:18.977+0000] {processor.py:914} INFO - Processing file /home/airflow/.local/lib/python3.12/site-packages/airflow/example_dags/example_branch_day_of_week_operator.py for tasks to queue
[2024-10-22T05:28:18.980+0000] {logging_mixin.py:190} INFO - [2024-10-22T05:28:18.979+0000] {dagbag.py:588} INFO - Filling up the DagBag from /home/airflow/.local/lib/python3.12/site-packages/airflow/example_dags/example_branch_day_of_week_operator.py
[2024-10-22T05:28:18.994+0000] {processor.py:925} INFO - DAG(s) 'example_weekday_branch_operator' retrieved from /home/airflow/.local/lib/python3.12/site-packages/airflow/example_dags/example_branch_day_of_week_operator.py
[2024-10-22T05:28:19.043+0000] {logging_mixin.py:190} INFO - [2024-10-22T05:28:19.042+0000] {dag.py:3239} INFO - Sync 1 DAGs
[2024-10-22T05:28:19.117+0000] {logging_mixin.py:190} INFO - [2024-10-22T05:28:19.116+0000] {dag.py:4180} INFO - Setting next_dagrun for example_weekday_branch_operator to 2024-10-21 00:00:00+00:00, run_after=2024-10-22 00:00:00+00:00
[2024-10-22T05:28:19.163+0000] {processor.py:208} INFO - Processing /home/airflow/.local/lib/python3.12/site-packages/airflow/example_dags/example_branch_day_of_week_operator.py took 0.201 seconds
[2024-10-22T05:28:49.661+0000] {processor.py:186} INFO - Started process (PID=71487) to work on /home/airflow/.local/lib/python3.12/site-packages/airflow/example_dags/example_branch_day_of_week_operator.py
[2024-10-22T05:28:49.663+0000] {processor.py:914} INFO - Processing file /home/airflow/.local/lib/python3.12/site-packages/airflow/example_dags/example_branch_day_of_week_operator.py for tasks to queue
[2024-10-22T05:28:49.666+0000] {logging_mixin.py:190} INFO - [2024-10-22T05:28:49.665+0000] {dagbag.py:588} INFO - Filling up the DagBag from /home/airflow/.local/lib/python3.12/site-packages/airflow/example_dags/example_branch_day_of_week_operator.py
[2024-10-22T05:28:49.697+0000] {processor.py:925} INFO - DAG(s) 'example_weekday_branch_operator' retrieved from /home/airflow/.local/lib/python3.12/site-packages/airflow/example_dags/example_branch_day_of_week_operator.py
[2024-10-22T05:28:49.747+0000] {logging_mixin.py:190} INFO - [2024-10-22T05:28:49.746+0000] {dag.py:3239} INFO - Sync 1 DAGs
[2024-10-22T05:28:49.791+0000] {logging_mixin.py:190} INFO - [2024-10-22T05:28:49.791+0000] {dag.py:4180} INFO - Setting next_dagrun for example_weekday_branch_operator to 2024-10-21 00:00:00+00:00, run_after=2024-10-22 00:00:00+00:00
[2024-10-22T05:28:49.827+0000] {processor.py:208} INFO - Processing /home/airflow/.local/lib/python3.12/site-packages/airflow/example_dags/example_branch_day_of_week_operator.py took 0.178 seconds
[2024-10-22T05:29:20.338+0000] {processor.py:186} INFO - Started process (PID=71554) to work on /home/airflow/.local/lib/python3.12/site-packages/airflow/example_dags/example_branch_day_of_week_operator.py
[2024-10-22T05:29:20.339+0000] {processor.py:914} INFO - Processing file /home/airflow/.local/lib/python3.12/site-packages/airflow/example_dags/example_branch_day_of_week_operator.py for tasks to queue
[2024-10-22T05:29:20.343+0000] {logging_mixin.py:190} INFO - [2024-10-22T05:29:20.342+0000] {dagbag.py:588} INFO - Filling up the DagBag from /home/airflow/.local/lib/python3.12/site-packages/airflow/example_dags/example_branch_day_of_week_operator.py
[2024-10-22T05:29:20.359+0000] {processor.py:925} INFO - DAG(s) 'example_weekday_branch_operator' retrieved from /home/airflow/.local/lib/python3.12/site-packages/airflow/example_dags/example_branch_day_of_week_operator.py
[2024-10-22T05:29:20.477+0000] {logging_mixin.py:190} INFO - [2024-10-22T05:29:20.477+0000] {dag.py:3239} INFO - Sync 1 DAGs
[2024-10-22T05:29:20.537+0000] {logging_mixin.py:190} INFO - [2024-10-22T05:29:20.537+0000] {dag.py:4180} INFO - Setting next_dagrun for example_weekday_branch_operator to 2024-10-21 00:00:00+00:00, run_after=2024-10-22 00:00:00+00:00
[2024-10-22T05:29:20.569+0000] {processor.py:208} INFO - Processing /home/airflow/.local/lib/python3.12/site-packages/airflow/example_dags/example_branch_day_of_week_operator.py took 0.247 seconds
[2024-10-22T05:29:51.071+0000] {processor.py:186} INFO - Started process (PID=71621) to work on /home/airflow/.local/lib/python3.12/site-packages/airflow/example_dags/example_branch_day_of_week_operator.py
[2024-10-22T05:29:51.073+0000] {processor.py:914} INFO - Processing file /home/airflow/.local/lib/python3.12/site-packages/airflow/example_dags/example_branch_day_of_week_operator.py for tasks to queue
[2024-10-22T05:29:51.075+0000] {logging_mixin.py:190} INFO - [2024-10-22T05:29:51.074+0000] {dagbag.py:588} INFO - Filling up the DagBag from /home/airflow/.local/lib/python3.12/site-packages/airflow/example_dags/example_branch_day_of_week_operator.py
[2024-10-22T05:29:51.091+0000] {processor.py:925} INFO - DAG(s) 'example_weekday_branch_operator' retrieved from /home/airflow/.local/lib/python3.12/site-packages/airflow/example_dags/example_branch_day_of_week_operator.py
[2024-10-22T05:29:51.141+0000] {logging_mixin.py:190} INFO - [2024-10-22T05:29:51.141+0000] {dag.py:3239} INFO - Sync 1 DAGs
[2024-10-22T05:29:51.198+0000] {logging_mixin.py:190} INFO - [2024-10-22T05:29:51.198+0000] {dag.py:4180} INFO - Setting next_dagrun for example_weekday_branch_operator to 2024-10-21 00:00:00+00:00, run_after=2024-10-22 00:00:00+00:00
[2024-10-22T05:29:51.228+0000] {processor.py:208} INFO - Processing /home/airflow/.local/lib/python3.12/site-packages/airflow/example_dags/example_branch_day_of_week_operator.py took 0.168 seconds
[2024-10-22T05:30:21.644+0000] {processor.py:186} INFO - Started process (PID=71688) to work on /home/airflow/.local/lib/python3.12/site-packages/airflow/example_dags/example_branch_day_of_week_operator.py
[2024-10-22T05:30:21.646+0000] {processor.py:914} INFO - Processing file /home/airflow/.local/lib/python3.12/site-packages/airflow/example_dags/example_branch_day_of_week_operator.py for tasks to queue
[2024-10-22T05:30:21.648+0000] {logging_mixin.py:190} INFO - [2024-10-22T05:30:21.647+0000] {dagbag.py:588} INFO - Filling up the DagBag from /home/airflow/.local/lib/python3.12/site-packages/airflow/example_dags/example_branch_day_of_week_operator.py
[2024-10-22T05:30:21.665+0000] {processor.py:925} INFO - DAG(s) 'example_weekday_branch_operator' retrieved from /home/airflow/.local/lib/python3.12/site-packages/airflow/example_dags/example_branch_day_of_week_operator.py
[2024-10-22T05:30:21.713+0000] {logging_mixin.py:190} INFO - [2024-10-22T05:30:21.713+0000] {dag.py:3239} INFO - Sync 1 DAGs
[2024-10-22T05:30:21.769+0000] {logging_mixin.py:190} INFO - [2024-10-22T05:30:21.768+0000] {dag.py:4180} INFO - Setting next_dagrun for example_weekday_branch_operator to 2024-10-21 00:00:00+00:00, run_after=2024-10-22 00:00:00+00:00
[2024-10-22T05:30:21.811+0000] {processor.py:208} INFO - Processing /home/airflow/.local/lib/python3.12/site-packages/airflow/example_dags/example_branch_day_of_week_operator.py took 0.179 seconds
[2024-10-22T05:30:51.985+0000] {processor.py:186} INFO - Started process (PID=71755) to work on /home/airflow/.local/lib/python3.12/site-packages/airflow/example_dags/example_branch_day_of_week_operator.py
[2024-10-22T05:30:51.988+0000] {processor.py:914} INFO - Processing file /home/airflow/.local/lib/python3.12/site-packages/airflow/example_dags/example_branch_day_of_week_operator.py for tasks to queue
[2024-10-22T05:30:51.990+0000] {logging_mixin.py:190} INFO - [2024-10-22T05:30:51.990+0000] {dagbag.py:588} INFO - Filling up the DagBag from /home/airflow/.local/lib/python3.12/site-packages/airflow/example_dags/example_branch_day_of_week_operator.py
[2024-10-22T05:30:52.025+0000] {processor.py:925} INFO - DAG(s) 'example_weekday_branch_operator' retrieved from /home/airflow/.local/lib/python3.12/site-packages/airflow/example_dags/example_branch_day_of_week_operator.py
[2024-10-22T05:30:52.065+0000] {logging_mixin.py:190} INFO - [2024-10-22T05:30:52.065+0000] {dag.py:3239} INFO - Sync 1 DAGs
[2024-10-22T05:30:52.111+0000] {logging_mixin.py:190} INFO - [2024-10-22T05:30:52.110+0000] {dag.py:4180} INFO - Setting next_dagrun for example_weekday_branch_operator to 2024-10-21 00:00:00+00:00, run_after=2024-10-22 00:00:00+00:00
[2024-10-22T05:30:52.140+0000] {processor.py:208} INFO - Processing /home/airflow/.local/lib/python3.12/site-packages/airflow/example_dags/example_branch_day_of_week_operator.py took 0.171 seconds
[2024-10-22T05:31:22.303+0000] {processor.py:186} INFO - Started process (PID=71822) to work on /home/airflow/.local/lib/python3.12/site-packages/airflow/example_dags/example_branch_day_of_week_operator.py
[2024-10-22T05:31:22.305+0000] {processor.py:914} INFO - Processing file /home/airflow/.local/lib/python3.12/site-packages/airflow/example_dags/example_branch_day_of_week_operator.py for tasks to queue
[2024-10-22T05:31:22.307+0000] {logging_mixin.py:190} INFO - [2024-10-22T05:31:22.306+0000] {dagbag.py:588} INFO - Filling up the DagBag from /home/airflow/.local/lib/python3.12/site-packages/airflow/example_dags/example_branch_day_of_week_operator.py
[2024-10-22T05:31:22.321+0000] {processor.py:925} INFO - DAG(s) 'example_weekday_branch_operator' retrieved from /home/airflow/.local/lib/python3.12/site-packages/airflow/example_dags/example_branch_day_of_week_operator.py
[2024-10-22T05:31:22.364+0000] {logging_mixin.py:190} INFO - [2024-10-22T05:31:22.363+0000] {dag.py:3239} INFO - Sync 1 DAGs
[2024-10-22T05:31:22.409+0000] {logging_mixin.py:190} INFO - [2024-10-22T05:31:22.409+0000] {dag.py:4180} INFO - Setting next_dagrun for example_weekday_branch_operator to 2024-10-21 00:00:00+00:00, run_after=2024-10-22 00:00:00+00:00
[2024-10-22T05:31:22.447+0000] {processor.py:208} INFO - Processing /home/airflow/.local/lib/python3.12/site-packages/airflow/example_dags/example_branch_day_of_week_operator.py took 0.155 seconds
[2024-10-22T05:31:52.715+0000] {processor.py:186} INFO - Started process (PID=71888) to work on /home/airflow/.local/lib/python3.12/site-packages/airflow/example_dags/example_branch_day_of_week_operator.py
[2024-10-22T05:31:52.717+0000] {processor.py:914} INFO - Processing file /home/airflow/.local/lib/python3.12/site-packages/airflow/example_dags/example_branch_day_of_week_operator.py for tasks to queue
[2024-10-22T05:31:52.719+0000] {logging_mixin.py:190} INFO - [2024-10-22T05:31:52.719+0000] {dagbag.py:588} INFO - Filling up the DagBag from /home/airflow/.local/lib/python3.12/site-packages/airflow/example_dags/example_branch_day_of_week_operator.py
[2024-10-22T05:31:52.733+0000] {processor.py:925} INFO - DAG(s) 'example_weekday_branch_operator' retrieved from /home/airflow/.local/lib/python3.12/site-packages/airflow/example_dags/example_branch_day_of_week_operator.py
[2024-10-22T05:31:52.784+0000] {logging_mixin.py:190} INFO - [2024-10-22T05:31:52.783+0000] {dag.py:3239} INFO - Sync 1 DAGs
[2024-10-22T05:31:52.826+0000] {logging_mixin.py:190} INFO - [2024-10-22T05:31:52.826+0000] {dag.py:4180} INFO - Setting next_dagrun for example_weekday_branch_operator to 2024-10-21 00:00:00+00:00, run_after=2024-10-22 00:00:00+00:00
[2024-10-22T05:31:52.856+0000] {processor.py:208} INFO - Processing /home/airflow/.local/lib/python3.12/site-packages/airflow/example_dags/example_branch_day_of_week_operator.py took 0.155 seconds
[2024-10-22T05:32:23.504+0000] {processor.py:186} INFO - Started process (PID=71954) to work on /home/airflow/.local/lib/python3.12/site-packages/airflow/example_dags/example_branch_day_of_week_operator.py
[2024-10-22T05:32:23.506+0000] {processor.py:914} INFO - Processing file /home/airflow/.local/lib/python3.12/site-packages/airflow/example_dags/example_branch_day_of_week_operator.py for tasks to queue
[2024-10-22T05:32:23.508+0000] {logging_mixin.py:190} INFO - [2024-10-22T05:32:23.507+0000] {dagbag.py:588} INFO - Filling up the DagBag from /home/airflow/.local/lib/python3.12/site-packages/airflow/example_dags/example_branch_day_of_week_operator.py
[2024-10-22T05:32:23.523+0000] {processor.py:925} INFO - DAG(s) 'example_weekday_branch_operator' retrieved from /home/airflow/.local/lib/python3.12/site-packages/airflow/example_dags/example_branch_day_of_week_operator.py
[2024-10-22T05:32:23.563+0000] {logging_mixin.py:190} INFO - [2024-10-22T05:32:23.562+0000] {dag.py:3239} INFO - Sync 1 DAGs
[2024-10-22T05:32:23.605+0000] {logging_mixin.py:190} INFO - [2024-10-22T05:32:23.604+0000] {dag.py:4180} INFO - Setting next_dagrun for example_weekday_branch_operator to 2024-10-21 00:00:00+00:00, run_after=2024-10-22 00:00:00+00:00
[2024-10-22T05:32:23.634+0000] {processor.py:208} INFO - Processing /home/airflow/.local/lib/python3.12/site-packages/airflow/example_dags/example_branch_day_of_week_operator.py took 0.141 seconds
[2024-10-22T05:32:54.082+0000] {processor.py:186} INFO - Started process (PID=72021) to work on /home/airflow/.local/lib/python3.12/site-packages/airflow/example_dags/example_branch_day_of_week_operator.py
[2024-10-22T05:32:54.084+0000] {processor.py:914} INFO - Processing file /home/airflow/.local/lib/python3.12/site-packages/airflow/example_dags/example_branch_day_of_week_operator.py for tasks to queue
[2024-10-22T05:32:54.088+0000] {logging_mixin.py:190} INFO - [2024-10-22T05:32:54.087+0000] {dagbag.py:588} INFO - Filling up the DagBag from /home/airflow/.local/lib/python3.12/site-packages/airflow/example_dags/example_branch_day_of_week_operator.py
[2024-10-22T05:32:54.105+0000] {processor.py:925} INFO - DAG(s) 'example_weekday_branch_operator' retrieved from /home/airflow/.local/lib/python3.12/site-packages/airflow/example_dags/example_branch_day_of_week_operator.py
[2024-10-22T05:32:54.147+0000] {logging_mixin.py:190} INFO - [2024-10-22T05:32:54.146+0000] {dag.py:3239} INFO - Sync 1 DAGs
[2024-10-22T05:32:54.198+0000] {logging_mixin.py:190} INFO - [2024-10-22T05:32:54.197+0000] {dag.py:4180} INFO - Setting next_dagrun for example_weekday_branch_operator to 2024-10-21 00:00:00+00:00, run_after=2024-10-22 00:00:00+00:00
[2024-10-22T05:32:54.225+0000] {processor.py:208} INFO - Processing /home/airflow/.local/lib/python3.12/site-packages/airflow/example_dags/example_branch_day_of_week_operator.py took 0.158 seconds
[2024-10-22T05:33:24.530+0000] {processor.py:186} INFO - Started process (PID=72088) to work on /home/airflow/.local/lib/python3.12/site-packages/airflow/example_dags/example_branch_day_of_week_operator.py
[2024-10-22T05:33:24.531+0000] {processor.py:914} INFO - Processing file /home/airflow/.local/lib/python3.12/site-packages/airflow/example_dags/example_branch_day_of_week_operator.py for tasks to queue
[2024-10-22T05:33:24.550+0000] {logging_mixin.py:190} INFO - [2024-10-22T05:33:24.548+0000] {dagbag.py:588} INFO - Filling up the DagBag from /home/airflow/.local/lib/python3.12/site-packages/airflow/example_dags/example_branch_day_of_week_operator.py
[2024-10-22T05:33:24.570+0000] {processor.py:925} INFO - DAG(s) 'example_weekday_branch_operator' retrieved from /home/airflow/.local/lib/python3.12/site-packages/airflow/example_dags/example_branch_day_of_week_operator.py
[2024-10-22T05:33:24.629+0000] {logging_mixin.py:190} INFO - [2024-10-22T05:33:24.629+0000] {dag.py:3239} INFO - Sync 1 DAGs
[2024-10-22T05:33:24.740+0000] {logging_mixin.py:190} INFO - [2024-10-22T05:33:24.739+0000] {dag.py:4180} INFO - Setting next_dagrun for example_weekday_branch_operator to 2024-10-21 00:00:00+00:00, run_after=2024-10-22 00:00:00+00:00
[2024-10-22T05:33:24.774+0000] {processor.py:208} INFO - Processing /home/airflow/.local/lib/python3.12/site-packages/airflow/example_dags/example_branch_day_of_week_operator.py took 0.268 seconds
[2024-10-22T05:33:55.426+0000] {processor.py:186} INFO - Started process (PID=72153) to work on /home/airflow/.local/lib/python3.12/site-packages/airflow/example_dags/example_branch_day_of_week_operator.py
[2024-10-22T05:33:55.428+0000] {processor.py:914} INFO - Processing file /home/airflow/.local/lib/python3.12/site-packages/airflow/example_dags/example_branch_day_of_week_operator.py for tasks to queue
[2024-10-22T05:33:55.430+0000] {logging_mixin.py:190} INFO - [2024-10-22T05:33:55.429+0000] {dagbag.py:588} INFO - Filling up the DagBag from /home/airflow/.local/lib/python3.12/site-packages/airflow/example_dags/example_branch_day_of_week_operator.py
[2024-10-22T05:33:55.444+0000] {processor.py:925} INFO - DAG(s) 'example_weekday_branch_operator' retrieved from /home/airflow/.local/lib/python3.12/site-packages/airflow/example_dags/example_branch_day_of_week_operator.py
[2024-10-22T05:33:55.489+0000] {logging_mixin.py:190} INFO - [2024-10-22T05:33:55.489+0000] {dag.py:3239} INFO - Sync 1 DAGs
[2024-10-22T05:33:55.532+0000] {logging_mixin.py:190} INFO - [2024-10-22T05:33:55.532+0000] {dag.py:4180} INFO - Setting next_dagrun for example_weekday_branch_operator to 2024-10-21 00:00:00+00:00, run_after=2024-10-22 00:00:00+00:00
[2024-10-22T05:33:55.563+0000] {processor.py:208} INFO - Processing /home/airflow/.local/lib/python3.12/site-packages/airflow/example_dags/example_branch_day_of_week_operator.py took 0.150 seconds
[2024-10-22T05:34:26.081+0000] {processor.py:186} INFO - Started process (PID=72220) to work on /home/airflow/.local/lib/python3.12/site-packages/airflow/example_dags/example_branch_day_of_week_operator.py
[2024-10-22T05:34:26.083+0000] {processor.py:914} INFO - Processing file /home/airflow/.local/lib/python3.12/site-packages/airflow/example_dags/example_branch_day_of_week_operator.py for tasks to queue
[2024-10-22T05:34:26.085+0000] {logging_mixin.py:190} INFO - [2024-10-22T05:34:26.084+0000] {dagbag.py:588} INFO - Filling up the DagBag from /home/airflow/.local/lib/python3.12/site-packages/airflow/example_dags/example_branch_day_of_week_operator.py
[2024-10-22T05:34:26.099+0000] {processor.py:925} INFO - DAG(s) 'example_weekday_branch_operator' retrieved from /home/airflow/.local/lib/python3.12/site-packages/airflow/example_dags/example_branch_day_of_week_operator.py
[2024-10-22T05:34:26.139+0000] {logging_mixin.py:190} INFO - [2024-10-22T05:34:26.138+0000] {dag.py:3239} INFO - Sync 1 DAGs
[2024-10-22T05:34:26.182+0000] {logging_mixin.py:190} INFO - [2024-10-22T05:34:26.182+0000] {dag.py:4180} INFO - Setting next_dagrun for example_weekday_branch_operator to 2024-10-21 00:00:00+00:00, run_after=2024-10-22 00:00:00+00:00
[2024-10-22T05:34:26.219+0000] {processor.py:208} INFO - Processing /home/airflow/.local/lib/python3.12/site-packages/airflow/example_dags/example_branch_day_of_week_operator.py took 0.155 seconds
[2024-10-22T05:34:57.238+0000] {processor.py:186} INFO - Started process (PID=72286) to work on /home/airflow/.local/lib/python3.12/site-packages/airflow/example_dags/example_branch_day_of_week_operator.py
[2024-10-22T05:34:57.240+0000] {processor.py:914} INFO - Processing file /home/airflow/.local/lib/python3.12/site-packages/airflow/example_dags/example_branch_day_of_week_operator.py for tasks to queue
[2024-10-22T05:34:57.242+0000] {logging_mixin.py:190} INFO - [2024-10-22T05:34:57.242+0000] {dagbag.py:588} INFO - Filling up the DagBag from /home/airflow/.local/lib/python3.12/site-packages/airflow/example_dags/example_branch_day_of_week_operator.py
[2024-10-22T05:34:57.256+0000] {processor.py:925} INFO - DAG(s) 'example_weekday_branch_operator' retrieved from /home/airflow/.local/lib/python3.12/site-packages/airflow/example_dags/example_branch_day_of_week_operator.py
[2024-10-22T05:34:57.294+0000] {logging_mixin.py:190} INFO - [2024-10-22T05:34:57.294+0000] {dag.py:3239} INFO - Sync 1 DAGs
[2024-10-22T05:34:57.348+0000] {logging_mixin.py:190} INFO - [2024-10-22T05:34:57.347+0000] {dag.py:4180} INFO - Setting next_dagrun for example_weekday_branch_operator to 2024-10-21 00:00:00+00:00, run_after=2024-10-22 00:00:00+00:00
[2024-10-22T05:34:57.379+0000] {processor.py:208} INFO - Processing /home/airflow/.local/lib/python3.12/site-packages/airflow/example_dags/example_branch_day_of_week_operator.py took 0.155 seconds
[2024-10-22T05:35:27.735+0000] {processor.py:186} INFO - Started process (PID=72353) to work on /home/airflow/.local/lib/python3.12/site-packages/airflow/example_dags/example_branch_day_of_week_operator.py
[2024-10-22T05:35:27.736+0000] {processor.py:914} INFO - Processing file /home/airflow/.local/lib/python3.12/site-packages/airflow/example_dags/example_branch_day_of_week_operator.py for tasks to queue
[2024-10-22T05:35:27.737+0000] {logging_mixin.py:190} INFO - [2024-10-22T05:35:27.737+0000] {dagbag.py:588} INFO - Filling up the DagBag from /home/airflow/.local/lib/python3.12/site-packages/airflow/example_dags/example_branch_day_of_week_operator.py
[2024-10-22T05:35:27.745+0000] {processor.py:925} INFO - DAG(s) 'example_weekday_branch_operator' retrieved from /home/airflow/.local/lib/python3.12/site-packages/airflow/example_dags/example_branch_day_of_week_operator.py
[2024-10-22T05:35:27.771+0000] {logging_mixin.py:190} INFO - [2024-10-22T05:35:27.771+0000] {dag.py:3239} INFO - Sync 1 DAGs
[2024-10-22T05:35:27.797+0000] {logging_mixin.py:190} INFO - [2024-10-22T05:35:27.796+0000] {dag.py:4180} INFO - Setting next_dagrun for example_weekday_branch_operator to 2024-10-21 00:00:00+00:00, run_after=2024-10-22 00:00:00+00:00
[2024-10-22T05:35:27.818+0000] {processor.py:208} INFO - Processing /home/airflow/.local/lib/python3.12/site-packages/airflow/example_dags/example_branch_day_of_week_operator.py took 0.090 seconds
[2024-10-22T05:35:58.270+0000] {processor.py:186} INFO - Started process (PID=72420) to work on /home/airflow/.local/lib/python3.12/site-packages/airflow/example_dags/example_branch_day_of_week_operator.py
[2024-10-22T05:35:58.271+0000] {processor.py:914} INFO - Processing file /home/airflow/.local/lib/python3.12/site-packages/airflow/example_dags/example_branch_day_of_week_operator.py for tasks to queue
[2024-10-22T05:35:58.273+0000] {logging_mixin.py:190} INFO - [2024-10-22T05:35:58.272+0000] {dagbag.py:588} INFO - Filling up the DagBag from /home/airflow/.local/lib/python3.12/site-packages/airflow/example_dags/example_branch_day_of_week_operator.py
[2024-10-22T05:35:58.281+0000] {processor.py:925} INFO - DAG(s) 'example_weekday_branch_operator' retrieved from /home/airflow/.local/lib/python3.12/site-packages/airflow/example_dags/example_branch_day_of_week_operator.py
[2024-10-22T05:35:58.305+0000] {logging_mixin.py:190} INFO - [2024-10-22T05:35:58.305+0000] {dag.py:3239} INFO - Sync 1 DAGs
[2024-10-22T05:35:58.331+0000] {logging_mixin.py:190} INFO - [2024-10-22T05:35:58.331+0000] {dag.py:4180} INFO - Setting next_dagrun for example_weekday_branch_operator to 2024-10-21 00:00:00+00:00, run_after=2024-10-22 00:00:00+00:00
[2024-10-22T05:35:58.348+0000] {processor.py:208} INFO - Processing /home/airflow/.local/lib/python3.12/site-packages/airflow/example_dags/example_branch_day_of_week_operator.py took 0.087 seconds
[2024-10-22T05:36:28.642+0000] {processor.py:186} INFO - Started process (PID=72486) to work on /home/airflow/.local/lib/python3.12/site-packages/airflow/example_dags/example_branch_day_of_week_operator.py
[2024-10-22T05:36:28.643+0000] {processor.py:914} INFO - Processing file /home/airflow/.local/lib/python3.12/site-packages/airflow/example_dags/example_branch_day_of_week_operator.py for tasks to queue
[2024-10-22T05:36:28.644+0000] {logging_mixin.py:190} INFO - [2024-10-22T05:36:28.644+0000] {dagbag.py:588} INFO - Filling up the DagBag from /home/airflow/.local/lib/python3.12/site-packages/airflow/example_dags/example_branch_day_of_week_operator.py
[2024-10-22T05:36:28.654+0000] {processor.py:925} INFO - DAG(s) 'example_weekday_branch_operator' retrieved from /home/airflow/.local/lib/python3.12/site-packages/airflow/example_dags/example_branch_day_of_week_operator.py
[2024-10-22T05:36:28.675+0000] {logging_mixin.py:190} INFO - [2024-10-22T05:36:28.675+0000] {dag.py:3239} INFO - Sync 1 DAGs
[2024-10-22T05:36:28.700+0000] {logging_mixin.py:190} INFO - [2024-10-22T05:36:28.699+0000] {dag.py:4180} INFO - Setting next_dagrun for example_weekday_branch_operator to 2024-10-21 00:00:00+00:00, run_after=2024-10-22 00:00:00+00:00
[2024-10-22T05:36:28.716+0000] {processor.py:208} INFO - Processing /home/airflow/.local/lib/python3.12/site-packages/airflow/example_dags/example_branch_day_of_week_operator.py took 0.080 seconds
[2024-10-22T05:36:59.491+0000] {processor.py:186} INFO - Started process (PID=72553) to work on /home/airflow/.local/lib/python3.12/site-packages/airflow/example_dags/example_branch_day_of_week_operator.py
[2024-10-22T05:36:59.492+0000] {processor.py:914} INFO - Processing file /home/airflow/.local/lib/python3.12/site-packages/airflow/example_dags/example_branch_day_of_week_operator.py for tasks to queue
[2024-10-22T05:36:59.494+0000] {logging_mixin.py:190} INFO - [2024-10-22T05:36:59.493+0000] {dagbag.py:588} INFO - Filling up the DagBag from /home/airflow/.local/lib/python3.12/site-packages/airflow/example_dags/example_branch_day_of_week_operator.py
[2024-10-22T05:36:59.525+0000] {processor.py:925} INFO - DAG(s) 'example_weekday_branch_operator' retrieved from /home/airflow/.local/lib/python3.12/site-packages/airflow/example_dags/example_branch_day_of_week_operator.py
[2024-10-22T05:36:59.554+0000] {logging_mixin.py:190} INFO - [2024-10-22T05:36:59.554+0000] {dag.py:3239} INFO - Sync 1 DAGs
[2024-10-22T05:36:59.586+0000] {logging_mixin.py:190} INFO - [2024-10-22T05:36:59.586+0000] {dag.py:4180} INFO - Setting next_dagrun for example_weekday_branch_operator to 2024-10-21 00:00:00+00:00, run_after=2024-10-22 00:00:00+00:00
[2024-10-22T05:36:59.602+0000] {processor.py:208} INFO - Processing /home/airflow/.local/lib/python3.12/site-packages/airflow/example_dags/example_branch_day_of_week_operator.py took 0.118 seconds
[2024-10-22T05:37:30.080+0000] {processor.py:186} INFO - Started process (PID=72619) to work on /home/airflow/.local/lib/python3.12/site-packages/airflow/example_dags/example_branch_day_of_week_operator.py
[2024-10-22T05:37:30.081+0000] {processor.py:914} INFO - Processing file /home/airflow/.local/lib/python3.12/site-packages/airflow/example_dags/example_branch_day_of_week_operator.py for tasks to queue
[2024-10-22T05:37:30.082+0000] {logging_mixin.py:190} INFO - [2024-10-22T05:37:30.082+0000] {dagbag.py:588} INFO - Filling up the DagBag from /home/airflow/.local/lib/python3.12/site-packages/airflow/example_dags/example_branch_day_of_week_operator.py
[2024-10-22T05:37:30.091+0000] {processor.py:925} INFO - DAG(s) 'example_weekday_branch_operator' retrieved from /home/airflow/.local/lib/python3.12/site-packages/airflow/example_dags/example_branch_day_of_week_operator.py
[2024-10-22T05:37:30.114+0000] {logging_mixin.py:190} INFO - [2024-10-22T05:37:30.114+0000] {dag.py:3239} INFO - Sync 1 DAGs
[2024-10-22T05:37:30.140+0000] {logging_mixin.py:190} INFO - [2024-10-22T05:37:30.140+0000] {dag.py:4180} INFO - Setting next_dagrun for example_weekday_branch_operator to 2024-10-21 00:00:00+00:00, run_after=2024-10-22 00:00:00+00:00
[2024-10-22T05:37:30.157+0000] {processor.py:208} INFO - Processing /home/airflow/.local/lib/python3.12/site-packages/airflow/example_dags/example_branch_day_of_week_operator.py took 0.084 seconds
[2024-10-22T05:38:00.290+0000] {processor.py:186} INFO - Started process (PID=72686) to work on /home/airflow/.local/lib/python3.12/site-packages/airflow/example_dags/example_branch_day_of_week_operator.py
[2024-10-22T05:38:00.291+0000] {processor.py:914} INFO - Processing file /home/airflow/.local/lib/python3.12/site-packages/airflow/example_dags/example_branch_day_of_week_operator.py for tasks to queue
[2024-10-22T05:38:00.292+0000] {logging_mixin.py:190} INFO - [2024-10-22T05:38:00.292+0000] {dagbag.py:588} INFO - Filling up the DagBag from /home/airflow/.local/lib/python3.12/site-packages/airflow/example_dags/example_branch_day_of_week_operator.py
[2024-10-22T05:38:00.301+0000] {processor.py:925} INFO - DAG(s) 'example_weekday_branch_operator' retrieved from /home/airflow/.local/lib/python3.12/site-packages/airflow/example_dags/example_branch_day_of_week_operator.py
[2024-10-22T05:38:00.325+0000] {logging_mixin.py:190} INFO - [2024-10-22T05:38:00.324+0000] {dag.py:3239} INFO - Sync 1 DAGs
[2024-10-22T05:38:00.354+0000] {logging_mixin.py:190} INFO - [2024-10-22T05:38:00.353+0000] {dag.py:4180} INFO - Setting next_dagrun for example_weekday_branch_operator to 2024-10-21 00:00:00+00:00, run_after=2024-10-22 00:00:00+00:00
[2024-10-22T05:38:00.372+0000] {processor.py:208} INFO - Processing /home/airflow/.local/lib/python3.12/site-packages/airflow/example_dags/example_branch_day_of_week_operator.py took 0.090 seconds
[2024-10-22T05:38:30.403+0000] {processor.py:186} INFO - Started process (PID=72752) to work on /home/airflow/.local/lib/python3.12/site-packages/airflow/example_dags/example_branch_day_of_week_operator.py
[2024-10-22T05:38:30.403+0000] {processor.py:914} INFO - Processing file /home/airflow/.local/lib/python3.12/site-packages/airflow/example_dags/example_branch_day_of_week_operator.py for tasks to queue
[2024-10-22T05:38:30.405+0000] {logging_mixin.py:190} INFO - [2024-10-22T05:38:30.404+0000] {dagbag.py:588} INFO - Filling up the DagBag from /home/airflow/.local/lib/python3.12/site-packages/airflow/example_dags/example_branch_day_of_week_operator.py
[2024-10-22T05:38:30.413+0000] {processor.py:925} INFO - DAG(s) 'example_weekday_branch_operator' retrieved from /home/airflow/.local/lib/python3.12/site-packages/airflow/example_dags/example_branch_day_of_week_operator.py
[2024-10-22T05:38:30.437+0000] {logging_mixin.py:190} INFO - [2024-10-22T05:38:30.437+0000] {dag.py:3239} INFO - Sync 1 DAGs
[2024-10-22T05:38:30.462+0000] {logging_mixin.py:190} INFO - [2024-10-22T05:38:30.462+0000] {dag.py:4180} INFO - Setting next_dagrun for example_weekday_branch_operator to 2024-10-21 00:00:00+00:00, run_after=2024-10-22 00:00:00+00:00
[2024-10-22T05:38:30.479+0000] {processor.py:208} INFO - Processing /home/airflow/.local/lib/python3.12/site-packages/airflow/example_dags/example_branch_day_of_week_operator.py took 0.084 seconds
[2024-10-22T05:39:00.838+0000] {processor.py:186} INFO - Started process (PID=72819) to work on /home/airflow/.local/lib/python3.12/site-packages/airflow/example_dags/example_branch_day_of_week_operator.py
[2024-10-22T05:39:00.840+0000] {processor.py:914} INFO - Processing file /home/airflow/.local/lib/python3.12/site-packages/airflow/example_dags/example_branch_day_of_week_operator.py for tasks to queue
[2024-10-22T05:39:00.841+0000] {logging_mixin.py:190} INFO - [2024-10-22T05:39:00.841+0000] {dagbag.py:588} INFO - Filling up the DagBag from /home/airflow/.local/lib/python3.12/site-packages/airflow/example_dags/example_branch_day_of_week_operator.py
[2024-10-22T05:39:00.851+0000] {processor.py:925} INFO - DAG(s) 'example_weekday_branch_operator' retrieved from /home/airflow/.local/lib/python3.12/site-packages/airflow/example_dags/example_branch_day_of_week_operator.py
[2024-10-22T05:39:00.870+0000] {logging_mixin.py:190} INFO - [2024-10-22T05:39:00.870+0000] {dag.py:3239} INFO - Sync 1 DAGs
[2024-10-22T05:39:00.893+0000] {logging_mixin.py:190} INFO - [2024-10-22T05:39:00.893+0000] {dag.py:4180} INFO - Setting next_dagrun for example_weekday_branch_operator to 2024-10-21 00:00:00+00:00, run_after=2024-10-22 00:00:00+00:00
[2024-10-22T05:39:00.909+0000] {processor.py:208} INFO - Processing /home/airflow/.local/lib/python3.12/site-packages/airflow/example_dags/example_branch_day_of_week_operator.py took 0.078 seconds
[2024-10-22T05:39:31.208+0000] {processor.py:186} INFO - Started process (PID=72886) to work on /home/airflow/.local/lib/python3.12/site-packages/airflow/example_dags/example_branch_day_of_week_operator.py
[2024-10-22T05:39:31.209+0000] {processor.py:914} INFO - Processing file /home/airflow/.local/lib/python3.12/site-packages/airflow/example_dags/example_branch_day_of_week_operator.py for tasks to queue
[2024-10-22T05:39:31.210+0000] {logging_mixin.py:190} INFO - [2024-10-22T05:39:31.210+0000] {dagbag.py:588} INFO - Filling up the DagBag from /home/airflow/.local/lib/python3.12/site-packages/airflow/example_dags/example_branch_day_of_week_operator.py
[2024-10-22T05:39:31.220+0000] {processor.py:925} INFO - DAG(s) 'example_weekday_branch_operator' retrieved from /home/airflow/.local/lib/python3.12/site-packages/airflow/example_dags/example_branch_day_of_week_operator.py
[2024-10-22T05:39:31.241+0000] {logging_mixin.py:190} INFO - [2024-10-22T05:39:31.241+0000] {dag.py:3239} INFO - Sync 1 DAGs
[2024-10-22T05:39:31.262+0000] {logging_mixin.py:190} INFO - [2024-10-22T05:39:31.261+0000] {dag.py:4180} INFO - Setting next_dagrun for example_weekday_branch_operator to 2024-10-21 00:00:00+00:00, run_after=2024-10-22 00:00:00+00:00
[2024-10-22T05:39:31.276+0000] {processor.py:208} INFO - Processing /home/airflow/.local/lib/python3.12/site-packages/airflow/example_dags/example_branch_day_of_week_operator.py took 0.074 seconds
[2024-10-22T05:40:01.473+0000] {processor.py:186} INFO - Started process (PID=72953) to work on /home/airflow/.local/lib/python3.12/site-packages/airflow/example_dags/example_branch_day_of_week_operator.py
[2024-10-22T05:40:01.474+0000] {processor.py:914} INFO - Processing file /home/airflow/.local/lib/python3.12/site-packages/airflow/example_dags/example_branch_day_of_week_operator.py for tasks to queue
[2024-10-22T05:40:01.475+0000] {logging_mixin.py:190} INFO - [2024-10-22T05:40:01.475+0000] {dagbag.py:588} INFO - Filling up the DagBag from /home/airflow/.local/lib/python3.12/site-packages/airflow/example_dags/example_branch_day_of_week_operator.py
[2024-10-22T05:40:01.483+0000] {processor.py:925} INFO - DAG(s) 'example_weekday_branch_operator' retrieved from /home/airflow/.local/lib/python3.12/site-packages/airflow/example_dags/example_branch_day_of_week_operator.py
[2024-10-22T05:40:01.509+0000] {logging_mixin.py:190} INFO - [2024-10-22T05:40:01.509+0000] {dag.py:3239} INFO - Sync 1 DAGs
[2024-10-22T05:40:01.534+0000] {logging_mixin.py:190} INFO - [2024-10-22T05:40:01.534+0000] {dag.py:4180} INFO - Setting next_dagrun for example_weekday_branch_operator to 2024-10-21 00:00:00+00:00, run_after=2024-10-22 00:00:00+00:00
[2024-10-22T05:40:01.551+0000] {processor.py:208} INFO - Processing /home/airflow/.local/lib/python3.12/site-packages/airflow/example_dags/example_branch_day_of_week_operator.py took 0.086 seconds
[2024-10-22T05:40:31.957+0000] {processor.py:186} INFO - Started process (PID=73020) to work on /home/airflow/.local/lib/python3.12/site-packages/airflow/example_dags/example_branch_day_of_week_operator.py
[2024-10-22T05:40:31.958+0000] {processor.py:914} INFO - Processing file /home/airflow/.local/lib/python3.12/site-packages/airflow/example_dags/example_branch_day_of_week_operator.py for tasks to queue
[2024-10-22T05:40:31.960+0000] {logging_mixin.py:190} INFO - [2024-10-22T05:40:31.959+0000] {dagbag.py:588} INFO - Filling up the DagBag from /home/airflow/.local/lib/python3.12/site-packages/airflow/example_dags/example_branch_day_of_week_operator.py
[2024-10-22T05:40:31.968+0000] {processor.py:925} INFO - DAG(s) 'example_weekday_branch_operator' retrieved from /home/airflow/.local/lib/python3.12/site-packages/airflow/example_dags/example_branch_day_of_week_operator.py
[2024-10-22T05:40:31.991+0000] {logging_mixin.py:190} INFO - [2024-10-22T05:40:31.991+0000] {dag.py:3239} INFO - Sync 1 DAGs
[2024-10-22T05:40:32.016+0000] {logging_mixin.py:190} INFO - [2024-10-22T05:40:32.015+0000] {dag.py:4180} INFO - Setting next_dagrun for example_weekday_branch_operator to 2024-10-21 00:00:00+00:00, run_after=2024-10-22 00:00:00+00:00
[2024-10-22T05:40:32.032+0000] {processor.py:208} INFO - Processing /home/airflow/.local/lib/python3.12/site-packages/airflow/example_dags/example_branch_day_of_week_operator.py took 0.083 seconds
[2024-10-22T05:41:02.133+0000] {processor.py:186} INFO - Started process (PID=73087) to work on /home/airflow/.local/lib/python3.12/site-packages/airflow/example_dags/example_branch_day_of_week_operator.py
[2024-10-22T05:41:02.134+0000] {processor.py:914} INFO - Processing file /home/airflow/.local/lib/python3.12/site-packages/airflow/example_dags/example_branch_day_of_week_operator.py for tasks to queue
[2024-10-22T05:41:02.136+0000] {logging_mixin.py:190} INFO - [2024-10-22T05:41:02.135+0000] {dagbag.py:588} INFO - Filling up the DagBag from /home/airflow/.local/lib/python3.12/site-packages/airflow/example_dags/example_branch_day_of_week_operator.py
[2024-10-22T05:41:02.144+0000] {processor.py:925} INFO - DAG(s) 'example_weekday_branch_operator' retrieved from /home/airflow/.local/lib/python3.12/site-packages/airflow/example_dags/example_branch_day_of_week_operator.py
[2024-10-22T05:41:02.165+0000] {logging_mixin.py:190} INFO - [2024-10-22T05:41:02.165+0000] {dag.py:3239} INFO - Sync 1 DAGs
[2024-10-22T05:41:02.191+0000] {logging_mixin.py:190} INFO - [2024-10-22T05:41:02.190+0000] {dag.py:4180} INFO - Setting next_dagrun for example_weekday_branch_operator to 2024-10-21 00:00:00+00:00, run_after=2024-10-22 00:00:00+00:00
[2024-10-22T05:41:02.207+0000] {processor.py:208} INFO - Processing /home/airflow/.local/lib/python3.12/site-packages/airflow/example_dags/example_branch_day_of_week_operator.py took 0.081 seconds
[2024-10-22T05:41:32.410+0000] {processor.py:186} INFO - Started process (PID=73154) to work on /home/airflow/.local/lib/python3.12/site-packages/airflow/example_dags/example_branch_day_of_week_operator.py
[2024-10-22T05:41:32.411+0000] {processor.py:914} INFO - Processing file /home/airflow/.local/lib/python3.12/site-packages/airflow/example_dags/example_branch_day_of_week_operator.py for tasks to queue
[2024-10-22T05:41:32.412+0000] {logging_mixin.py:190} INFO - [2024-10-22T05:41:32.412+0000] {dagbag.py:588} INFO - Filling up the DagBag from /home/airflow/.local/lib/python3.12/site-packages/airflow/example_dags/example_branch_day_of_week_operator.py
[2024-10-22T05:41:32.419+0000] {processor.py:925} INFO - DAG(s) 'example_weekday_branch_operator' retrieved from /home/airflow/.local/lib/python3.12/site-packages/airflow/example_dags/example_branch_day_of_week_operator.py
[2024-10-22T05:41:32.441+0000] {logging_mixin.py:190} INFO - [2024-10-22T05:41:32.441+0000] {dag.py:3239} INFO - Sync 1 DAGs
[2024-10-22T05:41:32.463+0000] {logging_mixin.py:190} INFO - [2024-10-22T05:41:32.463+0000] {dag.py:4180} INFO - Setting next_dagrun for example_weekday_branch_operator to 2024-10-21 00:00:00+00:00, run_after=2024-10-22 00:00:00+00:00
[2024-10-22T05:41:32.476+0000] {processor.py:208} INFO - Processing /home/airflow/.local/lib/python3.12/site-packages/airflow/example_dags/example_branch_day_of_week_operator.py took 0.072 seconds
[2024-10-22T05:42:02.753+0000] {processor.py:186} INFO - Started process (PID=73221) to work on /home/airflow/.local/lib/python3.12/site-packages/airflow/example_dags/example_branch_day_of_week_operator.py
[2024-10-22T05:42:02.754+0000] {processor.py:914} INFO - Processing file /home/airflow/.local/lib/python3.12/site-packages/airflow/example_dags/example_branch_day_of_week_operator.py for tasks to queue
[2024-10-22T05:42:02.756+0000] {logging_mixin.py:190} INFO - [2024-10-22T05:42:02.755+0000] {dagbag.py:588} INFO - Filling up the DagBag from /home/airflow/.local/lib/python3.12/site-packages/airflow/example_dags/example_branch_day_of_week_operator.py
[2024-10-22T05:42:02.767+0000] {processor.py:925} INFO - DAG(s) 'example_weekday_branch_operator' retrieved from /home/airflow/.local/lib/python3.12/site-packages/airflow/example_dags/example_branch_day_of_week_operator.py
[2024-10-22T05:42:02.790+0000] {logging_mixin.py:190} INFO - [2024-10-22T05:42:02.790+0000] {dag.py:3239} INFO - Sync 1 DAGs
[2024-10-22T05:42:02.817+0000] {logging_mixin.py:190} INFO - [2024-10-22T05:42:02.816+0000] {dag.py:4180} INFO - Setting next_dagrun for example_weekday_branch_operator to 2024-10-21 00:00:00+00:00, run_after=2024-10-22 00:00:00+00:00
[2024-10-22T05:42:02.834+0000] {processor.py:208} INFO - Processing /home/airflow/.local/lib/python3.12/site-packages/airflow/example_dags/example_branch_day_of_week_operator.py took 0.089 seconds
[2024-10-22T05:42:33.355+0000] {processor.py:186} INFO - Started process (PID=73288) to work on /home/airflow/.local/lib/python3.12/site-packages/airflow/example_dags/example_branch_day_of_week_operator.py
[2024-10-22T05:42:33.357+0000] {processor.py:914} INFO - Processing file /home/airflow/.local/lib/python3.12/site-packages/airflow/example_dags/example_branch_day_of_week_operator.py for tasks to queue
[2024-10-22T05:42:33.359+0000] {logging_mixin.py:190} INFO - [2024-10-22T05:42:33.358+0000] {dagbag.py:588} INFO - Filling up the DagBag from /home/airflow/.local/lib/python3.12/site-packages/airflow/example_dags/example_branch_day_of_week_operator.py
[2024-10-22T05:42:33.367+0000] {processor.py:925} INFO - DAG(s) 'example_weekday_branch_operator' retrieved from /home/airflow/.local/lib/python3.12/site-packages/airflow/example_dags/example_branch_day_of_week_operator.py
[2024-10-22T05:42:33.388+0000] {logging_mixin.py:190} INFO - [2024-10-22T05:42:33.387+0000] {dag.py:3239} INFO - Sync 1 DAGs
[2024-10-22T05:42:33.414+0000] {logging_mixin.py:190} INFO - [2024-10-22T05:42:33.414+0000] {dag.py:4180} INFO - Setting next_dagrun for example_weekday_branch_operator to 2024-10-21 00:00:00+00:00, run_after=2024-10-22 00:00:00+00:00
[2024-10-22T05:42:33.428+0000] {processor.py:208} INFO - Processing /home/airflow/.local/lib/python3.12/site-packages/airflow/example_dags/example_branch_day_of_week_operator.py took 0.083 seconds
[2024-10-22T05:43:03.616+0000] {processor.py:186} INFO - Started process (PID=73355) to work on /home/airflow/.local/lib/python3.12/site-packages/airflow/example_dags/example_branch_day_of_week_operator.py
[2024-10-22T05:43:03.617+0000] {processor.py:914} INFO - Processing file /home/airflow/.local/lib/python3.12/site-packages/airflow/example_dags/example_branch_day_of_week_operator.py for tasks to queue
[2024-10-22T05:43:03.619+0000] {logging_mixin.py:190} INFO - [2024-10-22T05:43:03.618+0000] {dagbag.py:588} INFO - Filling up the DagBag from /home/airflow/.local/lib/python3.12/site-packages/airflow/example_dags/example_branch_day_of_week_operator.py
[2024-10-22T05:43:03.626+0000] {processor.py:925} INFO - DAG(s) 'example_weekday_branch_operator' retrieved from /home/airflow/.local/lib/python3.12/site-packages/airflow/example_dags/example_branch_day_of_week_operator.py
[2024-10-22T05:43:03.649+0000] {logging_mixin.py:190} INFO - [2024-10-22T05:43:03.649+0000] {dag.py:3239} INFO - Sync 1 DAGs
[2024-10-22T05:43:03.674+0000] {logging_mixin.py:190} INFO - [2024-10-22T05:43:03.673+0000] {dag.py:4180} INFO - Setting next_dagrun for example_weekday_branch_operator to 2024-10-21 00:00:00+00:00, run_after=2024-10-22 00:00:00+00:00
[2024-10-22T05:43:03.690+0000] {processor.py:208} INFO - Processing /home/airflow/.local/lib/python3.12/site-packages/airflow/example_dags/example_branch_day_of_week_operator.py took 0.081 seconds
[2024-10-22T05:43:33.780+0000] {processor.py:186} INFO - Started process (PID=73422) to work on /home/airflow/.local/lib/python3.12/site-packages/airflow/example_dags/example_branch_day_of_week_operator.py
[2024-10-22T05:43:33.781+0000] {processor.py:914} INFO - Processing file /home/airflow/.local/lib/python3.12/site-packages/airflow/example_dags/example_branch_day_of_week_operator.py for tasks to queue
[2024-10-22T05:43:33.782+0000] {logging_mixin.py:190} INFO - [2024-10-22T05:43:33.782+0000] {dagbag.py:588} INFO - Filling up the DagBag from /home/airflow/.local/lib/python3.12/site-packages/airflow/example_dags/example_branch_day_of_week_operator.py
[2024-10-22T05:43:33.790+0000] {processor.py:925} INFO - DAG(s) 'example_weekday_branch_operator' retrieved from /home/airflow/.local/lib/python3.12/site-packages/airflow/example_dags/example_branch_day_of_week_operator.py
[2024-10-22T05:43:33.813+0000] {logging_mixin.py:190} INFO - [2024-10-22T05:43:33.813+0000] {dag.py:3239} INFO - Sync 1 DAGs
[2024-10-22T05:43:33.838+0000] {logging_mixin.py:190} INFO - [2024-10-22T05:43:33.838+0000] {dag.py:4180} INFO - Setting next_dagrun for example_weekday_branch_operator to 2024-10-21 00:00:00+00:00, run_after=2024-10-22 00:00:00+00:00
[2024-10-22T05:43:33.855+0000] {processor.py:208} INFO - Processing /home/airflow/.local/lib/python3.12/site-packages/airflow/example_dags/example_branch_day_of_week_operator.py took 0.082 seconds
[2024-10-22T05:44:04.135+0000] {processor.py:186} INFO - Started process (PID=73489) to work on /home/airflow/.local/lib/python3.12/site-packages/airflow/example_dags/example_branch_day_of_week_operator.py
[2024-10-22T05:44:04.136+0000] {processor.py:914} INFO - Processing file /home/airflow/.local/lib/python3.12/site-packages/airflow/example_dags/example_branch_day_of_week_operator.py for tasks to queue
[2024-10-22T05:44:04.138+0000] {logging_mixin.py:190} INFO - [2024-10-22T05:44:04.137+0000] {dagbag.py:588} INFO - Filling up the DagBag from /home/airflow/.local/lib/python3.12/site-packages/airflow/example_dags/example_branch_day_of_week_operator.py
[2024-10-22T05:44:04.146+0000] {processor.py:925} INFO - DAG(s) 'example_weekday_branch_operator' retrieved from /home/airflow/.local/lib/python3.12/site-packages/airflow/example_dags/example_branch_day_of_week_operator.py
[2024-10-22T05:44:04.170+0000] {logging_mixin.py:190} INFO - [2024-10-22T05:44:04.170+0000] {dag.py:3239} INFO - Sync 1 DAGs
[2024-10-22T05:44:04.196+0000] {logging_mixin.py:190} INFO - [2024-10-22T05:44:04.195+0000] {dag.py:4180} INFO - Setting next_dagrun for example_weekday_branch_operator to 2024-10-21 00:00:00+00:00, run_after=2024-10-22 00:00:00+00:00
[2024-10-22T05:44:04.213+0000] {processor.py:208} INFO - Processing /home/airflow/.local/lib/python3.12/site-packages/airflow/example_dags/example_branch_day_of_week_operator.py took 0.085 seconds
[2024-10-22T05:44:34.592+0000] {processor.py:186} INFO - Started process (PID=73556) to work on /home/airflow/.local/lib/python3.12/site-packages/airflow/example_dags/example_branch_day_of_week_operator.py
[2024-10-22T05:44:34.593+0000] {processor.py:914} INFO - Processing file /home/airflow/.local/lib/python3.12/site-packages/airflow/example_dags/example_branch_day_of_week_operator.py for tasks to queue
[2024-10-22T05:44:34.594+0000] {logging_mixin.py:190} INFO - [2024-10-22T05:44:34.594+0000] {dagbag.py:588} INFO - Filling up the DagBag from /home/airflow/.local/lib/python3.12/site-packages/airflow/example_dags/example_branch_day_of_week_operator.py
[2024-10-22T05:44:34.602+0000] {processor.py:925} INFO - DAG(s) 'example_weekday_branch_operator' retrieved from /home/airflow/.local/lib/python3.12/site-packages/airflow/example_dags/example_branch_day_of_week_operator.py
[2024-10-22T05:44:34.625+0000] {logging_mixin.py:190} INFO - [2024-10-22T05:44:34.625+0000] {dag.py:3239} INFO - Sync 1 DAGs
[2024-10-22T05:44:34.650+0000] {logging_mixin.py:190} INFO - [2024-10-22T05:44:34.649+0000] {dag.py:4180} INFO - Setting next_dagrun for example_weekday_branch_operator to 2024-10-21 00:00:00+00:00, run_after=2024-10-22 00:00:00+00:00
[2024-10-22T05:44:34.665+0000] {processor.py:208} INFO - Processing /home/airflow/.local/lib/python3.12/site-packages/airflow/example_dags/example_branch_day_of_week_operator.py took 0.082 seconds
[2024-10-22T05:45:05.062+0000] {processor.py:186} INFO - Started process (PID=73623) to work on /home/airflow/.local/lib/python3.12/site-packages/airflow/example_dags/example_branch_day_of_week_operator.py
[2024-10-22T05:45:05.063+0000] {processor.py:914} INFO - Processing file /home/airflow/.local/lib/python3.12/site-packages/airflow/example_dags/example_branch_day_of_week_operator.py for tasks to queue
[2024-10-22T05:45:05.064+0000] {logging_mixin.py:190} INFO - [2024-10-22T05:45:05.064+0000] {dagbag.py:588} INFO - Filling up the DagBag from /home/airflow/.local/lib/python3.12/site-packages/airflow/example_dags/example_branch_day_of_week_operator.py
[2024-10-22T05:45:05.072+0000] {processor.py:925} INFO - DAG(s) 'example_weekday_branch_operator' retrieved from /home/airflow/.local/lib/python3.12/site-packages/airflow/example_dags/example_branch_day_of_week_operator.py
[2024-10-22T05:45:05.094+0000] {logging_mixin.py:190} INFO - [2024-10-22T05:45:05.093+0000] {dag.py:3239} INFO - Sync 1 DAGs
[2024-10-22T05:45:05.116+0000] {logging_mixin.py:190} INFO - [2024-10-22T05:45:05.115+0000] {dag.py:4180} INFO - Setting next_dagrun for example_weekday_branch_operator to 2024-10-21 00:00:00+00:00, run_after=2024-10-22 00:00:00+00:00
[2024-10-22T05:45:05.132+0000] {processor.py:208} INFO - Processing /home/airflow/.local/lib/python3.12/site-packages/airflow/example_dags/example_branch_day_of_week_operator.py took 0.077 seconds
[2024-10-22T05:45:35.691+0000] {processor.py:186} INFO - Started process (PID=73690) to work on /home/airflow/.local/lib/python3.12/site-packages/airflow/example_dags/example_branch_day_of_week_operator.py
[2024-10-22T05:45:35.692+0000] {processor.py:914} INFO - Processing file /home/airflow/.local/lib/python3.12/site-packages/airflow/example_dags/example_branch_day_of_week_operator.py for tasks to queue
[2024-10-22T05:45:35.694+0000] {logging_mixin.py:190} INFO - [2024-10-22T05:45:35.694+0000] {dagbag.py:588} INFO - Filling up the DagBag from /home/airflow/.local/lib/python3.12/site-packages/airflow/example_dags/example_branch_day_of_week_operator.py
[2024-10-22T05:45:35.707+0000] {processor.py:925} INFO - DAG(s) 'example_weekday_branch_operator' retrieved from /home/airflow/.local/lib/python3.12/site-packages/airflow/example_dags/example_branch_day_of_week_operator.py
[2024-10-22T05:45:35.737+0000] {logging_mixin.py:190} INFO - [2024-10-22T05:45:35.737+0000] {dag.py:3239} INFO - Sync 1 DAGs
[2024-10-22T05:45:35.770+0000] {logging_mixin.py:190} INFO - [2024-10-22T05:45:35.769+0000] {dag.py:4180} INFO - Setting next_dagrun for example_weekday_branch_operator to 2024-10-21 00:00:00+00:00, run_after=2024-10-22 00:00:00+00:00
[2024-10-22T05:45:35.793+0000] {processor.py:208} INFO - Processing /home/airflow/.local/lib/python3.12/site-packages/airflow/example_dags/example_branch_day_of_week_operator.py took 0.113 seconds
[2024-10-22T05:46:06.209+0000] {processor.py:186} INFO - Started process (PID=73757) to work on /home/airflow/.local/lib/python3.12/site-packages/airflow/example_dags/example_branch_day_of_week_operator.py
[2024-10-22T05:46:06.210+0000] {processor.py:914} INFO - Processing file /home/airflow/.local/lib/python3.12/site-packages/airflow/example_dags/example_branch_day_of_week_operator.py for tasks to queue
[2024-10-22T05:46:06.211+0000] {logging_mixin.py:190} INFO - [2024-10-22T05:46:06.211+0000] {dagbag.py:588} INFO - Filling up the DagBag from /home/airflow/.local/lib/python3.12/site-packages/airflow/example_dags/example_branch_day_of_week_operator.py
[2024-10-22T05:46:06.219+0000] {processor.py:925} INFO - DAG(s) 'example_weekday_branch_operator' retrieved from /home/airflow/.local/lib/python3.12/site-packages/airflow/example_dags/example_branch_day_of_week_operator.py
[2024-10-22T05:46:06.246+0000] {logging_mixin.py:190} INFO - [2024-10-22T05:46:06.246+0000] {dag.py:3239} INFO - Sync 1 DAGs
[2024-10-22T05:46:06.274+0000] {logging_mixin.py:190} INFO - [2024-10-22T05:46:06.273+0000] {dag.py:4180} INFO - Setting next_dagrun for example_weekday_branch_operator to 2024-10-21 00:00:00+00:00, run_after=2024-10-22 00:00:00+00:00
[2024-10-22T05:46:06.290+0000] {processor.py:208} INFO - Processing /home/airflow/.local/lib/python3.12/site-packages/airflow/example_dags/example_branch_day_of_week_operator.py took 0.089 seconds
[2024-10-22T05:46:36.720+0000] {processor.py:186} INFO - Started process (PID=73824) to work on /home/airflow/.local/lib/python3.12/site-packages/airflow/example_dags/example_branch_day_of_week_operator.py
[2024-10-22T05:46:36.721+0000] {processor.py:914} INFO - Processing file /home/airflow/.local/lib/python3.12/site-packages/airflow/example_dags/example_branch_day_of_week_operator.py for tasks to queue
[2024-10-22T05:46:36.722+0000] {logging_mixin.py:190} INFO - [2024-10-22T05:46:36.722+0000] {dagbag.py:588} INFO - Filling up the DagBag from /home/airflow/.local/lib/python3.12/site-packages/airflow/example_dags/example_branch_day_of_week_operator.py
[2024-10-22T05:46:36.731+0000] {processor.py:925} INFO - DAG(s) 'example_weekday_branch_operator' retrieved from /home/airflow/.local/lib/python3.12/site-packages/airflow/example_dags/example_branch_day_of_week_operator.py
[2024-10-22T05:46:36.753+0000] {logging_mixin.py:190} INFO - [2024-10-22T05:46:36.753+0000] {dag.py:3239} INFO - Sync 1 DAGs
[2024-10-22T05:46:36.778+0000] {logging_mixin.py:190} INFO - [2024-10-22T05:46:36.778+0000] {dag.py:4180} INFO - Setting next_dagrun for example_weekday_branch_operator to 2024-10-21 00:00:00+00:00, run_after=2024-10-22 00:00:00+00:00
[2024-10-22T05:46:36.795+0000] {processor.py:208} INFO - Processing /home/airflow/.local/lib/python3.12/site-packages/airflow/example_dags/example_branch_day_of_week_operator.py took 0.082 seconds
[2024-10-22T05:47:07.263+0000] {processor.py:186} INFO - Started process (PID=73891) to work on /home/airflow/.local/lib/python3.12/site-packages/airflow/example_dags/example_branch_day_of_week_operator.py
[2024-10-22T05:47:07.264+0000] {processor.py:914} INFO - Processing file /home/airflow/.local/lib/python3.12/site-packages/airflow/example_dags/example_branch_day_of_week_operator.py for tasks to queue
[2024-10-22T05:47:07.265+0000] {logging_mixin.py:190} INFO - [2024-10-22T05:47:07.265+0000] {dagbag.py:588} INFO - Filling up the DagBag from /home/airflow/.local/lib/python3.12/site-packages/airflow/example_dags/example_branch_day_of_week_operator.py
[2024-10-22T05:47:07.273+0000] {processor.py:925} INFO - DAG(s) 'example_weekday_branch_operator' retrieved from /home/airflow/.local/lib/python3.12/site-packages/airflow/example_dags/example_branch_day_of_week_operator.py
[2024-10-22T05:47:07.296+0000] {logging_mixin.py:190} INFO - [2024-10-22T05:47:07.295+0000] {dag.py:3239} INFO - Sync 1 DAGs
[2024-10-22T05:47:07.320+0000] {logging_mixin.py:190} INFO - [2024-10-22T05:47:07.320+0000] {dag.py:4180} INFO - Setting next_dagrun for example_weekday_branch_operator to 2024-10-21 00:00:00+00:00, run_after=2024-10-22 00:00:00+00:00
[2024-10-22T05:47:07.337+0000] {processor.py:208} INFO - Processing /home/airflow/.local/lib/python3.12/site-packages/airflow/example_dags/example_branch_day_of_week_operator.py took 0.081 seconds
[2024-10-22T05:47:37.642+0000] {processor.py:186} INFO - Started process (PID=73958) to work on /home/airflow/.local/lib/python3.12/site-packages/airflow/example_dags/example_branch_day_of_week_operator.py
[2024-10-22T05:47:37.643+0000] {processor.py:914} INFO - Processing file /home/airflow/.local/lib/python3.12/site-packages/airflow/example_dags/example_branch_day_of_week_operator.py for tasks to queue
[2024-10-22T05:47:37.645+0000] {logging_mixin.py:190} INFO - [2024-10-22T05:47:37.644+0000] {dagbag.py:588} INFO - Filling up the DagBag from /home/airflow/.local/lib/python3.12/site-packages/airflow/example_dags/example_branch_day_of_week_operator.py
[2024-10-22T05:47:37.653+0000] {processor.py:925} INFO - DAG(s) 'example_weekday_branch_operator' retrieved from /home/airflow/.local/lib/python3.12/site-packages/airflow/example_dags/example_branch_day_of_week_operator.py
[2024-10-22T05:47:37.675+0000] {logging_mixin.py:190} INFO - [2024-10-22T05:47:37.675+0000] {dag.py:3239} INFO - Sync 1 DAGs
[2024-10-22T05:47:37.699+0000] {logging_mixin.py:190} INFO - [2024-10-22T05:47:37.699+0000] {dag.py:4180} INFO - Setting next_dagrun for example_weekday_branch_operator to 2024-10-21 00:00:00+00:00, run_after=2024-10-22 00:00:00+00:00
[2024-10-22T05:47:37.716+0000] {processor.py:208} INFO - Processing /home/airflow/.local/lib/python3.12/site-packages/airflow/example_dags/example_branch_day_of_week_operator.py took 0.081 seconds
[2024-10-22T05:48:08.178+0000] {processor.py:186} INFO - Started process (PID=74025) to work on /home/airflow/.local/lib/python3.12/site-packages/airflow/example_dags/example_branch_day_of_week_operator.py
[2024-10-22T05:48:08.179+0000] {processor.py:914} INFO - Processing file /home/airflow/.local/lib/python3.12/site-packages/airflow/example_dags/example_branch_day_of_week_operator.py for tasks to queue
[2024-10-22T05:48:08.181+0000] {logging_mixin.py:190} INFO - [2024-10-22T05:48:08.180+0000] {dagbag.py:588} INFO - Filling up the DagBag from /home/airflow/.local/lib/python3.12/site-packages/airflow/example_dags/example_branch_day_of_week_operator.py
[2024-10-22T05:48:08.189+0000] {processor.py:925} INFO - DAG(s) 'example_weekday_branch_operator' retrieved from /home/airflow/.local/lib/python3.12/site-packages/airflow/example_dags/example_branch_day_of_week_operator.py
[2024-10-22T05:48:08.211+0000] {logging_mixin.py:190} INFO - [2024-10-22T05:48:08.211+0000] {dag.py:3239} INFO - Sync 1 DAGs
[2024-10-22T05:48:08.236+0000] {logging_mixin.py:190} INFO - [2024-10-22T05:48:08.235+0000] {dag.py:4180} INFO - Setting next_dagrun for example_weekday_branch_operator to 2024-10-21 00:00:00+00:00, run_after=2024-10-22 00:00:00+00:00
[2024-10-22T05:48:08.252+0000] {processor.py:208} INFO - Processing /home/airflow/.local/lib/python3.12/site-packages/airflow/example_dags/example_branch_day_of_week_operator.py took 0.081 seconds
[2024-10-22T05:48:38.864+0000] {processor.py:186} INFO - Started process (PID=74091) to work on /home/airflow/.local/lib/python3.12/site-packages/airflow/example_dags/example_branch_day_of_week_operator.py
[2024-10-22T05:48:38.865+0000] {processor.py:914} INFO - Processing file /home/airflow/.local/lib/python3.12/site-packages/airflow/example_dags/example_branch_day_of_week_operator.py for tasks to queue
[2024-10-22T05:48:38.867+0000] {logging_mixin.py:190} INFO - [2024-10-22T05:48:38.866+0000] {dagbag.py:588} INFO - Filling up the DagBag from /home/airflow/.local/lib/python3.12/site-packages/airflow/example_dags/example_branch_day_of_week_operator.py
[2024-10-22T05:48:38.875+0000] {processor.py:925} INFO - DAG(s) 'example_weekday_branch_operator' retrieved from /home/airflow/.local/lib/python3.12/site-packages/airflow/example_dags/example_branch_day_of_week_operator.py
[2024-10-22T05:48:38.900+0000] {logging_mixin.py:190} INFO - [2024-10-22T05:48:38.900+0000] {dag.py:3239} INFO - Sync 1 DAGs
[2024-10-22T05:48:38.925+0000] {logging_mixin.py:190} INFO - [2024-10-22T05:48:38.925+0000] {dag.py:4180} INFO - Setting next_dagrun for example_weekday_branch_operator to 2024-10-21 00:00:00+00:00, run_after=2024-10-22 00:00:00+00:00
[2024-10-22T05:48:38.943+0000] {processor.py:208} INFO - Processing /home/airflow/.local/lib/python3.12/site-packages/airflow/example_dags/example_branch_day_of_week_operator.py took 0.086 seconds
[2024-10-22T05:49:09.475+0000] {processor.py:186} INFO - Started process (PID=74157) to work on /home/airflow/.local/lib/python3.12/site-packages/airflow/example_dags/example_branch_day_of_week_operator.py
[2024-10-22T05:49:09.476+0000] {processor.py:914} INFO - Processing file /home/airflow/.local/lib/python3.12/site-packages/airflow/example_dags/example_branch_day_of_week_operator.py for tasks to queue
[2024-10-22T05:49:09.477+0000] {logging_mixin.py:190} INFO - [2024-10-22T05:49:09.477+0000] {dagbag.py:588} INFO - Filling up the DagBag from /home/airflow/.local/lib/python3.12/site-packages/airflow/example_dags/example_branch_day_of_week_operator.py
[2024-10-22T05:49:09.486+0000] {processor.py:925} INFO - DAG(s) 'example_weekday_branch_operator' retrieved from /home/airflow/.local/lib/python3.12/site-packages/airflow/example_dags/example_branch_day_of_week_operator.py
[2024-10-22T05:49:09.510+0000] {logging_mixin.py:190} INFO - [2024-10-22T05:49:09.509+0000] {dag.py:3239} INFO - Sync 1 DAGs
[2024-10-22T05:49:09.534+0000] {logging_mixin.py:190} INFO - [2024-10-22T05:49:09.534+0000] {dag.py:4180} INFO - Setting next_dagrun for example_weekday_branch_operator to 2024-10-21 00:00:00+00:00, run_after=2024-10-22 00:00:00+00:00
[2024-10-22T05:49:09.551+0000] {processor.py:208} INFO - Processing /home/airflow/.local/lib/python3.12/site-packages/airflow/example_dags/example_branch_day_of_week_operator.py took 0.083 seconds
[2024-10-22T05:49:40.001+0000] {processor.py:186} INFO - Started process (PID=74224) to work on /home/airflow/.local/lib/python3.12/site-packages/airflow/example_dags/example_branch_day_of_week_operator.py
[2024-10-22T05:49:40.003+0000] {processor.py:914} INFO - Processing file /home/airflow/.local/lib/python3.12/site-packages/airflow/example_dags/example_branch_day_of_week_operator.py for tasks to queue
[2024-10-22T05:49:40.004+0000] {logging_mixin.py:190} INFO - [2024-10-22T05:49:40.004+0000] {dagbag.py:588} INFO - Filling up the DagBag from /home/airflow/.local/lib/python3.12/site-packages/airflow/example_dags/example_branch_day_of_week_operator.py
[2024-10-22T05:49:40.015+0000] {processor.py:925} INFO - DAG(s) 'example_weekday_branch_operator' retrieved from /home/airflow/.local/lib/python3.12/site-packages/airflow/example_dags/example_branch_day_of_week_operator.py
[2024-10-22T05:49:40.038+0000] {logging_mixin.py:190} INFO - [2024-10-22T05:49:40.038+0000] {dag.py:3239} INFO - Sync 1 DAGs
[2024-10-22T05:49:40.066+0000] {logging_mixin.py:190} INFO - [2024-10-22T05:49:40.065+0000] {dag.py:4180} INFO - Setting next_dagrun for example_weekday_branch_operator to 2024-10-21 00:00:00+00:00, run_after=2024-10-22 00:00:00+00:00
[2024-10-22T05:49:40.082+0000] {processor.py:208} INFO - Processing /home/airflow/.local/lib/python3.12/site-packages/airflow/example_dags/example_branch_day_of_week_operator.py took 0.089 seconds
[2024-10-22T05:50:10.519+0000] {processor.py:186} INFO - Started process (PID=74291) to work on /home/airflow/.local/lib/python3.12/site-packages/airflow/example_dags/example_branch_day_of_week_operator.py
[2024-10-22T05:50:10.520+0000] {processor.py:914} INFO - Processing file /home/airflow/.local/lib/python3.12/site-packages/airflow/example_dags/example_branch_day_of_week_operator.py for tasks to queue
[2024-10-22T05:50:10.522+0000] {logging_mixin.py:190} INFO - [2024-10-22T05:50:10.521+0000] {dagbag.py:588} INFO - Filling up the DagBag from /home/airflow/.local/lib/python3.12/site-packages/airflow/example_dags/example_branch_day_of_week_operator.py
[2024-10-22T05:50:10.529+0000] {processor.py:925} INFO - DAG(s) 'example_weekday_branch_operator' retrieved from /home/airflow/.local/lib/python3.12/site-packages/airflow/example_dags/example_branch_day_of_week_operator.py
[2024-10-22T05:50:10.552+0000] {logging_mixin.py:190} INFO - [2024-10-22T05:50:10.552+0000] {dag.py:3239} INFO - Sync 1 DAGs
[2024-10-22T05:50:10.576+0000] {logging_mixin.py:190} INFO - [2024-10-22T05:50:10.576+0000] {dag.py:4180} INFO - Setting next_dagrun for example_weekday_branch_operator to 2024-10-21 00:00:00+00:00, run_after=2024-10-22 00:00:00+00:00
[2024-10-22T05:50:10.592+0000] {processor.py:208} INFO - Processing /home/airflow/.local/lib/python3.12/site-packages/airflow/example_dags/example_branch_day_of_week_operator.py took 0.080 seconds
[2024-10-22T05:50:40.947+0000] {processor.py:186} INFO - Started process (PID=74358) to work on /home/airflow/.local/lib/python3.12/site-packages/airflow/example_dags/example_branch_day_of_week_operator.py
[2024-10-22T05:50:40.948+0000] {processor.py:914} INFO - Processing file /home/airflow/.local/lib/python3.12/site-packages/airflow/example_dags/example_branch_day_of_week_operator.py for tasks to queue
[2024-10-22T05:50:40.950+0000] {logging_mixin.py:190} INFO - [2024-10-22T05:50:40.949+0000] {dagbag.py:588} INFO - Filling up the DagBag from /home/airflow/.local/lib/python3.12/site-packages/airflow/example_dags/example_branch_day_of_week_operator.py
[2024-10-22T05:50:40.957+0000] {processor.py:925} INFO - DAG(s) 'example_weekday_branch_operator' retrieved from /home/airflow/.local/lib/python3.12/site-packages/airflow/example_dags/example_branch_day_of_week_operator.py
[2024-10-22T05:50:40.980+0000] {logging_mixin.py:190} INFO - [2024-10-22T05:50:40.979+0000] {dag.py:3239} INFO - Sync 1 DAGs
[2024-10-22T05:50:41.005+0000] {logging_mixin.py:190} INFO - [2024-10-22T05:50:41.004+0000] {dag.py:4180} INFO - Setting next_dagrun for example_weekday_branch_operator to 2024-10-21 00:00:00+00:00, run_after=2024-10-22 00:00:00+00:00
[2024-10-22T05:50:41.022+0000] {processor.py:208} INFO - Processing /home/airflow/.local/lib/python3.12/site-packages/airflow/example_dags/example_branch_day_of_week_operator.py took 0.082 seconds
[2024-10-22T05:51:11.539+0000] {processor.py:186} INFO - Started process (PID=74425) to work on /home/airflow/.local/lib/python3.12/site-packages/airflow/example_dags/example_branch_day_of_week_operator.py
[2024-10-22T05:51:11.540+0000] {processor.py:914} INFO - Processing file /home/airflow/.local/lib/python3.12/site-packages/airflow/example_dags/example_branch_day_of_week_operator.py for tasks to queue
[2024-10-22T05:51:11.542+0000] {logging_mixin.py:190} INFO - [2024-10-22T05:51:11.541+0000] {dagbag.py:588} INFO - Filling up the DagBag from /home/airflow/.local/lib/python3.12/site-packages/airflow/example_dags/example_branch_day_of_week_operator.py
[2024-10-22T05:51:11.552+0000] {processor.py:925} INFO - DAG(s) 'example_weekday_branch_operator' retrieved from /home/airflow/.local/lib/python3.12/site-packages/airflow/example_dags/example_branch_day_of_week_operator.py
[2024-10-22T05:51:11.573+0000] {logging_mixin.py:190} INFO - [2024-10-22T05:51:11.573+0000] {dag.py:3239} INFO - Sync 1 DAGs
[2024-10-22T05:51:11.598+0000] {logging_mixin.py:190} INFO - [2024-10-22T05:51:11.598+0000] {dag.py:4180} INFO - Setting next_dagrun for example_weekday_branch_operator to 2024-10-21 00:00:00+00:00, run_after=2024-10-22 00:00:00+00:00
[2024-10-22T05:51:11.614+0000] {processor.py:208} INFO - Processing /home/airflow/.local/lib/python3.12/site-packages/airflow/example_dags/example_branch_day_of_week_operator.py took 0.082 seconds
[2024-10-22T05:51:42.183+0000] {processor.py:186} INFO - Started process (PID=74492) to work on /home/airflow/.local/lib/python3.12/site-packages/airflow/example_dags/example_branch_day_of_week_operator.py
[2024-10-22T05:51:42.184+0000] {processor.py:914} INFO - Processing file /home/airflow/.local/lib/python3.12/site-packages/airflow/example_dags/example_branch_day_of_week_operator.py for tasks to queue
[2024-10-22T05:51:42.186+0000] {logging_mixin.py:190} INFO - [2024-10-22T05:51:42.185+0000] {dagbag.py:588} INFO - Filling up the DagBag from /home/airflow/.local/lib/python3.12/site-packages/airflow/example_dags/example_branch_day_of_week_operator.py
[2024-10-22T05:51:42.194+0000] {processor.py:925} INFO - DAG(s) 'example_weekday_branch_operator' retrieved from /home/airflow/.local/lib/python3.12/site-packages/airflow/example_dags/example_branch_day_of_week_operator.py
[2024-10-22T05:51:42.217+0000] {logging_mixin.py:190} INFO - [2024-10-22T05:51:42.217+0000] {dag.py:3239} INFO - Sync 1 DAGs
[2024-10-22T05:51:42.242+0000] {logging_mixin.py:190} INFO - [2024-10-22T05:51:42.241+0000] {dag.py:4180} INFO - Setting next_dagrun for example_weekday_branch_operator to 2024-10-21 00:00:00+00:00, run_after=2024-10-22 00:00:00+00:00
[2024-10-22T05:51:42.258+0000] {processor.py:208} INFO - Processing /home/airflow/.local/lib/python3.12/site-packages/airflow/example_dags/example_branch_day_of_week_operator.py took 0.083 seconds
[2024-10-22T05:52:12.674+0000] {processor.py:186} INFO - Started process (PID=74559) to work on /home/airflow/.local/lib/python3.12/site-packages/airflow/example_dags/example_branch_day_of_week_operator.py
[2024-10-22T05:52:12.675+0000] {processor.py:914} INFO - Processing file /home/airflow/.local/lib/python3.12/site-packages/airflow/example_dags/example_branch_day_of_week_operator.py for tasks to queue
[2024-10-22T05:52:12.677+0000] {logging_mixin.py:190} INFO - [2024-10-22T05:52:12.676+0000] {dagbag.py:588} INFO - Filling up the DagBag from /home/airflow/.local/lib/python3.12/site-packages/airflow/example_dags/example_branch_day_of_week_operator.py
[2024-10-22T05:52:12.685+0000] {processor.py:925} INFO - DAG(s) 'example_weekday_branch_operator' retrieved from /home/airflow/.local/lib/python3.12/site-packages/airflow/example_dags/example_branch_day_of_week_operator.py
[2024-10-22T05:52:12.706+0000] {logging_mixin.py:190} INFO - [2024-10-22T05:52:12.706+0000] {dag.py:3239} INFO - Sync 1 DAGs
[2024-10-22T05:52:12.730+0000] {logging_mixin.py:190} INFO - [2024-10-22T05:52:12.730+0000] {dag.py:4180} INFO - Setting next_dagrun for example_weekday_branch_operator to 2024-10-21 00:00:00+00:00, run_after=2024-10-22 00:00:00+00:00
[2024-10-22T05:52:12.747+0000] {processor.py:208} INFO - Processing /home/airflow/.local/lib/python3.12/site-packages/airflow/example_dags/example_branch_day_of_week_operator.py took 0.080 seconds
[2024-10-22T05:52:43.453+0000] {processor.py:186} INFO - Started process (PID=74626) to work on /home/airflow/.local/lib/python3.12/site-packages/airflow/example_dags/example_branch_day_of_week_operator.py
[2024-10-22T05:52:43.454+0000] {processor.py:914} INFO - Processing file /home/airflow/.local/lib/python3.12/site-packages/airflow/example_dags/example_branch_day_of_week_operator.py for tasks to queue
[2024-10-22T05:52:43.456+0000] {logging_mixin.py:190} INFO - [2024-10-22T05:52:43.455+0000] {dagbag.py:588} INFO - Filling up the DagBag from /home/airflow/.local/lib/python3.12/site-packages/airflow/example_dags/example_branch_day_of_week_operator.py
[2024-10-22T05:52:43.463+0000] {processor.py:925} INFO - DAG(s) 'example_weekday_branch_operator' retrieved from /home/airflow/.local/lib/python3.12/site-packages/airflow/example_dags/example_branch_day_of_week_operator.py
[2024-10-22T05:52:43.486+0000] {logging_mixin.py:190} INFO - [2024-10-22T05:52:43.485+0000] {dag.py:3239} INFO - Sync 1 DAGs
[2024-10-22T05:52:43.510+0000] {logging_mixin.py:190} INFO - [2024-10-22T05:52:43.509+0000] {dag.py:4180} INFO - Setting next_dagrun for example_weekday_branch_operator to 2024-10-21 00:00:00+00:00, run_after=2024-10-22 00:00:00+00:00
[2024-10-22T05:52:43.526+0000] {processor.py:208} INFO - Processing /home/airflow/.local/lib/python3.12/site-packages/airflow/example_dags/example_branch_day_of_week_operator.py took 0.080 seconds
[2024-10-22T05:53:13.882+0000] {processor.py:186} INFO - Started process (PID=74693) to work on /home/airflow/.local/lib/python3.12/site-packages/airflow/example_dags/example_branch_day_of_week_operator.py
[2024-10-22T05:53:13.883+0000] {processor.py:914} INFO - Processing file /home/airflow/.local/lib/python3.12/site-packages/airflow/example_dags/example_branch_day_of_week_operator.py for tasks to queue
[2024-10-22T05:53:13.885+0000] {logging_mixin.py:190} INFO - [2024-10-22T05:53:13.884+0000] {dagbag.py:588} INFO - Filling up the DagBag from /home/airflow/.local/lib/python3.12/site-packages/airflow/example_dags/example_branch_day_of_week_operator.py
[2024-10-22T05:53:13.893+0000] {processor.py:925} INFO - DAG(s) 'example_weekday_branch_operator' retrieved from /home/airflow/.local/lib/python3.12/site-packages/airflow/example_dags/example_branch_day_of_week_operator.py
[2024-10-22T05:53:13.920+0000] {logging_mixin.py:190} INFO - [2024-10-22T05:53:13.920+0000] {dag.py:3239} INFO - Sync 1 DAGs
[2024-10-22T05:53:13.947+0000] {logging_mixin.py:190} INFO - [2024-10-22T05:53:13.946+0000] {dag.py:4180} INFO - Setting next_dagrun for example_weekday_branch_operator to 2024-10-21 00:00:00+00:00, run_after=2024-10-22 00:00:00+00:00
[2024-10-22T05:53:13.968+0000] {processor.py:208} INFO - Processing /home/airflow/.local/lib/python3.12/site-packages/airflow/example_dags/example_branch_day_of_week_operator.py took 0.093 seconds
[2024-10-22T05:53:44.676+0000] {processor.py:186} INFO - Started process (PID=74760) to work on /home/airflow/.local/lib/python3.12/site-packages/airflow/example_dags/example_branch_day_of_week_operator.py
[2024-10-22T05:53:44.677+0000] {processor.py:914} INFO - Processing file /home/airflow/.local/lib/python3.12/site-packages/airflow/example_dags/example_branch_day_of_week_operator.py for tasks to queue
[2024-10-22T05:53:44.678+0000] {logging_mixin.py:190} INFO - [2024-10-22T05:53:44.678+0000] {dagbag.py:588} INFO - Filling up the DagBag from /home/airflow/.local/lib/python3.12/site-packages/airflow/example_dags/example_branch_day_of_week_operator.py
[2024-10-22T05:53:44.687+0000] {processor.py:925} INFO - DAG(s) 'example_weekday_branch_operator' retrieved from /home/airflow/.local/lib/python3.12/site-packages/airflow/example_dags/example_branch_day_of_week_operator.py
[2024-10-22T05:53:44.715+0000] {logging_mixin.py:190} INFO - [2024-10-22T05:53:44.715+0000] {dag.py:3239} INFO - Sync 1 DAGs
[2024-10-22T05:53:44.746+0000] {logging_mixin.py:190} INFO - [2024-10-22T05:53:44.746+0000] {dag.py:4180} INFO - Setting next_dagrun for example_weekday_branch_operator to 2024-10-21 00:00:00+00:00, run_after=2024-10-22 00:00:00+00:00
[2024-10-22T05:53:44.764+0000] {processor.py:208} INFO - Processing /home/airflow/.local/lib/python3.12/site-packages/airflow/example_dags/example_branch_day_of_week_operator.py took 0.095 seconds
[2024-10-22T05:54:15.298+0000] {processor.py:186} INFO - Started process (PID=74827) to work on /home/airflow/.local/lib/python3.12/site-packages/airflow/example_dags/example_branch_day_of_week_operator.py
[2024-10-22T05:54:15.299+0000] {processor.py:914} INFO - Processing file /home/airflow/.local/lib/python3.12/site-packages/airflow/example_dags/example_branch_day_of_week_operator.py for tasks to queue
[2024-10-22T05:54:15.300+0000] {logging_mixin.py:190} INFO - [2024-10-22T05:54:15.300+0000] {dagbag.py:588} INFO - Filling up the DagBag from /home/airflow/.local/lib/python3.12/site-packages/airflow/example_dags/example_branch_day_of_week_operator.py
[2024-10-22T05:54:15.308+0000] {processor.py:925} INFO - DAG(s) 'example_weekday_branch_operator' retrieved from /home/airflow/.local/lib/python3.12/site-packages/airflow/example_dags/example_branch_day_of_week_operator.py
[2024-10-22T05:54:15.331+0000] {logging_mixin.py:190} INFO - [2024-10-22T05:54:15.330+0000] {dag.py:3239} INFO - Sync 1 DAGs
[2024-10-22T05:54:15.355+0000] {logging_mixin.py:190} INFO - [2024-10-22T05:54:15.355+0000] {dag.py:4180} INFO - Setting next_dagrun for example_weekday_branch_operator to 2024-10-21 00:00:00+00:00, run_after=2024-10-22 00:00:00+00:00
[2024-10-22T05:54:15.372+0000] {processor.py:208} INFO - Processing /home/airflow/.local/lib/python3.12/site-packages/airflow/example_dags/example_branch_day_of_week_operator.py took 0.081 seconds
[2024-10-22T05:54:46.073+0000] {processor.py:186} INFO - Started process (PID=74894) to work on /home/airflow/.local/lib/python3.12/site-packages/airflow/example_dags/example_branch_day_of_week_operator.py
[2024-10-22T05:54:46.074+0000] {processor.py:914} INFO - Processing file /home/airflow/.local/lib/python3.12/site-packages/airflow/example_dags/example_branch_day_of_week_operator.py for tasks to queue
[2024-10-22T05:54:46.075+0000] {logging_mixin.py:190} INFO - [2024-10-22T05:54:46.075+0000] {dagbag.py:588} INFO - Filling up the DagBag from /home/airflow/.local/lib/python3.12/site-packages/airflow/example_dags/example_branch_day_of_week_operator.py
[2024-10-22T05:54:46.083+0000] {processor.py:925} INFO - DAG(s) 'example_weekday_branch_operator' retrieved from /home/airflow/.local/lib/python3.12/site-packages/airflow/example_dags/example_branch_day_of_week_operator.py
[2024-10-22T05:54:46.107+0000] {logging_mixin.py:190} INFO - [2024-10-22T05:54:46.107+0000] {dag.py:3239} INFO - Sync 1 DAGs
[2024-10-22T05:54:46.132+0000] {logging_mixin.py:190} INFO - [2024-10-22T05:54:46.132+0000] {dag.py:4180} INFO - Setting next_dagrun for example_weekday_branch_operator to 2024-10-21 00:00:00+00:00, run_after=2024-10-22 00:00:00+00:00
[2024-10-22T05:54:46.150+0000] {processor.py:208} INFO - Processing /home/airflow/.local/lib/python3.12/site-packages/airflow/example_dags/example_branch_day_of_week_operator.py took 0.085 seconds
[2024-10-22T06:16:52.431+0000] {processor.py:186} INFO - Started process (PID=74971) to work on /home/airflow/.local/lib/python3.12/site-packages/airflow/example_dags/example_branch_day_of_week_operator.py
[2024-10-22T06:16:52.433+0000] {processor.py:914} INFO - Processing file /home/airflow/.local/lib/python3.12/site-packages/airflow/example_dags/example_branch_day_of_week_operator.py for tasks to queue
[2024-10-22T06:16:52.434+0000] {logging_mixin.py:190} INFO - [2024-10-22T06:16:52.434+0000] {dagbag.py:588} INFO - Filling up the DagBag from /home/airflow/.local/lib/python3.12/site-packages/airflow/example_dags/example_branch_day_of_week_operator.py
[2024-10-22T06:16:52.442+0000] {processor.py:925} INFO - DAG(s) 'example_weekday_branch_operator' retrieved from /home/airflow/.local/lib/python3.12/site-packages/airflow/example_dags/example_branch_day_of_week_operator.py
[2024-10-22T06:16:52.465+0000] {logging_mixin.py:190} INFO - [2024-10-22T06:16:52.464+0000] {dag.py:3239} INFO - Sync 1 DAGs
[2024-10-22T06:16:52.490+0000] {logging_mixin.py:190} INFO - [2024-10-22T06:16:52.490+0000] {dag.py:4180} INFO - Setting next_dagrun for example_weekday_branch_operator to 2024-10-21 00:00:00+00:00, run_after=2024-10-22 00:00:00+00:00
[2024-10-22T06:16:52.509+0000] {processor.py:208} INFO - Processing /home/airflow/.local/lib/python3.12/site-packages/airflow/example_dags/example_branch_day_of_week_operator.py took 0.085 seconds
[2024-10-22T06:17:22.935+0000] {processor.py:186} INFO - Started process (PID=75038) to work on /home/airflow/.local/lib/python3.12/site-packages/airflow/example_dags/example_branch_day_of_week_operator.py
[2024-10-22T06:17:22.936+0000] {processor.py:914} INFO - Processing file /home/airflow/.local/lib/python3.12/site-packages/airflow/example_dags/example_branch_day_of_week_operator.py for tasks to queue
[2024-10-22T06:17:22.938+0000] {logging_mixin.py:190} INFO - [2024-10-22T06:17:22.937+0000] {dagbag.py:588} INFO - Filling up the DagBag from /home/airflow/.local/lib/python3.12/site-packages/airflow/example_dags/example_branch_day_of_week_operator.py
[2024-10-22T06:17:22.946+0000] {processor.py:925} INFO - DAG(s) 'example_weekday_branch_operator' retrieved from /home/airflow/.local/lib/python3.12/site-packages/airflow/example_dags/example_branch_day_of_week_operator.py
[2024-10-22T06:17:22.971+0000] {logging_mixin.py:190} INFO - [2024-10-22T06:17:22.970+0000] {dag.py:3239} INFO - Sync 1 DAGs
[2024-10-22T06:17:22.997+0000] {logging_mixin.py:190} INFO - [2024-10-22T06:17:22.996+0000] {dag.py:4180} INFO - Setting next_dagrun for example_weekday_branch_operator to 2024-10-21 00:00:00+00:00, run_after=2024-10-22 00:00:00+00:00
[2024-10-22T06:17:23.014+0000] {processor.py:208} INFO - Processing /home/airflow/.local/lib/python3.12/site-packages/airflow/example_dags/example_branch_day_of_week_operator.py took 0.086 seconds
[2024-10-22T06:17:53.553+0000] {processor.py:186} INFO - Started process (PID=75105) to work on /home/airflow/.local/lib/python3.12/site-packages/airflow/example_dags/example_branch_day_of_week_operator.py
[2024-10-22T06:17:53.556+0000] {processor.py:914} INFO - Processing file /home/airflow/.local/lib/python3.12/site-packages/airflow/example_dags/example_branch_day_of_week_operator.py for tasks to queue
[2024-10-22T06:17:53.558+0000] {logging_mixin.py:190} INFO - [2024-10-22T06:17:53.557+0000] {dagbag.py:588} INFO - Filling up the DagBag from /home/airflow/.local/lib/python3.12/site-packages/airflow/example_dags/example_branch_day_of_week_operator.py
[2024-10-22T06:17:53.567+0000] {processor.py:925} INFO - DAG(s) 'example_weekday_branch_operator' retrieved from /home/airflow/.local/lib/python3.12/site-packages/airflow/example_dags/example_branch_day_of_week_operator.py
[2024-10-22T06:17:53.595+0000] {logging_mixin.py:190} INFO - [2024-10-22T06:17:53.594+0000] {dag.py:3239} INFO - Sync 1 DAGs
[2024-10-22T06:17:53.620+0000] {logging_mixin.py:190} INFO - [2024-10-22T06:17:53.620+0000] {dag.py:4180} INFO - Setting next_dagrun for example_weekday_branch_operator to 2024-10-21 00:00:00+00:00, run_after=2024-10-22 00:00:00+00:00
[2024-10-22T06:17:53.637+0000] {processor.py:208} INFO - Processing /home/airflow/.local/lib/python3.12/site-packages/airflow/example_dags/example_branch_day_of_week_operator.py took 0.091 seconds
[2024-10-22T06:18:23.923+0000] {processor.py:186} INFO - Started process (PID=75172) to work on /home/airflow/.local/lib/python3.12/site-packages/airflow/example_dags/example_branch_day_of_week_operator.py
[2024-10-22T06:18:23.924+0000] {processor.py:914} INFO - Processing file /home/airflow/.local/lib/python3.12/site-packages/airflow/example_dags/example_branch_day_of_week_operator.py for tasks to queue
[2024-10-22T06:18:23.925+0000] {logging_mixin.py:190} INFO - [2024-10-22T06:18:23.925+0000] {dagbag.py:588} INFO - Filling up the DagBag from /home/airflow/.local/lib/python3.12/site-packages/airflow/example_dags/example_branch_day_of_week_operator.py
[2024-10-22T06:18:23.934+0000] {processor.py:925} INFO - DAG(s) 'example_weekday_branch_operator' retrieved from /home/airflow/.local/lib/python3.12/site-packages/airflow/example_dags/example_branch_day_of_week_operator.py
[2024-10-22T06:18:23.960+0000] {logging_mixin.py:190} INFO - [2024-10-22T06:18:23.960+0000] {dag.py:3239} INFO - Sync 1 DAGs
[2024-10-22T06:18:23.986+0000] {logging_mixin.py:190} INFO - [2024-10-22T06:18:23.986+0000] {dag.py:4180} INFO - Setting next_dagrun for example_weekday_branch_operator to 2024-10-21 00:00:00+00:00, run_after=2024-10-22 00:00:00+00:00
[2024-10-22T06:18:24.004+0000] {processor.py:208} INFO - Processing /home/airflow/.local/lib/python3.12/site-packages/airflow/example_dags/example_branch_day_of_week_operator.py took 0.088 seconds
[2024-10-22T06:18:54.953+0000] {processor.py:186} INFO - Started process (PID=75239) to work on /home/airflow/.local/lib/python3.12/site-packages/airflow/example_dags/example_branch_day_of_week_operator.py
[2024-10-22T06:18:54.954+0000] {processor.py:914} INFO - Processing file /home/airflow/.local/lib/python3.12/site-packages/airflow/example_dags/example_branch_day_of_week_operator.py for tasks to queue
[2024-10-22T06:18:54.955+0000] {logging_mixin.py:190} INFO - [2024-10-22T06:18:54.955+0000] {dagbag.py:588} INFO - Filling up the DagBag from /home/airflow/.local/lib/python3.12/site-packages/airflow/example_dags/example_branch_day_of_week_operator.py
[2024-10-22T06:18:54.963+0000] {processor.py:925} INFO - DAG(s) 'example_weekday_branch_operator' retrieved from /home/airflow/.local/lib/python3.12/site-packages/airflow/example_dags/example_branch_day_of_week_operator.py
[2024-10-22T06:18:54.988+0000] {logging_mixin.py:190} INFO - [2024-10-22T06:18:54.987+0000] {dag.py:3239} INFO - Sync 1 DAGs
[2024-10-22T06:18:55.013+0000] {logging_mixin.py:190} INFO - [2024-10-22T06:18:55.012+0000] {dag.py:4180} INFO - Setting next_dagrun for example_weekday_branch_operator to 2024-10-21 00:00:00+00:00, run_after=2024-10-22 00:00:00+00:00
[2024-10-22T06:18:55.030+0000] {processor.py:208} INFO - Processing /home/airflow/.local/lib/python3.12/site-packages/airflow/example_dags/example_branch_day_of_week_operator.py took 0.085 seconds
[2024-10-22T06:19:25.276+0000] {processor.py:186} INFO - Started process (PID=75306) to work on /home/airflow/.local/lib/python3.12/site-packages/airflow/example_dags/example_branch_day_of_week_operator.py
[2024-10-22T06:19:25.277+0000] {processor.py:914} INFO - Processing file /home/airflow/.local/lib/python3.12/site-packages/airflow/example_dags/example_branch_day_of_week_operator.py for tasks to queue
[2024-10-22T06:19:25.278+0000] {logging_mixin.py:190} INFO - [2024-10-22T06:19:25.278+0000] {dagbag.py:588} INFO - Filling up the DagBag from /home/airflow/.local/lib/python3.12/site-packages/airflow/example_dags/example_branch_day_of_week_operator.py
[2024-10-22T06:19:25.287+0000] {processor.py:925} INFO - DAG(s) 'example_weekday_branch_operator' retrieved from /home/airflow/.local/lib/python3.12/site-packages/airflow/example_dags/example_branch_day_of_week_operator.py
[2024-10-22T06:19:25.314+0000] {logging_mixin.py:190} INFO - [2024-10-22T06:19:25.313+0000] {dag.py:3239} INFO - Sync 1 DAGs
[2024-10-22T06:19:25.341+0000] {logging_mixin.py:190} INFO - [2024-10-22T06:19:25.341+0000] {dag.py:4180} INFO - Setting next_dagrun for example_weekday_branch_operator to 2024-10-21 00:00:00+00:00, run_after=2024-10-22 00:00:00+00:00
[2024-10-22T06:19:25.359+0000] {processor.py:208} INFO - Processing /home/airflow/.local/lib/python3.12/site-packages/airflow/example_dags/example_branch_day_of_week_operator.py took 0.091 seconds
[2024-10-22T06:19:55.692+0000] {processor.py:186} INFO - Started process (PID=75372) to work on /home/airflow/.local/lib/python3.12/site-packages/airflow/example_dags/example_branch_day_of_week_operator.py
[2024-10-22T06:19:55.694+0000] {processor.py:914} INFO - Processing file /home/airflow/.local/lib/python3.12/site-packages/airflow/example_dags/example_branch_day_of_week_operator.py for tasks to queue
[2024-10-22T06:19:55.695+0000] {logging_mixin.py:190} INFO - [2024-10-22T06:19:55.695+0000] {dagbag.py:588} INFO - Filling up the DagBag from /home/airflow/.local/lib/python3.12/site-packages/airflow/example_dags/example_branch_day_of_week_operator.py
[2024-10-22T06:19:55.704+0000] {processor.py:925} INFO - DAG(s) 'example_weekday_branch_operator' retrieved from /home/airflow/.local/lib/python3.12/site-packages/airflow/example_dags/example_branch_day_of_week_operator.py
[2024-10-22T06:19:55.729+0000] {logging_mixin.py:190} INFO - [2024-10-22T06:19:55.729+0000] {dag.py:3239} INFO - Sync 1 DAGs
[2024-10-22T06:19:55.755+0000] {logging_mixin.py:190} INFO - [2024-10-22T06:19:55.755+0000] {dag.py:4180} INFO - Setting next_dagrun for example_weekday_branch_operator to 2024-10-21 00:00:00+00:00, run_after=2024-10-22 00:00:00+00:00
[2024-10-22T06:19:55.776+0000] {processor.py:208} INFO - Processing /home/airflow/.local/lib/python3.12/site-packages/airflow/example_dags/example_branch_day_of_week_operator.py took 0.091 seconds
[2024-10-22T06:20:26.031+0000] {processor.py:186} INFO - Started process (PID=75438) to work on /home/airflow/.local/lib/python3.12/site-packages/airflow/example_dags/example_branch_day_of_week_operator.py
[2024-10-22T06:20:26.032+0000] {processor.py:914} INFO - Processing file /home/airflow/.local/lib/python3.12/site-packages/airflow/example_dags/example_branch_day_of_week_operator.py for tasks to queue
[2024-10-22T06:20:26.033+0000] {logging_mixin.py:190} INFO - [2024-10-22T06:20:26.033+0000] {dagbag.py:588} INFO - Filling up the DagBag from /home/airflow/.local/lib/python3.12/site-packages/airflow/example_dags/example_branch_day_of_week_operator.py
[2024-10-22T06:20:26.041+0000] {processor.py:925} INFO - DAG(s) 'example_weekday_branch_operator' retrieved from /home/airflow/.local/lib/python3.12/site-packages/airflow/example_dags/example_branch_day_of_week_operator.py
[2024-10-22T06:20:26.067+0000] {logging_mixin.py:190} INFO - [2024-10-22T06:20:26.066+0000] {dag.py:3239} INFO - Sync 1 DAGs
[2024-10-22T06:20:26.092+0000] {logging_mixin.py:190} INFO - [2024-10-22T06:20:26.092+0000] {dag.py:4180} INFO - Setting next_dagrun for example_weekday_branch_operator to 2024-10-21 00:00:00+00:00, run_after=2024-10-22 00:00:00+00:00
[2024-10-22T06:20:26.109+0000] {processor.py:208} INFO - Processing /home/airflow/.local/lib/python3.12/site-packages/airflow/example_dags/example_branch_day_of_week_operator.py took 0.086 seconds
[2024-10-22T06:20:56.440+0000] {processor.py:186} INFO - Started process (PID=75505) to work on /home/airflow/.local/lib/python3.12/site-packages/airflow/example_dags/example_branch_day_of_week_operator.py
[2024-10-22T06:20:56.442+0000] {processor.py:914} INFO - Processing file /home/airflow/.local/lib/python3.12/site-packages/airflow/example_dags/example_branch_day_of_week_operator.py for tasks to queue
[2024-10-22T06:20:56.443+0000] {logging_mixin.py:190} INFO - [2024-10-22T06:20:56.443+0000] {dagbag.py:588} INFO - Filling up the DagBag from /home/airflow/.local/lib/python3.12/site-packages/airflow/example_dags/example_branch_day_of_week_operator.py
[2024-10-22T06:20:56.451+0000] {processor.py:925} INFO - DAG(s) 'example_weekday_branch_operator' retrieved from /home/airflow/.local/lib/python3.12/site-packages/airflow/example_dags/example_branch_day_of_week_operator.py
[2024-10-22T06:20:56.476+0000] {logging_mixin.py:190} INFO - [2024-10-22T06:20:56.476+0000] {dag.py:3239} INFO - Sync 1 DAGs
[2024-10-22T06:20:56.501+0000] {logging_mixin.py:190} INFO - [2024-10-22T06:20:56.500+0000] {dag.py:4180} INFO - Setting next_dagrun for example_weekday_branch_operator to 2024-10-21 00:00:00+00:00, run_after=2024-10-22 00:00:00+00:00
[2024-10-22T06:20:56.517+0000] {processor.py:208} INFO - Processing /home/airflow/.local/lib/python3.12/site-packages/airflow/example_dags/example_branch_day_of_week_operator.py took 0.083 seconds
[2024-10-22T06:21:26.922+0000] {processor.py:186} INFO - Started process (PID=75572) to work on /home/airflow/.local/lib/python3.12/site-packages/airflow/example_dags/example_branch_day_of_week_operator.py
[2024-10-22T06:21:26.923+0000] {processor.py:914} INFO - Processing file /home/airflow/.local/lib/python3.12/site-packages/airflow/example_dags/example_branch_day_of_week_operator.py for tasks to queue
[2024-10-22T06:21:26.924+0000] {logging_mixin.py:190} INFO - [2024-10-22T06:21:26.924+0000] {dagbag.py:588} INFO - Filling up the DagBag from /home/airflow/.local/lib/python3.12/site-packages/airflow/example_dags/example_branch_day_of_week_operator.py
[2024-10-22T06:21:26.932+0000] {processor.py:925} INFO - DAG(s) 'example_weekday_branch_operator' retrieved from /home/airflow/.local/lib/python3.12/site-packages/airflow/example_dags/example_branch_day_of_week_operator.py
[2024-10-22T06:21:26.955+0000] {logging_mixin.py:190} INFO - [2024-10-22T06:21:26.955+0000] {dag.py:3239} INFO - Sync 1 DAGs
[2024-10-22T06:21:26.983+0000] {logging_mixin.py:190} INFO - [2024-10-22T06:21:26.982+0000] {dag.py:4180} INFO - Setting next_dagrun for example_weekday_branch_operator to 2024-10-21 00:00:00+00:00, run_after=2024-10-22 00:00:00+00:00
[2024-10-22T06:21:27.002+0000] {processor.py:208} INFO - Processing /home/airflow/.local/lib/python3.12/site-packages/airflow/example_dags/example_branch_day_of_week_operator.py took 0.087 seconds
[2024-10-22T06:21:57.262+0000] {processor.py:186} INFO - Started process (PID=75639) to work on /home/airflow/.local/lib/python3.12/site-packages/airflow/example_dags/example_branch_day_of_week_operator.py
[2024-10-22T06:21:57.263+0000] {processor.py:914} INFO - Processing file /home/airflow/.local/lib/python3.12/site-packages/airflow/example_dags/example_branch_day_of_week_operator.py for tasks to queue
[2024-10-22T06:21:57.264+0000] {logging_mixin.py:190} INFO - [2024-10-22T06:21:57.264+0000] {dagbag.py:588} INFO - Filling up the DagBag from /home/airflow/.local/lib/python3.12/site-packages/airflow/example_dags/example_branch_day_of_week_operator.py
[2024-10-22T06:21:57.274+0000] {processor.py:925} INFO - DAG(s) 'example_weekday_branch_operator' retrieved from /home/airflow/.local/lib/python3.12/site-packages/airflow/example_dags/example_branch_day_of_week_operator.py
[2024-10-22T06:21:57.297+0000] {logging_mixin.py:190} INFO - [2024-10-22T06:21:57.297+0000] {dag.py:3239} INFO - Sync 1 DAGs
[2024-10-22T06:21:57.322+0000] {logging_mixin.py:190} INFO - [2024-10-22T06:21:57.322+0000] {dag.py:4180} INFO - Setting next_dagrun for example_weekday_branch_operator to 2024-10-21 00:00:00+00:00, run_after=2024-10-22 00:00:00+00:00
[2024-10-22T06:21:57.340+0000] {processor.py:208} INFO - Processing /home/airflow/.local/lib/python3.12/site-packages/airflow/example_dags/example_branch_day_of_week_operator.py took 0.085 seconds
[2024-10-22T06:22:27.490+0000] {processor.py:186} INFO - Started process (PID=75706) to work on /home/airflow/.local/lib/python3.12/site-packages/airflow/example_dags/example_branch_day_of_week_operator.py
[2024-10-22T06:22:27.491+0000] {processor.py:914} INFO - Processing file /home/airflow/.local/lib/python3.12/site-packages/airflow/example_dags/example_branch_day_of_week_operator.py for tasks to queue
[2024-10-22T06:22:27.493+0000] {logging_mixin.py:190} INFO - [2024-10-22T06:22:27.492+0000] {dagbag.py:588} INFO - Filling up the DagBag from /home/airflow/.local/lib/python3.12/site-packages/airflow/example_dags/example_branch_day_of_week_operator.py
[2024-10-22T06:22:27.501+0000] {processor.py:925} INFO - DAG(s) 'example_weekday_branch_operator' retrieved from /home/airflow/.local/lib/python3.12/site-packages/airflow/example_dags/example_branch_day_of_week_operator.py
[2024-10-22T06:22:27.525+0000] {logging_mixin.py:190} INFO - [2024-10-22T06:22:27.525+0000] {dag.py:3239} INFO - Sync 1 DAGs
[2024-10-22T06:22:27.550+0000] {logging_mixin.py:190} INFO - [2024-10-22T06:22:27.550+0000] {dag.py:4180} INFO - Setting next_dagrun for example_weekday_branch_operator to 2024-10-21 00:00:00+00:00, run_after=2024-10-22 00:00:00+00:00
[2024-10-22T06:22:27.567+0000] {processor.py:208} INFO - Processing /home/airflow/.local/lib/python3.12/site-packages/airflow/example_dags/example_branch_day_of_week_operator.py took 0.086 seconds
[2024-10-22T06:22:58.563+0000] {processor.py:186} INFO - Started process (PID=75773) to work on /home/airflow/.local/lib/python3.12/site-packages/airflow/example_dags/example_branch_day_of_week_operator.py
[2024-10-22T06:22:58.565+0000] {processor.py:914} INFO - Processing file /home/airflow/.local/lib/python3.12/site-packages/airflow/example_dags/example_branch_day_of_week_operator.py for tasks to queue
[2024-10-22T06:22:58.566+0000] {logging_mixin.py:190} INFO - [2024-10-22T06:22:58.566+0000] {dagbag.py:588} INFO - Filling up the DagBag from /home/airflow/.local/lib/python3.12/site-packages/airflow/example_dags/example_branch_day_of_week_operator.py
[2024-10-22T06:22:58.574+0000] {processor.py:925} INFO - DAG(s) 'example_weekday_branch_operator' retrieved from /home/airflow/.local/lib/python3.12/site-packages/airflow/example_dags/example_branch_day_of_week_operator.py
[2024-10-22T06:22:58.598+0000] {logging_mixin.py:190} INFO - [2024-10-22T06:22:58.598+0000] {dag.py:3239} INFO - Sync 1 DAGs
[2024-10-22T06:22:58.626+0000] {logging_mixin.py:190} INFO - [2024-10-22T06:22:58.626+0000] {dag.py:4180} INFO - Setting next_dagrun for example_weekday_branch_operator to 2024-10-21 00:00:00+00:00, run_after=2024-10-22 00:00:00+00:00
[2024-10-22T06:22:58.645+0000] {processor.py:208} INFO - Processing /home/airflow/.local/lib/python3.12/site-packages/airflow/example_dags/example_branch_day_of_week_operator.py took 0.089 seconds
[2024-10-22T06:23:29.607+0000] {processor.py:186} INFO - Started process (PID=75840) to work on /home/airflow/.local/lib/python3.12/site-packages/airflow/example_dags/example_branch_day_of_week_operator.py
[2024-10-22T06:23:29.608+0000] {processor.py:914} INFO - Processing file /home/airflow/.local/lib/python3.12/site-packages/airflow/example_dags/example_branch_day_of_week_operator.py for tasks to queue
[2024-10-22T06:23:29.610+0000] {logging_mixin.py:190} INFO - [2024-10-22T06:23:29.609+0000] {dagbag.py:588} INFO - Filling up the DagBag from /home/airflow/.local/lib/python3.12/site-packages/airflow/example_dags/example_branch_day_of_week_operator.py
[2024-10-22T06:23:29.618+0000] {processor.py:925} INFO - DAG(s) 'example_weekday_branch_operator' retrieved from /home/airflow/.local/lib/python3.12/site-packages/airflow/example_dags/example_branch_day_of_week_operator.py
[2024-10-22T06:23:29.642+0000] {logging_mixin.py:190} INFO - [2024-10-22T06:23:29.642+0000] {dag.py:3239} INFO - Sync 1 DAGs
[2024-10-22T06:23:29.670+0000] {logging_mixin.py:190} INFO - [2024-10-22T06:23:29.670+0000] {dag.py:4180} INFO - Setting next_dagrun for example_weekday_branch_operator to 2024-10-21 00:00:00+00:00, run_after=2024-10-22 00:00:00+00:00
[2024-10-22T06:23:29.690+0000] {processor.py:208} INFO - Processing /home/airflow/.local/lib/python3.12/site-packages/airflow/example_dags/example_branch_day_of_week_operator.py took 0.091 seconds
[2024-10-22T06:24:00.893+0000] {processor.py:186} INFO - Started process (PID=75907) to work on /home/airflow/.local/lib/python3.12/site-packages/airflow/example_dags/example_branch_day_of_week_operator.py
[2024-10-22T06:24:00.894+0000] {processor.py:914} INFO - Processing file /home/airflow/.local/lib/python3.12/site-packages/airflow/example_dags/example_branch_day_of_week_operator.py for tasks to queue
[2024-10-22T06:24:00.895+0000] {logging_mixin.py:190} INFO - [2024-10-22T06:24:00.895+0000] {dagbag.py:588} INFO - Filling up the DagBag from /home/airflow/.local/lib/python3.12/site-packages/airflow/example_dags/example_branch_day_of_week_operator.py
[2024-10-22T06:24:00.904+0000] {processor.py:925} INFO - DAG(s) 'example_weekday_branch_operator' retrieved from /home/airflow/.local/lib/python3.12/site-packages/airflow/example_dags/example_branch_day_of_week_operator.py
[2024-10-22T06:24:00.932+0000] {logging_mixin.py:190} INFO - [2024-10-22T06:24:00.931+0000] {dag.py:3239} INFO - Sync 1 DAGs
[2024-10-22T06:24:00.957+0000] {logging_mixin.py:190} INFO - [2024-10-22T06:24:00.957+0000] {dag.py:4180} INFO - Setting next_dagrun for example_weekday_branch_operator to 2024-10-21 00:00:00+00:00, run_after=2024-10-22 00:00:00+00:00
[2024-10-22T06:24:00.974+0000] {processor.py:208} INFO - Processing /home/airflow/.local/lib/python3.12/site-packages/airflow/example_dags/example_branch_day_of_week_operator.py took 0.088 seconds
[2024-10-22T06:24:31.965+0000] {processor.py:186} INFO - Started process (PID=75974) to work on /home/airflow/.local/lib/python3.12/site-packages/airflow/example_dags/example_branch_day_of_week_operator.py
[2024-10-22T06:24:31.966+0000] {processor.py:914} INFO - Processing file /home/airflow/.local/lib/python3.12/site-packages/airflow/example_dags/example_branch_day_of_week_operator.py for tasks to queue
[2024-10-22T06:24:31.968+0000] {logging_mixin.py:190} INFO - [2024-10-22T06:24:31.967+0000] {dagbag.py:588} INFO - Filling up the DagBag from /home/airflow/.local/lib/python3.12/site-packages/airflow/example_dags/example_branch_day_of_week_operator.py
[2024-10-22T06:24:31.977+0000] {processor.py:925} INFO - DAG(s) 'example_weekday_branch_operator' retrieved from /home/airflow/.local/lib/python3.12/site-packages/airflow/example_dags/example_branch_day_of_week_operator.py
[2024-10-22T06:24:32.004+0000] {logging_mixin.py:190} INFO - [2024-10-22T06:24:32.003+0000] {dag.py:3239} INFO - Sync 1 DAGs
[2024-10-22T06:24:32.036+0000] {logging_mixin.py:190} INFO - [2024-10-22T06:24:32.036+0000] {dag.py:4180} INFO - Setting next_dagrun for example_weekday_branch_operator to 2024-10-21 00:00:00+00:00, run_after=2024-10-22 00:00:00+00:00
[2024-10-22T06:24:32.062+0000] {processor.py:208} INFO - Processing /home/airflow/.local/lib/python3.12/site-packages/airflow/example_dags/example_branch_day_of_week_operator.py took 0.105 seconds
[2024-10-22T06:25:02.534+0000] {processor.py:186} INFO - Started process (PID=76041) to work on /home/airflow/.local/lib/python3.12/site-packages/airflow/example_dags/example_branch_day_of_week_operator.py
[2024-10-22T06:25:02.535+0000] {processor.py:914} INFO - Processing file /home/airflow/.local/lib/python3.12/site-packages/airflow/example_dags/example_branch_day_of_week_operator.py for tasks to queue
[2024-10-22T06:25:02.537+0000] {logging_mixin.py:190} INFO - [2024-10-22T06:25:02.537+0000] {dagbag.py:588} INFO - Filling up the DagBag from /home/airflow/.local/lib/python3.12/site-packages/airflow/example_dags/example_branch_day_of_week_operator.py
[2024-10-22T06:25:02.547+0000] {processor.py:925} INFO - DAG(s) 'example_weekday_branch_operator' retrieved from /home/airflow/.local/lib/python3.12/site-packages/airflow/example_dags/example_branch_day_of_week_operator.py
[2024-10-22T06:25:02.592+0000] {logging_mixin.py:190} INFO - [2024-10-22T06:25:02.592+0000] {dag.py:3239} INFO - Sync 1 DAGs
[2024-10-22T06:25:02.627+0000] {logging_mixin.py:190} INFO - [2024-10-22T06:25:02.626+0000] {dag.py:4180} INFO - Setting next_dagrun for example_weekday_branch_operator to 2024-10-21 00:00:00+00:00, run_after=2024-10-22 00:00:00+00:00
[2024-10-22T06:25:02.652+0000] {processor.py:208} INFO - Processing /home/airflow/.local/lib/python3.12/site-packages/airflow/example_dags/example_branch_day_of_week_operator.py took 0.130 seconds
[2024-10-22T06:25:32.960+0000] {processor.py:186} INFO - Started process (PID=76107) to work on /home/airflow/.local/lib/python3.12/site-packages/airflow/example_dags/example_branch_day_of_week_operator.py
[2024-10-22T06:25:32.962+0000] {processor.py:914} INFO - Processing file /home/airflow/.local/lib/python3.12/site-packages/airflow/example_dags/example_branch_day_of_week_operator.py for tasks to queue
[2024-10-22T06:25:32.964+0000] {logging_mixin.py:190} INFO - [2024-10-22T06:25:32.963+0000] {dagbag.py:588} INFO - Filling up the DagBag from /home/airflow/.local/lib/python3.12/site-packages/airflow/example_dags/example_branch_day_of_week_operator.py
[2024-10-22T06:25:32.979+0000] {processor.py:925} INFO - DAG(s) 'example_weekday_branch_operator' retrieved from /home/airflow/.local/lib/python3.12/site-packages/airflow/example_dags/example_branch_day_of_week_operator.py
[2024-10-22T06:25:33.013+0000] {logging_mixin.py:190} INFO - [2024-10-22T06:25:33.012+0000] {dag.py:3239} INFO - Sync 1 DAGs
[2024-10-22T06:25:33.050+0000] {logging_mixin.py:190} INFO - [2024-10-22T06:25:33.049+0000] {dag.py:4180} INFO - Setting next_dagrun for example_weekday_branch_operator to 2024-10-21 00:00:00+00:00, run_after=2024-10-22 00:00:00+00:00
[2024-10-22T06:25:33.074+0000] {processor.py:208} INFO - Processing /home/airflow/.local/lib/python3.12/site-packages/airflow/example_dags/example_branch_day_of_week_operator.py took 0.126 seconds
[2024-10-22T06:26:04.055+0000] {processor.py:186} INFO - Started process (PID=76174) to work on /home/airflow/.local/lib/python3.12/site-packages/airflow/example_dags/example_branch_day_of_week_operator.py
[2024-10-22T06:26:04.057+0000] {processor.py:914} INFO - Processing file /home/airflow/.local/lib/python3.12/site-packages/airflow/example_dags/example_branch_day_of_week_operator.py for tasks to queue
[2024-10-22T06:26:04.058+0000] {logging_mixin.py:190} INFO - [2024-10-22T06:26:04.058+0000] {dagbag.py:588} INFO - Filling up the DagBag from /home/airflow/.local/lib/python3.12/site-packages/airflow/example_dags/example_branch_day_of_week_operator.py
[2024-10-22T06:26:04.067+0000] {processor.py:925} INFO - DAG(s) 'example_weekday_branch_operator' retrieved from /home/airflow/.local/lib/python3.12/site-packages/airflow/example_dags/example_branch_day_of_week_operator.py
[2024-10-22T06:26:04.099+0000] {logging_mixin.py:190} INFO - [2024-10-22T06:26:04.099+0000] {dag.py:3239} INFO - Sync 1 DAGs
[2024-10-22T06:26:04.131+0000] {logging_mixin.py:190} INFO - [2024-10-22T06:26:04.130+0000] {dag.py:4180} INFO - Setting next_dagrun for example_weekday_branch_operator to 2024-10-21 00:00:00+00:00, run_after=2024-10-22 00:00:00+00:00
[2024-10-22T06:26:04.152+0000] {processor.py:208} INFO - Processing /home/airflow/.local/lib/python3.12/site-packages/airflow/example_dags/example_branch_day_of_week_operator.py took 0.106 seconds
[2024-10-22T06:26:34.791+0000] {processor.py:186} INFO - Started process (PID=76241) to work on /home/airflow/.local/lib/python3.12/site-packages/airflow/example_dags/example_branch_day_of_week_operator.py
[2024-10-22T06:26:34.792+0000] {processor.py:914} INFO - Processing file /home/airflow/.local/lib/python3.12/site-packages/airflow/example_dags/example_branch_day_of_week_operator.py for tasks to queue
[2024-10-22T06:26:34.794+0000] {logging_mixin.py:190} INFO - [2024-10-22T06:26:34.794+0000] {dagbag.py:588} INFO - Filling up the DagBag from /home/airflow/.local/lib/python3.12/site-packages/airflow/example_dags/example_branch_day_of_week_operator.py
[2024-10-22T06:26:34.803+0000] {processor.py:925} INFO - DAG(s) 'example_weekday_branch_operator' retrieved from /home/airflow/.local/lib/python3.12/site-packages/airflow/example_dags/example_branch_day_of_week_operator.py
[2024-10-22T06:26:34.831+0000] {logging_mixin.py:190} INFO - [2024-10-22T06:26:34.830+0000] {dag.py:3239} INFO - Sync 1 DAGs
[2024-10-22T06:26:34.861+0000] {logging_mixin.py:190} INFO - [2024-10-22T06:26:34.860+0000] {dag.py:4180} INFO - Setting next_dagrun for example_weekday_branch_operator to 2024-10-21 00:00:00+00:00, run_after=2024-10-22 00:00:00+00:00
[2024-10-22T06:26:34.887+0000] {processor.py:208} INFO - Processing /home/airflow/.local/lib/python3.12/site-packages/airflow/example_dags/example_branch_day_of_week_operator.py took 0.104 seconds
[2024-10-22T06:27:05.339+0000] {processor.py:186} INFO - Started process (PID=76307) to work on /home/airflow/.local/lib/python3.12/site-packages/airflow/example_dags/example_branch_day_of_week_operator.py
[2024-10-22T06:27:05.341+0000] {processor.py:914} INFO - Processing file /home/airflow/.local/lib/python3.12/site-packages/airflow/example_dags/example_branch_day_of_week_operator.py for tasks to queue
[2024-10-22T06:27:05.343+0000] {logging_mixin.py:190} INFO - [2024-10-22T06:27:05.342+0000] {dagbag.py:588} INFO - Filling up the DagBag from /home/airflow/.local/lib/python3.12/site-packages/airflow/example_dags/example_branch_day_of_week_operator.py
[2024-10-22T06:27:05.354+0000] {processor.py:925} INFO - DAG(s) 'example_weekday_branch_operator' retrieved from /home/airflow/.local/lib/python3.12/site-packages/airflow/example_dags/example_branch_day_of_week_operator.py
[2024-10-22T06:27:05.432+0000] {logging_mixin.py:190} INFO - [2024-10-22T06:27:05.431+0000] {dag.py:3239} INFO - Sync 1 DAGs
[2024-10-22T06:27:05.460+0000] {logging_mixin.py:190} INFO - [2024-10-22T06:27:05.459+0000] {dag.py:4180} INFO - Setting next_dagrun for example_weekday_branch_operator to 2024-10-21 00:00:00+00:00, run_after=2024-10-22 00:00:00+00:00
[2024-10-22T06:27:05.477+0000] {processor.py:208} INFO - Processing /home/airflow/.local/lib/python3.12/site-packages/airflow/example_dags/example_branch_day_of_week_operator.py took 0.147 seconds
[2024-10-22T06:27:35.726+0000] {processor.py:186} INFO - Started process (PID=76374) to work on /home/airflow/.local/lib/python3.12/site-packages/airflow/example_dags/example_branch_day_of_week_operator.py
[2024-10-22T06:27:35.727+0000] {processor.py:914} INFO - Processing file /home/airflow/.local/lib/python3.12/site-packages/airflow/example_dags/example_branch_day_of_week_operator.py for tasks to queue
[2024-10-22T06:27:35.729+0000] {logging_mixin.py:190} INFO - [2024-10-22T06:27:35.729+0000] {dagbag.py:588} INFO - Filling up the DagBag from /home/airflow/.local/lib/python3.12/site-packages/airflow/example_dags/example_branch_day_of_week_operator.py
[2024-10-22T06:27:35.740+0000] {processor.py:925} INFO - DAG(s) 'example_weekday_branch_operator' retrieved from /home/airflow/.local/lib/python3.12/site-packages/airflow/example_dags/example_branch_day_of_week_operator.py
[2024-10-22T06:27:35.768+0000] {logging_mixin.py:190} INFO - [2024-10-22T06:27:35.768+0000] {dag.py:3239} INFO - Sync 1 DAGs
[2024-10-22T06:27:35.810+0000] {logging_mixin.py:190} INFO - [2024-10-22T06:27:35.809+0000] {dag.py:4180} INFO - Setting next_dagrun for example_weekday_branch_operator to 2024-10-21 00:00:00+00:00, run_after=2024-10-22 00:00:00+00:00
[2024-10-22T06:27:35.838+0000] {processor.py:208} INFO - Processing /home/airflow/.local/lib/python3.12/site-packages/airflow/example_dags/example_branch_day_of_week_operator.py took 0.122 seconds
[2024-10-22T06:28:06.610+0000] {processor.py:186} INFO - Started process (PID=76446) to work on /home/airflow/.local/lib/python3.12/site-packages/airflow/example_dags/example_branch_day_of_week_operator.py
[2024-10-22T06:28:06.613+0000] {processor.py:914} INFO - Processing file /home/airflow/.local/lib/python3.12/site-packages/airflow/example_dags/example_branch_day_of_week_operator.py for tasks to queue
[2024-10-22T06:28:06.617+0000] {logging_mixin.py:190} INFO - [2024-10-22T06:28:06.617+0000] {dagbag.py:588} INFO - Filling up the DagBag from /home/airflow/.local/lib/python3.12/site-packages/airflow/example_dags/example_branch_day_of_week_operator.py
[2024-10-22T06:28:06.628+0000] {processor.py:925} INFO - DAG(s) 'example_weekday_branch_operator' retrieved from /home/airflow/.local/lib/python3.12/site-packages/airflow/example_dags/example_branch_day_of_week_operator.py
[2024-10-22T06:28:06.661+0000] {logging_mixin.py:190} INFO - [2024-10-22T06:28:06.660+0000] {dag.py:3239} INFO - Sync 1 DAGs
[2024-10-22T06:28:06.691+0000] {logging_mixin.py:190} INFO - [2024-10-22T06:28:06.690+0000] {dag.py:4180} INFO - Setting next_dagrun for example_weekday_branch_operator to 2024-10-21 00:00:00+00:00, run_after=2024-10-22 00:00:00+00:00
[2024-10-22T06:28:06.712+0000] {processor.py:208} INFO - Processing /home/airflow/.local/lib/python3.12/site-packages/airflow/example_dags/example_branch_day_of_week_operator.py took 0.112 seconds
[2024-10-22T06:28:37.157+0000] {processor.py:186} INFO - Started process (PID=76513) to work on /home/airflow/.local/lib/python3.12/site-packages/airflow/example_dags/example_branch_day_of_week_operator.py
[2024-10-22T06:28:37.158+0000] {processor.py:914} INFO - Processing file /home/airflow/.local/lib/python3.12/site-packages/airflow/example_dags/example_branch_day_of_week_operator.py for tasks to queue
[2024-10-22T06:28:37.160+0000] {logging_mixin.py:190} INFO - [2024-10-22T06:28:37.159+0000] {dagbag.py:588} INFO - Filling up the DagBag from /home/airflow/.local/lib/python3.12/site-packages/airflow/example_dags/example_branch_day_of_week_operator.py
[2024-10-22T06:28:37.168+0000] {processor.py:925} INFO - DAG(s) 'example_weekday_branch_operator' retrieved from /home/airflow/.local/lib/python3.12/site-packages/airflow/example_dags/example_branch_day_of_week_operator.py
[2024-10-22T06:28:37.195+0000] {logging_mixin.py:190} INFO - [2024-10-22T06:28:37.195+0000] {dag.py:3239} INFO - Sync 1 DAGs
[2024-10-22T06:28:37.224+0000] {logging_mixin.py:190} INFO - [2024-10-22T06:28:37.224+0000] {dag.py:4180} INFO - Setting next_dagrun for example_weekday_branch_operator to 2024-10-21 00:00:00+00:00, run_after=2024-10-22 00:00:00+00:00
[2024-10-22T06:28:37.245+0000] {processor.py:208} INFO - Processing /home/airflow/.local/lib/python3.12/site-packages/airflow/example_dags/example_branch_day_of_week_operator.py took 0.096 seconds
[2024-10-22T06:29:07.799+0000] {processor.py:186} INFO - Started process (PID=76580) to work on /home/airflow/.local/lib/python3.12/site-packages/airflow/example_dags/example_branch_day_of_week_operator.py
[2024-10-22T06:29:07.800+0000] {processor.py:914} INFO - Processing file /home/airflow/.local/lib/python3.12/site-packages/airflow/example_dags/example_branch_day_of_week_operator.py for tasks to queue
[2024-10-22T06:29:07.801+0000] {logging_mixin.py:190} INFO - [2024-10-22T06:29:07.801+0000] {dagbag.py:588} INFO - Filling up the DagBag from /home/airflow/.local/lib/python3.12/site-packages/airflow/example_dags/example_branch_day_of_week_operator.py
[2024-10-22T06:29:07.810+0000] {processor.py:925} INFO - DAG(s) 'example_weekday_branch_operator' retrieved from /home/airflow/.local/lib/python3.12/site-packages/airflow/example_dags/example_branch_day_of_week_operator.py
[2024-10-22T06:29:07.842+0000] {logging_mixin.py:190} INFO - [2024-10-22T06:29:07.842+0000] {dag.py:3239} INFO - Sync 1 DAGs
[2024-10-22T06:29:07.871+0000] {logging_mixin.py:190} INFO - [2024-10-22T06:29:07.871+0000] {dag.py:4180} INFO - Setting next_dagrun for example_weekday_branch_operator to 2024-10-21 00:00:00+00:00, run_after=2024-10-22 00:00:00+00:00
[2024-10-22T06:29:07.895+0000] {processor.py:208} INFO - Processing /home/airflow/.local/lib/python3.12/site-packages/airflow/example_dags/example_branch_day_of_week_operator.py took 0.104 seconds
[2024-10-22T06:29:38.512+0000] {processor.py:186} INFO - Started process (PID=76647) to work on /home/airflow/.local/lib/python3.12/site-packages/airflow/example_dags/example_branch_day_of_week_operator.py
[2024-10-22T06:29:38.513+0000] {processor.py:914} INFO - Processing file /home/airflow/.local/lib/python3.12/site-packages/airflow/example_dags/example_branch_day_of_week_operator.py for tasks to queue
[2024-10-22T06:29:38.514+0000] {logging_mixin.py:190} INFO - [2024-10-22T06:29:38.514+0000] {dagbag.py:588} INFO - Filling up the DagBag from /home/airflow/.local/lib/python3.12/site-packages/airflow/example_dags/example_branch_day_of_week_operator.py
[2024-10-22T06:29:38.523+0000] {processor.py:925} INFO - DAG(s) 'example_weekday_branch_operator' retrieved from /home/airflow/.local/lib/python3.12/site-packages/airflow/example_dags/example_branch_day_of_week_operator.py
[2024-10-22T06:29:38.550+0000] {logging_mixin.py:190} INFO - [2024-10-22T06:29:38.550+0000] {dag.py:3239} INFO - Sync 1 DAGs
[2024-10-22T06:29:38.577+0000] {logging_mixin.py:190} INFO - [2024-10-22T06:29:38.577+0000] {dag.py:4180} INFO - Setting next_dagrun for example_weekday_branch_operator to 2024-10-21 00:00:00+00:00, run_after=2024-10-22 00:00:00+00:00
[2024-10-22T06:29:38.596+0000] {processor.py:208} INFO - Processing /home/airflow/.local/lib/python3.12/site-packages/airflow/example_dags/example_branch_day_of_week_operator.py took 0.092 seconds
[2024-10-22T06:30:09.067+0000] {processor.py:186} INFO - Started process (PID=76714) to work on /home/airflow/.local/lib/python3.12/site-packages/airflow/example_dags/example_branch_day_of_week_operator.py
[2024-10-22T06:30:09.068+0000] {processor.py:914} INFO - Processing file /home/airflow/.local/lib/python3.12/site-packages/airflow/example_dags/example_branch_day_of_week_operator.py for tasks to queue
[2024-10-22T06:30:09.069+0000] {logging_mixin.py:190} INFO - [2024-10-22T06:30:09.069+0000] {dagbag.py:588} INFO - Filling up the DagBag from /home/airflow/.local/lib/python3.12/site-packages/airflow/example_dags/example_branch_day_of_week_operator.py
[2024-10-22T06:30:09.078+0000] {processor.py:925} INFO - DAG(s) 'example_weekday_branch_operator' retrieved from /home/airflow/.local/lib/python3.12/site-packages/airflow/example_dags/example_branch_day_of_week_operator.py
[2024-10-22T06:30:09.103+0000] {logging_mixin.py:190} INFO - [2024-10-22T06:30:09.103+0000] {dag.py:3239} INFO - Sync 1 DAGs
[2024-10-22T06:30:09.130+0000] {logging_mixin.py:190} INFO - [2024-10-22T06:30:09.130+0000] {dag.py:4180} INFO - Setting next_dagrun for example_weekday_branch_operator to 2024-10-21 00:00:00+00:00, run_after=2024-10-22 00:00:00+00:00
[2024-10-22T06:30:09.148+0000] {processor.py:208} INFO - Processing /home/airflow/.local/lib/python3.12/site-packages/airflow/example_dags/example_branch_day_of_week_operator.py took 0.088 seconds
[2024-10-22T06:30:39.512+0000] {processor.py:186} INFO - Started process (PID=76781) to work on /home/airflow/.local/lib/python3.12/site-packages/airflow/example_dags/example_branch_day_of_week_operator.py
[2024-10-22T06:30:39.513+0000] {processor.py:914} INFO - Processing file /home/airflow/.local/lib/python3.12/site-packages/airflow/example_dags/example_branch_day_of_week_operator.py for tasks to queue
[2024-10-22T06:30:39.514+0000] {logging_mixin.py:190} INFO - [2024-10-22T06:30:39.514+0000] {dagbag.py:588} INFO - Filling up the DagBag from /home/airflow/.local/lib/python3.12/site-packages/airflow/example_dags/example_branch_day_of_week_operator.py
[2024-10-22T06:30:39.523+0000] {processor.py:925} INFO - DAG(s) 'example_weekday_branch_operator' retrieved from /home/airflow/.local/lib/python3.12/site-packages/airflow/example_dags/example_branch_day_of_week_operator.py
[2024-10-22T06:30:39.549+0000] {logging_mixin.py:190} INFO - [2024-10-22T06:30:39.548+0000] {dag.py:3239} INFO - Sync 1 DAGs
[2024-10-22T06:30:39.577+0000] {logging_mixin.py:190} INFO - [2024-10-22T06:30:39.576+0000] {dag.py:4180} INFO - Setting next_dagrun for example_weekday_branch_operator to 2024-10-21 00:00:00+00:00, run_after=2024-10-22 00:00:00+00:00
[2024-10-22T06:30:39.596+0000] {processor.py:208} INFO - Processing /home/airflow/.local/lib/python3.12/site-packages/airflow/example_dags/example_branch_day_of_week_operator.py took 0.091 seconds
[2024-10-22T06:31:10.048+0000] {processor.py:186} INFO - Started process (PID=76847) to work on /home/airflow/.local/lib/python3.12/site-packages/airflow/example_dags/example_branch_day_of_week_operator.py
[2024-10-22T06:31:10.049+0000] {processor.py:914} INFO - Processing file /home/airflow/.local/lib/python3.12/site-packages/airflow/example_dags/example_branch_day_of_week_operator.py for tasks to queue
[2024-10-22T06:31:10.052+0000] {logging_mixin.py:190} INFO - [2024-10-22T06:31:10.051+0000] {dagbag.py:588} INFO - Filling up the DagBag from /home/airflow/.local/lib/python3.12/site-packages/airflow/example_dags/example_branch_day_of_week_operator.py
[2024-10-22T06:31:10.060+0000] {processor.py:925} INFO - DAG(s) 'example_weekday_branch_operator' retrieved from /home/airflow/.local/lib/python3.12/site-packages/airflow/example_dags/example_branch_day_of_week_operator.py
[2024-10-22T06:31:10.085+0000] {logging_mixin.py:190} INFO - [2024-10-22T06:31:10.085+0000] {dag.py:3239} INFO - Sync 1 DAGs
[2024-10-22T06:31:10.114+0000] {logging_mixin.py:190} INFO - [2024-10-22T06:31:10.114+0000] {dag.py:4180} INFO - Setting next_dagrun for example_weekday_branch_operator to 2024-10-21 00:00:00+00:00, run_after=2024-10-22 00:00:00+00:00
[2024-10-22T06:31:10.133+0000] {processor.py:208} INFO - Processing /home/airflow/.local/lib/python3.12/site-packages/airflow/example_dags/example_branch_day_of_week_operator.py took 0.094 seconds
[2024-10-22T06:31:40.876+0000] {processor.py:186} INFO - Started process (PID=76914) to work on /home/airflow/.local/lib/python3.12/site-packages/airflow/example_dags/example_branch_day_of_week_operator.py
[2024-10-22T06:31:40.877+0000] {processor.py:914} INFO - Processing file /home/airflow/.local/lib/python3.12/site-packages/airflow/example_dags/example_branch_day_of_week_operator.py for tasks to queue
[2024-10-22T06:31:40.879+0000] {logging_mixin.py:190} INFO - [2024-10-22T06:31:40.878+0000] {dagbag.py:588} INFO - Filling up the DagBag from /home/airflow/.local/lib/python3.12/site-packages/airflow/example_dags/example_branch_day_of_week_operator.py
[2024-10-22T06:31:40.888+0000] {processor.py:925} INFO - DAG(s) 'example_weekday_branch_operator' retrieved from /home/airflow/.local/lib/python3.12/site-packages/airflow/example_dags/example_branch_day_of_week_operator.py
[2024-10-22T06:31:40.915+0000] {logging_mixin.py:190} INFO - [2024-10-22T06:31:40.915+0000] {dag.py:3239} INFO - Sync 1 DAGs
[2024-10-22T06:31:40.943+0000] {logging_mixin.py:190} INFO - [2024-10-22T06:31:40.943+0000] {dag.py:4180} INFO - Setting next_dagrun for example_weekday_branch_operator to 2024-10-21 00:00:00+00:00, run_after=2024-10-22 00:00:00+00:00
[2024-10-22T06:31:40.962+0000] {processor.py:208} INFO - Processing /home/airflow/.local/lib/python3.12/site-packages/airflow/example_dags/example_branch_day_of_week_operator.py took 0.094 seconds
[2024-10-22T06:32:11.952+0000] {processor.py:186} INFO - Started process (PID=76980) to work on /home/airflow/.local/lib/python3.12/site-packages/airflow/example_dags/example_branch_day_of_week_operator.py
[2024-10-22T06:32:11.953+0000] {processor.py:914} INFO - Processing file /home/airflow/.local/lib/python3.12/site-packages/airflow/example_dags/example_branch_day_of_week_operator.py for tasks to queue
[2024-10-22T06:32:11.954+0000] {logging_mixin.py:190} INFO - [2024-10-22T06:32:11.954+0000] {dagbag.py:588} INFO - Filling up the DagBag from /home/airflow/.local/lib/python3.12/site-packages/airflow/example_dags/example_branch_day_of_week_operator.py
[2024-10-22T06:32:11.965+0000] {processor.py:925} INFO - DAG(s) 'example_weekday_branch_operator' retrieved from /home/airflow/.local/lib/python3.12/site-packages/airflow/example_dags/example_branch_day_of_week_operator.py
[2024-10-22T06:32:12.007+0000] {logging_mixin.py:190} INFO - [2024-10-22T06:32:12.006+0000] {dag.py:3239} INFO - Sync 1 DAGs
[2024-10-22T06:32:12.051+0000] {logging_mixin.py:190} INFO - [2024-10-22T06:32:12.051+0000] {dag.py:4180} INFO - Setting next_dagrun for example_weekday_branch_operator to 2024-10-21 00:00:00+00:00, run_after=2024-10-22 00:00:00+00:00
[2024-10-22T06:32:12.087+0000] {processor.py:208} INFO - Processing /home/airflow/.local/lib/python3.12/site-packages/airflow/example_dags/example_branch_day_of_week_operator.py took 0.146 seconds
[2024-10-22T06:32:42.737+0000] {processor.py:186} INFO - Started process (PID=77047) to work on /home/airflow/.local/lib/python3.12/site-packages/airflow/example_dags/example_branch_day_of_week_operator.py
[2024-10-22T06:32:42.738+0000] {processor.py:914} INFO - Processing file /home/airflow/.local/lib/python3.12/site-packages/airflow/example_dags/example_branch_day_of_week_operator.py for tasks to queue
[2024-10-22T06:32:42.740+0000] {logging_mixin.py:190} INFO - [2024-10-22T06:32:42.739+0000] {dagbag.py:588} INFO - Filling up the DagBag from /home/airflow/.local/lib/python3.12/site-packages/airflow/example_dags/example_branch_day_of_week_operator.py
[2024-10-22T06:32:42.748+0000] {processor.py:925} INFO - DAG(s) 'example_weekday_branch_operator' retrieved from /home/airflow/.local/lib/python3.12/site-packages/airflow/example_dags/example_branch_day_of_week_operator.py
[2024-10-22T06:32:42.773+0000] {logging_mixin.py:190} INFO - [2024-10-22T06:32:42.773+0000] {dag.py:3239} INFO - Sync 1 DAGs
[2024-10-22T06:32:42.802+0000] {logging_mixin.py:190} INFO - [2024-10-22T06:32:42.802+0000] {dag.py:4180} INFO - Setting next_dagrun for example_weekday_branch_operator to 2024-10-21 00:00:00+00:00, run_after=2024-10-22 00:00:00+00:00
[2024-10-22T06:32:42.820+0000] {processor.py:208} INFO - Processing /home/airflow/.local/lib/python3.12/site-packages/airflow/example_dags/example_branch_day_of_week_operator.py took 0.090 seconds
[2024-10-22T06:33:13.935+0000] {processor.py:186} INFO - Started process (PID=77114) to work on /home/airflow/.local/lib/python3.12/site-packages/airflow/example_dags/example_branch_day_of_week_operator.py
[2024-10-22T06:33:13.937+0000] {processor.py:914} INFO - Processing file /home/airflow/.local/lib/python3.12/site-packages/airflow/example_dags/example_branch_day_of_week_operator.py for tasks to queue
[2024-10-22T06:33:13.939+0000] {logging_mixin.py:190} INFO - [2024-10-22T06:33:13.939+0000] {dagbag.py:588} INFO - Filling up the DagBag from /home/airflow/.local/lib/python3.12/site-packages/airflow/example_dags/example_branch_day_of_week_operator.py
[2024-10-22T06:33:13.951+0000] {processor.py:925} INFO - DAG(s) 'example_weekday_branch_operator' retrieved from /home/airflow/.local/lib/python3.12/site-packages/airflow/example_dags/example_branch_day_of_week_operator.py
[2024-10-22T06:33:13.982+0000] {logging_mixin.py:190} INFO - [2024-10-22T06:33:13.982+0000] {dag.py:3239} INFO - Sync 1 DAGs
[2024-10-22T06:33:14.020+0000] {logging_mixin.py:190} INFO - [2024-10-22T06:33:14.020+0000] {dag.py:4180} INFO - Setting next_dagrun for example_weekday_branch_operator to 2024-10-21 00:00:00+00:00, run_after=2024-10-22 00:00:00+00:00
[2024-10-22T06:33:14.037+0000] {processor.py:208} INFO - Processing /home/airflow/.local/lib/python3.12/site-packages/airflow/example_dags/example_branch_day_of_week_operator.py took 0.110 seconds
[2024-10-22T06:33:44.761+0000] {processor.py:186} INFO - Started process (PID=77181) to work on /home/airflow/.local/lib/python3.12/site-packages/airflow/example_dags/example_branch_day_of_week_operator.py
[2024-10-22T06:33:44.763+0000] {processor.py:914} INFO - Processing file /home/airflow/.local/lib/python3.12/site-packages/airflow/example_dags/example_branch_day_of_week_operator.py for tasks to queue
[2024-10-22T06:33:44.764+0000] {logging_mixin.py:190} INFO - [2024-10-22T06:33:44.764+0000] {dagbag.py:588} INFO - Filling up the DagBag from /home/airflow/.local/lib/python3.12/site-packages/airflow/example_dags/example_branch_day_of_week_operator.py
[2024-10-22T06:33:44.773+0000] {processor.py:925} INFO - DAG(s) 'example_weekday_branch_operator' retrieved from /home/airflow/.local/lib/python3.12/site-packages/airflow/example_dags/example_branch_day_of_week_operator.py
[2024-10-22T06:33:44.799+0000] {logging_mixin.py:190} INFO - [2024-10-22T06:33:44.798+0000] {dag.py:3239} INFO - Sync 1 DAGs
[2024-10-22T06:33:44.826+0000] {logging_mixin.py:190} INFO - [2024-10-22T06:33:44.826+0000] {dag.py:4180} INFO - Setting next_dagrun for example_weekday_branch_operator to 2024-10-21 00:00:00+00:00, run_after=2024-10-22 00:00:00+00:00
[2024-10-22T06:33:44.849+0000] {processor.py:208} INFO - Processing /home/airflow/.local/lib/python3.12/site-packages/airflow/example_dags/example_branch_day_of_week_operator.py took 0.096 seconds
[2024-10-22T06:34:15.352+0000] {processor.py:186} INFO - Started process (PID=77248) to work on /home/airflow/.local/lib/python3.12/site-packages/airflow/example_dags/example_branch_day_of_week_operator.py
[2024-10-22T06:34:15.353+0000] {processor.py:914} INFO - Processing file /home/airflow/.local/lib/python3.12/site-packages/airflow/example_dags/example_branch_day_of_week_operator.py for tasks to queue
[2024-10-22T06:34:15.355+0000] {logging_mixin.py:190} INFO - [2024-10-22T06:34:15.354+0000] {dagbag.py:588} INFO - Filling up the DagBag from /home/airflow/.local/lib/python3.12/site-packages/airflow/example_dags/example_branch_day_of_week_operator.py
[2024-10-22T06:34:15.363+0000] {processor.py:925} INFO - DAG(s) 'example_weekday_branch_operator' retrieved from /home/airflow/.local/lib/python3.12/site-packages/airflow/example_dags/example_branch_day_of_week_operator.py
[2024-10-22T06:34:15.393+0000] {logging_mixin.py:190} INFO - [2024-10-22T06:34:15.393+0000] {dag.py:3239} INFO - Sync 1 DAGs
[2024-10-22T06:34:15.424+0000] {logging_mixin.py:190} INFO - [2024-10-22T06:34:15.423+0000] {dag.py:4180} INFO - Setting next_dagrun for example_weekday_branch_operator to 2024-10-21 00:00:00+00:00, run_after=2024-10-22 00:00:00+00:00
[2024-10-22T06:34:15.444+0000] {processor.py:208} INFO - Processing /home/airflow/.local/lib/python3.12/site-packages/airflow/example_dags/example_branch_day_of_week_operator.py took 0.101 seconds
[2024-10-22T06:34:46.441+0000] {processor.py:186} INFO - Started process (PID=77315) to work on /home/airflow/.local/lib/python3.12/site-packages/airflow/example_dags/example_branch_day_of_week_operator.py
[2024-10-22T06:34:46.442+0000] {processor.py:914} INFO - Processing file /home/airflow/.local/lib/python3.12/site-packages/airflow/example_dags/example_branch_day_of_week_operator.py for tasks to queue
[2024-10-22T06:34:46.443+0000] {logging_mixin.py:190} INFO - [2024-10-22T06:34:46.443+0000] {dagbag.py:588} INFO - Filling up the DagBag from /home/airflow/.local/lib/python3.12/site-packages/airflow/example_dags/example_branch_day_of_week_operator.py
[2024-10-22T06:34:46.457+0000] {processor.py:925} INFO - DAG(s) 'example_weekday_branch_operator' retrieved from /home/airflow/.local/lib/python3.12/site-packages/airflow/example_dags/example_branch_day_of_week_operator.py
[2024-10-22T06:34:46.484+0000] {logging_mixin.py:190} INFO - [2024-10-22T06:34:46.484+0000] {dag.py:3239} INFO - Sync 1 DAGs
[2024-10-22T06:34:46.513+0000] {logging_mixin.py:190} INFO - [2024-10-22T06:34:46.513+0000] {dag.py:4180} INFO - Setting next_dagrun for example_weekday_branch_operator to 2024-10-21 00:00:00+00:00, run_after=2024-10-22 00:00:00+00:00
[2024-10-22T06:34:46.534+0000] {processor.py:208} INFO - Processing /home/airflow/.local/lib/python3.12/site-packages/airflow/example_dags/example_branch_day_of_week_operator.py took 0.102 seconds
[2024-10-22T06:35:17.135+0000] {processor.py:186} INFO - Started process (PID=77382) to work on /home/airflow/.local/lib/python3.12/site-packages/airflow/example_dags/example_branch_day_of_week_operator.py
[2024-10-22T06:35:17.137+0000] {processor.py:914} INFO - Processing file /home/airflow/.local/lib/python3.12/site-packages/airflow/example_dags/example_branch_day_of_week_operator.py for tasks to queue
[2024-10-22T06:35:17.147+0000] {logging_mixin.py:190} INFO - [2024-10-22T06:35:17.143+0000] {dagbag.py:588} INFO - Filling up the DagBag from /home/airflow/.local/lib/python3.12/site-packages/airflow/example_dags/example_branch_day_of_week_operator.py
[2024-10-22T06:35:17.186+0000] {processor.py:925} INFO - DAG(s) 'example_weekday_branch_operator' retrieved from /home/airflow/.local/lib/python3.12/site-packages/airflow/example_dags/example_branch_day_of_week_operator.py
[2024-10-22T06:35:17.304+0000] {logging_mixin.py:190} INFO - [2024-10-22T06:35:17.302+0000] {dag.py:3239} INFO - Sync 1 DAGs
[2024-10-22T06:35:17.380+0000] {logging_mixin.py:190} INFO - [2024-10-22T06:35:17.380+0000] {dag.py:4180} INFO - Setting next_dagrun for example_weekday_branch_operator to 2024-10-21 00:00:00+00:00, run_after=2024-10-22 00:00:00+00:00
[2024-10-22T06:35:17.406+0000] {processor.py:208} INFO - Processing /home/airflow/.local/lib/python3.12/site-packages/airflow/example_dags/example_branch_day_of_week_operator.py took 0.291 seconds
[2024-10-22T06:35:48.237+0000] {processor.py:186} INFO - Started process (PID=77449) to work on /home/airflow/.local/lib/python3.12/site-packages/airflow/example_dags/example_branch_day_of_week_operator.py
[2024-10-22T06:35:48.239+0000] {processor.py:914} INFO - Processing file /home/airflow/.local/lib/python3.12/site-packages/airflow/example_dags/example_branch_day_of_week_operator.py for tasks to queue
[2024-10-22T06:35:48.240+0000] {logging_mixin.py:190} INFO - [2024-10-22T06:35:48.240+0000] {dagbag.py:588} INFO - Filling up the DagBag from /home/airflow/.local/lib/python3.12/site-packages/airflow/example_dags/example_branch_day_of_week_operator.py
[2024-10-22T06:35:48.250+0000] {processor.py:925} INFO - DAG(s) 'example_weekday_branch_operator' retrieved from /home/airflow/.local/lib/python3.12/site-packages/airflow/example_dags/example_branch_day_of_week_operator.py
[2024-10-22T06:35:48.279+0000] {logging_mixin.py:190} INFO - [2024-10-22T06:35:48.278+0000] {dag.py:3239} INFO - Sync 1 DAGs
[2024-10-22T06:35:48.311+0000] {logging_mixin.py:190} INFO - [2024-10-22T06:35:48.310+0000] {dag.py:4180} INFO - Setting next_dagrun for example_weekday_branch_operator to 2024-10-21 00:00:00+00:00, run_after=2024-10-22 00:00:00+00:00
[2024-10-22T06:35:48.332+0000] {processor.py:208} INFO - Processing /home/airflow/.local/lib/python3.12/site-packages/airflow/example_dags/example_branch_day_of_week_operator.py took 0.103 seconds
[2024-10-22T06:36:19.479+0000] {processor.py:186} INFO - Started process (PID=77516) to work on /home/airflow/.local/lib/python3.12/site-packages/airflow/example_dags/example_branch_day_of_week_operator.py
[2024-10-22T06:36:19.480+0000] {processor.py:914} INFO - Processing file /home/airflow/.local/lib/python3.12/site-packages/airflow/example_dags/example_branch_day_of_week_operator.py for tasks to queue
[2024-10-22T06:36:19.482+0000] {logging_mixin.py:190} INFO - [2024-10-22T06:36:19.481+0000] {dagbag.py:588} INFO - Filling up the DagBag from /home/airflow/.local/lib/python3.12/site-packages/airflow/example_dags/example_branch_day_of_week_operator.py
[2024-10-22T06:36:19.490+0000] {processor.py:925} INFO - DAG(s) 'example_weekday_branch_operator' retrieved from /home/airflow/.local/lib/python3.12/site-packages/airflow/example_dags/example_branch_day_of_week_operator.py
[2024-10-22T06:36:19.516+0000] {logging_mixin.py:190} INFO - [2024-10-22T06:36:19.516+0000] {dag.py:3239} INFO - Sync 1 DAGs
[2024-10-22T06:36:19.543+0000] {logging_mixin.py:190} INFO - [2024-10-22T06:36:19.543+0000] {dag.py:4180} INFO - Setting next_dagrun for example_weekday_branch_operator to 2024-10-21 00:00:00+00:00, run_after=2024-10-22 00:00:00+00:00
[2024-10-22T06:36:19.561+0000] {processor.py:208} INFO - Processing /home/airflow/.local/lib/python3.12/site-packages/airflow/example_dags/example_branch_day_of_week_operator.py took 0.089 seconds
[2024-10-22T06:36:50.540+0000] {processor.py:186} INFO - Started process (PID=77583) to work on /home/airflow/.local/lib/python3.12/site-packages/airflow/example_dags/example_branch_day_of_week_operator.py
[2024-10-22T06:36:50.541+0000] {processor.py:914} INFO - Processing file /home/airflow/.local/lib/python3.12/site-packages/airflow/example_dags/example_branch_day_of_week_operator.py for tasks to queue
[2024-10-22T06:36:50.543+0000] {logging_mixin.py:190} INFO - [2024-10-22T06:36:50.542+0000] {dagbag.py:588} INFO - Filling up the DagBag from /home/airflow/.local/lib/python3.12/site-packages/airflow/example_dags/example_branch_day_of_week_operator.py
[2024-10-22T06:36:50.551+0000] {processor.py:925} INFO - DAG(s) 'example_weekday_branch_operator' retrieved from /home/airflow/.local/lib/python3.12/site-packages/airflow/example_dags/example_branch_day_of_week_operator.py
[2024-10-22T06:36:50.578+0000] {logging_mixin.py:190} INFO - [2024-10-22T06:36:50.578+0000] {dag.py:3239} INFO - Sync 1 DAGs
[2024-10-22T06:36:50.605+0000] {logging_mixin.py:190} INFO - [2024-10-22T06:36:50.604+0000] {dag.py:4180} INFO - Setting next_dagrun for example_weekday_branch_operator to 2024-10-21 00:00:00+00:00, run_after=2024-10-22 00:00:00+00:00
[2024-10-22T06:36:50.624+0000] {processor.py:208} INFO - Processing /home/airflow/.local/lib/python3.12/site-packages/airflow/example_dags/example_branch_day_of_week_operator.py took 0.091 seconds
[2024-10-22T06:37:20.898+0000] {processor.py:186} INFO - Started process (PID=77650) to work on /home/airflow/.local/lib/python3.12/site-packages/airflow/example_dags/example_branch_day_of_week_operator.py
[2024-10-22T06:37:20.898+0000] {processor.py:914} INFO - Processing file /home/airflow/.local/lib/python3.12/site-packages/airflow/example_dags/example_branch_day_of_week_operator.py for tasks to queue
[2024-10-22T06:37:20.900+0000] {logging_mixin.py:190} INFO - [2024-10-22T06:37:20.899+0000] {dagbag.py:588} INFO - Filling up the DagBag from /home/airflow/.local/lib/python3.12/site-packages/airflow/example_dags/example_branch_day_of_week_operator.py
[2024-10-22T06:37:20.908+0000] {processor.py:925} INFO - DAG(s) 'example_weekday_branch_operator' retrieved from /home/airflow/.local/lib/python3.12/site-packages/airflow/example_dags/example_branch_day_of_week_operator.py
[2024-10-22T06:37:20.936+0000] {logging_mixin.py:190} INFO - [2024-10-22T06:37:20.936+0000] {dag.py:3239} INFO - Sync 1 DAGs
[2024-10-22T06:37:20.966+0000] {logging_mixin.py:190} INFO - [2024-10-22T06:37:20.966+0000] {dag.py:4180} INFO - Setting next_dagrun for example_weekday_branch_operator to 2024-10-21 00:00:00+00:00, run_after=2024-10-22 00:00:00+00:00
[2024-10-22T06:37:20.986+0000] {processor.py:208} INFO - Processing /home/airflow/.local/lib/python3.12/site-packages/airflow/example_dags/example_branch_day_of_week_operator.py took 0.097 seconds
[2024-10-22T06:37:51.486+0000] {processor.py:186} INFO - Started process (PID=77717) to work on /home/airflow/.local/lib/python3.12/site-packages/airflow/example_dags/example_branch_day_of_week_operator.py
[2024-10-22T06:37:51.487+0000] {processor.py:914} INFO - Processing file /home/airflow/.local/lib/python3.12/site-packages/airflow/example_dags/example_branch_day_of_week_operator.py for tasks to queue
[2024-10-22T06:37:51.488+0000] {logging_mixin.py:190} INFO - [2024-10-22T06:37:51.488+0000] {dagbag.py:588} INFO - Filling up the DagBag from /home/airflow/.local/lib/python3.12/site-packages/airflow/example_dags/example_branch_day_of_week_operator.py
[2024-10-22T06:37:51.496+0000] {processor.py:925} INFO - DAG(s) 'example_weekday_branch_operator' retrieved from /home/airflow/.local/lib/python3.12/site-packages/airflow/example_dags/example_branch_day_of_week_operator.py
[2024-10-22T06:37:51.521+0000] {logging_mixin.py:190} INFO - [2024-10-22T06:37:51.520+0000] {dag.py:3239} INFO - Sync 1 DAGs
[2024-10-22T06:37:51.547+0000] {logging_mixin.py:190} INFO - [2024-10-22T06:37:51.547+0000] {dag.py:4180} INFO - Setting next_dagrun for example_weekday_branch_operator to 2024-10-21 00:00:00+00:00, run_after=2024-10-22 00:00:00+00:00
[2024-10-22T06:37:51.565+0000] {processor.py:208} INFO - Processing /home/airflow/.local/lib/python3.12/site-packages/airflow/example_dags/example_branch_day_of_week_operator.py took 0.086 seconds
[2024-10-22T06:38:22.345+0000] {processor.py:186} INFO - Started process (PID=77784) to work on /home/airflow/.local/lib/python3.12/site-packages/airflow/example_dags/example_branch_day_of_week_operator.py
[2024-10-22T06:38:22.346+0000] {processor.py:914} INFO - Processing file /home/airflow/.local/lib/python3.12/site-packages/airflow/example_dags/example_branch_day_of_week_operator.py for tasks to queue
[2024-10-22T06:38:22.348+0000] {logging_mixin.py:190} INFO - [2024-10-22T06:38:22.347+0000] {dagbag.py:588} INFO - Filling up the DagBag from /home/airflow/.local/lib/python3.12/site-packages/airflow/example_dags/example_branch_day_of_week_operator.py
[2024-10-22T06:38:22.356+0000] {processor.py:925} INFO - DAG(s) 'example_weekday_branch_operator' retrieved from /home/airflow/.local/lib/python3.12/site-packages/airflow/example_dags/example_branch_day_of_week_operator.py
[2024-10-22T06:38:22.378+0000] {logging_mixin.py:190} INFO - [2024-10-22T06:38:22.378+0000] {dag.py:3239} INFO - Sync 1 DAGs
[2024-10-22T06:38:22.408+0000] {logging_mixin.py:190} INFO - [2024-10-22T06:38:22.407+0000] {dag.py:4180} INFO - Setting next_dagrun for example_weekday_branch_operator to 2024-10-21 00:00:00+00:00, run_after=2024-10-22 00:00:00+00:00
[2024-10-22T06:38:22.426+0000] {processor.py:208} INFO - Processing /home/airflow/.local/lib/python3.12/site-packages/airflow/example_dags/example_branch_day_of_week_operator.py took 0.088 seconds
[2024-10-22T06:38:53.251+0000] {processor.py:186} INFO - Started process (PID=77851) to work on /home/airflow/.local/lib/python3.12/site-packages/airflow/example_dags/example_branch_day_of_week_operator.py
[2024-10-22T06:38:53.252+0000] {processor.py:914} INFO - Processing file /home/airflow/.local/lib/python3.12/site-packages/airflow/example_dags/example_branch_day_of_week_operator.py for tasks to queue
[2024-10-22T06:38:53.253+0000] {logging_mixin.py:190} INFO - [2024-10-22T06:38:53.253+0000] {dagbag.py:588} INFO - Filling up the DagBag from /home/airflow/.local/lib/python3.12/site-packages/airflow/example_dags/example_branch_day_of_week_operator.py
[2024-10-22T06:38:53.261+0000] {processor.py:925} INFO - DAG(s) 'example_weekday_branch_operator' retrieved from /home/airflow/.local/lib/python3.12/site-packages/airflow/example_dags/example_branch_day_of_week_operator.py
[2024-10-22T06:38:53.285+0000] {logging_mixin.py:190} INFO - [2024-10-22T06:38:53.285+0000] {dag.py:3239} INFO - Sync 1 DAGs
[2024-10-22T06:38:53.310+0000] {logging_mixin.py:190} INFO - [2024-10-22T06:38:53.310+0000] {dag.py:4180} INFO - Setting next_dagrun for example_weekday_branch_operator to 2024-10-21 00:00:00+00:00, run_after=2024-10-22 00:00:00+00:00
[2024-10-22T06:38:53.328+0000] {processor.py:208} INFO - Processing /home/airflow/.local/lib/python3.12/site-packages/airflow/example_dags/example_branch_day_of_week_operator.py took 0.085 seconds
[2024-10-22T06:39:24.096+0000] {processor.py:186} INFO - Started process (PID=77917) to work on /home/airflow/.local/lib/python3.12/site-packages/airflow/example_dags/example_branch_day_of_week_operator.py
[2024-10-22T06:39:24.097+0000] {processor.py:914} INFO - Processing file /home/airflow/.local/lib/python3.12/site-packages/airflow/example_dags/example_branch_day_of_week_operator.py for tasks to queue
[2024-10-22T06:39:24.098+0000] {logging_mixin.py:190} INFO - [2024-10-22T06:39:24.098+0000] {dagbag.py:588} INFO - Filling up the DagBag from /home/airflow/.local/lib/python3.12/site-packages/airflow/example_dags/example_branch_day_of_week_operator.py
[2024-10-22T06:39:24.107+0000] {processor.py:925} INFO - DAG(s) 'example_weekday_branch_operator' retrieved from /home/airflow/.local/lib/python3.12/site-packages/airflow/example_dags/example_branch_day_of_week_operator.py
[2024-10-22T06:39:24.134+0000] {logging_mixin.py:190} INFO - [2024-10-22T06:39:24.134+0000] {dag.py:3239} INFO - Sync 1 DAGs
[2024-10-22T06:39:24.161+0000] {logging_mixin.py:190} INFO - [2024-10-22T06:39:24.160+0000] {dag.py:4180} INFO - Setting next_dagrun for example_weekday_branch_operator to 2024-10-21 00:00:00+00:00, run_after=2024-10-22 00:00:00+00:00
[2024-10-22T06:39:24.181+0000] {processor.py:208} INFO - Processing /home/airflow/.local/lib/python3.12/site-packages/airflow/example_dags/example_branch_day_of_week_operator.py took 0.093 seconds
[2024-10-22T06:39:54.548+0000] {processor.py:186} INFO - Started process (PID=77984) to work on /home/airflow/.local/lib/python3.12/site-packages/airflow/example_dags/example_branch_day_of_week_operator.py
[2024-10-22T06:39:54.549+0000] {processor.py:914} INFO - Processing file /home/airflow/.local/lib/python3.12/site-packages/airflow/example_dags/example_branch_day_of_week_operator.py for tasks to queue
[2024-10-22T06:39:54.550+0000] {logging_mixin.py:190} INFO - [2024-10-22T06:39:54.550+0000] {dagbag.py:588} INFO - Filling up the DagBag from /home/airflow/.local/lib/python3.12/site-packages/airflow/example_dags/example_branch_day_of_week_operator.py
[2024-10-22T06:39:54.559+0000] {processor.py:925} INFO - DAG(s) 'example_weekday_branch_operator' retrieved from /home/airflow/.local/lib/python3.12/site-packages/airflow/example_dags/example_branch_day_of_week_operator.py
[2024-10-22T06:39:54.584+0000] {logging_mixin.py:190} INFO - [2024-10-22T06:39:54.584+0000] {dag.py:3239} INFO - Sync 1 DAGs
[2024-10-22T06:39:54.610+0000] {logging_mixin.py:190} INFO - [2024-10-22T06:39:54.609+0000] {dag.py:4180} INFO - Setting next_dagrun for example_weekday_branch_operator to 2024-10-21 00:00:00+00:00, run_after=2024-10-22 00:00:00+00:00
[2024-10-22T06:39:54.629+0000] {processor.py:208} INFO - Processing /home/airflow/.local/lib/python3.12/site-packages/airflow/example_dags/example_branch_day_of_week_operator.py took 0.088 seconds
[2024-10-22T06:40:24.900+0000] {processor.py:186} INFO - Started process (PID=78051) to work on /home/airflow/.local/lib/python3.12/site-packages/airflow/example_dags/example_branch_day_of_week_operator.py
[2024-10-22T06:40:24.901+0000] {processor.py:914} INFO - Processing file /home/airflow/.local/lib/python3.12/site-packages/airflow/example_dags/example_branch_day_of_week_operator.py for tasks to queue
[2024-10-22T06:40:24.902+0000] {logging_mixin.py:190} INFO - [2024-10-22T06:40:24.902+0000] {dagbag.py:588} INFO - Filling up the DagBag from /home/airflow/.local/lib/python3.12/site-packages/airflow/example_dags/example_branch_day_of_week_operator.py
[2024-10-22T06:40:24.910+0000] {processor.py:925} INFO - DAG(s) 'example_weekday_branch_operator' retrieved from /home/airflow/.local/lib/python3.12/site-packages/airflow/example_dags/example_branch_day_of_week_operator.py
[2024-10-22T06:40:24.936+0000] {logging_mixin.py:190} INFO - [2024-10-22T06:40:24.936+0000] {dag.py:3239} INFO - Sync 1 DAGs
[2024-10-22T06:40:24.962+0000] {logging_mixin.py:190} INFO - [2024-10-22T06:40:24.962+0000] {dag.py:4180} INFO - Setting next_dagrun for example_weekday_branch_operator to 2024-10-21 00:00:00+00:00, run_after=2024-10-22 00:00:00+00:00
[2024-10-22T06:40:24.981+0000] {processor.py:208} INFO - Processing /home/airflow/.local/lib/python3.12/site-packages/airflow/example_dags/example_branch_day_of_week_operator.py took 0.089 seconds
[2024-10-22T06:40:55.930+0000] {processor.py:186} INFO - Started process (PID=78118) to work on /home/airflow/.local/lib/python3.12/site-packages/airflow/example_dags/example_branch_day_of_week_operator.py
[2024-10-22T06:40:55.931+0000] {processor.py:914} INFO - Processing file /home/airflow/.local/lib/python3.12/site-packages/airflow/example_dags/example_branch_day_of_week_operator.py for tasks to queue
[2024-10-22T06:40:55.932+0000] {logging_mixin.py:190} INFO - [2024-10-22T06:40:55.932+0000] {dagbag.py:588} INFO - Filling up the DagBag from /home/airflow/.local/lib/python3.12/site-packages/airflow/example_dags/example_branch_day_of_week_operator.py
[2024-10-22T06:40:55.940+0000] {processor.py:925} INFO - DAG(s) 'example_weekday_branch_operator' retrieved from /home/airflow/.local/lib/python3.12/site-packages/airflow/example_dags/example_branch_day_of_week_operator.py
[2024-10-22T06:40:55.965+0000] {logging_mixin.py:190} INFO - [2024-10-22T06:40:55.964+0000] {dag.py:3239} INFO - Sync 1 DAGs
[2024-10-22T06:40:55.992+0000] {logging_mixin.py:190} INFO - [2024-10-22T06:40:55.992+0000] {dag.py:4180} INFO - Setting next_dagrun for example_weekday_branch_operator to 2024-10-21 00:00:00+00:00, run_after=2024-10-22 00:00:00+00:00
[2024-10-22T06:40:56.010+0000] {processor.py:208} INFO - Processing /home/airflow/.local/lib/python3.12/site-packages/airflow/example_dags/example_branch_day_of_week_operator.py took 0.088 seconds
[2024-10-22T06:41:27.110+0000] {processor.py:186} INFO - Started process (PID=78185) to work on /home/airflow/.local/lib/python3.12/site-packages/airflow/example_dags/example_branch_day_of_week_operator.py
[2024-10-22T06:41:27.111+0000] {processor.py:914} INFO - Processing file /home/airflow/.local/lib/python3.12/site-packages/airflow/example_dags/example_branch_day_of_week_operator.py for tasks to queue
[2024-10-22T06:41:27.113+0000] {logging_mixin.py:190} INFO - [2024-10-22T06:41:27.112+0000] {dagbag.py:588} INFO - Filling up the DagBag from /home/airflow/.local/lib/python3.12/site-packages/airflow/example_dags/example_branch_day_of_week_operator.py
[2024-10-22T06:41:27.121+0000] {processor.py:925} INFO - DAG(s) 'example_weekday_branch_operator' retrieved from /home/airflow/.local/lib/python3.12/site-packages/airflow/example_dags/example_branch_day_of_week_operator.py
[2024-10-22T06:41:27.146+0000] {logging_mixin.py:190} INFO - [2024-10-22T06:41:27.146+0000] {dag.py:3239} INFO - Sync 1 DAGs
[2024-10-22T06:41:27.173+0000] {logging_mixin.py:190} INFO - [2024-10-22T06:41:27.172+0000] {dag.py:4180} INFO - Setting next_dagrun for example_weekday_branch_operator to 2024-10-21 00:00:00+00:00, run_after=2024-10-22 00:00:00+00:00
[2024-10-22T06:41:27.188+0000] {processor.py:208} INFO - Processing /home/airflow/.local/lib/python3.12/site-packages/airflow/example_dags/example_branch_day_of_week_operator.py took 0.085 seconds
[2024-10-22T06:41:58.213+0000] {processor.py:186} INFO - Started process (PID=78251) to work on /home/airflow/.local/lib/python3.12/site-packages/airflow/example_dags/example_branch_day_of_week_operator.py
[2024-10-22T06:41:58.214+0000] {processor.py:914} INFO - Processing file /home/airflow/.local/lib/python3.12/site-packages/airflow/example_dags/example_branch_day_of_week_operator.py for tasks to queue
[2024-10-22T06:41:58.215+0000] {logging_mixin.py:190} INFO - [2024-10-22T06:41:58.215+0000] {dagbag.py:588} INFO - Filling up the DagBag from /home/airflow/.local/lib/python3.12/site-packages/airflow/example_dags/example_branch_day_of_week_operator.py
[2024-10-22T06:41:58.223+0000] {processor.py:925} INFO - DAG(s) 'example_weekday_branch_operator' retrieved from /home/airflow/.local/lib/python3.12/site-packages/airflow/example_dags/example_branch_day_of_week_operator.py
[2024-10-22T06:41:58.248+0000] {logging_mixin.py:190} INFO - [2024-10-22T06:41:58.247+0000] {dag.py:3239} INFO - Sync 1 DAGs
[2024-10-22T06:41:58.273+0000] {logging_mixin.py:190} INFO - [2024-10-22T06:41:58.273+0000] {dag.py:4180} INFO - Setting next_dagrun for example_weekday_branch_operator to 2024-10-21 00:00:00+00:00, run_after=2024-10-22 00:00:00+00:00
[2024-10-22T06:41:58.291+0000] {processor.py:208} INFO - Processing /home/airflow/.local/lib/python3.12/site-packages/airflow/example_dags/example_branch_day_of_week_operator.py took 0.086 seconds
[2024-10-22T06:42:29.244+0000] {processor.py:186} INFO - Started process (PID=78318) to work on /home/airflow/.local/lib/python3.12/site-packages/airflow/example_dags/example_branch_day_of_week_operator.py
[2024-10-22T06:42:29.245+0000] {processor.py:914} INFO - Processing file /home/airflow/.local/lib/python3.12/site-packages/airflow/example_dags/example_branch_day_of_week_operator.py for tasks to queue
[2024-10-22T06:42:29.247+0000] {logging_mixin.py:190} INFO - [2024-10-22T06:42:29.246+0000] {dagbag.py:588} INFO - Filling up the DagBag from /home/airflow/.local/lib/python3.12/site-packages/airflow/example_dags/example_branch_day_of_week_operator.py
[2024-10-22T06:42:29.261+0000] {processor.py:925} INFO - DAG(s) 'example_weekday_branch_operator' retrieved from /home/airflow/.local/lib/python3.12/site-packages/airflow/example_dags/example_branch_day_of_week_operator.py
[2024-10-22T06:42:29.287+0000] {logging_mixin.py:190} INFO - [2024-10-22T06:42:29.287+0000] {dag.py:3239} INFO - Sync 1 DAGs
[2024-10-22T06:42:29.313+0000] {logging_mixin.py:190} INFO - [2024-10-22T06:42:29.313+0000] {dag.py:4180} INFO - Setting next_dagrun for example_weekday_branch_operator to 2024-10-21 00:00:00+00:00, run_after=2024-10-22 00:00:00+00:00
[2024-10-22T06:42:29.332+0000] {processor.py:208} INFO - Processing /home/airflow/.local/lib/python3.12/site-packages/airflow/example_dags/example_branch_day_of_week_operator.py took 0.099 seconds
[2024-10-22T06:43:00.297+0000] {processor.py:186} INFO - Started process (PID=78384) to work on /home/airflow/.local/lib/python3.12/site-packages/airflow/example_dags/example_branch_day_of_week_operator.py
[2024-10-22T06:43:00.299+0000] {processor.py:914} INFO - Processing file /home/airflow/.local/lib/python3.12/site-packages/airflow/example_dags/example_branch_day_of_week_operator.py for tasks to queue
[2024-10-22T06:43:00.301+0000] {logging_mixin.py:190} INFO - [2024-10-22T06:43:00.300+0000] {dagbag.py:588} INFO - Filling up the DagBag from /home/airflow/.local/lib/python3.12/site-packages/airflow/example_dags/example_branch_day_of_week_operator.py
[2024-10-22T06:43:00.311+0000] {processor.py:925} INFO - DAG(s) 'example_weekday_branch_operator' retrieved from /home/airflow/.local/lib/python3.12/site-packages/airflow/example_dags/example_branch_day_of_week_operator.py
[2024-10-22T06:43:00.349+0000] {logging_mixin.py:190} INFO - [2024-10-22T06:43:00.349+0000] {dag.py:3239} INFO - Sync 1 DAGs
[2024-10-22T06:43:00.390+0000] {logging_mixin.py:190} INFO - [2024-10-22T06:43:00.390+0000] {dag.py:4180} INFO - Setting next_dagrun for example_weekday_branch_operator to 2024-10-21 00:00:00+00:00, run_after=2024-10-22 00:00:00+00:00
[2024-10-22T06:43:00.413+0000] {processor.py:208} INFO - Processing /home/airflow/.local/lib/python3.12/site-packages/airflow/example_dags/example_branch_day_of_week_operator.py took 0.125 seconds
[2024-10-22T06:43:30.710+0000] {processor.py:186} INFO - Started process (PID=78451) to work on /home/airflow/.local/lib/python3.12/site-packages/airflow/example_dags/example_branch_day_of_week_operator.py
[2024-10-22T06:43:30.712+0000] {processor.py:914} INFO - Processing file /home/airflow/.local/lib/python3.12/site-packages/airflow/example_dags/example_branch_day_of_week_operator.py for tasks to queue
[2024-10-22T06:43:30.713+0000] {logging_mixin.py:190} INFO - [2024-10-22T06:43:30.713+0000] {dagbag.py:588} INFO - Filling up the DagBag from /home/airflow/.local/lib/python3.12/site-packages/airflow/example_dags/example_branch_day_of_week_operator.py
[2024-10-22T06:43:30.722+0000] {processor.py:925} INFO - DAG(s) 'example_weekday_branch_operator' retrieved from /home/airflow/.local/lib/python3.12/site-packages/airflow/example_dags/example_branch_day_of_week_operator.py
[2024-10-22T06:43:30.748+0000] {logging_mixin.py:190} INFO - [2024-10-22T06:43:30.747+0000] {dag.py:3239} INFO - Sync 1 DAGs
[2024-10-22T06:43:30.777+0000] {logging_mixin.py:190} INFO - [2024-10-22T06:43:30.777+0000] {dag.py:4180} INFO - Setting next_dagrun for example_weekday_branch_operator to 2024-10-21 00:00:00+00:00, run_after=2024-10-22 00:00:00+00:00
[2024-10-22T06:43:30.796+0000] {processor.py:208} INFO - Processing /home/airflow/.local/lib/python3.12/site-packages/airflow/example_dags/example_branch_day_of_week_operator.py took 0.093 seconds
[2024-10-22T06:44:01.639+0000] {processor.py:186} INFO - Started process (PID=78518) to work on /home/airflow/.local/lib/python3.12/site-packages/airflow/example_dags/example_branch_day_of_week_operator.py
[2024-10-22T06:44:01.640+0000] {processor.py:914} INFO - Processing file /home/airflow/.local/lib/python3.12/site-packages/airflow/example_dags/example_branch_day_of_week_operator.py for tasks to queue
[2024-10-22T06:44:01.641+0000] {logging_mixin.py:190} INFO - [2024-10-22T06:44:01.641+0000] {dagbag.py:588} INFO - Filling up the DagBag from /home/airflow/.local/lib/python3.12/site-packages/airflow/example_dags/example_branch_day_of_week_operator.py
[2024-10-22T06:44:01.650+0000] {processor.py:925} INFO - DAG(s) 'example_weekday_branch_operator' retrieved from /home/airflow/.local/lib/python3.12/site-packages/airflow/example_dags/example_branch_day_of_week_operator.py
[2024-10-22T06:44:01.678+0000] {logging_mixin.py:190} INFO - [2024-10-22T06:44:01.678+0000] {dag.py:3239} INFO - Sync 1 DAGs
[2024-10-22T06:44:01.708+0000] {logging_mixin.py:190} INFO - [2024-10-22T06:44:01.707+0000] {dag.py:4180} INFO - Setting next_dagrun for example_weekday_branch_operator to 2024-10-21 00:00:00+00:00, run_after=2024-10-22 00:00:00+00:00
[2024-10-22T06:44:01.726+0000] {processor.py:208} INFO - Processing /home/airflow/.local/lib/python3.12/site-packages/airflow/example_dags/example_branch_day_of_week_operator.py took 0.097 seconds
[2024-10-22T06:44:32.868+0000] {processor.py:186} INFO - Started process (PID=78585) to work on /home/airflow/.local/lib/python3.12/site-packages/airflow/example_dags/example_branch_day_of_week_operator.py
[2024-10-22T06:44:32.870+0000] {processor.py:914} INFO - Processing file /home/airflow/.local/lib/python3.12/site-packages/airflow/example_dags/example_branch_day_of_week_operator.py for tasks to queue
[2024-10-22T06:44:32.871+0000] {logging_mixin.py:190} INFO - [2024-10-22T06:44:32.871+0000] {dagbag.py:588} INFO - Filling up the DagBag from /home/airflow/.local/lib/python3.12/site-packages/airflow/example_dags/example_branch_day_of_week_operator.py
[2024-10-22T06:44:32.879+0000] {processor.py:925} INFO - DAG(s) 'example_weekday_branch_operator' retrieved from /home/airflow/.local/lib/python3.12/site-packages/airflow/example_dags/example_branch_day_of_week_operator.py
[2024-10-22T06:44:32.904+0000] {logging_mixin.py:190} INFO - [2024-10-22T06:44:32.904+0000] {dag.py:3239} INFO - Sync 1 DAGs
[2024-10-22T06:44:32.931+0000] {logging_mixin.py:190} INFO - [2024-10-22T06:44:32.931+0000] {dag.py:4180} INFO - Setting next_dagrun for example_weekday_branch_operator to 2024-10-21 00:00:00+00:00, run_after=2024-10-22 00:00:00+00:00
[2024-10-22T06:44:32.950+0000] {processor.py:208} INFO - Processing /home/airflow/.local/lib/python3.12/site-packages/airflow/example_dags/example_branch_day_of_week_operator.py took 0.089 seconds
[2024-10-22T06:45:03.379+0000] {processor.py:186} INFO - Started process (PID=78652) to work on /home/airflow/.local/lib/python3.12/site-packages/airflow/example_dags/example_branch_day_of_week_operator.py
[2024-10-22T06:45:03.380+0000] {processor.py:914} INFO - Processing file /home/airflow/.local/lib/python3.12/site-packages/airflow/example_dags/example_branch_day_of_week_operator.py for tasks to queue
[2024-10-22T06:45:03.382+0000] {logging_mixin.py:190} INFO - [2024-10-22T06:45:03.381+0000] {dagbag.py:588} INFO - Filling up the DagBag from /home/airflow/.local/lib/python3.12/site-packages/airflow/example_dags/example_branch_day_of_week_operator.py
[2024-10-22T06:45:03.392+0000] {processor.py:925} INFO - DAG(s) 'example_weekday_branch_operator' retrieved from /home/airflow/.local/lib/python3.12/site-packages/airflow/example_dags/example_branch_day_of_week_operator.py
[2024-10-22T06:45:03.424+0000] {logging_mixin.py:190} INFO - [2024-10-22T06:45:03.423+0000] {dag.py:3239} INFO - Sync 1 DAGs
[2024-10-22T06:45:03.458+0000] {logging_mixin.py:190} INFO - [2024-10-22T06:45:03.457+0000] {dag.py:4180} INFO - Setting next_dagrun for example_weekday_branch_operator to 2024-10-21 00:00:00+00:00, run_after=2024-10-22 00:00:00+00:00
[2024-10-22T06:45:03.480+0000] {processor.py:208} INFO - Processing /home/airflow/.local/lib/python3.12/site-packages/airflow/example_dags/example_branch_day_of_week_operator.py took 0.109 seconds
[2024-10-22T06:45:34.506+0000] {processor.py:186} INFO - Started process (PID=78718) to work on /home/airflow/.local/lib/python3.12/site-packages/airflow/example_dags/example_branch_day_of_week_operator.py
[2024-10-22T06:45:34.507+0000] {processor.py:914} INFO - Processing file /home/airflow/.local/lib/python3.12/site-packages/airflow/example_dags/example_branch_day_of_week_operator.py for tasks to queue
[2024-10-22T06:45:34.509+0000] {logging_mixin.py:190} INFO - [2024-10-22T06:45:34.508+0000] {dagbag.py:588} INFO - Filling up the DagBag from /home/airflow/.local/lib/python3.12/site-packages/airflow/example_dags/example_branch_day_of_week_operator.py
[2024-10-22T06:45:34.517+0000] {processor.py:925} INFO - DAG(s) 'example_weekday_branch_operator' retrieved from /home/airflow/.local/lib/python3.12/site-packages/airflow/example_dags/example_branch_day_of_week_operator.py
[2024-10-22T06:45:34.539+0000] {logging_mixin.py:190} INFO - [2024-10-22T06:45:34.539+0000] {dag.py:3239} INFO - Sync 1 DAGs
[2024-10-22T06:45:34.568+0000] {logging_mixin.py:190} INFO - [2024-10-22T06:45:34.568+0000] {dag.py:4180} INFO - Setting next_dagrun for example_weekday_branch_operator to 2024-10-21 00:00:00+00:00, run_after=2024-10-22 00:00:00+00:00
[2024-10-22T06:45:34.585+0000] {processor.py:208} INFO - Processing /home/airflow/.local/lib/python3.12/site-packages/airflow/example_dags/example_branch_day_of_week_operator.py took 0.086 seconds
[2024-10-22T06:46:05.735+0000] {processor.py:186} INFO - Started process (PID=78785) to work on /home/airflow/.local/lib/python3.12/site-packages/airflow/example_dags/example_branch_day_of_week_operator.py
[2024-10-22T06:46:05.736+0000] {processor.py:914} INFO - Processing file /home/airflow/.local/lib/python3.12/site-packages/airflow/example_dags/example_branch_day_of_week_operator.py for tasks to queue
[2024-10-22T06:46:05.738+0000] {logging_mixin.py:190} INFO - [2024-10-22T06:46:05.737+0000] {dagbag.py:588} INFO - Filling up the DagBag from /home/airflow/.local/lib/python3.12/site-packages/airflow/example_dags/example_branch_day_of_week_operator.py
[2024-10-22T06:46:05.747+0000] {processor.py:925} INFO - DAG(s) 'example_weekday_branch_operator' retrieved from /home/airflow/.local/lib/python3.12/site-packages/airflow/example_dags/example_branch_day_of_week_operator.py
[2024-10-22T06:46:05.774+0000] {logging_mixin.py:190} INFO - [2024-10-22T06:46:05.774+0000] {dag.py:3239} INFO - Sync 1 DAGs
[2024-10-22T06:46:05.804+0000] {logging_mixin.py:190} INFO - [2024-10-22T06:46:05.803+0000] {dag.py:4180} INFO - Setting next_dagrun for example_weekday_branch_operator to 2024-10-21 00:00:00+00:00, run_after=2024-10-22 00:00:00+00:00
[2024-10-22T06:46:05.822+0000] {processor.py:208} INFO - Processing /home/airflow/.local/lib/python3.12/site-packages/airflow/example_dags/example_branch_day_of_week_operator.py took 0.095 seconds
[2024-10-22T06:46:36.797+0000] {processor.py:186} INFO - Started process (PID=78852) to work on /home/airflow/.local/lib/python3.12/site-packages/airflow/example_dags/example_branch_day_of_week_operator.py
[2024-10-22T06:46:36.798+0000] {processor.py:914} INFO - Processing file /home/airflow/.local/lib/python3.12/site-packages/airflow/example_dags/example_branch_day_of_week_operator.py for tasks to queue
[2024-10-22T06:46:36.799+0000] {logging_mixin.py:190} INFO - [2024-10-22T06:46:36.799+0000] {dagbag.py:588} INFO - Filling up the DagBag from /home/airflow/.local/lib/python3.12/site-packages/airflow/example_dags/example_branch_day_of_week_operator.py
[2024-10-22T06:46:36.809+0000] {processor.py:925} INFO - DAG(s) 'example_weekday_branch_operator' retrieved from /home/airflow/.local/lib/python3.12/site-packages/airflow/example_dags/example_branch_day_of_week_operator.py
[2024-10-22T06:46:36.836+0000] {logging_mixin.py:190} INFO - [2024-10-22T06:46:36.836+0000] {dag.py:3239} INFO - Sync 1 DAGs
[2024-10-22T06:46:36.875+0000] {logging_mixin.py:190} INFO - [2024-10-22T06:46:36.875+0000] {dag.py:4180} INFO - Setting next_dagrun for example_weekday_branch_operator to 2024-10-21 00:00:00+00:00, run_after=2024-10-22 00:00:00+00:00
[2024-10-22T06:46:36.896+0000] {processor.py:208} INFO - Processing /home/airflow/.local/lib/python3.12/site-packages/airflow/example_dags/example_branch_day_of_week_operator.py took 0.107 seconds
[2024-10-22T06:47:07.881+0000] {processor.py:186} INFO - Started process (PID=78919) to work on /home/airflow/.local/lib/python3.12/site-packages/airflow/example_dags/example_branch_day_of_week_operator.py
[2024-10-22T06:47:07.883+0000] {processor.py:914} INFO - Processing file /home/airflow/.local/lib/python3.12/site-packages/airflow/example_dags/example_branch_day_of_week_operator.py for tasks to queue
[2024-10-22T06:47:07.884+0000] {logging_mixin.py:190} INFO - [2024-10-22T06:47:07.884+0000] {dagbag.py:588} INFO - Filling up the DagBag from /home/airflow/.local/lib/python3.12/site-packages/airflow/example_dags/example_branch_day_of_week_operator.py
[2024-10-22T06:47:07.893+0000] {processor.py:925} INFO - DAG(s) 'example_weekday_branch_operator' retrieved from /home/airflow/.local/lib/python3.12/site-packages/airflow/example_dags/example_branch_day_of_week_operator.py
[2024-10-22T06:47:07.921+0000] {logging_mixin.py:190} INFO - [2024-10-22T06:47:07.920+0000] {dag.py:3239} INFO - Sync 1 DAGs
[2024-10-22T06:47:07.952+0000] {logging_mixin.py:190} INFO - [2024-10-22T06:47:07.952+0000] {dag.py:4180} INFO - Setting next_dagrun for example_weekday_branch_operator to 2024-10-21 00:00:00+00:00, run_after=2024-10-22 00:00:00+00:00
[2024-10-22T06:47:07.972+0000] {processor.py:208} INFO - Processing /home/airflow/.local/lib/python3.12/site-packages/airflow/example_dags/example_branch_day_of_week_operator.py took 0.101 seconds
[2024-10-22T06:47:38.453+0000] {processor.py:186} INFO - Started process (PID=78985) to work on /home/airflow/.local/lib/python3.12/site-packages/airflow/example_dags/example_branch_day_of_week_operator.py
[2024-10-22T06:47:38.455+0000] {processor.py:914} INFO - Processing file /home/airflow/.local/lib/python3.12/site-packages/airflow/example_dags/example_branch_day_of_week_operator.py for tasks to queue
[2024-10-22T06:47:38.457+0000] {logging_mixin.py:190} INFO - [2024-10-22T06:47:38.457+0000] {dagbag.py:588} INFO - Filling up the DagBag from /home/airflow/.local/lib/python3.12/site-packages/airflow/example_dags/example_branch_day_of_week_operator.py
[2024-10-22T06:47:38.470+0000] {processor.py:925} INFO - DAG(s) 'example_weekday_branch_operator' retrieved from /home/airflow/.local/lib/python3.12/site-packages/airflow/example_dags/example_branch_day_of_week_operator.py
[2024-10-22T06:47:38.495+0000] {logging_mixin.py:190} INFO - [2024-10-22T06:47:38.495+0000] {dag.py:3239} INFO - Sync 1 DAGs
[2024-10-22T06:47:38.522+0000] {logging_mixin.py:190} INFO - [2024-10-22T06:47:38.522+0000] {dag.py:4180} INFO - Setting next_dagrun for example_weekday_branch_operator to 2024-10-21 00:00:00+00:00, run_after=2024-10-22 00:00:00+00:00
[2024-10-22T06:47:38.541+0000] {processor.py:208} INFO - Processing /home/airflow/.local/lib/python3.12/site-packages/airflow/example_dags/example_branch_day_of_week_operator.py took 0.098 seconds
[2024-10-22T06:48:09.171+0000] {processor.py:186} INFO - Started process (PID=79052) to work on /home/airflow/.local/lib/python3.12/site-packages/airflow/example_dags/example_branch_day_of_week_operator.py
[2024-10-22T06:48:09.172+0000] {processor.py:914} INFO - Processing file /home/airflow/.local/lib/python3.12/site-packages/airflow/example_dags/example_branch_day_of_week_operator.py for tasks to queue
[2024-10-22T06:48:09.173+0000] {logging_mixin.py:190} INFO - [2024-10-22T06:48:09.173+0000] {dagbag.py:588} INFO - Filling up the DagBag from /home/airflow/.local/lib/python3.12/site-packages/airflow/example_dags/example_branch_day_of_week_operator.py
[2024-10-22T06:48:09.182+0000] {processor.py:925} INFO - DAG(s) 'example_weekday_branch_operator' retrieved from /home/airflow/.local/lib/python3.12/site-packages/airflow/example_dags/example_branch_day_of_week_operator.py
[2024-10-22T06:48:09.206+0000] {logging_mixin.py:190} INFO - [2024-10-22T06:48:09.206+0000] {dag.py:3239} INFO - Sync 1 DAGs
[2024-10-22T06:48:09.231+0000] {logging_mixin.py:190} INFO - [2024-10-22T06:48:09.230+0000] {dag.py:4180} INFO - Setting next_dagrun for example_weekday_branch_operator to 2024-10-21 00:00:00+00:00, run_after=2024-10-22 00:00:00+00:00
[2024-10-22T06:48:09.248+0000] {processor.py:208} INFO - Processing /home/airflow/.local/lib/python3.12/site-packages/airflow/example_dags/example_branch_day_of_week_operator.py took 0.085 seconds
[2024-10-22T06:48:40.552+0000] {processor.py:186} INFO - Started process (PID=79125) to work on /home/airflow/.local/lib/python3.12/site-packages/airflow/example_dags/example_branch_day_of_week_operator.py
[2024-10-22T06:48:40.554+0000] {processor.py:914} INFO - Processing file /home/airflow/.local/lib/python3.12/site-packages/airflow/example_dags/example_branch_day_of_week_operator.py for tasks to queue
[2024-10-22T06:48:40.555+0000] {logging_mixin.py:190} INFO - [2024-10-22T06:48:40.555+0000] {dagbag.py:588} INFO - Filling up the DagBag from /home/airflow/.local/lib/python3.12/site-packages/airflow/example_dags/example_branch_day_of_week_operator.py
[2024-10-22T06:48:40.566+0000] {processor.py:925} INFO - DAG(s) 'example_weekday_branch_operator' retrieved from /home/airflow/.local/lib/python3.12/site-packages/airflow/example_dags/example_branch_day_of_week_operator.py
[2024-10-22T06:48:40.591+0000] {logging_mixin.py:190} INFO - [2024-10-22T06:48:40.591+0000] {dag.py:3239} INFO - Sync 1 DAGs
[2024-10-22T06:48:40.621+0000] {logging_mixin.py:190} INFO - [2024-10-22T06:48:40.621+0000] {dag.py:4180} INFO - Setting next_dagrun for example_weekday_branch_operator to 2024-10-21 00:00:00+00:00, run_after=2024-10-22 00:00:00+00:00
[2024-10-22T06:48:40.644+0000] {processor.py:208} INFO - Processing /home/airflow/.local/lib/python3.12/site-packages/airflow/example_dags/example_branch_day_of_week_operator.py took 0.100 seconds
[2024-10-22T06:49:11.049+0000] {processor.py:186} INFO - Started process (PID=79191) to work on /home/airflow/.local/lib/python3.12/site-packages/airflow/example_dags/example_branch_day_of_week_operator.py
[2024-10-22T06:49:11.050+0000] {processor.py:914} INFO - Processing file /home/airflow/.local/lib/python3.12/site-packages/airflow/example_dags/example_branch_day_of_week_operator.py for tasks to queue
[2024-10-22T06:49:11.051+0000] {logging_mixin.py:190} INFO - [2024-10-22T06:49:11.051+0000] {dagbag.py:588} INFO - Filling up the DagBag from /home/airflow/.local/lib/python3.12/site-packages/airflow/example_dags/example_branch_day_of_week_operator.py
[2024-10-22T06:49:11.060+0000] {processor.py:925} INFO - DAG(s) 'example_weekday_branch_operator' retrieved from /home/airflow/.local/lib/python3.12/site-packages/airflow/example_dags/example_branch_day_of_week_operator.py
[2024-10-22T06:49:11.082+0000] {logging_mixin.py:190} INFO - [2024-10-22T06:49:11.082+0000] {dag.py:3239} INFO - Sync 1 DAGs
[2024-10-22T06:49:11.108+0000] {logging_mixin.py:190} INFO - [2024-10-22T06:49:11.108+0000] {dag.py:4180} INFO - Setting next_dagrun for example_weekday_branch_operator to 2024-10-21 00:00:00+00:00, run_after=2024-10-22 00:00:00+00:00
[2024-10-22T06:49:11.128+0000] {processor.py:208} INFO - Processing /home/airflow/.local/lib/python3.12/site-packages/airflow/example_dags/example_branch_day_of_week_operator.py took 0.087 seconds
