[2024-10-22T03:19:15.205+0000] {processor.py:186} INFO - Started process (PID=54844) to work on /home/airflow/.local/lib/python3.12/site-packages/airflow/example_dags/example_latest_only_with_trigger.py
[2024-10-22T03:19:15.207+0000] {processor.py:914} INFO - Processing file /home/airflow/.local/lib/python3.12/site-packages/airflow/example_dags/example_latest_only_with_trigger.py for tasks to queue
[2024-10-22T03:19:15.208+0000] {logging_mixin.py:190} INFO - [2024-10-22T03:19:15.208+0000] {dagbag.py:588} INFO - Filling up the DagBag from /home/airflow/.local/lib/python3.12/site-packages/airflow/example_dags/example_latest_only_with_trigger.py
[2024-10-22T03:19:15.218+0000] {processor.py:925} INFO - DAG(s) 'latest_only_with_trigger' retrieved from /home/airflow/.local/lib/python3.12/site-packages/airflow/example_dags/example_latest_only_with_trigger.py
[2024-10-22T03:19:15.244+0000] {logging_mixin.py:190} INFO - [2024-10-22T03:19:15.243+0000] {dag.py:3239} INFO - Sync 1 DAGs
[2024-10-22T03:19:15.269+0000] {logging_mixin.py:190} INFO - [2024-10-22T03:19:15.269+0000] {dag.py:4180} INFO - Setting next_dagrun for latest_only_with_trigger to 2024-10-21 20:00:00+00:00, run_after=2024-10-22 00:00:00+00:00
[2024-10-22T03:19:15.287+0000] {processor.py:208} INFO - Processing /home/airflow/.local/lib/python3.12/site-packages/airflow/example_dags/example_latest_only_with_trigger.py took 0.090 seconds
[2024-10-22T03:19:45.329+0000] {processor.py:186} INFO - Started process (PID=54911) to work on /home/airflow/.local/lib/python3.12/site-packages/airflow/example_dags/example_latest_only_with_trigger.py
[2024-10-22T03:19:45.330+0000] {processor.py:914} INFO - Processing file /home/airflow/.local/lib/python3.12/site-packages/airflow/example_dags/example_latest_only_with_trigger.py for tasks to queue
[2024-10-22T03:19:45.331+0000] {logging_mixin.py:190} INFO - [2024-10-22T03:19:45.331+0000] {dagbag.py:588} INFO - Filling up the DagBag from /home/airflow/.local/lib/python3.12/site-packages/airflow/example_dags/example_latest_only_with_trigger.py
[2024-10-22T03:19:45.340+0000] {processor.py:925} INFO - DAG(s) 'latest_only_with_trigger' retrieved from /home/airflow/.local/lib/python3.12/site-packages/airflow/example_dags/example_latest_only_with_trigger.py
[2024-10-22T03:19:45.366+0000] {logging_mixin.py:190} INFO - [2024-10-22T03:19:45.366+0000] {dag.py:3239} INFO - Sync 1 DAGs
[2024-10-22T03:19:45.391+0000] {logging_mixin.py:190} INFO - [2024-10-22T03:19:45.391+0000] {dag.py:4180} INFO - Setting next_dagrun for latest_only_with_trigger to 2024-10-21 20:00:00+00:00, run_after=2024-10-22 00:00:00+00:00
[2024-10-22T03:19:45.409+0000] {processor.py:208} INFO - Processing /home/airflow/.local/lib/python3.12/site-packages/airflow/example_dags/example_latest_only_with_trigger.py took 0.088 seconds
[2024-10-22T03:20:15.705+0000] {processor.py:186} INFO - Started process (PID=54978) to work on /home/airflow/.local/lib/python3.12/site-packages/airflow/example_dags/example_latest_only_with_trigger.py
[2024-10-22T03:20:15.706+0000] {processor.py:914} INFO - Processing file /home/airflow/.local/lib/python3.12/site-packages/airflow/example_dags/example_latest_only_with_trigger.py for tasks to queue
[2024-10-22T03:20:15.708+0000] {logging_mixin.py:190} INFO - [2024-10-22T03:20:15.707+0000] {dagbag.py:588} INFO - Filling up the DagBag from /home/airflow/.local/lib/python3.12/site-packages/airflow/example_dags/example_latest_only_with_trigger.py
[2024-10-22T03:20:15.716+0000] {processor.py:925} INFO - DAG(s) 'latest_only_with_trigger' retrieved from /home/airflow/.local/lib/python3.12/site-packages/airflow/example_dags/example_latest_only_with_trigger.py
[2024-10-22T03:20:15.743+0000] {logging_mixin.py:190} INFO - [2024-10-22T03:20:15.743+0000] {dag.py:3239} INFO - Sync 1 DAGs
[2024-10-22T03:20:15.772+0000] {logging_mixin.py:190} INFO - [2024-10-22T03:20:15.771+0000] {dag.py:4180} INFO - Setting next_dagrun for latest_only_with_trigger to 2024-10-21 20:00:00+00:00, run_after=2024-10-22 00:00:00+00:00
[2024-10-22T03:20:15.790+0000] {processor.py:208} INFO - Processing /home/airflow/.local/lib/python3.12/site-packages/airflow/example_dags/example_latest_only_with_trigger.py took 0.095 seconds
[2024-10-22T03:20:46.611+0000] {processor.py:186} INFO - Started process (PID=55046) to work on /home/airflow/.local/lib/python3.12/site-packages/airflow/example_dags/example_latest_only_with_trigger.py
[2024-10-22T03:20:46.612+0000] {processor.py:914} INFO - Processing file /home/airflow/.local/lib/python3.12/site-packages/airflow/example_dags/example_latest_only_with_trigger.py for tasks to queue
[2024-10-22T03:20:46.614+0000] {logging_mixin.py:190} INFO - [2024-10-22T03:20:46.614+0000] {dagbag.py:588} INFO - Filling up the DagBag from /home/airflow/.local/lib/python3.12/site-packages/airflow/example_dags/example_latest_only_with_trigger.py
[2024-10-22T03:20:46.623+0000] {processor.py:925} INFO - DAG(s) 'latest_only_with_trigger' retrieved from /home/airflow/.local/lib/python3.12/site-packages/airflow/example_dags/example_latest_only_with_trigger.py
[2024-10-22T03:20:46.648+0000] {logging_mixin.py:190} INFO - [2024-10-22T03:20:46.647+0000] {dag.py:3239} INFO - Sync 1 DAGs
[2024-10-22T03:20:46.674+0000] {logging_mixin.py:190} INFO - [2024-10-22T03:20:46.673+0000] {dag.py:4180} INFO - Setting next_dagrun for latest_only_with_trigger to 2024-10-21 20:00:00+00:00, run_after=2024-10-22 00:00:00+00:00
[2024-10-22T03:20:46.694+0000] {processor.py:208} INFO - Processing /home/airflow/.local/lib/python3.12/site-packages/airflow/example_dags/example_latest_only_with_trigger.py took 0.089 seconds
[2024-10-22T03:21:17.205+0000] {processor.py:186} INFO - Started process (PID=55112) to work on /home/airflow/.local/lib/python3.12/site-packages/airflow/example_dags/example_latest_only_with_trigger.py
[2024-10-22T03:21:17.207+0000] {processor.py:914} INFO - Processing file /home/airflow/.local/lib/python3.12/site-packages/airflow/example_dags/example_latest_only_with_trigger.py for tasks to queue
[2024-10-22T03:21:17.208+0000] {logging_mixin.py:190} INFO - [2024-10-22T03:21:17.208+0000] {dagbag.py:588} INFO - Filling up the DagBag from /home/airflow/.local/lib/python3.12/site-packages/airflow/example_dags/example_latest_only_with_trigger.py
[2024-10-22T03:21:17.216+0000] {processor.py:925} INFO - DAG(s) 'latest_only_with_trigger' retrieved from /home/airflow/.local/lib/python3.12/site-packages/airflow/example_dags/example_latest_only_with_trigger.py
[2024-10-22T03:21:17.243+0000] {logging_mixin.py:190} INFO - [2024-10-22T03:21:17.242+0000] {dag.py:3239} INFO - Sync 1 DAGs
[2024-10-22T03:21:17.270+0000] {logging_mixin.py:190} INFO - [2024-10-22T03:21:17.269+0000] {dag.py:4180} INFO - Setting next_dagrun for latest_only_with_trigger to 2024-10-21 20:00:00+00:00, run_after=2024-10-22 00:00:00+00:00
[2024-10-22T03:21:17.291+0000] {processor.py:208} INFO - Processing /home/airflow/.local/lib/python3.12/site-packages/airflow/example_dags/example_latest_only_with_trigger.py took 0.093 seconds
[2024-10-22T03:21:47.694+0000] {processor.py:186} INFO - Started process (PID=55179) to work on /home/airflow/.local/lib/python3.12/site-packages/airflow/example_dags/example_latest_only_with_trigger.py
[2024-10-22T03:21:47.695+0000] {processor.py:914} INFO - Processing file /home/airflow/.local/lib/python3.12/site-packages/airflow/example_dags/example_latest_only_with_trigger.py for tasks to queue
[2024-10-22T03:21:47.696+0000] {logging_mixin.py:190} INFO - [2024-10-22T03:21:47.696+0000] {dagbag.py:588} INFO - Filling up the DagBag from /home/airflow/.local/lib/python3.12/site-packages/airflow/example_dags/example_latest_only_with_trigger.py
[2024-10-22T03:21:47.704+0000] {processor.py:925} INFO - DAG(s) 'latest_only_with_trigger' retrieved from /home/airflow/.local/lib/python3.12/site-packages/airflow/example_dags/example_latest_only_with_trigger.py
[2024-10-22T03:21:47.729+0000] {logging_mixin.py:190} INFO - [2024-10-22T03:21:47.729+0000] {dag.py:3239} INFO - Sync 1 DAGs
[2024-10-22T03:21:47.755+0000] {logging_mixin.py:190} INFO - [2024-10-22T03:21:47.754+0000] {dag.py:4180} INFO - Setting next_dagrun for latest_only_with_trigger to 2024-10-21 20:00:00+00:00, run_after=2024-10-22 00:00:00+00:00
[2024-10-22T03:21:47.775+0000] {processor.py:208} INFO - Processing /home/airflow/.local/lib/python3.12/site-packages/airflow/example_dags/example_latest_only_with_trigger.py took 0.089 seconds
[2024-10-22T03:22:17.850+0000] {processor.py:186} INFO - Started process (PID=55244) to work on /home/airflow/.local/lib/python3.12/site-packages/airflow/example_dags/example_latest_only_with_trigger.py
[2024-10-22T03:22:17.851+0000] {processor.py:914} INFO - Processing file /home/airflow/.local/lib/python3.12/site-packages/airflow/example_dags/example_latest_only_with_trigger.py for tasks to queue
[2024-10-22T03:22:17.853+0000] {logging_mixin.py:190} INFO - [2024-10-22T03:22:17.852+0000] {dagbag.py:588} INFO - Filling up the DagBag from /home/airflow/.local/lib/python3.12/site-packages/airflow/example_dags/example_latest_only_with_trigger.py
[2024-10-22T03:22:17.860+0000] {processor.py:925} INFO - DAG(s) 'latest_only_with_trigger' retrieved from /home/airflow/.local/lib/python3.12/site-packages/airflow/example_dags/example_latest_only_with_trigger.py
[2024-10-22T03:22:17.883+0000] {logging_mixin.py:190} INFO - [2024-10-22T03:22:17.883+0000] {dag.py:3239} INFO - Sync 1 DAGs
[2024-10-22T03:22:17.908+0000] {logging_mixin.py:190} INFO - [2024-10-22T03:22:17.908+0000] {dag.py:4180} INFO - Setting next_dagrun for latest_only_with_trigger to 2024-10-21 20:00:00+00:00, run_after=2024-10-22 00:00:00+00:00
[2024-10-22T03:22:17.927+0000] {processor.py:208} INFO - Processing /home/airflow/.local/lib/python3.12/site-packages/airflow/example_dags/example_latest_only_with_trigger.py took 0.084 seconds
[2024-10-22T03:22:48.606+0000] {processor.py:186} INFO - Started process (PID=55312) to work on /home/airflow/.local/lib/python3.12/site-packages/airflow/example_dags/example_latest_only_with_trigger.py
[2024-10-22T03:22:48.607+0000] {processor.py:914} INFO - Processing file /home/airflow/.local/lib/python3.12/site-packages/airflow/example_dags/example_latest_only_with_trigger.py for tasks to queue
[2024-10-22T03:22:48.609+0000] {logging_mixin.py:190} INFO - [2024-10-22T03:22:48.608+0000] {dagbag.py:588} INFO - Filling up the DagBag from /home/airflow/.local/lib/python3.12/site-packages/airflow/example_dags/example_latest_only_with_trigger.py
[2024-10-22T03:22:48.617+0000] {processor.py:925} INFO - DAG(s) 'latest_only_with_trigger' retrieved from /home/airflow/.local/lib/python3.12/site-packages/airflow/example_dags/example_latest_only_with_trigger.py
[2024-10-22T03:22:48.642+0000] {logging_mixin.py:190} INFO - [2024-10-22T03:22:48.642+0000] {dag.py:3239} INFO - Sync 1 DAGs
[2024-10-22T03:22:48.667+0000] {logging_mixin.py:190} INFO - [2024-10-22T03:22:48.667+0000] {dag.py:4180} INFO - Setting next_dagrun for latest_only_with_trigger to 2024-10-21 20:00:00+00:00, run_after=2024-10-22 00:00:00+00:00
[2024-10-22T03:22:48.687+0000] {processor.py:208} INFO - Processing /home/airflow/.local/lib/python3.12/site-packages/airflow/example_dags/example_latest_only_with_trigger.py took 0.088 seconds
[2024-10-22T03:23:19.587+0000] {processor.py:186} INFO - Started process (PID=55379) to work on /home/airflow/.local/lib/python3.12/site-packages/airflow/example_dags/example_latest_only_with_trigger.py
[2024-10-22T03:23:19.588+0000] {processor.py:914} INFO - Processing file /home/airflow/.local/lib/python3.12/site-packages/airflow/example_dags/example_latest_only_with_trigger.py for tasks to queue
[2024-10-22T03:23:19.589+0000] {logging_mixin.py:190} INFO - [2024-10-22T03:23:19.589+0000] {dagbag.py:588} INFO - Filling up the DagBag from /home/airflow/.local/lib/python3.12/site-packages/airflow/example_dags/example_latest_only_with_trigger.py
[2024-10-22T03:23:19.599+0000] {processor.py:925} INFO - DAG(s) 'latest_only_with_trigger' retrieved from /home/airflow/.local/lib/python3.12/site-packages/airflow/example_dags/example_latest_only_with_trigger.py
[2024-10-22T03:23:19.631+0000] {logging_mixin.py:190} INFO - [2024-10-22T03:23:19.630+0000] {dag.py:3239} INFO - Sync 1 DAGs
[2024-10-22T03:23:19.655+0000] {logging_mixin.py:190} INFO - [2024-10-22T03:23:19.655+0000] {dag.py:4180} INFO - Setting next_dagrun for latest_only_with_trigger to 2024-10-21 20:00:00+00:00, run_after=2024-10-22 00:00:00+00:00
[2024-10-22T03:23:19.673+0000] {processor.py:208} INFO - Processing /home/airflow/.local/lib/python3.12/site-packages/airflow/example_dags/example_latest_only_with_trigger.py took 0.094 seconds
[2024-10-22T03:23:50.079+0000] {processor.py:186} INFO - Started process (PID=55446) to work on /home/airflow/.local/lib/python3.12/site-packages/airflow/example_dags/example_latest_only_with_trigger.py
[2024-10-22T03:23:50.080+0000] {processor.py:914} INFO - Processing file /home/airflow/.local/lib/python3.12/site-packages/airflow/example_dags/example_latest_only_with_trigger.py for tasks to queue
[2024-10-22T03:23:50.082+0000] {logging_mixin.py:190} INFO - [2024-10-22T03:23:50.081+0000] {dagbag.py:588} INFO - Filling up the DagBag from /home/airflow/.local/lib/python3.12/site-packages/airflow/example_dags/example_latest_only_with_trigger.py
[2024-10-22T03:23:50.090+0000] {processor.py:925} INFO - DAG(s) 'latest_only_with_trigger' retrieved from /home/airflow/.local/lib/python3.12/site-packages/airflow/example_dags/example_latest_only_with_trigger.py
[2024-10-22T03:23:50.116+0000] {logging_mixin.py:190} INFO - [2024-10-22T03:23:50.116+0000] {dag.py:3239} INFO - Sync 1 DAGs
[2024-10-22T03:23:50.150+0000] {logging_mixin.py:190} INFO - [2024-10-22T03:23:50.150+0000] {dag.py:4180} INFO - Setting next_dagrun for latest_only_with_trigger to 2024-10-21 20:00:00+00:00, run_after=2024-10-22 00:00:00+00:00
[2024-10-22T03:23:50.170+0000] {processor.py:208} INFO - Processing /home/airflow/.local/lib/python3.12/site-packages/airflow/example_dags/example_latest_only_with_trigger.py took 0.102 seconds
[2024-10-22T03:24:20.574+0000] {processor.py:186} INFO - Started process (PID=55513) to work on /home/airflow/.local/lib/python3.12/site-packages/airflow/example_dags/example_latest_only_with_trigger.py
[2024-10-22T03:24:20.575+0000] {processor.py:914} INFO - Processing file /home/airflow/.local/lib/python3.12/site-packages/airflow/example_dags/example_latest_only_with_trigger.py for tasks to queue
[2024-10-22T03:24:20.577+0000] {logging_mixin.py:190} INFO - [2024-10-22T03:24:20.576+0000] {dagbag.py:588} INFO - Filling up the DagBag from /home/airflow/.local/lib/python3.12/site-packages/airflow/example_dags/example_latest_only_with_trigger.py
[2024-10-22T03:24:20.585+0000] {processor.py:925} INFO - DAG(s) 'latest_only_with_trigger' retrieved from /home/airflow/.local/lib/python3.12/site-packages/airflow/example_dags/example_latest_only_with_trigger.py
[2024-10-22T03:24:20.611+0000] {logging_mixin.py:190} INFO - [2024-10-22T03:24:20.610+0000] {dag.py:3239} INFO - Sync 1 DAGs
[2024-10-22T03:24:20.636+0000] {logging_mixin.py:190} INFO - [2024-10-22T03:24:20.636+0000] {dag.py:4180} INFO - Setting next_dagrun for latest_only_with_trigger to 2024-10-21 20:00:00+00:00, run_after=2024-10-22 00:00:00+00:00
[2024-10-22T03:24:20.656+0000] {processor.py:208} INFO - Processing /home/airflow/.local/lib/python3.12/site-packages/airflow/example_dags/example_latest_only_with_trigger.py took 0.091 seconds
[2024-10-22T03:24:51.321+0000] {processor.py:186} INFO - Started process (PID=55580) to work on /home/airflow/.local/lib/python3.12/site-packages/airflow/example_dags/example_latest_only_with_trigger.py
[2024-10-22T03:24:51.322+0000] {processor.py:914} INFO - Processing file /home/airflow/.local/lib/python3.12/site-packages/airflow/example_dags/example_latest_only_with_trigger.py for tasks to queue
[2024-10-22T03:24:51.324+0000] {logging_mixin.py:190} INFO - [2024-10-22T03:24:51.323+0000] {dagbag.py:588} INFO - Filling up the DagBag from /home/airflow/.local/lib/python3.12/site-packages/airflow/example_dags/example_latest_only_with_trigger.py
[2024-10-22T03:24:51.332+0000] {processor.py:925} INFO - DAG(s) 'latest_only_with_trigger' retrieved from /home/airflow/.local/lib/python3.12/site-packages/airflow/example_dags/example_latest_only_with_trigger.py
[2024-10-22T03:24:51.356+0000] {logging_mixin.py:190} INFO - [2024-10-22T03:24:51.356+0000] {dag.py:3239} INFO - Sync 1 DAGs
[2024-10-22T03:24:51.383+0000] {logging_mixin.py:190} INFO - [2024-10-22T03:24:51.382+0000] {dag.py:4180} INFO - Setting next_dagrun for latest_only_with_trigger to 2024-10-21 20:00:00+00:00, run_after=2024-10-22 00:00:00+00:00
[2024-10-22T03:24:51.402+0000] {processor.py:208} INFO - Processing /home/airflow/.local/lib/python3.12/site-packages/airflow/example_dags/example_latest_only_with_trigger.py took 0.090 seconds
[2024-10-22T03:25:21.907+0000] {processor.py:186} INFO - Started process (PID=55647) to work on /home/airflow/.local/lib/python3.12/site-packages/airflow/example_dags/example_latest_only_with_trigger.py
[2024-10-22T03:25:21.908+0000] {processor.py:914} INFO - Processing file /home/airflow/.local/lib/python3.12/site-packages/airflow/example_dags/example_latest_only_with_trigger.py for tasks to queue
[2024-10-22T03:25:21.909+0000] {logging_mixin.py:190} INFO - [2024-10-22T03:25:21.909+0000] {dagbag.py:588} INFO - Filling up the DagBag from /home/airflow/.local/lib/python3.12/site-packages/airflow/example_dags/example_latest_only_with_trigger.py
[2024-10-22T03:25:21.920+0000] {processor.py:925} INFO - DAG(s) 'latest_only_with_trigger' retrieved from /home/airflow/.local/lib/python3.12/site-packages/airflow/example_dags/example_latest_only_with_trigger.py
[2024-10-22T03:25:21.947+0000] {logging_mixin.py:190} INFO - [2024-10-22T03:25:21.946+0000] {dag.py:3239} INFO - Sync 1 DAGs
[2024-10-22T03:25:21.975+0000] {logging_mixin.py:190} INFO - [2024-10-22T03:25:21.975+0000] {dag.py:4180} INFO - Setting next_dagrun for latest_only_with_trigger to 2024-10-21 20:00:00+00:00, run_after=2024-10-22 00:00:00+00:00
[2024-10-22T03:25:21.993+0000] {processor.py:208} INFO - Processing /home/airflow/.local/lib/python3.12/site-packages/airflow/example_dags/example_latest_only_with_trigger.py took 0.104 seconds
[2024-10-22T03:25:52.328+0000] {processor.py:186} INFO - Started process (PID=55714) to work on /home/airflow/.local/lib/python3.12/site-packages/airflow/example_dags/example_latest_only_with_trigger.py
[2024-10-22T03:25:52.329+0000] {processor.py:914} INFO - Processing file /home/airflow/.local/lib/python3.12/site-packages/airflow/example_dags/example_latest_only_with_trigger.py for tasks to queue
[2024-10-22T03:25:52.330+0000] {logging_mixin.py:190} INFO - [2024-10-22T03:25:52.330+0000] {dagbag.py:588} INFO - Filling up the DagBag from /home/airflow/.local/lib/python3.12/site-packages/airflow/example_dags/example_latest_only_with_trigger.py
[2024-10-22T03:25:52.340+0000] {processor.py:925} INFO - DAG(s) 'latest_only_with_trigger' retrieved from /home/airflow/.local/lib/python3.12/site-packages/airflow/example_dags/example_latest_only_with_trigger.py
[2024-10-22T03:25:52.364+0000] {logging_mixin.py:190} INFO - [2024-10-22T03:25:52.364+0000] {dag.py:3239} INFO - Sync 1 DAGs
[2024-10-22T03:25:52.389+0000] {logging_mixin.py:190} INFO - [2024-10-22T03:25:52.389+0000] {dag.py:4180} INFO - Setting next_dagrun for latest_only_with_trigger to 2024-10-21 20:00:00+00:00, run_after=2024-10-22 00:00:00+00:00
[2024-10-22T03:25:52.412+0000] {processor.py:208} INFO - Processing /home/airflow/.local/lib/python3.12/site-packages/airflow/example_dags/example_latest_only_with_trigger.py took 0.092 seconds
[2024-10-22T03:26:23.242+0000] {processor.py:186} INFO - Started process (PID=55779) to work on /home/airflow/.local/lib/python3.12/site-packages/airflow/example_dags/example_latest_only_with_trigger.py
[2024-10-22T03:26:23.244+0000] {processor.py:914} INFO - Processing file /home/airflow/.local/lib/python3.12/site-packages/airflow/example_dags/example_latest_only_with_trigger.py for tasks to queue
[2024-10-22T03:26:23.245+0000] {logging_mixin.py:190} INFO - [2024-10-22T03:26:23.245+0000] {dagbag.py:588} INFO - Filling up the DagBag from /home/airflow/.local/lib/python3.12/site-packages/airflow/example_dags/example_latest_only_with_trigger.py
[2024-10-22T03:26:23.255+0000] {processor.py:925} INFO - DAG(s) 'latest_only_with_trigger' retrieved from /home/airflow/.local/lib/python3.12/site-packages/airflow/example_dags/example_latest_only_with_trigger.py
[2024-10-22T03:26:23.280+0000] {logging_mixin.py:190} INFO - [2024-10-22T03:26:23.280+0000] {dag.py:3239} INFO - Sync 1 DAGs
[2024-10-22T03:26:23.310+0000] {logging_mixin.py:190} INFO - [2024-10-22T03:26:23.309+0000] {dag.py:4180} INFO - Setting next_dagrun for latest_only_with_trigger to 2024-10-21 20:00:00+00:00, run_after=2024-10-22 00:00:00+00:00
[2024-10-22T03:26:23.332+0000] {processor.py:208} INFO - Processing /home/airflow/.local/lib/python3.12/site-packages/airflow/example_dags/example_latest_only_with_trigger.py took 0.097 seconds
[2024-10-22T03:26:53.665+0000] {processor.py:186} INFO - Started process (PID=55846) to work on /home/airflow/.local/lib/python3.12/site-packages/airflow/example_dags/example_latest_only_with_trigger.py
[2024-10-22T03:26:53.666+0000] {processor.py:914} INFO - Processing file /home/airflow/.local/lib/python3.12/site-packages/airflow/example_dags/example_latest_only_with_trigger.py for tasks to queue
[2024-10-22T03:26:53.669+0000] {logging_mixin.py:190} INFO - [2024-10-22T03:26:53.668+0000] {dagbag.py:588} INFO - Filling up the DagBag from /home/airflow/.local/lib/python3.12/site-packages/airflow/example_dags/example_latest_only_with_trigger.py
[2024-10-22T03:26:53.677+0000] {processor.py:925} INFO - DAG(s) 'latest_only_with_trigger' retrieved from /home/airflow/.local/lib/python3.12/site-packages/airflow/example_dags/example_latest_only_with_trigger.py
[2024-10-22T03:26:53.702+0000] {logging_mixin.py:190} INFO - [2024-10-22T03:26:53.701+0000] {dag.py:3239} INFO - Sync 1 DAGs
[2024-10-22T03:26:53.728+0000] {logging_mixin.py:190} INFO - [2024-10-22T03:26:53.727+0000] {dag.py:4180} INFO - Setting next_dagrun for latest_only_with_trigger to 2024-10-21 20:00:00+00:00, run_after=2024-10-22 00:00:00+00:00
[2024-10-22T03:26:53.746+0000] {processor.py:208} INFO - Processing /home/airflow/.local/lib/python3.12/site-packages/airflow/example_dags/example_latest_only_with_trigger.py took 0.089 seconds
[2024-10-22T03:27:24.229+0000] {processor.py:186} INFO - Started process (PID=55913) to work on /home/airflow/.local/lib/python3.12/site-packages/airflow/example_dags/example_latest_only_with_trigger.py
[2024-10-22T03:27:24.231+0000] {processor.py:914} INFO - Processing file /home/airflow/.local/lib/python3.12/site-packages/airflow/example_dags/example_latest_only_with_trigger.py for tasks to queue
[2024-10-22T03:27:24.232+0000] {logging_mixin.py:190} INFO - [2024-10-22T03:27:24.232+0000] {dagbag.py:588} INFO - Filling up the DagBag from /home/airflow/.local/lib/python3.12/site-packages/airflow/example_dags/example_latest_only_with_trigger.py
[2024-10-22T03:27:24.242+0000] {processor.py:925} INFO - DAG(s) 'latest_only_with_trigger' retrieved from /home/airflow/.local/lib/python3.12/site-packages/airflow/example_dags/example_latest_only_with_trigger.py
[2024-10-22T03:27:24.269+0000] {logging_mixin.py:190} INFO - [2024-10-22T03:27:24.269+0000] {dag.py:3239} INFO - Sync 1 DAGs
[2024-10-22T03:27:24.299+0000] {logging_mixin.py:190} INFO - [2024-10-22T03:27:24.298+0000] {dag.py:4180} INFO - Setting next_dagrun for latest_only_with_trigger to 2024-10-21 20:00:00+00:00, run_after=2024-10-22 00:00:00+00:00
[2024-10-22T03:27:24.321+0000] {processor.py:208} INFO - Processing /home/airflow/.local/lib/python3.12/site-packages/airflow/example_dags/example_latest_only_with_trigger.py took 0.101 seconds
[2024-10-22T03:27:54.754+0000] {processor.py:186} INFO - Started process (PID=55980) to work on /home/airflow/.local/lib/python3.12/site-packages/airflow/example_dags/example_latest_only_with_trigger.py
[2024-10-22T03:27:54.755+0000] {processor.py:914} INFO - Processing file /home/airflow/.local/lib/python3.12/site-packages/airflow/example_dags/example_latest_only_with_trigger.py for tasks to queue
[2024-10-22T03:27:54.757+0000] {logging_mixin.py:190} INFO - [2024-10-22T03:27:54.757+0000] {dagbag.py:588} INFO - Filling up the DagBag from /home/airflow/.local/lib/python3.12/site-packages/airflow/example_dags/example_latest_only_with_trigger.py
[2024-10-22T03:27:54.766+0000] {processor.py:925} INFO - DAG(s) 'latest_only_with_trigger' retrieved from /home/airflow/.local/lib/python3.12/site-packages/airflow/example_dags/example_latest_only_with_trigger.py
[2024-10-22T03:27:54.796+0000] {logging_mixin.py:190} INFO - [2024-10-22T03:27:54.795+0000] {dag.py:3239} INFO - Sync 1 DAGs
[2024-10-22T03:27:54.825+0000] {logging_mixin.py:190} INFO - [2024-10-22T03:27:54.825+0000] {dag.py:4180} INFO - Setting next_dagrun for latest_only_with_trigger to 2024-10-21 20:00:00+00:00, run_after=2024-10-22 00:00:00+00:00
[2024-10-22T03:27:54.846+0000] {processor.py:208} INFO - Processing /home/airflow/.local/lib/python3.12/site-packages/airflow/example_dags/example_latest_only_with_trigger.py took 0.102 seconds
[2024-10-22T03:28:25.585+0000] {processor.py:186} INFO - Started process (PID=56047) to work on /home/airflow/.local/lib/python3.12/site-packages/airflow/example_dags/example_latest_only_with_trigger.py
[2024-10-22T03:28:25.586+0000] {processor.py:914} INFO - Processing file /home/airflow/.local/lib/python3.12/site-packages/airflow/example_dags/example_latest_only_with_trigger.py for tasks to queue
[2024-10-22T03:28:25.587+0000] {logging_mixin.py:190} INFO - [2024-10-22T03:28:25.587+0000] {dagbag.py:588} INFO - Filling up the DagBag from /home/airflow/.local/lib/python3.12/site-packages/airflow/example_dags/example_latest_only_with_trigger.py
[2024-10-22T03:28:25.595+0000] {processor.py:925} INFO - DAG(s) 'latest_only_with_trigger' retrieved from /home/airflow/.local/lib/python3.12/site-packages/airflow/example_dags/example_latest_only_with_trigger.py
[2024-10-22T03:28:25.620+0000] {logging_mixin.py:190} INFO - [2024-10-22T03:28:25.620+0000] {dag.py:3239} INFO - Sync 1 DAGs
[2024-10-22T03:28:25.646+0000] {logging_mixin.py:190} INFO - [2024-10-22T03:28:25.646+0000] {dag.py:4180} INFO - Setting next_dagrun for latest_only_with_trigger to 2024-10-21 20:00:00+00:00, run_after=2024-10-22 00:00:00+00:00
[2024-10-22T03:28:25.665+0000] {processor.py:208} INFO - Processing /home/airflow/.local/lib/python3.12/site-packages/airflow/example_dags/example_latest_only_with_trigger.py took 0.088 seconds
[2024-10-22T03:28:56.348+0000] {processor.py:186} INFO - Started process (PID=56113) to work on /home/airflow/.local/lib/python3.12/site-packages/airflow/example_dags/example_latest_only_with_trigger.py
[2024-10-22T03:28:56.349+0000] {processor.py:914} INFO - Processing file /home/airflow/.local/lib/python3.12/site-packages/airflow/example_dags/example_latest_only_with_trigger.py for tasks to queue
[2024-10-22T03:28:56.351+0000] {logging_mixin.py:190} INFO - [2024-10-22T03:28:56.351+0000] {dagbag.py:588} INFO - Filling up the DagBag from /home/airflow/.local/lib/python3.12/site-packages/airflow/example_dags/example_latest_only_with_trigger.py
[2024-10-22T03:28:56.359+0000] {processor.py:925} INFO - DAG(s) 'latest_only_with_trigger' retrieved from /home/airflow/.local/lib/python3.12/site-packages/airflow/example_dags/example_latest_only_with_trigger.py
[2024-10-22T03:28:56.380+0000] {logging_mixin.py:190} INFO - [2024-10-22T03:28:56.380+0000] {dag.py:3239} INFO - Sync 1 DAGs
[2024-10-22T03:28:56.407+0000] {logging_mixin.py:190} INFO - [2024-10-22T03:28:56.407+0000] {dag.py:4180} INFO - Setting next_dagrun for latest_only_with_trigger to 2024-10-21 20:00:00+00:00, run_after=2024-10-22 00:00:00+00:00
[2024-10-22T03:28:56.424+0000] {processor.py:208} INFO - Processing /home/airflow/.local/lib/python3.12/site-packages/airflow/example_dags/example_latest_only_with_trigger.py took 0.083 seconds
[2024-10-22T03:29:26.820+0000] {processor.py:186} INFO - Started process (PID=56180) to work on /home/airflow/.local/lib/python3.12/site-packages/airflow/example_dags/example_latest_only_with_trigger.py
[2024-10-22T03:29:26.822+0000] {processor.py:914} INFO - Processing file /home/airflow/.local/lib/python3.12/site-packages/airflow/example_dags/example_latest_only_with_trigger.py for tasks to queue
[2024-10-22T03:29:26.823+0000] {logging_mixin.py:190} INFO - [2024-10-22T03:29:26.823+0000] {dagbag.py:588} INFO - Filling up the DagBag from /home/airflow/.local/lib/python3.12/site-packages/airflow/example_dags/example_latest_only_with_trigger.py
[2024-10-22T03:29:26.831+0000] {processor.py:925} INFO - DAG(s) 'latest_only_with_trigger' retrieved from /home/airflow/.local/lib/python3.12/site-packages/airflow/example_dags/example_latest_only_with_trigger.py
[2024-10-22T03:29:26.854+0000] {logging_mixin.py:190} INFO - [2024-10-22T03:29:26.853+0000] {dag.py:3239} INFO - Sync 1 DAGs
[2024-10-22T03:29:26.878+0000] {logging_mixin.py:190} INFO - [2024-10-22T03:29:26.877+0000] {dag.py:4180} INFO - Setting next_dagrun for latest_only_with_trigger to 2024-10-21 20:00:00+00:00, run_after=2024-10-22 00:00:00+00:00
[2024-10-22T03:29:26.895+0000] {processor.py:208} INFO - Processing /home/airflow/.local/lib/python3.12/site-packages/airflow/example_dags/example_latest_only_with_trigger.py took 0.082 seconds
[2024-10-22T03:29:57.005+0000] {processor.py:186} INFO - Started process (PID=56247) to work on /home/airflow/.local/lib/python3.12/site-packages/airflow/example_dags/example_latest_only_with_trigger.py
[2024-10-22T03:29:57.006+0000] {processor.py:914} INFO - Processing file /home/airflow/.local/lib/python3.12/site-packages/airflow/example_dags/example_latest_only_with_trigger.py for tasks to queue
[2024-10-22T03:29:57.008+0000] {logging_mixin.py:190} INFO - [2024-10-22T03:29:57.008+0000] {dagbag.py:588} INFO - Filling up the DagBag from /home/airflow/.local/lib/python3.12/site-packages/airflow/example_dags/example_latest_only_with_trigger.py
[2024-10-22T03:29:57.017+0000] {processor.py:925} INFO - DAG(s) 'latest_only_with_trigger' retrieved from /home/airflow/.local/lib/python3.12/site-packages/airflow/example_dags/example_latest_only_with_trigger.py
[2024-10-22T03:29:57.043+0000] {logging_mixin.py:190} INFO - [2024-10-22T03:29:57.042+0000] {dag.py:3239} INFO - Sync 1 DAGs
[2024-10-22T03:29:57.070+0000] {logging_mixin.py:190} INFO - [2024-10-22T03:29:57.069+0000] {dag.py:4180} INFO - Setting next_dagrun for latest_only_with_trigger to 2024-10-21 20:00:00+00:00, run_after=2024-10-22 00:00:00+00:00
[2024-10-22T03:29:57.088+0000] {processor.py:208} INFO - Processing /home/airflow/.local/lib/python3.12/site-packages/airflow/example_dags/example_latest_only_with_trigger.py took 0.091 seconds
[2024-10-22T03:30:27.339+0000] {processor.py:186} INFO - Started process (PID=56314) to work on /home/airflow/.local/lib/python3.12/site-packages/airflow/example_dags/example_latest_only_with_trigger.py
[2024-10-22T03:30:27.341+0000] {processor.py:914} INFO - Processing file /home/airflow/.local/lib/python3.12/site-packages/airflow/example_dags/example_latest_only_with_trigger.py for tasks to queue
[2024-10-22T03:30:27.342+0000] {logging_mixin.py:190} INFO - [2024-10-22T03:30:27.342+0000] {dagbag.py:588} INFO - Filling up the DagBag from /home/airflow/.local/lib/python3.12/site-packages/airflow/example_dags/example_latest_only_with_trigger.py
[2024-10-22T03:30:27.350+0000] {processor.py:925} INFO - DAG(s) 'latest_only_with_trigger' retrieved from /home/airflow/.local/lib/python3.12/site-packages/airflow/example_dags/example_latest_only_with_trigger.py
[2024-10-22T03:30:27.372+0000] {logging_mixin.py:190} INFO - [2024-10-22T03:30:27.371+0000] {dag.py:3239} INFO - Sync 1 DAGs
[2024-10-22T03:30:27.395+0000] {logging_mixin.py:190} INFO - [2024-10-22T03:30:27.395+0000] {dag.py:4180} INFO - Setting next_dagrun for latest_only_with_trigger to 2024-10-21 20:00:00+00:00, run_after=2024-10-22 00:00:00+00:00
[2024-10-22T03:30:27.412+0000] {processor.py:208} INFO - Processing /home/airflow/.local/lib/python3.12/site-packages/airflow/example_dags/example_latest_only_with_trigger.py took 0.080 seconds
[2024-10-22T03:30:57.689+0000] {processor.py:186} INFO - Started process (PID=56381) to work on /home/airflow/.local/lib/python3.12/site-packages/airflow/example_dags/example_latest_only_with_trigger.py
[2024-10-22T03:30:57.690+0000] {processor.py:914} INFO - Processing file /home/airflow/.local/lib/python3.12/site-packages/airflow/example_dags/example_latest_only_with_trigger.py for tasks to queue
[2024-10-22T03:30:57.692+0000] {logging_mixin.py:190} INFO - [2024-10-22T03:30:57.691+0000] {dagbag.py:588} INFO - Filling up the DagBag from /home/airflow/.local/lib/python3.12/site-packages/airflow/example_dags/example_latest_only_with_trigger.py
[2024-10-22T03:30:57.699+0000] {processor.py:925} INFO - DAG(s) 'latest_only_with_trigger' retrieved from /home/airflow/.local/lib/python3.12/site-packages/airflow/example_dags/example_latest_only_with_trigger.py
[2024-10-22T03:30:57.724+0000] {logging_mixin.py:190} INFO - [2024-10-22T03:30:57.724+0000] {dag.py:3239} INFO - Sync 1 DAGs
[2024-10-22T03:30:57.748+0000] {logging_mixin.py:190} INFO - [2024-10-22T03:30:57.748+0000] {dag.py:4180} INFO - Setting next_dagrun for latest_only_with_trigger to 2024-10-21 20:00:00+00:00, run_after=2024-10-22 00:00:00+00:00
[2024-10-22T03:30:57.766+0000] {processor.py:208} INFO - Processing /home/airflow/.local/lib/python3.12/site-packages/airflow/example_dags/example_latest_only_with_trigger.py took 0.085 seconds
[2024-10-22T03:31:28.572+0000] {processor.py:186} INFO - Started process (PID=56449) to work on /home/airflow/.local/lib/python3.12/site-packages/airflow/example_dags/example_latest_only_with_trigger.py
[2024-10-22T03:31:28.573+0000] {processor.py:914} INFO - Processing file /home/airflow/.local/lib/python3.12/site-packages/airflow/example_dags/example_latest_only_with_trigger.py for tasks to queue
[2024-10-22T03:31:28.577+0000] {logging_mixin.py:190} INFO - [2024-10-22T03:31:28.576+0000] {dagbag.py:588} INFO - Filling up the DagBag from /home/airflow/.local/lib/python3.12/site-packages/airflow/example_dags/example_latest_only_with_trigger.py
[2024-10-22T03:31:28.593+0000] {processor.py:925} INFO - DAG(s) 'latest_only_with_trigger' retrieved from /home/airflow/.local/lib/python3.12/site-packages/airflow/example_dags/example_latest_only_with_trigger.py
[2024-10-22T03:31:28.645+0000] {logging_mixin.py:190} INFO - [2024-10-22T03:31:28.644+0000] {dag.py:3239} INFO - Sync 1 DAGs
[2024-10-22T03:31:28.679+0000] {logging_mixin.py:190} INFO - [2024-10-22T03:31:28.678+0000] {dag.py:4180} INFO - Setting next_dagrun for latest_only_with_trigger to 2024-10-21 20:00:00+00:00, run_after=2024-10-22 00:00:00+00:00
[2024-10-22T03:31:28.705+0000] {processor.py:208} INFO - Processing /home/airflow/.local/lib/python3.12/site-packages/airflow/example_dags/example_latest_only_with_trigger.py took 0.141 seconds
[2024-10-22T03:31:59.222+0000] {processor.py:186} INFO - Started process (PID=56515) to work on /home/airflow/.local/lib/python3.12/site-packages/airflow/example_dags/example_latest_only_with_trigger.py
[2024-10-22T03:31:59.223+0000] {processor.py:914} INFO - Processing file /home/airflow/.local/lib/python3.12/site-packages/airflow/example_dags/example_latest_only_with_trigger.py for tasks to queue
[2024-10-22T03:31:59.224+0000] {logging_mixin.py:190} INFO - [2024-10-22T03:31:59.224+0000] {dagbag.py:588} INFO - Filling up the DagBag from /home/airflow/.local/lib/python3.12/site-packages/airflow/example_dags/example_latest_only_with_trigger.py
[2024-10-22T03:31:59.233+0000] {processor.py:925} INFO - DAG(s) 'latest_only_with_trigger' retrieved from /home/airflow/.local/lib/python3.12/site-packages/airflow/example_dags/example_latest_only_with_trigger.py
[2024-10-22T03:31:59.259+0000] {logging_mixin.py:190} INFO - [2024-10-22T03:31:59.259+0000] {dag.py:3239} INFO - Sync 1 DAGs
[2024-10-22T03:31:59.290+0000] {logging_mixin.py:190} INFO - [2024-10-22T03:31:59.290+0000] {dag.py:4180} INFO - Setting next_dagrun for latest_only_with_trigger to 2024-10-21 20:00:00+00:00, run_after=2024-10-22 00:00:00+00:00
[2024-10-22T03:31:59.313+0000] {processor.py:208} INFO - Processing /home/airflow/.local/lib/python3.12/site-packages/airflow/example_dags/example_latest_only_with_trigger.py took 0.101 seconds
[2024-10-22T03:32:29.406+0000] {processor.py:186} INFO - Started process (PID=56580) to work on /home/airflow/.local/lib/python3.12/site-packages/airflow/example_dags/example_latest_only_with_trigger.py
[2024-10-22T03:32:29.407+0000] {processor.py:914} INFO - Processing file /home/airflow/.local/lib/python3.12/site-packages/airflow/example_dags/example_latest_only_with_trigger.py for tasks to queue
[2024-10-22T03:32:29.408+0000] {logging_mixin.py:190} INFO - [2024-10-22T03:32:29.408+0000] {dagbag.py:588} INFO - Filling up the DagBag from /home/airflow/.local/lib/python3.12/site-packages/airflow/example_dags/example_latest_only_with_trigger.py
[2024-10-22T03:32:29.419+0000] {processor.py:925} INFO - DAG(s) 'latest_only_with_trigger' retrieved from /home/airflow/.local/lib/python3.12/site-packages/airflow/example_dags/example_latest_only_with_trigger.py
[2024-10-22T03:32:29.445+0000] {logging_mixin.py:190} INFO - [2024-10-22T03:32:29.444+0000] {dag.py:3239} INFO - Sync 1 DAGs
[2024-10-22T03:32:29.472+0000] {logging_mixin.py:190} INFO - [2024-10-22T03:32:29.471+0000] {dag.py:4180} INFO - Setting next_dagrun for latest_only_with_trigger to 2024-10-21 20:00:00+00:00, run_after=2024-10-22 00:00:00+00:00
[2024-10-22T03:32:29.490+0000] {processor.py:208} INFO - Processing /home/airflow/.local/lib/python3.12/site-packages/airflow/example_dags/example_latest_only_with_trigger.py took 0.092 seconds
[2024-10-22T03:32:59.563+0000] {processor.py:186} INFO - Started process (PID=56646) to work on /home/airflow/.local/lib/python3.12/site-packages/airflow/example_dags/example_latest_only_with_trigger.py
[2024-10-22T03:32:59.564+0000] {processor.py:914} INFO - Processing file /home/airflow/.local/lib/python3.12/site-packages/airflow/example_dags/example_latest_only_with_trigger.py for tasks to queue
[2024-10-22T03:32:59.566+0000] {logging_mixin.py:190} INFO - [2024-10-22T03:32:59.565+0000] {dagbag.py:588} INFO - Filling up the DagBag from /home/airflow/.local/lib/python3.12/site-packages/airflow/example_dags/example_latest_only_with_trigger.py
[2024-10-22T03:32:59.574+0000] {processor.py:925} INFO - DAG(s) 'latest_only_with_trigger' retrieved from /home/airflow/.local/lib/python3.12/site-packages/airflow/example_dags/example_latest_only_with_trigger.py
[2024-10-22T03:32:59.599+0000] {logging_mixin.py:190} INFO - [2024-10-22T03:32:59.598+0000] {dag.py:3239} INFO - Sync 1 DAGs
[2024-10-22T03:32:59.624+0000] {logging_mixin.py:190} INFO - [2024-10-22T03:32:59.624+0000] {dag.py:4180} INFO - Setting next_dagrun for latest_only_with_trigger to 2024-10-21 20:00:00+00:00, run_after=2024-10-22 00:00:00+00:00
[2024-10-22T03:32:59.642+0000] {processor.py:208} INFO - Processing /home/airflow/.local/lib/python3.12/site-packages/airflow/example_dags/example_latest_only_with_trigger.py took 0.086 seconds
[2024-10-22T03:33:30.622+0000] {processor.py:186} INFO - Started process (PID=56712) to work on /home/airflow/.local/lib/python3.12/site-packages/airflow/example_dags/example_latest_only_with_trigger.py
[2024-10-22T03:33:30.623+0000] {processor.py:914} INFO - Processing file /home/airflow/.local/lib/python3.12/site-packages/airflow/example_dags/example_latest_only_with_trigger.py for tasks to queue
[2024-10-22T03:33:30.625+0000] {logging_mixin.py:190} INFO - [2024-10-22T03:33:30.624+0000] {dagbag.py:588} INFO - Filling up the DagBag from /home/airflow/.local/lib/python3.12/site-packages/airflow/example_dags/example_latest_only_with_trigger.py
[2024-10-22T03:33:30.633+0000] {processor.py:925} INFO - DAG(s) 'latest_only_with_trigger' retrieved from /home/airflow/.local/lib/python3.12/site-packages/airflow/example_dags/example_latest_only_with_trigger.py
[2024-10-22T03:33:30.655+0000] {logging_mixin.py:190} INFO - [2024-10-22T03:33:30.655+0000] {dag.py:3239} INFO - Sync 1 DAGs
[2024-10-22T03:33:30.680+0000] {logging_mixin.py:190} INFO - [2024-10-22T03:33:30.679+0000] {dag.py:4180} INFO - Setting next_dagrun for latest_only_with_trigger to 2024-10-21 20:00:00+00:00, run_after=2024-10-22 00:00:00+00:00
[2024-10-22T03:33:30.697+0000] {processor.py:208} INFO - Processing /home/airflow/.local/lib/python3.12/site-packages/airflow/example_dags/example_latest_only_with_trigger.py took 0.085 seconds
[2024-10-22T03:34:00.962+0000] {processor.py:186} INFO - Started process (PID=56778) to work on /home/airflow/.local/lib/python3.12/site-packages/airflow/example_dags/example_latest_only_with_trigger.py
[2024-10-22T03:34:00.963+0000] {processor.py:914} INFO - Processing file /home/airflow/.local/lib/python3.12/site-packages/airflow/example_dags/example_latest_only_with_trigger.py for tasks to queue
[2024-10-22T03:34:00.967+0000] {logging_mixin.py:190} INFO - [2024-10-22T03:34:00.967+0000] {dagbag.py:588} INFO - Filling up the DagBag from /home/airflow/.local/lib/python3.12/site-packages/airflow/example_dags/example_latest_only_with_trigger.py
[2024-10-22T03:34:00.976+0000] {processor.py:925} INFO - DAG(s) 'latest_only_with_trigger' retrieved from /home/airflow/.local/lib/python3.12/site-packages/airflow/example_dags/example_latest_only_with_trigger.py
[2024-10-22T03:34:01.008+0000] {logging_mixin.py:190} INFO - [2024-10-22T03:34:01.008+0000] {dag.py:3239} INFO - Sync 1 DAGs
[2024-10-22T03:34:01.044+0000] {logging_mixin.py:190} INFO - [2024-10-22T03:34:01.043+0000] {dag.py:4180} INFO - Setting next_dagrun for latest_only_with_trigger to 2024-10-21 20:00:00+00:00, run_after=2024-10-22 00:00:00+00:00
[2024-10-22T03:34:01.068+0000] {processor.py:208} INFO - Processing /home/airflow/.local/lib/python3.12/site-packages/airflow/example_dags/example_latest_only_with_trigger.py took 0.115 seconds
[2024-10-22T03:34:31.570+0000] {processor.py:186} INFO - Started process (PID=56844) to work on /home/airflow/.local/lib/python3.12/site-packages/airflow/example_dags/example_latest_only_with_trigger.py
[2024-10-22T03:34:31.571+0000] {processor.py:914} INFO - Processing file /home/airflow/.local/lib/python3.12/site-packages/airflow/example_dags/example_latest_only_with_trigger.py for tasks to queue
[2024-10-22T03:34:31.572+0000] {logging_mixin.py:190} INFO - [2024-10-22T03:34:31.572+0000] {dagbag.py:588} INFO - Filling up the DagBag from /home/airflow/.local/lib/python3.12/site-packages/airflow/example_dags/example_latest_only_with_trigger.py
[2024-10-22T03:34:31.581+0000] {processor.py:925} INFO - DAG(s) 'latest_only_with_trigger' retrieved from /home/airflow/.local/lib/python3.12/site-packages/airflow/example_dags/example_latest_only_with_trigger.py
[2024-10-22T03:34:31.606+0000] {logging_mixin.py:190} INFO - [2024-10-22T03:34:31.606+0000] {dag.py:3239} INFO - Sync 1 DAGs
[2024-10-22T03:34:31.633+0000] {logging_mixin.py:190} INFO - [2024-10-22T03:34:31.632+0000] {dag.py:4180} INFO - Setting next_dagrun for latest_only_with_trigger to 2024-10-21 20:00:00+00:00, run_after=2024-10-22 00:00:00+00:00
[2024-10-22T03:34:31.651+0000] {processor.py:208} INFO - Processing /home/airflow/.local/lib/python3.12/site-packages/airflow/example_dags/example_latest_only_with_trigger.py took 0.090 seconds
[2024-10-22T03:35:02.722+0000] {processor.py:186} INFO - Started process (PID=56911) to work on /home/airflow/.local/lib/python3.12/site-packages/airflow/example_dags/example_latest_only_with_trigger.py
[2024-10-22T03:35:02.723+0000] {processor.py:914} INFO - Processing file /home/airflow/.local/lib/python3.12/site-packages/airflow/example_dags/example_latest_only_with_trigger.py for tasks to queue
[2024-10-22T03:35:02.724+0000] {logging_mixin.py:190} INFO - [2024-10-22T03:35:02.724+0000] {dagbag.py:588} INFO - Filling up the DagBag from /home/airflow/.local/lib/python3.12/site-packages/airflow/example_dags/example_latest_only_with_trigger.py
[2024-10-22T03:35:02.732+0000] {processor.py:925} INFO - DAG(s) 'latest_only_with_trigger' retrieved from /home/airflow/.local/lib/python3.12/site-packages/airflow/example_dags/example_latest_only_with_trigger.py
[2024-10-22T03:35:02.757+0000] {logging_mixin.py:190} INFO - [2024-10-22T03:35:02.756+0000] {dag.py:3239} INFO - Sync 1 DAGs
[2024-10-22T03:35:02.784+0000] {logging_mixin.py:190} INFO - [2024-10-22T03:35:02.784+0000] {dag.py:4180} INFO - Setting next_dagrun for latest_only_with_trigger to 2024-10-21 20:00:00+00:00, run_after=2024-10-22 00:00:00+00:00
[2024-10-22T03:35:02.802+0000] {processor.py:208} INFO - Processing /home/airflow/.local/lib/python3.12/site-packages/airflow/example_dags/example_latest_only_with_trigger.py took 0.088 seconds
[2024-10-22T03:35:33.208+0000] {processor.py:186} INFO - Started process (PID=56978) to work on /home/airflow/.local/lib/python3.12/site-packages/airflow/example_dags/example_latest_only_with_trigger.py
[2024-10-22T03:35:33.210+0000] {processor.py:914} INFO - Processing file /home/airflow/.local/lib/python3.12/site-packages/airflow/example_dags/example_latest_only_with_trigger.py for tasks to queue
[2024-10-22T03:35:33.211+0000] {logging_mixin.py:190} INFO - [2024-10-22T03:35:33.211+0000] {dagbag.py:588} INFO - Filling up the DagBag from /home/airflow/.local/lib/python3.12/site-packages/airflow/example_dags/example_latest_only_with_trigger.py
[2024-10-22T03:35:33.219+0000] {processor.py:925} INFO - DAG(s) 'latest_only_with_trigger' retrieved from /home/airflow/.local/lib/python3.12/site-packages/airflow/example_dags/example_latest_only_with_trigger.py
[2024-10-22T03:35:33.243+0000] {logging_mixin.py:190} INFO - [2024-10-22T03:35:33.243+0000] {dag.py:3239} INFO - Sync 1 DAGs
[2024-10-22T03:35:33.267+0000] {logging_mixin.py:190} INFO - [2024-10-22T03:35:33.267+0000] {dag.py:4180} INFO - Setting next_dagrun for latest_only_with_trigger to 2024-10-21 20:00:00+00:00, run_after=2024-10-22 00:00:00+00:00
[2024-10-22T03:35:33.285+0000] {processor.py:208} INFO - Processing /home/airflow/.local/lib/python3.12/site-packages/airflow/example_dags/example_latest_only_with_trigger.py took 0.085 seconds
[2024-10-22T03:36:03.469+0000] {processor.py:186} INFO - Started process (PID=57045) to work on /home/airflow/.local/lib/python3.12/site-packages/airflow/example_dags/example_latest_only_with_trigger.py
[2024-10-22T03:36:03.470+0000] {processor.py:914} INFO - Processing file /home/airflow/.local/lib/python3.12/site-packages/airflow/example_dags/example_latest_only_with_trigger.py for tasks to queue
[2024-10-22T03:36:03.474+0000] {logging_mixin.py:190} INFO - [2024-10-22T03:36:03.473+0000] {dagbag.py:588} INFO - Filling up the DagBag from /home/airflow/.local/lib/python3.12/site-packages/airflow/example_dags/example_latest_only_with_trigger.py
[2024-10-22T03:36:03.482+0000] {processor.py:925} INFO - DAG(s) 'latest_only_with_trigger' retrieved from /home/airflow/.local/lib/python3.12/site-packages/airflow/example_dags/example_latest_only_with_trigger.py
[2024-10-22T03:36:03.507+0000] {logging_mixin.py:190} INFO - [2024-10-22T03:36:03.506+0000] {dag.py:3239} INFO - Sync 1 DAGs
[2024-10-22T03:36:03.537+0000] {logging_mixin.py:190} INFO - [2024-10-22T03:36:03.536+0000] {dag.py:4180} INFO - Setting next_dagrun for latest_only_with_trigger to 2024-10-21 20:00:00+00:00, run_after=2024-10-22 00:00:00+00:00
[2024-10-22T03:36:03.557+0000] {processor.py:208} INFO - Processing /home/airflow/.local/lib/python3.12/site-packages/airflow/example_dags/example_latest_only_with_trigger.py took 0.100 seconds
[2024-10-22T03:36:34.078+0000] {processor.py:186} INFO - Started process (PID=57118) to work on /home/airflow/.local/lib/python3.12/site-packages/airflow/example_dags/example_latest_only_with_trigger.py
[2024-10-22T03:36:34.079+0000] {processor.py:914} INFO - Processing file /home/airflow/.local/lib/python3.12/site-packages/airflow/example_dags/example_latest_only_with_trigger.py for tasks to queue
[2024-10-22T03:36:34.081+0000] {logging_mixin.py:190} INFO - [2024-10-22T03:36:34.080+0000] {dagbag.py:588} INFO - Filling up the DagBag from /home/airflow/.local/lib/python3.12/site-packages/airflow/example_dags/example_latest_only_with_trigger.py
[2024-10-22T03:36:34.089+0000] {processor.py:925} INFO - DAG(s) 'latest_only_with_trigger' retrieved from /home/airflow/.local/lib/python3.12/site-packages/airflow/example_dags/example_latest_only_with_trigger.py
[2024-10-22T03:36:34.117+0000] {logging_mixin.py:190} INFO - [2024-10-22T03:36:34.116+0000] {dag.py:3239} INFO - Sync 1 DAGs
[2024-10-22T03:36:34.142+0000] {logging_mixin.py:190} INFO - [2024-10-22T03:36:34.142+0000] {dag.py:4180} INFO - Setting next_dagrun for latest_only_with_trigger to 2024-10-21 20:00:00+00:00, run_after=2024-10-22 00:00:00+00:00
[2024-10-22T03:36:34.165+0000] {processor.py:208} INFO - Processing /home/airflow/.local/lib/python3.12/site-packages/airflow/example_dags/example_latest_only_with_trigger.py took 0.096 seconds
[2024-10-22T03:37:04.826+0000] {processor.py:186} INFO - Started process (PID=57185) to work on /home/airflow/.local/lib/python3.12/site-packages/airflow/example_dags/example_latest_only_with_trigger.py
[2024-10-22T03:37:04.827+0000] {processor.py:914} INFO - Processing file /home/airflow/.local/lib/python3.12/site-packages/airflow/example_dags/example_latest_only_with_trigger.py for tasks to queue
[2024-10-22T03:37:04.829+0000] {logging_mixin.py:190} INFO - [2024-10-22T03:37:04.828+0000] {dagbag.py:588} INFO - Filling up the DagBag from /home/airflow/.local/lib/python3.12/site-packages/airflow/example_dags/example_latest_only_with_trigger.py
[2024-10-22T03:37:04.837+0000] {processor.py:925} INFO - DAG(s) 'latest_only_with_trigger' retrieved from /home/airflow/.local/lib/python3.12/site-packages/airflow/example_dags/example_latest_only_with_trigger.py
[2024-10-22T03:37:04.862+0000] {logging_mixin.py:190} INFO - [2024-10-22T03:37:04.862+0000] {dag.py:3239} INFO - Sync 1 DAGs
[2024-10-22T03:37:04.889+0000] {logging_mixin.py:190} INFO - [2024-10-22T03:37:04.888+0000] {dag.py:4180} INFO - Setting next_dagrun for latest_only_with_trigger to 2024-10-21 20:00:00+00:00, run_after=2024-10-22 00:00:00+00:00
[2024-10-22T03:37:04.909+0000] {processor.py:208} INFO - Processing /home/airflow/.local/lib/python3.12/site-packages/airflow/example_dags/example_latest_only_with_trigger.py took 0.091 seconds
[2024-10-22T03:37:35.527+0000] {processor.py:186} INFO - Started process (PID=57252) to work on /home/airflow/.local/lib/python3.12/site-packages/airflow/example_dags/example_latest_only_with_trigger.py
[2024-10-22T03:37:35.528+0000] {processor.py:914} INFO - Processing file /home/airflow/.local/lib/python3.12/site-packages/airflow/example_dags/example_latest_only_with_trigger.py for tasks to queue
[2024-10-22T03:37:35.530+0000] {logging_mixin.py:190} INFO - [2024-10-22T03:37:35.529+0000] {dagbag.py:588} INFO - Filling up the DagBag from /home/airflow/.local/lib/python3.12/site-packages/airflow/example_dags/example_latest_only_with_trigger.py
[2024-10-22T03:37:35.538+0000] {processor.py:925} INFO - DAG(s) 'latest_only_with_trigger' retrieved from /home/airflow/.local/lib/python3.12/site-packages/airflow/example_dags/example_latest_only_with_trigger.py
[2024-10-22T03:37:35.563+0000] {logging_mixin.py:190} INFO - [2024-10-22T03:37:35.563+0000] {dag.py:3239} INFO - Sync 1 DAGs
[2024-10-22T03:37:35.588+0000] {logging_mixin.py:190} INFO - [2024-10-22T03:37:35.588+0000] {dag.py:4180} INFO - Setting next_dagrun for latest_only_with_trigger to 2024-10-21 20:00:00+00:00, run_after=2024-10-22 00:00:00+00:00
[2024-10-22T03:37:35.606+0000] {processor.py:208} INFO - Processing /home/airflow/.local/lib/python3.12/site-packages/airflow/example_dags/example_latest_only_with_trigger.py took 0.087 seconds
[2024-10-22T03:38:06.167+0000] {processor.py:186} INFO - Started process (PID=57319) to work on /home/airflow/.local/lib/python3.12/site-packages/airflow/example_dags/example_latest_only_with_trigger.py
[2024-10-22T03:38:06.168+0000] {processor.py:914} INFO - Processing file /home/airflow/.local/lib/python3.12/site-packages/airflow/example_dags/example_latest_only_with_trigger.py for tasks to queue
[2024-10-22T03:38:06.170+0000] {logging_mixin.py:190} INFO - [2024-10-22T03:38:06.170+0000] {dagbag.py:588} INFO - Filling up the DagBag from /home/airflow/.local/lib/python3.12/site-packages/airflow/example_dags/example_latest_only_with_trigger.py
[2024-10-22T03:38:06.179+0000] {processor.py:925} INFO - DAG(s) 'latest_only_with_trigger' retrieved from /home/airflow/.local/lib/python3.12/site-packages/airflow/example_dags/example_latest_only_with_trigger.py
[2024-10-22T03:38:06.202+0000] {logging_mixin.py:190} INFO - [2024-10-22T03:38:06.202+0000] {dag.py:3239} INFO - Sync 1 DAGs
[2024-10-22T03:38:06.228+0000] {logging_mixin.py:190} INFO - [2024-10-22T03:38:06.228+0000] {dag.py:4180} INFO - Setting next_dagrun for latest_only_with_trigger to 2024-10-21 20:00:00+00:00, run_after=2024-10-22 00:00:00+00:00
[2024-10-22T03:38:06.246+0000] {processor.py:208} INFO - Processing /home/airflow/.local/lib/python3.12/site-packages/airflow/example_dags/example_latest_only_with_trigger.py took 0.087 seconds
[2024-10-22T03:38:36.412+0000] {processor.py:186} INFO - Started process (PID=57386) to work on /home/airflow/.local/lib/python3.12/site-packages/airflow/example_dags/example_latest_only_with_trigger.py
[2024-10-22T03:38:36.413+0000] {processor.py:914} INFO - Processing file /home/airflow/.local/lib/python3.12/site-packages/airflow/example_dags/example_latest_only_with_trigger.py for tasks to queue
[2024-10-22T03:38:36.414+0000] {logging_mixin.py:190} INFO - [2024-10-22T03:38:36.414+0000] {dagbag.py:588} INFO - Filling up the DagBag from /home/airflow/.local/lib/python3.12/site-packages/airflow/example_dags/example_latest_only_with_trigger.py
[2024-10-22T03:38:36.422+0000] {processor.py:925} INFO - DAG(s) 'latest_only_with_trigger' retrieved from /home/airflow/.local/lib/python3.12/site-packages/airflow/example_dags/example_latest_only_with_trigger.py
[2024-10-22T03:38:36.451+0000] {logging_mixin.py:190} INFO - [2024-10-22T03:38:36.451+0000] {dag.py:3239} INFO - Sync 1 DAGs
[2024-10-22T03:38:36.481+0000] {logging_mixin.py:190} INFO - [2024-10-22T03:38:36.481+0000] {dag.py:4180} INFO - Setting next_dagrun for latest_only_with_trigger to 2024-10-21 20:00:00+00:00, run_after=2024-10-22 00:00:00+00:00
[2024-10-22T03:38:36.500+0000] {processor.py:208} INFO - Processing /home/airflow/.local/lib/python3.12/site-packages/airflow/example_dags/example_latest_only_with_trigger.py took 0.097 seconds
[2024-10-22T03:39:06.744+0000] {processor.py:186} INFO - Started process (PID=57453) to work on /home/airflow/.local/lib/python3.12/site-packages/airflow/example_dags/example_latest_only_with_trigger.py
[2024-10-22T03:39:06.745+0000] {processor.py:914} INFO - Processing file /home/airflow/.local/lib/python3.12/site-packages/airflow/example_dags/example_latest_only_with_trigger.py for tasks to queue
[2024-10-22T03:39:06.747+0000] {logging_mixin.py:190} INFO - [2024-10-22T03:39:06.746+0000] {dagbag.py:588} INFO - Filling up the DagBag from /home/airflow/.local/lib/python3.12/site-packages/airflow/example_dags/example_latest_only_with_trigger.py
[2024-10-22T03:39:06.755+0000] {processor.py:925} INFO - DAG(s) 'latest_only_with_trigger' retrieved from /home/airflow/.local/lib/python3.12/site-packages/airflow/example_dags/example_latest_only_with_trigger.py
[2024-10-22T03:39:06.780+0000] {logging_mixin.py:190} INFO - [2024-10-22T03:39:06.780+0000] {dag.py:3239} INFO - Sync 1 DAGs
[2024-10-22T03:39:06.805+0000] {logging_mixin.py:190} INFO - [2024-10-22T03:39:06.805+0000] {dag.py:4180} INFO - Setting next_dagrun for latest_only_with_trigger to 2024-10-21 20:00:00+00:00, run_after=2024-10-22 00:00:00+00:00
[2024-10-22T03:39:06.825+0000] {processor.py:208} INFO - Processing /home/airflow/.local/lib/python3.12/site-packages/airflow/example_dags/example_latest_only_with_trigger.py took 0.088 seconds
[2024-10-22T03:39:37.186+0000] {processor.py:186} INFO - Started process (PID=57520) to work on /home/airflow/.local/lib/python3.12/site-packages/airflow/example_dags/example_latest_only_with_trigger.py
[2024-10-22T03:39:37.187+0000] {processor.py:914} INFO - Processing file /home/airflow/.local/lib/python3.12/site-packages/airflow/example_dags/example_latest_only_with_trigger.py for tasks to queue
[2024-10-22T03:39:37.188+0000] {logging_mixin.py:190} INFO - [2024-10-22T03:39:37.188+0000] {dagbag.py:588} INFO - Filling up the DagBag from /home/airflow/.local/lib/python3.12/site-packages/airflow/example_dags/example_latest_only_with_trigger.py
[2024-10-22T03:39:37.196+0000] {processor.py:925} INFO - DAG(s) 'latest_only_with_trigger' retrieved from /home/airflow/.local/lib/python3.12/site-packages/airflow/example_dags/example_latest_only_with_trigger.py
[2024-10-22T03:39:37.221+0000] {logging_mixin.py:190} INFO - [2024-10-22T03:39:37.221+0000] {dag.py:3239} INFO - Sync 1 DAGs
[2024-10-22T03:39:37.252+0000] {logging_mixin.py:190} INFO - [2024-10-22T03:39:37.252+0000] {dag.py:4180} INFO - Setting next_dagrun for latest_only_with_trigger to 2024-10-21 20:00:00+00:00, run_after=2024-10-22 00:00:00+00:00
[2024-10-22T03:39:37.290+0000] {processor.py:208} INFO - Processing /home/airflow/.local/lib/python3.12/site-packages/airflow/example_dags/example_latest_only_with_trigger.py took 0.112 seconds
[2024-10-22T03:40:07.397+0000] {processor.py:186} INFO - Started process (PID=57587) to work on /home/airflow/.local/lib/python3.12/site-packages/airflow/example_dags/example_latest_only_with_trigger.py
[2024-10-22T03:40:07.398+0000] {processor.py:914} INFO - Processing file /home/airflow/.local/lib/python3.12/site-packages/airflow/example_dags/example_latest_only_with_trigger.py for tasks to queue
[2024-10-22T03:40:07.399+0000] {logging_mixin.py:190} INFO - [2024-10-22T03:40:07.399+0000] {dagbag.py:588} INFO - Filling up the DagBag from /home/airflow/.local/lib/python3.12/site-packages/airflow/example_dags/example_latest_only_with_trigger.py
[2024-10-22T03:40:07.407+0000] {processor.py:925} INFO - DAG(s) 'latest_only_with_trigger' retrieved from /home/airflow/.local/lib/python3.12/site-packages/airflow/example_dags/example_latest_only_with_trigger.py
[2024-10-22T03:40:07.434+0000] {logging_mixin.py:190} INFO - [2024-10-22T03:40:07.434+0000] {dag.py:3239} INFO - Sync 1 DAGs
[2024-10-22T03:40:07.471+0000] {logging_mixin.py:190} INFO - [2024-10-22T03:40:07.471+0000] {dag.py:4180} INFO - Setting next_dagrun for latest_only_with_trigger to 2024-10-21 20:00:00+00:00, run_after=2024-10-22 00:00:00+00:00
[2024-10-22T03:40:07.494+0000] {processor.py:208} INFO - Processing /home/airflow/.local/lib/python3.12/site-packages/airflow/example_dags/example_latest_only_with_trigger.py took 0.106 seconds
[2024-10-22T03:40:37.700+0000] {processor.py:186} INFO - Started process (PID=57654) to work on /home/airflow/.local/lib/python3.12/site-packages/airflow/example_dags/example_latest_only_with_trigger.py
[2024-10-22T03:40:37.701+0000] {processor.py:914} INFO - Processing file /home/airflow/.local/lib/python3.12/site-packages/airflow/example_dags/example_latest_only_with_trigger.py for tasks to queue
[2024-10-22T03:40:37.702+0000] {logging_mixin.py:190} INFO - [2024-10-22T03:40:37.702+0000] {dagbag.py:588} INFO - Filling up the DagBag from /home/airflow/.local/lib/python3.12/site-packages/airflow/example_dags/example_latest_only_with_trigger.py
[2024-10-22T03:40:37.710+0000] {processor.py:925} INFO - DAG(s) 'latest_only_with_trigger' retrieved from /home/airflow/.local/lib/python3.12/site-packages/airflow/example_dags/example_latest_only_with_trigger.py
[2024-10-22T03:40:37.735+0000] {logging_mixin.py:190} INFO - [2024-10-22T03:40:37.735+0000] {dag.py:3239} INFO - Sync 1 DAGs
[2024-10-22T03:40:37.761+0000] {logging_mixin.py:190} INFO - [2024-10-22T03:40:37.761+0000] {dag.py:4180} INFO - Setting next_dagrun for latest_only_with_trigger to 2024-10-21 20:00:00+00:00, run_after=2024-10-22 00:00:00+00:00
[2024-10-22T03:40:37.777+0000] {processor.py:208} INFO - Processing /home/airflow/.local/lib/python3.12/site-packages/airflow/example_dags/example_latest_only_with_trigger.py took 0.085 seconds
[2024-10-22T03:41:08.925+0000] {processor.py:186} INFO - Started process (PID=57722) to work on /home/airflow/.local/lib/python3.12/site-packages/airflow/example_dags/example_latest_only_with_trigger.py
[2024-10-22T03:41:08.926+0000] {processor.py:914} INFO - Processing file /home/airflow/.local/lib/python3.12/site-packages/airflow/example_dags/example_latest_only_with_trigger.py for tasks to queue
[2024-10-22T03:41:08.927+0000] {logging_mixin.py:190} INFO - [2024-10-22T03:41:08.927+0000] {dagbag.py:588} INFO - Filling up the DagBag from /home/airflow/.local/lib/python3.12/site-packages/airflow/example_dags/example_latest_only_with_trigger.py
[2024-10-22T03:41:08.935+0000] {processor.py:925} INFO - DAG(s) 'latest_only_with_trigger' retrieved from /home/airflow/.local/lib/python3.12/site-packages/airflow/example_dags/example_latest_only_with_trigger.py
[2024-10-22T03:41:08.960+0000] {logging_mixin.py:190} INFO - [2024-10-22T03:41:08.960+0000] {dag.py:3239} INFO - Sync 1 DAGs
[2024-10-22T03:41:08.988+0000] {logging_mixin.py:190} INFO - [2024-10-22T03:41:08.987+0000] {dag.py:4180} INFO - Setting next_dagrun for latest_only_with_trigger to 2024-10-21 20:00:00+00:00, run_after=2024-10-22 00:00:00+00:00
[2024-10-22T03:41:09.009+0000] {processor.py:208} INFO - Processing /home/airflow/.local/lib/python3.12/site-packages/airflow/example_dags/example_latest_only_with_trigger.py took 0.093 seconds
[2024-10-22T03:41:40.272+0000] {processor.py:186} INFO - Started process (PID=57789) to work on /home/airflow/.local/lib/python3.12/site-packages/airflow/example_dags/example_latest_only_with_trigger.py
[2024-10-22T03:41:40.273+0000] {processor.py:914} INFO - Processing file /home/airflow/.local/lib/python3.12/site-packages/airflow/example_dags/example_latest_only_with_trigger.py for tasks to queue
[2024-10-22T03:41:40.275+0000] {logging_mixin.py:190} INFO - [2024-10-22T03:41:40.275+0000] {dagbag.py:588} INFO - Filling up the DagBag from /home/airflow/.local/lib/python3.12/site-packages/airflow/example_dags/example_latest_only_with_trigger.py
[2024-10-22T03:41:40.288+0000] {processor.py:925} INFO - DAG(s) 'latest_only_with_trigger' retrieved from /home/airflow/.local/lib/python3.12/site-packages/airflow/example_dags/example_latest_only_with_trigger.py
[2024-10-22T03:41:40.323+0000] {logging_mixin.py:190} INFO - [2024-10-22T03:41:40.323+0000] {dag.py:3239} INFO - Sync 1 DAGs
[2024-10-22T03:41:40.359+0000] {logging_mixin.py:190} INFO - [2024-10-22T03:41:40.359+0000] {dag.py:4180} INFO - Setting next_dagrun for latest_only_with_trigger to 2024-10-21 20:00:00+00:00, run_after=2024-10-22 00:00:00+00:00
[2024-10-22T03:41:40.389+0000] {processor.py:208} INFO - Processing /home/airflow/.local/lib/python3.12/site-packages/airflow/example_dags/example_latest_only_with_trigger.py took 0.133 seconds
[2024-10-22T03:42:11.102+0000] {processor.py:186} INFO - Started process (PID=57856) to work on /home/airflow/.local/lib/python3.12/site-packages/airflow/example_dags/example_latest_only_with_trigger.py
[2024-10-22T03:42:11.104+0000] {processor.py:914} INFO - Processing file /home/airflow/.local/lib/python3.12/site-packages/airflow/example_dags/example_latest_only_with_trigger.py for tasks to queue
[2024-10-22T03:42:11.105+0000] {logging_mixin.py:190} INFO - [2024-10-22T03:42:11.105+0000] {dagbag.py:588} INFO - Filling up the DagBag from /home/airflow/.local/lib/python3.12/site-packages/airflow/example_dags/example_latest_only_with_trigger.py
[2024-10-22T03:42:11.113+0000] {processor.py:925} INFO - DAG(s) 'latest_only_with_trigger' retrieved from /home/airflow/.local/lib/python3.12/site-packages/airflow/example_dags/example_latest_only_with_trigger.py
[2024-10-22T03:42:11.138+0000] {logging_mixin.py:190} INFO - [2024-10-22T03:42:11.138+0000] {dag.py:3239} INFO - Sync 1 DAGs
[2024-10-22T03:42:11.163+0000] {logging_mixin.py:190} INFO - [2024-10-22T03:42:11.162+0000] {dag.py:4180} INFO - Setting next_dagrun for latest_only_with_trigger to 2024-10-21 20:00:00+00:00, run_after=2024-10-22 00:00:00+00:00
[2024-10-22T03:42:11.182+0000] {processor.py:208} INFO - Processing /home/airflow/.local/lib/python3.12/site-packages/airflow/example_dags/example_latest_only_with_trigger.py took 0.089 seconds
[2024-10-22T03:42:41.869+0000] {processor.py:186} INFO - Started process (PID=57923) to work on /home/airflow/.local/lib/python3.12/site-packages/airflow/example_dags/example_latest_only_with_trigger.py
[2024-10-22T03:42:41.870+0000] {processor.py:914} INFO - Processing file /home/airflow/.local/lib/python3.12/site-packages/airflow/example_dags/example_latest_only_with_trigger.py for tasks to queue
[2024-10-22T03:42:41.871+0000] {logging_mixin.py:190} INFO - [2024-10-22T03:42:41.871+0000] {dagbag.py:588} INFO - Filling up the DagBag from /home/airflow/.local/lib/python3.12/site-packages/airflow/example_dags/example_latest_only_with_trigger.py
[2024-10-22T03:42:41.880+0000] {processor.py:925} INFO - DAG(s) 'latest_only_with_trigger' retrieved from /home/airflow/.local/lib/python3.12/site-packages/airflow/example_dags/example_latest_only_with_trigger.py
[2024-10-22T03:42:41.905+0000] {logging_mixin.py:190} INFO - [2024-10-22T03:42:41.904+0000] {dag.py:3239} INFO - Sync 1 DAGs
[2024-10-22T03:42:41.937+0000] {logging_mixin.py:190} INFO - [2024-10-22T03:42:41.937+0000] {dag.py:4180} INFO - Setting next_dagrun for latest_only_with_trigger to 2024-10-21 20:00:00+00:00, run_after=2024-10-22 00:00:00+00:00
[2024-10-22T03:42:41.958+0000] {processor.py:208} INFO - Processing /home/airflow/.local/lib/python3.12/site-packages/airflow/example_dags/example_latest_only_with_trigger.py took 0.098 seconds
[2024-10-22T03:43:12.465+0000] {processor.py:186} INFO - Started process (PID=57990) to work on /home/airflow/.local/lib/python3.12/site-packages/airflow/example_dags/example_latest_only_with_trigger.py
[2024-10-22T03:43:12.466+0000] {processor.py:914} INFO - Processing file /home/airflow/.local/lib/python3.12/site-packages/airflow/example_dags/example_latest_only_with_trigger.py for tasks to queue
[2024-10-22T03:43:12.468+0000] {logging_mixin.py:190} INFO - [2024-10-22T03:43:12.467+0000] {dagbag.py:588} INFO - Filling up the DagBag from /home/airflow/.local/lib/python3.12/site-packages/airflow/example_dags/example_latest_only_with_trigger.py
[2024-10-22T03:43:12.476+0000] {processor.py:925} INFO - DAG(s) 'latest_only_with_trigger' retrieved from /home/airflow/.local/lib/python3.12/site-packages/airflow/example_dags/example_latest_only_with_trigger.py
[2024-10-22T03:43:12.502+0000] {logging_mixin.py:190} INFO - [2024-10-22T03:43:12.502+0000] {dag.py:3239} INFO - Sync 1 DAGs
[2024-10-22T03:43:12.530+0000] {logging_mixin.py:190} INFO - [2024-10-22T03:43:12.529+0000] {dag.py:4180} INFO - Setting next_dagrun for latest_only_with_trigger to 2024-10-21 20:00:00+00:00, run_after=2024-10-22 00:00:00+00:00
[2024-10-22T03:43:12.549+0000] {processor.py:208} INFO - Processing /home/airflow/.local/lib/python3.12/site-packages/airflow/example_dags/example_latest_only_with_trigger.py took 0.091 seconds
[2024-10-22T03:43:43.116+0000] {processor.py:186} INFO - Started process (PID=58057) to work on /home/airflow/.local/lib/python3.12/site-packages/airflow/example_dags/example_latest_only_with_trigger.py
[2024-10-22T03:43:43.118+0000] {processor.py:914} INFO - Processing file /home/airflow/.local/lib/python3.12/site-packages/airflow/example_dags/example_latest_only_with_trigger.py for tasks to queue
[2024-10-22T03:43:43.119+0000] {logging_mixin.py:190} INFO - [2024-10-22T03:43:43.119+0000] {dagbag.py:588} INFO - Filling up the DagBag from /home/airflow/.local/lib/python3.12/site-packages/airflow/example_dags/example_latest_only_with_trigger.py
[2024-10-22T03:43:43.128+0000] {processor.py:925} INFO - DAG(s) 'latest_only_with_trigger' retrieved from /home/airflow/.local/lib/python3.12/site-packages/airflow/example_dags/example_latest_only_with_trigger.py
[2024-10-22T03:43:43.154+0000] {logging_mixin.py:190} INFO - [2024-10-22T03:43:43.153+0000] {dag.py:3239} INFO - Sync 1 DAGs
[2024-10-22T03:43:43.182+0000] {logging_mixin.py:190} INFO - [2024-10-22T03:43:43.182+0000] {dag.py:4180} INFO - Setting next_dagrun for latest_only_with_trigger to 2024-10-21 20:00:00+00:00, run_after=2024-10-22 00:00:00+00:00
[2024-10-22T03:43:43.199+0000] {processor.py:208} INFO - Processing /home/airflow/.local/lib/python3.12/site-packages/airflow/example_dags/example_latest_only_with_trigger.py took 0.090 seconds
[2024-10-22T03:44:13.825+0000] {processor.py:186} INFO - Started process (PID=58124) to work on /home/airflow/.local/lib/python3.12/site-packages/airflow/example_dags/example_latest_only_with_trigger.py
[2024-10-22T03:44:13.826+0000] {processor.py:914} INFO - Processing file /home/airflow/.local/lib/python3.12/site-packages/airflow/example_dags/example_latest_only_with_trigger.py for tasks to queue
[2024-10-22T03:44:13.827+0000] {logging_mixin.py:190} INFO - [2024-10-22T03:44:13.827+0000] {dagbag.py:588} INFO - Filling up the DagBag from /home/airflow/.local/lib/python3.12/site-packages/airflow/example_dags/example_latest_only_with_trigger.py
[2024-10-22T03:44:13.836+0000] {processor.py:925} INFO - DAG(s) 'latest_only_with_trigger' retrieved from /home/airflow/.local/lib/python3.12/site-packages/airflow/example_dags/example_latest_only_with_trigger.py
[2024-10-22T03:44:13.859+0000] {logging_mixin.py:190} INFO - [2024-10-22T03:44:13.859+0000] {dag.py:3239} INFO - Sync 1 DAGs
[2024-10-22T03:44:13.887+0000] {logging_mixin.py:190} INFO - [2024-10-22T03:44:13.887+0000] {dag.py:4180} INFO - Setting next_dagrun for latest_only_with_trigger to 2024-10-21 20:00:00+00:00, run_after=2024-10-22 00:00:00+00:00
[2024-10-22T03:44:13.909+0000] {processor.py:208} INFO - Processing /home/airflow/.local/lib/python3.12/site-packages/airflow/example_dags/example_latest_only_with_trigger.py took 0.092 seconds
[2024-10-22T03:44:44.262+0000] {processor.py:186} INFO - Started process (PID=58191) to work on /home/airflow/.local/lib/python3.12/site-packages/airflow/example_dags/example_latest_only_with_trigger.py
[2024-10-22T03:44:44.263+0000] {processor.py:914} INFO - Processing file /home/airflow/.local/lib/python3.12/site-packages/airflow/example_dags/example_latest_only_with_trigger.py for tasks to queue
[2024-10-22T03:44:44.264+0000] {logging_mixin.py:190} INFO - [2024-10-22T03:44:44.264+0000] {dagbag.py:588} INFO - Filling up the DagBag from /home/airflow/.local/lib/python3.12/site-packages/airflow/example_dags/example_latest_only_with_trigger.py
[2024-10-22T03:44:44.272+0000] {processor.py:925} INFO - DAG(s) 'latest_only_with_trigger' retrieved from /home/airflow/.local/lib/python3.12/site-packages/airflow/example_dags/example_latest_only_with_trigger.py
[2024-10-22T03:44:44.296+0000] {logging_mixin.py:190} INFO - [2024-10-22T03:44:44.296+0000] {dag.py:3239} INFO - Sync 1 DAGs
[2024-10-22T03:44:44.321+0000] {logging_mixin.py:190} INFO - [2024-10-22T03:44:44.321+0000] {dag.py:4180} INFO - Setting next_dagrun for latest_only_with_trigger to 2024-10-21 20:00:00+00:00, run_after=2024-10-22 00:00:00+00:00
[2024-10-22T03:44:44.339+0000] {processor.py:208} INFO - Processing /home/airflow/.local/lib/python3.12/site-packages/airflow/example_dags/example_latest_only_with_trigger.py took 0.086 seconds
[2024-10-22T03:45:14.655+0000] {processor.py:186} INFO - Started process (PID=58258) to work on /home/airflow/.local/lib/python3.12/site-packages/airflow/example_dags/example_latest_only_with_trigger.py
[2024-10-22T03:45:14.656+0000] {processor.py:914} INFO - Processing file /home/airflow/.local/lib/python3.12/site-packages/airflow/example_dags/example_latest_only_with_trigger.py for tasks to queue
[2024-10-22T03:45:14.657+0000] {logging_mixin.py:190} INFO - [2024-10-22T03:45:14.657+0000] {dagbag.py:588} INFO - Filling up the DagBag from /home/airflow/.local/lib/python3.12/site-packages/airflow/example_dags/example_latest_only_with_trigger.py
[2024-10-22T03:45:14.665+0000] {processor.py:925} INFO - DAG(s) 'latest_only_with_trigger' retrieved from /home/airflow/.local/lib/python3.12/site-packages/airflow/example_dags/example_latest_only_with_trigger.py
[2024-10-22T03:45:14.690+0000] {logging_mixin.py:190} INFO - [2024-10-22T03:45:14.690+0000] {dag.py:3239} INFO - Sync 1 DAGs
[2024-10-22T03:45:14.715+0000] {logging_mixin.py:190} INFO - [2024-10-22T03:45:14.714+0000] {dag.py:4180} INFO - Setting next_dagrun for latest_only_with_trigger to 2024-10-21 20:00:00+00:00, run_after=2024-10-22 00:00:00+00:00
[2024-10-22T03:45:14.733+0000] {processor.py:208} INFO - Processing /home/airflow/.local/lib/python3.12/site-packages/airflow/example_dags/example_latest_only_with_trigger.py took 0.086 seconds
[2024-10-22T03:45:44.975+0000] {processor.py:186} INFO - Started process (PID=58324) to work on /home/airflow/.local/lib/python3.12/site-packages/airflow/example_dags/example_latest_only_with_trigger.py
[2024-10-22T03:45:44.976+0000] {processor.py:914} INFO - Processing file /home/airflow/.local/lib/python3.12/site-packages/airflow/example_dags/example_latest_only_with_trigger.py for tasks to queue
[2024-10-22T03:45:44.978+0000] {logging_mixin.py:190} INFO - [2024-10-22T03:45:44.977+0000] {dagbag.py:588} INFO - Filling up the DagBag from /home/airflow/.local/lib/python3.12/site-packages/airflow/example_dags/example_latest_only_with_trigger.py
[2024-10-22T03:45:44.986+0000] {processor.py:925} INFO - DAG(s) 'latest_only_with_trigger' retrieved from /home/airflow/.local/lib/python3.12/site-packages/airflow/example_dags/example_latest_only_with_trigger.py
[2024-10-22T03:45:45.010+0000] {logging_mixin.py:190} INFO - [2024-10-22T03:45:45.009+0000] {dag.py:3239} INFO - Sync 1 DAGs
[2024-10-22T03:45:45.035+0000] {logging_mixin.py:190} INFO - [2024-10-22T03:45:45.034+0000] {dag.py:4180} INFO - Setting next_dagrun for latest_only_with_trigger to 2024-10-21 20:00:00+00:00, run_after=2024-10-22 00:00:00+00:00
[2024-10-22T03:45:45.052+0000] {processor.py:208} INFO - Processing /home/airflow/.local/lib/python3.12/site-packages/airflow/example_dags/example_latest_only_with_trigger.py took 0.085 seconds
[2024-10-22T03:46:15.089+0000] {processor.py:186} INFO - Started process (PID=58391) to work on /home/airflow/.local/lib/python3.12/site-packages/airflow/example_dags/example_latest_only_with_trigger.py
[2024-10-22T03:46:15.091+0000] {processor.py:914} INFO - Processing file /home/airflow/.local/lib/python3.12/site-packages/airflow/example_dags/example_latest_only_with_trigger.py for tasks to queue
[2024-10-22T03:46:15.092+0000] {logging_mixin.py:190} INFO - [2024-10-22T03:46:15.092+0000] {dagbag.py:588} INFO - Filling up the DagBag from /home/airflow/.local/lib/python3.12/site-packages/airflow/example_dags/example_latest_only_with_trigger.py
[2024-10-22T03:46:15.100+0000] {processor.py:925} INFO - DAG(s) 'latest_only_with_trigger' retrieved from /home/airflow/.local/lib/python3.12/site-packages/airflow/example_dags/example_latest_only_with_trigger.py
[2024-10-22T03:46:15.124+0000] {logging_mixin.py:190} INFO - [2024-10-22T03:46:15.123+0000] {dag.py:3239} INFO - Sync 1 DAGs
[2024-10-22T03:46:15.149+0000] {logging_mixin.py:190} INFO - [2024-10-22T03:46:15.148+0000] {dag.py:4180} INFO - Setting next_dagrun for latest_only_with_trigger to 2024-10-21 20:00:00+00:00, run_after=2024-10-22 00:00:00+00:00
[2024-10-22T03:46:15.167+0000] {processor.py:208} INFO - Processing /home/airflow/.local/lib/python3.12/site-packages/airflow/example_dags/example_latest_only_with_trigger.py took 0.085 seconds
[2024-10-22T03:46:45.567+0000] {processor.py:186} INFO - Started process (PID=58458) to work on /home/airflow/.local/lib/python3.12/site-packages/airflow/example_dags/example_latest_only_with_trigger.py
[2024-10-22T03:46:45.568+0000] {processor.py:914} INFO - Processing file /home/airflow/.local/lib/python3.12/site-packages/airflow/example_dags/example_latest_only_with_trigger.py for tasks to queue
[2024-10-22T03:46:45.569+0000] {logging_mixin.py:190} INFO - [2024-10-22T03:46:45.569+0000] {dagbag.py:588} INFO - Filling up the DagBag from /home/airflow/.local/lib/python3.12/site-packages/airflow/example_dags/example_latest_only_with_trigger.py
[2024-10-22T03:46:45.577+0000] {processor.py:925} INFO - DAG(s) 'latest_only_with_trigger' retrieved from /home/airflow/.local/lib/python3.12/site-packages/airflow/example_dags/example_latest_only_with_trigger.py
[2024-10-22T03:46:45.601+0000] {logging_mixin.py:190} INFO - [2024-10-22T03:46:45.600+0000] {dag.py:3239} INFO - Sync 1 DAGs
[2024-10-22T03:46:45.625+0000] {logging_mixin.py:190} INFO - [2024-10-22T03:46:45.625+0000] {dag.py:4180} INFO - Setting next_dagrun for latest_only_with_trigger to 2024-10-21 20:00:00+00:00, run_after=2024-10-22 00:00:00+00:00
[2024-10-22T03:46:45.642+0000] {processor.py:208} INFO - Processing /home/airflow/.local/lib/python3.12/site-packages/airflow/example_dags/example_latest_only_with_trigger.py took 0.082 seconds
[2024-10-22T03:47:15.752+0000] {processor.py:186} INFO - Started process (PID=58524) to work on /home/airflow/.local/lib/python3.12/site-packages/airflow/example_dags/example_latest_only_with_trigger.py
[2024-10-22T03:47:15.753+0000] {processor.py:914} INFO - Processing file /home/airflow/.local/lib/python3.12/site-packages/airflow/example_dags/example_latest_only_with_trigger.py for tasks to queue
[2024-10-22T03:47:15.755+0000] {logging_mixin.py:190} INFO - [2024-10-22T03:47:15.754+0000] {dagbag.py:588} INFO - Filling up the DagBag from /home/airflow/.local/lib/python3.12/site-packages/airflow/example_dags/example_latest_only_with_trigger.py
[2024-10-22T03:47:15.763+0000] {processor.py:925} INFO - DAG(s) 'latest_only_with_trigger' retrieved from /home/airflow/.local/lib/python3.12/site-packages/airflow/example_dags/example_latest_only_with_trigger.py
[2024-10-22T03:47:15.785+0000] {logging_mixin.py:190} INFO - [2024-10-22T03:47:15.785+0000] {dag.py:3239} INFO - Sync 1 DAGs
[2024-10-22T03:47:15.809+0000] {logging_mixin.py:190} INFO - [2024-10-22T03:47:15.809+0000] {dag.py:4180} INFO - Setting next_dagrun for latest_only_with_trigger to 2024-10-21 20:00:00+00:00, run_after=2024-10-22 00:00:00+00:00
[2024-10-22T03:47:15.827+0000] {processor.py:208} INFO - Processing /home/airflow/.local/lib/python3.12/site-packages/airflow/example_dags/example_latest_only_with_trigger.py took 0.082 seconds
[2024-10-22T03:47:46.404+0000] {processor.py:186} INFO - Started process (PID=58591) to work on /home/airflow/.local/lib/python3.12/site-packages/airflow/example_dags/example_latest_only_with_trigger.py
[2024-10-22T03:47:46.405+0000] {processor.py:914} INFO - Processing file /home/airflow/.local/lib/python3.12/site-packages/airflow/example_dags/example_latest_only_with_trigger.py for tasks to queue
[2024-10-22T03:47:46.407+0000] {logging_mixin.py:190} INFO - [2024-10-22T03:47:46.406+0000] {dagbag.py:588} INFO - Filling up the DagBag from /home/airflow/.local/lib/python3.12/site-packages/airflow/example_dags/example_latest_only_with_trigger.py
[2024-10-22T03:47:46.415+0000] {processor.py:925} INFO - DAG(s) 'latest_only_with_trigger' retrieved from /home/airflow/.local/lib/python3.12/site-packages/airflow/example_dags/example_latest_only_with_trigger.py
[2024-10-22T03:47:46.441+0000] {logging_mixin.py:190} INFO - [2024-10-22T03:47:46.441+0000] {dag.py:3239} INFO - Sync 1 DAGs
[2024-10-22T03:47:46.471+0000] {logging_mixin.py:190} INFO - [2024-10-22T03:47:46.470+0000] {dag.py:4180} INFO - Setting next_dagrun for latest_only_with_trigger to 2024-10-21 20:00:00+00:00, run_after=2024-10-22 00:00:00+00:00
[2024-10-22T03:47:46.490+0000] {processor.py:208} INFO - Processing /home/airflow/.local/lib/python3.12/site-packages/airflow/example_dags/example_latest_only_with_trigger.py took 0.096 seconds
[2024-10-22T03:48:17.141+0000] {processor.py:186} INFO - Started process (PID=58657) to work on /home/airflow/.local/lib/python3.12/site-packages/airflow/example_dags/example_latest_only_with_trigger.py
[2024-10-22T03:48:17.142+0000] {processor.py:914} INFO - Processing file /home/airflow/.local/lib/python3.12/site-packages/airflow/example_dags/example_latest_only_with_trigger.py for tasks to queue
[2024-10-22T03:48:17.143+0000] {logging_mixin.py:190} INFO - [2024-10-22T03:48:17.143+0000] {dagbag.py:588} INFO - Filling up the DagBag from /home/airflow/.local/lib/python3.12/site-packages/airflow/example_dags/example_latest_only_with_trigger.py
[2024-10-22T03:48:17.151+0000] {processor.py:925} INFO - DAG(s) 'latest_only_with_trigger' retrieved from /home/airflow/.local/lib/python3.12/site-packages/airflow/example_dags/example_latest_only_with_trigger.py
[2024-10-22T03:48:17.175+0000] {logging_mixin.py:190} INFO - [2024-10-22T03:48:17.175+0000] {dag.py:3239} INFO - Sync 1 DAGs
[2024-10-22T03:48:17.206+0000] {logging_mixin.py:190} INFO - [2024-10-22T03:48:17.206+0000] {dag.py:4180} INFO - Setting next_dagrun for latest_only_with_trigger to 2024-10-21 20:00:00+00:00, run_after=2024-10-22 00:00:00+00:00
[2024-10-22T03:48:17.224+0000] {processor.py:208} INFO - Processing /home/airflow/.local/lib/python3.12/site-packages/airflow/example_dags/example_latest_only_with_trigger.py took 0.091 seconds
[2024-10-22T03:48:47.567+0000] {processor.py:186} INFO - Started process (PID=58724) to work on /home/airflow/.local/lib/python3.12/site-packages/airflow/example_dags/example_latest_only_with_trigger.py
[2024-10-22T03:48:47.568+0000] {processor.py:914} INFO - Processing file /home/airflow/.local/lib/python3.12/site-packages/airflow/example_dags/example_latest_only_with_trigger.py for tasks to queue
[2024-10-22T03:48:47.569+0000] {logging_mixin.py:190} INFO - [2024-10-22T03:48:47.569+0000] {dagbag.py:588} INFO - Filling up the DagBag from /home/airflow/.local/lib/python3.12/site-packages/airflow/example_dags/example_latest_only_with_trigger.py
[2024-10-22T03:48:47.577+0000] {processor.py:925} INFO - DAG(s) 'latest_only_with_trigger' retrieved from /home/airflow/.local/lib/python3.12/site-packages/airflow/example_dags/example_latest_only_with_trigger.py
[2024-10-22T03:48:47.600+0000] {logging_mixin.py:190} INFO - [2024-10-22T03:48:47.600+0000] {dag.py:3239} INFO - Sync 1 DAGs
[2024-10-22T03:48:47.624+0000] {logging_mixin.py:190} INFO - [2024-10-22T03:48:47.623+0000] {dag.py:4180} INFO - Setting next_dagrun for latest_only_with_trigger to 2024-10-21 20:00:00+00:00, run_after=2024-10-22 00:00:00+00:00
[2024-10-22T03:48:47.641+0000] {processor.py:208} INFO - Processing /home/airflow/.local/lib/python3.12/site-packages/airflow/example_dags/example_latest_only_with_trigger.py took 0.082 seconds
[2024-10-22T03:49:18.139+0000] {processor.py:186} INFO - Started process (PID=58791) to work on /home/airflow/.local/lib/python3.12/site-packages/airflow/example_dags/example_latest_only_with_trigger.py
[2024-10-22T03:49:18.140+0000] {processor.py:914} INFO - Processing file /home/airflow/.local/lib/python3.12/site-packages/airflow/example_dags/example_latest_only_with_trigger.py for tasks to queue
[2024-10-22T03:49:18.142+0000] {logging_mixin.py:190} INFO - [2024-10-22T03:49:18.141+0000] {dagbag.py:588} INFO - Filling up the DagBag from /home/airflow/.local/lib/python3.12/site-packages/airflow/example_dags/example_latest_only_with_trigger.py
[2024-10-22T03:49:18.150+0000] {processor.py:925} INFO - DAG(s) 'latest_only_with_trigger' retrieved from /home/airflow/.local/lib/python3.12/site-packages/airflow/example_dags/example_latest_only_with_trigger.py
[2024-10-22T03:49:18.173+0000] {logging_mixin.py:190} INFO - [2024-10-22T03:49:18.173+0000] {dag.py:3239} INFO - Sync 1 DAGs
[2024-10-22T03:49:18.197+0000] {logging_mixin.py:190} INFO - [2024-10-22T03:49:18.197+0000] {dag.py:4180} INFO - Setting next_dagrun for latest_only_with_trigger to 2024-10-21 20:00:00+00:00, run_after=2024-10-22 00:00:00+00:00
[2024-10-22T03:49:18.214+0000] {processor.py:208} INFO - Processing /home/airflow/.local/lib/python3.12/site-packages/airflow/example_dags/example_latest_only_with_trigger.py took 0.083 seconds
[2024-10-22T03:49:49.018+0000] {processor.py:186} INFO - Started process (PID=58858) to work on /home/airflow/.local/lib/python3.12/site-packages/airflow/example_dags/example_latest_only_with_trigger.py
[2024-10-22T03:49:49.020+0000] {processor.py:914} INFO - Processing file /home/airflow/.local/lib/python3.12/site-packages/airflow/example_dags/example_latest_only_with_trigger.py for tasks to queue
[2024-10-22T03:49:49.022+0000] {logging_mixin.py:190} INFO - [2024-10-22T03:49:49.021+0000] {dagbag.py:588} INFO - Filling up the DagBag from /home/airflow/.local/lib/python3.12/site-packages/airflow/example_dags/example_latest_only_with_trigger.py
[2024-10-22T03:49:49.034+0000] {processor.py:925} INFO - DAG(s) 'latest_only_with_trigger' retrieved from /home/airflow/.local/lib/python3.12/site-packages/airflow/example_dags/example_latest_only_with_trigger.py
[2024-10-22T03:49:49.059+0000] {logging_mixin.py:190} INFO - [2024-10-22T03:49:49.059+0000] {dag.py:3239} INFO - Sync 1 DAGs
[2024-10-22T03:49:49.085+0000] {logging_mixin.py:190} INFO - [2024-10-22T03:49:49.085+0000] {dag.py:4180} INFO - Setting next_dagrun for latest_only_with_trigger to 2024-10-21 20:00:00+00:00, run_after=2024-10-22 00:00:00+00:00
[2024-10-22T03:49:49.105+0000] {processor.py:208} INFO - Processing /home/airflow/.local/lib/python3.12/site-packages/airflow/example_dags/example_latest_only_with_trigger.py took 0.094 seconds
[2024-10-22T03:50:19.406+0000] {processor.py:186} INFO - Started process (PID=58925) to work on /home/airflow/.local/lib/python3.12/site-packages/airflow/example_dags/example_latest_only_with_trigger.py
[2024-10-22T03:50:19.408+0000] {processor.py:914} INFO - Processing file /home/airflow/.local/lib/python3.12/site-packages/airflow/example_dags/example_latest_only_with_trigger.py for tasks to queue
[2024-10-22T03:50:19.410+0000] {logging_mixin.py:190} INFO - [2024-10-22T03:50:19.409+0000] {dagbag.py:588} INFO - Filling up the DagBag from /home/airflow/.local/lib/python3.12/site-packages/airflow/example_dags/example_latest_only_with_trigger.py
[2024-10-22T03:50:19.417+0000] {processor.py:925} INFO - DAG(s) 'latest_only_with_trigger' retrieved from /home/airflow/.local/lib/python3.12/site-packages/airflow/example_dags/example_latest_only_with_trigger.py
[2024-10-22T03:50:19.443+0000] {logging_mixin.py:190} INFO - [2024-10-22T03:50:19.443+0000] {dag.py:3239} INFO - Sync 1 DAGs
[2024-10-22T03:50:19.471+0000] {logging_mixin.py:190} INFO - [2024-10-22T03:50:19.471+0000] {dag.py:4180} INFO - Setting next_dagrun for latest_only_with_trigger to 2024-10-21 20:00:00+00:00, run_after=2024-10-22 00:00:00+00:00
[2024-10-22T03:50:19.495+0000] {processor.py:208} INFO - Processing /home/airflow/.local/lib/python3.12/site-packages/airflow/example_dags/example_latest_only_with_trigger.py took 0.096 seconds
[2024-10-22T03:50:50.406+0000] {processor.py:186} INFO - Started process (PID=58992) to work on /home/airflow/.local/lib/python3.12/site-packages/airflow/example_dags/example_latest_only_with_trigger.py
[2024-10-22T03:50:50.408+0000] {processor.py:914} INFO - Processing file /home/airflow/.local/lib/python3.12/site-packages/airflow/example_dags/example_latest_only_with_trigger.py for tasks to queue
[2024-10-22T03:50:50.409+0000] {logging_mixin.py:190} INFO - [2024-10-22T03:50:50.409+0000] {dagbag.py:588} INFO - Filling up the DagBag from /home/airflow/.local/lib/python3.12/site-packages/airflow/example_dags/example_latest_only_with_trigger.py
[2024-10-22T03:50:50.418+0000] {processor.py:925} INFO - DAG(s) 'latest_only_with_trigger' retrieved from /home/airflow/.local/lib/python3.12/site-packages/airflow/example_dags/example_latest_only_with_trigger.py
[2024-10-22T03:50:50.441+0000] {logging_mixin.py:190} INFO - [2024-10-22T03:50:50.441+0000] {dag.py:3239} INFO - Sync 1 DAGs
[2024-10-22T03:50:50.468+0000] {logging_mixin.py:190} INFO - [2024-10-22T03:50:50.468+0000] {dag.py:4180} INFO - Setting next_dagrun for latest_only_with_trigger to 2024-10-21 20:00:00+00:00, run_after=2024-10-22 00:00:00+00:00
[2024-10-22T03:50:50.486+0000] {processor.py:208} INFO - Processing /home/airflow/.local/lib/python3.12/site-packages/airflow/example_dags/example_latest_only_with_trigger.py took 0.088 seconds
[2024-10-22T03:51:21.030+0000] {processor.py:186} INFO - Started process (PID=59059) to work on /home/airflow/.local/lib/python3.12/site-packages/airflow/example_dags/example_latest_only_with_trigger.py
[2024-10-22T03:51:21.031+0000] {processor.py:914} INFO - Processing file /home/airflow/.local/lib/python3.12/site-packages/airflow/example_dags/example_latest_only_with_trigger.py for tasks to queue
[2024-10-22T03:51:21.033+0000] {logging_mixin.py:190} INFO - [2024-10-22T03:51:21.032+0000] {dagbag.py:588} INFO - Filling up the DagBag from /home/airflow/.local/lib/python3.12/site-packages/airflow/example_dags/example_latest_only_with_trigger.py
[2024-10-22T03:51:21.041+0000] {processor.py:925} INFO - DAG(s) 'latest_only_with_trigger' retrieved from /home/airflow/.local/lib/python3.12/site-packages/airflow/example_dags/example_latest_only_with_trigger.py
[2024-10-22T03:51:21.064+0000] {logging_mixin.py:190} INFO - [2024-10-22T03:51:21.064+0000] {dag.py:3239} INFO - Sync 1 DAGs
[2024-10-22T03:51:21.089+0000] {logging_mixin.py:190} INFO - [2024-10-22T03:51:21.089+0000] {dag.py:4180} INFO - Setting next_dagrun for latest_only_with_trigger to 2024-10-21 20:00:00+00:00, run_after=2024-10-22 00:00:00+00:00
[2024-10-22T03:51:21.107+0000] {processor.py:208} INFO - Processing /home/airflow/.local/lib/python3.12/site-packages/airflow/example_dags/example_latest_only_with_trigger.py took 0.085 seconds
[2024-10-22T03:51:51.575+0000] {processor.py:186} INFO - Started process (PID=59126) to work on /home/airflow/.local/lib/python3.12/site-packages/airflow/example_dags/example_latest_only_with_trigger.py
[2024-10-22T03:51:51.576+0000] {processor.py:914} INFO - Processing file /home/airflow/.local/lib/python3.12/site-packages/airflow/example_dags/example_latest_only_with_trigger.py for tasks to queue
[2024-10-22T03:51:51.578+0000] {logging_mixin.py:190} INFO - [2024-10-22T03:51:51.578+0000] {dagbag.py:588} INFO - Filling up the DagBag from /home/airflow/.local/lib/python3.12/site-packages/airflow/example_dags/example_latest_only_with_trigger.py
[2024-10-22T03:51:51.588+0000] {processor.py:925} INFO - DAG(s) 'latest_only_with_trigger' retrieved from /home/airflow/.local/lib/python3.12/site-packages/airflow/example_dags/example_latest_only_with_trigger.py
[2024-10-22T03:51:51.611+0000] {logging_mixin.py:190} INFO - [2024-10-22T03:51:51.611+0000] {dag.py:3239} INFO - Sync 1 DAGs
[2024-10-22T03:51:51.636+0000] {logging_mixin.py:190} INFO - [2024-10-22T03:51:51.636+0000] {dag.py:4180} INFO - Setting next_dagrun for latest_only_with_trigger to 2024-10-21 20:00:00+00:00, run_after=2024-10-22 00:00:00+00:00
[2024-10-22T03:51:51.657+0000] {processor.py:208} INFO - Processing /home/airflow/.local/lib/python3.12/site-packages/airflow/example_dags/example_latest_only_with_trigger.py took 0.090 seconds
[2024-10-22T03:52:21.934+0000] {processor.py:186} INFO - Started process (PID=59193) to work on /home/airflow/.local/lib/python3.12/site-packages/airflow/example_dags/example_latest_only_with_trigger.py
[2024-10-22T03:52:21.936+0000] {processor.py:914} INFO - Processing file /home/airflow/.local/lib/python3.12/site-packages/airflow/example_dags/example_latest_only_with_trigger.py for tasks to queue
[2024-10-22T03:52:21.937+0000] {logging_mixin.py:190} INFO - [2024-10-22T03:52:21.937+0000] {dagbag.py:588} INFO - Filling up the DagBag from /home/airflow/.local/lib/python3.12/site-packages/airflow/example_dags/example_latest_only_with_trigger.py
[2024-10-22T03:52:21.946+0000] {processor.py:925} INFO - DAG(s) 'latest_only_with_trigger' retrieved from /home/airflow/.local/lib/python3.12/site-packages/airflow/example_dags/example_latest_only_with_trigger.py
[2024-10-22T03:52:21.972+0000] {logging_mixin.py:190} INFO - [2024-10-22T03:52:21.972+0000] {dag.py:3239} INFO - Sync 1 DAGs
[2024-10-22T03:52:22.002+0000] {logging_mixin.py:190} INFO - [2024-10-22T03:52:22.002+0000] {dag.py:4180} INFO - Setting next_dagrun for latest_only_with_trigger to 2024-10-21 20:00:00+00:00, run_after=2024-10-22 00:00:00+00:00
[2024-10-22T03:52:22.025+0000] {processor.py:208} INFO - Processing /home/airflow/.local/lib/python3.12/site-packages/airflow/example_dags/example_latest_only_with_trigger.py took 0.103 seconds
[2024-10-22T03:52:52.840+0000] {processor.py:186} INFO - Started process (PID=59260) to work on /home/airflow/.local/lib/python3.12/site-packages/airflow/example_dags/example_latest_only_with_trigger.py
[2024-10-22T03:52:52.841+0000] {processor.py:914} INFO - Processing file /home/airflow/.local/lib/python3.12/site-packages/airflow/example_dags/example_latest_only_with_trigger.py for tasks to queue
[2024-10-22T03:52:52.842+0000] {logging_mixin.py:190} INFO - [2024-10-22T03:52:52.842+0000] {dagbag.py:588} INFO - Filling up the DagBag from /home/airflow/.local/lib/python3.12/site-packages/airflow/example_dags/example_latest_only_with_trigger.py
[2024-10-22T03:52:52.850+0000] {processor.py:925} INFO - DAG(s) 'latest_only_with_trigger' retrieved from /home/airflow/.local/lib/python3.12/site-packages/airflow/example_dags/example_latest_only_with_trigger.py
[2024-10-22T03:52:52.877+0000] {logging_mixin.py:190} INFO - [2024-10-22T03:52:52.876+0000] {dag.py:3239} INFO - Sync 1 DAGs
[2024-10-22T03:52:52.904+0000] {logging_mixin.py:190} INFO - [2024-10-22T03:52:52.904+0000] {dag.py:4180} INFO - Setting next_dagrun for latest_only_with_trigger to 2024-10-21 20:00:00+00:00, run_after=2024-10-22 00:00:00+00:00
[2024-10-22T03:52:52.921+0000] {processor.py:208} INFO - Processing /home/airflow/.local/lib/python3.12/site-packages/airflow/example_dags/example_latest_only_with_trigger.py took 0.089 seconds
[2024-10-22T03:53:23.123+0000] {processor.py:186} INFO - Started process (PID=59327) to work on /home/airflow/.local/lib/python3.12/site-packages/airflow/example_dags/example_latest_only_with_trigger.py
[2024-10-22T03:53:23.125+0000] {processor.py:914} INFO - Processing file /home/airflow/.local/lib/python3.12/site-packages/airflow/example_dags/example_latest_only_with_trigger.py for tasks to queue
[2024-10-22T03:53:23.128+0000] {logging_mixin.py:190} INFO - [2024-10-22T03:53:23.127+0000] {dagbag.py:588} INFO - Filling up the DagBag from /home/airflow/.local/lib/python3.12/site-packages/airflow/example_dags/example_latest_only_with_trigger.py
[2024-10-22T03:53:23.137+0000] {processor.py:925} INFO - DAG(s) 'latest_only_with_trigger' retrieved from /home/airflow/.local/lib/python3.12/site-packages/airflow/example_dags/example_latest_only_with_trigger.py
[2024-10-22T03:53:23.171+0000] {logging_mixin.py:190} INFO - [2024-10-22T03:53:23.170+0000] {dag.py:3239} INFO - Sync 1 DAGs
[2024-10-22T03:53:23.205+0000] {logging_mixin.py:190} INFO - [2024-10-22T03:53:23.204+0000] {dag.py:4180} INFO - Setting next_dagrun for latest_only_with_trigger to 2024-10-21 20:00:00+00:00, run_after=2024-10-22 00:00:00+00:00
[2024-10-22T03:53:23.229+0000] {processor.py:208} INFO - Processing /home/airflow/.local/lib/python3.12/site-packages/airflow/example_dags/example_latest_only_with_trigger.py took 0.116 seconds
[2024-10-22T03:53:53.475+0000] {processor.py:186} INFO - Started process (PID=59393) to work on /home/airflow/.local/lib/python3.12/site-packages/airflow/example_dags/example_latest_only_with_trigger.py
[2024-10-22T03:53:53.476+0000] {processor.py:914} INFO - Processing file /home/airflow/.local/lib/python3.12/site-packages/airflow/example_dags/example_latest_only_with_trigger.py for tasks to queue
[2024-10-22T03:53:53.478+0000] {logging_mixin.py:190} INFO - [2024-10-22T03:53:53.477+0000] {dagbag.py:588} INFO - Filling up the DagBag from /home/airflow/.local/lib/python3.12/site-packages/airflow/example_dags/example_latest_only_with_trigger.py
[2024-10-22T03:53:53.487+0000] {processor.py:925} INFO - DAG(s) 'latest_only_with_trigger' retrieved from /home/airflow/.local/lib/python3.12/site-packages/airflow/example_dags/example_latest_only_with_trigger.py
[2024-10-22T03:53:53.516+0000] {logging_mixin.py:190} INFO - [2024-10-22T03:53:53.516+0000] {dag.py:3239} INFO - Sync 1 DAGs
[2024-10-22T03:53:53.552+0000] {logging_mixin.py:190} INFO - [2024-10-22T03:53:53.551+0000] {dag.py:4180} INFO - Setting next_dagrun for latest_only_with_trigger to 2024-10-21 20:00:00+00:00, run_after=2024-10-22 00:00:00+00:00
[2024-10-22T03:53:53.577+0000] {processor.py:208} INFO - Processing /home/airflow/.local/lib/python3.12/site-packages/airflow/example_dags/example_latest_only_with_trigger.py took 0.111 seconds
[2024-10-22T03:54:24.651+0000] {processor.py:186} INFO - Started process (PID=59461) to work on /home/airflow/.local/lib/python3.12/site-packages/airflow/example_dags/example_latest_only_with_trigger.py
[2024-10-22T03:54:24.652+0000] {processor.py:914} INFO - Processing file /home/airflow/.local/lib/python3.12/site-packages/airflow/example_dags/example_latest_only_with_trigger.py for tasks to queue
[2024-10-22T03:54:24.654+0000] {logging_mixin.py:190} INFO - [2024-10-22T03:54:24.653+0000] {dagbag.py:588} INFO - Filling up the DagBag from /home/airflow/.local/lib/python3.12/site-packages/airflow/example_dags/example_latest_only_with_trigger.py
[2024-10-22T03:54:24.664+0000] {processor.py:925} INFO - DAG(s) 'latest_only_with_trigger' retrieved from /home/airflow/.local/lib/python3.12/site-packages/airflow/example_dags/example_latest_only_with_trigger.py
[2024-10-22T03:54:24.698+0000] {logging_mixin.py:190} INFO - [2024-10-22T03:54:24.698+0000] {dag.py:3239} INFO - Sync 1 DAGs
[2024-10-22T03:54:24.736+0000] {logging_mixin.py:190} INFO - [2024-10-22T03:54:24.736+0000] {dag.py:4180} INFO - Setting next_dagrun for latest_only_with_trigger to 2024-10-21 20:00:00+00:00, run_after=2024-10-22 00:00:00+00:00
[2024-10-22T03:54:24.765+0000] {processor.py:208} INFO - Processing /home/airflow/.local/lib/python3.12/site-packages/airflow/example_dags/example_latest_only_with_trigger.py took 0.127 seconds
[2024-10-22T03:54:54.817+0000] {processor.py:186} INFO - Started process (PID=59527) to work on /home/airflow/.local/lib/python3.12/site-packages/airflow/example_dags/example_latest_only_with_trigger.py
[2024-10-22T03:54:54.819+0000] {processor.py:914} INFO - Processing file /home/airflow/.local/lib/python3.12/site-packages/airflow/example_dags/example_latest_only_with_trigger.py for tasks to queue
[2024-10-22T03:54:54.821+0000] {logging_mixin.py:190} INFO - [2024-10-22T03:54:54.821+0000] {dagbag.py:588} INFO - Filling up the DagBag from /home/airflow/.local/lib/python3.12/site-packages/airflow/example_dags/example_latest_only_with_trigger.py
[2024-10-22T03:54:54.834+0000] {processor.py:925} INFO - DAG(s) 'latest_only_with_trigger' retrieved from /home/airflow/.local/lib/python3.12/site-packages/airflow/example_dags/example_latest_only_with_trigger.py
[2024-10-22T03:54:54.868+0000] {logging_mixin.py:190} INFO - [2024-10-22T03:54:54.868+0000] {dag.py:3239} INFO - Sync 1 DAGs
[2024-10-22T03:54:54.900+0000] {logging_mixin.py:190} INFO - [2024-10-22T03:54:54.900+0000] {dag.py:4180} INFO - Setting next_dagrun for latest_only_with_trigger to 2024-10-21 20:00:00+00:00, run_after=2024-10-22 00:00:00+00:00
[2024-10-22T03:54:54.927+0000] {processor.py:208} INFO - Processing /home/airflow/.local/lib/python3.12/site-packages/airflow/example_dags/example_latest_only_with_trigger.py took 0.120 seconds
[2024-10-22T03:55:25.098+0000] {processor.py:186} INFO - Started process (PID=59594) to work on /home/airflow/.local/lib/python3.12/site-packages/airflow/example_dags/example_latest_only_with_trigger.py
[2024-10-22T03:55:25.100+0000] {processor.py:914} INFO - Processing file /home/airflow/.local/lib/python3.12/site-packages/airflow/example_dags/example_latest_only_with_trigger.py for tasks to queue
[2024-10-22T03:55:25.102+0000] {logging_mixin.py:190} INFO - [2024-10-22T03:55:25.101+0000] {dagbag.py:588} INFO - Filling up the DagBag from /home/airflow/.local/lib/python3.12/site-packages/airflow/example_dags/example_latest_only_with_trigger.py
[2024-10-22T03:55:25.110+0000] {processor.py:925} INFO - DAG(s) 'latest_only_with_trigger' retrieved from /home/airflow/.local/lib/python3.12/site-packages/airflow/example_dags/example_latest_only_with_trigger.py
[2024-10-22T03:55:25.133+0000] {logging_mixin.py:190} INFO - [2024-10-22T03:55:25.133+0000] {dag.py:3239} INFO - Sync 1 DAGs
[2024-10-22T03:55:25.165+0000] {logging_mixin.py:190} INFO - [2024-10-22T03:55:25.165+0000] {dag.py:4180} INFO - Setting next_dagrun for latest_only_with_trigger to 2024-10-21 20:00:00+00:00, run_after=2024-10-22 00:00:00+00:00
[2024-10-22T03:55:25.184+0000] {processor.py:208} INFO - Processing /home/airflow/.local/lib/python3.12/site-packages/airflow/example_dags/example_latest_only_with_trigger.py took 0.095 seconds
[2024-10-22T03:55:55.497+0000] {processor.py:186} INFO - Started process (PID=59660) to work on /home/airflow/.local/lib/python3.12/site-packages/airflow/example_dags/example_latest_only_with_trigger.py
[2024-10-22T03:55:55.499+0000] {processor.py:914} INFO - Processing file /home/airflow/.local/lib/python3.12/site-packages/airflow/example_dags/example_latest_only_with_trigger.py for tasks to queue
[2024-10-22T03:55:55.501+0000] {logging_mixin.py:190} INFO - [2024-10-22T03:55:55.501+0000] {dagbag.py:588} INFO - Filling up the DagBag from /home/airflow/.local/lib/python3.12/site-packages/airflow/example_dags/example_latest_only_with_trigger.py
[2024-10-22T03:55:55.511+0000] {processor.py:925} INFO - DAG(s) 'latest_only_with_trigger' retrieved from /home/airflow/.local/lib/python3.12/site-packages/airflow/example_dags/example_latest_only_with_trigger.py
[2024-10-22T03:55:55.542+0000] {logging_mixin.py:190} INFO - [2024-10-22T03:55:55.541+0000] {dag.py:3239} INFO - Sync 1 DAGs
[2024-10-22T03:55:55.572+0000] {logging_mixin.py:190} INFO - [2024-10-22T03:55:55.571+0000] {dag.py:4180} INFO - Setting next_dagrun for latest_only_with_trigger to 2024-10-21 20:00:00+00:00, run_after=2024-10-22 00:00:00+00:00
[2024-10-22T03:55:55.595+0000] {processor.py:208} INFO - Processing /home/airflow/.local/lib/python3.12/site-packages/airflow/example_dags/example_latest_only_with_trigger.py took 0.108 seconds
[2024-10-22T03:56:26.467+0000] {processor.py:186} INFO - Started process (PID=59727) to work on /home/airflow/.local/lib/python3.12/site-packages/airflow/example_dags/example_latest_only_with_trigger.py
[2024-10-22T03:56:26.469+0000] {processor.py:914} INFO - Processing file /home/airflow/.local/lib/python3.12/site-packages/airflow/example_dags/example_latest_only_with_trigger.py for tasks to queue
[2024-10-22T03:56:26.471+0000] {logging_mixin.py:190} INFO - [2024-10-22T03:56:26.470+0000] {dagbag.py:588} INFO - Filling up the DagBag from /home/airflow/.local/lib/python3.12/site-packages/airflow/example_dags/example_latest_only_with_trigger.py
[2024-10-22T03:56:26.481+0000] {processor.py:925} INFO - DAG(s) 'latest_only_with_trigger' retrieved from /home/airflow/.local/lib/python3.12/site-packages/airflow/example_dags/example_latest_only_with_trigger.py
[2024-10-22T03:56:26.560+0000] {logging_mixin.py:190} INFO - [2024-10-22T03:56:26.559+0000] {dag.py:3239} INFO - Sync 1 DAGs
[2024-10-22T03:56:26.592+0000] {logging_mixin.py:190} INFO - [2024-10-22T03:56:26.591+0000] {dag.py:4180} INFO - Setting next_dagrun for latest_only_with_trigger to 2024-10-21 20:00:00+00:00, run_after=2024-10-22 00:00:00+00:00
[2024-10-22T03:56:26.618+0000] {processor.py:208} INFO - Processing /home/airflow/.local/lib/python3.12/site-packages/airflow/example_dags/example_latest_only_with_trigger.py took 0.163 seconds
[2024-10-22T03:56:56.735+0000] {processor.py:186} INFO - Started process (PID=59793) to work on /home/airflow/.local/lib/python3.12/site-packages/airflow/example_dags/example_latest_only_with_trigger.py
[2024-10-22T03:56:56.736+0000] {processor.py:914} INFO - Processing file /home/airflow/.local/lib/python3.12/site-packages/airflow/example_dags/example_latest_only_with_trigger.py for tasks to queue
[2024-10-22T03:56:56.738+0000] {logging_mixin.py:190} INFO - [2024-10-22T03:56:56.738+0000] {dagbag.py:588} INFO - Filling up the DagBag from /home/airflow/.local/lib/python3.12/site-packages/airflow/example_dags/example_latest_only_with_trigger.py
[2024-10-22T03:56:56.747+0000] {processor.py:925} INFO - DAG(s) 'latest_only_with_trigger' retrieved from /home/airflow/.local/lib/python3.12/site-packages/airflow/example_dags/example_latest_only_with_trigger.py
[2024-10-22T03:56:56.776+0000] {logging_mixin.py:190} INFO - [2024-10-22T03:56:56.775+0000] {dag.py:3239} INFO - Sync 1 DAGs
[2024-10-22T03:56:56.806+0000] {logging_mixin.py:190} INFO - [2024-10-22T03:56:56.806+0000] {dag.py:4180} INFO - Setting next_dagrun for latest_only_with_trigger to 2024-10-21 20:00:00+00:00, run_after=2024-10-22 00:00:00+00:00
[2024-10-22T03:56:56.833+0000] {processor.py:208} INFO - Processing /home/airflow/.local/lib/python3.12/site-packages/airflow/example_dags/example_latest_only_with_trigger.py took 0.107 seconds
[2024-10-22T03:57:26.879+0000] {processor.py:186} INFO - Started process (PID=59860) to work on /home/airflow/.local/lib/python3.12/site-packages/airflow/example_dags/example_latest_only_with_trigger.py
[2024-10-22T03:57:26.880+0000] {processor.py:914} INFO - Processing file /home/airflow/.local/lib/python3.12/site-packages/airflow/example_dags/example_latest_only_with_trigger.py for tasks to queue
[2024-10-22T03:57:26.881+0000] {logging_mixin.py:190} INFO - [2024-10-22T03:57:26.881+0000] {dagbag.py:588} INFO - Filling up the DagBag from /home/airflow/.local/lib/python3.12/site-packages/airflow/example_dags/example_latest_only_with_trigger.py
[2024-10-22T03:57:26.889+0000] {processor.py:925} INFO - DAG(s) 'latest_only_with_trigger' retrieved from /home/airflow/.local/lib/python3.12/site-packages/airflow/example_dags/example_latest_only_with_trigger.py
[2024-10-22T03:57:26.913+0000] {logging_mixin.py:190} INFO - [2024-10-22T03:57:26.913+0000] {dag.py:3239} INFO - Sync 1 DAGs
[2024-10-22T03:57:26.939+0000] {logging_mixin.py:190} INFO - [2024-10-22T03:57:26.938+0000] {dag.py:4180} INFO - Setting next_dagrun for latest_only_with_trigger to 2024-10-21 20:00:00+00:00, run_after=2024-10-22 00:00:00+00:00
[2024-10-22T03:57:26.956+0000] {processor.py:208} INFO - Processing /home/airflow/.local/lib/python3.12/site-packages/airflow/example_dags/example_latest_only_with_trigger.py took 0.085 seconds
[2024-10-22T03:57:57.755+0000] {processor.py:186} INFO - Started process (PID=59927) to work on /home/airflow/.local/lib/python3.12/site-packages/airflow/example_dags/example_latest_only_with_trigger.py
[2024-10-22T03:57:57.756+0000] {processor.py:914} INFO - Processing file /home/airflow/.local/lib/python3.12/site-packages/airflow/example_dags/example_latest_only_with_trigger.py for tasks to queue
[2024-10-22T03:57:57.758+0000] {logging_mixin.py:190} INFO - [2024-10-22T03:57:57.757+0000] {dagbag.py:588} INFO - Filling up the DagBag from /home/airflow/.local/lib/python3.12/site-packages/airflow/example_dags/example_latest_only_with_trigger.py
[2024-10-22T03:57:57.766+0000] {processor.py:925} INFO - DAG(s) 'latest_only_with_trigger' retrieved from /home/airflow/.local/lib/python3.12/site-packages/airflow/example_dags/example_latest_only_with_trigger.py
[2024-10-22T03:57:57.790+0000] {logging_mixin.py:190} INFO - [2024-10-22T03:57:57.790+0000] {dag.py:3239} INFO - Sync 1 DAGs
[2024-10-22T03:57:57.816+0000] {logging_mixin.py:190} INFO - [2024-10-22T03:57:57.815+0000] {dag.py:4180} INFO - Setting next_dagrun for latest_only_with_trigger to 2024-10-21 20:00:00+00:00, run_after=2024-10-22 00:00:00+00:00
[2024-10-22T03:57:57.833+0000] {processor.py:208} INFO - Processing /home/airflow/.local/lib/python3.12/site-packages/airflow/example_dags/example_latest_only_with_trigger.py took 0.085 seconds
[2024-10-22T03:58:29.181+0000] {processor.py:186} INFO - Started process (PID=59994) to work on /home/airflow/.local/lib/python3.12/site-packages/airflow/example_dags/example_latest_only_with_trigger.py
[2024-10-22T03:58:29.182+0000] {processor.py:914} INFO - Processing file /home/airflow/.local/lib/python3.12/site-packages/airflow/example_dags/example_latest_only_with_trigger.py for tasks to queue
[2024-10-22T03:58:29.184+0000] {logging_mixin.py:190} INFO - [2024-10-22T03:58:29.183+0000] {dagbag.py:588} INFO - Filling up the DagBag from /home/airflow/.local/lib/python3.12/site-packages/airflow/example_dags/example_latest_only_with_trigger.py
[2024-10-22T03:58:29.194+0000] {processor.py:925} INFO - DAG(s) 'latest_only_with_trigger' retrieved from /home/airflow/.local/lib/python3.12/site-packages/airflow/example_dags/example_latest_only_with_trigger.py
[2024-10-22T03:58:29.412+0000] {logging_mixin.py:190} INFO - [2024-10-22T03:58:29.411+0000] {dag.py:3239} INFO - Sync 1 DAGs
[2024-10-22T03:58:29.438+0000] {logging_mixin.py:190} INFO - [2024-10-22T03:58:29.438+0000] {dag.py:4180} INFO - Setting next_dagrun for latest_only_with_trigger to 2024-10-21 20:00:00+00:00, run_after=2024-10-22 00:00:00+00:00
[2024-10-22T03:58:29.460+0000] {processor.py:208} INFO - Processing /home/airflow/.local/lib/python3.12/site-packages/airflow/example_dags/example_latest_only_with_trigger.py took 0.289 seconds
[2024-10-22T03:59:00.371+0000] {processor.py:186} INFO - Started process (PID=60061) to work on /home/airflow/.local/lib/python3.12/site-packages/airflow/example_dags/example_latest_only_with_trigger.py
[2024-10-22T03:59:00.372+0000] {processor.py:914} INFO - Processing file /home/airflow/.local/lib/python3.12/site-packages/airflow/example_dags/example_latest_only_with_trigger.py for tasks to queue
[2024-10-22T03:59:00.373+0000] {logging_mixin.py:190} INFO - [2024-10-22T03:59:00.373+0000] {dagbag.py:588} INFO - Filling up the DagBag from /home/airflow/.local/lib/python3.12/site-packages/airflow/example_dags/example_latest_only_with_trigger.py
[2024-10-22T03:59:00.383+0000] {processor.py:925} INFO - DAG(s) 'latest_only_with_trigger' retrieved from /home/airflow/.local/lib/python3.12/site-packages/airflow/example_dags/example_latest_only_with_trigger.py
[2024-10-22T03:59:00.408+0000] {logging_mixin.py:190} INFO - [2024-10-22T03:59:00.407+0000] {dag.py:3239} INFO - Sync 1 DAGs
[2024-10-22T03:59:00.628+0000] {logging_mixin.py:190} INFO - [2024-10-22T03:59:00.628+0000] {dag.py:4180} INFO - Setting next_dagrun for latest_only_with_trigger to 2024-10-21 20:00:00+00:00, run_after=2024-10-22 00:00:00+00:00
[2024-10-22T03:59:00.647+0000] {processor.py:208} INFO - Processing /home/airflow/.local/lib/python3.12/site-packages/airflow/example_dags/example_latest_only_with_trigger.py took 0.284 seconds
[2024-10-22T03:59:30.905+0000] {processor.py:186} INFO - Started process (PID=60128) to work on /home/airflow/.local/lib/python3.12/site-packages/airflow/example_dags/example_latest_only_with_trigger.py
[2024-10-22T03:59:30.908+0000] {processor.py:914} INFO - Processing file /home/airflow/.local/lib/python3.12/site-packages/airflow/example_dags/example_latest_only_with_trigger.py for tasks to queue
[2024-10-22T03:59:30.910+0000] {logging_mixin.py:190} INFO - [2024-10-22T03:59:30.909+0000] {dagbag.py:588} INFO - Filling up the DagBag from /home/airflow/.local/lib/python3.12/site-packages/airflow/example_dags/example_latest_only_with_trigger.py
[2024-10-22T03:59:30.918+0000] {processor.py:925} INFO - DAG(s) 'latest_only_with_trigger' retrieved from /home/airflow/.local/lib/python3.12/site-packages/airflow/example_dags/example_latest_only_with_trigger.py
[2024-10-22T03:59:30.944+0000] {logging_mixin.py:190} INFO - [2024-10-22T03:59:30.944+0000] {dag.py:3239} INFO - Sync 1 DAGs
[2024-10-22T03:59:30.968+0000] {logging_mixin.py:190} INFO - [2024-10-22T03:59:30.968+0000] {dag.py:4180} INFO - Setting next_dagrun for latest_only_with_trigger to 2024-10-21 20:00:00+00:00, run_after=2024-10-22 00:00:00+00:00
[2024-10-22T03:59:30.987+0000] {processor.py:208} INFO - Processing /home/airflow/.local/lib/python3.12/site-packages/airflow/example_dags/example_latest_only_with_trigger.py took 0.091 seconds
[2024-10-22T04:00:01.292+0000] {processor.py:186} INFO - Started process (PID=60195) to work on /home/airflow/.local/lib/python3.12/site-packages/airflow/example_dags/example_latest_only_with_trigger.py
[2024-10-22T04:00:01.293+0000] {processor.py:914} INFO - Processing file /home/airflow/.local/lib/python3.12/site-packages/airflow/example_dags/example_latest_only_with_trigger.py for tasks to queue
[2024-10-22T04:00:01.294+0000] {logging_mixin.py:190} INFO - [2024-10-22T04:00:01.294+0000] {dagbag.py:588} INFO - Filling up the DagBag from /home/airflow/.local/lib/python3.12/site-packages/airflow/example_dags/example_latest_only_with_trigger.py
[2024-10-22T04:00:01.302+0000] {processor.py:925} INFO - DAG(s) 'latest_only_with_trigger' retrieved from /home/airflow/.local/lib/python3.12/site-packages/airflow/example_dags/example_latest_only_with_trigger.py
[2024-10-22T04:00:01.326+0000] {logging_mixin.py:190} INFO - [2024-10-22T04:00:01.325+0000] {dag.py:3239} INFO - Sync 1 DAGs
[2024-10-22T04:00:01.351+0000] {logging_mixin.py:190} INFO - [2024-10-22T04:00:01.351+0000] {dag.py:4180} INFO - Setting next_dagrun for latest_only_with_trigger to 2024-10-22 00:00:00+00:00, run_after=2024-10-22 04:00:00+00:00
[2024-10-22T04:00:01.370+0000] {processor.py:208} INFO - Processing /home/airflow/.local/lib/python3.12/site-packages/airflow/example_dags/example_latest_only_with_trigger.py took 0.085 seconds
[2024-10-22T04:00:31.446+0000] {processor.py:186} INFO - Started process (PID=60262) to work on /home/airflow/.local/lib/python3.12/site-packages/airflow/example_dags/example_latest_only_with_trigger.py
[2024-10-22T04:00:31.446+0000] {processor.py:914} INFO - Processing file /home/airflow/.local/lib/python3.12/site-packages/airflow/example_dags/example_latest_only_with_trigger.py for tasks to queue
[2024-10-22T04:00:31.448+0000] {logging_mixin.py:190} INFO - [2024-10-22T04:00:31.447+0000] {dagbag.py:588} INFO - Filling up the DagBag from /home/airflow/.local/lib/python3.12/site-packages/airflow/example_dags/example_latest_only_with_trigger.py
[2024-10-22T04:00:31.456+0000] {processor.py:925} INFO - DAG(s) 'latest_only_with_trigger' retrieved from /home/airflow/.local/lib/python3.12/site-packages/airflow/example_dags/example_latest_only_with_trigger.py
[2024-10-22T04:00:31.478+0000] {logging_mixin.py:190} INFO - [2024-10-22T04:00:31.478+0000] {dag.py:3239} INFO - Sync 1 DAGs
[2024-10-22T04:00:31.502+0000] {logging_mixin.py:190} INFO - [2024-10-22T04:00:31.502+0000] {dag.py:4180} INFO - Setting next_dagrun for latest_only_with_trigger to 2024-10-22 00:00:00+00:00, run_after=2024-10-22 04:00:00+00:00
[2024-10-22T04:00:31.520+0000] {processor.py:208} INFO - Processing /home/airflow/.local/lib/python3.12/site-packages/airflow/example_dags/example_latest_only_with_trigger.py took 0.082 seconds
[2024-10-22T04:01:02.138+0000] {processor.py:186} INFO - Started process (PID=60329) to work on /home/airflow/.local/lib/python3.12/site-packages/airflow/example_dags/example_latest_only_with_trigger.py
[2024-10-22T04:01:02.139+0000] {processor.py:914} INFO - Processing file /home/airflow/.local/lib/python3.12/site-packages/airflow/example_dags/example_latest_only_with_trigger.py for tasks to queue
[2024-10-22T04:01:02.141+0000] {logging_mixin.py:190} INFO - [2024-10-22T04:01:02.140+0000] {dagbag.py:588} INFO - Filling up the DagBag from /home/airflow/.local/lib/python3.12/site-packages/airflow/example_dags/example_latest_only_with_trigger.py
[2024-10-22T04:01:02.149+0000] {processor.py:925} INFO - DAG(s) 'latest_only_with_trigger' retrieved from /home/airflow/.local/lib/python3.12/site-packages/airflow/example_dags/example_latest_only_with_trigger.py
[2024-10-22T04:01:02.170+0000] {logging_mixin.py:190} INFO - [2024-10-22T04:01:02.170+0000] {dag.py:3239} INFO - Sync 1 DAGs
[2024-10-22T04:01:02.193+0000] {logging_mixin.py:190} INFO - [2024-10-22T04:01:02.193+0000] {dag.py:4180} INFO - Setting next_dagrun for latest_only_with_trigger to 2024-10-22 00:00:00+00:00, run_after=2024-10-22 04:00:00+00:00
[2024-10-22T04:01:02.209+0000] {processor.py:208} INFO - Processing /home/airflow/.local/lib/python3.12/site-packages/airflow/example_dags/example_latest_only_with_trigger.py took 0.078 seconds
[2024-10-22T04:01:32.830+0000] {processor.py:186} INFO - Started process (PID=60396) to work on /home/airflow/.local/lib/python3.12/site-packages/airflow/example_dags/example_latest_only_with_trigger.py
[2024-10-22T04:01:32.831+0000] {processor.py:914} INFO - Processing file /home/airflow/.local/lib/python3.12/site-packages/airflow/example_dags/example_latest_only_with_trigger.py for tasks to queue
[2024-10-22T04:01:32.833+0000] {logging_mixin.py:190} INFO - [2024-10-22T04:01:32.832+0000] {dagbag.py:588} INFO - Filling up the DagBag from /home/airflow/.local/lib/python3.12/site-packages/airflow/example_dags/example_latest_only_with_trigger.py
[2024-10-22T04:01:32.841+0000] {processor.py:925} INFO - DAG(s) 'latest_only_with_trigger' retrieved from /home/airflow/.local/lib/python3.12/site-packages/airflow/example_dags/example_latest_only_with_trigger.py
[2024-10-22T04:01:32.864+0000] {logging_mixin.py:190} INFO - [2024-10-22T04:01:32.864+0000] {dag.py:3239} INFO - Sync 1 DAGs
[2024-10-22T04:01:32.887+0000] {logging_mixin.py:190} INFO - [2024-10-22T04:01:32.887+0000] {dag.py:4180} INFO - Setting next_dagrun for latest_only_with_trigger to 2024-10-22 00:00:00+00:00, run_after=2024-10-22 04:00:00+00:00
[2024-10-22T04:01:32.904+0000] {processor.py:208} INFO - Processing /home/airflow/.local/lib/python3.12/site-packages/airflow/example_dags/example_latest_only_with_trigger.py took 0.081 seconds
[2024-10-22T04:02:03.706+0000] {processor.py:186} INFO - Started process (PID=60463) to work on /home/airflow/.local/lib/python3.12/site-packages/airflow/example_dags/example_latest_only_with_trigger.py
[2024-10-22T04:02:03.708+0000] {processor.py:914} INFO - Processing file /home/airflow/.local/lib/python3.12/site-packages/airflow/example_dags/example_latest_only_with_trigger.py for tasks to queue
[2024-10-22T04:02:03.709+0000] {logging_mixin.py:190} INFO - [2024-10-22T04:02:03.709+0000] {dagbag.py:588} INFO - Filling up the DagBag from /home/airflow/.local/lib/python3.12/site-packages/airflow/example_dags/example_latest_only_with_trigger.py
[2024-10-22T04:02:03.718+0000] {processor.py:925} INFO - DAG(s) 'latest_only_with_trigger' retrieved from /home/airflow/.local/lib/python3.12/site-packages/airflow/example_dags/example_latest_only_with_trigger.py
[2024-10-22T04:02:03.747+0000] {logging_mixin.py:190} INFO - [2024-10-22T04:02:03.746+0000] {dag.py:3239} INFO - Sync 1 DAGs
[2024-10-22T04:02:03.772+0000] {logging_mixin.py:190} INFO - [2024-10-22T04:02:03.772+0000] {dag.py:4180} INFO - Setting next_dagrun for latest_only_with_trigger to 2024-10-22 00:00:00+00:00, run_after=2024-10-22 04:00:00+00:00
[2024-10-22T04:02:03.793+0000] {processor.py:208} INFO - Processing /home/airflow/.local/lib/python3.12/site-packages/airflow/example_dags/example_latest_only_with_trigger.py took 0.095 seconds
[2024-10-22T04:02:34.346+0000] {processor.py:186} INFO - Started process (PID=60530) to work on /home/airflow/.local/lib/python3.12/site-packages/airflow/example_dags/example_latest_only_with_trigger.py
[2024-10-22T04:02:34.347+0000] {processor.py:914} INFO - Processing file /home/airflow/.local/lib/python3.12/site-packages/airflow/example_dags/example_latest_only_with_trigger.py for tasks to queue
[2024-10-22T04:02:34.348+0000] {logging_mixin.py:190} INFO - [2024-10-22T04:02:34.348+0000] {dagbag.py:588} INFO - Filling up the DagBag from /home/airflow/.local/lib/python3.12/site-packages/airflow/example_dags/example_latest_only_with_trigger.py
[2024-10-22T04:02:34.356+0000] {processor.py:925} INFO - DAG(s) 'latest_only_with_trigger' retrieved from /home/airflow/.local/lib/python3.12/site-packages/airflow/example_dags/example_latest_only_with_trigger.py
[2024-10-22T04:02:34.380+0000] {logging_mixin.py:190} INFO - [2024-10-22T04:02:34.380+0000] {dag.py:3239} INFO - Sync 1 DAGs
[2024-10-22T04:02:34.405+0000] {logging_mixin.py:190} INFO - [2024-10-22T04:02:34.405+0000] {dag.py:4180} INFO - Setting next_dagrun for latest_only_with_trigger to 2024-10-22 00:00:00+00:00, run_after=2024-10-22 04:00:00+00:00
[2024-10-22T04:02:34.423+0000] {processor.py:208} INFO - Processing /home/airflow/.local/lib/python3.12/site-packages/airflow/example_dags/example_latest_only_with_trigger.py took 0.084 seconds
[2024-10-22T04:03:05.237+0000] {processor.py:186} INFO - Started process (PID=60596) to work on /home/airflow/.local/lib/python3.12/site-packages/airflow/example_dags/example_latest_only_with_trigger.py
[2024-10-22T04:03:05.238+0000] {processor.py:914} INFO - Processing file /home/airflow/.local/lib/python3.12/site-packages/airflow/example_dags/example_latest_only_with_trigger.py for tasks to queue
[2024-10-22T04:03:05.239+0000] {logging_mixin.py:190} INFO - [2024-10-22T04:03:05.239+0000] {dagbag.py:588} INFO - Filling up the DagBag from /home/airflow/.local/lib/python3.12/site-packages/airflow/example_dags/example_latest_only_with_trigger.py
[2024-10-22T04:03:05.247+0000] {processor.py:925} INFO - DAG(s) 'latest_only_with_trigger' retrieved from /home/airflow/.local/lib/python3.12/site-packages/airflow/example_dags/example_latest_only_with_trigger.py
[2024-10-22T04:03:05.270+0000] {logging_mixin.py:190} INFO - [2024-10-22T04:03:05.270+0000] {dag.py:3239} INFO - Sync 1 DAGs
[2024-10-22T04:03:05.295+0000] {logging_mixin.py:190} INFO - [2024-10-22T04:03:05.295+0000] {dag.py:4180} INFO - Setting next_dagrun for latest_only_with_trigger to 2024-10-22 00:00:00+00:00, run_after=2024-10-22 04:00:00+00:00
[2024-10-22T04:03:05.313+0000] {processor.py:208} INFO - Processing /home/airflow/.local/lib/python3.12/site-packages/airflow/example_dags/example_latest_only_with_trigger.py took 0.083 seconds
[2024-10-22T04:03:35.456+0000] {processor.py:186} INFO - Started process (PID=60663) to work on /home/airflow/.local/lib/python3.12/site-packages/airflow/example_dags/example_latest_only_with_trigger.py
[2024-10-22T04:03:35.457+0000] {processor.py:914} INFO - Processing file /home/airflow/.local/lib/python3.12/site-packages/airflow/example_dags/example_latest_only_with_trigger.py for tasks to queue
[2024-10-22T04:03:35.458+0000] {logging_mixin.py:190} INFO - [2024-10-22T04:03:35.458+0000] {dagbag.py:588} INFO - Filling up the DagBag from /home/airflow/.local/lib/python3.12/site-packages/airflow/example_dags/example_latest_only_with_trigger.py
[2024-10-22T04:03:35.466+0000] {processor.py:925} INFO - DAG(s) 'latest_only_with_trigger' retrieved from /home/airflow/.local/lib/python3.12/site-packages/airflow/example_dags/example_latest_only_with_trigger.py
[2024-10-22T04:03:35.489+0000] {logging_mixin.py:190} INFO - [2024-10-22T04:03:35.488+0000] {dag.py:3239} INFO - Sync 1 DAGs
[2024-10-22T04:03:35.512+0000] {logging_mixin.py:190} INFO - [2024-10-22T04:03:35.512+0000] {dag.py:4180} INFO - Setting next_dagrun for latest_only_with_trigger to 2024-10-22 00:00:00+00:00, run_after=2024-10-22 04:00:00+00:00
[2024-10-22T04:03:35.530+0000] {processor.py:208} INFO - Processing /home/airflow/.local/lib/python3.12/site-packages/airflow/example_dags/example_latest_only_with_trigger.py took 0.081 seconds
[2024-10-22T04:04:05.735+0000] {processor.py:186} INFO - Started process (PID=60730) to work on /home/airflow/.local/lib/python3.12/site-packages/airflow/example_dags/example_latest_only_with_trigger.py
[2024-10-22T04:04:05.736+0000] {processor.py:914} INFO - Processing file /home/airflow/.local/lib/python3.12/site-packages/airflow/example_dags/example_latest_only_with_trigger.py for tasks to queue
[2024-10-22T04:04:05.738+0000] {logging_mixin.py:190} INFO - [2024-10-22T04:04:05.737+0000] {dagbag.py:588} INFO - Filling up the DagBag from /home/airflow/.local/lib/python3.12/site-packages/airflow/example_dags/example_latest_only_with_trigger.py
[2024-10-22T04:04:05.745+0000] {processor.py:925} INFO - DAG(s) 'latest_only_with_trigger' retrieved from /home/airflow/.local/lib/python3.12/site-packages/airflow/example_dags/example_latest_only_with_trigger.py
[2024-10-22T04:04:05.769+0000] {logging_mixin.py:190} INFO - [2024-10-22T04:04:05.768+0000] {dag.py:3239} INFO - Sync 1 DAGs
[2024-10-22T04:04:05.792+0000] {logging_mixin.py:190} INFO - [2024-10-22T04:04:05.792+0000] {dag.py:4180} INFO - Setting next_dagrun for latest_only_with_trigger to 2024-10-22 00:00:00+00:00, run_after=2024-10-22 04:00:00+00:00
[2024-10-22T04:04:05.809+0000] {processor.py:208} INFO - Processing /home/airflow/.local/lib/python3.12/site-packages/airflow/example_dags/example_latest_only_with_trigger.py took 0.082 seconds
[2024-10-22T04:04:36.479+0000] {processor.py:186} INFO - Started process (PID=60797) to work on /home/airflow/.local/lib/python3.12/site-packages/airflow/example_dags/example_latest_only_with_trigger.py
[2024-10-22T04:04:36.480+0000] {processor.py:914} INFO - Processing file /home/airflow/.local/lib/python3.12/site-packages/airflow/example_dags/example_latest_only_with_trigger.py for tasks to queue
[2024-10-22T04:04:36.481+0000] {logging_mixin.py:190} INFO - [2024-10-22T04:04:36.481+0000] {dagbag.py:588} INFO - Filling up the DagBag from /home/airflow/.local/lib/python3.12/site-packages/airflow/example_dags/example_latest_only_with_trigger.py
[2024-10-22T04:04:36.489+0000] {processor.py:925} INFO - DAG(s) 'latest_only_with_trigger' retrieved from /home/airflow/.local/lib/python3.12/site-packages/airflow/example_dags/example_latest_only_with_trigger.py
[2024-10-22T04:04:36.516+0000] {logging_mixin.py:190} INFO - [2024-10-22T04:04:36.516+0000] {dag.py:3239} INFO - Sync 1 DAGs
[2024-10-22T04:04:36.541+0000] {logging_mixin.py:190} INFO - [2024-10-22T04:04:36.540+0000] {dag.py:4180} INFO - Setting next_dagrun for latest_only_with_trigger to 2024-10-22 00:00:00+00:00, run_after=2024-10-22 04:00:00+00:00
[2024-10-22T04:04:36.559+0000] {processor.py:208} INFO - Processing /home/airflow/.local/lib/python3.12/site-packages/airflow/example_dags/example_latest_only_with_trigger.py took 0.088 seconds
[2024-10-22T04:05:07.320+0000] {processor.py:186} INFO - Started process (PID=60864) to work on /home/airflow/.local/lib/python3.12/site-packages/airflow/example_dags/example_latest_only_with_trigger.py
[2024-10-22T04:05:07.321+0000] {processor.py:914} INFO - Processing file /home/airflow/.local/lib/python3.12/site-packages/airflow/example_dags/example_latest_only_with_trigger.py for tasks to queue
[2024-10-22T04:05:07.323+0000] {logging_mixin.py:190} INFO - [2024-10-22T04:05:07.322+0000] {dagbag.py:588} INFO - Filling up the DagBag from /home/airflow/.local/lib/python3.12/site-packages/airflow/example_dags/example_latest_only_with_trigger.py
[2024-10-22T04:05:07.331+0000] {processor.py:925} INFO - DAG(s) 'latest_only_with_trigger' retrieved from /home/airflow/.local/lib/python3.12/site-packages/airflow/example_dags/example_latest_only_with_trigger.py
[2024-10-22T04:05:07.356+0000] {logging_mixin.py:190} INFO - [2024-10-22T04:05:07.356+0000] {dag.py:3239} INFO - Sync 1 DAGs
[2024-10-22T04:05:07.381+0000] {logging_mixin.py:190} INFO - [2024-10-22T04:05:07.380+0000] {dag.py:4180} INFO - Setting next_dagrun for latest_only_with_trigger to 2024-10-22 00:00:00+00:00, run_after=2024-10-22 04:00:00+00:00
[2024-10-22T04:05:07.399+0000] {processor.py:208} INFO - Processing /home/airflow/.local/lib/python3.12/site-packages/airflow/example_dags/example_latest_only_with_trigger.py took 0.087 seconds
[2024-10-22T04:05:37.875+0000] {processor.py:186} INFO - Started process (PID=60931) to work on /home/airflow/.local/lib/python3.12/site-packages/airflow/example_dags/example_latest_only_with_trigger.py
[2024-10-22T04:05:37.876+0000] {processor.py:914} INFO - Processing file /home/airflow/.local/lib/python3.12/site-packages/airflow/example_dags/example_latest_only_with_trigger.py for tasks to queue
[2024-10-22T04:05:37.877+0000] {logging_mixin.py:190} INFO - [2024-10-22T04:05:37.877+0000] {dagbag.py:588} INFO - Filling up the DagBag from /home/airflow/.local/lib/python3.12/site-packages/airflow/example_dags/example_latest_only_with_trigger.py
[2024-10-22T04:05:37.885+0000] {processor.py:925} INFO - DAG(s) 'latest_only_with_trigger' retrieved from /home/airflow/.local/lib/python3.12/site-packages/airflow/example_dags/example_latest_only_with_trigger.py
[2024-10-22T04:05:37.907+0000] {logging_mixin.py:190} INFO - [2024-10-22T04:05:37.907+0000] {dag.py:3239} INFO - Sync 1 DAGs
[2024-10-22T04:05:37.939+0000] {logging_mixin.py:190} INFO - [2024-10-22T04:05:37.938+0000] {dag.py:4180} INFO - Setting next_dagrun for latest_only_with_trigger to 2024-10-22 00:00:00+00:00, run_after=2024-10-22 04:00:00+00:00
[2024-10-22T04:05:37.960+0000] {processor.py:208} INFO - Processing /home/airflow/.local/lib/python3.12/site-packages/airflow/example_dags/example_latest_only_with_trigger.py took 0.094 seconds
[2024-10-22T04:06:08.145+0000] {processor.py:186} INFO - Started process (PID=60998) to work on /home/airflow/.local/lib/python3.12/site-packages/airflow/example_dags/example_latest_only_with_trigger.py
[2024-10-22T04:06:08.146+0000] {processor.py:914} INFO - Processing file /home/airflow/.local/lib/python3.12/site-packages/airflow/example_dags/example_latest_only_with_trigger.py for tasks to queue
[2024-10-22T04:06:08.147+0000] {logging_mixin.py:190} INFO - [2024-10-22T04:06:08.147+0000] {dagbag.py:588} INFO - Filling up the DagBag from /home/airflow/.local/lib/python3.12/site-packages/airflow/example_dags/example_latest_only_with_trigger.py
[2024-10-22T04:06:08.155+0000] {processor.py:925} INFO - DAG(s) 'latest_only_with_trigger' retrieved from /home/airflow/.local/lib/python3.12/site-packages/airflow/example_dags/example_latest_only_with_trigger.py
[2024-10-22T04:06:08.179+0000] {logging_mixin.py:190} INFO - [2024-10-22T04:06:08.179+0000] {dag.py:3239} INFO - Sync 1 DAGs
[2024-10-22T04:06:08.202+0000] {logging_mixin.py:190} INFO - [2024-10-22T04:06:08.202+0000] {dag.py:4180} INFO - Setting next_dagrun for latest_only_with_trigger to 2024-10-22 00:00:00+00:00, run_after=2024-10-22 04:00:00+00:00
[2024-10-22T04:06:08.221+0000] {processor.py:208} INFO - Processing /home/airflow/.local/lib/python3.12/site-packages/airflow/example_dags/example_latest_only_with_trigger.py took 0.083 seconds
[2024-10-22T04:06:38.655+0000] {processor.py:186} INFO - Started process (PID=61071) to work on /home/airflow/.local/lib/python3.12/site-packages/airflow/example_dags/example_latest_only_with_trigger.py
[2024-10-22T04:06:38.656+0000] {processor.py:914} INFO - Processing file /home/airflow/.local/lib/python3.12/site-packages/airflow/example_dags/example_latest_only_with_trigger.py for tasks to queue
[2024-10-22T04:06:38.657+0000] {logging_mixin.py:190} INFO - [2024-10-22T04:06:38.657+0000] {dagbag.py:588} INFO - Filling up the DagBag from /home/airflow/.local/lib/python3.12/site-packages/airflow/example_dags/example_latest_only_with_trigger.py
[2024-10-22T04:06:38.665+0000] {processor.py:925} INFO - DAG(s) 'latest_only_with_trigger' retrieved from /home/airflow/.local/lib/python3.12/site-packages/airflow/example_dags/example_latest_only_with_trigger.py
[2024-10-22T04:06:38.692+0000] {logging_mixin.py:190} INFO - [2024-10-22T04:06:38.691+0000] {dag.py:3239} INFO - Sync 1 DAGs
[2024-10-22T04:06:38.725+0000] {logging_mixin.py:190} INFO - [2024-10-22T04:06:38.725+0000] {dag.py:4180} INFO - Setting next_dagrun for latest_only_with_trigger to 2024-10-22 00:00:00+00:00, run_after=2024-10-22 04:00:00+00:00
[2024-10-22T04:06:38.747+0000] {processor.py:208} INFO - Processing /home/airflow/.local/lib/python3.12/site-packages/airflow/example_dags/example_latest_only_with_trigger.py took 0.099 seconds
[2024-10-22T04:07:09.116+0000] {processor.py:186} INFO - Started process (PID=61139) to work on /home/airflow/.local/lib/python3.12/site-packages/airflow/example_dags/example_latest_only_with_trigger.py
[2024-10-22T04:07:09.117+0000] {processor.py:914} INFO - Processing file /home/airflow/.local/lib/python3.12/site-packages/airflow/example_dags/example_latest_only_with_trigger.py for tasks to queue
[2024-10-22T04:07:09.119+0000] {logging_mixin.py:190} INFO - [2024-10-22T04:07:09.119+0000] {dagbag.py:588} INFO - Filling up the DagBag from /home/airflow/.local/lib/python3.12/site-packages/airflow/example_dags/example_latest_only_with_trigger.py
[2024-10-22T04:07:09.127+0000] {processor.py:925} INFO - DAG(s) 'latest_only_with_trigger' retrieved from /home/airflow/.local/lib/python3.12/site-packages/airflow/example_dags/example_latest_only_with_trigger.py
[2024-10-22T04:07:09.155+0000] {logging_mixin.py:190} INFO - [2024-10-22T04:07:09.154+0000] {dag.py:3239} INFO - Sync 1 DAGs
[2024-10-22T04:07:09.178+0000] {logging_mixin.py:190} INFO - [2024-10-22T04:07:09.178+0000] {dag.py:4180} INFO - Setting next_dagrun for latest_only_with_trigger to 2024-10-22 00:00:00+00:00, run_after=2024-10-22 04:00:00+00:00
[2024-10-22T04:07:09.201+0000] {processor.py:208} INFO - Processing /home/airflow/.local/lib/python3.12/site-packages/airflow/example_dags/example_latest_only_with_trigger.py took 0.093 seconds
[2024-10-22T04:07:39.375+0000] {processor.py:186} INFO - Started process (PID=61206) to work on /home/airflow/.local/lib/python3.12/site-packages/airflow/example_dags/example_latest_only_with_trigger.py
[2024-10-22T04:07:39.376+0000] {processor.py:914} INFO - Processing file /home/airflow/.local/lib/python3.12/site-packages/airflow/example_dags/example_latest_only_with_trigger.py for tasks to queue
[2024-10-22T04:07:39.377+0000] {logging_mixin.py:190} INFO - [2024-10-22T04:07:39.377+0000] {dagbag.py:588} INFO - Filling up the DagBag from /home/airflow/.local/lib/python3.12/site-packages/airflow/example_dags/example_latest_only_with_trigger.py
[2024-10-22T04:07:39.385+0000] {processor.py:925} INFO - DAG(s) 'latest_only_with_trigger' retrieved from /home/airflow/.local/lib/python3.12/site-packages/airflow/example_dags/example_latest_only_with_trigger.py
[2024-10-22T04:07:39.410+0000] {logging_mixin.py:190} INFO - [2024-10-22T04:07:39.409+0000] {dag.py:3239} INFO - Sync 1 DAGs
[2024-10-22T04:07:39.435+0000] {logging_mixin.py:190} INFO - [2024-10-22T04:07:39.434+0000] {dag.py:4180} INFO - Setting next_dagrun for latest_only_with_trigger to 2024-10-22 00:00:00+00:00, run_after=2024-10-22 04:00:00+00:00
[2024-10-22T04:07:39.452+0000] {processor.py:208} INFO - Processing /home/airflow/.local/lib/python3.12/site-packages/airflow/example_dags/example_latest_only_with_trigger.py took 0.084 seconds
[2024-10-22T04:08:10.302+0000] {processor.py:186} INFO - Started process (PID=61273) to work on /home/airflow/.local/lib/python3.12/site-packages/airflow/example_dags/example_latest_only_with_trigger.py
[2024-10-22T04:08:10.304+0000] {processor.py:914} INFO - Processing file /home/airflow/.local/lib/python3.12/site-packages/airflow/example_dags/example_latest_only_with_trigger.py for tasks to queue
[2024-10-22T04:08:10.305+0000] {logging_mixin.py:190} INFO - [2024-10-22T04:08:10.305+0000] {dagbag.py:588} INFO - Filling up the DagBag from /home/airflow/.local/lib/python3.12/site-packages/airflow/example_dags/example_latest_only_with_trigger.py
[2024-10-22T04:08:10.313+0000] {processor.py:925} INFO - DAG(s) 'latest_only_with_trigger' retrieved from /home/airflow/.local/lib/python3.12/site-packages/airflow/example_dags/example_latest_only_with_trigger.py
[2024-10-22T04:08:10.339+0000] {logging_mixin.py:190} INFO - [2024-10-22T04:08:10.338+0000] {dag.py:3239} INFO - Sync 1 DAGs
[2024-10-22T04:08:10.364+0000] {logging_mixin.py:190} INFO - [2024-10-22T04:08:10.364+0000] {dag.py:4180} INFO - Setting next_dagrun for latest_only_with_trigger to 2024-10-22 00:00:00+00:00, run_after=2024-10-22 04:00:00+00:00
[2024-10-22T04:08:10.383+0000] {processor.py:208} INFO - Processing /home/airflow/.local/lib/python3.12/site-packages/airflow/example_dags/example_latest_only_with_trigger.py took 0.088 seconds
[2024-10-22T04:08:40.915+0000] {processor.py:186} INFO - Started process (PID=61339) to work on /home/airflow/.local/lib/python3.12/site-packages/airflow/example_dags/example_latest_only_with_trigger.py
[2024-10-22T04:08:40.915+0000] {processor.py:914} INFO - Processing file /home/airflow/.local/lib/python3.12/site-packages/airflow/example_dags/example_latest_only_with_trigger.py for tasks to queue
[2024-10-22T04:08:40.917+0000] {logging_mixin.py:190} INFO - [2024-10-22T04:08:40.917+0000] {dagbag.py:588} INFO - Filling up the DagBag from /home/airflow/.local/lib/python3.12/site-packages/airflow/example_dags/example_latest_only_with_trigger.py
[2024-10-22T04:08:40.925+0000] {processor.py:925} INFO - DAG(s) 'latest_only_with_trigger' retrieved from /home/airflow/.local/lib/python3.12/site-packages/airflow/example_dags/example_latest_only_with_trigger.py
[2024-10-22T04:08:40.954+0000] {logging_mixin.py:190} INFO - [2024-10-22T04:08:40.953+0000] {dag.py:3239} INFO - Sync 1 DAGs
[2024-10-22T04:08:40.981+0000] {logging_mixin.py:190} INFO - [2024-10-22T04:08:40.981+0000] {dag.py:4180} INFO - Setting next_dagrun for latest_only_with_trigger to 2024-10-22 00:00:00+00:00, run_after=2024-10-22 04:00:00+00:00
[2024-10-22T04:08:41.004+0000] {processor.py:208} INFO - Processing /home/airflow/.local/lib/python3.12/site-packages/airflow/example_dags/example_latest_only_with_trigger.py took 0.097 seconds
[2024-10-22T04:09:11.334+0000] {processor.py:186} INFO - Started process (PID=61406) to work on /home/airflow/.local/lib/python3.12/site-packages/airflow/example_dags/example_latest_only_with_trigger.py
[2024-10-22T04:09:11.335+0000] {processor.py:914} INFO - Processing file /home/airflow/.local/lib/python3.12/site-packages/airflow/example_dags/example_latest_only_with_trigger.py for tasks to queue
[2024-10-22T04:09:11.337+0000] {logging_mixin.py:190} INFO - [2024-10-22T04:09:11.336+0000] {dagbag.py:588} INFO - Filling up the DagBag from /home/airflow/.local/lib/python3.12/site-packages/airflow/example_dags/example_latest_only_with_trigger.py
[2024-10-22T04:09:11.346+0000] {processor.py:925} INFO - DAG(s) 'latest_only_with_trigger' retrieved from /home/airflow/.local/lib/python3.12/site-packages/airflow/example_dags/example_latest_only_with_trigger.py
[2024-10-22T04:09:11.372+0000] {logging_mixin.py:190} INFO - [2024-10-22T04:09:11.371+0000] {dag.py:3239} INFO - Sync 1 DAGs
[2024-10-22T04:09:11.398+0000] {logging_mixin.py:190} INFO - [2024-10-22T04:09:11.397+0000] {dag.py:4180} INFO - Setting next_dagrun for latest_only_with_trigger to 2024-10-22 00:00:00+00:00, run_after=2024-10-22 04:00:00+00:00
[2024-10-22T04:09:11.417+0000] {processor.py:208} INFO - Processing /home/airflow/.local/lib/python3.12/site-packages/airflow/example_dags/example_latest_only_with_trigger.py took 0.092 seconds
[2024-10-22T04:09:41.525+0000] {processor.py:186} INFO - Started process (PID=61473) to work on /home/airflow/.local/lib/python3.12/site-packages/airflow/example_dags/example_latest_only_with_trigger.py
[2024-10-22T04:09:41.526+0000] {processor.py:914} INFO - Processing file /home/airflow/.local/lib/python3.12/site-packages/airflow/example_dags/example_latest_only_with_trigger.py for tasks to queue
[2024-10-22T04:09:41.528+0000] {logging_mixin.py:190} INFO - [2024-10-22T04:09:41.528+0000] {dagbag.py:588} INFO - Filling up the DagBag from /home/airflow/.local/lib/python3.12/site-packages/airflow/example_dags/example_latest_only_with_trigger.py
[2024-10-22T04:09:41.536+0000] {processor.py:925} INFO - DAG(s) 'latest_only_with_trigger' retrieved from /home/airflow/.local/lib/python3.12/site-packages/airflow/example_dags/example_latest_only_with_trigger.py
[2024-10-22T04:09:41.561+0000] {logging_mixin.py:190} INFO - [2024-10-22T04:09:41.561+0000] {dag.py:3239} INFO - Sync 1 DAGs
[2024-10-22T04:09:41.587+0000] {logging_mixin.py:190} INFO - [2024-10-22T04:09:41.586+0000] {dag.py:4180} INFO - Setting next_dagrun for latest_only_with_trigger to 2024-10-22 00:00:00+00:00, run_after=2024-10-22 04:00:00+00:00
[2024-10-22T04:09:41.605+0000] {processor.py:208} INFO - Processing /home/airflow/.local/lib/python3.12/site-packages/airflow/example_dags/example_latest_only_with_trigger.py took 0.087 seconds
[2024-10-22T04:10:11.955+0000] {processor.py:186} INFO - Started process (PID=61540) to work on /home/airflow/.local/lib/python3.12/site-packages/airflow/example_dags/example_latest_only_with_trigger.py
[2024-10-22T04:10:11.957+0000] {processor.py:914} INFO - Processing file /home/airflow/.local/lib/python3.12/site-packages/airflow/example_dags/example_latest_only_with_trigger.py for tasks to queue
[2024-10-22T04:10:11.958+0000] {logging_mixin.py:190} INFO - [2024-10-22T04:10:11.958+0000] {dagbag.py:588} INFO - Filling up the DagBag from /home/airflow/.local/lib/python3.12/site-packages/airflow/example_dags/example_latest_only_with_trigger.py
[2024-10-22T04:10:11.966+0000] {processor.py:925} INFO - DAG(s) 'latest_only_with_trigger' retrieved from /home/airflow/.local/lib/python3.12/site-packages/airflow/example_dags/example_latest_only_with_trigger.py
[2024-10-22T04:10:11.989+0000] {logging_mixin.py:190} INFO - [2024-10-22T04:10:11.989+0000] {dag.py:3239} INFO - Sync 1 DAGs
[2024-10-22T04:10:12.014+0000] {logging_mixin.py:190} INFO - [2024-10-22T04:10:12.014+0000] {dag.py:4180} INFO - Setting next_dagrun for latest_only_with_trigger to 2024-10-22 00:00:00+00:00, run_after=2024-10-22 04:00:00+00:00
[2024-10-22T04:10:12.031+0000] {processor.py:208} INFO - Processing /home/airflow/.local/lib/python3.12/site-packages/airflow/example_dags/example_latest_only_with_trigger.py took 0.084 seconds
[2024-10-22T04:10:42.136+0000] {processor.py:186} INFO - Started process (PID=61607) to work on /home/airflow/.local/lib/python3.12/site-packages/airflow/example_dags/example_latest_only_with_trigger.py
[2024-10-22T04:10:42.137+0000] {processor.py:914} INFO - Processing file /home/airflow/.local/lib/python3.12/site-packages/airflow/example_dags/example_latest_only_with_trigger.py for tasks to queue
[2024-10-22T04:10:42.138+0000] {logging_mixin.py:190} INFO - [2024-10-22T04:10:42.138+0000] {dagbag.py:588} INFO - Filling up the DagBag from /home/airflow/.local/lib/python3.12/site-packages/airflow/example_dags/example_latest_only_with_trigger.py
[2024-10-22T04:10:42.146+0000] {processor.py:925} INFO - DAG(s) 'latest_only_with_trigger' retrieved from /home/airflow/.local/lib/python3.12/site-packages/airflow/example_dags/example_latest_only_with_trigger.py
[2024-10-22T04:10:42.171+0000] {logging_mixin.py:190} INFO - [2024-10-22T04:10:42.171+0000] {dag.py:3239} INFO - Sync 1 DAGs
[2024-10-22T04:10:42.196+0000] {logging_mixin.py:190} INFO - [2024-10-22T04:10:42.196+0000] {dag.py:4180} INFO - Setting next_dagrun for latest_only_with_trigger to 2024-10-22 00:00:00+00:00, run_after=2024-10-22 04:00:00+00:00
[2024-10-22T04:10:42.213+0000] {processor.py:208} INFO - Processing /home/airflow/.local/lib/python3.12/site-packages/airflow/example_dags/example_latest_only_with_trigger.py took 0.084 seconds
[2024-10-22T04:11:12.433+0000] {processor.py:186} INFO - Started process (PID=61674) to work on /home/airflow/.local/lib/python3.12/site-packages/airflow/example_dags/example_latest_only_with_trigger.py
[2024-10-22T04:11:12.434+0000] {processor.py:914} INFO - Processing file /home/airflow/.local/lib/python3.12/site-packages/airflow/example_dags/example_latest_only_with_trigger.py for tasks to queue
[2024-10-22T04:11:12.435+0000] {logging_mixin.py:190} INFO - [2024-10-22T04:11:12.435+0000] {dagbag.py:588} INFO - Filling up the DagBag from /home/airflow/.local/lib/python3.12/site-packages/airflow/example_dags/example_latest_only_with_trigger.py
[2024-10-22T04:11:12.443+0000] {processor.py:925} INFO - DAG(s) 'latest_only_with_trigger' retrieved from /home/airflow/.local/lib/python3.12/site-packages/airflow/example_dags/example_latest_only_with_trigger.py
[2024-10-22T04:11:12.473+0000] {logging_mixin.py:190} INFO - [2024-10-22T04:11:12.473+0000] {dag.py:3239} INFO - Sync 1 DAGs
[2024-10-22T04:11:12.497+0000] {logging_mixin.py:190} INFO - [2024-10-22T04:11:12.497+0000] {dag.py:4180} INFO - Setting next_dagrun for latest_only_with_trigger to 2024-10-22 00:00:00+00:00, run_after=2024-10-22 04:00:00+00:00
[2024-10-22T04:11:12.515+0000] {processor.py:208} INFO - Processing /home/airflow/.local/lib/python3.12/site-packages/airflow/example_dags/example_latest_only_with_trigger.py took 0.090 seconds
[2024-10-22T04:11:42.763+0000] {processor.py:186} INFO - Started process (PID=61741) to work on /home/airflow/.local/lib/python3.12/site-packages/airflow/example_dags/example_latest_only_with_trigger.py
[2024-10-22T04:11:42.765+0000] {processor.py:914} INFO - Processing file /home/airflow/.local/lib/python3.12/site-packages/airflow/example_dags/example_latest_only_with_trigger.py for tasks to queue
[2024-10-22T04:11:42.766+0000] {logging_mixin.py:190} INFO - [2024-10-22T04:11:42.766+0000] {dagbag.py:588} INFO - Filling up the DagBag from /home/airflow/.local/lib/python3.12/site-packages/airflow/example_dags/example_latest_only_with_trigger.py
[2024-10-22T04:11:42.775+0000] {processor.py:925} INFO - DAG(s) 'latest_only_with_trigger' retrieved from /home/airflow/.local/lib/python3.12/site-packages/airflow/example_dags/example_latest_only_with_trigger.py
[2024-10-22T04:11:42.798+0000] {logging_mixin.py:190} INFO - [2024-10-22T04:11:42.797+0000] {dag.py:3239} INFO - Sync 1 DAGs
[2024-10-22T04:11:42.823+0000] {logging_mixin.py:190} INFO - [2024-10-22T04:11:42.823+0000] {dag.py:4180} INFO - Setting next_dagrun for latest_only_with_trigger to 2024-10-22 00:00:00+00:00, run_after=2024-10-22 04:00:00+00:00
[2024-10-22T04:11:42.844+0000] {processor.py:208} INFO - Processing /home/airflow/.local/lib/python3.12/site-packages/airflow/example_dags/example_latest_only_with_trigger.py took 0.088 seconds
[2024-10-22T04:12:13.041+0000] {processor.py:186} INFO - Started process (PID=61808) to work on /home/airflow/.local/lib/python3.12/site-packages/airflow/example_dags/example_latest_only_with_trigger.py
[2024-10-22T04:12:13.042+0000] {processor.py:914} INFO - Processing file /home/airflow/.local/lib/python3.12/site-packages/airflow/example_dags/example_latest_only_with_trigger.py for tasks to queue
[2024-10-22T04:12:13.043+0000] {logging_mixin.py:190} INFO - [2024-10-22T04:12:13.043+0000] {dagbag.py:588} INFO - Filling up the DagBag from /home/airflow/.local/lib/python3.12/site-packages/airflow/example_dags/example_latest_only_with_trigger.py
[2024-10-22T04:12:13.051+0000] {processor.py:925} INFO - DAG(s) 'latest_only_with_trigger' retrieved from /home/airflow/.local/lib/python3.12/site-packages/airflow/example_dags/example_latest_only_with_trigger.py
[2024-10-22T04:12:13.075+0000] {logging_mixin.py:190} INFO - [2024-10-22T04:12:13.075+0000] {dag.py:3239} INFO - Sync 1 DAGs
[2024-10-22T04:12:13.101+0000] {logging_mixin.py:190} INFO - [2024-10-22T04:12:13.101+0000] {dag.py:4180} INFO - Setting next_dagrun for latest_only_with_trigger to 2024-10-22 00:00:00+00:00, run_after=2024-10-22 04:00:00+00:00
[2024-10-22T04:12:13.119+0000] {processor.py:208} INFO - Processing /home/airflow/.local/lib/python3.12/site-packages/airflow/example_dags/example_latest_only_with_trigger.py took 0.085 seconds
[2024-10-22T04:12:43.288+0000] {processor.py:186} INFO - Started process (PID=61875) to work on /home/airflow/.local/lib/python3.12/site-packages/airflow/example_dags/example_latest_only_with_trigger.py
[2024-10-22T04:12:43.289+0000] {processor.py:914} INFO - Processing file /home/airflow/.local/lib/python3.12/site-packages/airflow/example_dags/example_latest_only_with_trigger.py for tasks to queue
[2024-10-22T04:12:43.290+0000] {logging_mixin.py:190} INFO - [2024-10-22T04:12:43.290+0000] {dagbag.py:588} INFO - Filling up the DagBag from /home/airflow/.local/lib/python3.12/site-packages/airflow/example_dags/example_latest_only_with_trigger.py
[2024-10-22T04:12:43.299+0000] {processor.py:925} INFO - DAG(s) 'latest_only_with_trigger' retrieved from /home/airflow/.local/lib/python3.12/site-packages/airflow/example_dags/example_latest_only_with_trigger.py
[2024-10-22T04:12:43.323+0000] {logging_mixin.py:190} INFO - [2024-10-22T04:12:43.322+0000] {dag.py:3239} INFO - Sync 1 DAGs
[2024-10-22T04:12:43.349+0000] {logging_mixin.py:190} INFO - [2024-10-22T04:12:43.349+0000] {dag.py:4180} INFO - Setting next_dagrun for latest_only_with_trigger to 2024-10-22 00:00:00+00:00, run_after=2024-10-22 04:00:00+00:00
[2024-10-22T04:12:43.366+0000] {processor.py:208} INFO - Processing /home/airflow/.local/lib/python3.12/site-packages/airflow/example_dags/example_latest_only_with_trigger.py took 0.086 seconds
[2024-10-22T04:13:13.714+0000] {processor.py:186} INFO - Started process (PID=61941) to work on /home/airflow/.local/lib/python3.12/site-packages/airflow/example_dags/example_latest_only_with_trigger.py
[2024-10-22T04:13:13.715+0000] {processor.py:914} INFO - Processing file /home/airflow/.local/lib/python3.12/site-packages/airflow/example_dags/example_latest_only_with_trigger.py for tasks to queue
[2024-10-22T04:13:13.716+0000] {logging_mixin.py:190} INFO - [2024-10-22T04:13:13.716+0000] {dagbag.py:588} INFO - Filling up the DagBag from /home/airflow/.local/lib/python3.12/site-packages/airflow/example_dags/example_latest_only_with_trigger.py
[2024-10-22T04:13:13.724+0000] {processor.py:925} INFO - DAG(s) 'latest_only_with_trigger' retrieved from /home/airflow/.local/lib/python3.12/site-packages/airflow/example_dags/example_latest_only_with_trigger.py
[2024-10-22T04:13:13.747+0000] {logging_mixin.py:190} INFO - [2024-10-22T04:13:13.746+0000] {dag.py:3239} INFO - Sync 1 DAGs
[2024-10-22T04:13:13.771+0000] {logging_mixin.py:190} INFO - [2024-10-22T04:13:13.771+0000] {dag.py:4180} INFO - Setting next_dagrun for latest_only_with_trigger to 2024-10-22 00:00:00+00:00, run_after=2024-10-22 04:00:00+00:00
[2024-10-22T04:13:13.788+0000] {processor.py:208} INFO - Processing /home/airflow/.local/lib/python3.12/site-packages/airflow/example_dags/example_latest_only_with_trigger.py took 0.081 seconds
[2024-10-22T04:13:44.185+0000] {processor.py:186} INFO - Started process (PID=62008) to work on /home/airflow/.local/lib/python3.12/site-packages/airflow/example_dags/example_latest_only_with_trigger.py
[2024-10-22T04:13:44.186+0000] {processor.py:914} INFO - Processing file /home/airflow/.local/lib/python3.12/site-packages/airflow/example_dags/example_latest_only_with_trigger.py for tasks to queue
[2024-10-22T04:13:44.188+0000] {logging_mixin.py:190} INFO - [2024-10-22T04:13:44.187+0000] {dagbag.py:588} INFO - Filling up the DagBag from /home/airflow/.local/lib/python3.12/site-packages/airflow/example_dags/example_latest_only_with_trigger.py
[2024-10-22T04:13:44.196+0000] {processor.py:925} INFO - DAG(s) 'latest_only_with_trigger' retrieved from /home/airflow/.local/lib/python3.12/site-packages/airflow/example_dags/example_latest_only_with_trigger.py
[2024-10-22T04:13:44.219+0000] {logging_mixin.py:190} INFO - [2024-10-22T04:13:44.218+0000] {dag.py:3239} INFO - Sync 1 DAGs
[2024-10-22T04:13:44.243+0000] {logging_mixin.py:190} INFO - [2024-10-22T04:13:44.243+0000] {dag.py:4180} INFO - Setting next_dagrun for latest_only_with_trigger to 2024-10-22 00:00:00+00:00, run_after=2024-10-22 04:00:00+00:00
[2024-10-22T04:13:44.260+0000] {processor.py:208} INFO - Processing /home/airflow/.local/lib/python3.12/site-packages/airflow/example_dags/example_latest_only_with_trigger.py took 0.082 seconds
[2024-10-22T04:14:14.658+0000] {processor.py:186} INFO - Started process (PID=62075) to work on /home/airflow/.local/lib/python3.12/site-packages/airflow/example_dags/example_latest_only_with_trigger.py
[2024-10-22T04:14:14.659+0000] {processor.py:914} INFO - Processing file /home/airflow/.local/lib/python3.12/site-packages/airflow/example_dags/example_latest_only_with_trigger.py for tasks to queue
[2024-10-22T04:14:14.661+0000] {logging_mixin.py:190} INFO - [2024-10-22T04:14:14.660+0000] {dagbag.py:588} INFO - Filling up the DagBag from /home/airflow/.local/lib/python3.12/site-packages/airflow/example_dags/example_latest_only_with_trigger.py
[2024-10-22T04:14:14.669+0000] {processor.py:925} INFO - DAG(s) 'latest_only_with_trigger' retrieved from /home/airflow/.local/lib/python3.12/site-packages/airflow/example_dags/example_latest_only_with_trigger.py
[2024-10-22T04:14:14.695+0000] {logging_mixin.py:190} INFO - [2024-10-22T04:14:14.695+0000] {dag.py:3239} INFO - Sync 1 DAGs
[2024-10-22T04:14:14.722+0000] {logging_mixin.py:190} INFO - [2024-10-22T04:14:14.722+0000] {dag.py:4180} INFO - Setting next_dagrun for latest_only_with_trigger to 2024-10-22 00:00:00+00:00, run_after=2024-10-22 04:00:00+00:00
[2024-10-22T04:14:14.742+0000] {processor.py:208} INFO - Processing /home/airflow/.local/lib/python3.12/site-packages/airflow/example_dags/example_latest_only_with_trigger.py took 0.093 seconds
