[2024-10-22T03:19:16.359+0000] {processor.py:186} INFO - Started process (PID=54856) to work on /home/airflow/.local/lib/python3.12/site-packages/airflow/example_dags/example_dataset_alias.py
[2024-10-22T03:19:16.360+0000] {processor.py:914} INFO - Processing file /home/airflow/.local/lib/python3.12/site-packages/airflow/example_dags/example_dataset_alias.py for tasks to queue
[2024-10-22T03:19:16.361+0000] {logging_mixin.py:190} INFO - [2024-10-22T03:19:16.361+0000] {dagbag.py:588} INFO - Filling up the DagBag from /home/airflow/.local/lib/python3.12/site-packages/airflow/example_dags/example_dataset_alias.py
[2024-10-22T03:19:16.554+0000] {processor.py:925} INFO - DAG(s) 'dataset_s3_bucket_consumer', 'dataset_alias_example_alias_producer', 'dataset_alias_example_alias_consumer', 'dataset_s3_bucket_producer' retrieved from /home/airflow/.local/lib/python3.12/site-packages/airflow/example_dags/example_dataset_alias.py
[2024-10-22T03:19:16.579+0000] {logging_mixin.py:190} INFO - [2024-10-22T03:19:16.579+0000] {dag.py:3239} INFO - Sync 4 DAGs
[2024-10-22T03:19:16.604+0000] {logging_mixin.py:190} INFO - [2024-10-22T03:19:16.604+0000] {dag.py:4180} INFO - Setting next_dagrun for dataset_alias_example_alias_consumer to None, run_after=None
[2024-10-22T03:19:16.607+0000] {logging_mixin.py:190} INFO - [2024-10-22T03:19:16.607+0000] {dag.py:4180} INFO - Setting next_dagrun for dataset_alias_example_alias_producer to None, run_after=None
[2024-10-22T03:19:16.608+0000] {logging_mixin.py:190} INFO - [2024-10-22T03:19:16.608+0000] {dag.py:4180} INFO - Setting next_dagrun for dataset_s3_bucket_consumer to None, run_after=None
[2024-10-22T03:19:16.610+0000] {logging_mixin.py:190} INFO - [2024-10-22T03:19:16.609+0000] {dag.py:4180} INFO - Setting next_dagrun for dataset_s3_bucket_producer to None, run_after=None
[2024-10-22T03:19:16.632+0000] {processor.py:208} INFO - Processing /home/airflow/.local/lib/python3.12/site-packages/airflow/example_dags/example_dataset_alias.py took 0.280 seconds
[2024-10-22T03:19:46.676+0000] {processor.py:186} INFO - Started process (PID=54924) to work on /home/airflow/.local/lib/python3.12/site-packages/airflow/example_dags/example_dataset_alias.py
[2024-10-22T03:19:46.677+0000] {processor.py:914} INFO - Processing file /home/airflow/.local/lib/python3.12/site-packages/airflow/example_dags/example_dataset_alias.py for tasks to queue
[2024-10-22T03:19:46.678+0000] {logging_mixin.py:190} INFO - [2024-10-22T03:19:46.678+0000] {dagbag.py:588} INFO - Filling up the DagBag from /home/airflow/.local/lib/python3.12/site-packages/airflow/example_dags/example_dataset_alias.py
[2024-10-22T03:19:46.871+0000] {processor.py:925} INFO - DAG(s) 'dataset_alias_example_alias_consumer', 'dataset_s3_bucket_producer', 'dataset_s3_bucket_consumer', 'dataset_alias_example_alias_producer' retrieved from /home/airflow/.local/lib/python3.12/site-packages/airflow/example_dags/example_dataset_alias.py
[2024-10-22T03:19:46.896+0000] {logging_mixin.py:190} INFO - [2024-10-22T03:19:46.895+0000] {dag.py:3239} INFO - Sync 4 DAGs
[2024-10-22T03:19:46.923+0000] {logging_mixin.py:190} INFO - [2024-10-22T03:19:46.923+0000] {dag.py:4180} INFO - Setting next_dagrun for dataset_alias_example_alias_consumer to None, run_after=None
[2024-10-22T03:19:46.926+0000] {logging_mixin.py:190} INFO - [2024-10-22T03:19:46.926+0000] {dag.py:4180} INFO - Setting next_dagrun for dataset_alias_example_alias_producer to None, run_after=None
[2024-10-22T03:19:46.927+0000] {logging_mixin.py:190} INFO - [2024-10-22T03:19:46.927+0000] {dag.py:4180} INFO - Setting next_dagrun for dataset_s3_bucket_consumer to None, run_after=None
[2024-10-22T03:19:46.928+0000] {logging_mixin.py:190} INFO - [2024-10-22T03:19:46.928+0000] {dag.py:4180} INFO - Setting next_dagrun for dataset_s3_bucket_producer to None, run_after=None
[2024-10-22T03:19:46.952+0000] {processor.py:208} INFO - Processing /home/airflow/.local/lib/python3.12/site-packages/airflow/example_dags/example_dataset_alias.py took 0.284 seconds
[2024-10-22T03:20:17.001+0000] {processor.py:186} INFO - Started process (PID=54993) to work on /home/airflow/.local/lib/python3.12/site-packages/airflow/example_dags/example_dataset_alias.py
[2024-10-22T03:20:17.003+0000] {processor.py:914} INFO - Processing file /home/airflow/.local/lib/python3.12/site-packages/airflow/example_dags/example_dataset_alias.py for tasks to queue
[2024-10-22T03:20:17.004+0000] {logging_mixin.py:190} INFO - [2024-10-22T03:20:17.004+0000] {dagbag.py:588} INFO - Filling up the DagBag from /home/airflow/.local/lib/python3.12/site-packages/airflow/example_dags/example_dataset_alias.py
[2024-10-22T03:20:17.189+0000] {processor.py:925} INFO - DAG(s) 'dataset_alias_example_alias_consumer', 'dataset_alias_example_alias_producer', 'dataset_s3_bucket_consumer', 'dataset_s3_bucket_producer' retrieved from /home/airflow/.local/lib/python3.12/site-packages/airflow/example_dags/example_dataset_alias.py
[2024-10-22T03:20:17.213+0000] {logging_mixin.py:190} INFO - [2024-10-22T03:20:17.213+0000] {dag.py:3239} INFO - Sync 4 DAGs
[2024-10-22T03:20:17.238+0000] {logging_mixin.py:190} INFO - [2024-10-22T03:20:17.238+0000] {dag.py:4180} INFO - Setting next_dagrun for dataset_alias_example_alias_consumer to None, run_after=None
[2024-10-22T03:20:17.241+0000] {logging_mixin.py:190} INFO - [2024-10-22T03:20:17.241+0000] {dag.py:4180} INFO - Setting next_dagrun for dataset_alias_example_alias_producer to None, run_after=None
[2024-10-22T03:20:17.242+0000] {logging_mixin.py:190} INFO - [2024-10-22T03:20:17.242+0000] {dag.py:4180} INFO - Setting next_dagrun for dataset_s3_bucket_consumer to None, run_after=None
[2024-10-22T03:20:17.243+0000] {logging_mixin.py:190} INFO - [2024-10-22T03:20:17.243+0000] {dag.py:4180} INFO - Setting next_dagrun for dataset_s3_bucket_producer to None, run_after=None
[2024-10-22T03:20:17.266+0000] {processor.py:208} INFO - Processing /home/airflow/.local/lib/python3.12/site-packages/airflow/example_dags/example_dataset_alias.py took 0.272 seconds
[2024-10-22T03:20:47.405+0000] {processor.py:186} INFO - Started process (PID=55058) to work on /home/airflow/.local/lib/python3.12/site-packages/airflow/example_dags/example_dataset_alias.py
[2024-10-22T03:20:47.407+0000] {processor.py:914} INFO - Processing file /home/airflow/.local/lib/python3.12/site-packages/airflow/example_dags/example_dataset_alias.py for tasks to queue
[2024-10-22T03:20:47.408+0000] {logging_mixin.py:190} INFO - [2024-10-22T03:20:47.408+0000] {dagbag.py:588} INFO - Filling up the DagBag from /home/airflow/.local/lib/python3.12/site-packages/airflow/example_dags/example_dataset_alias.py
[2024-10-22T03:20:47.597+0000] {processor.py:925} INFO - DAG(s) 'dataset_s3_bucket_producer', 'dataset_alias_example_alias_consumer', 'dataset_alias_example_alias_producer', 'dataset_s3_bucket_consumer' retrieved from /home/airflow/.local/lib/python3.12/site-packages/airflow/example_dags/example_dataset_alias.py
[2024-10-22T03:20:47.623+0000] {logging_mixin.py:190} INFO - [2024-10-22T03:20:47.623+0000] {dag.py:3239} INFO - Sync 4 DAGs
[2024-10-22T03:20:47.647+0000] {logging_mixin.py:190} INFO - [2024-10-22T03:20:47.647+0000] {dag.py:4180} INFO - Setting next_dagrun for dataset_alias_example_alias_consumer to None, run_after=None
[2024-10-22T03:20:47.650+0000] {logging_mixin.py:190} INFO - [2024-10-22T03:20:47.650+0000] {dag.py:4180} INFO - Setting next_dagrun for dataset_alias_example_alias_producer to None, run_after=None
[2024-10-22T03:20:47.651+0000] {logging_mixin.py:190} INFO - [2024-10-22T03:20:47.651+0000] {dag.py:4180} INFO - Setting next_dagrun for dataset_s3_bucket_consumer to None, run_after=None
[2024-10-22T03:20:47.654+0000] {logging_mixin.py:190} INFO - [2024-10-22T03:20:47.653+0000] {dag.py:4180} INFO - Setting next_dagrun for dataset_s3_bucket_producer to None, run_after=None
[2024-10-22T03:20:47.676+0000] {processor.py:208} INFO - Processing /home/airflow/.local/lib/python3.12/site-packages/airflow/example_dags/example_dataset_alias.py took 0.278 seconds
[2024-10-22T03:21:18.033+0000] {processor.py:186} INFO - Started process (PID=55124) to work on /home/airflow/.local/lib/python3.12/site-packages/airflow/example_dags/example_dataset_alias.py
[2024-10-22T03:21:18.034+0000] {processor.py:914} INFO - Processing file /home/airflow/.local/lib/python3.12/site-packages/airflow/example_dags/example_dataset_alias.py for tasks to queue
[2024-10-22T03:21:18.036+0000] {logging_mixin.py:190} INFO - [2024-10-22T03:21:18.036+0000] {dagbag.py:588} INFO - Filling up the DagBag from /home/airflow/.local/lib/python3.12/site-packages/airflow/example_dags/example_dataset_alias.py
[2024-10-22T03:21:18.235+0000] {processor.py:925} INFO - DAG(s) 'dataset_alias_example_alias_consumer', 'dataset_s3_bucket_consumer', 'dataset_alias_example_alias_producer', 'dataset_s3_bucket_producer' retrieved from /home/airflow/.local/lib/python3.12/site-packages/airflow/example_dags/example_dataset_alias.py
[2024-10-22T03:21:18.260+0000] {logging_mixin.py:190} INFO - [2024-10-22T03:21:18.259+0000] {dag.py:3239} INFO - Sync 4 DAGs
[2024-10-22T03:21:18.285+0000] {logging_mixin.py:190} INFO - [2024-10-22T03:21:18.285+0000] {dag.py:4180} INFO - Setting next_dagrun for dataset_alias_example_alias_consumer to None, run_after=None
[2024-10-22T03:21:18.289+0000] {logging_mixin.py:190} INFO - [2024-10-22T03:21:18.289+0000] {dag.py:4180} INFO - Setting next_dagrun for dataset_alias_example_alias_producer to None, run_after=None
[2024-10-22T03:21:18.290+0000] {logging_mixin.py:190} INFO - [2024-10-22T03:21:18.290+0000] {dag.py:4180} INFO - Setting next_dagrun for dataset_s3_bucket_consumer to None, run_after=None
[2024-10-22T03:21:18.291+0000] {logging_mixin.py:190} INFO - [2024-10-22T03:21:18.291+0000] {dag.py:4180} INFO - Setting next_dagrun for dataset_s3_bucket_producer to None, run_after=None
[2024-10-22T03:21:18.321+0000] {processor.py:208} INFO - Processing /home/airflow/.local/lib/python3.12/site-packages/airflow/example_dags/example_dataset_alias.py took 0.295 seconds
[2024-10-22T03:21:48.520+0000] {processor.py:186} INFO - Started process (PID=55192) to work on /home/airflow/.local/lib/python3.12/site-packages/airflow/example_dags/example_dataset_alias.py
[2024-10-22T03:21:48.521+0000] {processor.py:914} INFO - Processing file /home/airflow/.local/lib/python3.12/site-packages/airflow/example_dags/example_dataset_alias.py for tasks to queue
[2024-10-22T03:21:48.523+0000] {logging_mixin.py:190} INFO - [2024-10-22T03:21:48.522+0000] {dagbag.py:588} INFO - Filling up the DagBag from /home/airflow/.local/lib/python3.12/site-packages/airflow/example_dags/example_dataset_alias.py
[2024-10-22T03:21:48.711+0000] {processor.py:925} INFO - DAG(s) 'dataset_alias_example_alias_consumer', 'dataset_s3_bucket_consumer', 'dataset_alias_example_alias_producer', 'dataset_s3_bucket_producer' retrieved from /home/airflow/.local/lib/python3.12/site-packages/airflow/example_dags/example_dataset_alias.py
[2024-10-22T03:21:48.742+0000] {logging_mixin.py:190} INFO - [2024-10-22T03:21:48.742+0000] {dag.py:3239} INFO - Sync 4 DAGs
[2024-10-22T03:21:48.766+0000] {logging_mixin.py:190} INFO - [2024-10-22T03:21:48.766+0000] {dag.py:4180} INFO - Setting next_dagrun for dataset_alias_example_alias_consumer to None, run_after=None
[2024-10-22T03:21:48.769+0000] {logging_mixin.py:190} INFO - [2024-10-22T03:21:48.769+0000] {dag.py:4180} INFO - Setting next_dagrun for dataset_alias_example_alias_producer to None, run_after=None
[2024-10-22T03:21:48.771+0000] {logging_mixin.py:190} INFO - [2024-10-22T03:21:48.771+0000] {dag.py:4180} INFO - Setting next_dagrun for dataset_s3_bucket_consumer to None, run_after=None
[2024-10-22T03:21:48.772+0000] {logging_mixin.py:190} INFO - [2024-10-22T03:21:48.772+0000] {dag.py:4180} INFO - Setting next_dagrun for dataset_s3_bucket_producer to None, run_after=None
[2024-10-22T03:21:48.794+0000] {processor.py:208} INFO - Processing /home/airflow/.local/lib/python3.12/site-packages/airflow/example_dags/example_dataset_alias.py took 0.282 seconds
[2024-10-22T03:22:18.862+0000] {processor.py:186} INFO - Started process (PID=55260) to work on /home/airflow/.local/lib/python3.12/site-packages/airflow/example_dags/example_dataset_alias.py
[2024-10-22T03:22:18.863+0000] {processor.py:914} INFO - Processing file /home/airflow/.local/lib/python3.12/site-packages/airflow/example_dags/example_dataset_alias.py for tasks to queue
[2024-10-22T03:22:18.864+0000] {logging_mixin.py:190} INFO - [2024-10-22T03:22:18.864+0000] {dagbag.py:588} INFO - Filling up the DagBag from /home/airflow/.local/lib/python3.12/site-packages/airflow/example_dags/example_dataset_alias.py
[2024-10-22T03:22:19.053+0000] {processor.py:925} INFO - DAG(s) 'dataset_alias_example_alias_consumer', 'dataset_alias_example_alias_producer', 'dataset_s3_bucket_consumer', 'dataset_s3_bucket_producer' retrieved from /home/airflow/.local/lib/python3.12/site-packages/airflow/example_dags/example_dataset_alias.py
[2024-10-22T03:22:19.077+0000] {logging_mixin.py:190} INFO - [2024-10-22T03:22:19.077+0000] {dag.py:3239} INFO - Sync 4 DAGs
[2024-10-22T03:22:19.104+0000] {logging_mixin.py:190} INFO - [2024-10-22T03:22:19.104+0000] {dag.py:4180} INFO - Setting next_dagrun for dataset_alias_example_alias_consumer to None, run_after=None
[2024-10-22T03:22:19.107+0000] {logging_mixin.py:190} INFO - [2024-10-22T03:22:19.107+0000] {dag.py:4180} INFO - Setting next_dagrun for dataset_alias_example_alias_producer to None, run_after=None
[2024-10-22T03:22:19.109+0000] {logging_mixin.py:190} INFO - [2024-10-22T03:22:19.108+0000] {dag.py:4180} INFO - Setting next_dagrun for dataset_s3_bucket_consumer to None, run_after=None
[2024-10-22T03:22:19.110+0000] {logging_mixin.py:190} INFO - [2024-10-22T03:22:19.110+0000] {dag.py:4180} INFO - Setting next_dagrun for dataset_s3_bucket_producer to None, run_after=None
[2024-10-22T03:22:19.132+0000] {processor.py:208} INFO - Processing /home/airflow/.local/lib/python3.12/site-packages/airflow/example_dags/example_dataset_alias.py took 0.278 seconds
[2024-10-22T03:22:49.451+0000] {processor.py:186} INFO - Started process (PID=55324) to work on /home/airflow/.local/lib/python3.12/site-packages/airflow/example_dags/example_dataset_alias.py
[2024-10-22T03:22:49.452+0000] {processor.py:914} INFO - Processing file /home/airflow/.local/lib/python3.12/site-packages/airflow/example_dags/example_dataset_alias.py for tasks to queue
[2024-10-22T03:22:49.454+0000] {logging_mixin.py:190} INFO - [2024-10-22T03:22:49.453+0000] {dagbag.py:588} INFO - Filling up the DagBag from /home/airflow/.local/lib/python3.12/site-packages/airflow/example_dags/example_dataset_alias.py
[2024-10-22T03:22:49.645+0000] {processor.py:925} INFO - DAG(s) 'dataset_alias_example_alias_consumer', 'dataset_s3_bucket_consumer', 'dataset_alias_example_alias_producer', 'dataset_s3_bucket_producer' retrieved from /home/airflow/.local/lib/python3.12/site-packages/airflow/example_dags/example_dataset_alias.py
[2024-10-22T03:22:49.670+0000] {logging_mixin.py:190} INFO - [2024-10-22T03:22:49.669+0000] {dag.py:3239} INFO - Sync 4 DAGs
[2024-10-22T03:22:49.694+0000] {logging_mixin.py:190} INFO - [2024-10-22T03:22:49.694+0000] {dag.py:4180} INFO - Setting next_dagrun for dataset_alias_example_alias_consumer to None, run_after=None
[2024-10-22T03:22:49.697+0000] {logging_mixin.py:190} INFO - [2024-10-22T03:22:49.697+0000] {dag.py:4180} INFO - Setting next_dagrun for dataset_alias_example_alias_producer to None, run_after=None
[2024-10-22T03:22:49.698+0000] {logging_mixin.py:190} INFO - [2024-10-22T03:22:49.698+0000] {dag.py:4180} INFO - Setting next_dagrun for dataset_s3_bucket_consumer to None, run_after=None
[2024-10-22T03:22:49.700+0000] {logging_mixin.py:190} INFO - [2024-10-22T03:22:49.699+0000] {dag.py:4180} INFO - Setting next_dagrun for dataset_s3_bucket_producer to None, run_after=None
[2024-10-22T03:22:49.725+0000] {processor.py:208} INFO - Processing /home/airflow/.local/lib/python3.12/site-packages/airflow/example_dags/example_dataset_alias.py took 0.281 seconds
[2024-10-22T03:23:20.653+0000] {processor.py:186} INFO - Started process (PID=55391) to work on /home/airflow/.local/lib/python3.12/site-packages/airflow/example_dags/example_dataset_alias.py
[2024-10-22T03:23:20.654+0000] {processor.py:914} INFO - Processing file /home/airflow/.local/lib/python3.12/site-packages/airflow/example_dags/example_dataset_alias.py for tasks to queue
[2024-10-22T03:23:20.656+0000] {logging_mixin.py:190} INFO - [2024-10-22T03:23:20.655+0000] {dagbag.py:588} INFO - Filling up the DagBag from /home/airflow/.local/lib/python3.12/site-packages/airflow/example_dags/example_dataset_alias.py
[2024-10-22T03:23:20.862+0000] {processor.py:925} INFO - DAG(s) 'dataset_s3_bucket_producer', 'dataset_alias_example_alias_consumer', 'dataset_alias_example_alias_producer', 'dataset_s3_bucket_consumer' retrieved from /home/airflow/.local/lib/python3.12/site-packages/airflow/example_dags/example_dataset_alias.py
[2024-10-22T03:23:20.890+0000] {logging_mixin.py:190} INFO - [2024-10-22T03:23:20.890+0000] {dag.py:3239} INFO - Sync 4 DAGs
[2024-10-22T03:23:20.915+0000] {logging_mixin.py:190} INFO - [2024-10-22T03:23:20.915+0000] {dag.py:4180} INFO - Setting next_dagrun for dataset_alias_example_alias_consumer to None, run_after=None
[2024-10-22T03:23:20.919+0000] {logging_mixin.py:190} INFO - [2024-10-22T03:23:20.919+0000] {dag.py:4180} INFO - Setting next_dagrun for dataset_alias_example_alias_producer to None, run_after=None
[2024-10-22T03:23:20.921+0000] {logging_mixin.py:190} INFO - [2024-10-22T03:23:20.921+0000] {dag.py:4180} INFO - Setting next_dagrun for dataset_s3_bucket_consumer to None, run_after=None
[2024-10-22T03:23:20.922+0000] {logging_mixin.py:190} INFO - [2024-10-22T03:23:20.922+0000] {dag.py:4180} INFO - Setting next_dagrun for dataset_s3_bucket_producer to None, run_after=None
[2024-10-22T03:23:20.949+0000] {processor.py:208} INFO - Processing /home/airflow/.local/lib/python3.12/site-packages/airflow/example_dags/example_dataset_alias.py took 0.303 seconds
[2024-10-22T03:23:51.687+0000] {processor.py:186} INFO - Started process (PID=55458) to work on /home/airflow/.local/lib/python3.12/site-packages/airflow/example_dags/example_dataset_alias.py
[2024-10-22T03:23:51.688+0000] {processor.py:914} INFO - Processing file /home/airflow/.local/lib/python3.12/site-packages/airflow/example_dags/example_dataset_alias.py for tasks to queue
[2024-10-22T03:23:51.689+0000] {logging_mixin.py:190} INFO - [2024-10-22T03:23:51.689+0000] {dagbag.py:588} INFO - Filling up the DagBag from /home/airflow/.local/lib/python3.12/site-packages/airflow/example_dags/example_dataset_alias.py
[2024-10-22T03:23:52.023+0000] {processor.py:925} INFO - DAG(s) 'dataset_s3_bucket_producer', 'dataset_alias_example_alias_consumer', 'dataset_s3_bucket_consumer', 'dataset_alias_example_alias_producer' retrieved from /home/airflow/.local/lib/python3.12/site-packages/airflow/example_dags/example_dataset_alias.py
[2024-10-22T03:23:52.079+0000] {logging_mixin.py:190} INFO - [2024-10-22T03:23:52.078+0000] {dag.py:3239} INFO - Sync 4 DAGs
[2024-10-22T03:23:52.127+0000] {logging_mixin.py:190} INFO - [2024-10-22T03:23:52.127+0000] {dag.py:4180} INFO - Setting next_dagrun for dataset_alias_example_alias_consumer to None, run_after=None
[2024-10-22T03:23:52.137+0000] {logging_mixin.py:190} INFO - [2024-10-22T03:23:52.136+0000] {dag.py:4180} INFO - Setting next_dagrun for dataset_alias_example_alias_producer to None, run_after=None
[2024-10-22T03:23:52.139+0000] {logging_mixin.py:190} INFO - [2024-10-22T03:23:52.139+0000] {dag.py:4180} INFO - Setting next_dagrun for dataset_s3_bucket_consumer to None, run_after=None
[2024-10-22T03:23:52.142+0000] {logging_mixin.py:190} INFO - [2024-10-22T03:23:52.142+0000] {dag.py:4180} INFO - Setting next_dagrun for dataset_s3_bucket_producer to None, run_after=None
[2024-10-22T03:23:52.185+0000] {processor.py:208} INFO - Processing /home/airflow/.local/lib/python3.12/site-packages/airflow/example_dags/example_dataset_alias.py took 0.511 seconds
[2024-10-22T03:24:22.359+0000] {processor.py:186} INFO - Started process (PID=55525) to work on /home/airflow/.local/lib/python3.12/site-packages/airflow/example_dags/example_dataset_alias.py
[2024-10-22T03:24:22.360+0000] {processor.py:914} INFO - Processing file /home/airflow/.local/lib/python3.12/site-packages/airflow/example_dags/example_dataset_alias.py for tasks to queue
[2024-10-22T03:24:22.361+0000] {logging_mixin.py:190} INFO - [2024-10-22T03:24:22.361+0000] {dagbag.py:588} INFO - Filling up the DagBag from /home/airflow/.local/lib/python3.12/site-packages/airflow/example_dags/example_dataset_alias.py
[2024-10-22T03:24:22.560+0000] {processor.py:925} INFO - DAG(s) 'dataset_alias_example_alias_consumer', 'dataset_s3_bucket_producer', 'dataset_s3_bucket_consumer', 'dataset_alias_example_alias_producer' retrieved from /home/airflow/.local/lib/python3.12/site-packages/airflow/example_dags/example_dataset_alias.py
[2024-10-22T03:24:22.587+0000] {logging_mixin.py:190} INFO - [2024-10-22T03:24:22.587+0000] {dag.py:3239} INFO - Sync 4 DAGs
[2024-10-22T03:24:22.610+0000] {logging_mixin.py:190} INFO - [2024-10-22T03:24:22.609+0000] {dag.py:4180} INFO - Setting next_dagrun for dataset_alias_example_alias_consumer to None, run_after=None
[2024-10-22T03:24:22.612+0000] {logging_mixin.py:190} INFO - [2024-10-22T03:24:22.612+0000] {dag.py:4180} INFO - Setting next_dagrun for dataset_alias_example_alias_producer to None, run_after=None
[2024-10-22T03:24:22.613+0000] {logging_mixin.py:190} INFO - [2024-10-22T03:24:22.613+0000] {dag.py:4180} INFO - Setting next_dagrun for dataset_s3_bucket_consumer to None, run_after=None
[2024-10-22T03:24:22.615+0000] {logging_mixin.py:190} INFO - [2024-10-22T03:24:22.614+0000] {dag.py:4180} INFO - Setting next_dagrun for dataset_s3_bucket_producer to None, run_after=None
[2024-10-22T03:24:22.639+0000] {processor.py:208} INFO - Processing /home/airflow/.local/lib/python3.12/site-packages/airflow/example_dags/example_dataset_alias.py took 0.287 seconds
[2024-10-22T03:24:53.058+0000] {processor.py:186} INFO - Started process (PID=55592) to work on /home/airflow/.local/lib/python3.12/site-packages/airflow/example_dags/example_dataset_alias.py
[2024-10-22T03:24:53.060+0000] {processor.py:914} INFO - Processing file /home/airflow/.local/lib/python3.12/site-packages/airflow/example_dags/example_dataset_alias.py for tasks to queue
[2024-10-22T03:24:53.061+0000] {logging_mixin.py:190} INFO - [2024-10-22T03:24:53.061+0000] {dagbag.py:588} INFO - Filling up the DagBag from /home/airflow/.local/lib/python3.12/site-packages/airflow/example_dags/example_dataset_alias.py
[2024-10-22T03:24:53.251+0000] {processor.py:925} INFO - DAG(s) 'dataset_s3_bucket_producer', 'dataset_alias_example_alias_consumer', 'dataset_s3_bucket_consumer', 'dataset_alias_example_alias_producer' retrieved from /home/airflow/.local/lib/python3.12/site-packages/airflow/example_dags/example_dataset_alias.py
[2024-10-22T03:24:53.279+0000] {logging_mixin.py:190} INFO - [2024-10-22T03:24:53.278+0000] {dag.py:3239} INFO - Sync 4 DAGs
[2024-10-22T03:24:53.304+0000] {logging_mixin.py:190} INFO - [2024-10-22T03:24:53.304+0000] {dag.py:4180} INFO - Setting next_dagrun for dataset_alias_example_alias_consumer to None, run_after=None
[2024-10-22T03:24:53.307+0000] {logging_mixin.py:190} INFO - [2024-10-22T03:24:53.307+0000] {dag.py:4180} INFO - Setting next_dagrun for dataset_alias_example_alias_producer to None, run_after=None
[2024-10-22T03:24:53.308+0000] {logging_mixin.py:190} INFO - [2024-10-22T03:24:53.308+0000] {dag.py:4180} INFO - Setting next_dagrun for dataset_s3_bucket_consumer to None, run_after=None
[2024-10-22T03:24:53.310+0000] {logging_mixin.py:190} INFO - [2024-10-22T03:24:53.309+0000] {dag.py:4180} INFO - Setting next_dagrun for dataset_s3_bucket_producer to None, run_after=None
[2024-10-22T03:24:53.334+0000] {processor.py:208} INFO - Processing /home/airflow/.local/lib/python3.12/site-packages/airflow/example_dags/example_dataset_alias.py took 0.283 seconds
[2024-10-22T03:25:23.653+0000] {processor.py:186} INFO - Started process (PID=55660) to work on /home/airflow/.local/lib/python3.12/site-packages/airflow/example_dags/example_dataset_alias.py
[2024-10-22T03:25:23.654+0000] {processor.py:914} INFO - Processing file /home/airflow/.local/lib/python3.12/site-packages/airflow/example_dags/example_dataset_alias.py for tasks to queue
[2024-10-22T03:25:23.656+0000] {logging_mixin.py:190} INFO - [2024-10-22T03:25:23.655+0000] {dagbag.py:588} INFO - Filling up the DagBag from /home/airflow/.local/lib/python3.12/site-packages/airflow/example_dags/example_dataset_alias.py
[2024-10-22T03:25:23.870+0000] {processor.py:925} INFO - DAG(s) 'dataset_alias_example_alias_producer', 'dataset_s3_bucket_consumer', 'dataset_alias_example_alias_consumer', 'dataset_s3_bucket_producer' retrieved from /home/airflow/.local/lib/python3.12/site-packages/airflow/example_dags/example_dataset_alias.py
[2024-10-22T03:25:23.895+0000] {logging_mixin.py:190} INFO - [2024-10-22T03:25:23.894+0000] {dag.py:3239} INFO - Sync 4 DAGs
[2024-10-22T03:25:23.921+0000] {logging_mixin.py:190} INFO - [2024-10-22T03:25:23.920+0000] {dag.py:4180} INFO - Setting next_dagrun for dataset_alias_example_alias_consumer to None, run_after=None
[2024-10-22T03:25:23.924+0000] {logging_mixin.py:190} INFO - [2024-10-22T03:25:23.923+0000] {dag.py:4180} INFO - Setting next_dagrun for dataset_alias_example_alias_producer to None, run_after=None
[2024-10-22T03:25:23.925+0000] {logging_mixin.py:190} INFO - [2024-10-22T03:25:23.925+0000] {dag.py:4180} INFO - Setting next_dagrun for dataset_s3_bucket_consumer to None, run_after=None
[2024-10-22T03:25:23.926+0000] {logging_mixin.py:190} INFO - [2024-10-22T03:25:23.926+0000] {dag.py:4180} INFO - Setting next_dagrun for dataset_s3_bucket_producer to None, run_after=None
[2024-10-22T03:25:23.949+0000] {processor.py:208} INFO - Processing /home/airflow/.local/lib/python3.12/site-packages/airflow/example_dags/example_dataset_alias.py took 0.303 seconds
[2024-10-22T03:25:54.302+0000] {processor.py:186} INFO - Started process (PID=55728) to work on /home/airflow/.local/lib/python3.12/site-packages/airflow/example_dags/example_dataset_alias.py
[2024-10-22T03:25:54.303+0000] {processor.py:914} INFO - Processing file /home/airflow/.local/lib/python3.12/site-packages/airflow/example_dags/example_dataset_alias.py for tasks to queue
[2024-10-22T03:25:54.304+0000] {logging_mixin.py:190} INFO - [2024-10-22T03:25:54.304+0000] {dagbag.py:588} INFO - Filling up the DagBag from /home/airflow/.local/lib/python3.12/site-packages/airflow/example_dags/example_dataset_alias.py
[2024-10-22T03:25:54.493+0000] {processor.py:925} INFO - DAG(s) 'dataset_s3_bucket_producer', 'dataset_alias_example_alias_producer', 'dataset_alias_example_alias_consumer', 'dataset_s3_bucket_consumer' retrieved from /home/airflow/.local/lib/python3.12/site-packages/airflow/example_dags/example_dataset_alias.py
[2024-10-22T03:25:54.516+0000] {logging_mixin.py:190} INFO - [2024-10-22T03:25:54.516+0000] {dag.py:3239} INFO - Sync 4 DAGs
[2024-10-22T03:25:54.539+0000] {logging_mixin.py:190} INFO - [2024-10-22T03:25:54.539+0000] {dag.py:4180} INFO - Setting next_dagrun for dataset_alias_example_alias_consumer to None, run_after=None
[2024-10-22T03:25:54.542+0000] {logging_mixin.py:190} INFO - [2024-10-22T03:25:54.542+0000] {dag.py:4180} INFO - Setting next_dagrun for dataset_alias_example_alias_producer to None, run_after=None
[2024-10-22T03:25:54.543+0000] {logging_mixin.py:190} INFO - [2024-10-22T03:25:54.543+0000] {dag.py:4180} INFO - Setting next_dagrun for dataset_s3_bucket_consumer to None, run_after=None
[2024-10-22T03:25:54.544+0000] {logging_mixin.py:190} INFO - [2024-10-22T03:25:54.544+0000] {dag.py:4180} INFO - Setting next_dagrun for dataset_s3_bucket_producer to None, run_after=None
[2024-10-22T03:25:54.568+0000] {processor.py:208} INFO - Processing /home/airflow/.local/lib/python3.12/site-packages/airflow/example_dags/example_dataset_alias.py took 0.274 seconds
[2024-10-22T03:26:24.853+0000] {processor.py:186} INFO - Started process (PID=55795) to work on /home/airflow/.local/lib/python3.12/site-packages/airflow/example_dags/example_dataset_alias.py
[2024-10-22T03:26:24.857+0000] {processor.py:914} INFO - Processing file /home/airflow/.local/lib/python3.12/site-packages/airflow/example_dags/example_dataset_alias.py for tasks to queue
[2024-10-22T03:26:24.859+0000] {logging_mixin.py:190} INFO - [2024-10-22T03:26:24.859+0000] {dagbag.py:588} INFO - Filling up the DagBag from /home/airflow/.local/lib/python3.12/site-packages/airflow/example_dags/example_dataset_alias.py
[2024-10-22T03:26:25.077+0000] {processor.py:925} INFO - DAG(s) 'dataset_s3_bucket_consumer', 'dataset_s3_bucket_producer', 'dataset_alias_example_alias_consumer', 'dataset_alias_example_alias_producer' retrieved from /home/airflow/.local/lib/python3.12/site-packages/airflow/example_dags/example_dataset_alias.py
[2024-10-22T03:26:25.107+0000] {logging_mixin.py:190} INFO - [2024-10-22T03:26:25.107+0000] {dag.py:3239} INFO - Sync 4 DAGs
[2024-10-22T03:26:25.135+0000] {logging_mixin.py:190} INFO - [2024-10-22T03:26:25.135+0000] {dag.py:4180} INFO - Setting next_dagrun for dataset_alias_example_alias_consumer to None, run_after=None
[2024-10-22T03:26:25.140+0000] {logging_mixin.py:190} INFO - [2024-10-22T03:26:25.139+0000] {dag.py:4180} INFO - Setting next_dagrun for dataset_alias_example_alias_producer to None, run_after=None
[2024-10-22T03:26:25.143+0000] {logging_mixin.py:190} INFO - [2024-10-22T03:26:25.143+0000] {dag.py:4180} INFO - Setting next_dagrun for dataset_s3_bucket_consumer to None, run_after=None
[2024-10-22T03:26:25.145+0000] {logging_mixin.py:190} INFO - [2024-10-22T03:26:25.145+0000] {dag.py:4180} INFO - Setting next_dagrun for dataset_s3_bucket_producer to None, run_after=None
[2024-10-22T03:26:25.172+0000] {processor.py:208} INFO - Processing /home/airflow/.local/lib/python3.12/site-packages/airflow/example_dags/example_dataset_alias.py took 0.342 seconds
[2024-10-22T03:26:55.996+0000] {processor.py:186} INFO - Started process (PID=55862) to work on /home/airflow/.local/lib/python3.12/site-packages/airflow/example_dags/example_dataset_alias.py
[2024-10-22T03:26:55.998+0000] {processor.py:914} INFO - Processing file /home/airflow/.local/lib/python3.12/site-packages/airflow/example_dags/example_dataset_alias.py for tasks to queue
[2024-10-22T03:26:55.999+0000] {logging_mixin.py:190} INFO - [2024-10-22T03:26:55.999+0000] {dagbag.py:588} INFO - Filling up the DagBag from /home/airflow/.local/lib/python3.12/site-packages/airflow/example_dags/example_dataset_alias.py
[2024-10-22T03:26:56.227+0000] {processor.py:925} INFO - DAG(s) 'dataset_alias_example_alias_producer', 'dataset_alias_example_alias_consumer', 'dataset_s3_bucket_producer', 'dataset_s3_bucket_consumer' retrieved from /home/airflow/.local/lib/python3.12/site-packages/airflow/example_dags/example_dataset_alias.py
[2024-10-22T03:26:56.251+0000] {logging_mixin.py:190} INFO - [2024-10-22T03:26:56.251+0000] {dag.py:3239} INFO - Sync 4 DAGs
[2024-10-22T03:26:56.275+0000] {logging_mixin.py:190} INFO - [2024-10-22T03:26:56.274+0000] {dag.py:4180} INFO - Setting next_dagrun for dataset_alias_example_alias_consumer to None, run_after=None
[2024-10-22T03:26:56.277+0000] {logging_mixin.py:190} INFO - [2024-10-22T03:26:56.277+0000] {dag.py:4180} INFO - Setting next_dagrun for dataset_alias_example_alias_producer to None, run_after=None
[2024-10-22T03:26:56.279+0000] {logging_mixin.py:190} INFO - [2024-10-22T03:26:56.278+0000] {dag.py:4180} INFO - Setting next_dagrun for dataset_s3_bucket_consumer to None, run_after=None
[2024-10-22T03:26:56.280+0000] {logging_mixin.py:190} INFO - [2024-10-22T03:26:56.280+0000] {dag.py:4180} INFO - Setting next_dagrun for dataset_s3_bucket_producer to None, run_after=None
[2024-10-22T03:26:56.303+0000] {processor.py:208} INFO - Processing /home/airflow/.local/lib/python3.12/site-packages/airflow/example_dags/example_dataset_alias.py took 0.314 seconds
[2024-10-22T03:27:26.442+0000] {processor.py:186} INFO - Started process (PID=55929) to work on /home/airflow/.local/lib/python3.12/site-packages/airflow/example_dags/example_dataset_alias.py
[2024-10-22T03:27:26.443+0000] {processor.py:914} INFO - Processing file /home/airflow/.local/lib/python3.12/site-packages/airflow/example_dags/example_dataset_alias.py for tasks to queue
[2024-10-22T03:27:26.445+0000] {logging_mixin.py:190} INFO - [2024-10-22T03:27:26.444+0000] {dagbag.py:588} INFO - Filling up the DagBag from /home/airflow/.local/lib/python3.12/site-packages/airflow/example_dags/example_dataset_alias.py
[2024-10-22T03:27:26.652+0000] {processor.py:925} INFO - DAG(s) 'dataset_s3_bucket_producer', 'dataset_alias_example_alias_consumer', 'dataset_s3_bucket_consumer', 'dataset_alias_example_alias_producer' retrieved from /home/airflow/.local/lib/python3.12/site-packages/airflow/example_dags/example_dataset_alias.py
[2024-10-22T03:27:26.685+0000] {logging_mixin.py:190} INFO - [2024-10-22T03:27:26.684+0000] {dag.py:3239} INFO - Sync 4 DAGs
[2024-10-22T03:27:26.721+0000] {logging_mixin.py:190} INFO - [2024-10-22T03:27:26.720+0000] {dag.py:4180} INFO - Setting next_dagrun for dataset_alias_example_alias_consumer to None, run_after=None
[2024-10-22T03:27:26.726+0000] {logging_mixin.py:190} INFO - [2024-10-22T03:27:26.725+0000] {dag.py:4180} INFO - Setting next_dagrun for dataset_alias_example_alias_producer to None, run_after=None
[2024-10-22T03:27:26.728+0000] {logging_mixin.py:190} INFO - [2024-10-22T03:27:26.728+0000] {dag.py:4180} INFO - Setting next_dagrun for dataset_s3_bucket_consumer to None, run_after=None
[2024-10-22T03:27:26.730+0000] {logging_mixin.py:190} INFO - [2024-10-22T03:27:26.729+0000] {dag.py:4180} INFO - Setting next_dagrun for dataset_s3_bucket_producer to None, run_after=None
[2024-10-22T03:27:26.754+0000] {processor.py:208} INFO - Processing /home/airflow/.local/lib/python3.12/site-packages/airflow/example_dags/example_dataset_alias.py took 0.321 seconds
[2024-10-22T03:27:57.183+0000] {processor.py:186} INFO - Started process (PID=55996) to work on /home/airflow/.local/lib/python3.12/site-packages/airflow/example_dags/example_dataset_alias.py
[2024-10-22T03:27:57.184+0000] {processor.py:914} INFO - Processing file /home/airflow/.local/lib/python3.12/site-packages/airflow/example_dags/example_dataset_alias.py for tasks to queue
[2024-10-22T03:27:57.186+0000] {logging_mixin.py:190} INFO - [2024-10-22T03:27:57.185+0000] {dagbag.py:588} INFO - Filling up the DagBag from /home/airflow/.local/lib/python3.12/site-packages/airflow/example_dags/example_dataset_alias.py
[2024-10-22T03:27:57.382+0000] {processor.py:925} INFO - DAG(s) 'dataset_s3_bucket_producer', 'dataset_alias_example_alias_producer', 'dataset_alias_example_alias_consumer', 'dataset_s3_bucket_consumer' retrieved from /home/airflow/.local/lib/python3.12/site-packages/airflow/example_dags/example_dataset_alias.py
[2024-10-22T03:27:57.408+0000] {logging_mixin.py:190} INFO - [2024-10-22T03:27:57.408+0000] {dag.py:3239} INFO - Sync 4 DAGs
[2024-10-22T03:27:57.433+0000] {logging_mixin.py:190} INFO - [2024-10-22T03:27:57.433+0000] {dag.py:4180} INFO - Setting next_dagrun for dataset_alias_example_alias_consumer to None, run_after=None
[2024-10-22T03:27:57.436+0000] {logging_mixin.py:190} INFO - [2024-10-22T03:27:57.436+0000] {dag.py:4180} INFO - Setting next_dagrun for dataset_alias_example_alias_producer to None, run_after=None
[2024-10-22T03:27:57.437+0000] {logging_mixin.py:190} INFO - [2024-10-22T03:27:57.437+0000] {dag.py:4180} INFO - Setting next_dagrun for dataset_s3_bucket_consumer to None, run_after=None
[2024-10-22T03:27:57.439+0000] {logging_mixin.py:190} INFO - [2024-10-22T03:27:57.438+0000] {dag.py:4180} INFO - Setting next_dagrun for dataset_s3_bucket_producer to None, run_after=None
[2024-10-22T03:27:57.461+0000] {processor.py:208} INFO - Processing /home/airflow/.local/lib/python3.12/site-packages/airflow/example_dags/example_dataset_alias.py took 0.286 seconds
[2024-10-22T03:28:27.868+0000] {processor.py:186} INFO - Started process (PID=56063) to work on /home/airflow/.local/lib/python3.12/site-packages/airflow/example_dags/example_dataset_alias.py
[2024-10-22T03:28:27.870+0000] {processor.py:914} INFO - Processing file /home/airflow/.local/lib/python3.12/site-packages/airflow/example_dags/example_dataset_alias.py for tasks to queue
[2024-10-22T03:28:27.871+0000] {logging_mixin.py:190} INFO - [2024-10-22T03:28:27.871+0000] {dagbag.py:588} INFO - Filling up the DagBag from /home/airflow/.local/lib/python3.12/site-packages/airflow/example_dags/example_dataset_alias.py
[2024-10-22T03:28:28.137+0000] {processor.py:925} INFO - DAG(s) 'dataset_s3_bucket_producer', 'dataset_s3_bucket_consumer', 'dataset_alias_example_alias_consumer', 'dataset_alias_example_alias_producer' retrieved from /home/airflow/.local/lib/python3.12/site-packages/airflow/example_dags/example_dataset_alias.py
[2024-10-22T03:28:28.204+0000] {logging_mixin.py:190} INFO - [2024-10-22T03:28:28.203+0000] {dag.py:3239} INFO - Sync 4 DAGs
[2024-10-22T03:28:28.278+0000] {logging_mixin.py:190} INFO - [2024-10-22T03:28:28.277+0000] {dag.py:4180} INFO - Setting next_dagrun for dataset_alias_example_alias_consumer to None, run_after=None
[2024-10-22T03:28:28.287+0000] {logging_mixin.py:190} INFO - [2024-10-22T03:28:28.287+0000] {dag.py:4180} INFO - Setting next_dagrun for dataset_alias_example_alias_producer to None, run_after=None
[2024-10-22T03:28:28.291+0000] {logging_mixin.py:190} INFO - [2024-10-22T03:28:28.291+0000] {dag.py:4180} INFO - Setting next_dagrun for dataset_s3_bucket_consumer to None, run_after=None
[2024-10-22T03:28:28.295+0000] {logging_mixin.py:190} INFO - [2024-10-22T03:28:28.294+0000] {dag.py:4180} INFO - Setting next_dagrun for dataset_s3_bucket_producer to None, run_after=None
[2024-10-22T03:28:28.348+0000] {processor.py:208} INFO - Processing /home/airflow/.local/lib/python3.12/site-packages/airflow/example_dags/example_dataset_alias.py took 0.488 seconds
[2024-10-22T03:28:58.463+0000] {processor.py:186} INFO - Started process (PID=56129) to work on /home/airflow/.local/lib/python3.12/site-packages/airflow/example_dags/example_dataset_alias.py
[2024-10-22T03:28:58.465+0000] {processor.py:914} INFO - Processing file /home/airflow/.local/lib/python3.12/site-packages/airflow/example_dags/example_dataset_alias.py for tasks to queue
[2024-10-22T03:28:58.466+0000] {logging_mixin.py:190} INFO - [2024-10-22T03:28:58.466+0000] {dagbag.py:588} INFO - Filling up the DagBag from /home/airflow/.local/lib/python3.12/site-packages/airflow/example_dags/example_dataset_alias.py
[2024-10-22T03:28:58.653+0000] {processor.py:925} INFO - DAG(s) 'dataset_s3_bucket_consumer', 'dataset_s3_bucket_producer', 'dataset_alias_example_alias_consumer', 'dataset_alias_example_alias_producer' retrieved from /home/airflow/.local/lib/python3.12/site-packages/airflow/example_dags/example_dataset_alias.py
[2024-10-22T03:28:58.677+0000] {logging_mixin.py:190} INFO - [2024-10-22T03:28:58.677+0000] {dag.py:3239} INFO - Sync 4 DAGs
[2024-10-22T03:28:58.700+0000] {logging_mixin.py:190} INFO - [2024-10-22T03:28:58.700+0000] {dag.py:4180} INFO - Setting next_dagrun for dataset_alias_example_alias_consumer to None, run_after=None
[2024-10-22T03:28:58.703+0000] {logging_mixin.py:190} INFO - [2024-10-22T03:28:58.703+0000] {dag.py:4180} INFO - Setting next_dagrun for dataset_alias_example_alias_producer to None, run_after=None
[2024-10-22T03:28:58.704+0000] {logging_mixin.py:190} INFO - [2024-10-22T03:28:58.704+0000] {dag.py:4180} INFO - Setting next_dagrun for dataset_s3_bucket_consumer to None, run_after=None
[2024-10-22T03:28:58.706+0000] {logging_mixin.py:190} INFO - [2024-10-22T03:28:58.705+0000] {dag.py:4180} INFO - Setting next_dagrun for dataset_s3_bucket_producer to None, run_after=None
[2024-10-22T03:28:58.728+0000] {processor.py:208} INFO - Processing /home/airflow/.local/lib/python3.12/site-packages/airflow/example_dags/example_dataset_alias.py took 0.273 seconds
[2024-10-22T03:29:28.846+0000] {processor.py:186} INFO - Started process (PID=56196) to work on /home/airflow/.local/lib/python3.12/site-packages/airflow/example_dags/example_dataset_alias.py
[2024-10-22T03:29:28.847+0000] {processor.py:914} INFO - Processing file /home/airflow/.local/lib/python3.12/site-packages/airflow/example_dags/example_dataset_alias.py for tasks to queue
[2024-10-22T03:29:28.849+0000] {logging_mixin.py:190} INFO - [2024-10-22T03:29:28.849+0000] {dagbag.py:588} INFO - Filling up the DagBag from /home/airflow/.local/lib/python3.12/site-packages/airflow/example_dags/example_dataset_alias.py
[2024-10-22T03:29:29.044+0000] {processor.py:925} INFO - DAG(s) 'dataset_alias_example_alias_consumer', 'dataset_alias_example_alias_producer', 'dataset_s3_bucket_consumer', 'dataset_s3_bucket_producer' retrieved from /home/airflow/.local/lib/python3.12/site-packages/airflow/example_dags/example_dataset_alias.py
[2024-10-22T03:29:29.068+0000] {logging_mixin.py:190} INFO - [2024-10-22T03:29:29.068+0000] {dag.py:3239} INFO - Sync 4 DAGs
[2024-10-22T03:29:29.091+0000] {logging_mixin.py:190} INFO - [2024-10-22T03:29:29.090+0000] {dag.py:4180} INFO - Setting next_dagrun for dataset_alias_example_alias_consumer to None, run_after=None
[2024-10-22T03:29:29.093+0000] {logging_mixin.py:190} INFO - [2024-10-22T03:29:29.093+0000] {dag.py:4180} INFO - Setting next_dagrun for dataset_alias_example_alias_producer to None, run_after=None
[2024-10-22T03:29:29.095+0000] {logging_mixin.py:190} INFO - [2024-10-22T03:29:29.094+0000] {dag.py:4180} INFO - Setting next_dagrun for dataset_s3_bucket_consumer to None, run_after=None
[2024-10-22T03:29:29.096+0000] {logging_mixin.py:190} INFO - [2024-10-22T03:29:29.096+0000] {dag.py:4180} INFO - Setting next_dagrun for dataset_s3_bucket_producer to None, run_after=None
[2024-10-22T03:29:29.118+0000] {processor.py:208} INFO - Processing /home/airflow/.local/lib/python3.12/site-packages/airflow/example_dags/example_dataset_alias.py took 0.281 seconds
[2024-10-22T03:29:59.271+0000] {processor.py:186} INFO - Started process (PID=56263) to work on /home/airflow/.local/lib/python3.12/site-packages/airflow/example_dags/example_dataset_alias.py
[2024-10-22T03:29:59.272+0000] {processor.py:914} INFO - Processing file /home/airflow/.local/lib/python3.12/site-packages/airflow/example_dags/example_dataset_alias.py for tasks to queue
[2024-10-22T03:29:59.273+0000] {logging_mixin.py:190} INFO - [2024-10-22T03:29:59.273+0000] {dagbag.py:588} INFO - Filling up the DagBag from /home/airflow/.local/lib/python3.12/site-packages/airflow/example_dags/example_dataset_alias.py
[2024-10-22T03:29:59.460+0000] {processor.py:925} INFO - DAG(s) 'dataset_s3_bucket_producer', 'dataset_s3_bucket_consumer', 'dataset_alias_example_alias_producer', 'dataset_alias_example_alias_consumer' retrieved from /home/airflow/.local/lib/python3.12/site-packages/airflow/example_dags/example_dataset_alias.py
[2024-10-22T03:29:59.487+0000] {logging_mixin.py:190} INFO - [2024-10-22T03:29:59.487+0000] {dag.py:3239} INFO - Sync 4 DAGs
[2024-10-22T03:29:59.516+0000] {logging_mixin.py:190} INFO - [2024-10-22T03:29:59.515+0000] {dag.py:4180} INFO - Setting next_dagrun for dataset_alias_example_alias_consumer to None, run_after=None
[2024-10-22T03:29:59.519+0000] {logging_mixin.py:190} INFO - [2024-10-22T03:29:59.519+0000] {dag.py:4180} INFO - Setting next_dagrun for dataset_alias_example_alias_producer to None, run_after=None
[2024-10-22T03:29:59.521+0000] {logging_mixin.py:190} INFO - [2024-10-22T03:29:59.521+0000] {dag.py:4180} INFO - Setting next_dagrun for dataset_s3_bucket_consumer to None, run_after=None
[2024-10-22T03:29:59.522+0000] {logging_mixin.py:190} INFO - [2024-10-22T03:29:59.522+0000] {dag.py:4180} INFO - Setting next_dagrun for dataset_s3_bucket_producer to None, run_after=None
[2024-10-22T03:29:59.550+0000] {processor.py:208} INFO - Processing /home/airflow/.local/lib/python3.12/site-packages/airflow/example_dags/example_dataset_alias.py took 0.287 seconds
[2024-10-22T03:30:29.601+0000] {processor.py:186} INFO - Started process (PID=56332) to work on /home/airflow/.local/lib/python3.12/site-packages/airflow/example_dags/example_dataset_alias.py
[2024-10-22T03:30:29.602+0000] {processor.py:914} INFO - Processing file /home/airflow/.local/lib/python3.12/site-packages/airflow/example_dags/example_dataset_alias.py for tasks to queue
[2024-10-22T03:30:29.604+0000] {logging_mixin.py:190} INFO - [2024-10-22T03:30:29.603+0000] {dagbag.py:588} INFO - Filling up the DagBag from /home/airflow/.local/lib/python3.12/site-packages/airflow/example_dags/example_dataset_alias.py
[2024-10-22T03:30:29.797+0000] {processor.py:925} INFO - DAG(s) 'dataset_s3_bucket_consumer', 'dataset_s3_bucket_producer', 'dataset_alias_example_alias_producer', 'dataset_alias_example_alias_consumer' retrieved from /home/airflow/.local/lib/python3.12/site-packages/airflow/example_dags/example_dataset_alias.py
[2024-10-22T03:30:29.820+0000] {logging_mixin.py:190} INFO - [2024-10-22T03:30:29.820+0000] {dag.py:3239} INFO - Sync 4 DAGs
[2024-10-22T03:30:29.843+0000] {logging_mixin.py:190} INFO - [2024-10-22T03:30:29.843+0000] {dag.py:4180} INFO - Setting next_dagrun for dataset_alias_example_alias_consumer to None, run_after=None
[2024-10-22T03:30:29.846+0000] {logging_mixin.py:190} INFO - [2024-10-22T03:30:29.846+0000] {dag.py:4180} INFO - Setting next_dagrun for dataset_alias_example_alias_producer to None, run_after=None
[2024-10-22T03:30:29.847+0000] {logging_mixin.py:190} INFO - [2024-10-22T03:30:29.847+0000] {dag.py:4180} INFO - Setting next_dagrun for dataset_s3_bucket_consumer to None, run_after=None
[2024-10-22T03:30:29.849+0000] {logging_mixin.py:190} INFO - [2024-10-22T03:30:29.848+0000] {dag.py:4180} INFO - Setting next_dagrun for dataset_s3_bucket_producer to None, run_after=None
[2024-10-22T03:30:29.869+0000] {processor.py:208} INFO - Processing /home/airflow/.local/lib/python3.12/site-packages/airflow/example_dags/example_dataset_alias.py took 0.276 seconds
[2024-10-22T03:31:00.786+0000] {processor.py:186} INFO - Started process (PID=56399) to work on /home/airflow/.local/lib/python3.12/site-packages/airflow/example_dags/example_dataset_alias.py
[2024-10-22T03:31:00.788+0000] {processor.py:914} INFO - Processing file /home/airflow/.local/lib/python3.12/site-packages/airflow/example_dags/example_dataset_alias.py for tasks to queue
[2024-10-22T03:31:00.789+0000] {logging_mixin.py:190} INFO - [2024-10-22T03:31:00.789+0000] {dagbag.py:588} INFO - Filling up the DagBag from /home/airflow/.local/lib/python3.12/site-packages/airflow/example_dags/example_dataset_alias.py
[2024-10-22T03:31:00.966+0000] {processor.py:925} INFO - DAG(s) 'dataset_s3_bucket_consumer', 'dataset_s3_bucket_producer', 'dataset_alias_example_alias_consumer', 'dataset_alias_example_alias_producer' retrieved from /home/airflow/.local/lib/python3.12/site-packages/airflow/example_dags/example_dataset_alias.py
[2024-10-22T03:31:00.988+0000] {logging_mixin.py:190} INFO - [2024-10-22T03:31:00.988+0000] {dag.py:3239} INFO - Sync 4 DAGs
[2024-10-22T03:31:01.011+0000] {logging_mixin.py:190} INFO - [2024-10-22T03:31:01.010+0000] {dag.py:4180} INFO - Setting next_dagrun for dataset_alias_example_alias_consumer to None, run_after=None
[2024-10-22T03:31:01.013+0000] {logging_mixin.py:190} INFO - [2024-10-22T03:31:01.013+0000] {dag.py:4180} INFO - Setting next_dagrun for dataset_alias_example_alias_producer to None, run_after=None
[2024-10-22T03:31:01.014+0000] {logging_mixin.py:190} INFO - [2024-10-22T03:31:01.014+0000] {dag.py:4180} INFO - Setting next_dagrun for dataset_s3_bucket_consumer to None, run_after=None
[2024-10-22T03:31:01.016+0000] {logging_mixin.py:190} INFO - [2024-10-22T03:31:01.015+0000] {dag.py:4180} INFO - Setting next_dagrun for dataset_s3_bucket_producer to None, run_after=None
[2024-10-22T03:31:01.036+0000] {processor.py:208} INFO - Processing /home/airflow/.local/lib/python3.12/site-packages/airflow/example_dags/example_dataset_alias.py took 0.258 seconds
[2024-10-22T03:31:31.686+0000] {processor.py:186} INFO - Started process (PID=56466) to work on /home/airflow/.local/lib/python3.12/site-packages/airflow/example_dags/example_dataset_alias.py
[2024-10-22T03:31:31.687+0000] {processor.py:914} INFO - Processing file /home/airflow/.local/lib/python3.12/site-packages/airflow/example_dags/example_dataset_alias.py for tasks to queue
[2024-10-22T03:31:31.689+0000] {logging_mixin.py:190} INFO - [2024-10-22T03:31:31.688+0000] {dagbag.py:588} INFO - Filling up the DagBag from /home/airflow/.local/lib/python3.12/site-packages/airflow/example_dags/example_dataset_alias.py
[2024-10-22T03:31:31.884+0000] {processor.py:925} INFO - DAG(s) 'dataset_alias_example_alias_consumer', 'dataset_alias_example_alias_producer', 'dataset_s3_bucket_consumer', 'dataset_s3_bucket_producer' retrieved from /home/airflow/.local/lib/python3.12/site-packages/airflow/example_dags/example_dataset_alias.py
[2024-10-22T03:31:31.921+0000] {logging_mixin.py:190} INFO - [2024-10-22T03:31:31.921+0000] {dag.py:3239} INFO - Sync 4 DAGs
[2024-10-22T03:31:31.960+0000] {logging_mixin.py:190} INFO - [2024-10-22T03:31:31.960+0000] {dag.py:4180} INFO - Setting next_dagrun for dataset_alias_example_alias_consumer to None, run_after=None
[2024-10-22T03:31:31.963+0000] {logging_mixin.py:190} INFO - [2024-10-22T03:31:31.963+0000] {dag.py:4180} INFO - Setting next_dagrun for dataset_alias_example_alias_producer to None, run_after=None
[2024-10-22T03:31:31.964+0000] {logging_mixin.py:190} INFO - [2024-10-22T03:31:31.964+0000] {dag.py:4180} INFO - Setting next_dagrun for dataset_s3_bucket_consumer to None, run_after=None
[2024-10-22T03:31:31.966+0000] {logging_mixin.py:190} INFO - [2024-10-22T03:31:31.966+0000] {dag.py:4180} INFO - Setting next_dagrun for dataset_s3_bucket_producer to None, run_after=None
[2024-10-22T03:31:32.000+0000] {processor.py:208} INFO - Processing /home/airflow/.local/lib/python3.12/site-packages/airflow/example_dags/example_dataset_alias.py took 0.324 seconds
[2024-10-22T03:32:02.298+0000] {processor.py:186} INFO - Started process (PID=56532) to work on /home/airflow/.local/lib/python3.12/site-packages/airflow/example_dags/example_dataset_alias.py
[2024-10-22T03:32:02.299+0000] {processor.py:914} INFO - Processing file /home/airflow/.local/lib/python3.12/site-packages/airflow/example_dags/example_dataset_alias.py for tasks to queue
[2024-10-22T03:32:02.301+0000] {logging_mixin.py:190} INFO - [2024-10-22T03:32:02.300+0000] {dagbag.py:588} INFO - Filling up the DagBag from /home/airflow/.local/lib/python3.12/site-packages/airflow/example_dags/example_dataset_alias.py
[2024-10-22T03:32:02.482+0000] {processor.py:925} INFO - DAG(s) 'dataset_alias_example_alias_consumer', 'dataset_s3_bucket_consumer', 'dataset_alias_example_alias_producer', 'dataset_s3_bucket_producer' retrieved from /home/airflow/.local/lib/python3.12/site-packages/airflow/example_dags/example_dataset_alias.py
[2024-10-22T03:32:02.506+0000] {logging_mixin.py:190} INFO - [2024-10-22T03:32:02.506+0000] {dag.py:3239} INFO - Sync 4 DAGs
[2024-10-22T03:32:02.530+0000] {logging_mixin.py:190} INFO - [2024-10-22T03:32:02.530+0000] {dag.py:4180} INFO - Setting next_dagrun for dataset_alias_example_alias_consumer to None, run_after=None
[2024-10-22T03:32:02.533+0000] {logging_mixin.py:190} INFO - [2024-10-22T03:32:02.533+0000] {dag.py:4180} INFO - Setting next_dagrun for dataset_alias_example_alias_producer to None, run_after=None
[2024-10-22T03:32:02.535+0000] {logging_mixin.py:190} INFO - [2024-10-22T03:32:02.535+0000] {dag.py:4180} INFO - Setting next_dagrun for dataset_s3_bucket_consumer to None, run_after=None
[2024-10-22T03:32:02.536+0000] {logging_mixin.py:190} INFO - [2024-10-22T03:32:02.536+0000] {dag.py:4180} INFO - Setting next_dagrun for dataset_s3_bucket_producer to None, run_after=None
[2024-10-22T03:32:02.560+0000] {processor.py:208} INFO - Processing /home/airflow/.local/lib/python3.12/site-packages/airflow/example_dags/example_dataset_alias.py took 0.271 seconds
[2024-10-22T03:32:32.794+0000] {processor.py:186} INFO - Started process (PID=56598) to work on /home/airflow/.local/lib/python3.12/site-packages/airflow/example_dags/example_dataset_alias.py
[2024-10-22T03:32:32.796+0000] {processor.py:914} INFO - Processing file /home/airflow/.local/lib/python3.12/site-packages/airflow/example_dags/example_dataset_alias.py for tasks to queue
[2024-10-22T03:32:32.797+0000] {logging_mixin.py:190} INFO - [2024-10-22T03:32:32.797+0000] {dagbag.py:588} INFO - Filling up the DagBag from /home/airflow/.local/lib/python3.12/site-packages/airflow/example_dags/example_dataset_alias.py
[2024-10-22T03:32:32.984+0000] {processor.py:925} INFO - DAG(s) 'dataset_s3_bucket_consumer', 'dataset_s3_bucket_producer', 'dataset_alias_example_alias_consumer', 'dataset_alias_example_alias_producer' retrieved from /home/airflow/.local/lib/python3.12/site-packages/airflow/example_dags/example_dataset_alias.py
[2024-10-22T03:32:33.008+0000] {logging_mixin.py:190} INFO - [2024-10-22T03:32:33.007+0000] {dag.py:3239} INFO - Sync 4 DAGs
[2024-10-22T03:32:33.032+0000] {logging_mixin.py:190} INFO - [2024-10-22T03:32:33.032+0000] {dag.py:4180} INFO - Setting next_dagrun for dataset_alias_example_alias_consumer to None, run_after=None
[2024-10-22T03:32:33.035+0000] {logging_mixin.py:190} INFO - [2024-10-22T03:32:33.034+0000] {dag.py:4180} INFO - Setting next_dagrun for dataset_alias_example_alias_producer to None, run_after=None
[2024-10-22T03:32:33.036+0000] {logging_mixin.py:190} INFO - [2024-10-22T03:32:33.036+0000] {dag.py:4180} INFO - Setting next_dagrun for dataset_s3_bucket_consumer to None, run_after=None
[2024-10-22T03:32:33.037+0000] {logging_mixin.py:190} INFO - [2024-10-22T03:32:33.037+0000] {dag.py:4180} INFO - Setting next_dagrun for dataset_s3_bucket_producer to None, run_after=None
[2024-10-22T03:32:33.062+0000] {processor.py:208} INFO - Processing /home/airflow/.local/lib/python3.12/site-packages/airflow/example_dags/example_dataset_alias.py took 0.275 seconds
[2024-10-22T03:33:03.699+0000] {processor.py:186} INFO - Started process (PID=56670) to work on /home/airflow/.local/lib/python3.12/site-packages/airflow/example_dags/example_dataset_alias.py
[2024-10-22T03:33:03.700+0000] {processor.py:914} INFO - Processing file /home/airflow/.local/lib/python3.12/site-packages/airflow/example_dags/example_dataset_alias.py for tasks to queue
[2024-10-22T03:33:03.702+0000] {logging_mixin.py:190} INFO - [2024-10-22T03:33:03.702+0000] {dagbag.py:588} INFO - Filling up the DagBag from /home/airflow/.local/lib/python3.12/site-packages/airflow/example_dags/example_dataset_alias.py
[2024-10-22T03:33:03.886+0000] {processor.py:925} INFO - DAG(s) 'dataset_s3_bucket_consumer', 'dataset_alias_example_alias_consumer', 'dataset_s3_bucket_producer', 'dataset_alias_example_alias_producer' retrieved from /home/airflow/.local/lib/python3.12/site-packages/airflow/example_dags/example_dataset_alias.py
[2024-10-22T03:33:03.909+0000] {logging_mixin.py:190} INFO - [2024-10-22T03:33:03.908+0000] {dag.py:3239} INFO - Sync 4 DAGs
[2024-10-22T03:33:03.933+0000] {logging_mixin.py:190} INFO - [2024-10-22T03:33:03.933+0000] {dag.py:4180} INFO - Setting next_dagrun for dataset_alias_example_alias_consumer to None, run_after=None
[2024-10-22T03:33:03.936+0000] {logging_mixin.py:190} INFO - [2024-10-22T03:33:03.936+0000] {dag.py:4180} INFO - Setting next_dagrun for dataset_alias_example_alias_producer to None, run_after=None
[2024-10-22T03:33:03.937+0000] {logging_mixin.py:190} INFO - [2024-10-22T03:33:03.937+0000] {dag.py:4180} INFO - Setting next_dagrun for dataset_s3_bucket_consumer to None, run_after=None
[2024-10-22T03:33:03.938+0000] {logging_mixin.py:190} INFO - [2024-10-22T03:33:03.938+0000] {dag.py:4180} INFO - Setting next_dagrun for dataset_s3_bucket_producer to None, run_after=None
[2024-10-22T03:33:03.959+0000] {processor.py:208} INFO - Processing /home/airflow/.local/lib/python3.12/site-packages/airflow/example_dags/example_dataset_alias.py took 0.268 seconds
[2024-10-22T03:33:34.616+0000] {processor.py:186} INFO - Started process (PID=56736) to work on /home/airflow/.local/lib/python3.12/site-packages/airflow/example_dags/example_dataset_alias.py
[2024-10-22T03:33:34.617+0000] {processor.py:914} INFO - Processing file /home/airflow/.local/lib/python3.12/site-packages/airflow/example_dags/example_dataset_alias.py for tasks to queue
[2024-10-22T03:33:34.618+0000] {logging_mixin.py:190} INFO - [2024-10-22T03:33:34.618+0000] {dagbag.py:588} INFO - Filling up the DagBag from /home/airflow/.local/lib/python3.12/site-packages/airflow/example_dags/example_dataset_alias.py
[2024-10-22T03:33:34.846+0000] {processor.py:925} INFO - DAG(s) 'dataset_alias_example_alias_producer', 'dataset_s3_bucket_consumer', 'dataset_s3_bucket_producer', 'dataset_alias_example_alias_consumer' retrieved from /home/airflow/.local/lib/python3.12/site-packages/airflow/example_dags/example_dataset_alias.py
[2024-10-22T03:33:34.878+0000] {logging_mixin.py:190} INFO - [2024-10-22T03:33:34.878+0000] {dag.py:3239} INFO - Sync 4 DAGs
[2024-10-22T03:33:34.919+0000] {logging_mixin.py:190} INFO - [2024-10-22T03:33:34.918+0000] {dag.py:4180} INFO - Setting next_dagrun for dataset_alias_example_alias_consumer to None, run_after=None
[2024-10-22T03:33:34.931+0000] {logging_mixin.py:190} INFO - [2024-10-22T03:33:34.931+0000] {dag.py:4180} INFO - Setting next_dagrun for dataset_alias_example_alias_producer to None, run_after=None
[2024-10-22T03:33:34.935+0000] {logging_mixin.py:190} INFO - [2024-10-22T03:33:34.935+0000] {dag.py:4180} INFO - Setting next_dagrun for dataset_s3_bucket_consumer to None, run_after=None
[2024-10-22T03:33:34.937+0000] {logging_mixin.py:190} INFO - [2024-10-22T03:33:34.937+0000] {dag.py:4180} INFO - Setting next_dagrun for dataset_s3_bucket_producer to None, run_after=None
[2024-10-22T03:33:34.975+0000] {processor.py:208} INFO - Processing /home/airflow/.local/lib/python3.12/site-packages/airflow/example_dags/example_dataset_alias.py took 0.367 seconds
[2024-10-22T03:34:05.123+0000] {processor.py:186} INFO - Started process (PID=56801) to work on /home/airflow/.local/lib/python3.12/site-packages/airflow/example_dags/example_dataset_alias.py
[2024-10-22T03:34:05.124+0000] {processor.py:914} INFO - Processing file /home/airflow/.local/lib/python3.12/site-packages/airflow/example_dags/example_dataset_alias.py for tasks to queue
[2024-10-22T03:34:05.126+0000] {logging_mixin.py:190} INFO - [2024-10-22T03:34:05.125+0000] {dagbag.py:588} INFO - Filling up the DagBag from /home/airflow/.local/lib/python3.12/site-packages/airflow/example_dags/example_dataset_alias.py
[2024-10-22T03:34:05.325+0000] {processor.py:925} INFO - DAG(s) 'dataset_alias_example_alias_consumer', 'dataset_alias_example_alias_producer', 'dataset_s3_bucket_producer', 'dataset_s3_bucket_consumer' retrieved from /home/airflow/.local/lib/python3.12/site-packages/airflow/example_dags/example_dataset_alias.py
[2024-10-22T03:34:05.348+0000] {logging_mixin.py:190} INFO - [2024-10-22T03:34:05.348+0000] {dag.py:3239} INFO - Sync 4 DAGs
[2024-10-22T03:34:05.372+0000] {logging_mixin.py:190} INFO - [2024-10-22T03:34:05.372+0000] {dag.py:4180} INFO - Setting next_dagrun for dataset_alias_example_alias_consumer to None, run_after=None
[2024-10-22T03:34:05.375+0000] {logging_mixin.py:190} INFO - [2024-10-22T03:34:05.375+0000] {dag.py:4180} INFO - Setting next_dagrun for dataset_alias_example_alias_producer to None, run_after=None
[2024-10-22T03:34:05.377+0000] {logging_mixin.py:190} INFO - [2024-10-22T03:34:05.377+0000] {dag.py:4180} INFO - Setting next_dagrun for dataset_s3_bucket_consumer to None, run_after=None
[2024-10-22T03:34:05.378+0000] {logging_mixin.py:190} INFO - [2024-10-22T03:34:05.378+0000] {dag.py:4180} INFO - Setting next_dagrun for dataset_s3_bucket_producer to None, run_after=None
[2024-10-22T03:34:05.400+0000] {processor.py:208} INFO - Processing /home/airflow/.local/lib/python3.12/site-packages/airflow/example_dags/example_dataset_alias.py took 0.287 seconds
[2024-10-22T03:34:35.640+0000] {processor.py:186} INFO - Started process (PID=56868) to work on /home/airflow/.local/lib/python3.12/site-packages/airflow/example_dags/example_dataset_alias.py
[2024-10-22T03:34:35.641+0000] {processor.py:914} INFO - Processing file /home/airflow/.local/lib/python3.12/site-packages/airflow/example_dags/example_dataset_alias.py for tasks to queue
[2024-10-22T03:34:35.643+0000] {logging_mixin.py:190} INFO - [2024-10-22T03:34:35.642+0000] {dagbag.py:588} INFO - Filling up the DagBag from /home/airflow/.local/lib/python3.12/site-packages/airflow/example_dags/example_dataset_alias.py
[2024-10-22T03:34:35.826+0000] {processor.py:925} INFO - DAG(s) 'dataset_alias_example_alias_producer', 'dataset_s3_bucket_producer', 'dataset_alias_example_alias_consumer', 'dataset_s3_bucket_consumer' retrieved from /home/airflow/.local/lib/python3.12/site-packages/airflow/example_dags/example_dataset_alias.py
[2024-10-22T03:34:35.852+0000] {logging_mixin.py:190} INFO - [2024-10-22T03:34:35.849+0000] {dag.py:3239} INFO - Sync 4 DAGs
[2024-10-22T03:34:35.875+0000] {logging_mixin.py:190} INFO - [2024-10-22T03:34:35.875+0000] {dag.py:4180} INFO - Setting next_dagrun for dataset_alias_example_alias_consumer to None, run_after=None
[2024-10-22T03:34:35.878+0000] {logging_mixin.py:190} INFO - [2024-10-22T03:34:35.878+0000] {dag.py:4180} INFO - Setting next_dagrun for dataset_alias_example_alias_producer to None, run_after=None
[2024-10-22T03:34:35.879+0000] {logging_mixin.py:190} INFO - [2024-10-22T03:34:35.879+0000] {dag.py:4180} INFO - Setting next_dagrun for dataset_s3_bucket_consumer to None, run_after=None
[2024-10-22T03:34:35.881+0000] {logging_mixin.py:190} INFO - [2024-10-22T03:34:35.880+0000] {dag.py:4180} INFO - Setting next_dagrun for dataset_s3_bucket_producer to None, run_after=None
[2024-10-22T03:34:35.901+0000] {processor.py:208} INFO - Processing /home/airflow/.local/lib/python3.12/site-packages/airflow/example_dags/example_dataset_alias.py took 0.270 seconds
[2024-10-22T03:35:05.991+0000] {processor.py:186} INFO - Started process (PID=56935) to work on /home/airflow/.local/lib/python3.12/site-packages/airflow/example_dags/example_dataset_alias.py
[2024-10-22T03:35:05.992+0000] {processor.py:914} INFO - Processing file /home/airflow/.local/lib/python3.12/site-packages/airflow/example_dags/example_dataset_alias.py for tasks to queue
[2024-10-22T03:35:05.994+0000] {logging_mixin.py:190} INFO - [2024-10-22T03:35:05.993+0000] {dagbag.py:588} INFO - Filling up the DagBag from /home/airflow/.local/lib/python3.12/site-packages/airflow/example_dags/example_dataset_alias.py
[2024-10-22T03:35:06.180+0000] {processor.py:925} INFO - DAG(s) 'dataset_alias_example_alias_consumer', 'dataset_alias_example_alias_producer', 'dataset_s3_bucket_producer', 'dataset_s3_bucket_consumer' retrieved from /home/airflow/.local/lib/python3.12/site-packages/airflow/example_dags/example_dataset_alias.py
[2024-10-22T03:35:06.204+0000] {logging_mixin.py:190} INFO - [2024-10-22T03:35:06.204+0000] {dag.py:3239} INFO - Sync 4 DAGs
[2024-10-22T03:35:06.227+0000] {logging_mixin.py:190} INFO - [2024-10-22T03:35:06.227+0000] {dag.py:4180} INFO - Setting next_dagrun for dataset_alias_example_alias_consumer to None, run_after=None
[2024-10-22T03:35:06.230+0000] {logging_mixin.py:190} INFO - [2024-10-22T03:35:06.229+0000] {dag.py:4180} INFO - Setting next_dagrun for dataset_alias_example_alias_producer to None, run_after=None
[2024-10-22T03:35:06.231+0000] {logging_mixin.py:190} INFO - [2024-10-22T03:35:06.231+0000] {dag.py:4180} INFO - Setting next_dagrun for dataset_s3_bucket_consumer to None, run_after=None
[2024-10-22T03:35:06.232+0000] {logging_mixin.py:190} INFO - [2024-10-22T03:35:06.232+0000] {dag.py:4180} INFO - Setting next_dagrun for dataset_s3_bucket_producer to None, run_after=None
[2024-10-22T03:35:06.251+0000] {processor.py:208} INFO - Processing /home/airflow/.local/lib/python3.12/site-packages/airflow/example_dags/example_dataset_alias.py took 0.270 seconds
[2024-10-22T03:35:36.436+0000] {processor.py:186} INFO - Started process (PID=57002) to work on /home/airflow/.local/lib/python3.12/site-packages/airflow/example_dags/example_dataset_alias.py
[2024-10-22T03:35:36.438+0000] {processor.py:914} INFO - Processing file /home/airflow/.local/lib/python3.12/site-packages/airflow/example_dags/example_dataset_alias.py for tasks to queue
[2024-10-22T03:35:36.440+0000] {logging_mixin.py:190} INFO - [2024-10-22T03:35:36.439+0000] {dagbag.py:588} INFO - Filling up the DagBag from /home/airflow/.local/lib/python3.12/site-packages/airflow/example_dags/example_dataset_alias.py
[2024-10-22T03:35:36.622+0000] {processor.py:925} INFO - DAG(s) 'dataset_s3_bucket_producer', 'dataset_alias_example_alias_consumer', 'dataset_s3_bucket_consumer', 'dataset_alias_example_alias_producer' retrieved from /home/airflow/.local/lib/python3.12/site-packages/airflow/example_dags/example_dataset_alias.py
[2024-10-22T03:35:36.646+0000] {logging_mixin.py:190} INFO - [2024-10-22T03:35:36.646+0000] {dag.py:3239} INFO - Sync 4 DAGs
[2024-10-22T03:35:36.670+0000] {logging_mixin.py:190} INFO - [2024-10-22T03:35:36.669+0000] {dag.py:4180} INFO - Setting next_dagrun for dataset_alias_example_alias_consumer to None, run_after=None
[2024-10-22T03:35:36.672+0000] {logging_mixin.py:190} INFO - [2024-10-22T03:35:36.672+0000] {dag.py:4180} INFO - Setting next_dagrun for dataset_alias_example_alias_producer to None, run_after=None
[2024-10-22T03:35:36.674+0000] {logging_mixin.py:190} INFO - [2024-10-22T03:35:36.673+0000] {dag.py:4180} INFO - Setting next_dagrun for dataset_s3_bucket_consumer to None, run_after=None
[2024-10-22T03:35:36.675+0000] {logging_mixin.py:190} INFO - [2024-10-22T03:35:36.675+0000] {dag.py:4180} INFO - Setting next_dagrun for dataset_s3_bucket_producer to None, run_after=None
[2024-10-22T03:35:36.696+0000] {processor.py:208} INFO - Processing /home/airflow/.local/lib/python3.12/site-packages/airflow/example_dags/example_dataset_alias.py took 0.269 seconds
[2024-10-22T03:36:06.767+0000] {processor.py:186} INFO - Started process (PID=57069) to work on /home/airflow/.local/lib/python3.12/site-packages/airflow/example_dags/example_dataset_alias.py
[2024-10-22T03:36:06.768+0000] {processor.py:914} INFO - Processing file /home/airflow/.local/lib/python3.12/site-packages/airflow/example_dags/example_dataset_alias.py for tasks to queue
[2024-10-22T03:36:06.770+0000] {logging_mixin.py:190} INFO - [2024-10-22T03:36:06.770+0000] {dagbag.py:588} INFO - Filling up the DagBag from /home/airflow/.local/lib/python3.12/site-packages/airflow/example_dags/example_dataset_alias.py
[2024-10-22T03:36:06.970+0000] {processor.py:925} INFO - DAG(s) 'dataset_s3_bucket_producer', 'dataset_alias_example_alias_producer', 'dataset_s3_bucket_consumer', 'dataset_alias_example_alias_consumer' retrieved from /home/airflow/.local/lib/python3.12/site-packages/airflow/example_dags/example_dataset_alias.py
[2024-10-22T03:36:06.995+0000] {logging_mixin.py:190} INFO - [2024-10-22T03:36:06.995+0000] {dag.py:3239} INFO - Sync 4 DAGs
[2024-10-22T03:36:07.019+0000] {logging_mixin.py:190} INFO - [2024-10-22T03:36:07.019+0000] {dag.py:4180} INFO - Setting next_dagrun for dataset_alias_example_alias_consumer to None, run_after=None
[2024-10-22T03:36:07.022+0000] {logging_mixin.py:190} INFO - [2024-10-22T03:36:07.022+0000] {dag.py:4180} INFO - Setting next_dagrun for dataset_alias_example_alias_producer to None, run_after=None
[2024-10-22T03:36:07.023+0000] {logging_mixin.py:190} INFO - [2024-10-22T03:36:07.023+0000] {dag.py:4180} INFO - Setting next_dagrun for dataset_s3_bucket_consumer to None, run_after=None
[2024-10-22T03:36:07.025+0000] {logging_mixin.py:190} INFO - [2024-10-22T03:36:07.024+0000] {dag.py:4180} INFO - Setting next_dagrun for dataset_s3_bucket_producer to None, run_after=None
[2024-10-22T03:36:07.048+0000] {processor.py:208} INFO - Processing /home/airflow/.local/lib/python3.12/site-packages/airflow/example_dags/example_dataset_alias.py took 0.290 seconds
[2024-10-22T03:36:37.368+0000] {processor.py:186} INFO - Started process (PID=57136) to work on /home/airflow/.local/lib/python3.12/site-packages/airflow/example_dags/example_dataset_alias.py
[2024-10-22T03:36:37.369+0000] {processor.py:914} INFO - Processing file /home/airflow/.local/lib/python3.12/site-packages/airflow/example_dags/example_dataset_alias.py for tasks to queue
[2024-10-22T03:36:37.371+0000] {logging_mixin.py:190} INFO - [2024-10-22T03:36:37.370+0000] {dagbag.py:588} INFO - Filling up the DagBag from /home/airflow/.local/lib/python3.12/site-packages/airflow/example_dags/example_dataset_alias.py
[2024-10-22T03:36:37.613+0000] {processor.py:925} INFO - DAG(s) 'dataset_alias_example_alias_consumer', 'dataset_alias_example_alias_producer', 'dataset_s3_bucket_producer', 'dataset_s3_bucket_consumer' retrieved from /home/airflow/.local/lib/python3.12/site-packages/airflow/example_dags/example_dataset_alias.py
[2024-10-22T03:36:37.639+0000] {logging_mixin.py:190} INFO - [2024-10-22T03:36:37.638+0000] {dag.py:3239} INFO - Sync 4 DAGs
[2024-10-22T03:36:37.662+0000] {logging_mixin.py:190} INFO - [2024-10-22T03:36:37.662+0000] {dag.py:4180} INFO - Setting next_dagrun for dataset_alias_example_alias_consumer to None, run_after=None
[2024-10-22T03:36:37.665+0000] {logging_mixin.py:190} INFO - [2024-10-22T03:36:37.665+0000] {dag.py:4180} INFO - Setting next_dagrun for dataset_alias_example_alias_producer to None, run_after=None
[2024-10-22T03:36:37.667+0000] {logging_mixin.py:190} INFO - [2024-10-22T03:36:37.667+0000] {dag.py:4180} INFO - Setting next_dagrun for dataset_s3_bucket_consumer to None, run_after=None
[2024-10-22T03:36:37.668+0000] {logging_mixin.py:190} INFO - [2024-10-22T03:36:37.668+0000] {dag.py:4180} INFO - Setting next_dagrun for dataset_s3_bucket_producer to None, run_after=None
[2024-10-22T03:36:37.692+0000] {processor.py:208} INFO - Processing /home/airflow/.local/lib/python3.12/site-packages/airflow/example_dags/example_dataset_alias.py took 0.332 seconds
[2024-10-22T03:37:08.110+0000] {processor.py:186} INFO - Started process (PID=57203) to work on /home/airflow/.local/lib/python3.12/site-packages/airflow/example_dags/example_dataset_alias.py
[2024-10-22T03:37:08.112+0000] {processor.py:914} INFO - Processing file /home/airflow/.local/lib/python3.12/site-packages/airflow/example_dags/example_dataset_alias.py for tasks to queue
[2024-10-22T03:37:08.113+0000] {logging_mixin.py:190} INFO - [2024-10-22T03:37:08.113+0000] {dagbag.py:588} INFO - Filling up the DagBag from /home/airflow/.local/lib/python3.12/site-packages/airflow/example_dags/example_dataset_alias.py
[2024-10-22T03:37:08.339+0000] {processor.py:925} INFO - DAG(s) 'dataset_s3_bucket_consumer', 'dataset_alias_example_alias_producer', 'dataset_s3_bucket_producer', 'dataset_alias_example_alias_consumer' retrieved from /home/airflow/.local/lib/python3.12/site-packages/airflow/example_dags/example_dataset_alias.py
[2024-10-22T03:37:08.391+0000] {logging_mixin.py:190} INFO - [2024-10-22T03:37:08.391+0000] {dag.py:3239} INFO - Sync 4 DAGs
[2024-10-22T03:37:08.448+0000] {logging_mixin.py:190} INFO - [2024-10-22T03:37:08.446+0000] {dag.py:4180} INFO - Setting next_dagrun for dataset_alias_example_alias_consumer to None, run_after=None
[2024-10-22T03:37:08.459+0000] {logging_mixin.py:190} INFO - [2024-10-22T03:37:08.458+0000] {dag.py:4180} INFO - Setting next_dagrun for dataset_alias_example_alias_producer to None, run_after=None
[2024-10-22T03:37:08.472+0000] {logging_mixin.py:190} INFO - [2024-10-22T03:37:08.468+0000] {dag.py:4180} INFO - Setting next_dagrun for dataset_s3_bucket_consumer to None, run_after=None
[2024-10-22T03:37:08.477+0000] {logging_mixin.py:190} INFO - [2024-10-22T03:37:08.477+0000] {dag.py:4180} INFO - Setting next_dagrun for dataset_s3_bucket_producer to None, run_after=None
[2024-10-22T03:37:08.522+0000] {processor.py:208} INFO - Processing /home/airflow/.local/lib/python3.12/site-packages/airflow/example_dags/example_dataset_alias.py took 0.420 seconds
[2024-10-22T03:37:38.691+0000] {processor.py:186} INFO - Started process (PID=57270) to work on /home/airflow/.local/lib/python3.12/site-packages/airflow/example_dags/example_dataset_alias.py
[2024-10-22T03:37:38.692+0000] {processor.py:914} INFO - Processing file /home/airflow/.local/lib/python3.12/site-packages/airflow/example_dags/example_dataset_alias.py for tasks to queue
[2024-10-22T03:37:38.693+0000] {logging_mixin.py:190} INFO - [2024-10-22T03:37:38.693+0000] {dagbag.py:588} INFO - Filling up the DagBag from /home/airflow/.local/lib/python3.12/site-packages/airflow/example_dags/example_dataset_alias.py
[2024-10-22T03:37:38.887+0000] {processor.py:925} INFO - DAG(s) 'dataset_s3_bucket_consumer', 'dataset_s3_bucket_producer', 'dataset_alias_example_alias_consumer', 'dataset_alias_example_alias_producer' retrieved from /home/airflow/.local/lib/python3.12/site-packages/airflow/example_dags/example_dataset_alias.py
[2024-10-22T03:37:38.914+0000] {logging_mixin.py:190} INFO - [2024-10-22T03:37:38.914+0000] {dag.py:3239} INFO - Sync 4 DAGs
[2024-10-22T03:37:38.940+0000] {logging_mixin.py:190} INFO - [2024-10-22T03:37:38.939+0000] {dag.py:4180} INFO - Setting next_dagrun for dataset_alias_example_alias_consumer to None, run_after=None
[2024-10-22T03:37:38.942+0000] {logging_mixin.py:190} INFO - [2024-10-22T03:37:38.942+0000] {dag.py:4180} INFO - Setting next_dagrun for dataset_alias_example_alias_producer to None, run_after=None
[2024-10-22T03:37:38.944+0000] {logging_mixin.py:190} INFO - [2024-10-22T03:37:38.943+0000] {dag.py:4180} INFO - Setting next_dagrun for dataset_s3_bucket_consumer to None, run_after=None
[2024-10-22T03:37:38.945+0000] {logging_mixin.py:190} INFO - [2024-10-22T03:37:38.945+0000] {dag.py:4180} INFO - Setting next_dagrun for dataset_s3_bucket_producer to None, run_after=None
[2024-10-22T03:37:38.969+0000] {processor.py:208} INFO - Processing /home/airflow/.local/lib/python3.12/site-packages/airflow/example_dags/example_dataset_alias.py took 0.286 seconds
[2024-10-22T03:38:09.305+0000] {processor.py:186} INFO - Started process (PID=57337) to work on /home/airflow/.local/lib/python3.12/site-packages/airflow/example_dags/example_dataset_alias.py
[2024-10-22T03:38:09.306+0000] {processor.py:914} INFO - Processing file /home/airflow/.local/lib/python3.12/site-packages/airflow/example_dags/example_dataset_alias.py for tasks to queue
[2024-10-22T03:38:09.308+0000] {logging_mixin.py:190} INFO - [2024-10-22T03:38:09.308+0000] {dagbag.py:588} INFO - Filling up the DagBag from /home/airflow/.local/lib/python3.12/site-packages/airflow/example_dags/example_dataset_alias.py
[2024-10-22T03:38:09.497+0000] {processor.py:925} INFO - DAG(s) 'dataset_alias_example_alias_consumer', 'dataset_s3_bucket_consumer', 'dataset_alias_example_alias_producer', 'dataset_s3_bucket_producer' retrieved from /home/airflow/.local/lib/python3.12/site-packages/airflow/example_dags/example_dataset_alias.py
[2024-10-22T03:38:09.522+0000] {logging_mixin.py:190} INFO - [2024-10-22T03:38:09.522+0000] {dag.py:3239} INFO - Sync 4 DAGs
[2024-10-22T03:38:09.546+0000] {logging_mixin.py:190} INFO - [2024-10-22T03:38:09.546+0000] {dag.py:4180} INFO - Setting next_dagrun for dataset_alias_example_alias_consumer to None, run_after=None
[2024-10-22T03:38:09.549+0000] {logging_mixin.py:190} INFO - [2024-10-22T03:38:09.549+0000] {dag.py:4180} INFO - Setting next_dagrun for dataset_alias_example_alias_producer to None, run_after=None
[2024-10-22T03:38:09.550+0000] {logging_mixin.py:190} INFO - [2024-10-22T03:38:09.550+0000] {dag.py:4180} INFO - Setting next_dagrun for dataset_s3_bucket_consumer to None, run_after=None
[2024-10-22T03:38:09.551+0000] {logging_mixin.py:190} INFO - [2024-10-22T03:38:09.551+0000] {dag.py:4180} INFO - Setting next_dagrun for dataset_s3_bucket_producer to None, run_after=None
[2024-10-22T03:38:09.575+0000] {processor.py:208} INFO - Processing /home/airflow/.local/lib/python3.12/site-packages/airflow/example_dags/example_dataset_alias.py took 0.277 seconds
[2024-10-22T03:38:39.779+0000] {processor.py:186} INFO - Started process (PID=57404) to work on /home/airflow/.local/lib/python3.12/site-packages/airflow/example_dags/example_dataset_alias.py
[2024-10-22T03:38:39.780+0000] {processor.py:914} INFO - Processing file /home/airflow/.local/lib/python3.12/site-packages/airflow/example_dags/example_dataset_alias.py for tasks to queue
[2024-10-22T03:38:39.782+0000] {logging_mixin.py:190} INFO - [2024-10-22T03:38:39.781+0000] {dagbag.py:588} INFO - Filling up the DagBag from /home/airflow/.local/lib/python3.12/site-packages/airflow/example_dags/example_dataset_alias.py
[2024-10-22T03:38:39.974+0000] {processor.py:925} INFO - DAG(s) 'dataset_alias_example_alias_consumer', 'dataset_alias_example_alias_producer', 'dataset_s3_bucket_consumer', 'dataset_s3_bucket_producer' retrieved from /home/airflow/.local/lib/python3.12/site-packages/airflow/example_dags/example_dataset_alias.py
[2024-10-22T03:38:39.998+0000] {logging_mixin.py:190} INFO - [2024-10-22T03:38:39.997+0000] {dag.py:3239} INFO - Sync 4 DAGs
[2024-10-22T03:38:40.021+0000] {logging_mixin.py:190} INFO - [2024-10-22T03:38:40.021+0000] {dag.py:4180} INFO - Setting next_dagrun for dataset_alias_example_alias_consumer to None, run_after=None
[2024-10-22T03:38:40.026+0000] {logging_mixin.py:190} INFO - [2024-10-22T03:38:40.025+0000] {dag.py:4180} INFO - Setting next_dagrun for dataset_alias_example_alias_producer to None, run_after=None
[2024-10-22T03:38:40.028+0000] {logging_mixin.py:190} INFO - [2024-10-22T03:38:40.027+0000] {dag.py:4180} INFO - Setting next_dagrun for dataset_s3_bucket_consumer to None, run_after=None
[2024-10-22T03:38:40.029+0000] {logging_mixin.py:190} INFO - [2024-10-22T03:38:40.029+0000] {dag.py:4180} INFO - Setting next_dagrun for dataset_s3_bucket_producer to None, run_after=None
[2024-10-22T03:38:40.054+0000] {processor.py:208} INFO - Processing /home/airflow/.local/lib/python3.12/site-packages/airflow/example_dags/example_dataset_alias.py took 0.283 seconds
[2024-10-22T03:39:10.941+0000] {processor.py:186} INFO - Started process (PID=57471) to work on /home/airflow/.local/lib/python3.12/site-packages/airflow/example_dags/example_dataset_alias.py
[2024-10-22T03:39:10.943+0000] {processor.py:914} INFO - Processing file /home/airflow/.local/lib/python3.12/site-packages/airflow/example_dags/example_dataset_alias.py for tasks to queue
[2024-10-22T03:39:10.945+0000] {logging_mixin.py:190} INFO - [2024-10-22T03:39:10.945+0000] {dagbag.py:588} INFO - Filling up the DagBag from /home/airflow/.local/lib/python3.12/site-packages/airflow/example_dags/example_dataset_alias.py
[2024-10-22T03:39:11.150+0000] {processor.py:925} INFO - DAG(s) 'dataset_s3_bucket_producer', 'dataset_alias_example_alias_consumer', 'dataset_alias_example_alias_producer', 'dataset_s3_bucket_consumer' retrieved from /home/airflow/.local/lib/python3.12/site-packages/airflow/example_dags/example_dataset_alias.py
[2024-10-22T03:39:11.174+0000] {logging_mixin.py:190} INFO - [2024-10-22T03:39:11.174+0000] {dag.py:3239} INFO - Sync 4 DAGs
[2024-10-22T03:39:11.198+0000] {logging_mixin.py:190} INFO - [2024-10-22T03:39:11.197+0000] {dag.py:4180} INFO - Setting next_dagrun for dataset_alias_example_alias_consumer to None, run_after=None
[2024-10-22T03:39:11.201+0000] {logging_mixin.py:190} INFO - [2024-10-22T03:39:11.201+0000] {dag.py:4180} INFO - Setting next_dagrun for dataset_alias_example_alias_producer to None, run_after=None
[2024-10-22T03:39:11.202+0000] {logging_mixin.py:190} INFO - [2024-10-22T03:39:11.202+0000] {dag.py:4180} INFO - Setting next_dagrun for dataset_s3_bucket_consumer to None, run_after=None
[2024-10-22T03:39:11.204+0000] {logging_mixin.py:190} INFO - [2024-10-22T03:39:11.204+0000] {dag.py:4180} INFO - Setting next_dagrun for dataset_s3_bucket_producer to None, run_after=None
[2024-10-22T03:39:11.225+0000] {processor.py:208} INFO - Processing /home/airflow/.local/lib/python3.12/site-packages/airflow/example_dags/example_dataset_alias.py took 0.292 seconds
[2024-10-22T03:39:41.265+0000] {processor.py:186} INFO - Started process (PID=57538) to work on /home/airflow/.local/lib/python3.12/site-packages/airflow/example_dags/example_dataset_alias.py
[2024-10-22T03:39:41.266+0000] {processor.py:914} INFO - Processing file /home/airflow/.local/lib/python3.12/site-packages/airflow/example_dags/example_dataset_alias.py for tasks to queue
[2024-10-22T03:39:41.267+0000] {logging_mixin.py:190} INFO - [2024-10-22T03:39:41.267+0000] {dagbag.py:588} INFO - Filling up the DagBag from /home/airflow/.local/lib/python3.12/site-packages/airflow/example_dags/example_dataset_alias.py
[2024-10-22T03:39:41.448+0000] {processor.py:925} INFO - DAG(s) 'dataset_s3_bucket_producer', 'dataset_alias_example_alias_producer', 'dataset_s3_bucket_consumer', 'dataset_alias_example_alias_consumer' retrieved from /home/airflow/.local/lib/python3.12/site-packages/airflow/example_dags/example_dataset_alias.py
[2024-10-22T03:39:41.471+0000] {logging_mixin.py:190} INFO - [2024-10-22T03:39:41.471+0000] {dag.py:3239} INFO - Sync 4 DAGs
[2024-10-22T03:39:41.496+0000] {logging_mixin.py:190} INFO - [2024-10-22T03:39:41.496+0000] {dag.py:4180} INFO - Setting next_dagrun for dataset_alias_example_alias_consumer to None, run_after=None
[2024-10-22T03:39:41.499+0000] {logging_mixin.py:190} INFO - [2024-10-22T03:39:41.499+0000] {dag.py:4180} INFO - Setting next_dagrun for dataset_alias_example_alias_producer to None, run_after=None
[2024-10-22T03:39:41.501+0000] {logging_mixin.py:190} INFO - [2024-10-22T03:39:41.501+0000] {dag.py:4180} INFO - Setting next_dagrun for dataset_s3_bucket_consumer to None, run_after=None
[2024-10-22T03:39:41.502+0000] {logging_mixin.py:190} INFO - [2024-10-22T03:39:41.502+0000] {dag.py:4180} INFO - Setting next_dagrun for dataset_s3_bucket_producer to None, run_after=None
[2024-10-22T03:39:41.525+0000] {processor.py:208} INFO - Processing /home/airflow/.local/lib/python3.12/site-packages/airflow/example_dags/example_dataset_alias.py took 0.268 seconds
[2024-10-22T03:40:12.477+0000] {processor.py:186} INFO - Started process (PID=57605) to work on /home/airflow/.local/lib/python3.12/site-packages/airflow/example_dags/example_dataset_alias.py
[2024-10-22T03:40:12.478+0000] {processor.py:914} INFO - Processing file /home/airflow/.local/lib/python3.12/site-packages/airflow/example_dags/example_dataset_alias.py for tasks to queue
[2024-10-22T03:40:12.480+0000] {logging_mixin.py:190} INFO - [2024-10-22T03:40:12.479+0000] {dagbag.py:588} INFO - Filling up the DagBag from /home/airflow/.local/lib/python3.12/site-packages/airflow/example_dags/example_dataset_alias.py
[2024-10-22T03:40:12.669+0000] {processor.py:925} INFO - DAG(s) 'dataset_s3_bucket_producer', 'dataset_s3_bucket_consumer', 'dataset_alias_example_alias_consumer', 'dataset_alias_example_alias_producer' retrieved from /home/airflow/.local/lib/python3.12/site-packages/airflow/example_dags/example_dataset_alias.py
[2024-10-22T03:40:12.694+0000] {logging_mixin.py:190} INFO - [2024-10-22T03:40:12.694+0000] {dag.py:3239} INFO - Sync 4 DAGs
[2024-10-22T03:40:12.716+0000] {logging_mixin.py:190} INFO - [2024-10-22T03:40:12.716+0000] {dag.py:4180} INFO - Setting next_dagrun for dataset_alias_example_alias_consumer to None, run_after=None
[2024-10-22T03:40:12.719+0000] {logging_mixin.py:190} INFO - [2024-10-22T03:40:12.719+0000] {dag.py:4180} INFO - Setting next_dagrun for dataset_alias_example_alias_producer to None, run_after=None
[2024-10-22T03:40:12.721+0000] {logging_mixin.py:190} INFO - [2024-10-22T03:40:12.720+0000] {dag.py:4180} INFO - Setting next_dagrun for dataset_s3_bucket_consumer to None, run_after=None
[2024-10-22T03:40:12.722+0000] {logging_mixin.py:190} INFO - [2024-10-22T03:40:12.722+0000] {dag.py:4180} INFO - Setting next_dagrun for dataset_s3_bucket_producer to None, run_after=None
[2024-10-22T03:40:12.748+0000] {processor.py:208} INFO - Processing /home/airflow/.local/lib/python3.12/site-packages/airflow/example_dags/example_dataset_alias.py took 0.278 seconds
[2024-10-22T03:40:42.821+0000] {processor.py:186} INFO - Started process (PID=57673) to work on /home/airflow/.local/lib/python3.12/site-packages/airflow/example_dags/example_dataset_alias.py
[2024-10-22T03:40:42.822+0000] {processor.py:914} INFO - Processing file /home/airflow/.local/lib/python3.12/site-packages/airflow/example_dags/example_dataset_alias.py for tasks to queue
[2024-10-22T03:40:42.823+0000] {logging_mixin.py:190} INFO - [2024-10-22T03:40:42.823+0000] {dagbag.py:588} INFO - Filling up the DagBag from /home/airflow/.local/lib/python3.12/site-packages/airflow/example_dags/example_dataset_alias.py
[2024-10-22T03:40:43.007+0000] {processor.py:925} INFO - DAG(s) 'dataset_s3_bucket_producer', 'dataset_alias_example_alias_producer', 'dataset_alias_example_alias_consumer', 'dataset_s3_bucket_consumer' retrieved from /home/airflow/.local/lib/python3.12/site-packages/airflow/example_dags/example_dataset_alias.py
[2024-10-22T03:40:43.031+0000] {logging_mixin.py:190} INFO - [2024-10-22T03:40:43.030+0000] {dag.py:3239} INFO - Sync 4 DAGs
[2024-10-22T03:40:43.053+0000] {logging_mixin.py:190} INFO - [2024-10-22T03:40:43.053+0000] {dag.py:4180} INFO - Setting next_dagrun for dataset_alias_example_alias_consumer to None, run_after=None
[2024-10-22T03:40:43.056+0000] {logging_mixin.py:190} INFO - [2024-10-22T03:40:43.056+0000] {dag.py:4180} INFO - Setting next_dagrun for dataset_alias_example_alias_producer to None, run_after=None
[2024-10-22T03:40:43.058+0000] {logging_mixin.py:190} INFO - [2024-10-22T03:40:43.058+0000] {dag.py:4180} INFO - Setting next_dagrun for dataset_s3_bucket_consumer to None, run_after=None
[2024-10-22T03:40:43.059+0000] {logging_mixin.py:190} INFO - [2024-10-22T03:40:43.059+0000] {dag.py:4180} INFO - Setting next_dagrun for dataset_s3_bucket_producer to None, run_after=None
[2024-10-22T03:40:43.079+0000] {processor.py:208} INFO - Processing /home/airflow/.local/lib/python3.12/site-packages/airflow/example_dags/example_dataset_alias.py took 0.266 seconds
[2024-10-22T03:41:13.283+0000] {processor.py:186} INFO - Started process (PID=57740) to work on /home/airflow/.local/lib/python3.12/site-packages/airflow/example_dags/example_dataset_alias.py
[2024-10-22T03:41:13.284+0000] {processor.py:914} INFO - Processing file /home/airflow/.local/lib/python3.12/site-packages/airflow/example_dags/example_dataset_alias.py for tasks to queue
[2024-10-22T03:41:13.286+0000] {logging_mixin.py:190} INFO - [2024-10-22T03:41:13.285+0000] {dagbag.py:588} INFO - Filling up the DagBag from /home/airflow/.local/lib/python3.12/site-packages/airflow/example_dags/example_dataset_alias.py
[2024-10-22T03:41:13.485+0000] {processor.py:925} INFO - DAG(s) 'dataset_alias_example_alias_consumer', 'dataset_alias_example_alias_producer', 'dataset_s3_bucket_producer', 'dataset_s3_bucket_consumer' retrieved from /home/airflow/.local/lib/python3.12/site-packages/airflow/example_dags/example_dataset_alias.py
[2024-10-22T03:41:13.512+0000] {logging_mixin.py:190} INFO - [2024-10-22T03:41:13.512+0000] {dag.py:3239} INFO - Sync 4 DAGs
[2024-10-22T03:41:13.537+0000] {logging_mixin.py:190} INFO - [2024-10-22T03:41:13.536+0000] {dag.py:4180} INFO - Setting next_dagrun for dataset_alias_example_alias_consumer to None, run_after=None
[2024-10-22T03:41:13.541+0000] {logging_mixin.py:190} INFO - [2024-10-22T03:41:13.541+0000] {dag.py:4180} INFO - Setting next_dagrun for dataset_alias_example_alias_producer to None, run_after=None
[2024-10-22T03:41:13.543+0000] {logging_mixin.py:190} INFO - [2024-10-22T03:41:13.542+0000] {dag.py:4180} INFO - Setting next_dagrun for dataset_s3_bucket_consumer to None, run_after=None
[2024-10-22T03:41:13.544+0000] {logging_mixin.py:190} INFO - [2024-10-22T03:41:13.544+0000] {dag.py:4180} INFO - Setting next_dagrun for dataset_s3_bucket_producer to None, run_after=None
[2024-10-22T03:41:13.566+0000] {processor.py:208} INFO - Processing /home/airflow/.local/lib/python3.12/site-packages/airflow/example_dags/example_dataset_alias.py took 0.295 seconds
[2024-10-22T03:41:43.621+0000] {processor.py:186} INFO - Started process (PID=57807) to work on /home/airflow/.local/lib/python3.12/site-packages/airflow/example_dags/example_dataset_alias.py
[2024-10-22T03:41:43.622+0000] {processor.py:914} INFO - Processing file /home/airflow/.local/lib/python3.12/site-packages/airflow/example_dags/example_dataset_alias.py for tasks to queue
[2024-10-22T03:41:43.623+0000] {logging_mixin.py:190} INFO - [2024-10-22T03:41:43.623+0000] {dagbag.py:588} INFO - Filling up the DagBag from /home/airflow/.local/lib/python3.12/site-packages/airflow/example_dags/example_dataset_alias.py
[2024-10-22T03:41:43.859+0000] {processor.py:925} INFO - DAG(s) 'dataset_s3_bucket_consumer', 'dataset_alias_example_alias_consumer', 'dataset_alias_example_alias_producer', 'dataset_s3_bucket_producer' retrieved from /home/airflow/.local/lib/python3.12/site-packages/airflow/example_dags/example_dataset_alias.py
[2024-10-22T03:41:43.888+0000] {logging_mixin.py:190} INFO - [2024-10-22T03:41:43.887+0000] {dag.py:3239} INFO - Sync 4 DAGs
[2024-10-22T03:41:43.915+0000] {logging_mixin.py:190} INFO - [2024-10-22T03:41:43.915+0000] {dag.py:4180} INFO - Setting next_dagrun for dataset_alias_example_alias_consumer to None, run_after=None
[2024-10-22T03:41:43.918+0000] {logging_mixin.py:190} INFO - [2024-10-22T03:41:43.918+0000] {dag.py:4180} INFO - Setting next_dagrun for dataset_alias_example_alias_producer to None, run_after=None
[2024-10-22T03:41:43.920+0000] {logging_mixin.py:190} INFO - [2024-10-22T03:41:43.919+0000] {dag.py:4180} INFO - Setting next_dagrun for dataset_s3_bucket_consumer to None, run_after=None
[2024-10-22T03:41:43.922+0000] {logging_mixin.py:190} INFO - [2024-10-22T03:41:43.922+0000] {dag.py:4180} INFO - Setting next_dagrun for dataset_s3_bucket_producer to None, run_after=None
[2024-10-22T03:41:43.948+0000] {processor.py:208} INFO - Processing /home/airflow/.local/lib/python3.12/site-packages/airflow/example_dags/example_dataset_alias.py took 0.335 seconds
[2024-10-22T03:42:14.101+0000] {processor.py:186} INFO - Started process (PID=57873) to work on /home/airflow/.local/lib/python3.12/site-packages/airflow/example_dags/example_dataset_alias.py
[2024-10-22T03:42:14.103+0000] {processor.py:914} INFO - Processing file /home/airflow/.local/lib/python3.12/site-packages/airflow/example_dags/example_dataset_alias.py for tasks to queue
[2024-10-22T03:42:14.104+0000] {logging_mixin.py:190} INFO - [2024-10-22T03:42:14.104+0000] {dagbag.py:588} INFO - Filling up the DagBag from /home/airflow/.local/lib/python3.12/site-packages/airflow/example_dags/example_dataset_alias.py
[2024-10-22T03:42:14.295+0000] {processor.py:925} INFO - DAG(s) 'dataset_s3_bucket_consumer', 'dataset_alias_example_alias_consumer', 'dataset_s3_bucket_producer', 'dataset_alias_example_alias_producer' retrieved from /home/airflow/.local/lib/python3.12/site-packages/airflow/example_dags/example_dataset_alias.py
[2024-10-22T03:42:14.321+0000] {logging_mixin.py:190} INFO - [2024-10-22T03:42:14.320+0000] {dag.py:3239} INFO - Sync 4 DAGs
[2024-10-22T03:42:14.344+0000] {logging_mixin.py:190} INFO - [2024-10-22T03:42:14.344+0000] {dag.py:4180} INFO - Setting next_dagrun for dataset_alias_example_alias_consumer to None, run_after=None
[2024-10-22T03:42:14.347+0000] {logging_mixin.py:190} INFO - [2024-10-22T03:42:14.347+0000] {dag.py:4180} INFO - Setting next_dagrun for dataset_alias_example_alias_producer to None, run_after=None
[2024-10-22T03:42:14.348+0000] {logging_mixin.py:190} INFO - [2024-10-22T03:42:14.348+0000] {dag.py:4180} INFO - Setting next_dagrun for dataset_s3_bucket_consumer to None, run_after=None
[2024-10-22T03:42:14.350+0000] {logging_mixin.py:190} INFO - [2024-10-22T03:42:14.349+0000] {dag.py:4180} INFO - Setting next_dagrun for dataset_s3_bucket_producer to None, run_after=None
[2024-10-22T03:42:14.377+0000] {processor.py:208} INFO - Processing /home/airflow/.local/lib/python3.12/site-packages/airflow/example_dags/example_dataset_alias.py took 0.283 seconds
[2024-10-22T03:42:45.069+0000] {processor.py:186} INFO - Started process (PID=57940) to work on /home/airflow/.local/lib/python3.12/site-packages/airflow/example_dags/example_dataset_alias.py
[2024-10-22T03:42:45.070+0000] {processor.py:914} INFO - Processing file /home/airflow/.local/lib/python3.12/site-packages/airflow/example_dags/example_dataset_alias.py for tasks to queue
[2024-10-22T03:42:45.072+0000] {logging_mixin.py:190} INFO - [2024-10-22T03:42:45.071+0000] {dagbag.py:588} INFO - Filling up the DagBag from /home/airflow/.local/lib/python3.12/site-packages/airflow/example_dags/example_dataset_alias.py
[2024-10-22T03:42:45.272+0000] {processor.py:925} INFO - DAG(s) 'dataset_alias_example_alias_consumer', 'dataset_s3_bucket_producer', 'dataset_s3_bucket_consumer', 'dataset_alias_example_alias_producer' retrieved from /home/airflow/.local/lib/python3.12/site-packages/airflow/example_dags/example_dataset_alias.py
[2024-10-22T03:42:45.299+0000] {logging_mixin.py:190} INFO - [2024-10-22T03:42:45.299+0000] {dag.py:3239} INFO - Sync 4 DAGs
[2024-10-22T03:42:45.325+0000] {logging_mixin.py:190} INFO - [2024-10-22T03:42:45.325+0000] {dag.py:4180} INFO - Setting next_dagrun for dataset_alias_example_alias_consumer to None, run_after=None
[2024-10-22T03:42:45.328+0000] {logging_mixin.py:190} INFO - [2024-10-22T03:42:45.327+0000] {dag.py:4180} INFO - Setting next_dagrun for dataset_alias_example_alias_producer to None, run_after=None
[2024-10-22T03:42:45.329+0000] {logging_mixin.py:190} INFO - [2024-10-22T03:42:45.329+0000] {dag.py:4180} INFO - Setting next_dagrun for dataset_s3_bucket_consumer to None, run_after=None
[2024-10-22T03:42:45.330+0000] {logging_mixin.py:190} INFO - [2024-10-22T03:42:45.330+0000] {dag.py:4180} INFO - Setting next_dagrun for dataset_s3_bucket_producer to None, run_after=None
[2024-10-22T03:42:45.358+0000] {processor.py:208} INFO - Processing /home/airflow/.local/lib/python3.12/site-packages/airflow/example_dags/example_dataset_alias.py took 0.297 seconds
[2024-10-22T03:43:15.565+0000] {processor.py:186} INFO - Started process (PID=58007) to work on /home/airflow/.local/lib/python3.12/site-packages/airflow/example_dags/example_dataset_alias.py
[2024-10-22T03:43:15.567+0000] {processor.py:914} INFO - Processing file /home/airflow/.local/lib/python3.12/site-packages/airflow/example_dags/example_dataset_alias.py for tasks to queue
[2024-10-22T03:43:15.568+0000] {logging_mixin.py:190} INFO - [2024-10-22T03:43:15.568+0000] {dagbag.py:588} INFO - Filling up the DagBag from /home/airflow/.local/lib/python3.12/site-packages/airflow/example_dags/example_dataset_alias.py
[2024-10-22T03:43:15.759+0000] {processor.py:925} INFO - DAG(s) 'dataset_alias_example_alias_consumer', 'dataset_alias_example_alias_producer', 'dataset_s3_bucket_producer', 'dataset_s3_bucket_consumer' retrieved from /home/airflow/.local/lib/python3.12/site-packages/airflow/example_dags/example_dataset_alias.py
[2024-10-22T03:43:15.780+0000] {logging_mixin.py:190} INFO - [2024-10-22T03:43:15.780+0000] {dag.py:3239} INFO - Sync 4 DAGs
[2024-10-22T03:43:15.805+0000] {logging_mixin.py:190} INFO - [2024-10-22T03:43:15.805+0000] {dag.py:4180} INFO - Setting next_dagrun for dataset_alias_example_alias_consumer to None, run_after=None
[2024-10-22T03:43:15.808+0000] {logging_mixin.py:190} INFO - [2024-10-22T03:43:15.808+0000] {dag.py:4180} INFO - Setting next_dagrun for dataset_alias_example_alias_producer to None, run_after=None
[2024-10-22T03:43:15.809+0000] {logging_mixin.py:190} INFO - [2024-10-22T03:43:15.809+0000] {dag.py:4180} INFO - Setting next_dagrun for dataset_s3_bucket_consumer to None, run_after=None
[2024-10-22T03:43:15.811+0000] {logging_mixin.py:190} INFO - [2024-10-22T03:43:15.811+0000] {dag.py:4180} INFO - Setting next_dagrun for dataset_s3_bucket_producer to None, run_after=None
[2024-10-22T03:43:15.834+0000] {processor.py:208} INFO - Processing /home/airflow/.local/lib/python3.12/site-packages/airflow/example_dags/example_dataset_alias.py took 0.276 seconds
[2024-10-22T03:43:46.167+0000] {processor.py:186} INFO - Started process (PID=58074) to work on /home/airflow/.local/lib/python3.12/site-packages/airflow/example_dags/example_dataset_alias.py
[2024-10-22T03:43:46.168+0000] {processor.py:914} INFO - Processing file /home/airflow/.local/lib/python3.12/site-packages/airflow/example_dags/example_dataset_alias.py for tasks to queue
[2024-10-22T03:43:46.170+0000] {logging_mixin.py:190} INFO - [2024-10-22T03:43:46.169+0000] {dagbag.py:588} INFO - Filling up the DagBag from /home/airflow/.local/lib/python3.12/site-packages/airflow/example_dags/example_dataset_alias.py
[2024-10-22T03:43:46.380+0000] {processor.py:925} INFO - DAG(s) 'dataset_s3_bucket_consumer', 'dataset_alias_example_alias_consumer', 'dataset_s3_bucket_producer', 'dataset_alias_example_alias_producer' retrieved from /home/airflow/.local/lib/python3.12/site-packages/airflow/example_dags/example_dataset_alias.py
[2024-10-22T03:43:46.414+0000] {logging_mixin.py:190} INFO - [2024-10-22T03:43:46.413+0000] {dag.py:3239} INFO - Sync 4 DAGs
[2024-10-22T03:43:46.440+0000] {logging_mixin.py:190} INFO - [2024-10-22T03:43:46.440+0000] {dag.py:4180} INFO - Setting next_dagrun for dataset_alias_example_alias_consumer to None, run_after=None
[2024-10-22T03:43:46.443+0000] {logging_mixin.py:190} INFO - [2024-10-22T03:43:46.443+0000] {dag.py:4180} INFO - Setting next_dagrun for dataset_alias_example_alias_producer to None, run_after=None
[2024-10-22T03:43:46.445+0000] {logging_mixin.py:190} INFO - [2024-10-22T03:43:46.444+0000] {dag.py:4180} INFO - Setting next_dagrun for dataset_s3_bucket_consumer to None, run_after=None
[2024-10-22T03:43:46.446+0000] {logging_mixin.py:190} INFO - [2024-10-22T03:43:46.446+0000] {dag.py:4180} INFO - Setting next_dagrun for dataset_s3_bucket_producer to None, run_after=None
[2024-10-22T03:43:46.469+0000] {processor.py:208} INFO - Processing /home/airflow/.local/lib/python3.12/site-packages/airflow/example_dags/example_dataset_alias.py took 0.311 seconds
[2024-10-22T03:44:16.885+0000] {processor.py:186} INFO - Started process (PID=58141) to work on /home/airflow/.local/lib/python3.12/site-packages/airflow/example_dags/example_dataset_alias.py
[2024-10-22T03:44:16.890+0000] {processor.py:914} INFO - Processing file /home/airflow/.local/lib/python3.12/site-packages/airflow/example_dags/example_dataset_alias.py for tasks to queue
[2024-10-22T03:44:16.893+0000] {logging_mixin.py:190} INFO - [2024-10-22T03:44:16.891+0000] {dagbag.py:588} INFO - Filling up the DagBag from /home/airflow/.local/lib/python3.12/site-packages/airflow/example_dags/example_dataset_alias.py
[2024-10-22T03:44:17.104+0000] {processor.py:925} INFO - DAG(s) 'dataset_s3_bucket_consumer', 'dataset_alias_example_alias_consumer', 'dataset_alias_example_alias_producer', 'dataset_s3_bucket_producer' retrieved from /home/airflow/.local/lib/python3.12/site-packages/airflow/example_dags/example_dataset_alias.py
[2024-10-22T03:44:17.128+0000] {logging_mixin.py:190} INFO - [2024-10-22T03:44:17.128+0000] {dag.py:3239} INFO - Sync 4 DAGs
[2024-10-22T03:44:17.152+0000] {logging_mixin.py:190} INFO - [2024-10-22T03:44:17.151+0000] {dag.py:4180} INFO - Setting next_dagrun for dataset_alias_example_alias_consumer to None, run_after=None
[2024-10-22T03:44:17.156+0000] {logging_mixin.py:190} INFO - [2024-10-22T03:44:17.156+0000] {dag.py:4180} INFO - Setting next_dagrun for dataset_alias_example_alias_producer to None, run_after=None
[2024-10-22T03:44:17.158+0000] {logging_mixin.py:190} INFO - [2024-10-22T03:44:17.158+0000] {dag.py:4180} INFO - Setting next_dagrun for dataset_s3_bucket_consumer to None, run_after=None
[2024-10-22T03:44:17.159+0000] {logging_mixin.py:190} INFO - [2024-10-22T03:44:17.159+0000] {dag.py:4180} INFO - Setting next_dagrun for dataset_s3_bucket_producer to None, run_after=None
[2024-10-22T03:44:17.186+0000] {processor.py:208} INFO - Processing /home/airflow/.local/lib/python3.12/site-packages/airflow/example_dags/example_dataset_alias.py took 0.311 seconds
[2024-10-22T03:44:47.250+0000] {processor.py:186} INFO - Started process (PID=58208) to work on /home/airflow/.local/lib/python3.12/site-packages/airflow/example_dags/example_dataset_alias.py
[2024-10-22T03:44:47.251+0000] {processor.py:914} INFO - Processing file /home/airflow/.local/lib/python3.12/site-packages/airflow/example_dags/example_dataset_alias.py for tasks to queue
[2024-10-22T03:44:47.253+0000] {logging_mixin.py:190} INFO - [2024-10-22T03:44:47.252+0000] {dagbag.py:588} INFO - Filling up the DagBag from /home/airflow/.local/lib/python3.12/site-packages/airflow/example_dags/example_dataset_alias.py
[2024-10-22T03:44:47.438+0000] {processor.py:925} INFO - DAG(s) 'dataset_s3_bucket_consumer', 'dataset_alias_example_alias_producer', 'dataset_alias_example_alias_consumer', 'dataset_s3_bucket_producer' retrieved from /home/airflow/.local/lib/python3.12/site-packages/airflow/example_dags/example_dataset_alias.py
[2024-10-22T03:44:47.463+0000] {logging_mixin.py:190} INFO - [2024-10-22T03:44:47.462+0000] {dag.py:3239} INFO - Sync 4 DAGs
[2024-10-22T03:44:47.485+0000] {logging_mixin.py:190} INFO - [2024-10-22T03:44:47.485+0000] {dag.py:4180} INFO - Setting next_dagrun for dataset_alias_example_alias_consumer to None, run_after=None
[2024-10-22T03:44:47.488+0000] {logging_mixin.py:190} INFO - [2024-10-22T03:44:47.488+0000] {dag.py:4180} INFO - Setting next_dagrun for dataset_alias_example_alias_producer to None, run_after=None
[2024-10-22T03:44:47.489+0000] {logging_mixin.py:190} INFO - [2024-10-22T03:44:47.489+0000] {dag.py:4180} INFO - Setting next_dagrun for dataset_s3_bucket_consumer to None, run_after=None
[2024-10-22T03:44:47.490+0000] {logging_mixin.py:190} INFO - [2024-10-22T03:44:47.490+0000] {dag.py:4180} INFO - Setting next_dagrun for dataset_s3_bucket_producer to None, run_after=None
[2024-10-22T03:44:47.513+0000] {processor.py:208} INFO - Processing /home/airflow/.local/lib/python3.12/site-packages/airflow/example_dags/example_dataset_alias.py took 0.271 seconds
[2024-10-22T03:45:17.643+0000] {processor.py:186} INFO - Started process (PID=58275) to work on /home/airflow/.local/lib/python3.12/site-packages/airflow/example_dags/example_dataset_alias.py
[2024-10-22T03:45:17.644+0000] {processor.py:914} INFO - Processing file /home/airflow/.local/lib/python3.12/site-packages/airflow/example_dags/example_dataset_alias.py for tasks to queue
[2024-10-22T03:45:17.646+0000] {logging_mixin.py:190} INFO - [2024-10-22T03:45:17.646+0000] {dagbag.py:588} INFO - Filling up the DagBag from /home/airflow/.local/lib/python3.12/site-packages/airflow/example_dags/example_dataset_alias.py
[2024-10-22T03:45:17.847+0000] {processor.py:925} INFO - DAG(s) 'dataset_alias_example_alias_producer', 'dataset_s3_bucket_consumer', 'dataset_s3_bucket_producer', 'dataset_alias_example_alias_consumer' retrieved from /home/airflow/.local/lib/python3.12/site-packages/airflow/example_dags/example_dataset_alias.py
[2024-10-22T03:45:17.872+0000] {logging_mixin.py:190} INFO - [2024-10-22T03:45:17.871+0000] {dag.py:3239} INFO - Sync 4 DAGs
[2024-10-22T03:45:17.894+0000] {logging_mixin.py:190} INFO - [2024-10-22T03:45:17.894+0000] {dag.py:4180} INFO - Setting next_dagrun for dataset_alias_example_alias_consumer to None, run_after=None
[2024-10-22T03:45:17.897+0000] {logging_mixin.py:190} INFO - [2024-10-22T03:45:17.897+0000] {dag.py:4180} INFO - Setting next_dagrun for dataset_alias_example_alias_producer to None, run_after=None
[2024-10-22T03:45:17.898+0000] {logging_mixin.py:190} INFO - [2024-10-22T03:45:17.898+0000] {dag.py:4180} INFO - Setting next_dagrun for dataset_s3_bucket_consumer to None, run_after=None
[2024-10-22T03:45:17.900+0000] {logging_mixin.py:190} INFO - [2024-10-22T03:45:17.899+0000] {dag.py:4180} INFO - Setting next_dagrun for dataset_s3_bucket_producer to None, run_after=None
[2024-10-22T03:45:17.920+0000] {processor.py:208} INFO - Processing /home/airflow/.local/lib/python3.12/site-packages/airflow/example_dags/example_dataset_alias.py took 0.286 seconds
[2024-10-22T03:45:47.961+0000] {processor.py:186} INFO - Started process (PID=58341) to work on /home/airflow/.local/lib/python3.12/site-packages/airflow/example_dags/example_dataset_alias.py
[2024-10-22T03:45:47.962+0000] {processor.py:914} INFO - Processing file /home/airflow/.local/lib/python3.12/site-packages/airflow/example_dags/example_dataset_alias.py for tasks to queue
[2024-10-22T03:45:47.963+0000] {logging_mixin.py:190} INFO - [2024-10-22T03:45:47.963+0000] {dagbag.py:588} INFO - Filling up the DagBag from /home/airflow/.local/lib/python3.12/site-packages/airflow/example_dags/example_dataset_alias.py
[2024-10-22T03:45:48.143+0000] {processor.py:925} INFO - DAG(s) 'dataset_s3_bucket_consumer', 'dataset_alias_example_alias_producer', 'dataset_s3_bucket_producer', 'dataset_alias_example_alias_consumer' retrieved from /home/airflow/.local/lib/python3.12/site-packages/airflow/example_dags/example_dataset_alias.py
[2024-10-22T03:45:48.168+0000] {logging_mixin.py:190} INFO - [2024-10-22T03:45:48.168+0000] {dag.py:3239} INFO - Sync 4 DAGs
[2024-10-22T03:45:48.190+0000] {logging_mixin.py:190} INFO - [2024-10-22T03:45:48.190+0000] {dag.py:4180} INFO - Setting next_dagrun for dataset_alias_example_alias_consumer to None, run_after=None
[2024-10-22T03:45:48.193+0000] {logging_mixin.py:190} INFO - [2024-10-22T03:45:48.193+0000] {dag.py:4180} INFO - Setting next_dagrun for dataset_alias_example_alias_producer to None, run_after=None
[2024-10-22T03:45:48.194+0000] {logging_mixin.py:190} INFO - [2024-10-22T03:45:48.194+0000] {dag.py:4180} INFO - Setting next_dagrun for dataset_s3_bucket_consumer to None, run_after=None
[2024-10-22T03:45:48.195+0000] {logging_mixin.py:190} INFO - [2024-10-22T03:45:48.195+0000] {dag.py:4180} INFO - Setting next_dagrun for dataset_s3_bucket_producer to None, run_after=None
[2024-10-22T03:45:48.216+0000] {processor.py:208} INFO - Processing /home/airflow/.local/lib/python3.12/site-packages/airflow/example_dags/example_dataset_alias.py took 0.262 seconds
[2024-10-22T03:46:18.264+0000] {processor.py:186} INFO - Started process (PID=58408) to work on /home/airflow/.local/lib/python3.12/site-packages/airflow/example_dags/example_dataset_alias.py
[2024-10-22T03:46:18.265+0000] {processor.py:914} INFO - Processing file /home/airflow/.local/lib/python3.12/site-packages/airflow/example_dags/example_dataset_alias.py for tasks to queue
[2024-10-22T03:46:18.267+0000] {logging_mixin.py:190} INFO - [2024-10-22T03:46:18.267+0000] {dagbag.py:588} INFO - Filling up the DagBag from /home/airflow/.local/lib/python3.12/site-packages/airflow/example_dags/example_dataset_alias.py
[2024-10-22T03:46:18.449+0000] {processor.py:925} INFO - DAG(s) 'dataset_alias_example_alias_producer', 'dataset_s3_bucket_producer', 'dataset_s3_bucket_consumer', 'dataset_alias_example_alias_consumer' retrieved from /home/airflow/.local/lib/python3.12/site-packages/airflow/example_dags/example_dataset_alias.py
[2024-10-22T03:46:18.473+0000] {logging_mixin.py:190} INFO - [2024-10-22T03:46:18.473+0000] {dag.py:3239} INFO - Sync 4 DAGs
[2024-10-22T03:46:18.498+0000] {logging_mixin.py:190} INFO - [2024-10-22T03:46:18.498+0000] {dag.py:4180} INFO - Setting next_dagrun for dataset_alias_example_alias_consumer to None, run_after=None
[2024-10-22T03:46:18.501+0000] {logging_mixin.py:190} INFO - [2024-10-22T03:46:18.501+0000] {dag.py:4180} INFO - Setting next_dagrun for dataset_alias_example_alias_producer to None, run_after=None
[2024-10-22T03:46:18.502+0000] {logging_mixin.py:190} INFO - [2024-10-22T03:46:18.502+0000] {dag.py:4180} INFO - Setting next_dagrun for dataset_s3_bucket_consumer to None, run_after=None
[2024-10-22T03:46:18.503+0000] {logging_mixin.py:190} INFO - [2024-10-22T03:46:18.503+0000] {dag.py:4180} INFO - Setting next_dagrun for dataset_s3_bucket_producer to None, run_after=None
[2024-10-22T03:46:18.525+0000] {processor.py:208} INFO - Processing /home/airflow/.local/lib/python3.12/site-packages/airflow/example_dags/example_dataset_alias.py took 0.270 seconds
[2024-10-22T03:46:48.627+0000] {processor.py:186} INFO - Started process (PID=58475) to work on /home/airflow/.local/lib/python3.12/site-packages/airflow/example_dags/example_dataset_alias.py
[2024-10-22T03:46:48.629+0000] {processor.py:914} INFO - Processing file /home/airflow/.local/lib/python3.12/site-packages/airflow/example_dags/example_dataset_alias.py for tasks to queue
[2024-10-22T03:46:48.630+0000] {logging_mixin.py:190} INFO - [2024-10-22T03:46:48.630+0000] {dagbag.py:588} INFO - Filling up the DagBag from /home/airflow/.local/lib/python3.12/site-packages/airflow/example_dags/example_dataset_alias.py
[2024-10-22T03:46:48.810+0000] {processor.py:925} INFO - DAG(s) 'dataset_alias_example_alias_consumer', 'dataset_s3_bucket_producer', 'dataset_alias_example_alias_producer', 'dataset_s3_bucket_consumer' retrieved from /home/airflow/.local/lib/python3.12/site-packages/airflow/example_dags/example_dataset_alias.py
[2024-10-22T03:46:48.833+0000] {logging_mixin.py:190} INFO - [2024-10-22T03:46:48.833+0000] {dag.py:3239} INFO - Sync 4 DAGs
[2024-10-22T03:46:48.856+0000] {logging_mixin.py:190} INFO - [2024-10-22T03:46:48.856+0000] {dag.py:4180} INFO - Setting next_dagrun for dataset_alias_example_alias_consumer to None, run_after=None
[2024-10-22T03:46:48.859+0000] {logging_mixin.py:190} INFO - [2024-10-22T03:46:48.859+0000] {dag.py:4180} INFO - Setting next_dagrun for dataset_alias_example_alias_producer to None, run_after=None
[2024-10-22T03:46:48.860+0000] {logging_mixin.py:190} INFO - [2024-10-22T03:46:48.860+0000] {dag.py:4180} INFO - Setting next_dagrun for dataset_s3_bucket_consumer to None, run_after=None
[2024-10-22T03:46:48.862+0000] {logging_mixin.py:190} INFO - [2024-10-22T03:46:48.862+0000] {dag.py:4180} INFO - Setting next_dagrun for dataset_s3_bucket_producer to None, run_after=None
[2024-10-22T03:46:48.887+0000] {processor.py:208} INFO - Processing /home/airflow/.local/lib/python3.12/site-packages/airflow/example_dags/example_dataset_alias.py took 0.266 seconds
[2024-10-22T03:47:18.924+0000] {processor.py:186} INFO - Started process (PID=58543) to work on /home/airflow/.local/lib/python3.12/site-packages/airflow/example_dags/example_dataset_alias.py
[2024-10-22T03:47:18.925+0000] {processor.py:914} INFO - Processing file /home/airflow/.local/lib/python3.12/site-packages/airflow/example_dags/example_dataset_alias.py for tasks to queue
[2024-10-22T03:47:18.927+0000] {logging_mixin.py:190} INFO - [2024-10-22T03:47:18.927+0000] {dagbag.py:588} INFO - Filling up the DagBag from /home/airflow/.local/lib/python3.12/site-packages/airflow/example_dags/example_dataset_alias.py
[2024-10-22T03:47:19.113+0000] {processor.py:925} INFO - DAG(s) 'dataset_s3_bucket_consumer', 'dataset_alias_example_alias_consumer', 'dataset_alias_example_alias_producer', 'dataset_s3_bucket_producer' retrieved from /home/airflow/.local/lib/python3.12/site-packages/airflow/example_dags/example_dataset_alias.py
[2024-10-22T03:47:19.138+0000] {logging_mixin.py:190} INFO - [2024-10-22T03:47:19.138+0000] {dag.py:3239} INFO - Sync 4 DAGs
[2024-10-22T03:47:19.163+0000] {logging_mixin.py:190} INFO - [2024-10-22T03:47:19.162+0000] {dag.py:4180} INFO - Setting next_dagrun for dataset_alias_example_alias_consumer to None, run_after=None
[2024-10-22T03:47:19.166+0000] {logging_mixin.py:190} INFO - [2024-10-22T03:47:19.165+0000] {dag.py:4180} INFO - Setting next_dagrun for dataset_alias_example_alias_producer to None, run_after=None
[2024-10-22T03:47:19.167+0000] {logging_mixin.py:190} INFO - [2024-10-22T03:47:19.167+0000] {dag.py:4180} INFO - Setting next_dagrun for dataset_s3_bucket_consumer to None, run_after=None
[2024-10-22T03:47:19.168+0000] {logging_mixin.py:190} INFO - [2024-10-22T03:47:19.168+0000] {dag.py:4180} INFO - Setting next_dagrun for dataset_s3_bucket_producer to None, run_after=None
[2024-10-22T03:47:19.190+0000] {processor.py:208} INFO - Processing /home/airflow/.local/lib/python3.12/site-packages/airflow/example_dags/example_dataset_alias.py took 0.274 seconds
[2024-10-22T03:47:49.642+0000] {processor.py:186} INFO - Started process (PID=58609) to work on /home/airflow/.local/lib/python3.12/site-packages/airflow/example_dags/example_dataset_alias.py
[2024-10-22T03:47:49.644+0000] {processor.py:914} INFO - Processing file /home/airflow/.local/lib/python3.12/site-packages/airflow/example_dags/example_dataset_alias.py for tasks to queue
[2024-10-22T03:47:49.645+0000] {logging_mixin.py:190} INFO - [2024-10-22T03:47:49.645+0000] {dagbag.py:588} INFO - Filling up the DagBag from /home/airflow/.local/lib/python3.12/site-packages/airflow/example_dags/example_dataset_alias.py
[2024-10-22T03:47:49.825+0000] {processor.py:925} INFO - DAG(s) 'dataset_alias_example_alias_consumer', 'dataset_s3_bucket_consumer', 'dataset_alias_example_alias_producer', 'dataset_s3_bucket_producer' retrieved from /home/airflow/.local/lib/python3.12/site-packages/airflow/example_dags/example_dataset_alias.py
[2024-10-22T03:47:49.849+0000] {logging_mixin.py:190} INFO - [2024-10-22T03:47:49.849+0000] {dag.py:3239} INFO - Sync 4 DAGs
[2024-10-22T03:47:49.873+0000] {logging_mixin.py:190} INFO - [2024-10-22T03:47:49.872+0000] {dag.py:4180} INFO - Setting next_dagrun for dataset_alias_example_alias_consumer to None, run_after=None
[2024-10-22T03:47:49.875+0000] {logging_mixin.py:190} INFO - [2024-10-22T03:47:49.875+0000] {dag.py:4180} INFO - Setting next_dagrun for dataset_alias_example_alias_producer to None, run_after=None
[2024-10-22T03:47:49.877+0000] {logging_mixin.py:190} INFO - [2024-10-22T03:47:49.876+0000] {dag.py:4180} INFO - Setting next_dagrun for dataset_s3_bucket_consumer to None, run_after=None
[2024-10-22T03:47:49.878+0000] {logging_mixin.py:190} INFO - [2024-10-22T03:47:49.878+0000] {dag.py:4180} INFO - Setting next_dagrun for dataset_s3_bucket_producer to None, run_after=None
[2024-10-22T03:47:49.899+0000] {processor.py:208} INFO - Processing /home/airflow/.local/lib/python3.12/site-packages/airflow/example_dags/example_dataset_alias.py took 0.266 seconds
[2024-10-22T03:48:20.522+0000] {processor.py:186} INFO - Started process (PID=58675) to work on /home/airflow/.local/lib/python3.12/site-packages/airflow/example_dags/example_dataset_alias.py
[2024-10-22T03:48:20.524+0000] {processor.py:914} INFO - Processing file /home/airflow/.local/lib/python3.12/site-packages/airflow/example_dags/example_dataset_alias.py for tasks to queue
[2024-10-22T03:48:20.526+0000] {logging_mixin.py:190} INFO - [2024-10-22T03:48:20.525+0000] {dagbag.py:588} INFO - Filling up the DagBag from /home/airflow/.local/lib/python3.12/site-packages/airflow/example_dags/example_dataset_alias.py
[2024-10-22T03:48:20.687+0000] {processor.py:925} INFO - DAG(s) 'dataset_alias_example_alias_consumer', 'dataset_s3_bucket_consumer', 'dataset_s3_bucket_producer', 'dataset_alias_example_alias_producer' retrieved from /home/airflow/.local/lib/python3.12/site-packages/airflow/example_dags/example_dataset_alias.py
[2024-10-22T03:48:20.712+0000] {logging_mixin.py:190} INFO - [2024-10-22T03:48:20.711+0000] {dag.py:3239} INFO - Sync 4 DAGs
[2024-10-22T03:48:20.978+0000] {logging_mixin.py:190} INFO - [2024-10-22T03:48:20.978+0000] {dag.py:4180} INFO - Setting next_dagrun for dataset_alias_example_alias_consumer to None, run_after=None
[2024-10-22T03:48:20.981+0000] {logging_mixin.py:190} INFO - [2024-10-22T03:48:20.980+0000] {dag.py:4180} INFO - Setting next_dagrun for dataset_alias_example_alias_producer to None, run_after=None
[2024-10-22T03:48:20.982+0000] {logging_mixin.py:190} INFO - [2024-10-22T03:48:20.982+0000] {dag.py:4180} INFO - Setting next_dagrun for dataset_s3_bucket_consumer to None, run_after=None
[2024-10-22T03:48:20.983+0000] {logging_mixin.py:190} INFO - [2024-10-22T03:48:20.983+0000] {dag.py:4180} INFO - Setting next_dagrun for dataset_s3_bucket_producer to None, run_after=None
[2024-10-22T03:48:21.002+0000] {processor.py:208} INFO - Processing /home/airflow/.local/lib/python3.12/site-packages/airflow/example_dags/example_dataset_alias.py took 0.487 seconds
[2024-10-22T03:48:51.961+0000] {processor.py:186} INFO - Started process (PID=58742) to work on /home/airflow/.local/lib/python3.12/site-packages/airflow/example_dags/example_dataset_alias.py
[2024-10-22T03:48:51.962+0000] {processor.py:914} INFO - Processing file /home/airflow/.local/lib/python3.12/site-packages/airflow/example_dags/example_dataset_alias.py for tasks to queue
[2024-10-22T03:48:51.964+0000] {logging_mixin.py:190} INFO - [2024-10-22T03:48:51.963+0000] {dagbag.py:588} INFO - Filling up the DagBag from /home/airflow/.local/lib/python3.12/site-packages/airflow/example_dags/example_dataset_alias.py
[2024-10-22T03:48:52.150+0000] {processor.py:925} INFO - DAG(s) 'dataset_s3_bucket_producer', 'dataset_alias_example_alias_producer', 'dataset_s3_bucket_consumer', 'dataset_alias_example_alias_consumer' retrieved from /home/airflow/.local/lib/python3.12/site-packages/airflow/example_dags/example_dataset_alias.py
[2024-10-22T03:48:52.173+0000] {logging_mixin.py:190} INFO - [2024-10-22T03:48:52.173+0000] {dag.py:3239} INFO - Sync 4 DAGs
[2024-10-22T03:48:52.510+0000] {logging_mixin.py:190} INFO - [2024-10-22T03:48:52.509+0000] {dag.py:4180} INFO - Setting next_dagrun for dataset_alias_example_alias_consumer to None, run_after=None
[2024-10-22T03:48:52.514+0000] {logging_mixin.py:190} INFO - [2024-10-22T03:48:52.513+0000] {dag.py:4180} INFO - Setting next_dagrun for dataset_alias_example_alias_producer to None, run_after=None
[2024-10-22T03:48:52.515+0000] {logging_mixin.py:190} INFO - [2024-10-22T03:48:52.515+0000] {dag.py:4180} INFO - Setting next_dagrun for dataset_s3_bucket_consumer to None, run_after=None
[2024-10-22T03:48:52.517+0000] {logging_mixin.py:190} INFO - [2024-10-22T03:48:52.516+0000] {dag.py:4180} INFO - Setting next_dagrun for dataset_s3_bucket_producer to None, run_after=None
[2024-10-22T03:48:52.546+0000] {processor.py:208} INFO - Processing /home/airflow/.local/lib/python3.12/site-packages/airflow/example_dags/example_dataset_alias.py took 0.592 seconds
[2024-10-22T03:49:22.719+0000] {processor.py:186} INFO - Started process (PID=58809) to work on /home/airflow/.local/lib/python3.12/site-packages/airflow/example_dags/example_dataset_alias.py
[2024-10-22T03:49:22.720+0000] {processor.py:914} INFO - Processing file /home/airflow/.local/lib/python3.12/site-packages/airflow/example_dags/example_dataset_alias.py for tasks to queue
[2024-10-22T03:49:22.722+0000] {logging_mixin.py:190} INFO - [2024-10-22T03:49:22.721+0000] {dagbag.py:588} INFO - Filling up the DagBag from /home/airflow/.local/lib/python3.12/site-packages/airflow/example_dags/example_dataset_alias.py
[2024-10-22T03:49:22.900+0000] {processor.py:925} INFO - DAG(s) 'dataset_s3_bucket_producer', 'dataset_alias_example_alias_producer', 'dataset_s3_bucket_consumer', 'dataset_alias_example_alias_consumer' retrieved from /home/airflow/.local/lib/python3.12/site-packages/airflow/example_dags/example_dataset_alias.py
[2024-10-22T03:49:22.923+0000] {logging_mixin.py:190} INFO - [2024-10-22T03:49:22.922+0000] {dag.py:3239} INFO - Sync 4 DAGs
[2024-10-22T03:49:23.137+0000] {logging_mixin.py:190} INFO - [2024-10-22T03:49:23.136+0000] {dag.py:4180} INFO - Setting next_dagrun for dataset_alias_example_alias_consumer to None, run_after=None
[2024-10-22T03:49:23.141+0000] {logging_mixin.py:190} INFO - [2024-10-22T03:49:23.141+0000] {dag.py:4180} INFO - Setting next_dagrun for dataset_alias_example_alias_producer to None, run_after=None
[2024-10-22T03:49:23.143+0000] {logging_mixin.py:190} INFO - [2024-10-22T03:49:23.142+0000] {dag.py:4180} INFO - Setting next_dagrun for dataset_s3_bucket_consumer to None, run_after=None
[2024-10-22T03:49:23.144+0000] {logging_mixin.py:190} INFO - [2024-10-22T03:49:23.144+0000] {dag.py:4180} INFO - Setting next_dagrun for dataset_s3_bucket_producer to None, run_after=None
[2024-10-22T03:49:23.170+0000] {processor.py:208} INFO - Processing /home/airflow/.local/lib/python3.12/site-packages/airflow/example_dags/example_dataset_alias.py took 0.458 seconds
[2024-10-22T03:49:53.227+0000] {processor.py:186} INFO - Started process (PID=58876) to work on /home/airflow/.local/lib/python3.12/site-packages/airflow/example_dags/example_dataset_alias.py
[2024-10-22T03:49:53.228+0000] {processor.py:914} INFO - Processing file /home/airflow/.local/lib/python3.12/site-packages/airflow/example_dags/example_dataset_alias.py for tasks to queue
[2024-10-22T03:49:53.230+0000] {logging_mixin.py:190} INFO - [2024-10-22T03:49:53.230+0000] {dagbag.py:588} INFO - Filling up the DagBag from /home/airflow/.local/lib/python3.12/site-packages/airflow/example_dags/example_dataset_alias.py
[2024-10-22T03:49:53.447+0000] {processor.py:925} INFO - DAG(s) 'dataset_alias_example_alias_producer', 'dataset_alias_example_alias_consumer', 'dataset_s3_bucket_consumer', 'dataset_s3_bucket_producer' retrieved from /home/airflow/.local/lib/python3.12/site-packages/airflow/example_dags/example_dataset_alias.py
[2024-10-22T03:49:53.489+0000] {logging_mixin.py:190} INFO - [2024-10-22T03:49:53.489+0000] {dag.py:3239} INFO - Sync 4 DAGs
[2024-10-22T03:49:53.523+0000] {logging_mixin.py:190} INFO - [2024-10-22T03:49:53.523+0000] {dag.py:4180} INFO - Setting next_dagrun for dataset_alias_example_alias_consumer to None, run_after=None
[2024-10-22T03:49:53.732+0000] {logging_mixin.py:190} INFO - [2024-10-22T03:49:53.732+0000] {dag.py:4180} INFO - Setting next_dagrun for dataset_alias_example_alias_producer to None, run_after=None
[2024-10-22T03:49:53.734+0000] {logging_mixin.py:190} INFO - [2024-10-22T03:49:53.734+0000] {dag.py:4180} INFO - Setting next_dagrun for dataset_s3_bucket_consumer to None, run_after=None
[2024-10-22T03:49:53.736+0000] {logging_mixin.py:190} INFO - [2024-10-22T03:49:53.736+0000] {dag.py:4180} INFO - Setting next_dagrun for dataset_s3_bucket_producer to None, run_after=None
[2024-10-22T03:49:53.762+0000] {processor.py:208} INFO - Processing /home/airflow/.local/lib/python3.12/site-packages/airflow/example_dags/example_dataset_alias.py took 0.543 seconds
[2024-10-22T03:50:24.025+0000] {processor.py:186} INFO - Started process (PID=58943) to work on /home/airflow/.local/lib/python3.12/site-packages/airflow/example_dags/example_dataset_alias.py
[2024-10-22T03:50:24.027+0000] {processor.py:914} INFO - Processing file /home/airflow/.local/lib/python3.12/site-packages/airflow/example_dags/example_dataset_alias.py for tasks to queue
[2024-10-22T03:50:24.029+0000] {logging_mixin.py:190} INFO - [2024-10-22T03:50:24.028+0000] {dagbag.py:588} INFO - Filling up the DagBag from /home/airflow/.local/lib/python3.12/site-packages/airflow/example_dags/example_dataset_alias.py
[2024-10-22T03:50:24.249+0000] {processor.py:925} INFO - DAG(s) 'dataset_alias_example_alias_consumer', 'dataset_alias_example_alias_producer', 'dataset_s3_bucket_consumer', 'dataset_s3_bucket_producer' retrieved from /home/airflow/.local/lib/python3.12/site-packages/airflow/example_dags/example_dataset_alias.py
[2024-10-22T03:50:24.277+0000] {logging_mixin.py:190} INFO - [2024-10-22T03:50:24.277+0000] {dag.py:3239} INFO - Sync 4 DAGs
[2024-10-22T03:50:24.301+0000] {logging_mixin.py:190} INFO - [2024-10-22T03:50:24.301+0000] {dag.py:4180} INFO - Setting next_dagrun for dataset_alias_example_alias_consumer to None, run_after=None
[2024-10-22T03:50:24.304+0000] {logging_mixin.py:190} INFO - [2024-10-22T03:50:24.304+0000] {dag.py:4180} INFO - Setting next_dagrun for dataset_alias_example_alias_producer to None, run_after=None
[2024-10-22T03:50:24.305+0000] {logging_mixin.py:190} INFO - [2024-10-22T03:50:24.305+0000] {dag.py:4180} INFO - Setting next_dagrun for dataset_s3_bucket_consumer to None, run_after=None
[2024-10-22T03:50:24.307+0000] {logging_mixin.py:190} INFO - [2024-10-22T03:50:24.306+0000] {dag.py:4180} INFO - Setting next_dagrun for dataset_s3_bucket_producer to None, run_after=None
[2024-10-22T03:50:24.334+0000] {processor.py:208} INFO - Processing /home/airflow/.local/lib/python3.12/site-packages/airflow/example_dags/example_dataset_alias.py took 0.321 seconds
[2024-10-22T03:50:54.692+0000] {processor.py:186} INFO - Started process (PID=59010) to work on /home/airflow/.local/lib/python3.12/site-packages/airflow/example_dags/example_dataset_alias.py
[2024-10-22T03:50:54.694+0000] {processor.py:914} INFO - Processing file /home/airflow/.local/lib/python3.12/site-packages/airflow/example_dags/example_dataset_alias.py for tasks to queue
[2024-10-22T03:50:54.696+0000] {logging_mixin.py:190} INFO - [2024-10-22T03:50:54.695+0000] {dagbag.py:588} INFO - Filling up the DagBag from /home/airflow/.local/lib/python3.12/site-packages/airflow/example_dags/example_dataset_alias.py
[2024-10-22T03:50:54.907+0000] {processor.py:925} INFO - DAG(s) 'dataset_alias_example_alias_consumer', 'dataset_s3_bucket_consumer', 'dataset_s3_bucket_producer', 'dataset_alias_example_alias_producer' retrieved from /home/airflow/.local/lib/python3.12/site-packages/airflow/example_dags/example_dataset_alias.py
[2024-10-22T03:50:54.932+0000] {logging_mixin.py:190} INFO - [2024-10-22T03:50:54.932+0000] {dag.py:3239} INFO - Sync 4 DAGs
[2024-10-22T03:50:54.955+0000] {logging_mixin.py:190} INFO - [2024-10-22T03:50:54.955+0000] {dag.py:4180} INFO - Setting next_dagrun for dataset_alias_example_alias_consumer to None, run_after=None
[2024-10-22T03:50:54.958+0000] {logging_mixin.py:190} INFO - [2024-10-22T03:50:54.958+0000] {dag.py:4180} INFO - Setting next_dagrun for dataset_alias_example_alias_producer to None, run_after=None
[2024-10-22T03:50:54.959+0000] {logging_mixin.py:190} INFO - [2024-10-22T03:50:54.959+0000] {dag.py:4180} INFO - Setting next_dagrun for dataset_s3_bucket_consumer to None, run_after=None
[2024-10-22T03:50:54.961+0000] {logging_mixin.py:190} INFO - [2024-10-22T03:50:54.960+0000] {dag.py:4180} INFO - Setting next_dagrun for dataset_s3_bucket_producer to None, run_after=None
[2024-10-22T03:50:54.986+0000] {processor.py:208} INFO - Processing /home/airflow/.local/lib/python3.12/site-packages/airflow/example_dags/example_dataset_alias.py took 0.303 seconds
[2024-10-22T03:51:25.291+0000] {processor.py:186} INFO - Started process (PID=59077) to work on /home/airflow/.local/lib/python3.12/site-packages/airflow/example_dags/example_dataset_alias.py
[2024-10-22T03:51:25.292+0000] {processor.py:914} INFO - Processing file /home/airflow/.local/lib/python3.12/site-packages/airflow/example_dags/example_dataset_alias.py for tasks to queue
[2024-10-22T03:51:25.293+0000] {logging_mixin.py:190} INFO - [2024-10-22T03:51:25.293+0000] {dagbag.py:588} INFO - Filling up the DagBag from /home/airflow/.local/lib/python3.12/site-packages/airflow/example_dags/example_dataset_alias.py
[2024-10-22T03:51:25.669+0000] {processor.py:925} INFO - DAG(s) 'dataset_alias_example_alias_producer', 'dataset_s3_bucket_consumer', 'dataset_s3_bucket_producer', 'dataset_alias_example_alias_consumer' retrieved from /home/airflow/.local/lib/python3.12/site-packages/airflow/example_dags/example_dataset_alias.py
[2024-10-22T03:51:25.694+0000] {logging_mixin.py:190} INFO - [2024-10-22T03:51:25.694+0000] {dag.py:3239} INFO - Sync 4 DAGs
[2024-10-22T03:51:25.714+0000] {logging_mixin.py:190} INFO - [2024-10-22T03:51:25.714+0000] {dag.py:4180} INFO - Setting next_dagrun for dataset_alias_example_alias_consumer to None, run_after=None
[2024-10-22T03:51:25.717+0000] {logging_mixin.py:190} INFO - [2024-10-22T03:51:25.717+0000] {dag.py:4180} INFO - Setting next_dagrun for dataset_alias_example_alias_producer to None, run_after=None
[2024-10-22T03:51:25.718+0000] {logging_mixin.py:190} INFO - [2024-10-22T03:51:25.718+0000] {dag.py:4180} INFO - Setting next_dagrun for dataset_s3_bucket_consumer to None, run_after=None
[2024-10-22T03:51:25.719+0000] {logging_mixin.py:190} INFO - [2024-10-22T03:51:25.719+0000] {dag.py:4180} INFO - Setting next_dagrun for dataset_s3_bucket_producer to None, run_after=None
[2024-10-22T03:51:25.737+0000] {processor.py:208} INFO - Processing /home/airflow/.local/lib/python3.12/site-packages/airflow/example_dags/example_dataset_alias.py took 0.454 seconds
[2024-10-22T03:51:55.867+0000] {processor.py:186} INFO - Started process (PID=59144) to work on /home/airflow/.local/lib/python3.12/site-packages/airflow/example_dags/example_dataset_alias.py
[2024-10-22T03:51:55.868+0000] {processor.py:914} INFO - Processing file /home/airflow/.local/lib/python3.12/site-packages/airflow/example_dags/example_dataset_alias.py for tasks to queue
[2024-10-22T03:51:55.870+0000] {logging_mixin.py:190} INFO - [2024-10-22T03:51:55.869+0000] {dagbag.py:588} INFO - Filling up the DagBag from /home/airflow/.local/lib/python3.12/site-packages/airflow/example_dags/example_dataset_alias.py
[2024-10-22T03:51:56.265+0000] {processor.py:925} INFO - DAG(s) 'dataset_alias_example_alias_producer', 'dataset_s3_bucket_consumer', 'dataset_alias_example_alias_consumer', 'dataset_s3_bucket_producer' retrieved from /home/airflow/.local/lib/python3.12/site-packages/airflow/example_dags/example_dataset_alias.py
[2024-10-22T03:51:56.291+0000] {logging_mixin.py:190} INFO - [2024-10-22T03:51:56.291+0000] {dag.py:3239} INFO - Sync 4 DAGs
[2024-10-22T03:51:56.312+0000] {logging_mixin.py:190} INFO - [2024-10-22T03:51:56.312+0000] {dag.py:4180} INFO - Setting next_dagrun for dataset_alias_example_alias_consumer to None, run_after=None
[2024-10-22T03:51:56.315+0000] {logging_mixin.py:190} INFO - [2024-10-22T03:51:56.314+0000] {dag.py:4180} INFO - Setting next_dagrun for dataset_alias_example_alias_producer to None, run_after=None
[2024-10-22T03:51:56.316+0000] {logging_mixin.py:190} INFO - [2024-10-22T03:51:56.316+0000] {dag.py:4180} INFO - Setting next_dagrun for dataset_s3_bucket_consumer to None, run_after=None
[2024-10-22T03:51:56.317+0000] {logging_mixin.py:190} INFO - [2024-10-22T03:51:56.317+0000] {dag.py:4180} INFO - Setting next_dagrun for dataset_s3_bucket_producer to None, run_after=None
[2024-10-22T03:51:56.338+0000] {processor.py:208} INFO - Processing /home/airflow/.local/lib/python3.12/site-packages/airflow/example_dags/example_dataset_alias.py took 0.479 seconds
[2024-10-22T03:52:26.395+0000] {processor.py:186} INFO - Started process (PID=59211) to work on /home/airflow/.local/lib/python3.12/site-packages/airflow/example_dags/example_dataset_alias.py
[2024-10-22T03:52:26.396+0000] {processor.py:914} INFO - Processing file /home/airflow/.local/lib/python3.12/site-packages/airflow/example_dags/example_dataset_alias.py for tasks to queue
[2024-10-22T03:52:26.397+0000] {logging_mixin.py:190} INFO - [2024-10-22T03:52:26.397+0000] {dagbag.py:588} INFO - Filling up the DagBag from /home/airflow/.local/lib/python3.12/site-packages/airflow/example_dags/example_dataset_alias.py
[2024-10-22T03:52:26.589+0000] {processor.py:925} INFO - DAG(s) 'dataset_alias_example_alias_producer', 'dataset_alias_example_alias_consumer', 'dataset_s3_bucket_producer', 'dataset_s3_bucket_consumer' retrieved from /home/airflow/.local/lib/python3.12/site-packages/airflow/example_dags/example_dataset_alias.py
[2024-10-22T03:52:26.808+0000] {logging_mixin.py:190} INFO - [2024-10-22T03:52:26.807+0000] {dag.py:3239} INFO - Sync 4 DAGs
[2024-10-22T03:52:26.831+0000] {logging_mixin.py:190} INFO - [2024-10-22T03:52:26.830+0000] {dag.py:4180} INFO - Setting next_dagrun for dataset_alias_example_alias_consumer to None, run_after=None
[2024-10-22T03:52:26.834+0000] {logging_mixin.py:190} INFO - [2024-10-22T03:52:26.834+0000] {dag.py:4180} INFO - Setting next_dagrun for dataset_alias_example_alias_producer to None, run_after=None
[2024-10-22T03:52:26.836+0000] {logging_mixin.py:190} INFO - [2024-10-22T03:52:26.835+0000] {dag.py:4180} INFO - Setting next_dagrun for dataset_s3_bucket_consumer to None, run_after=None
[2024-10-22T03:52:26.837+0000] {logging_mixin.py:190} INFO - [2024-10-22T03:52:26.837+0000] {dag.py:4180} INFO - Setting next_dagrun for dataset_s3_bucket_producer to None, run_after=None
[2024-10-22T03:52:26.858+0000] {processor.py:208} INFO - Processing /home/airflow/.local/lib/python3.12/site-packages/airflow/example_dags/example_dataset_alias.py took 0.470 seconds
[2024-10-22T03:52:57.169+0000] {processor.py:186} INFO - Started process (PID=59278) to work on /home/airflow/.local/lib/python3.12/site-packages/airflow/example_dags/example_dataset_alias.py
[2024-10-22T03:52:57.170+0000] {processor.py:914} INFO - Processing file /home/airflow/.local/lib/python3.12/site-packages/airflow/example_dags/example_dataset_alias.py for tasks to queue
[2024-10-22T03:52:57.172+0000] {logging_mixin.py:190} INFO - [2024-10-22T03:52:57.171+0000] {dagbag.py:588} INFO - Filling up the DagBag from /home/airflow/.local/lib/python3.12/site-packages/airflow/example_dags/example_dataset_alias.py
[2024-10-22T03:52:57.670+0000] {processor.py:925} INFO - DAG(s) 'dataset_s3_bucket_consumer', 'dataset_alias_example_alias_consumer', 'dataset_alias_example_alias_producer', 'dataset_s3_bucket_producer' retrieved from /home/airflow/.local/lib/python3.12/site-packages/airflow/example_dags/example_dataset_alias.py
[2024-10-22T03:52:58.024+0000] {logging_mixin.py:190} INFO - [2024-10-22T03:52:58.024+0000] {dag.py:3239} INFO - Sync 4 DAGs
[2024-10-22T03:52:58.070+0000] {logging_mixin.py:190} INFO - [2024-10-22T03:52:58.070+0000] {dag.py:4180} INFO - Setting next_dagrun for dataset_alias_example_alias_consumer to None, run_after=None
[2024-10-22T03:52:58.075+0000] {logging_mixin.py:190} INFO - [2024-10-22T03:52:58.075+0000] {dag.py:4180} INFO - Setting next_dagrun for dataset_alias_example_alias_producer to None, run_after=None
[2024-10-22T03:52:58.079+0000] {logging_mixin.py:190} INFO - [2024-10-22T03:52:58.078+0000] {dag.py:4180} INFO - Setting next_dagrun for dataset_s3_bucket_consumer to None, run_after=None
[2024-10-22T03:52:58.083+0000] {logging_mixin.py:190} INFO - [2024-10-22T03:52:58.082+0000] {dag.py:4180} INFO - Setting next_dagrun for dataset_s3_bucket_producer to None, run_after=None
[2024-10-22T03:52:58.117+0000] {processor.py:208} INFO - Processing /home/airflow/.local/lib/python3.12/site-packages/airflow/example_dags/example_dataset_alias.py took 0.958 seconds
[2024-10-22T03:53:28.706+0000] {processor.py:186} INFO - Started process (PID=59345) to work on /home/airflow/.local/lib/python3.12/site-packages/airflow/example_dags/example_dataset_alias.py
[2024-10-22T03:53:28.707+0000] {processor.py:914} INFO - Processing file /home/airflow/.local/lib/python3.12/site-packages/airflow/example_dags/example_dataset_alias.py for tasks to queue
[2024-10-22T03:53:28.708+0000] {logging_mixin.py:190} INFO - [2024-10-22T03:53:28.708+0000] {dagbag.py:588} INFO - Filling up the DagBag from /home/airflow/.local/lib/python3.12/site-packages/airflow/example_dags/example_dataset_alias.py
[2024-10-22T03:53:29.119+0000] {processor.py:925} INFO - DAG(s) 'dataset_s3_bucket_consumer', 'dataset_alias_example_alias_consumer', 'dataset_s3_bucket_producer', 'dataset_alias_example_alias_producer' retrieved from /home/airflow/.local/lib/python3.12/site-packages/airflow/example_dags/example_dataset_alias.py
[2024-10-22T03:53:29.143+0000] {logging_mixin.py:190} INFO - [2024-10-22T03:53:29.143+0000] {dag.py:3239} INFO - Sync 4 DAGs
[2024-10-22T03:53:29.166+0000] {logging_mixin.py:190} INFO - [2024-10-22T03:53:29.166+0000] {dag.py:4180} INFO - Setting next_dagrun for dataset_alias_example_alias_consumer to None, run_after=None
[2024-10-22T03:53:29.169+0000] {logging_mixin.py:190} INFO - [2024-10-22T03:53:29.169+0000] {dag.py:4180} INFO - Setting next_dagrun for dataset_alias_example_alias_producer to None, run_after=None
[2024-10-22T03:53:29.170+0000] {logging_mixin.py:190} INFO - [2024-10-22T03:53:29.170+0000] {dag.py:4180} INFO - Setting next_dagrun for dataset_s3_bucket_consumer to None, run_after=None
[2024-10-22T03:53:29.171+0000] {logging_mixin.py:190} INFO - [2024-10-22T03:53:29.171+0000] {dag.py:4180} INFO - Setting next_dagrun for dataset_s3_bucket_producer to None, run_after=None
[2024-10-22T03:53:29.196+0000] {processor.py:208} INFO - Processing /home/airflow/.local/lib/python3.12/site-packages/airflow/example_dags/example_dataset_alias.py took 0.499 seconds
[2024-10-22T03:53:59.302+0000] {processor.py:186} INFO - Started process (PID=59412) to work on /home/airflow/.local/lib/python3.12/site-packages/airflow/example_dags/example_dataset_alias.py
[2024-10-22T03:53:59.303+0000] {processor.py:914} INFO - Processing file /home/airflow/.local/lib/python3.12/site-packages/airflow/example_dags/example_dataset_alias.py for tasks to queue
[2024-10-22T03:53:59.305+0000] {logging_mixin.py:190} INFO - [2024-10-22T03:53:59.305+0000] {dagbag.py:588} INFO - Filling up the DagBag from /home/airflow/.local/lib/python3.12/site-packages/airflow/example_dags/example_dataset_alias.py
[2024-10-22T03:53:59.750+0000] {processor.py:925} INFO - DAG(s) 'dataset_alias_example_alias_producer', 'dataset_alias_example_alias_consumer', 'dataset_s3_bucket_producer', 'dataset_s3_bucket_consumer' retrieved from /home/airflow/.local/lib/python3.12/site-packages/airflow/example_dags/example_dataset_alias.py
[2024-10-22T03:53:59.774+0000] {logging_mixin.py:190} INFO - [2024-10-22T03:53:59.774+0000] {dag.py:3239} INFO - Sync 4 DAGs
[2024-10-22T03:53:59.800+0000] {logging_mixin.py:190} INFO - [2024-10-22T03:53:59.799+0000] {dag.py:4180} INFO - Setting next_dagrun for dataset_alias_example_alias_consumer to None, run_after=None
[2024-10-22T03:53:59.803+0000] {logging_mixin.py:190} INFO - [2024-10-22T03:53:59.803+0000] {dag.py:4180} INFO - Setting next_dagrun for dataset_alias_example_alias_producer to None, run_after=None
[2024-10-22T03:53:59.805+0000] {logging_mixin.py:190} INFO - [2024-10-22T03:53:59.804+0000] {dag.py:4180} INFO - Setting next_dagrun for dataset_s3_bucket_consumer to None, run_after=None
[2024-10-22T03:53:59.806+0000] {logging_mixin.py:190} INFO - [2024-10-22T03:53:59.806+0000] {dag.py:4180} INFO - Setting next_dagrun for dataset_s3_bucket_producer to None, run_after=None
[2024-10-22T03:53:59.830+0000] {processor.py:208} INFO - Processing /home/airflow/.local/lib/python3.12/site-packages/airflow/example_dags/example_dataset_alias.py took 0.536 seconds
[2024-10-22T03:54:30.670+0000] {processor.py:186} INFO - Started process (PID=59479) to work on /home/airflow/.local/lib/python3.12/site-packages/airflow/example_dags/example_dataset_alias.py
[2024-10-22T03:54:30.672+0000] {processor.py:914} INFO - Processing file /home/airflow/.local/lib/python3.12/site-packages/airflow/example_dags/example_dataset_alias.py for tasks to queue
[2024-10-22T03:54:30.674+0000] {logging_mixin.py:190} INFO - [2024-10-22T03:54:30.673+0000] {dagbag.py:588} INFO - Filling up the DagBag from /home/airflow/.local/lib/python3.12/site-packages/airflow/example_dags/example_dataset_alias.py
[2024-10-22T03:54:31.253+0000] {processor.py:925} INFO - DAG(s) 'dataset_s3_bucket_consumer', 'dataset_s3_bucket_producer', 'dataset_alias_example_alias_consumer', 'dataset_alias_example_alias_producer' retrieved from /home/airflow/.local/lib/python3.12/site-packages/airflow/example_dags/example_dataset_alias.py
[2024-10-22T03:54:31.412+0000] {logging_mixin.py:190} INFO - [2024-10-22T03:54:31.411+0000] {dag.py:3239} INFO - Sync 4 DAGs
[2024-10-22T03:54:31.492+0000] {logging_mixin.py:190} INFO - [2024-10-22T03:54:31.492+0000] {dag.py:4180} INFO - Setting next_dagrun for dataset_alias_example_alias_consumer to None, run_after=None
[2024-10-22T03:54:31.501+0000] {logging_mixin.py:190} INFO - [2024-10-22T03:54:31.500+0000] {dag.py:4180} INFO - Setting next_dagrun for dataset_alias_example_alias_producer to None, run_after=None
[2024-10-22T03:54:31.503+0000] {logging_mixin.py:190} INFO - [2024-10-22T03:54:31.503+0000] {dag.py:4180} INFO - Setting next_dagrun for dataset_s3_bucket_consumer to None, run_after=None
[2024-10-22T03:54:31.505+0000] {logging_mixin.py:190} INFO - [2024-10-22T03:54:31.505+0000] {dag.py:4180} INFO - Setting next_dagrun for dataset_s3_bucket_producer to None, run_after=None
[2024-10-22T03:54:31.558+0000] {processor.py:208} INFO - Processing /home/airflow/.local/lib/python3.12/site-packages/airflow/example_dags/example_dataset_alias.py took 0.905 seconds
[2024-10-22T03:55:02.179+0000] {processor.py:186} INFO - Started process (PID=59546) to work on /home/airflow/.local/lib/python3.12/site-packages/airflow/example_dags/example_dataset_alias.py
[2024-10-22T03:55:02.181+0000] {processor.py:914} INFO - Processing file /home/airflow/.local/lib/python3.12/site-packages/airflow/example_dags/example_dataset_alias.py for tasks to queue
[2024-10-22T03:55:02.183+0000] {logging_mixin.py:190} INFO - [2024-10-22T03:55:02.183+0000] {dagbag.py:588} INFO - Filling up the DagBag from /home/airflow/.local/lib/python3.12/site-packages/airflow/example_dags/example_dataset_alias.py
[2024-10-22T03:55:02.672+0000] {processor.py:925} INFO - DAG(s) 'dataset_alias_example_alias_consumer', 'dataset_s3_bucket_producer', 'dataset_alias_example_alias_producer', 'dataset_s3_bucket_consumer' retrieved from /home/airflow/.local/lib/python3.12/site-packages/airflow/example_dags/example_dataset_alias.py
[2024-10-22T03:55:02.709+0000] {logging_mixin.py:190} INFO - [2024-10-22T03:55:02.709+0000] {dag.py:3239} INFO - Sync 4 DAGs
[2024-10-22T03:55:02.743+0000] {logging_mixin.py:190} INFO - [2024-10-22T03:55:02.742+0000] {dag.py:4180} INFO - Setting next_dagrun for dataset_alias_example_alias_consumer to None, run_after=None
[2024-10-22T03:55:02.749+0000] {logging_mixin.py:190} INFO - [2024-10-22T03:55:02.748+0000] {dag.py:4180} INFO - Setting next_dagrun for dataset_alias_example_alias_producer to None, run_after=None
[2024-10-22T03:55:02.751+0000] {logging_mixin.py:190} INFO - [2024-10-22T03:55:02.750+0000] {dag.py:4180} INFO - Setting next_dagrun for dataset_s3_bucket_consumer to None, run_after=None
[2024-10-22T03:55:02.754+0000] {logging_mixin.py:190} INFO - [2024-10-22T03:55:02.753+0000] {dag.py:4180} INFO - Setting next_dagrun for dataset_s3_bucket_producer to None, run_after=None
[2024-10-22T03:55:02.795+0000] {processor.py:208} INFO - Processing /home/airflow/.local/lib/python3.12/site-packages/airflow/example_dags/example_dataset_alias.py took 0.626 seconds
[2024-10-22T03:55:33.251+0000] {processor.py:186} INFO - Started process (PID=59613) to work on /home/airflow/.local/lib/python3.12/site-packages/airflow/example_dags/example_dataset_alias.py
[2024-10-22T03:55:33.253+0000] {processor.py:914} INFO - Processing file /home/airflow/.local/lib/python3.12/site-packages/airflow/example_dags/example_dataset_alias.py for tasks to queue
[2024-10-22T03:55:33.254+0000] {logging_mixin.py:190} INFO - [2024-10-22T03:55:33.254+0000] {dagbag.py:588} INFO - Filling up the DagBag from /home/airflow/.local/lib/python3.12/site-packages/airflow/example_dags/example_dataset_alias.py
[2024-10-22T03:55:33.776+0000] {processor.py:925} INFO - DAG(s) 'dataset_alias_example_alias_producer', 'dataset_alias_example_alias_consumer', 'dataset_s3_bucket_producer', 'dataset_s3_bucket_consumer' retrieved from /home/airflow/.local/lib/python3.12/site-packages/airflow/example_dags/example_dataset_alias.py
[2024-10-22T03:55:33.801+0000] {logging_mixin.py:190} INFO - [2024-10-22T03:55:33.801+0000] {dag.py:3239} INFO - Sync 4 DAGs
[2024-10-22T03:55:33.825+0000] {logging_mixin.py:190} INFO - [2024-10-22T03:55:33.825+0000] {dag.py:4180} INFO - Setting next_dagrun for dataset_alias_example_alias_consumer to None, run_after=None
[2024-10-22T03:55:33.829+0000] {logging_mixin.py:190} INFO - [2024-10-22T03:55:33.828+0000] {dag.py:4180} INFO - Setting next_dagrun for dataset_alias_example_alias_producer to None, run_after=None
[2024-10-22T03:55:33.830+0000] {logging_mixin.py:190} INFO - [2024-10-22T03:55:33.830+0000] {dag.py:4180} INFO - Setting next_dagrun for dataset_s3_bucket_consumer to None, run_after=None
[2024-10-22T03:55:33.832+0000] {logging_mixin.py:190} INFO - [2024-10-22T03:55:33.831+0000] {dag.py:4180} INFO - Setting next_dagrun for dataset_s3_bucket_producer to None, run_after=None
[2024-10-22T03:55:33.856+0000] {processor.py:208} INFO - Processing /home/airflow/.local/lib/python3.12/site-packages/airflow/example_dags/example_dataset_alias.py took 0.616 seconds
[2024-10-22T03:56:04.223+0000] {processor.py:186} INFO - Started process (PID=59679) to work on /home/airflow/.local/lib/python3.12/site-packages/airflow/example_dags/example_dataset_alias.py
[2024-10-22T03:56:04.225+0000] {processor.py:914} INFO - Processing file /home/airflow/.local/lib/python3.12/site-packages/airflow/example_dags/example_dataset_alias.py for tasks to queue
[2024-10-22T03:56:04.227+0000] {logging_mixin.py:190} INFO - [2024-10-22T03:56:04.227+0000] {dagbag.py:588} INFO - Filling up the DagBag from /home/airflow/.local/lib/python3.12/site-packages/airflow/example_dags/example_dataset_alias.py
[2024-10-22T03:56:04.810+0000] {processor.py:925} INFO - DAG(s) 'dataset_alias_example_alias_producer', 'dataset_alias_example_alias_consumer', 'dataset_s3_bucket_producer', 'dataset_s3_bucket_consumer' retrieved from /home/airflow/.local/lib/python3.12/site-packages/airflow/example_dags/example_dataset_alias.py
[2024-10-22T03:56:04.844+0000] {logging_mixin.py:190} INFO - [2024-10-22T03:56:04.843+0000] {dag.py:3239} INFO - Sync 4 DAGs
[2024-10-22T03:56:04.872+0000] {logging_mixin.py:190} INFO - [2024-10-22T03:56:04.871+0000] {dag.py:4180} INFO - Setting next_dagrun for dataset_alias_example_alias_consumer to None, run_after=None
[2024-10-22T03:56:04.876+0000] {logging_mixin.py:190} INFO - [2024-10-22T03:56:04.875+0000] {dag.py:4180} INFO - Setting next_dagrun for dataset_alias_example_alias_producer to None, run_after=None
[2024-10-22T03:56:04.878+0000] {logging_mixin.py:190} INFO - [2024-10-22T03:56:04.878+0000] {dag.py:4180} INFO - Setting next_dagrun for dataset_s3_bucket_consumer to None, run_after=None
[2024-10-22T03:56:04.880+0000] {logging_mixin.py:190} INFO - [2024-10-22T03:56:04.880+0000] {dag.py:4180} INFO - Setting next_dagrun for dataset_s3_bucket_producer to None, run_after=None
[2024-10-22T03:56:04.909+0000] {processor.py:208} INFO - Processing /home/airflow/.local/lib/python3.12/site-packages/airflow/example_dags/example_dataset_alias.py took 0.697 seconds
[2024-10-22T03:56:34.961+0000] {processor.py:186} INFO - Started process (PID=59746) to work on /home/airflow/.local/lib/python3.12/site-packages/airflow/example_dags/example_dataset_alias.py
[2024-10-22T03:56:34.962+0000] {processor.py:914} INFO - Processing file /home/airflow/.local/lib/python3.12/site-packages/airflow/example_dags/example_dataset_alias.py for tasks to queue
[2024-10-22T03:56:34.964+0000] {logging_mixin.py:190} INFO - [2024-10-22T03:56:34.963+0000] {dagbag.py:588} INFO - Filling up the DagBag from /home/airflow/.local/lib/python3.12/site-packages/airflow/example_dags/example_dataset_alias.py
[2024-10-22T03:56:35.529+0000] {processor.py:925} INFO - DAG(s) 'dataset_alias_example_alias_consumer', 'dataset_alias_example_alias_producer', 'dataset_s3_bucket_consumer', 'dataset_s3_bucket_producer' retrieved from /home/airflow/.local/lib/python3.12/site-packages/airflow/example_dags/example_dataset_alias.py
[2024-10-22T03:56:35.567+0000] {logging_mixin.py:190} INFO - [2024-10-22T03:56:35.566+0000] {dag.py:3239} INFO - Sync 4 DAGs
[2024-10-22T03:56:35.599+0000] {logging_mixin.py:190} INFO - [2024-10-22T03:56:35.599+0000] {dag.py:4180} INFO - Setting next_dagrun for dataset_alias_example_alias_consumer to None, run_after=None
[2024-10-22T03:56:35.603+0000] {logging_mixin.py:190} INFO - [2024-10-22T03:56:35.603+0000] {dag.py:4180} INFO - Setting next_dagrun for dataset_alias_example_alias_producer to None, run_after=None
[2024-10-22T03:56:35.606+0000] {logging_mixin.py:190} INFO - [2024-10-22T03:56:35.605+0000] {dag.py:4180} INFO - Setting next_dagrun for dataset_s3_bucket_consumer to None, run_after=None
[2024-10-22T03:56:35.608+0000] {logging_mixin.py:190} INFO - [2024-10-22T03:56:35.607+0000] {dag.py:4180} INFO - Setting next_dagrun for dataset_s3_bucket_producer to None, run_after=None
[2024-10-22T03:56:35.645+0000] {processor.py:208} INFO - Processing /home/airflow/.local/lib/python3.12/site-packages/airflow/example_dags/example_dataset_alias.py took 0.694 seconds
[2024-10-22T03:57:06.487+0000] {processor.py:186} INFO - Started process (PID=59814) to work on /home/airflow/.local/lib/python3.12/site-packages/airflow/example_dags/example_dataset_alias.py
[2024-10-22T03:57:06.488+0000] {processor.py:914} INFO - Processing file /home/airflow/.local/lib/python3.12/site-packages/airflow/example_dags/example_dataset_alias.py for tasks to queue
[2024-10-22T03:57:06.490+0000] {logging_mixin.py:190} INFO - [2024-10-22T03:57:06.489+0000] {dagbag.py:588} INFO - Filling up the DagBag from /home/airflow/.local/lib/python3.12/site-packages/airflow/example_dags/example_dataset_alias.py
[2024-10-22T03:57:06.972+0000] {processor.py:925} INFO - DAG(s) 'dataset_alias_example_alias_producer', 'dataset_alias_example_alias_consumer', 'dataset_s3_bucket_consumer', 'dataset_s3_bucket_producer' retrieved from /home/airflow/.local/lib/python3.12/site-packages/airflow/example_dags/example_dataset_alias.py
[2024-10-22T03:57:07.000+0000] {logging_mixin.py:190} INFO - [2024-10-22T03:57:06.999+0000] {dag.py:3239} INFO - Sync 4 DAGs
[2024-10-22T03:57:07.040+0000] {logging_mixin.py:190} INFO - [2024-10-22T03:57:07.040+0000] {dag.py:4180} INFO - Setting next_dagrun for dataset_alias_example_alias_consumer to None, run_after=None
[2024-10-22T03:57:07.052+0000] {logging_mixin.py:190} INFO - [2024-10-22T03:57:07.048+0000] {dag.py:4180} INFO - Setting next_dagrun for dataset_alias_example_alias_producer to None, run_after=None
[2024-10-22T03:57:07.055+0000] {logging_mixin.py:190} INFO - [2024-10-22T03:57:07.054+0000] {dag.py:4180} INFO - Setting next_dagrun for dataset_s3_bucket_consumer to None, run_after=None
[2024-10-22T03:57:07.063+0000] {logging_mixin.py:190} INFO - [2024-10-22T03:57:07.062+0000] {dag.py:4180} INFO - Setting next_dagrun for dataset_s3_bucket_producer to None, run_after=None
[2024-10-22T03:57:07.144+0000] {processor.py:208} INFO - Processing /home/airflow/.local/lib/python3.12/site-packages/airflow/example_dags/example_dataset_alias.py took 0.667 seconds
[2024-10-22T03:57:37.911+0000] {processor.py:186} INFO - Started process (PID=59887) to work on /home/airflow/.local/lib/python3.12/site-packages/airflow/example_dags/example_dataset_alias.py
[2024-10-22T03:57:37.913+0000] {processor.py:914} INFO - Processing file /home/airflow/.local/lib/python3.12/site-packages/airflow/example_dags/example_dataset_alias.py for tasks to queue
[2024-10-22T03:57:37.914+0000] {logging_mixin.py:190} INFO - [2024-10-22T03:57:37.914+0000] {dagbag.py:588} INFO - Filling up the DagBag from /home/airflow/.local/lib/python3.12/site-packages/airflow/example_dags/example_dataset_alias.py
[2024-10-22T03:57:38.286+0000] {processor.py:925} INFO - DAG(s) 'dataset_s3_bucket_producer', 'dataset_alias_example_alias_producer', 'dataset_s3_bucket_consumer', 'dataset_alias_example_alias_consumer' retrieved from /home/airflow/.local/lib/python3.12/site-packages/airflow/example_dags/example_dataset_alias.py
[2024-10-22T03:57:38.307+0000] {logging_mixin.py:190} INFO - [2024-10-22T03:57:38.307+0000] {dag.py:3239} INFO - Sync 4 DAGs
[2024-10-22T03:57:38.328+0000] {logging_mixin.py:190} INFO - [2024-10-22T03:57:38.328+0000] {dag.py:4180} INFO - Setting next_dagrun for dataset_alias_example_alias_consumer to None, run_after=None
[2024-10-22T03:57:38.331+0000] {logging_mixin.py:190} INFO - [2024-10-22T03:57:38.331+0000] {dag.py:4180} INFO - Setting next_dagrun for dataset_alias_example_alias_producer to None, run_after=None
[2024-10-22T03:57:38.333+0000] {logging_mixin.py:190} INFO - [2024-10-22T03:57:38.332+0000] {dag.py:4180} INFO - Setting next_dagrun for dataset_s3_bucket_consumer to None, run_after=None
[2024-10-22T03:57:38.334+0000] {logging_mixin.py:190} INFO - [2024-10-22T03:57:38.334+0000] {dag.py:4180} INFO - Setting next_dagrun for dataset_s3_bucket_producer to None, run_after=None
[2024-10-22T03:57:38.353+0000] {processor.py:208} INFO - Processing /home/airflow/.local/lib/python3.12/site-packages/airflow/example_dags/example_dataset_alias.py took 0.449 seconds
[2024-10-22T03:58:08.838+0000] {processor.py:186} INFO - Started process (PID=59954) to work on /home/airflow/.local/lib/python3.12/site-packages/airflow/example_dags/example_dataset_alias.py
[2024-10-22T03:58:08.839+0000] {processor.py:914} INFO - Processing file /home/airflow/.local/lib/python3.12/site-packages/airflow/example_dags/example_dataset_alias.py for tasks to queue
[2024-10-22T03:58:08.840+0000] {logging_mixin.py:190} INFO - [2024-10-22T03:58:08.840+0000] {dagbag.py:588} INFO - Filling up the DagBag from /home/airflow/.local/lib/python3.12/site-packages/airflow/example_dags/example_dataset_alias.py
[2024-10-22T03:58:09.223+0000] {processor.py:925} INFO - DAG(s) 'dataset_alias_example_alias_consumer', 'dataset_s3_bucket_producer', 'dataset_s3_bucket_consumer', 'dataset_alias_example_alias_producer' retrieved from /home/airflow/.local/lib/python3.12/site-packages/airflow/example_dags/example_dataset_alias.py
[2024-10-22T03:58:09.244+0000] {logging_mixin.py:190} INFO - [2024-10-22T03:58:09.244+0000] {dag.py:3239} INFO - Sync 4 DAGs
[2024-10-22T03:58:09.263+0000] {logging_mixin.py:190} INFO - [2024-10-22T03:58:09.263+0000] {dag.py:4180} INFO - Setting next_dagrun for dataset_alias_example_alias_consumer to None, run_after=None
[2024-10-22T03:58:09.265+0000] {logging_mixin.py:190} INFO - [2024-10-22T03:58:09.265+0000] {dag.py:4180} INFO - Setting next_dagrun for dataset_alias_example_alias_producer to None, run_after=None
[2024-10-22T03:58:09.267+0000] {logging_mixin.py:190} INFO - [2024-10-22T03:58:09.266+0000] {dag.py:4180} INFO - Setting next_dagrun for dataset_s3_bucket_consumer to None, run_after=None
[2024-10-22T03:58:09.268+0000] {logging_mixin.py:190} INFO - [2024-10-22T03:58:09.267+0000] {dag.py:4180} INFO - Setting next_dagrun for dataset_s3_bucket_producer to None, run_after=None
[2024-10-22T03:58:09.291+0000] {processor.py:208} INFO - Processing /home/airflow/.local/lib/python3.12/site-packages/airflow/example_dags/example_dataset_alias.py took 0.461 seconds
[2024-10-22T03:58:39.686+0000] {processor.py:186} INFO - Started process (PID=60021) to work on /home/airflow/.local/lib/python3.12/site-packages/airflow/example_dags/example_dataset_alias.py
[2024-10-22T03:58:39.687+0000] {processor.py:914} INFO - Processing file /home/airflow/.local/lib/python3.12/site-packages/airflow/example_dags/example_dataset_alias.py for tasks to queue
[2024-10-22T03:58:39.689+0000] {logging_mixin.py:190} INFO - [2024-10-22T03:58:39.688+0000] {dagbag.py:588} INFO - Filling up the DagBag from /home/airflow/.local/lib/python3.12/site-packages/airflow/example_dags/example_dataset_alias.py
[2024-10-22T03:58:40.071+0000] {processor.py:925} INFO - DAG(s) 'dataset_alias_example_alias_producer', 'dataset_s3_bucket_producer', 'dataset_alias_example_alias_consumer', 'dataset_s3_bucket_consumer' retrieved from /home/airflow/.local/lib/python3.12/site-packages/airflow/example_dags/example_dataset_alias.py
[2024-10-22T03:58:40.094+0000] {logging_mixin.py:190} INFO - [2024-10-22T03:58:40.093+0000] {dag.py:3239} INFO - Sync 4 DAGs
[2024-10-22T03:58:40.112+0000] {logging_mixin.py:190} INFO - [2024-10-22T03:58:40.112+0000] {dag.py:4180} INFO - Setting next_dagrun for dataset_alias_example_alias_consumer to None, run_after=None
[2024-10-22T03:58:40.115+0000] {logging_mixin.py:190} INFO - [2024-10-22T03:58:40.115+0000] {dag.py:4180} INFO - Setting next_dagrun for dataset_alias_example_alias_producer to None, run_after=None
[2024-10-22T03:58:40.116+0000] {logging_mixin.py:190} INFO - [2024-10-22T03:58:40.116+0000] {dag.py:4180} INFO - Setting next_dagrun for dataset_s3_bucket_consumer to None, run_after=None
[2024-10-22T03:58:40.118+0000] {logging_mixin.py:190} INFO - [2024-10-22T03:58:40.117+0000] {dag.py:4180} INFO - Setting next_dagrun for dataset_s3_bucket_producer to None, run_after=None
[2024-10-22T03:58:40.137+0000] {processor.py:208} INFO - Processing /home/airflow/.local/lib/python3.12/site-packages/airflow/example_dags/example_dataset_alias.py took 0.459 seconds
[2024-10-22T03:59:10.218+0000] {processor.py:186} INFO - Started process (PID=60088) to work on /home/airflow/.local/lib/python3.12/site-packages/airflow/example_dags/example_dataset_alias.py
[2024-10-22T03:59:10.219+0000] {processor.py:914} INFO - Processing file /home/airflow/.local/lib/python3.12/site-packages/airflow/example_dags/example_dataset_alias.py for tasks to queue
[2024-10-22T03:59:10.221+0000] {logging_mixin.py:190} INFO - [2024-10-22T03:59:10.220+0000] {dagbag.py:588} INFO - Filling up the DagBag from /home/airflow/.local/lib/python3.12/site-packages/airflow/example_dags/example_dataset_alias.py
[2024-10-22T03:59:10.487+0000] {processor.py:925} INFO - DAG(s) 'dataset_s3_bucket_producer', 'dataset_alias_example_alias_consumer', 'dataset_alias_example_alias_producer', 'dataset_s3_bucket_consumer' retrieved from /home/airflow/.local/lib/python3.12/site-packages/airflow/example_dags/example_dataset_alias.py
[2024-10-22T03:59:10.516+0000] {logging_mixin.py:190} INFO - [2024-10-22T03:59:10.516+0000] {dag.py:3239} INFO - Sync 4 DAGs
[2024-10-22T03:59:10.543+0000] {logging_mixin.py:190} INFO - [2024-10-22T03:59:10.543+0000] {dag.py:4180} INFO - Setting next_dagrun for dataset_alias_example_alias_consumer to None, run_after=None
[2024-10-22T03:59:10.546+0000] {logging_mixin.py:190} INFO - [2024-10-22T03:59:10.546+0000] {dag.py:4180} INFO - Setting next_dagrun for dataset_alias_example_alias_producer to None, run_after=None
[2024-10-22T03:59:10.549+0000] {logging_mixin.py:190} INFO - [2024-10-22T03:59:10.548+0000] {dag.py:4180} INFO - Setting next_dagrun for dataset_s3_bucket_consumer to None, run_after=None
[2024-10-22T03:59:10.550+0000] {logging_mixin.py:190} INFO - [2024-10-22T03:59:10.550+0000] {dag.py:4180} INFO - Setting next_dagrun for dataset_s3_bucket_producer to None, run_after=None
[2024-10-22T03:59:10.575+0000] {processor.py:208} INFO - Processing /home/airflow/.local/lib/python3.12/site-packages/airflow/example_dags/example_dataset_alias.py took 0.366 seconds
[2024-10-22T03:59:40.885+0000] {processor.py:186} INFO - Started process (PID=60156) to work on /home/airflow/.local/lib/python3.12/site-packages/airflow/example_dags/example_dataset_alias.py
[2024-10-22T03:59:40.886+0000] {processor.py:914} INFO - Processing file /home/airflow/.local/lib/python3.12/site-packages/airflow/example_dags/example_dataset_alias.py for tasks to queue
[2024-10-22T03:59:40.887+0000] {logging_mixin.py:190} INFO - [2024-10-22T03:59:40.887+0000] {dagbag.py:588} INFO - Filling up the DagBag from /home/airflow/.local/lib/python3.12/site-packages/airflow/example_dags/example_dataset_alias.py
[2024-10-22T03:59:41.082+0000] {processor.py:925} INFO - DAG(s) 'dataset_s3_bucket_producer', 'dataset_alias_example_alias_consumer', 'dataset_s3_bucket_consumer', 'dataset_alias_example_alias_producer' retrieved from /home/airflow/.local/lib/python3.12/site-packages/airflow/example_dags/example_dataset_alias.py
[2024-10-22T03:59:41.107+0000] {logging_mixin.py:190} INFO - [2024-10-22T03:59:41.107+0000] {dag.py:3239} INFO - Sync 4 DAGs
[2024-10-22T03:59:41.130+0000] {logging_mixin.py:190} INFO - [2024-10-22T03:59:41.130+0000] {dag.py:4180} INFO - Setting next_dagrun for dataset_alias_example_alias_consumer to None, run_after=None
[2024-10-22T03:59:41.133+0000] {logging_mixin.py:190} INFO - [2024-10-22T03:59:41.133+0000] {dag.py:4180} INFO - Setting next_dagrun for dataset_alias_example_alias_producer to None, run_after=None
[2024-10-22T03:59:41.134+0000] {logging_mixin.py:190} INFO - [2024-10-22T03:59:41.134+0000] {dag.py:4180} INFO - Setting next_dagrun for dataset_s3_bucket_consumer to None, run_after=None
[2024-10-22T03:59:41.135+0000] {logging_mixin.py:190} INFO - [2024-10-22T03:59:41.135+0000] {dag.py:4180} INFO - Setting next_dagrun for dataset_s3_bucket_producer to None, run_after=None
[2024-10-22T03:59:41.157+0000] {processor.py:208} INFO - Processing /home/airflow/.local/lib/python3.12/site-packages/airflow/example_dags/example_dataset_alias.py took 0.280 seconds
[2024-10-22T04:00:11.194+0000] {processor.py:186} INFO - Started process (PID=60224) to work on /home/airflow/.local/lib/python3.12/site-packages/airflow/example_dags/example_dataset_alias.py
[2024-10-22T04:00:11.195+0000] {processor.py:914} INFO - Processing file /home/airflow/.local/lib/python3.12/site-packages/airflow/example_dags/example_dataset_alias.py for tasks to queue
[2024-10-22T04:00:11.196+0000] {logging_mixin.py:190} INFO - [2024-10-22T04:00:11.196+0000] {dagbag.py:588} INFO - Filling up the DagBag from /home/airflow/.local/lib/python3.12/site-packages/airflow/example_dags/example_dataset_alias.py
[2024-10-22T04:00:11.380+0000] {processor.py:925} INFO - DAG(s) 'dataset_s3_bucket_producer', 'dataset_s3_bucket_consumer', 'dataset_alias_example_alias_consumer', 'dataset_alias_example_alias_producer' retrieved from /home/airflow/.local/lib/python3.12/site-packages/airflow/example_dags/example_dataset_alias.py
[2024-10-22T04:00:11.405+0000] {logging_mixin.py:190} INFO - [2024-10-22T04:00:11.404+0000] {dag.py:3239} INFO - Sync 4 DAGs
[2024-10-22T04:00:11.428+0000] {logging_mixin.py:190} INFO - [2024-10-22T04:00:11.428+0000] {dag.py:4180} INFO - Setting next_dagrun for dataset_alias_example_alias_consumer to None, run_after=None
[2024-10-22T04:00:11.431+0000] {logging_mixin.py:190} INFO - [2024-10-22T04:00:11.431+0000] {dag.py:4180} INFO - Setting next_dagrun for dataset_alias_example_alias_producer to None, run_after=None
[2024-10-22T04:00:11.432+0000] {logging_mixin.py:190} INFO - [2024-10-22T04:00:11.432+0000] {dag.py:4180} INFO - Setting next_dagrun for dataset_s3_bucket_consumer to None, run_after=None
[2024-10-22T04:00:11.434+0000] {logging_mixin.py:190} INFO - [2024-10-22T04:00:11.433+0000] {dag.py:4180} INFO - Setting next_dagrun for dataset_s3_bucket_producer to None, run_after=None
[2024-10-22T04:00:11.455+0000] {processor.py:208} INFO - Processing /home/airflow/.local/lib/python3.12/site-packages/airflow/example_dags/example_dataset_alias.py took 0.268 seconds
[2024-10-22T04:00:41.827+0000] {processor.py:186} INFO - Started process (PID=60289) to work on /home/airflow/.local/lib/python3.12/site-packages/airflow/example_dags/example_dataset_alias.py
[2024-10-22T04:00:41.828+0000] {processor.py:914} INFO - Processing file /home/airflow/.local/lib/python3.12/site-packages/airflow/example_dags/example_dataset_alias.py for tasks to queue
[2024-10-22T04:00:41.829+0000] {logging_mixin.py:190} INFO - [2024-10-22T04:00:41.829+0000] {dagbag.py:588} INFO - Filling up the DagBag from /home/airflow/.local/lib/python3.12/site-packages/airflow/example_dags/example_dataset_alias.py
[2024-10-22T04:00:42.006+0000] {processor.py:925} INFO - DAG(s) 'dataset_alias_example_alias_producer', 'dataset_alias_example_alias_consumer', 'dataset_s3_bucket_consumer', 'dataset_s3_bucket_producer' retrieved from /home/airflow/.local/lib/python3.12/site-packages/airflow/example_dags/example_dataset_alias.py
[2024-10-22T04:00:42.037+0000] {logging_mixin.py:190} INFO - [2024-10-22T04:00:42.037+0000] {dag.py:3239} INFO - Sync 4 DAGs
[2024-10-22T04:00:42.063+0000] {logging_mixin.py:190} INFO - [2024-10-22T04:00:42.063+0000] {dag.py:4180} INFO - Setting next_dagrun for dataset_alias_example_alias_consumer to None, run_after=None
[2024-10-22T04:00:42.066+0000] {logging_mixin.py:190} INFO - [2024-10-22T04:00:42.066+0000] {dag.py:4180} INFO - Setting next_dagrun for dataset_alias_example_alias_producer to None, run_after=None
[2024-10-22T04:00:42.067+0000] {logging_mixin.py:190} INFO - [2024-10-22T04:00:42.067+0000] {dag.py:4180} INFO - Setting next_dagrun for dataset_s3_bucket_consumer to None, run_after=None
[2024-10-22T04:00:42.069+0000] {logging_mixin.py:190} INFO - [2024-10-22T04:00:42.068+0000] {dag.py:4180} INFO - Setting next_dagrun for dataset_s3_bucket_producer to None, run_after=None
[2024-10-22T04:00:42.091+0000] {processor.py:208} INFO - Processing /home/airflow/.local/lib/python3.12/site-packages/airflow/example_dags/example_dataset_alias.py took 0.272 seconds
[2024-10-22T04:01:12.527+0000] {processor.py:186} INFO - Started process (PID=60356) to work on /home/airflow/.local/lib/python3.12/site-packages/airflow/example_dags/example_dataset_alias.py
[2024-10-22T04:01:12.528+0000] {processor.py:914} INFO - Processing file /home/airflow/.local/lib/python3.12/site-packages/airflow/example_dags/example_dataset_alias.py for tasks to queue
[2024-10-22T04:01:12.529+0000] {logging_mixin.py:190} INFO - [2024-10-22T04:01:12.529+0000] {dagbag.py:588} INFO - Filling up the DagBag from /home/airflow/.local/lib/python3.12/site-packages/airflow/example_dags/example_dataset_alias.py
[2024-10-22T04:01:12.709+0000] {processor.py:925} INFO - DAG(s) 'dataset_s3_bucket_consumer', 'dataset_s3_bucket_producer', 'dataset_alias_example_alias_producer', 'dataset_alias_example_alias_consumer' retrieved from /home/airflow/.local/lib/python3.12/site-packages/airflow/example_dags/example_dataset_alias.py
[2024-10-22T04:01:12.732+0000] {logging_mixin.py:190} INFO - [2024-10-22T04:01:12.732+0000] {dag.py:3239} INFO - Sync 4 DAGs
[2024-10-22T04:01:12.756+0000] {logging_mixin.py:190} INFO - [2024-10-22T04:01:12.756+0000] {dag.py:4180} INFO - Setting next_dagrun for dataset_alias_example_alias_consumer to None, run_after=None
[2024-10-22T04:01:12.759+0000] {logging_mixin.py:190} INFO - [2024-10-22T04:01:12.758+0000] {dag.py:4180} INFO - Setting next_dagrun for dataset_alias_example_alias_producer to None, run_after=None
[2024-10-22T04:01:12.760+0000] {logging_mixin.py:190} INFO - [2024-10-22T04:01:12.760+0000] {dag.py:4180} INFO - Setting next_dagrun for dataset_s3_bucket_consumer to None, run_after=None
[2024-10-22T04:01:12.761+0000] {logging_mixin.py:190} INFO - [2024-10-22T04:01:12.761+0000] {dag.py:4180} INFO - Setting next_dagrun for dataset_s3_bucket_producer to None, run_after=None
[2024-10-22T04:01:12.782+0000] {processor.py:208} INFO - Processing /home/airflow/.local/lib/python3.12/site-packages/airflow/example_dags/example_dataset_alias.py took 0.262 seconds
[2024-10-22T04:01:43.290+0000] {processor.py:186} INFO - Started process (PID=60423) to work on /home/airflow/.local/lib/python3.12/site-packages/airflow/example_dags/example_dataset_alias.py
[2024-10-22T04:01:43.291+0000] {processor.py:914} INFO - Processing file /home/airflow/.local/lib/python3.12/site-packages/airflow/example_dags/example_dataset_alias.py for tasks to queue
[2024-10-22T04:01:43.293+0000] {logging_mixin.py:190} INFO - [2024-10-22T04:01:43.292+0000] {dagbag.py:588} INFO - Filling up the DagBag from /home/airflow/.local/lib/python3.12/site-packages/airflow/example_dags/example_dataset_alias.py
[2024-10-22T04:01:43.504+0000] {processor.py:925} INFO - DAG(s) 'dataset_alias_example_alias_producer', 'dataset_s3_bucket_consumer', 'dataset_s3_bucket_producer', 'dataset_alias_example_alias_consumer' retrieved from /home/airflow/.local/lib/python3.12/site-packages/airflow/example_dags/example_dataset_alias.py
[2024-10-22T04:01:43.527+0000] {logging_mixin.py:190} INFO - [2024-10-22T04:01:43.527+0000] {dag.py:3239} INFO - Sync 4 DAGs
[2024-10-22T04:01:43.553+0000] {logging_mixin.py:190} INFO - [2024-10-22T04:01:43.553+0000] {dag.py:4180} INFO - Setting next_dagrun for dataset_alias_example_alias_consumer to None, run_after=None
[2024-10-22T04:01:43.557+0000] {logging_mixin.py:190} INFO - [2024-10-22T04:01:43.557+0000] {dag.py:4180} INFO - Setting next_dagrun for dataset_alias_example_alias_producer to None, run_after=None
[2024-10-22T04:01:43.559+0000] {logging_mixin.py:190} INFO - [2024-10-22T04:01:43.559+0000] {dag.py:4180} INFO - Setting next_dagrun for dataset_s3_bucket_consumer to None, run_after=None
[2024-10-22T04:01:43.560+0000] {logging_mixin.py:190} INFO - [2024-10-22T04:01:43.560+0000] {dag.py:4180} INFO - Setting next_dagrun for dataset_s3_bucket_producer to None, run_after=None
[2024-10-22T04:01:43.582+0000] {processor.py:208} INFO - Processing /home/airflow/.local/lib/python3.12/site-packages/airflow/example_dags/example_dataset_alias.py took 0.300 seconds
[2024-10-22T04:02:14.112+0000] {processor.py:186} INFO - Started process (PID=60490) to work on /home/airflow/.local/lib/python3.12/site-packages/airflow/example_dags/example_dataset_alias.py
[2024-10-22T04:02:14.113+0000] {processor.py:914} INFO - Processing file /home/airflow/.local/lib/python3.12/site-packages/airflow/example_dags/example_dataset_alias.py for tasks to queue
[2024-10-22T04:02:14.115+0000] {logging_mixin.py:190} INFO - [2024-10-22T04:02:14.114+0000] {dagbag.py:588} INFO - Filling up the DagBag from /home/airflow/.local/lib/python3.12/site-packages/airflow/example_dags/example_dataset_alias.py
[2024-10-22T04:02:14.291+0000] {processor.py:925} INFO - DAG(s) 'dataset_alias_example_alias_consumer', 'dataset_s3_bucket_producer', 'dataset_s3_bucket_consumer', 'dataset_alias_example_alias_producer' retrieved from /home/airflow/.local/lib/python3.12/site-packages/airflow/example_dags/example_dataset_alias.py
[2024-10-22T04:02:14.314+0000] {logging_mixin.py:190} INFO - [2024-10-22T04:02:14.314+0000] {dag.py:3239} INFO - Sync 4 DAGs
[2024-10-22T04:02:14.336+0000] {logging_mixin.py:190} INFO - [2024-10-22T04:02:14.336+0000] {dag.py:4180} INFO - Setting next_dagrun for dataset_alias_example_alias_consumer to None, run_after=None
[2024-10-22T04:02:14.339+0000] {logging_mixin.py:190} INFO - [2024-10-22T04:02:14.339+0000] {dag.py:4180} INFO - Setting next_dagrun for dataset_alias_example_alias_producer to None, run_after=None
[2024-10-22T04:02:14.340+0000] {logging_mixin.py:190} INFO - [2024-10-22T04:02:14.340+0000] {dag.py:4180} INFO - Setting next_dagrun for dataset_s3_bucket_consumer to None, run_after=None
[2024-10-22T04:02:14.341+0000] {logging_mixin.py:190} INFO - [2024-10-22T04:02:14.341+0000] {dag.py:4180} INFO - Setting next_dagrun for dataset_s3_bucket_producer to None, run_after=None
[2024-10-22T04:02:14.365+0000] {processor.py:208} INFO - Processing /home/airflow/.local/lib/python3.12/site-packages/airflow/example_dags/example_dataset_alias.py took 0.259 seconds
[2024-10-22T04:02:44.759+0000] {processor.py:186} INFO - Started process (PID=60556) to work on /home/airflow/.local/lib/python3.12/site-packages/airflow/example_dags/example_dataset_alias.py
[2024-10-22T04:02:44.760+0000] {processor.py:914} INFO - Processing file /home/airflow/.local/lib/python3.12/site-packages/airflow/example_dags/example_dataset_alias.py for tasks to queue
[2024-10-22T04:02:44.761+0000] {logging_mixin.py:190} INFO - [2024-10-22T04:02:44.761+0000] {dagbag.py:588} INFO - Filling up the DagBag from /home/airflow/.local/lib/python3.12/site-packages/airflow/example_dags/example_dataset_alias.py
[2024-10-22T04:02:44.937+0000] {processor.py:925} INFO - DAG(s) 'dataset_alias_example_alias_producer', 'dataset_s3_bucket_consumer', 'dataset_s3_bucket_producer', 'dataset_alias_example_alias_consumer' retrieved from /home/airflow/.local/lib/python3.12/site-packages/airflow/example_dags/example_dataset_alias.py
[2024-10-22T04:02:44.960+0000] {logging_mixin.py:190} INFO - [2024-10-22T04:02:44.960+0000] {dag.py:3239} INFO - Sync 4 DAGs
[2024-10-22T04:02:44.982+0000] {logging_mixin.py:190} INFO - [2024-10-22T04:02:44.982+0000] {dag.py:4180} INFO - Setting next_dagrun for dataset_alias_example_alias_consumer to None, run_after=None
[2024-10-22T04:02:44.985+0000] {logging_mixin.py:190} INFO - [2024-10-22T04:02:44.985+0000] {dag.py:4180} INFO - Setting next_dagrun for dataset_alias_example_alias_producer to None, run_after=None
[2024-10-22T04:02:44.986+0000] {logging_mixin.py:190} INFO - [2024-10-22T04:02:44.986+0000] {dag.py:4180} INFO - Setting next_dagrun for dataset_s3_bucket_consumer to None, run_after=None
[2024-10-22T04:02:44.987+0000] {logging_mixin.py:190} INFO - [2024-10-22T04:02:44.987+0000] {dag.py:4180} INFO - Setting next_dagrun for dataset_s3_bucket_producer to None, run_after=None
[2024-10-22T04:02:45.008+0000] {processor.py:208} INFO - Processing /home/airflow/.local/lib/python3.12/site-packages/airflow/example_dags/example_dataset_alias.py took 0.257 seconds
[2024-10-22T04:03:15.735+0000] {processor.py:186} INFO - Started process (PID=60623) to work on /home/airflow/.local/lib/python3.12/site-packages/airflow/example_dags/example_dataset_alias.py
[2024-10-22T04:03:15.736+0000] {processor.py:914} INFO - Processing file /home/airflow/.local/lib/python3.12/site-packages/airflow/example_dags/example_dataset_alias.py for tasks to queue
[2024-10-22T04:03:15.737+0000] {logging_mixin.py:190} INFO - [2024-10-22T04:03:15.737+0000] {dagbag.py:588} INFO - Filling up the DagBag from /home/airflow/.local/lib/python3.12/site-packages/airflow/example_dags/example_dataset_alias.py
[2024-10-22T04:03:15.915+0000] {processor.py:925} INFO - DAG(s) 'dataset_s3_bucket_producer', 'dataset_alias_example_alias_producer', 'dataset_alias_example_alias_consumer', 'dataset_s3_bucket_consumer' retrieved from /home/airflow/.local/lib/python3.12/site-packages/airflow/example_dags/example_dataset_alias.py
[2024-10-22T04:03:15.939+0000] {logging_mixin.py:190} INFO - [2024-10-22T04:03:15.939+0000] {dag.py:3239} INFO - Sync 4 DAGs
[2024-10-22T04:03:15.961+0000] {logging_mixin.py:190} INFO - [2024-10-22T04:03:15.961+0000] {dag.py:4180} INFO - Setting next_dagrun for dataset_alias_example_alias_consumer to None, run_after=None
[2024-10-22T04:03:15.963+0000] {logging_mixin.py:190} INFO - [2024-10-22T04:03:15.963+0000] {dag.py:4180} INFO - Setting next_dagrun for dataset_alias_example_alias_producer to None, run_after=None
[2024-10-22T04:03:15.965+0000] {logging_mixin.py:190} INFO - [2024-10-22T04:03:15.964+0000] {dag.py:4180} INFO - Setting next_dagrun for dataset_s3_bucket_consumer to None, run_after=None
[2024-10-22T04:03:15.966+0000] {logging_mixin.py:190} INFO - [2024-10-22T04:03:15.966+0000] {dag.py:4180} INFO - Setting next_dagrun for dataset_s3_bucket_producer to None, run_after=None
[2024-10-22T04:03:15.987+0000] {processor.py:208} INFO - Processing /home/airflow/.local/lib/python3.12/site-packages/airflow/example_dags/example_dataset_alias.py took 0.260 seconds
[2024-10-22T04:03:46.030+0000] {processor.py:186} INFO - Started process (PID=60690) to work on /home/airflow/.local/lib/python3.12/site-packages/airflow/example_dags/example_dataset_alias.py
[2024-10-22T04:03:46.031+0000] {processor.py:914} INFO - Processing file /home/airflow/.local/lib/python3.12/site-packages/airflow/example_dags/example_dataset_alias.py for tasks to queue
[2024-10-22T04:03:46.033+0000] {logging_mixin.py:190} INFO - [2024-10-22T04:03:46.032+0000] {dagbag.py:588} INFO - Filling up the DagBag from /home/airflow/.local/lib/python3.12/site-packages/airflow/example_dags/example_dataset_alias.py
[2024-10-22T04:03:46.211+0000] {processor.py:925} INFO - DAG(s) 'dataset_s3_bucket_producer', 'dataset_alias_example_alias_producer', 'dataset_alias_example_alias_consumer', 'dataset_s3_bucket_consumer' retrieved from /home/airflow/.local/lib/python3.12/site-packages/airflow/example_dags/example_dataset_alias.py
[2024-10-22T04:03:46.233+0000] {logging_mixin.py:190} INFO - [2024-10-22T04:03:46.233+0000] {dag.py:3239} INFO - Sync 4 DAGs
[2024-10-22T04:03:46.255+0000] {logging_mixin.py:190} INFO - [2024-10-22T04:03:46.255+0000] {dag.py:4180} INFO - Setting next_dagrun for dataset_alias_example_alias_consumer to None, run_after=None
[2024-10-22T04:03:46.258+0000] {logging_mixin.py:190} INFO - [2024-10-22T04:03:46.257+0000] {dag.py:4180} INFO - Setting next_dagrun for dataset_alias_example_alias_producer to None, run_after=None
[2024-10-22T04:03:46.259+0000] {logging_mixin.py:190} INFO - [2024-10-22T04:03:46.259+0000] {dag.py:4180} INFO - Setting next_dagrun for dataset_s3_bucket_consumer to None, run_after=None
[2024-10-22T04:03:46.260+0000] {logging_mixin.py:190} INFO - [2024-10-22T04:03:46.260+0000] {dag.py:4180} INFO - Setting next_dagrun for dataset_s3_bucket_producer to None, run_after=None
[2024-10-22T04:03:46.291+0000] {processor.py:208} INFO - Processing /home/airflow/.local/lib/python3.12/site-packages/airflow/example_dags/example_dataset_alias.py took 0.269 seconds
[2024-10-22T04:04:17.234+0000] {processor.py:186} INFO - Started process (PID=60757) to work on /home/airflow/.local/lib/python3.12/site-packages/airflow/example_dags/example_dataset_alias.py
[2024-10-22T04:04:17.235+0000] {processor.py:914} INFO - Processing file /home/airflow/.local/lib/python3.12/site-packages/airflow/example_dags/example_dataset_alias.py for tasks to queue
[2024-10-22T04:04:17.237+0000] {logging_mixin.py:190} INFO - [2024-10-22T04:04:17.237+0000] {dagbag.py:588} INFO - Filling up the DagBag from /home/airflow/.local/lib/python3.12/site-packages/airflow/example_dags/example_dataset_alias.py
[2024-10-22T04:04:17.418+0000] {processor.py:925} INFO - DAG(s) 'dataset_s3_bucket_producer', 'dataset_alias_example_alias_producer', 'dataset_alias_example_alias_consumer', 'dataset_s3_bucket_consumer' retrieved from /home/airflow/.local/lib/python3.12/site-packages/airflow/example_dags/example_dataset_alias.py
[2024-10-22T04:04:17.441+0000] {logging_mixin.py:190} INFO - [2024-10-22T04:04:17.440+0000] {dag.py:3239} INFO - Sync 4 DAGs
[2024-10-22T04:04:17.463+0000] {logging_mixin.py:190} INFO - [2024-10-22T04:04:17.462+0000] {dag.py:4180} INFO - Setting next_dagrun for dataset_alias_example_alias_consumer to None, run_after=None
[2024-10-22T04:04:17.465+0000] {logging_mixin.py:190} INFO - [2024-10-22T04:04:17.465+0000] {dag.py:4180} INFO - Setting next_dagrun for dataset_alias_example_alias_producer to None, run_after=None
[2024-10-22T04:04:17.466+0000] {logging_mixin.py:190} INFO - [2024-10-22T04:04:17.466+0000] {dag.py:4180} INFO - Setting next_dagrun for dataset_s3_bucket_consumer to None, run_after=None
[2024-10-22T04:04:17.468+0000] {logging_mixin.py:190} INFO - [2024-10-22T04:04:17.467+0000] {dag.py:4180} INFO - Setting next_dagrun for dataset_s3_bucket_producer to None, run_after=None
[2024-10-22T04:04:17.489+0000] {processor.py:208} INFO - Processing /home/airflow/.local/lib/python3.12/site-packages/airflow/example_dags/example_dataset_alias.py took 0.263 seconds
[2024-10-22T04:04:47.926+0000] {processor.py:186} INFO - Started process (PID=60824) to work on /home/airflow/.local/lib/python3.12/site-packages/airflow/example_dags/example_dataset_alias.py
[2024-10-22T04:04:47.928+0000] {processor.py:914} INFO - Processing file /home/airflow/.local/lib/python3.12/site-packages/airflow/example_dags/example_dataset_alias.py for tasks to queue
[2024-10-22T04:04:47.929+0000] {logging_mixin.py:190} INFO - [2024-10-22T04:04:47.929+0000] {dagbag.py:588} INFO - Filling up the DagBag from /home/airflow/.local/lib/python3.12/site-packages/airflow/example_dags/example_dataset_alias.py
[2024-10-22T04:04:48.111+0000] {processor.py:925} INFO - DAG(s) 'dataset_s3_bucket_consumer', 'dataset_s3_bucket_producer', 'dataset_alias_example_alias_consumer', 'dataset_alias_example_alias_producer' retrieved from /home/airflow/.local/lib/python3.12/site-packages/airflow/example_dags/example_dataset_alias.py
[2024-10-22T04:04:48.134+0000] {logging_mixin.py:190} INFO - [2024-10-22T04:04:48.133+0000] {dag.py:3239} INFO - Sync 4 DAGs
[2024-10-22T04:04:48.159+0000] {logging_mixin.py:190} INFO - [2024-10-22T04:04:48.159+0000] {dag.py:4180} INFO - Setting next_dagrun for dataset_alias_example_alias_consumer to None, run_after=None
[2024-10-22T04:04:48.162+0000] {logging_mixin.py:190} INFO - [2024-10-22T04:04:48.162+0000] {dag.py:4180} INFO - Setting next_dagrun for dataset_alias_example_alias_producer to None, run_after=None
[2024-10-22T04:04:48.163+0000] {logging_mixin.py:190} INFO - [2024-10-22T04:04:48.163+0000] {dag.py:4180} INFO - Setting next_dagrun for dataset_s3_bucket_consumer to None, run_after=None
[2024-10-22T04:04:48.165+0000] {logging_mixin.py:190} INFO - [2024-10-22T04:04:48.164+0000] {dag.py:4180} INFO - Setting next_dagrun for dataset_s3_bucket_producer to None, run_after=None
[2024-10-22T04:04:48.189+0000] {processor.py:208} INFO - Processing /home/airflow/.local/lib/python3.12/site-packages/airflow/example_dags/example_dataset_alias.py took 0.270 seconds
[2024-10-22T04:05:19.080+0000] {processor.py:186} INFO - Started process (PID=60891) to work on /home/airflow/.local/lib/python3.12/site-packages/airflow/example_dags/example_dataset_alias.py
[2024-10-22T04:05:19.081+0000] {processor.py:914} INFO - Processing file /home/airflow/.local/lib/python3.12/site-packages/airflow/example_dags/example_dataset_alias.py for tasks to queue
[2024-10-22T04:05:19.083+0000] {logging_mixin.py:190} INFO - [2024-10-22T04:05:19.082+0000] {dagbag.py:588} INFO - Filling up the DagBag from /home/airflow/.local/lib/python3.12/site-packages/airflow/example_dags/example_dataset_alias.py
[2024-10-22T04:05:19.265+0000] {processor.py:925} INFO - DAG(s) 'dataset_alias_example_alias_producer', 'dataset_s3_bucket_producer', 'dataset_alias_example_alias_consumer', 'dataset_s3_bucket_consumer' retrieved from /home/airflow/.local/lib/python3.12/site-packages/airflow/example_dags/example_dataset_alias.py
[2024-10-22T04:05:19.294+0000] {logging_mixin.py:190} INFO - [2024-10-22T04:05:19.293+0000] {dag.py:3239} INFO - Sync 4 DAGs
[2024-10-22T04:05:19.319+0000] {logging_mixin.py:190} INFO - [2024-10-22T04:05:19.319+0000] {dag.py:4180} INFO - Setting next_dagrun for dataset_alias_example_alias_consumer to None, run_after=None
[2024-10-22T04:05:19.322+0000] {logging_mixin.py:190} INFO - [2024-10-22T04:05:19.322+0000] {dag.py:4180} INFO - Setting next_dagrun for dataset_alias_example_alias_producer to None, run_after=None
[2024-10-22T04:05:19.323+0000] {logging_mixin.py:190} INFO - [2024-10-22T04:05:19.323+0000] {dag.py:4180} INFO - Setting next_dagrun for dataset_s3_bucket_consumer to None, run_after=None
[2024-10-22T04:05:19.325+0000] {logging_mixin.py:190} INFO - [2024-10-22T04:05:19.324+0000] {dag.py:4180} INFO - Setting next_dagrun for dataset_s3_bucket_producer to None, run_after=None
[2024-10-22T04:05:19.348+0000] {processor.py:208} INFO - Processing /home/airflow/.local/lib/python3.12/site-packages/airflow/example_dags/example_dataset_alias.py took 0.276 seconds
[2024-10-22T04:05:49.415+0000] {processor.py:186} INFO - Started process (PID=60958) to work on /home/airflow/.local/lib/python3.12/site-packages/airflow/example_dags/example_dataset_alias.py
[2024-10-22T04:05:49.416+0000] {processor.py:914} INFO - Processing file /home/airflow/.local/lib/python3.12/site-packages/airflow/example_dags/example_dataset_alias.py for tasks to queue
[2024-10-22T04:05:49.418+0000] {logging_mixin.py:190} INFO - [2024-10-22T04:05:49.417+0000] {dagbag.py:588} INFO - Filling up the DagBag from /home/airflow/.local/lib/python3.12/site-packages/airflow/example_dags/example_dataset_alias.py
[2024-10-22T04:05:49.603+0000] {processor.py:925} INFO - DAG(s) 'dataset_alias_example_alias_consumer', 'dataset_s3_bucket_consumer', 'dataset_s3_bucket_producer', 'dataset_alias_example_alias_producer' retrieved from /home/airflow/.local/lib/python3.12/site-packages/airflow/example_dags/example_dataset_alias.py
[2024-10-22T04:05:49.627+0000] {logging_mixin.py:190} INFO - [2024-10-22T04:05:49.627+0000] {dag.py:3239} INFO - Sync 4 DAGs
[2024-10-22T04:05:49.651+0000] {logging_mixin.py:190} INFO - [2024-10-22T04:05:49.651+0000] {dag.py:4180} INFO - Setting next_dagrun for dataset_alias_example_alias_consumer to None, run_after=None
[2024-10-22T04:05:49.654+0000] {logging_mixin.py:190} INFO - [2024-10-22T04:05:49.653+0000] {dag.py:4180} INFO - Setting next_dagrun for dataset_alias_example_alias_producer to None, run_after=None
[2024-10-22T04:05:49.655+0000] {logging_mixin.py:190} INFO - [2024-10-22T04:05:49.655+0000] {dag.py:4180} INFO - Setting next_dagrun for dataset_s3_bucket_consumer to None, run_after=None
[2024-10-22T04:05:49.656+0000] {logging_mixin.py:190} INFO - [2024-10-22T04:05:49.656+0000] {dag.py:4180} INFO - Setting next_dagrun for dataset_s3_bucket_producer to None, run_after=None
[2024-10-22T04:05:49.679+0000] {processor.py:208} INFO - Processing /home/airflow/.local/lib/python3.12/site-packages/airflow/example_dags/example_dataset_alias.py took 0.272 seconds
[2024-10-22T04:06:19.838+0000] {processor.py:186} INFO - Started process (PID=61025) to work on /home/airflow/.local/lib/python3.12/site-packages/airflow/example_dags/example_dataset_alias.py
[2024-10-22T04:06:19.839+0000] {processor.py:914} INFO - Processing file /home/airflow/.local/lib/python3.12/site-packages/airflow/example_dags/example_dataset_alias.py for tasks to queue
[2024-10-22T04:06:19.841+0000] {logging_mixin.py:190} INFO - [2024-10-22T04:06:19.840+0000] {dagbag.py:588} INFO - Filling up the DagBag from /home/airflow/.local/lib/python3.12/site-packages/airflow/example_dags/example_dataset_alias.py
[2024-10-22T04:06:20.031+0000] {processor.py:925} INFO - DAG(s) 'dataset_s3_bucket_consumer', 'dataset_s3_bucket_producer', 'dataset_alias_example_alias_consumer', 'dataset_alias_example_alias_producer' retrieved from /home/airflow/.local/lib/python3.12/site-packages/airflow/example_dags/example_dataset_alias.py
[2024-10-22T04:06:20.054+0000] {logging_mixin.py:190} INFO - [2024-10-22T04:06:20.054+0000] {dag.py:3239} INFO - Sync 4 DAGs
[2024-10-22T04:06:20.077+0000] {logging_mixin.py:190} INFO - [2024-10-22T04:06:20.077+0000] {dag.py:4180} INFO - Setting next_dagrun for dataset_alias_example_alias_consumer to None, run_after=None
[2024-10-22T04:06:20.081+0000] {logging_mixin.py:190} INFO - [2024-10-22T04:06:20.081+0000] {dag.py:4180} INFO - Setting next_dagrun for dataset_alias_example_alias_producer to None, run_after=None
[2024-10-22T04:06:20.082+0000] {logging_mixin.py:190} INFO - [2024-10-22T04:06:20.082+0000] {dag.py:4180} INFO - Setting next_dagrun for dataset_s3_bucket_consumer to None, run_after=None
[2024-10-22T04:06:20.084+0000] {logging_mixin.py:190} INFO - [2024-10-22T04:06:20.083+0000] {dag.py:4180} INFO - Setting next_dagrun for dataset_s3_bucket_producer to None, run_after=None
[2024-10-22T04:06:20.110+0000] {processor.py:208} INFO - Processing /home/airflow/.local/lib/python3.12/site-packages/airflow/example_dags/example_dataset_alias.py took 0.279 seconds
[2024-10-22T04:06:50.285+0000] {processor.py:186} INFO - Started process (PID=61093) to work on /home/airflow/.local/lib/python3.12/site-packages/airflow/example_dags/example_dataset_alias.py
[2024-10-22T04:06:50.286+0000] {processor.py:914} INFO - Processing file /home/airflow/.local/lib/python3.12/site-packages/airflow/example_dags/example_dataset_alias.py for tasks to queue
[2024-10-22T04:06:50.288+0000] {logging_mixin.py:190} INFO - [2024-10-22T04:06:50.287+0000] {dagbag.py:588} INFO - Filling up the DagBag from /home/airflow/.local/lib/python3.12/site-packages/airflow/example_dags/example_dataset_alias.py
[2024-10-22T04:06:50.505+0000] {processor.py:925} INFO - DAG(s) 'dataset_s3_bucket_consumer', 'dataset_alias_example_alias_producer', 'dataset_s3_bucket_producer', 'dataset_alias_example_alias_consumer' retrieved from /home/airflow/.local/lib/python3.12/site-packages/airflow/example_dags/example_dataset_alias.py
[2024-10-22T04:06:50.528+0000] {logging_mixin.py:190} INFO - [2024-10-22T04:06:50.528+0000] {dag.py:3239} INFO - Sync 4 DAGs
[2024-10-22T04:06:50.551+0000] {logging_mixin.py:190} INFO - [2024-10-22T04:06:50.551+0000] {dag.py:4180} INFO - Setting next_dagrun for dataset_alias_example_alias_consumer to None, run_after=None
[2024-10-22T04:06:50.554+0000] {logging_mixin.py:190} INFO - [2024-10-22T04:06:50.554+0000] {dag.py:4180} INFO - Setting next_dagrun for dataset_alias_example_alias_producer to None, run_after=None
[2024-10-22T04:06:50.555+0000] {logging_mixin.py:190} INFO - [2024-10-22T04:06:50.555+0000] {dag.py:4180} INFO - Setting next_dagrun for dataset_s3_bucket_consumer to None, run_after=None
[2024-10-22T04:06:50.556+0000] {logging_mixin.py:190} INFO - [2024-10-22T04:06:50.556+0000] {dag.py:4180} INFO - Setting next_dagrun for dataset_s3_bucket_producer to None, run_after=None
[2024-10-22T04:06:50.578+0000] {processor.py:208} INFO - Processing /home/airflow/.local/lib/python3.12/site-packages/airflow/example_dags/example_dataset_alias.py took 0.305 seconds
[2024-10-22T04:07:20.688+0000] {processor.py:186} INFO - Started process (PID=61160) to work on /home/airflow/.local/lib/python3.12/site-packages/airflow/example_dags/example_dataset_alias.py
[2024-10-22T04:07:20.690+0000] {processor.py:914} INFO - Processing file /home/airflow/.local/lib/python3.12/site-packages/airflow/example_dags/example_dataset_alias.py for tasks to queue
[2024-10-22T04:07:20.691+0000] {logging_mixin.py:190} INFO - [2024-10-22T04:07:20.691+0000] {dagbag.py:588} INFO - Filling up the DagBag from /home/airflow/.local/lib/python3.12/site-packages/airflow/example_dags/example_dataset_alias.py
[2024-10-22T04:07:20.876+0000] {processor.py:925} INFO - DAG(s) 'dataset_alias_example_alias_producer', 'dataset_s3_bucket_consumer', 'dataset_alias_example_alias_consumer', 'dataset_s3_bucket_producer' retrieved from /home/airflow/.local/lib/python3.12/site-packages/airflow/example_dags/example_dataset_alias.py
[2024-10-22T04:07:20.900+0000] {logging_mixin.py:190} INFO - [2024-10-22T04:07:20.900+0000] {dag.py:3239} INFO - Sync 4 DAGs
[2024-10-22T04:07:20.924+0000] {logging_mixin.py:190} INFO - [2024-10-22T04:07:20.924+0000] {dag.py:4180} INFO - Setting next_dagrun for dataset_alias_example_alias_consumer to None, run_after=None
[2024-10-22T04:07:20.927+0000] {logging_mixin.py:190} INFO - [2024-10-22T04:07:20.927+0000] {dag.py:4180} INFO - Setting next_dagrun for dataset_alias_example_alias_producer to None, run_after=None
[2024-10-22T04:07:20.929+0000] {logging_mixin.py:190} INFO - [2024-10-22T04:07:20.928+0000] {dag.py:4180} INFO - Setting next_dagrun for dataset_s3_bucket_consumer to None, run_after=None
[2024-10-22T04:07:20.930+0000] {logging_mixin.py:190} INFO - [2024-10-22T04:07:20.930+0000] {dag.py:4180} INFO - Setting next_dagrun for dataset_s3_bucket_producer to None, run_after=None
[2024-10-22T04:07:20.951+0000] {processor.py:208} INFO - Processing /home/airflow/.local/lib/python3.12/site-packages/airflow/example_dags/example_dataset_alias.py took 0.270 seconds
[2024-10-22T04:07:51.532+0000] {processor.py:186} INFO - Started process (PID=61227) to work on /home/airflow/.local/lib/python3.12/site-packages/airflow/example_dags/example_dataset_alias.py
[2024-10-22T04:07:51.533+0000] {processor.py:914} INFO - Processing file /home/airflow/.local/lib/python3.12/site-packages/airflow/example_dags/example_dataset_alias.py for tasks to queue
[2024-10-22T04:07:51.534+0000] {logging_mixin.py:190} INFO - [2024-10-22T04:07:51.534+0000] {dagbag.py:588} INFO - Filling up the DagBag from /home/airflow/.local/lib/python3.12/site-packages/airflow/example_dags/example_dataset_alias.py
[2024-10-22T04:07:51.725+0000] {processor.py:925} INFO - DAG(s) 'dataset_s3_bucket_producer', 'dataset_s3_bucket_consumer', 'dataset_alias_example_alias_producer', 'dataset_alias_example_alias_consumer' retrieved from /home/airflow/.local/lib/python3.12/site-packages/airflow/example_dags/example_dataset_alias.py
[2024-10-22T04:07:51.748+0000] {logging_mixin.py:190} INFO - [2024-10-22T04:07:51.748+0000] {dag.py:3239} INFO - Sync 4 DAGs
[2024-10-22T04:07:51.773+0000] {logging_mixin.py:190} INFO - [2024-10-22T04:07:51.773+0000] {dag.py:4180} INFO - Setting next_dagrun for dataset_alias_example_alias_consumer to None, run_after=None
[2024-10-22T04:07:51.776+0000] {logging_mixin.py:190} INFO - [2024-10-22T04:07:51.776+0000] {dag.py:4180} INFO - Setting next_dagrun for dataset_alias_example_alias_producer to None, run_after=None
[2024-10-22T04:07:51.778+0000] {logging_mixin.py:190} INFO - [2024-10-22T04:07:51.777+0000] {dag.py:4180} INFO - Setting next_dagrun for dataset_s3_bucket_consumer to None, run_after=None
[2024-10-22T04:07:51.779+0000] {logging_mixin.py:190} INFO - [2024-10-22T04:07:51.779+0000] {dag.py:4180} INFO - Setting next_dagrun for dataset_s3_bucket_producer to None, run_after=None
[2024-10-22T04:07:51.806+0000] {processor.py:208} INFO - Processing /home/airflow/.local/lib/python3.12/site-packages/airflow/example_dags/example_dataset_alias.py took 0.282 seconds
[2024-10-22T04:08:22.729+0000] {processor.py:186} INFO - Started process (PID=61294) to work on /home/airflow/.local/lib/python3.12/site-packages/airflow/example_dags/example_dataset_alias.py
[2024-10-22T04:08:22.731+0000] {processor.py:914} INFO - Processing file /home/airflow/.local/lib/python3.12/site-packages/airflow/example_dags/example_dataset_alias.py for tasks to queue
[2024-10-22T04:08:22.733+0000] {logging_mixin.py:190} INFO - [2024-10-22T04:08:22.733+0000] {dagbag.py:588} INFO - Filling up the DagBag from /home/airflow/.local/lib/python3.12/site-packages/airflow/example_dags/example_dataset_alias.py
[2024-10-22T04:08:22.936+0000] {processor.py:925} INFO - DAG(s) 'dataset_alias_example_alias_producer', 'dataset_s3_bucket_consumer', 'dataset_s3_bucket_producer', 'dataset_alias_example_alias_consumer' retrieved from /home/airflow/.local/lib/python3.12/site-packages/airflow/example_dags/example_dataset_alias.py
[2024-10-22T04:08:22.962+0000] {logging_mixin.py:190} INFO - [2024-10-22T04:08:22.962+0000] {dag.py:3239} INFO - Sync 4 DAGs
[2024-10-22T04:08:22.986+0000] {logging_mixin.py:190} INFO - [2024-10-22T04:08:22.986+0000] {dag.py:4180} INFO - Setting next_dagrun for dataset_alias_example_alias_consumer to None, run_after=None
[2024-10-22T04:08:22.989+0000] {logging_mixin.py:190} INFO - [2024-10-22T04:08:22.989+0000] {dag.py:4180} INFO - Setting next_dagrun for dataset_alias_example_alias_producer to None, run_after=None
[2024-10-22T04:08:22.990+0000] {logging_mixin.py:190} INFO - [2024-10-22T04:08:22.990+0000] {dag.py:4180} INFO - Setting next_dagrun for dataset_s3_bucket_consumer to None, run_after=None
[2024-10-22T04:08:22.991+0000] {logging_mixin.py:190} INFO - [2024-10-22T04:08:22.991+0000] {dag.py:4180} INFO - Setting next_dagrun for dataset_s3_bucket_producer to None, run_after=None
[2024-10-22T04:08:23.019+0000] {processor.py:208} INFO - Processing /home/airflow/.local/lib/python3.12/site-packages/airflow/example_dags/example_dataset_alias.py took 0.298 seconds
[2024-10-22T04:08:53.325+0000] {processor.py:186} INFO - Started process (PID=61360) to work on /home/airflow/.local/lib/python3.12/site-packages/airflow/example_dags/example_dataset_alias.py
[2024-10-22T04:08:53.326+0000] {processor.py:914} INFO - Processing file /home/airflow/.local/lib/python3.12/site-packages/airflow/example_dags/example_dataset_alias.py for tasks to queue
[2024-10-22T04:08:53.328+0000] {logging_mixin.py:190} INFO - [2024-10-22T04:08:53.328+0000] {dagbag.py:588} INFO - Filling up the DagBag from /home/airflow/.local/lib/python3.12/site-packages/airflow/example_dags/example_dataset_alias.py
[2024-10-22T04:08:53.548+0000] {processor.py:925} INFO - DAG(s) 'dataset_alias_example_alias_producer', 'dataset_alias_example_alias_consumer', 'dataset_s3_bucket_consumer', 'dataset_s3_bucket_producer' retrieved from /home/airflow/.local/lib/python3.12/site-packages/airflow/example_dags/example_dataset_alias.py
[2024-10-22T04:08:53.573+0000] {logging_mixin.py:190} INFO - [2024-10-22T04:08:53.573+0000] {dag.py:3239} INFO - Sync 4 DAGs
[2024-10-22T04:08:53.597+0000] {logging_mixin.py:190} INFO - [2024-10-22T04:08:53.597+0000] {dag.py:4180} INFO - Setting next_dagrun for dataset_alias_example_alias_consumer to None, run_after=None
[2024-10-22T04:08:53.600+0000] {logging_mixin.py:190} INFO - [2024-10-22T04:08:53.600+0000] {dag.py:4180} INFO - Setting next_dagrun for dataset_alias_example_alias_producer to None, run_after=None
[2024-10-22T04:08:53.602+0000] {logging_mixin.py:190} INFO - [2024-10-22T04:08:53.602+0000] {dag.py:4180} INFO - Setting next_dagrun for dataset_s3_bucket_consumer to None, run_after=None
[2024-10-22T04:08:53.603+0000] {logging_mixin.py:190} INFO - [2024-10-22T04:08:53.603+0000] {dag.py:4180} INFO - Setting next_dagrun for dataset_s3_bucket_producer to None, run_after=None
[2024-10-22T04:08:53.627+0000] {processor.py:208} INFO - Processing /home/airflow/.local/lib/python3.12/site-packages/airflow/example_dags/example_dataset_alias.py took 0.310 seconds
[2024-10-22T04:09:24.008+0000] {processor.py:186} INFO - Started process (PID=61427) to work on /home/airflow/.local/lib/python3.12/site-packages/airflow/example_dags/example_dataset_alias.py
[2024-10-22T04:09:24.009+0000] {processor.py:914} INFO - Processing file /home/airflow/.local/lib/python3.12/site-packages/airflow/example_dags/example_dataset_alias.py for tasks to queue
[2024-10-22T04:09:24.010+0000] {logging_mixin.py:190} INFO - [2024-10-22T04:09:24.010+0000] {dagbag.py:588} INFO - Filling up the DagBag from /home/airflow/.local/lib/python3.12/site-packages/airflow/example_dags/example_dataset_alias.py
[2024-10-22T04:09:24.212+0000] {processor.py:925} INFO - DAG(s) 'dataset_alias_example_alias_consumer', 'dataset_s3_bucket_producer', 'dataset_s3_bucket_consumer', 'dataset_alias_example_alias_producer' retrieved from /home/airflow/.local/lib/python3.12/site-packages/airflow/example_dags/example_dataset_alias.py
[2024-10-22T04:09:24.237+0000] {logging_mixin.py:190} INFO - [2024-10-22T04:09:24.237+0000] {dag.py:3239} INFO - Sync 4 DAGs
[2024-10-22T04:09:24.265+0000] {logging_mixin.py:190} INFO - [2024-10-22T04:09:24.265+0000] {dag.py:4180} INFO - Setting next_dagrun for dataset_alias_example_alias_consumer to None, run_after=None
[2024-10-22T04:09:24.268+0000] {logging_mixin.py:190} INFO - [2024-10-22T04:09:24.268+0000] {dag.py:4180} INFO - Setting next_dagrun for dataset_alias_example_alias_producer to None, run_after=None
[2024-10-22T04:09:24.269+0000] {logging_mixin.py:190} INFO - [2024-10-22T04:09:24.269+0000] {dag.py:4180} INFO - Setting next_dagrun for dataset_s3_bucket_consumer to None, run_after=None
[2024-10-22T04:09:24.271+0000] {logging_mixin.py:190} INFO - [2024-10-22T04:09:24.271+0000] {dag.py:4180} INFO - Setting next_dagrun for dataset_s3_bucket_producer to None, run_after=None
[2024-10-22T04:09:24.296+0000] {processor.py:208} INFO - Processing /home/airflow/.local/lib/python3.12/site-packages/airflow/example_dags/example_dataset_alias.py took 0.295 seconds
[2024-10-22T04:09:54.598+0000] {processor.py:186} INFO - Started process (PID=61495) to work on /home/airflow/.local/lib/python3.12/site-packages/airflow/example_dags/example_dataset_alias.py
[2024-10-22T04:09:54.599+0000] {processor.py:914} INFO - Processing file /home/airflow/.local/lib/python3.12/site-packages/airflow/example_dags/example_dataset_alias.py for tasks to queue
[2024-10-22T04:09:54.601+0000] {logging_mixin.py:190} INFO - [2024-10-22T04:09:54.601+0000] {dagbag.py:588} INFO - Filling up the DagBag from /home/airflow/.local/lib/python3.12/site-packages/airflow/example_dags/example_dataset_alias.py
[2024-10-22T04:09:54.792+0000] {processor.py:925} INFO - DAG(s) 'dataset_alias_example_alias_consumer', 'dataset_alias_example_alias_producer', 'dataset_s3_bucket_consumer', 'dataset_s3_bucket_producer' retrieved from /home/airflow/.local/lib/python3.12/site-packages/airflow/example_dags/example_dataset_alias.py
[2024-10-22T04:09:54.819+0000] {logging_mixin.py:190} INFO - [2024-10-22T04:09:54.819+0000] {dag.py:3239} INFO - Sync 4 DAGs
[2024-10-22T04:09:54.845+0000] {logging_mixin.py:190} INFO - [2024-10-22T04:09:54.845+0000] {dag.py:4180} INFO - Setting next_dagrun for dataset_alias_example_alias_consumer to None, run_after=None
[2024-10-22T04:09:54.849+0000] {logging_mixin.py:190} INFO - [2024-10-22T04:09:54.848+0000] {dag.py:4180} INFO - Setting next_dagrun for dataset_alias_example_alias_producer to None, run_after=None
[2024-10-22T04:09:54.851+0000] {logging_mixin.py:190} INFO - [2024-10-22T04:09:54.851+0000] {dag.py:4180} INFO - Setting next_dagrun for dataset_s3_bucket_consumer to None, run_after=None
[2024-10-22T04:09:54.852+0000] {logging_mixin.py:190} INFO - [2024-10-22T04:09:54.852+0000] {dag.py:4180} INFO - Setting next_dagrun for dataset_s3_bucket_producer to None, run_after=None
[2024-10-22T04:09:54.880+0000] {processor.py:208} INFO - Processing /home/airflow/.local/lib/python3.12/site-packages/airflow/example_dags/example_dataset_alias.py took 0.289 seconds
[2024-10-22T04:10:25.520+0000] {processor.py:186} INFO - Started process (PID=61561) to work on /home/airflow/.local/lib/python3.12/site-packages/airflow/example_dags/example_dataset_alias.py
[2024-10-22T04:10:25.521+0000] {processor.py:914} INFO - Processing file /home/airflow/.local/lib/python3.12/site-packages/airflow/example_dags/example_dataset_alias.py for tasks to queue
[2024-10-22T04:10:25.523+0000] {logging_mixin.py:190} INFO - [2024-10-22T04:10:25.522+0000] {dagbag.py:588} INFO - Filling up the DagBag from /home/airflow/.local/lib/python3.12/site-packages/airflow/example_dags/example_dataset_alias.py
[2024-10-22T04:10:25.720+0000] {processor.py:925} INFO - DAG(s) 'dataset_s3_bucket_consumer', 'dataset_alias_example_alias_producer', 'dataset_s3_bucket_producer', 'dataset_alias_example_alias_consumer' retrieved from /home/airflow/.local/lib/python3.12/site-packages/airflow/example_dags/example_dataset_alias.py
[2024-10-22T04:10:25.744+0000] {logging_mixin.py:190} INFO - [2024-10-22T04:10:25.743+0000] {dag.py:3239} INFO - Sync 4 DAGs
[2024-10-22T04:10:25.769+0000] {logging_mixin.py:190} INFO - [2024-10-22T04:10:25.769+0000] {dag.py:4180} INFO - Setting next_dagrun for dataset_alias_example_alias_consumer to None, run_after=None
[2024-10-22T04:10:25.772+0000] {logging_mixin.py:190} INFO - [2024-10-22T04:10:25.771+0000] {dag.py:4180} INFO - Setting next_dagrun for dataset_alias_example_alias_producer to None, run_after=None
[2024-10-22T04:10:25.773+0000] {logging_mixin.py:190} INFO - [2024-10-22T04:10:25.773+0000] {dag.py:4180} INFO - Setting next_dagrun for dataset_s3_bucket_consumer to None, run_after=None
[2024-10-22T04:10:25.774+0000] {logging_mixin.py:190} INFO - [2024-10-22T04:10:25.774+0000] {dag.py:4180} INFO - Setting next_dagrun for dataset_s3_bucket_producer to None, run_after=None
[2024-10-22T04:10:25.795+0000] {processor.py:208} INFO - Processing /home/airflow/.local/lib/python3.12/site-packages/airflow/example_dags/example_dataset_alias.py took 0.287 seconds
[2024-10-22T04:10:56.692+0000] {processor.py:186} INFO - Started process (PID=61628) to work on /home/airflow/.local/lib/python3.12/site-packages/airflow/example_dags/example_dataset_alias.py
[2024-10-22T04:10:56.693+0000] {processor.py:914} INFO - Processing file /home/airflow/.local/lib/python3.12/site-packages/airflow/example_dags/example_dataset_alias.py for tasks to queue
[2024-10-22T04:10:56.695+0000] {logging_mixin.py:190} INFO - [2024-10-22T04:10:56.695+0000] {dagbag.py:588} INFO - Filling up the DagBag from /home/airflow/.local/lib/python3.12/site-packages/airflow/example_dags/example_dataset_alias.py
[2024-10-22T04:10:56.885+0000] {processor.py:925} INFO - DAG(s) 'dataset_s3_bucket_consumer', 'dataset_alias_example_alias_producer', 'dataset_s3_bucket_producer', 'dataset_alias_example_alias_consumer' retrieved from /home/airflow/.local/lib/python3.12/site-packages/airflow/example_dags/example_dataset_alias.py
[2024-10-22T04:10:56.910+0000] {logging_mixin.py:190} INFO - [2024-10-22T04:10:56.910+0000] {dag.py:3239} INFO - Sync 4 DAGs
[2024-10-22T04:10:56.942+0000] {logging_mixin.py:190} INFO - [2024-10-22T04:10:56.942+0000] {dag.py:4180} INFO - Setting next_dagrun for dataset_alias_example_alias_consumer to None, run_after=None
[2024-10-22T04:10:56.946+0000] {logging_mixin.py:190} INFO - [2024-10-22T04:10:56.946+0000] {dag.py:4180} INFO - Setting next_dagrun for dataset_alias_example_alias_producer to None, run_after=None
[2024-10-22T04:10:56.948+0000] {logging_mixin.py:190} INFO - [2024-10-22T04:10:56.948+0000] {dag.py:4180} INFO - Setting next_dagrun for dataset_s3_bucket_consumer to None, run_after=None
[2024-10-22T04:10:56.949+0000] {logging_mixin.py:190} INFO - [2024-10-22T04:10:56.949+0000] {dag.py:4180} INFO - Setting next_dagrun for dataset_s3_bucket_producer to None, run_after=None
[2024-10-22T04:10:56.971+0000] {processor.py:208} INFO - Processing /home/airflow/.local/lib/python3.12/site-packages/airflow/example_dags/example_dataset_alias.py took 0.286 seconds
[2024-10-22T04:11:27.077+0000] {processor.py:186} INFO - Started process (PID=61695) to work on /home/airflow/.local/lib/python3.12/site-packages/airflow/example_dags/example_dataset_alias.py
[2024-10-22T04:11:27.079+0000] {processor.py:914} INFO - Processing file /home/airflow/.local/lib/python3.12/site-packages/airflow/example_dags/example_dataset_alias.py for tasks to queue
[2024-10-22T04:11:27.081+0000] {logging_mixin.py:190} INFO - [2024-10-22T04:11:27.080+0000] {dagbag.py:588} INFO - Filling up the DagBag from /home/airflow/.local/lib/python3.12/site-packages/airflow/example_dags/example_dataset_alias.py
[2024-10-22T04:11:27.325+0000] {processor.py:925} INFO - DAG(s) 'dataset_s3_bucket_producer', 'dataset_alias_example_alias_consumer', 'dataset_s3_bucket_consumer', 'dataset_alias_example_alias_producer' retrieved from /home/airflow/.local/lib/python3.12/site-packages/airflow/example_dags/example_dataset_alias.py
[2024-10-22T04:11:27.350+0000] {logging_mixin.py:190} INFO - [2024-10-22T04:11:27.350+0000] {dag.py:3239} INFO - Sync 4 DAGs
[2024-10-22T04:11:27.373+0000] {logging_mixin.py:190} INFO - [2024-10-22T04:11:27.372+0000] {dag.py:4180} INFO - Setting next_dagrun for dataset_alias_example_alias_consumer to None, run_after=None
[2024-10-22T04:11:27.376+0000] {logging_mixin.py:190} INFO - [2024-10-22T04:11:27.375+0000] {dag.py:4180} INFO - Setting next_dagrun for dataset_alias_example_alias_producer to None, run_after=None
[2024-10-22T04:11:27.377+0000] {logging_mixin.py:190} INFO - [2024-10-22T04:11:27.377+0000] {dag.py:4180} INFO - Setting next_dagrun for dataset_s3_bucket_consumer to None, run_after=None
[2024-10-22T04:11:27.378+0000] {logging_mixin.py:190} INFO - [2024-10-22T04:11:27.378+0000] {dag.py:4180} INFO - Setting next_dagrun for dataset_s3_bucket_producer to None, run_after=None
[2024-10-22T04:11:27.402+0000] {processor.py:208} INFO - Processing /home/airflow/.local/lib/python3.12/site-packages/airflow/example_dags/example_dataset_alias.py took 0.335 seconds
[2024-10-22T04:11:58.330+0000] {processor.py:186} INFO - Started process (PID=61762) to work on /home/airflow/.local/lib/python3.12/site-packages/airflow/example_dags/example_dataset_alias.py
[2024-10-22T04:11:58.331+0000] {processor.py:914} INFO - Processing file /home/airflow/.local/lib/python3.12/site-packages/airflow/example_dags/example_dataset_alias.py for tasks to queue
[2024-10-22T04:11:58.333+0000] {logging_mixin.py:190} INFO - [2024-10-22T04:11:58.332+0000] {dagbag.py:588} INFO - Filling up the DagBag from /home/airflow/.local/lib/python3.12/site-packages/airflow/example_dags/example_dataset_alias.py
[2024-10-22T04:11:58.523+0000] {processor.py:925} INFO - DAG(s) 'dataset_s3_bucket_consumer', 'dataset_alias_example_alias_consumer', 'dataset_alias_example_alias_producer', 'dataset_s3_bucket_producer' retrieved from /home/airflow/.local/lib/python3.12/site-packages/airflow/example_dags/example_dataset_alias.py
[2024-10-22T04:11:58.548+0000] {logging_mixin.py:190} INFO - [2024-10-22T04:11:58.547+0000] {dag.py:3239} INFO - Sync 4 DAGs
[2024-10-22T04:11:58.572+0000] {logging_mixin.py:190} INFO - [2024-10-22T04:11:58.572+0000] {dag.py:4180} INFO - Setting next_dagrun for dataset_alias_example_alias_consumer to None, run_after=None
[2024-10-22T04:11:58.575+0000] {logging_mixin.py:190} INFO - [2024-10-22T04:11:58.575+0000] {dag.py:4180} INFO - Setting next_dagrun for dataset_alias_example_alias_producer to None, run_after=None
[2024-10-22T04:11:58.576+0000] {logging_mixin.py:190} INFO - [2024-10-22T04:11:58.576+0000] {dag.py:4180} INFO - Setting next_dagrun for dataset_s3_bucket_consumer to None, run_after=None
[2024-10-22T04:11:58.577+0000] {logging_mixin.py:190} INFO - [2024-10-22T04:11:58.577+0000] {dag.py:4180} INFO - Setting next_dagrun for dataset_s3_bucket_producer to None, run_after=None
[2024-10-22T04:11:58.600+0000] {processor.py:208} INFO - Processing /home/airflow/.local/lib/python3.12/site-packages/airflow/example_dags/example_dataset_alias.py took 0.278 seconds
[2024-10-22T04:12:28.760+0000] {processor.py:186} INFO - Started process (PID=61829) to work on /home/airflow/.local/lib/python3.12/site-packages/airflow/example_dags/example_dataset_alias.py
[2024-10-22T04:12:28.761+0000] {processor.py:914} INFO - Processing file /home/airflow/.local/lib/python3.12/site-packages/airflow/example_dags/example_dataset_alias.py for tasks to queue
[2024-10-22T04:12:28.763+0000] {logging_mixin.py:190} INFO - [2024-10-22T04:12:28.762+0000] {dagbag.py:588} INFO - Filling up the DagBag from /home/airflow/.local/lib/python3.12/site-packages/airflow/example_dags/example_dataset_alias.py
[2024-10-22T04:12:28.953+0000] {processor.py:925} INFO - DAG(s) 'dataset_alias_example_alias_consumer', 'dataset_alias_example_alias_producer', 'dataset_s3_bucket_producer', 'dataset_s3_bucket_consumer' retrieved from /home/airflow/.local/lib/python3.12/site-packages/airflow/example_dags/example_dataset_alias.py
[2024-10-22T04:12:28.984+0000] {logging_mixin.py:190} INFO - [2024-10-22T04:12:28.984+0000] {dag.py:3239} INFO - Sync 4 DAGs
[2024-10-22T04:12:29.011+0000] {logging_mixin.py:190} INFO - [2024-10-22T04:12:29.011+0000] {dag.py:4180} INFO - Setting next_dagrun for dataset_alias_example_alias_consumer to None, run_after=None
[2024-10-22T04:12:29.016+0000] {logging_mixin.py:190} INFO - [2024-10-22T04:12:29.016+0000] {dag.py:4180} INFO - Setting next_dagrun for dataset_alias_example_alias_producer to None, run_after=None
[2024-10-22T04:12:29.018+0000] {logging_mixin.py:190} INFO - [2024-10-22T04:12:29.017+0000] {dag.py:4180} INFO - Setting next_dagrun for dataset_s3_bucket_consumer to None, run_after=None
[2024-10-22T04:12:29.019+0000] {logging_mixin.py:190} INFO - [2024-10-22T04:12:29.019+0000] {dag.py:4180} INFO - Setting next_dagrun for dataset_s3_bucket_producer to None, run_after=None
[2024-10-22T04:12:29.041+0000] {processor.py:208} INFO - Processing /home/airflow/.local/lib/python3.12/site-packages/airflow/example_dags/example_dataset_alias.py took 0.290 seconds
[2024-10-22T04:12:59.201+0000] {processor.py:186} INFO - Started process (PID=61896) to work on /home/airflow/.local/lib/python3.12/site-packages/airflow/example_dags/example_dataset_alias.py
[2024-10-22T04:12:59.202+0000] {processor.py:914} INFO - Processing file /home/airflow/.local/lib/python3.12/site-packages/airflow/example_dags/example_dataset_alias.py for tasks to queue
[2024-10-22T04:12:59.204+0000] {logging_mixin.py:190} INFO - [2024-10-22T04:12:59.203+0000] {dagbag.py:588} INFO - Filling up the DagBag from /home/airflow/.local/lib/python3.12/site-packages/airflow/example_dags/example_dataset_alias.py
[2024-10-22T04:12:59.386+0000] {processor.py:925} INFO - DAG(s) 'dataset_s3_bucket_producer', 'dataset_s3_bucket_consumer', 'dataset_alias_example_alias_producer', 'dataset_alias_example_alias_consumer' retrieved from /home/airflow/.local/lib/python3.12/site-packages/airflow/example_dags/example_dataset_alias.py
[2024-10-22T04:12:59.410+0000] {logging_mixin.py:190} INFO - [2024-10-22T04:12:59.409+0000] {dag.py:3239} INFO - Sync 4 DAGs
[2024-10-22T04:12:59.432+0000] {logging_mixin.py:190} INFO - [2024-10-22T04:12:59.432+0000] {dag.py:4180} INFO - Setting next_dagrun for dataset_alias_example_alias_consumer to None, run_after=None
[2024-10-22T04:12:59.435+0000] {logging_mixin.py:190} INFO - [2024-10-22T04:12:59.435+0000] {dag.py:4180} INFO - Setting next_dagrun for dataset_alias_example_alias_producer to None, run_after=None
[2024-10-22T04:12:59.436+0000] {logging_mixin.py:190} INFO - [2024-10-22T04:12:59.436+0000] {dag.py:4180} INFO - Setting next_dagrun for dataset_s3_bucket_consumer to None, run_after=None
[2024-10-22T04:12:59.437+0000] {logging_mixin.py:190} INFO - [2024-10-22T04:12:59.437+0000] {dag.py:4180} INFO - Setting next_dagrun for dataset_s3_bucket_producer to None, run_after=None
[2024-10-22T04:12:59.461+0000] {processor.py:208} INFO - Processing /home/airflow/.local/lib/python3.12/site-packages/airflow/example_dags/example_dataset_alias.py took 0.267 seconds
[2024-10-22T04:13:29.543+0000] {processor.py:186} INFO - Started process (PID=61962) to work on /home/airflow/.local/lib/python3.12/site-packages/airflow/example_dags/example_dataset_alias.py
[2024-10-22T04:13:29.544+0000] {processor.py:914} INFO - Processing file /home/airflow/.local/lib/python3.12/site-packages/airflow/example_dags/example_dataset_alias.py for tasks to queue
[2024-10-22T04:13:29.545+0000] {logging_mixin.py:190} INFO - [2024-10-22T04:13:29.545+0000] {dagbag.py:588} INFO - Filling up the DagBag from /home/airflow/.local/lib/python3.12/site-packages/airflow/example_dags/example_dataset_alias.py
[2024-10-22T04:13:29.727+0000] {processor.py:925} INFO - DAG(s) 'dataset_alias_example_alias_consumer', 'dataset_s3_bucket_producer', 'dataset_s3_bucket_consumer', 'dataset_alias_example_alias_producer' retrieved from /home/airflow/.local/lib/python3.12/site-packages/airflow/example_dags/example_dataset_alias.py
[2024-10-22T04:13:29.761+0000] {logging_mixin.py:190} INFO - [2024-10-22T04:13:29.761+0000] {dag.py:3239} INFO - Sync 4 DAGs
[2024-10-22T04:13:29.786+0000] {logging_mixin.py:190} INFO - [2024-10-22T04:13:29.785+0000] {dag.py:4180} INFO - Setting next_dagrun for dataset_alias_example_alias_consumer to None, run_after=None
[2024-10-22T04:13:29.789+0000] {logging_mixin.py:190} INFO - [2024-10-22T04:13:29.788+0000] {dag.py:4180} INFO - Setting next_dagrun for dataset_alias_example_alias_producer to None, run_after=None
[2024-10-22T04:13:29.790+0000] {logging_mixin.py:190} INFO - [2024-10-22T04:13:29.790+0000] {dag.py:4180} INFO - Setting next_dagrun for dataset_s3_bucket_consumer to None, run_after=None
[2024-10-22T04:13:29.792+0000] {logging_mixin.py:190} INFO - [2024-10-22T04:13:29.792+0000] {dag.py:4180} INFO - Setting next_dagrun for dataset_s3_bucket_producer to None, run_after=None
[2024-10-22T04:13:29.824+0000] {processor.py:208} INFO - Processing /home/airflow/.local/lib/python3.12/site-packages/airflow/example_dags/example_dataset_alias.py took 0.290 seconds
[2024-10-22T04:13:59.884+0000] {processor.py:186} INFO - Started process (PID=62029) to work on /home/airflow/.local/lib/python3.12/site-packages/airflow/example_dags/example_dataset_alias.py
[2024-10-22T04:13:59.885+0000] {processor.py:914} INFO - Processing file /home/airflow/.local/lib/python3.12/site-packages/airflow/example_dags/example_dataset_alias.py for tasks to queue
[2024-10-22T04:13:59.887+0000] {logging_mixin.py:190} INFO - [2024-10-22T04:13:59.886+0000] {dagbag.py:588} INFO - Filling up the DagBag from /home/airflow/.local/lib/python3.12/site-packages/airflow/example_dags/example_dataset_alias.py
[2024-10-22T04:14:00.099+0000] {processor.py:925} INFO - DAG(s) 'dataset_alias_example_alias_producer', 'dataset_s3_bucket_producer', 'dataset_alias_example_alias_consumer', 'dataset_s3_bucket_consumer' retrieved from /home/airflow/.local/lib/python3.12/site-packages/airflow/example_dags/example_dataset_alias.py
[2024-10-22T04:14:00.133+0000] {logging_mixin.py:190} INFO - [2024-10-22T04:14:00.133+0000] {dag.py:3239} INFO - Sync 4 DAGs
[2024-10-22T04:14:00.158+0000] {logging_mixin.py:190} INFO - [2024-10-22T04:14:00.158+0000] {dag.py:4180} INFO - Setting next_dagrun for dataset_alias_example_alias_consumer to None, run_after=None
[2024-10-22T04:14:00.162+0000] {logging_mixin.py:190} INFO - [2024-10-22T04:14:00.162+0000] {dag.py:4180} INFO - Setting next_dagrun for dataset_alias_example_alias_producer to None, run_after=None
[2024-10-22T04:14:00.163+0000] {logging_mixin.py:190} INFO - [2024-10-22T04:14:00.163+0000] {dag.py:4180} INFO - Setting next_dagrun for dataset_s3_bucket_consumer to None, run_after=None
[2024-10-22T04:14:00.165+0000] {logging_mixin.py:190} INFO - [2024-10-22T04:14:00.164+0000] {dag.py:4180} INFO - Setting next_dagrun for dataset_s3_bucket_producer to None, run_after=None
[2024-10-22T04:14:00.190+0000] {processor.py:208} INFO - Processing /home/airflow/.local/lib/python3.12/site-packages/airflow/example_dags/example_dataset_alias.py took 0.316 seconds
