[2024-10-22T03:19:13.805+0000] {processor.py:186} INFO - Started process (PID=54832) to work on /home/airflow/.local/lib/python3.12/site-packages/airflow/example_dags/example_kubernetes_executor.py
[2024-10-22T03:19:13.806+0000] {processor.py:914} INFO - Processing file /home/airflow/.local/lib/python3.12/site-packages/airflow/example_dags/example_kubernetes_executor.py for tasks to queue
[2024-10-22T03:19:13.810+0000] {logging_mixin.py:190} INFO - [2024-10-22T03:19:13.809+0000] {dagbag.py:588} INFO - Filling up the DagBag from /home/airflow/.local/lib/python3.12/site-packages/airflow/example_dags/example_kubernetes_executor.py
[2024-10-22T03:19:13.841+0000] {processor.py:925} INFO - DAG(s) 'example_kubernetes_executor' retrieved from /home/airflow/.local/lib/python3.12/site-packages/airflow/example_dags/example_kubernetes_executor.py
[2024-10-22T03:19:13.923+0000] {logging_mixin.py:190} INFO - [2024-10-22T03:19:13.922+0000] {dag.py:3239} INFO - Sync 1 DAGs
[2024-10-22T03:19:13.945+0000] {logging_mixin.py:190} INFO - [2024-10-22T03:19:13.945+0000] {dag.py:4180} INFO - Setting next_dagrun for example_kubernetes_executor to None, run_after=None
[2024-10-22T03:19:13.974+0000] {processor.py:208} INFO - Processing /home/airflow/.local/lib/python3.12/site-packages/airflow/example_dags/example_kubernetes_executor.py took 0.178 seconds
[2024-10-22T03:19:44.316+0000] {processor.py:186} INFO - Started process (PID=54900) to work on /home/airflow/.local/lib/python3.12/site-packages/airflow/example_dags/example_kubernetes_executor.py
[2024-10-22T03:19:44.317+0000] {processor.py:914} INFO - Processing file /home/airflow/.local/lib/python3.12/site-packages/airflow/example_dags/example_kubernetes_executor.py for tasks to queue
[2024-10-22T03:19:44.320+0000] {logging_mixin.py:190} INFO - [2024-10-22T03:19:44.319+0000] {dagbag.py:588} INFO - Filling up the DagBag from /home/airflow/.local/lib/python3.12/site-packages/airflow/example_dags/example_kubernetes_executor.py
[2024-10-22T03:19:44.346+0000] {processor.py:925} INFO - DAG(s) 'example_kubernetes_executor' retrieved from /home/airflow/.local/lib/python3.12/site-packages/airflow/example_dags/example_kubernetes_executor.py
[2024-10-22T03:19:44.410+0000] {logging_mixin.py:190} INFO - [2024-10-22T03:19:44.409+0000] {dag.py:3239} INFO - Sync 1 DAGs
[2024-10-22T03:19:44.436+0000] {logging_mixin.py:190} INFO - [2024-10-22T03:19:44.436+0000] {dag.py:4180} INFO - Setting next_dagrun for example_kubernetes_executor to None, run_after=None
[2024-10-22T03:19:44.457+0000] {processor.py:208} INFO - Processing /home/airflow/.local/lib/python3.12/site-packages/airflow/example_dags/example_kubernetes_executor.py took 0.151 seconds
[2024-10-22T03:20:15.036+0000] {processor.py:186} INFO - Started process (PID=54967) to work on /home/airflow/.local/lib/python3.12/site-packages/airflow/example_dags/example_kubernetes_executor.py
[2024-10-22T03:20:15.038+0000] {processor.py:914} INFO - Processing file /home/airflow/.local/lib/python3.12/site-packages/airflow/example_dags/example_kubernetes_executor.py for tasks to queue
[2024-10-22T03:20:15.039+0000] {logging_mixin.py:190} INFO - [2024-10-22T03:20:15.039+0000] {dagbag.py:588} INFO - Filling up the DagBag from /home/airflow/.local/lib/python3.12/site-packages/airflow/example_dags/example_kubernetes_executor.py
[2024-10-22T03:20:15.055+0000] {processor.py:925} INFO - DAG(s) 'example_kubernetes_executor' retrieved from /home/airflow/.local/lib/python3.12/site-packages/airflow/example_dags/example_kubernetes_executor.py
[2024-10-22T03:20:15.110+0000] {logging_mixin.py:190} INFO - [2024-10-22T03:20:15.110+0000] {dag.py:3239} INFO - Sync 1 DAGs
[2024-10-22T03:20:15.127+0000] {logging_mixin.py:190} INFO - [2024-10-22T03:20:15.126+0000] {dag.py:4180} INFO - Setting next_dagrun for example_kubernetes_executor to None, run_after=None
[2024-10-22T03:20:15.148+0000] {processor.py:208} INFO - Processing /home/airflow/.local/lib/python3.12/site-packages/airflow/example_dags/example_kubernetes_executor.py took 0.121 seconds
[2024-10-22T03:20:45.755+0000] {processor.py:186} INFO - Started process (PID=55034) to work on /home/airflow/.local/lib/python3.12/site-packages/airflow/example_dags/example_kubernetes_executor.py
[2024-10-22T03:20:45.756+0000] {processor.py:914} INFO - Processing file /home/airflow/.local/lib/python3.12/site-packages/airflow/example_dags/example_kubernetes_executor.py for tasks to queue
[2024-10-22T03:20:45.757+0000] {logging_mixin.py:190} INFO - [2024-10-22T03:20:45.757+0000] {dagbag.py:588} INFO - Filling up the DagBag from /home/airflow/.local/lib/python3.12/site-packages/airflow/example_dags/example_kubernetes_executor.py
[2024-10-22T03:20:45.772+0000] {processor.py:925} INFO - DAG(s) 'example_kubernetes_executor' retrieved from /home/airflow/.local/lib/python3.12/site-packages/airflow/example_dags/example_kubernetes_executor.py
[2024-10-22T03:20:45.828+0000] {logging_mixin.py:190} INFO - [2024-10-22T03:20:45.828+0000] {dag.py:3239} INFO - Sync 1 DAGs
[2024-10-22T03:20:45.846+0000] {logging_mixin.py:190} INFO - [2024-10-22T03:20:45.846+0000] {dag.py:4180} INFO - Setting next_dagrun for example_kubernetes_executor to None, run_after=None
[2024-10-22T03:20:45.865+0000] {processor.py:208} INFO - Processing /home/airflow/.local/lib/python3.12/site-packages/airflow/example_dags/example_kubernetes_executor.py took 0.118 seconds
[2024-10-22T03:21:16.352+0000] {processor.py:186} INFO - Started process (PID=55100) to work on /home/airflow/.local/lib/python3.12/site-packages/airflow/example_dags/example_kubernetes_executor.py
[2024-10-22T03:21:16.354+0000] {processor.py:914} INFO - Processing file /home/airflow/.local/lib/python3.12/site-packages/airflow/example_dags/example_kubernetes_executor.py for tasks to queue
[2024-10-22T03:21:16.355+0000] {logging_mixin.py:190} INFO - [2024-10-22T03:21:16.355+0000] {dagbag.py:588} INFO - Filling up the DagBag from /home/airflow/.local/lib/python3.12/site-packages/airflow/example_dags/example_kubernetes_executor.py
[2024-10-22T03:21:16.370+0000] {processor.py:925} INFO - DAG(s) 'example_kubernetes_executor' retrieved from /home/airflow/.local/lib/python3.12/site-packages/airflow/example_dags/example_kubernetes_executor.py
[2024-10-22T03:21:16.428+0000] {logging_mixin.py:190} INFO - [2024-10-22T03:21:16.428+0000] {dag.py:3239} INFO - Sync 1 DAGs
[2024-10-22T03:21:16.444+0000] {logging_mixin.py:190} INFO - [2024-10-22T03:21:16.443+0000] {dag.py:4180} INFO - Setting next_dagrun for example_kubernetes_executor to None, run_after=None
[2024-10-22T03:21:16.461+0000] {processor.py:208} INFO - Processing /home/airflow/.local/lib/python3.12/site-packages/airflow/example_dags/example_kubernetes_executor.py took 0.117 seconds
[2024-10-22T03:21:46.767+0000] {processor.py:186} INFO - Started process (PID=55167) to work on /home/airflow/.local/lib/python3.12/site-packages/airflow/example_dags/example_kubernetes_executor.py
[2024-10-22T03:21:46.769+0000] {processor.py:914} INFO - Processing file /home/airflow/.local/lib/python3.12/site-packages/airflow/example_dags/example_kubernetes_executor.py for tasks to queue
[2024-10-22T03:21:46.771+0000] {logging_mixin.py:190} INFO - [2024-10-22T03:21:46.771+0000] {dagbag.py:588} INFO - Filling up the DagBag from /home/airflow/.local/lib/python3.12/site-packages/airflow/example_dags/example_kubernetes_executor.py
[2024-10-22T03:21:46.788+0000] {processor.py:925} INFO - DAG(s) 'example_kubernetes_executor' retrieved from /home/airflow/.local/lib/python3.12/site-packages/airflow/example_dags/example_kubernetes_executor.py
[2024-10-22T03:21:46.843+0000] {logging_mixin.py:190} INFO - [2024-10-22T03:21:46.842+0000] {dag.py:3239} INFO - Sync 1 DAGs
[2024-10-22T03:21:46.859+0000] {logging_mixin.py:190} INFO - [2024-10-22T03:21:46.859+0000] {dag.py:4180} INFO - Setting next_dagrun for example_kubernetes_executor to None, run_after=None
[2024-10-22T03:21:46.879+0000] {processor.py:208} INFO - Processing /home/airflow/.local/lib/python3.12/site-packages/airflow/example_dags/example_kubernetes_executor.py took 0.119 seconds
[2024-10-22T03:22:17.109+0000] {processor.py:186} INFO - Started process (PID=55233) to work on /home/airflow/.local/lib/python3.12/site-packages/airflow/example_dags/example_kubernetes_executor.py
[2024-10-22T03:22:17.110+0000] {processor.py:914} INFO - Processing file /home/airflow/.local/lib/python3.12/site-packages/airflow/example_dags/example_kubernetes_executor.py for tasks to queue
[2024-10-22T03:22:17.112+0000] {logging_mixin.py:190} INFO - [2024-10-22T03:22:17.111+0000] {dagbag.py:588} INFO - Filling up the DagBag from /home/airflow/.local/lib/python3.12/site-packages/airflow/example_dags/example_kubernetes_executor.py
[2024-10-22T03:22:17.126+0000] {processor.py:925} INFO - DAG(s) 'example_kubernetes_executor' retrieved from /home/airflow/.local/lib/python3.12/site-packages/airflow/example_dags/example_kubernetes_executor.py
[2024-10-22T03:22:17.184+0000] {logging_mixin.py:190} INFO - [2024-10-22T03:22:17.184+0000] {dag.py:3239} INFO - Sync 1 DAGs
[2024-10-22T03:22:17.200+0000] {logging_mixin.py:190} INFO - [2024-10-22T03:22:17.200+0000] {dag.py:4180} INFO - Setting next_dagrun for example_kubernetes_executor to None, run_after=None
[2024-10-22T03:22:17.220+0000] {processor.py:208} INFO - Processing /home/airflow/.local/lib/python3.12/site-packages/airflow/example_dags/example_kubernetes_executor.py took 0.120 seconds
[2024-10-22T03:22:47.784+0000] {processor.py:186} INFO - Started process (PID=55300) to work on /home/airflow/.local/lib/python3.12/site-packages/airflow/example_dags/example_kubernetes_executor.py
[2024-10-22T03:22:47.785+0000] {processor.py:914} INFO - Processing file /home/airflow/.local/lib/python3.12/site-packages/airflow/example_dags/example_kubernetes_executor.py for tasks to queue
[2024-10-22T03:22:47.787+0000] {logging_mixin.py:190} INFO - [2024-10-22T03:22:47.786+0000] {dagbag.py:588} INFO - Filling up the DagBag from /home/airflow/.local/lib/python3.12/site-packages/airflow/example_dags/example_kubernetes_executor.py
[2024-10-22T03:22:47.801+0000] {processor.py:925} INFO - DAG(s) 'example_kubernetes_executor' retrieved from /home/airflow/.local/lib/python3.12/site-packages/airflow/example_dags/example_kubernetes_executor.py
[2024-10-22T03:22:47.854+0000] {logging_mixin.py:190} INFO - [2024-10-22T03:22:47.854+0000] {dag.py:3239} INFO - Sync 1 DAGs
[2024-10-22T03:22:47.873+0000] {logging_mixin.py:190} INFO - [2024-10-22T03:22:47.873+0000] {dag.py:4180} INFO - Setting next_dagrun for example_kubernetes_executor to None, run_after=None
[2024-10-22T03:22:47.892+0000] {processor.py:208} INFO - Processing /home/airflow/.local/lib/python3.12/site-packages/airflow/example_dags/example_kubernetes_executor.py took 0.115 seconds
[2024-10-22T03:23:18.560+0000] {processor.py:186} INFO - Started process (PID=55367) to work on /home/airflow/.local/lib/python3.12/site-packages/airflow/example_dags/example_kubernetes_executor.py
[2024-10-22T03:23:18.561+0000] {processor.py:914} INFO - Processing file /home/airflow/.local/lib/python3.12/site-packages/airflow/example_dags/example_kubernetes_executor.py for tasks to queue
[2024-10-22T03:23:18.563+0000] {logging_mixin.py:190} INFO - [2024-10-22T03:23:18.562+0000] {dagbag.py:588} INFO - Filling up the DagBag from /home/airflow/.local/lib/python3.12/site-packages/airflow/example_dags/example_kubernetes_executor.py
[2024-10-22T03:23:18.579+0000] {processor.py:925} INFO - DAG(s) 'example_kubernetes_executor' retrieved from /home/airflow/.local/lib/python3.12/site-packages/airflow/example_dags/example_kubernetes_executor.py
[2024-10-22T03:23:18.640+0000] {logging_mixin.py:190} INFO - [2024-10-22T03:23:18.639+0000] {dag.py:3239} INFO - Sync 1 DAGs
[2024-10-22T03:23:18.658+0000] {logging_mixin.py:190} INFO - [2024-10-22T03:23:18.657+0000] {dag.py:4180} INFO - Setting next_dagrun for example_kubernetes_executor to None, run_after=None
[2024-10-22T03:23:18.675+0000] {processor.py:208} INFO - Processing /home/airflow/.local/lib/python3.12/site-packages/airflow/example_dags/example_kubernetes_executor.py took 0.126 seconds
[2024-10-22T03:23:49.156+0000] {processor.py:186} INFO - Started process (PID=55434) to work on /home/airflow/.local/lib/python3.12/site-packages/airflow/example_dags/example_kubernetes_executor.py
[2024-10-22T03:23:49.157+0000] {processor.py:914} INFO - Processing file /home/airflow/.local/lib/python3.12/site-packages/airflow/example_dags/example_kubernetes_executor.py for tasks to queue
[2024-10-22T03:23:49.159+0000] {logging_mixin.py:190} INFO - [2024-10-22T03:23:49.158+0000] {dagbag.py:588} INFO - Filling up the DagBag from /home/airflow/.local/lib/python3.12/site-packages/airflow/example_dags/example_kubernetes_executor.py
[2024-10-22T03:23:49.174+0000] {processor.py:925} INFO - DAG(s) 'example_kubernetes_executor' retrieved from /home/airflow/.local/lib/python3.12/site-packages/airflow/example_dags/example_kubernetes_executor.py
[2024-10-22T03:23:49.227+0000] {logging_mixin.py:190} INFO - [2024-10-22T03:23:49.227+0000] {dag.py:3239} INFO - Sync 1 DAGs
[2024-10-22T03:23:49.244+0000] {logging_mixin.py:190} INFO - [2024-10-22T03:23:49.244+0000] {dag.py:4180} INFO - Setting next_dagrun for example_kubernetes_executor to None, run_after=None
[2024-10-22T03:23:49.261+0000] {processor.py:208} INFO - Processing /home/airflow/.local/lib/python3.12/site-packages/airflow/example_dags/example_kubernetes_executor.py took 0.113 seconds
[2024-10-22T03:24:19.547+0000] {processor.py:186} INFO - Started process (PID=55501) to work on /home/airflow/.local/lib/python3.12/site-packages/airflow/example_dags/example_kubernetes_executor.py
[2024-10-22T03:24:19.548+0000] {processor.py:914} INFO - Processing file /home/airflow/.local/lib/python3.12/site-packages/airflow/example_dags/example_kubernetes_executor.py for tasks to queue
[2024-10-22T03:24:19.550+0000] {logging_mixin.py:190} INFO - [2024-10-22T03:24:19.550+0000] {dagbag.py:588} INFO - Filling up the DagBag from /home/airflow/.local/lib/python3.12/site-packages/airflow/example_dags/example_kubernetes_executor.py
[2024-10-22T03:24:19.567+0000] {processor.py:925} INFO - DAG(s) 'example_kubernetes_executor' retrieved from /home/airflow/.local/lib/python3.12/site-packages/airflow/example_dags/example_kubernetes_executor.py
[2024-10-22T03:24:19.627+0000] {logging_mixin.py:190} INFO - [2024-10-22T03:24:19.627+0000] {dag.py:3239} INFO - Sync 1 DAGs
[2024-10-22T03:24:19.645+0000] {logging_mixin.py:190} INFO - [2024-10-22T03:24:19.645+0000] {dag.py:4180} INFO - Setting next_dagrun for example_kubernetes_executor to None, run_after=None
[2024-10-22T03:24:19.663+0000] {processor.py:208} INFO - Processing /home/airflow/.local/lib/python3.12/site-packages/airflow/example_dags/example_kubernetes_executor.py took 0.124 seconds
[2024-10-22T03:24:50.460+0000] {processor.py:186} INFO - Started process (PID=55568) to work on /home/airflow/.local/lib/python3.12/site-packages/airflow/example_dags/example_kubernetes_executor.py
[2024-10-22T03:24:50.461+0000] {processor.py:914} INFO - Processing file /home/airflow/.local/lib/python3.12/site-packages/airflow/example_dags/example_kubernetes_executor.py for tasks to queue
[2024-10-22T03:24:50.463+0000] {logging_mixin.py:190} INFO - [2024-10-22T03:24:50.463+0000] {dagbag.py:588} INFO - Filling up the DagBag from /home/airflow/.local/lib/python3.12/site-packages/airflow/example_dags/example_kubernetes_executor.py
[2024-10-22T03:24:50.478+0000] {processor.py:925} INFO - DAG(s) 'example_kubernetes_executor' retrieved from /home/airflow/.local/lib/python3.12/site-packages/airflow/example_dags/example_kubernetes_executor.py
[2024-10-22T03:24:50.537+0000] {logging_mixin.py:190} INFO - [2024-10-22T03:24:50.537+0000] {dag.py:3239} INFO - Sync 1 DAGs
[2024-10-22T03:24:50.554+0000] {logging_mixin.py:190} INFO - [2024-10-22T03:24:50.554+0000] {dag.py:4180} INFO - Setting next_dagrun for example_kubernetes_executor to None, run_after=None
[2024-10-22T03:24:50.573+0000] {processor.py:208} INFO - Processing /home/airflow/.local/lib/python3.12/site-packages/airflow/example_dags/example_kubernetes_executor.py took 0.121 seconds
[2024-10-22T03:25:20.993+0000] {processor.py:186} INFO - Started process (PID=55635) to work on /home/airflow/.local/lib/python3.12/site-packages/airflow/example_dags/example_kubernetes_executor.py
[2024-10-22T03:25:20.994+0000] {processor.py:914} INFO - Processing file /home/airflow/.local/lib/python3.12/site-packages/airflow/example_dags/example_kubernetes_executor.py for tasks to queue
[2024-10-22T03:25:20.995+0000] {logging_mixin.py:190} INFO - [2024-10-22T03:25:20.995+0000] {dagbag.py:588} INFO - Filling up the DagBag from /home/airflow/.local/lib/python3.12/site-packages/airflow/example_dags/example_kubernetes_executor.py
[2024-10-22T03:25:21.010+0000] {processor.py:925} INFO - DAG(s) 'example_kubernetes_executor' retrieved from /home/airflow/.local/lib/python3.12/site-packages/airflow/example_dags/example_kubernetes_executor.py
[2024-10-22T03:25:21.072+0000] {logging_mixin.py:190} INFO - [2024-10-22T03:25:21.072+0000] {dag.py:3239} INFO - Sync 1 DAGs
[2024-10-22T03:25:21.090+0000] {logging_mixin.py:190} INFO - [2024-10-22T03:25:21.090+0000] {dag.py:4180} INFO - Setting next_dagrun for example_kubernetes_executor to None, run_after=None
[2024-10-22T03:25:21.109+0000] {processor.py:208} INFO - Processing /home/airflow/.local/lib/python3.12/site-packages/airflow/example_dags/example_kubernetes_executor.py took 0.124 seconds
[2024-10-22T03:25:51.413+0000] {processor.py:186} INFO - Started process (PID=55702) to work on /home/airflow/.local/lib/python3.12/site-packages/airflow/example_dags/example_kubernetes_executor.py
[2024-10-22T03:25:51.414+0000] {processor.py:914} INFO - Processing file /home/airflow/.local/lib/python3.12/site-packages/airflow/example_dags/example_kubernetes_executor.py for tasks to queue
[2024-10-22T03:25:51.415+0000] {logging_mixin.py:190} INFO - [2024-10-22T03:25:51.415+0000] {dagbag.py:588} INFO - Filling up the DagBag from /home/airflow/.local/lib/python3.12/site-packages/airflow/example_dags/example_kubernetes_executor.py
[2024-10-22T03:25:51.430+0000] {processor.py:925} INFO - DAG(s) 'example_kubernetes_executor' retrieved from /home/airflow/.local/lib/python3.12/site-packages/airflow/example_dags/example_kubernetes_executor.py
[2024-10-22T03:25:51.486+0000] {logging_mixin.py:190} INFO - [2024-10-22T03:25:51.486+0000] {dag.py:3239} INFO - Sync 1 DAGs
[2024-10-22T03:25:51.505+0000] {logging_mixin.py:190} INFO - [2024-10-22T03:25:51.505+0000] {dag.py:4180} INFO - Setting next_dagrun for example_kubernetes_executor to None, run_after=None
[2024-10-22T03:25:51.527+0000] {processor.py:208} INFO - Processing /home/airflow/.local/lib/python3.12/site-packages/airflow/example_dags/example_kubernetes_executor.py took 0.122 seconds
[2024-10-22T03:26:22.321+0000] {processor.py:186} INFO - Started process (PID=55768) to work on /home/airflow/.local/lib/python3.12/site-packages/airflow/example_dags/example_kubernetes_executor.py
[2024-10-22T03:26:22.322+0000] {processor.py:914} INFO - Processing file /home/airflow/.local/lib/python3.12/site-packages/airflow/example_dags/example_kubernetes_executor.py for tasks to queue
[2024-10-22T03:26:22.324+0000] {logging_mixin.py:190} INFO - [2024-10-22T03:26:22.323+0000] {dagbag.py:588} INFO - Filling up the DagBag from /home/airflow/.local/lib/python3.12/site-packages/airflow/example_dags/example_kubernetes_executor.py
[2024-10-22T03:26:22.339+0000] {processor.py:925} INFO - DAG(s) 'example_kubernetes_executor' retrieved from /home/airflow/.local/lib/python3.12/site-packages/airflow/example_dags/example_kubernetes_executor.py
[2024-10-22T03:26:22.393+0000] {logging_mixin.py:190} INFO - [2024-10-22T03:26:22.393+0000] {dag.py:3239} INFO - Sync 1 DAGs
[2024-10-22T03:26:22.409+0000] {logging_mixin.py:190} INFO - [2024-10-22T03:26:22.409+0000] {dag.py:4180} INFO - Setting next_dagrun for example_kubernetes_executor to None, run_after=None
[2024-10-22T03:26:22.429+0000] {processor.py:208} INFO - Processing /home/airflow/.local/lib/python3.12/site-packages/airflow/example_dags/example_kubernetes_executor.py took 0.116 seconds
[2024-10-22T03:26:52.859+0000] {processor.py:186} INFO - Started process (PID=55835) to work on /home/airflow/.local/lib/python3.12/site-packages/airflow/example_dags/example_kubernetes_executor.py
[2024-10-22T03:26:52.861+0000] {processor.py:914} INFO - Processing file /home/airflow/.local/lib/python3.12/site-packages/airflow/example_dags/example_kubernetes_executor.py for tasks to queue
[2024-10-22T03:26:52.862+0000] {logging_mixin.py:190} INFO - [2024-10-22T03:26:52.862+0000] {dagbag.py:588} INFO - Filling up the DagBag from /home/airflow/.local/lib/python3.12/site-packages/airflow/example_dags/example_kubernetes_executor.py
[2024-10-22T03:26:52.879+0000] {processor.py:925} INFO - DAG(s) 'example_kubernetes_executor' retrieved from /home/airflow/.local/lib/python3.12/site-packages/airflow/example_dags/example_kubernetes_executor.py
[2024-10-22T03:26:52.934+0000] {logging_mixin.py:190} INFO - [2024-10-22T03:26:52.934+0000] {dag.py:3239} INFO - Sync 1 DAGs
[2024-10-22T03:26:52.951+0000] {logging_mixin.py:190} INFO - [2024-10-22T03:26:52.950+0000] {dag.py:4180} INFO - Setting next_dagrun for example_kubernetes_executor to None, run_after=None
[2024-10-22T03:26:52.971+0000] {processor.py:208} INFO - Processing /home/airflow/.local/lib/python3.12/site-packages/airflow/example_dags/example_kubernetes_executor.py took 0.121 seconds
[2024-10-22T03:27:23.500+0000] {processor.py:186} INFO - Started process (PID=55902) to work on /home/airflow/.local/lib/python3.12/site-packages/airflow/example_dags/example_kubernetes_executor.py
[2024-10-22T03:27:23.501+0000] {processor.py:914} INFO - Processing file /home/airflow/.local/lib/python3.12/site-packages/airflow/example_dags/example_kubernetes_executor.py for tasks to queue
[2024-10-22T03:27:23.503+0000] {logging_mixin.py:190} INFO - [2024-10-22T03:27:23.502+0000] {dagbag.py:588} INFO - Filling up the DagBag from /home/airflow/.local/lib/python3.12/site-packages/airflow/example_dags/example_kubernetes_executor.py
[2024-10-22T03:27:23.518+0000] {processor.py:925} INFO - DAG(s) 'example_kubernetes_executor' retrieved from /home/airflow/.local/lib/python3.12/site-packages/airflow/example_dags/example_kubernetes_executor.py
[2024-10-22T03:27:23.581+0000] {logging_mixin.py:190} INFO - [2024-10-22T03:27:23.581+0000] {dag.py:3239} INFO - Sync 1 DAGs
[2024-10-22T03:27:23.599+0000] {logging_mixin.py:190} INFO - [2024-10-22T03:27:23.598+0000] {dag.py:4180} INFO - Setting next_dagrun for example_kubernetes_executor to None, run_after=None
[2024-10-22T03:27:23.620+0000] {processor.py:208} INFO - Processing /home/airflow/.local/lib/python3.12/site-packages/airflow/example_dags/example_kubernetes_executor.py took 0.128 seconds
[2024-10-22T03:27:54.083+0000] {processor.py:186} INFO - Started process (PID=55969) to work on /home/airflow/.local/lib/python3.12/site-packages/airflow/example_dags/example_kubernetes_executor.py
[2024-10-22T03:27:54.084+0000] {processor.py:914} INFO - Processing file /home/airflow/.local/lib/python3.12/site-packages/airflow/example_dags/example_kubernetes_executor.py for tasks to queue
[2024-10-22T03:27:54.086+0000] {logging_mixin.py:190} INFO - [2024-10-22T03:27:54.086+0000] {dagbag.py:588} INFO - Filling up the DagBag from /home/airflow/.local/lib/python3.12/site-packages/airflow/example_dags/example_kubernetes_executor.py
[2024-10-22T03:27:54.102+0000] {processor.py:925} INFO - DAG(s) 'example_kubernetes_executor' retrieved from /home/airflow/.local/lib/python3.12/site-packages/airflow/example_dags/example_kubernetes_executor.py
[2024-10-22T03:27:54.154+0000] {logging_mixin.py:190} INFO - [2024-10-22T03:27:54.153+0000] {dag.py:3239} INFO - Sync 1 DAGs
[2024-10-22T03:27:54.170+0000] {logging_mixin.py:190} INFO - [2024-10-22T03:27:54.170+0000] {dag.py:4180} INFO - Setting next_dagrun for example_kubernetes_executor to None, run_after=None
[2024-10-22T03:27:54.188+0000] {processor.py:208} INFO - Processing /home/airflow/.local/lib/python3.12/site-packages/airflow/example_dags/example_kubernetes_executor.py took 0.114 seconds
[2024-10-22T03:28:24.763+0000] {processor.py:186} INFO - Started process (PID=56036) to work on /home/airflow/.local/lib/python3.12/site-packages/airflow/example_dags/example_kubernetes_executor.py
[2024-10-22T03:28:24.764+0000] {processor.py:914} INFO - Processing file /home/airflow/.local/lib/python3.12/site-packages/airflow/example_dags/example_kubernetes_executor.py for tasks to queue
[2024-10-22T03:28:24.766+0000] {logging_mixin.py:190} INFO - [2024-10-22T03:28:24.766+0000] {dagbag.py:588} INFO - Filling up the DagBag from /home/airflow/.local/lib/python3.12/site-packages/airflow/example_dags/example_kubernetes_executor.py
[2024-10-22T03:28:24.782+0000] {processor.py:925} INFO - DAG(s) 'example_kubernetes_executor' retrieved from /home/airflow/.local/lib/python3.12/site-packages/airflow/example_dags/example_kubernetes_executor.py
[2024-10-22T03:28:24.847+0000] {logging_mixin.py:190} INFO - [2024-10-22T03:28:24.847+0000] {dag.py:3239} INFO - Sync 1 DAGs
[2024-10-22T03:28:24.947+0000] {logging_mixin.py:190} INFO - [2024-10-22T03:28:24.947+0000] {dag.py:4180} INFO - Setting next_dagrun for example_kubernetes_executor to None, run_after=None
[2024-10-22T03:28:24.970+0000] {processor.py:208} INFO - Processing /home/airflow/.local/lib/python3.12/site-packages/airflow/example_dags/example_kubernetes_executor.py took 0.216 seconds
[2024-10-22T03:28:55.561+0000] {processor.py:186} INFO - Started process (PID=56102) to work on /home/airflow/.local/lib/python3.12/site-packages/airflow/example_dags/example_kubernetes_executor.py
[2024-10-22T03:28:55.562+0000] {processor.py:914} INFO - Processing file /home/airflow/.local/lib/python3.12/site-packages/airflow/example_dags/example_kubernetes_executor.py for tasks to queue
[2024-10-22T03:28:55.564+0000] {logging_mixin.py:190} INFO - [2024-10-22T03:28:55.563+0000] {dagbag.py:588} INFO - Filling up the DagBag from /home/airflow/.local/lib/python3.12/site-packages/airflow/example_dags/example_kubernetes_executor.py
[2024-10-22T03:28:55.583+0000] {processor.py:925} INFO - DAG(s) 'example_kubernetes_executor' retrieved from /home/airflow/.local/lib/python3.12/site-packages/airflow/example_dags/example_kubernetes_executor.py
[2024-10-22T03:28:55.649+0000] {logging_mixin.py:190} INFO - [2024-10-22T03:28:55.649+0000] {dag.py:3239} INFO - Sync 1 DAGs
[2024-10-22T03:28:55.667+0000] {logging_mixin.py:190} INFO - [2024-10-22T03:28:55.667+0000] {dag.py:4180} INFO - Setting next_dagrun for example_kubernetes_executor to None, run_after=None
[2024-10-22T03:28:55.685+0000] {processor.py:208} INFO - Processing /home/airflow/.local/lib/python3.12/site-packages/airflow/example_dags/example_kubernetes_executor.py took 0.133 seconds
[2024-10-22T03:29:25.996+0000] {processor.py:186} INFO - Started process (PID=56169) to work on /home/airflow/.local/lib/python3.12/site-packages/airflow/example_dags/example_kubernetes_executor.py
[2024-10-22T03:29:25.998+0000] {processor.py:914} INFO - Processing file /home/airflow/.local/lib/python3.12/site-packages/airflow/example_dags/example_kubernetes_executor.py for tasks to queue
[2024-10-22T03:29:25.999+0000] {logging_mixin.py:190} INFO - [2024-10-22T03:29:25.999+0000] {dagbag.py:588} INFO - Filling up the DagBag from /home/airflow/.local/lib/python3.12/site-packages/airflow/example_dags/example_kubernetes_executor.py
[2024-10-22T03:29:26.016+0000] {processor.py:925} INFO - DAG(s) 'example_kubernetes_executor' retrieved from /home/airflow/.local/lib/python3.12/site-packages/airflow/example_dags/example_kubernetes_executor.py
[2024-10-22T03:29:26.075+0000] {logging_mixin.py:190} INFO - [2024-10-22T03:29:26.075+0000] {dag.py:3239} INFO - Sync 1 DAGs
[2024-10-22T03:29:26.092+0000] {logging_mixin.py:190} INFO - [2024-10-22T03:29:26.092+0000] {dag.py:4180} INFO - Setting next_dagrun for example_kubernetes_executor to None, run_after=None
[2024-10-22T03:29:26.118+0000] {processor.py:208} INFO - Processing /home/airflow/.local/lib/python3.12/site-packages/airflow/example_dags/example_kubernetes_executor.py took 0.131 seconds
[2024-10-22T03:29:56.263+0000] {processor.py:186} INFO - Started process (PID=56236) to work on /home/airflow/.local/lib/python3.12/site-packages/airflow/example_dags/example_kubernetes_executor.py
[2024-10-22T03:29:56.264+0000] {processor.py:914} INFO - Processing file /home/airflow/.local/lib/python3.12/site-packages/airflow/example_dags/example_kubernetes_executor.py for tasks to queue
[2024-10-22T03:29:56.266+0000] {logging_mixin.py:190} INFO - [2024-10-22T03:29:56.265+0000] {dagbag.py:588} INFO - Filling up the DagBag from /home/airflow/.local/lib/python3.12/site-packages/airflow/example_dags/example_kubernetes_executor.py
[2024-10-22T03:29:56.280+0000] {processor.py:925} INFO - DAG(s) 'example_kubernetes_executor' retrieved from /home/airflow/.local/lib/python3.12/site-packages/airflow/example_dags/example_kubernetes_executor.py
[2024-10-22T03:29:56.333+0000] {logging_mixin.py:190} INFO - [2024-10-22T03:29:56.333+0000] {dag.py:3239} INFO - Sync 1 DAGs
[2024-10-22T03:29:56.349+0000] {logging_mixin.py:190} INFO - [2024-10-22T03:29:56.349+0000] {dag.py:4180} INFO - Setting next_dagrun for example_kubernetes_executor to None, run_after=None
[2024-10-22T03:29:56.366+0000] {processor.py:208} INFO - Processing /home/airflow/.local/lib/python3.12/site-packages/airflow/example_dags/example_kubernetes_executor.py took 0.110 seconds
[2024-10-22T03:30:26.613+0000] {processor.py:186} INFO - Started process (PID=56303) to work on /home/airflow/.local/lib/python3.12/site-packages/airflow/example_dags/example_kubernetes_executor.py
[2024-10-22T03:30:26.614+0000] {processor.py:914} INFO - Processing file /home/airflow/.local/lib/python3.12/site-packages/airflow/example_dags/example_kubernetes_executor.py for tasks to queue
[2024-10-22T03:30:26.616+0000] {logging_mixin.py:190} INFO - [2024-10-22T03:30:26.615+0000] {dagbag.py:588} INFO - Filling up the DagBag from /home/airflow/.local/lib/python3.12/site-packages/airflow/example_dags/example_kubernetes_executor.py
[2024-10-22T03:30:26.632+0000] {processor.py:925} INFO - DAG(s) 'example_kubernetes_executor' retrieved from /home/airflow/.local/lib/python3.12/site-packages/airflow/example_dags/example_kubernetes_executor.py
[2024-10-22T03:30:26.687+0000] {logging_mixin.py:190} INFO - [2024-10-22T03:30:26.686+0000] {dag.py:3239} INFO - Sync 1 DAGs
[2024-10-22T03:30:26.703+0000] {logging_mixin.py:190} INFO - [2024-10-22T03:30:26.703+0000] {dag.py:4180} INFO - Setting next_dagrun for example_kubernetes_executor to None, run_after=None
[2024-10-22T03:30:26.722+0000] {processor.py:208} INFO - Processing /home/airflow/.local/lib/python3.12/site-packages/airflow/example_dags/example_kubernetes_executor.py took 0.118 seconds
[2024-10-22T03:30:56.992+0000] {processor.py:186} INFO - Started process (PID=56370) to work on /home/airflow/.local/lib/python3.12/site-packages/airflow/example_dags/example_kubernetes_executor.py
[2024-10-22T03:30:56.993+0000] {processor.py:914} INFO - Processing file /home/airflow/.local/lib/python3.12/site-packages/airflow/example_dags/example_kubernetes_executor.py for tasks to queue
[2024-10-22T03:30:56.994+0000] {logging_mixin.py:190} INFO - [2024-10-22T03:30:56.994+0000] {dagbag.py:588} INFO - Filling up the DagBag from /home/airflow/.local/lib/python3.12/site-packages/airflow/example_dags/example_kubernetes_executor.py
[2024-10-22T03:30:57.009+0000] {processor.py:925} INFO - DAG(s) 'example_kubernetes_executor' retrieved from /home/airflow/.local/lib/python3.12/site-packages/airflow/example_dags/example_kubernetes_executor.py
[2024-10-22T03:30:57.061+0000] {logging_mixin.py:190} INFO - [2024-10-22T03:30:57.061+0000] {dag.py:3239} INFO - Sync 1 DAGs
[2024-10-22T03:30:57.077+0000] {logging_mixin.py:190} INFO - [2024-10-22T03:30:57.077+0000] {dag.py:4180} INFO - Setting next_dagrun for example_kubernetes_executor to None, run_after=None
[2024-10-22T03:30:57.094+0000] {processor.py:208} INFO - Processing /home/airflow/.local/lib/python3.12/site-packages/airflow/example_dags/example_kubernetes_executor.py took 0.110 seconds
[2024-10-22T03:31:27.660+0000] {processor.py:186} INFO - Started process (PID=56437) to work on /home/airflow/.local/lib/python3.12/site-packages/airflow/example_dags/example_kubernetes_executor.py
[2024-10-22T03:31:27.661+0000] {processor.py:914} INFO - Processing file /home/airflow/.local/lib/python3.12/site-packages/airflow/example_dags/example_kubernetes_executor.py for tasks to queue
[2024-10-22T03:31:27.663+0000] {logging_mixin.py:190} INFO - [2024-10-22T03:31:27.663+0000] {dagbag.py:588} INFO - Filling up the DagBag from /home/airflow/.local/lib/python3.12/site-packages/airflow/example_dags/example_kubernetes_executor.py
[2024-10-22T03:31:27.682+0000] {processor.py:925} INFO - DAG(s) 'example_kubernetes_executor' retrieved from /home/airflow/.local/lib/python3.12/site-packages/airflow/example_dags/example_kubernetes_executor.py
[2024-10-22T03:31:27.739+0000] {logging_mixin.py:190} INFO - [2024-10-22T03:31:27.739+0000] {dag.py:3239} INFO - Sync 1 DAGs
[2024-10-22T03:31:27.759+0000] {logging_mixin.py:190} INFO - [2024-10-22T03:31:27.759+0000] {dag.py:4180} INFO - Setting next_dagrun for example_kubernetes_executor to None, run_after=None
[2024-10-22T03:31:27.779+0000] {processor.py:208} INFO - Processing /home/airflow/.local/lib/python3.12/site-packages/airflow/example_dags/example_kubernetes_executor.py took 0.127 seconds
[2024-10-22T03:31:58.222+0000] {processor.py:186} INFO - Started process (PID=56503) to work on /home/airflow/.local/lib/python3.12/site-packages/airflow/example_dags/example_kubernetes_executor.py
[2024-10-22T03:31:58.224+0000] {processor.py:914} INFO - Processing file /home/airflow/.local/lib/python3.12/site-packages/airflow/example_dags/example_kubernetes_executor.py for tasks to queue
[2024-10-22T03:31:58.225+0000] {logging_mixin.py:190} INFO - [2024-10-22T03:31:58.225+0000] {dagbag.py:588} INFO - Filling up the DagBag from /home/airflow/.local/lib/python3.12/site-packages/airflow/example_dags/example_kubernetes_executor.py
[2024-10-22T03:31:58.240+0000] {processor.py:925} INFO - DAG(s) 'example_kubernetes_executor' retrieved from /home/airflow/.local/lib/python3.12/site-packages/airflow/example_dags/example_kubernetes_executor.py
[2024-10-22T03:31:58.307+0000] {logging_mixin.py:190} INFO - [2024-10-22T03:31:58.307+0000] {dag.py:3239} INFO - Sync 1 DAGs
[2024-10-22T03:31:58.326+0000] {logging_mixin.py:190} INFO - [2024-10-22T03:31:58.326+0000] {dag.py:4180} INFO - Setting next_dagrun for example_kubernetes_executor to None, run_after=None
[2024-10-22T03:31:58.358+0000] {processor.py:208} INFO - Processing /home/airflow/.local/lib/python3.12/site-packages/airflow/example_dags/example_kubernetes_executor.py took 0.143 seconds
[2024-10-22T03:32:28.646+0000] {processor.py:186} INFO - Started process (PID=56569) to work on /home/airflow/.local/lib/python3.12/site-packages/airflow/example_dags/example_kubernetes_executor.py
[2024-10-22T03:32:28.647+0000] {processor.py:914} INFO - Processing file /home/airflow/.local/lib/python3.12/site-packages/airflow/example_dags/example_kubernetes_executor.py for tasks to queue
[2024-10-22T03:32:28.649+0000] {logging_mixin.py:190} INFO - [2024-10-22T03:32:28.648+0000] {dagbag.py:588} INFO - Filling up the DagBag from /home/airflow/.local/lib/python3.12/site-packages/airflow/example_dags/example_kubernetes_executor.py
[2024-10-22T03:32:28.664+0000] {processor.py:925} INFO - DAG(s) 'example_kubernetes_executor' retrieved from /home/airflow/.local/lib/python3.12/site-packages/airflow/example_dags/example_kubernetes_executor.py
[2024-10-22T03:32:28.720+0000] {logging_mixin.py:190} INFO - [2024-10-22T03:32:28.720+0000] {dag.py:3239} INFO - Sync 1 DAGs
[2024-10-22T03:32:28.737+0000] {logging_mixin.py:190} INFO - [2024-10-22T03:32:28.736+0000] {dag.py:4180} INFO - Setting next_dagrun for example_kubernetes_executor to None, run_after=None
[2024-10-22T03:32:28.756+0000] {processor.py:208} INFO - Processing /home/airflow/.local/lib/python3.12/site-packages/airflow/example_dags/example_kubernetes_executor.py took 0.117 seconds
[2024-10-22T03:32:58.946+0000] {processor.py:186} INFO - Started process (PID=56635) to work on /home/airflow/.local/lib/python3.12/site-packages/airflow/example_dags/example_kubernetes_executor.py
[2024-10-22T03:32:58.947+0000] {processor.py:914} INFO - Processing file /home/airflow/.local/lib/python3.12/site-packages/airflow/example_dags/example_kubernetes_executor.py for tasks to queue
[2024-10-22T03:32:58.948+0000] {logging_mixin.py:190} INFO - [2024-10-22T03:32:58.948+0000] {dagbag.py:588} INFO - Filling up the DagBag from /home/airflow/.local/lib/python3.12/site-packages/airflow/example_dags/example_kubernetes_executor.py
[2024-10-22T03:32:58.963+0000] {processor.py:925} INFO - DAG(s) 'example_kubernetes_executor' retrieved from /home/airflow/.local/lib/python3.12/site-packages/airflow/example_dags/example_kubernetes_executor.py
[2024-10-22T03:32:59.019+0000] {logging_mixin.py:190} INFO - [2024-10-22T03:32:59.018+0000] {dag.py:3239} INFO - Sync 1 DAGs
[2024-10-22T03:32:59.034+0000] {logging_mixin.py:190} INFO - [2024-10-22T03:32:59.034+0000] {dag.py:4180} INFO - Setting next_dagrun for example_kubernetes_executor to None, run_after=None
[2024-10-22T03:32:59.051+0000] {processor.py:208} INFO - Processing /home/airflow/.local/lib/python3.12/site-packages/airflow/example_dags/example_kubernetes_executor.py took 0.113 seconds
[2024-10-22T03:33:29.840+0000] {processor.py:186} INFO - Started process (PID=56701) to work on /home/airflow/.local/lib/python3.12/site-packages/airflow/example_dags/example_kubernetes_executor.py
[2024-10-22T03:33:29.841+0000] {processor.py:914} INFO - Processing file /home/airflow/.local/lib/python3.12/site-packages/airflow/example_dags/example_kubernetes_executor.py for tasks to queue
[2024-10-22T03:33:29.843+0000] {logging_mixin.py:190} INFO - [2024-10-22T03:33:29.842+0000] {dagbag.py:588} INFO - Filling up the DagBag from /home/airflow/.local/lib/python3.12/site-packages/airflow/example_dags/example_kubernetes_executor.py
[2024-10-22T03:33:29.861+0000] {processor.py:925} INFO - DAG(s) 'example_kubernetes_executor' retrieved from /home/airflow/.local/lib/python3.12/site-packages/airflow/example_dags/example_kubernetes_executor.py
[2024-10-22T03:33:29.920+0000] {logging_mixin.py:190} INFO - [2024-10-22T03:33:29.919+0000] {dag.py:3239} INFO - Sync 1 DAGs
[2024-10-22T03:33:29.936+0000] {logging_mixin.py:190} INFO - [2024-10-22T03:33:29.936+0000] {dag.py:4180} INFO - Setting next_dagrun for example_kubernetes_executor to None, run_after=None
[2024-10-22T03:33:29.958+0000] {processor.py:208} INFO - Processing /home/airflow/.local/lib/python3.12/site-packages/airflow/example_dags/example_kubernetes_executor.py took 0.128 seconds
[2024-10-22T03:34:00.303+0000] {processor.py:186} INFO - Started process (PID=56767) to work on /home/airflow/.local/lib/python3.12/site-packages/airflow/example_dags/example_kubernetes_executor.py
[2024-10-22T03:34:00.304+0000] {processor.py:914} INFO - Processing file /home/airflow/.local/lib/python3.12/site-packages/airflow/example_dags/example_kubernetes_executor.py for tasks to queue
[2024-10-22T03:34:00.306+0000] {logging_mixin.py:190} INFO - [2024-10-22T03:34:00.305+0000] {dagbag.py:588} INFO - Filling up the DagBag from /home/airflow/.local/lib/python3.12/site-packages/airflow/example_dags/example_kubernetes_executor.py
[2024-10-22T03:34:00.321+0000] {processor.py:925} INFO - DAG(s) 'example_kubernetes_executor' retrieved from /home/airflow/.local/lib/python3.12/site-packages/airflow/example_dags/example_kubernetes_executor.py
[2024-10-22T03:34:00.378+0000] {logging_mixin.py:190} INFO - [2024-10-22T03:34:00.378+0000] {dag.py:3239} INFO - Sync 1 DAGs
[2024-10-22T03:34:00.397+0000] {logging_mixin.py:190} INFO - [2024-10-22T03:34:00.396+0000] {dag.py:4180} INFO - Setting next_dagrun for example_kubernetes_executor to None, run_after=None
[2024-10-22T03:34:00.415+0000] {processor.py:208} INFO - Processing /home/airflow/.local/lib/python3.12/site-packages/airflow/example_dags/example_kubernetes_executor.py took 0.120 seconds
[2024-10-22T03:34:30.825+0000] {processor.py:186} INFO - Started process (PID=56833) to work on /home/airflow/.local/lib/python3.12/site-packages/airflow/example_dags/example_kubernetes_executor.py
[2024-10-22T03:34:30.826+0000] {processor.py:914} INFO - Processing file /home/airflow/.local/lib/python3.12/site-packages/airflow/example_dags/example_kubernetes_executor.py for tasks to queue
[2024-10-22T03:34:30.827+0000] {logging_mixin.py:190} INFO - [2024-10-22T03:34:30.827+0000] {dagbag.py:588} INFO - Filling up the DagBag from /home/airflow/.local/lib/python3.12/site-packages/airflow/example_dags/example_kubernetes_executor.py
[2024-10-22T03:34:30.843+0000] {processor.py:925} INFO - DAG(s) 'example_kubernetes_executor' retrieved from /home/airflow/.local/lib/python3.12/site-packages/airflow/example_dags/example_kubernetes_executor.py
[2024-10-22T03:34:30.898+0000] {logging_mixin.py:190} INFO - [2024-10-22T03:34:30.898+0000] {dag.py:3239} INFO - Sync 1 DAGs
[2024-10-22T03:34:30.914+0000] {logging_mixin.py:190} INFO - [2024-10-22T03:34:30.914+0000] {dag.py:4180} INFO - Setting next_dagrun for example_kubernetes_executor to None, run_after=None
[2024-10-22T03:34:30.933+0000] {processor.py:208} INFO - Processing /home/airflow/.local/lib/python3.12/site-packages/airflow/example_dags/example_kubernetes_executor.py took 0.115 seconds
[2024-10-22T03:35:01.014+0000] {processor.py:186} INFO - Started process (PID=56900) to work on /home/airflow/.local/lib/python3.12/site-packages/airflow/example_dags/example_kubernetes_executor.py
[2024-10-22T03:35:01.015+0000] {processor.py:914} INFO - Processing file /home/airflow/.local/lib/python3.12/site-packages/airflow/example_dags/example_kubernetes_executor.py for tasks to queue
[2024-10-22T03:35:01.016+0000] {logging_mixin.py:190} INFO - [2024-10-22T03:35:01.016+0000] {dagbag.py:588} INFO - Filling up the DagBag from /home/airflow/.local/lib/python3.12/site-packages/airflow/example_dags/example_kubernetes_executor.py
[2024-10-22T03:35:01.032+0000] {processor.py:925} INFO - DAG(s) 'example_kubernetes_executor' retrieved from /home/airflow/.local/lib/python3.12/site-packages/airflow/example_dags/example_kubernetes_executor.py
[2024-10-22T03:35:01.090+0000] {logging_mixin.py:190} INFO - [2024-10-22T03:35:01.089+0000] {dag.py:3239} INFO - Sync 1 DAGs
[2024-10-22T03:35:01.107+0000] {logging_mixin.py:190} INFO - [2024-10-22T03:35:01.107+0000] {dag.py:4180} INFO - Setting next_dagrun for example_kubernetes_executor to None, run_after=None
[2024-10-22T03:35:01.126+0000] {processor.py:208} INFO - Processing /home/airflow/.local/lib/python3.12/site-packages/airflow/example_dags/example_kubernetes_executor.py took 0.121 seconds
[2024-10-22T03:35:31.468+0000] {processor.py:186} INFO - Started process (PID=56967) to work on /home/airflow/.local/lib/python3.12/site-packages/airflow/example_dags/example_kubernetes_executor.py
[2024-10-22T03:35:31.471+0000] {processor.py:914} INFO - Processing file /home/airflow/.local/lib/python3.12/site-packages/airflow/example_dags/example_kubernetes_executor.py for tasks to queue
[2024-10-22T03:35:31.472+0000] {logging_mixin.py:190} INFO - [2024-10-22T03:35:31.472+0000] {dagbag.py:588} INFO - Filling up the DagBag from /home/airflow/.local/lib/python3.12/site-packages/airflow/example_dags/example_kubernetes_executor.py
[2024-10-22T03:35:31.487+0000] {processor.py:925} INFO - DAG(s) 'example_kubernetes_executor' retrieved from /home/airflow/.local/lib/python3.12/site-packages/airflow/example_dags/example_kubernetes_executor.py
[2024-10-22T03:35:31.542+0000] {logging_mixin.py:190} INFO - [2024-10-22T03:35:31.542+0000] {dag.py:3239} INFO - Sync 1 DAGs
[2024-10-22T03:35:31.558+0000] {logging_mixin.py:190} INFO - [2024-10-22T03:35:31.557+0000] {dag.py:4180} INFO - Setting next_dagrun for example_kubernetes_executor to None, run_after=None
[2024-10-22T03:35:31.576+0000] {processor.py:208} INFO - Processing /home/airflow/.local/lib/python3.12/site-packages/airflow/example_dags/example_kubernetes_executor.py took 0.115 seconds
[2024-10-22T03:36:01.929+0000] {processor.py:186} INFO - Started process (PID=57034) to work on /home/airflow/.local/lib/python3.12/site-packages/airflow/example_dags/example_kubernetes_executor.py
[2024-10-22T03:36:01.931+0000] {processor.py:914} INFO - Processing file /home/airflow/.local/lib/python3.12/site-packages/airflow/example_dags/example_kubernetes_executor.py for tasks to queue
[2024-10-22T03:36:01.932+0000] {logging_mixin.py:190} INFO - [2024-10-22T03:36:01.932+0000] {dagbag.py:588} INFO - Filling up the DagBag from /home/airflow/.local/lib/python3.12/site-packages/airflow/example_dags/example_kubernetes_executor.py
[2024-10-22T03:36:01.946+0000] {processor.py:925} INFO - DAG(s) 'example_kubernetes_executor' retrieved from /home/airflow/.local/lib/python3.12/site-packages/airflow/example_dags/example_kubernetes_executor.py
[2024-10-22T03:36:02.002+0000] {logging_mixin.py:190} INFO - [2024-10-22T03:36:02.002+0000] {dag.py:3239} INFO - Sync 1 DAGs
[2024-10-22T03:36:02.017+0000] {logging_mixin.py:190} INFO - [2024-10-22T03:36:02.017+0000] {dag.py:4180} INFO - Setting next_dagrun for example_kubernetes_executor to None, run_after=None
[2024-10-22T03:36:02.035+0000] {processor.py:208} INFO - Processing /home/airflow/.local/lib/python3.12/site-packages/airflow/example_dags/example_kubernetes_executor.py took 0.113 seconds
[2024-10-22T03:36:32.348+0000] {processor.py:186} INFO - Started process (PID=57101) to work on /home/airflow/.local/lib/python3.12/site-packages/airflow/example_dags/example_kubernetes_executor.py
[2024-10-22T03:36:32.350+0000] {processor.py:914} INFO - Processing file /home/airflow/.local/lib/python3.12/site-packages/airflow/example_dags/example_kubernetes_executor.py for tasks to queue
[2024-10-22T03:36:32.351+0000] {logging_mixin.py:190} INFO - [2024-10-22T03:36:32.351+0000] {dagbag.py:588} INFO - Filling up the DagBag from /home/airflow/.local/lib/python3.12/site-packages/airflow/example_dags/example_kubernetes_executor.py
[2024-10-22T03:36:32.368+0000] {processor.py:925} INFO - DAG(s) 'example_kubernetes_executor' retrieved from /home/airflow/.local/lib/python3.12/site-packages/airflow/example_dags/example_kubernetes_executor.py
[2024-10-22T03:36:32.423+0000] {logging_mixin.py:190} INFO - [2024-10-22T03:36:32.423+0000] {dag.py:3239} INFO - Sync 1 DAGs
[2024-10-22T03:36:32.442+0000] {logging_mixin.py:190} INFO - [2024-10-22T03:36:32.441+0000] {dag.py:4180} INFO - Setting next_dagrun for example_kubernetes_executor to None, run_after=None
[2024-10-22T03:36:32.464+0000] {processor.py:208} INFO - Processing /home/airflow/.local/lib/python3.12/site-packages/airflow/example_dags/example_kubernetes_executor.py took 0.123 seconds
[2024-10-22T03:37:03.148+0000] {processor.py:186} INFO - Started process (PID=57168) to work on /home/airflow/.local/lib/python3.12/site-packages/airflow/example_dags/example_kubernetes_executor.py
[2024-10-22T03:37:03.148+0000] {processor.py:914} INFO - Processing file /home/airflow/.local/lib/python3.12/site-packages/airflow/example_dags/example_kubernetes_executor.py for tasks to queue
[2024-10-22T03:37:03.150+0000] {logging_mixin.py:190} INFO - [2024-10-22T03:37:03.150+0000] {dagbag.py:588} INFO - Filling up the DagBag from /home/airflow/.local/lib/python3.12/site-packages/airflow/example_dags/example_kubernetes_executor.py
[2024-10-22T03:37:03.165+0000] {processor.py:925} INFO - DAG(s) 'example_kubernetes_executor' retrieved from /home/airflow/.local/lib/python3.12/site-packages/airflow/example_dags/example_kubernetes_executor.py
[2024-10-22T03:37:03.226+0000] {logging_mixin.py:190} INFO - [2024-10-22T03:37:03.226+0000] {dag.py:3239} INFO - Sync 1 DAGs
[2024-10-22T03:37:03.242+0000] {logging_mixin.py:190} INFO - [2024-10-22T03:37:03.242+0000] {dag.py:4180} INFO - Setting next_dagrun for example_kubernetes_executor to None, run_after=None
[2024-10-22T03:37:03.264+0000] {processor.py:208} INFO - Processing /home/airflow/.local/lib/python3.12/site-packages/airflow/example_dags/example_kubernetes_executor.py took 0.125 seconds
[2024-10-22T03:37:33.833+0000] {processor.py:186} INFO - Started process (PID=57235) to work on /home/airflow/.local/lib/python3.12/site-packages/airflow/example_dags/example_kubernetes_executor.py
[2024-10-22T03:37:33.834+0000] {processor.py:914} INFO - Processing file /home/airflow/.local/lib/python3.12/site-packages/airflow/example_dags/example_kubernetes_executor.py for tasks to queue
[2024-10-22T03:37:33.835+0000] {logging_mixin.py:190} INFO - [2024-10-22T03:37:33.835+0000] {dagbag.py:588} INFO - Filling up the DagBag from /home/airflow/.local/lib/python3.12/site-packages/airflow/example_dags/example_kubernetes_executor.py
[2024-10-22T03:37:33.850+0000] {processor.py:925} INFO - DAG(s) 'example_kubernetes_executor' retrieved from /home/airflow/.local/lib/python3.12/site-packages/airflow/example_dags/example_kubernetes_executor.py
[2024-10-22T03:37:33.906+0000] {logging_mixin.py:190} INFO - [2024-10-22T03:37:33.906+0000] {dag.py:3239} INFO - Sync 1 DAGs
[2024-10-22T03:37:33.923+0000] {logging_mixin.py:190} INFO - [2024-10-22T03:37:33.923+0000] {dag.py:4180} INFO - Setting next_dagrun for example_kubernetes_executor to None, run_after=None
[2024-10-22T03:37:33.942+0000] {processor.py:208} INFO - Processing /home/airflow/.local/lib/python3.12/site-packages/airflow/example_dags/example_kubernetes_executor.py took 0.117 seconds
[2024-10-22T03:38:04.501+0000] {processor.py:186} INFO - Started process (PID=57308) to work on /home/airflow/.local/lib/python3.12/site-packages/airflow/example_dags/example_kubernetes_executor.py
[2024-10-22T03:38:04.502+0000] {processor.py:914} INFO - Processing file /home/airflow/.local/lib/python3.12/site-packages/airflow/example_dags/example_kubernetes_executor.py for tasks to queue
[2024-10-22T03:38:04.503+0000] {logging_mixin.py:190} INFO - [2024-10-22T03:38:04.503+0000] {dagbag.py:588} INFO - Filling up the DagBag from /home/airflow/.local/lib/python3.12/site-packages/airflow/example_dags/example_kubernetes_executor.py
[2024-10-22T03:38:04.519+0000] {processor.py:925} INFO - DAG(s) 'example_kubernetes_executor' retrieved from /home/airflow/.local/lib/python3.12/site-packages/airflow/example_dags/example_kubernetes_executor.py
[2024-10-22T03:38:04.572+0000] {logging_mixin.py:190} INFO - [2024-10-22T03:38:04.572+0000] {dag.py:3239} INFO - Sync 1 DAGs
[2024-10-22T03:38:04.588+0000] {logging_mixin.py:190} INFO - [2024-10-22T03:38:04.588+0000] {dag.py:4180} INFO - Setting next_dagrun for example_kubernetes_executor to None, run_after=None
[2024-10-22T03:38:04.605+0000] {processor.py:208} INFO - Processing /home/airflow/.local/lib/python3.12/site-packages/airflow/example_dags/example_kubernetes_executor.py took 0.112 seconds
[2024-10-22T03:38:34.687+0000] {processor.py:186} INFO - Started process (PID=57375) to work on /home/airflow/.local/lib/python3.12/site-packages/airflow/example_dags/example_kubernetes_executor.py
[2024-10-22T03:38:34.688+0000] {processor.py:914} INFO - Processing file /home/airflow/.local/lib/python3.12/site-packages/airflow/example_dags/example_kubernetes_executor.py for tasks to queue
[2024-10-22T03:38:34.689+0000] {logging_mixin.py:190} INFO - [2024-10-22T03:38:34.689+0000] {dagbag.py:588} INFO - Filling up the DagBag from /home/airflow/.local/lib/python3.12/site-packages/airflow/example_dags/example_kubernetes_executor.py
[2024-10-22T03:38:34.704+0000] {processor.py:925} INFO - DAG(s) 'example_kubernetes_executor' retrieved from /home/airflow/.local/lib/python3.12/site-packages/airflow/example_dags/example_kubernetes_executor.py
[2024-10-22T03:38:34.761+0000] {logging_mixin.py:190} INFO - [2024-10-22T03:38:34.760+0000] {dag.py:3239} INFO - Sync 1 DAGs
[2024-10-22T03:38:34.778+0000] {logging_mixin.py:190} INFO - [2024-10-22T03:38:34.777+0000] {dag.py:4180} INFO - Setting next_dagrun for example_kubernetes_executor to None, run_after=None
[2024-10-22T03:38:34.795+0000] {processor.py:208} INFO - Processing /home/airflow/.local/lib/python3.12/site-packages/airflow/example_dags/example_kubernetes_executor.py took 0.117 seconds
[2024-10-22T03:39:04.995+0000] {processor.py:186} INFO - Started process (PID=57442) to work on /home/airflow/.local/lib/python3.12/site-packages/airflow/example_dags/example_kubernetes_executor.py
[2024-10-22T03:39:04.996+0000] {processor.py:914} INFO - Processing file /home/airflow/.local/lib/python3.12/site-packages/airflow/example_dags/example_kubernetes_executor.py for tasks to queue
[2024-10-22T03:39:04.997+0000] {logging_mixin.py:190} INFO - [2024-10-22T03:39:04.997+0000] {dagbag.py:588} INFO - Filling up the DagBag from /home/airflow/.local/lib/python3.12/site-packages/airflow/example_dags/example_kubernetes_executor.py
[2024-10-22T03:39:05.012+0000] {processor.py:925} INFO - DAG(s) 'example_kubernetes_executor' retrieved from /home/airflow/.local/lib/python3.12/site-packages/airflow/example_dags/example_kubernetes_executor.py
[2024-10-22T03:39:05.066+0000] {logging_mixin.py:190} INFO - [2024-10-22T03:39:05.065+0000] {dag.py:3239} INFO - Sync 1 DAGs
[2024-10-22T03:39:05.083+0000] {logging_mixin.py:190} INFO - [2024-10-22T03:39:05.083+0000] {dag.py:4180} INFO - Setting next_dagrun for example_kubernetes_executor to None, run_after=None
[2024-10-22T03:39:05.102+0000] {processor.py:208} INFO - Processing /home/airflow/.local/lib/python3.12/site-packages/airflow/example_dags/example_kubernetes_executor.py took 0.114 seconds
[2024-10-22T03:39:35.437+0000] {processor.py:186} INFO - Started process (PID=57509) to work on /home/airflow/.local/lib/python3.12/site-packages/airflow/example_dags/example_kubernetes_executor.py
[2024-10-22T03:39:35.438+0000] {processor.py:914} INFO - Processing file /home/airflow/.local/lib/python3.12/site-packages/airflow/example_dags/example_kubernetes_executor.py for tasks to queue
[2024-10-22T03:39:35.439+0000] {logging_mixin.py:190} INFO - [2024-10-22T03:39:35.439+0000] {dagbag.py:588} INFO - Filling up the DagBag from /home/airflow/.local/lib/python3.12/site-packages/airflow/example_dags/example_kubernetes_executor.py
[2024-10-22T03:39:35.453+0000] {processor.py:925} INFO - DAG(s) 'example_kubernetes_executor' retrieved from /home/airflow/.local/lib/python3.12/site-packages/airflow/example_dags/example_kubernetes_executor.py
[2024-10-22T03:39:35.512+0000] {logging_mixin.py:190} INFO - [2024-10-22T03:39:35.512+0000] {dag.py:3239} INFO - Sync 1 DAGs
[2024-10-22T03:39:35.536+0000] {logging_mixin.py:190} INFO - [2024-10-22T03:39:35.535+0000] {dag.py:4180} INFO - Setting next_dagrun for example_kubernetes_executor to None, run_after=None
[2024-10-22T03:39:35.553+0000] {processor.py:208} INFO - Processing /home/airflow/.local/lib/python3.12/site-packages/airflow/example_dags/example_kubernetes_executor.py took 0.123 seconds
[2024-10-22T03:40:06.438+0000] {processor.py:186} INFO - Started process (PID=57575) to work on /home/airflow/.local/lib/python3.12/site-packages/airflow/example_dags/example_kubernetes_executor.py
[2024-10-22T03:40:06.439+0000] {processor.py:914} INFO - Processing file /home/airflow/.local/lib/python3.12/site-packages/airflow/example_dags/example_kubernetes_executor.py for tasks to queue
[2024-10-22T03:40:06.440+0000] {logging_mixin.py:190} INFO - [2024-10-22T03:40:06.440+0000] {dagbag.py:588} INFO - Filling up the DagBag from /home/airflow/.local/lib/python3.12/site-packages/airflow/example_dags/example_kubernetes_executor.py
[2024-10-22T03:40:06.456+0000] {processor.py:925} INFO - DAG(s) 'example_kubernetes_executor' retrieved from /home/airflow/.local/lib/python3.12/site-packages/airflow/example_dags/example_kubernetes_executor.py
[2024-10-22T03:40:06.509+0000] {logging_mixin.py:190} INFO - [2024-10-22T03:40:06.509+0000] {dag.py:3239} INFO - Sync 1 DAGs
[2024-10-22T03:40:06.525+0000] {logging_mixin.py:190} INFO - [2024-10-22T03:40:06.525+0000] {dag.py:4180} INFO - Setting next_dagrun for example_kubernetes_executor to None, run_after=None
[2024-10-22T03:40:06.544+0000] {processor.py:208} INFO - Processing /home/airflow/.local/lib/python3.12/site-packages/airflow/example_dags/example_kubernetes_executor.py took 0.115 seconds
[2024-10-22T03:40:36.872+0000] {processor.py:186} INFO - Started process (PID=57642) to work on /home/airflow/.local/lib/python3.12/site-packages/airflow/example_dags/example_kubernetes_executor.py
[2024-10-22T03:40:36.873+0000] {processor.py:914} INFO - Processing file /home/airflow/.local/lib/python3.12/site-packages/airflow/example_dags/example_kubernetes_executor.py for tasks to queue
[2024-10-22T03:40:36.875+0000] {logging_mixin.py:190} INFO - [2024-10-22T03:40:36.874+0000] {dagbag.py:588} INFO - Filling up the DagBag from /home/airflow/.local/lib/python3.12/site-packages/airflow/example_dags/example_kubernetes_executor.py
[2024-10-22T03:40:36.890+0000] {processor.py:925} INFO - DAG(s) 'example_kubernetes_executor' retrieved from /home/airflow/.local/lib/python3.12/site-packages/airflow/example_dags/example_kubernetes_executor.py
[2024-10-22T03:40:36.945+0000] {logging_mixin.py:190} INFO - [2024-10-22T03:40:36.945+0000] {dag.py:3239} INFO - Sync 1 DAGs
[2024-10-22T03:40:36.962+0000] {logging_mixin.py:190} INFO - [2024-10-22T03:40:36.961+0000] {dag.py:4180} INFO - Setting next_dagrun for example_kubernetes_executor to None, run_after=None
[2024-10-22T03:40:36.980+0000] {processor.py:208} INFO - Processing /home/airflow/.local/lib/python3.12/site-packages/airflow/example_dags/example_kubernetes_executor.py took 0.115 seconds
[2024-10-22T03:41:07.447+0000] {processor.py:186} INFO - Started process (PID=57709) to work on /home/airflow/.local/lib/python3.12/site-packages/airflow/example_dags/example_kubernetes_executor.py
[2024-10-22T03:41:07.448+0000] {processor.py:914} INFO - Processing file /home/airflow/.local/lib/python3.12/site-packages/airflow/example_dags/example_kubernetes_executor.py for tasks to queue
[2024-10-22T03:41:07.450+0000] {logging_mixin.py:190} INFO - [2024-10-22T03:41:07.450+0000] {dagbag.py:588} INFO - Filling up the DagBag from /home/airflow/.local/lib/python3.12/site-packages/airflow/example_dags/example_kubernetes_executor.py
[2024-10-22T03:41:07.469+0000] {processor.py:925} INFO - DAG(s) 'example_kubernetes_executor' retrieved from /home/airflow/.local/lib/python3.12/site-packages/airflow/example_dags/example_kubernetes_executor.py
[2024-10-22T03:41:07.546+0000] {logging_mixin.py:190} INFO - [2024-10-22T03:41:07.545+0000] {dag.py:3239} INFO - Sync 1 DAGs
[2024-10-22T03:41:07.566+0000] {logging_mixin.py:190} INFO - [2024-10-22T03:41:07.566+0000] {dag.py:4180} INFO - Setting next_dagrun for example_kubernetes_executor to None, run_after=None
[2024-10-22T03:41:07.588+0000] {processor.py:208} INFO - Processing /home/airflow/.local/lib/python3.12/site-packages/airflow/example_dags/example_kubernetes_executor.py took 0.154 seconds
[2024-10-22T03:41:38.583+0000] {processor.py:186} INFO - Started process (PID=57776) to work on /home/airflow/.local/lib/python3.12/site-packages/airflow/example_dags/example_kubernetes_executor.py
[2024-10-22T03:41:38.584+0000] {processor.py:914} INFO - Processing file /home/airflow/.local/lib/python3.12/site-packages/airflow/example_dags/example_kubernetes_executor.py for tasks to queue
[2024-10-22T03:41:38.586+0000] {logging_mixin.py:190} INFO - [2024-10-22T03:41:38.585+0000] {dagbag.py:588} INFO - Filling up the DagBag from /home/airflow/.local/lib/python3.12/site-packages/airflow/example_dags/example_kubernetes_executor.py
[2024-10-22T03:41:38.603+0000] {processor.py:925} INFO - DAG(s) 'example_kubernetes_executor' retrieved from /home/airflow/.local/lib/python3.12/site-packages/airflow/example_dags/example_kubernetes_executor.py
[2024-10-22T03:41:38.659+0000] {logging_mixin.py:190} INFO - [2024-10-22T03:41:38.659+0000] {dag.py:3239} INFO - Sync 1 DAGs
[2024-10-22T03:41:38.676+0000] {logging_mixin.py:190} INFO - [2024-10-22T03:41:38.676+0000] {dag.py:4180} INFO - Setting next_dagrun for example_kubernetes_executor to None, run_after=None
[2024-10-22T03:41:38.697+0000] {processor.py:208} INFO - Processing /home/airflow/.local/lib/python3.12/site-packages/airflow/example_dags/example_kubernetes_executor.py took 0.121 seconds
[2024-10-22T03:42:09.130+0000] {processor.py:186} INFO - Started process (PID=57844) to work on /home/airflow/.local/lib/python3.12/site-packages/airflow/example_dags/example_kubernetes_executor.py
[2024-10-22T03:42:09.131+0000] {processor.py:914} INFO - Processing file /home/airflow/.local/lib/python3.12/site-packages/airflow/example_dags/example_kubernetes_executor.py for tasks to queue
[2024-10-22T03:42:09.132+0000] {logging_mixin.py:190} INFO - [2024-10-22T03:42:09.132+0000] {dagbag.py:588} INFO - Filling up the DagBag from /home/airflow/.local/lib/python3.12/site-packages/airflow/example_dags/example_kubernetes_executor.py
[2024-10-22T03:42:09.148+0000] {processor.py:925} INFO - DAG(s) 'example_kubernetes_executor' retrieved from /home/airflow/.local/lib/python3.12/site-packages/airflow/example_dags/example_kubernetes_executor.py
[2024-10-22T03:42:09.220+0000] {logging_mixin.py:190} INFO - [2024-10-22T03:42:09.219+0000] {dag.py:3239} INFO - Sync 1 DAGs
[2024-10-22T03:42:09.238+0000] {logging_mixin.py:190} INFO - [2024-10-22T03:42:09.237+0000] {dag.py:4180} INFO - Setting next_dagrun for example_kubernetes_executor to None, run_after=None
[2024-10-22T03:42:09.259+0000] {processor.py:208} INFO - Processing /home/airflow/.local/lib/python3.12/site-packages/airflow/example_dags/example_kubernetes_executor.py took 0.137 seconds
[2024-10-22T03:42:39.481+0000] {processor.py:186} INFO - Started process (PID=57910) to work on /home/airflow/.local/lib/python3.12/site-packages/airflow/example_dags/example_kubernetes_executor.py
[2024-10-22T03:42:39.482+0000] {processor.py:914} INFO - Processing file /home/airflow/.local/lib/python3.12/site-packages/airflow/example_dags/example_kubernetes_executor.py for tasks to queue
[2024-10-22T03:42:39.483+0000] {logging_mixin.py:190} INFO - [2024-10-22T03:42:39.483+0000] {dagbag.py:588} INFO - Filling up the DagBag from /home/airflow/.local/lib/python3.12/site-packages/airflow/example_dags/example_kubernetes_executor.py
[2024-10-22T03:42:39.501+0000] {processor.py:925} INFO - DAG(s) 'example_kubernetes_executor' retrieved from /home/airflow/.local/lib/python3.12/site-packages/airflow/example_dags/example_kubernetes_executor.py
[2024-10-22T03:42:39.562+0000] {logging_mixin.py:190} INFO - [2024-10-22T03:42:39.562+0000] {dag.py:3239} INFO - Sync 1 DAGs
[2024-10-22T03:42:39.581+0000] {logging_mixin.py:190} INFO - [2024-10-22T03:42:39.581+0000] {dag.py:4180} INFO - Setting next_dagrun for example_kubernetes_executor to None, run_after=None
[2024-10-22T03:42:39.605+0000] {processor.py:208} INFO - Processing /home/airflow/.local/lib/python3.12/site-packages/airflow/example_dags/example_kubernetes_executor.py took 0.133 seconds
[2024-10-22T03:43:10.647+0000] {processor.py:186} INFO - Started process (PID=57978) to work on /home/airflow/.local/lib/python3.12/site-packages/airflow/example_dags/example_kubernetes_executor.py
[2024-10-22T03:43:10.648+0000] {processor.py:914} INFO - Processing file /home/airflow/.local/lib/python3.12/site-packages/airflow/example_dags/example_kubernetes_executor.py for tasks to queue
[2024-10-22T03:43:10.649+0000] {logging_mixin.py:190} INFO - [2024-10-22T03:43:10.649+0000] {dagbag.py:588} INFO - Filling up the DagBag from /home/airflow/.local/lib/python3.12/site-packages/airflow/example_dags/example_kubernetes_executor.py
[2024-10-22T03:43:10.664+0000] {processor.py:925} INFO - DAG(s) 'example_kubernetes_executor' retrieved from /home/airflow/.local/lib/python3.12/site-packages/airflow/example_dags/example_kubernetes_executor.py
[2024-10-22T03:43:10.723+0000] {logging_mixin.py:190} INFO - [2024-10-22T03:43:10.722+0000] {dag.py:3239} INFO - Sync 1 DAGs
[2024-10-22T03:43:10.740+0000] {logging_mixin.py:190} INFO - [2024-10-22T03:43:10.740+0000] {dag.py:4180} INFO - Setting next_dagrun for example_kubernetes_executor to None, run_after=None
[2024-10-22T03:43:10.757+0000] {processor.py:208} INFO - Processing /home/airflow/.local/lib/python3.12/site-packages/airflow/example_dags/example_kubernetes_executor.py took 0.118 seconds
[2024-10-22T03:43:41.203+0000] {processor.py:186} INFO - Started process (PID=58045) to work on /home/airflow/.local/lib/python3.12/site-packages/airflow/example_dags/example_kubernetes_executor.py
[2024-10-22T03:43:41.204+0000] {processor.py:914} INFO - Processing file /home/airflow/.local/lib/python3.12/site-packages/airflow/example_dags/example_kubernetes_executor.py for tasks to queue
[2024-10-22T03:43:41.206+0000] {logging_mixin.py:190} INFO - [2024-10-22T03:43:41.205+0000] {dagbag.py:588} INFO - Filling up the DagBag from /home/airflow/.local/lib/python3.12/site-packages/airflow/example_dags/example_kubernetes_executor.py
[2024-10-22T03:43:41.221+0000] {processor.py:925} INFO - DAG(s) 'example_kubernetes_executor' retrieved from /home/airflow/.local/lib/python3.12/site-packages/airflow/example_dags/example_kubernetes_executor.py
[2024-10-22T03:43:41.276+0000] {logging_mixin.py:190} INFO - [2024-10-22T03:43:41.276+0000] {dag.py:3239} INFO - Sync 1 DAGs
[2024-10-22T03:43:41.293+0000] {logging_mixin.py:190} INFO - [2024-10-22T03:43:41.293+0000] {dag.py:4180} INFO - Setting next_dagrun for example_kubernetes_executor to None, run_after=None
[2024-10-22T03:43:41.323+0000] {processor.py:208} INFO - Processing /home/airflow/.local/lib/python3.12/site-packages/airflow/example_dags/example_kubernetes_executor.py took 0.127 seconds
[2024-10-22T03:44:12.000+0000] {processor.py:186} INFO - Started process (PID=58112) to work on /home/airflow/.local/lib/python3.12/site-packages/airflow/example_dags/example_kubernetes_executor.py
[2024-10-22T03:44:12.001+0000] {processor.py:914} INFO - Processing file /home/airflow/.local/lib/python3.12/site-packages/airflow/example_dags/example_kubernetes_executor.py for tasks to queue
[2024-10-22T03:44:12.003+0000] {logging_mixin.py:190} INFO - [2024-10-22T03:44:12.002+0000] {dagbag.py:588} INFO - Filling up the DagBag from /home/airflow/.local/lib/python3.12/site-packages/airflow/example_dags/example_kubernetes_executor.py
[2024-10-22T03:44:12.024+0000] {processor.py:925} INFO - DAG(s) 'example_kubernetes_executor' retrieved from /home/airflow/.local/lib/python3.12/site-packages/airflow/example_dags/example_kubernetes_executor.py
[2024-10-22T03:44:12.088+0000] {logging_mixin.py:190} INFO - [2024-10-22T03:44:12.088+0000] {dag.py:3239} INFO - Sync 1 DAGs
[2024-10-22T03:44:12.106+0000] {logging_mixin.py:190} INFO - [2024-10-22T03:44:12.106+0000] {dag.py:4180} INFO - Setting next_dagrun for example_kubernetes_executor to None, run_after=None
[2024-10-22T03:44:12.126+0000] {processor.py:208} INFO - Processing /home/airflow/.local/lib/python3.12/site-packages/airflow/example_dags/example_kubernetes_executor.py took 0.135 seconds
[2024-10-22T03:44:42.473+0000] {processor.py:186} INFO - Started process (PID=58179) to work on /home/airflow/.local/lib/python3.12/site-packages/airflow/example_dags/example_kubernetes_executor.py
[2024-10-22T03:44:42.474+0000] {processor.py:914} INFO - Processing file /home/airflow/.local/lib/python3.12/site-packages/airflow/example_dags/example_kubernetes_executor.py for tasks to queue
[2024-10-22T03:44:42.475+0000] {logging_mixin.py:190} INFO - [2024-10-22T03:44:42.475+0000] {dagbag.py:588} INFO - Filling up the DagBag from /home/airflow/.local/lib/python3.12/site-packages/airflow/example_dags/example_kubernetes_executor.py
[2024-10-22T03:44:42.489+0000] {processor.py:925} INFO - DAG(s) 'example_kubernetes_executor' retrieved from /home/airflow/.local/lib/python3.12/site-packages/airflow/example_dags/example_kubernetes_executor.py
[2024-10-22T03:44:42.542+0000] {logging_mixin.py:190} INFO - [2024-10-22T03:44:42.542+0000] {dag.py:3239} INFO - Sync 1 DAGs
[2024-10-22T03:44:42.559+0000] {logging_mixin.py:190} INFO - [2024-10-22T03:44:42.559+0000] {dag.py:4180} INFO - Setting next_dagrun for example_kubernetes_executor to None, run_after=None
[2024-10-22T03:44:42.577+0000] {processor.py:208} INFO - Processing /home/airflow/.local/lib/python3.12/site-packages/airflow/example_dags/example_kubernetes_executor.py took 0.111 seconds
[2024-10-22T03:45:12.732+0000] {processor.py:186} INFO - Started process (PID=58246) to work on /home/airflow/.local/lib/python3.12/site-packages/airflow/example_dags/example_kubernetes_executor.py
[2024-10-22T03:45:12.734+0000] {processor.py:914} INFO - Processing file /home/airflow/.local/lib/python3.12/site-packages/airflow/example_dags/example_kubernetes_executor.py for tasks to queue
[2024-10-22T03:45:12.736+0000] {logging_mixin.py:190} INFO - [2024-10-22T03:45:12.735+0000] {dagbag.py:588} INFO - Filling up the DagBag from /home/airflow/.local/lib/python3.12/site-packages/airflow/example_dags/example_kubernetes_executor.py
[2024-10-22T03:45:12.752+0000] {processor.py:925} INFO - DAG(s) 'example_kubernetes_executor' retrieved from /home/airflow/.local/lib/python3.12/site-packages/airflow/example_dags/example_kubernetes_executor.py
[2024-10-22T03:45:12.813+0000] {logging_mixin.py:190} INFO - [2024-10-22T03:45:12.812+0000] {dag.py:3239} INFO - Sync 1 DAGs
[2024-10-22T03:45:12.832+0000] {logging_mixin.py:190} INFO - [2024-10-22T03:45:12.832+0000] {dag.py:4180} INFO - Setting next_dagrun for example_kubernetes_executor to None, run_after=None
[2024-10-22T03:45:12.851+0000] {processor.py:208} INFO - Processing /home/airflow/.local/lib/python3.12/site-packages/airflow/example_dags/example_kubernetes_executor.py took 0.128 seconds
[2024-10-22T03:45:43.205+0000] {processor.py:186} INFO - Started process (PID=58312) to work on /home/airflow/.local/lib/python3.12/site-packages/airflow/example_dags/example_kubernetes_executor.py
[2024-10-22T03:45:43.206+0000] {processor.py:914} INFO - Processing file /home/airflow/.local/lib/python3.12/site-packages/airflow/example_dags/example_kubernetes_executor.py for tasks to queue
[2024-10-22T03:45:43.208+0000] {logging_mixin.py:190} INFO - [2024-10-22T03:45:43.207+0000] {dagbag.py:588} INFO - Filling up the DagBag from /home/airflow/.local/lib/python3.12/site-packages/airflow/example_dags/example_kubernetes_executor.py
[2024-10-22T03:45:43.222+0000] {processor.py:925} INFO - DAG(s) 'example_kubernetes_executor' retrieved from /home/airflow/.local/lib/python3.12/site-packages/airflow/example_dags/example_kubernetes_executor.py
[2024-10-22T03:45:43.277+0000] {logging_mixin.py:190} INFO - [2024-10-22T03:45:43.276+0000] {dag.py:3239} INFO - Sync 1 DAGs
[2024-10-22T03:45:43.293+0000] {logging_mixin.py:190} INFO - [2024-10-22T03:45:43.293+0000] {dag.py:4180} INFO - Setting next_dagrun for example_kubernetes_executor to None, run_after=None
[2024-10-22T03:45:43.313+0000] {processor.py:208} INFO - Processing /home/airflow/.local/lib/python3.12/site-packages/airflow/example_dags/example_kubernetes_executor.py took 0.115 seconds
[2024-10-22T03:46:14.211+0000] {processor.py:186} INFO - Started process (PID=58379) to work on /home/airflow/.local/lib/python3.12/site-packages/airflow/example_dags/example_kubernetes_executor.py
[2024-10-22T03:46:14.212+0000] {processor.py:914} INFO - Processing file /home/airflow/.local/lib/python3.12/site-packages/airflow/example_dags/example_kubernetes_executor.py for tasks to queue
[2024-10-22T03:46:14.214+0000] {logging_mixin.py:190} INFO - [2024-10-22T03:46:14.213+0000] {dagbag.py:588} INFO - Filling up the DagBag from /home/airflow/.local/lib/python3.12/site-packages/airflow/example_dags/example_kubernetes_executor.py
[2024-10-22T03:46:14.228+0000] {processor.py:925} INFO - DAG(s) 'example_kubernetes_executor' retrieved from /home/airflow/.local/lib/python3.12/site-packages/airflow/example_dags/example_kubernetes_executor.py
[2024-10-22T03:46:14.282+0000] {logging_mixin.py:190} INFO - [2024-10-22T03:46:14.281+0000] {dag.py:3239} INFO - Sync 1 DAGs
[2024-10-22T03:46:14.297+0000] {logging_mixin.py:190} INFO - [2024-10-22T03:46:14.297+0000] {dag.py:4180} INFO - Setting next_dagrun for example_kubernetes_executor to None, run_after=None
[2024-10-22T03:46:14.315+0000] {processor.py:208} INFO - Processing /home/airflow/.local/lib/python3.12/site-packages/airflow/example_dags/example_kubernetes_executor.py took 0.111 seconds
[2024-10-22T03:46:44.775+0000] {processor.py:186} INFO - Started process (PID=58446) to work on /home/airflow/.local/lib/python3.12/site-packages/airflow/example_dags/example_kubernetes_executor.py
[2024-10-22T03:46:44.776+0000] {processor.py:914} INFO - Processing file /home/airflow/.local/lib/python3.12/site-packages/airflow/example_dags/example_kubernetes_executor.py for tasks to queue
[2024-10-22T03:46:44.778+0000] {logging_mixin.py:190} INFO - [2024-10-22T03:46:44.777+0000] {dagbag.py:588} INFO - Filling up the DagBag from /home/airflow/.local/lib/python3.12/site-packages/airflow/example_dags/example_kubernetes_executor.py
[2024-10-22T03:46:44.792+0000] {processor.py:925} INFO - DAG(s) 'example_kubernetes_executor' retrieved from /home/airflow/.local/lib/python3.12/site-packages/airflow/example_dags/example_kubernetes_executor.py
[2024-10-22T03:46:44.844+0000] {logging_mixin.py:190} INFO - [2024-10-22T03:46:44.844+0000] {dag.py:3239} INFO - Sync 1 DAGs
[2024-10-22T03:46:44.860+0000] {logging_mixin.py:190} INFO - [2024-10-22T03:46:44.860+0000] {dag.py:4180} INFO - Setting next_dagrun for example_kubernetes_executor to None, run_after=None
[2024-10-22T03:46:44.877+0000] {processor.py:208} INFO - Processing /home/airflow/.local/lib/python3.12/site-packages/airflow/example_dags/example_kubernetes_executor.py took 0.110 seconds
[2024-10-22T03:47:14.924+0000] {processor.py:186} INFO - Started process (PID=58512) to work on /home/airflow/.local/lib/python3.12/site-packages/airflow/example_dags/example_kubernetes_executor.py
[2024-10-22T03:47:14.925+0000] {processor.py:914} INFO - Processing file /home/airflow/.local/lib/python3.12/site-packages/airflow/example_dags/example_kubernetes_executor.py for tasks to queue
[2024-10-22T03:47:14.926+0000] {logging_mixin.py:190} INFO - [2024-10-22T03:47:14.926+0000] {dagbag.py:588} INFO - Filling up the DagBag from /home/airflow/.local/lib/python3.12/site-packages/airflow/example_dags/example_kubernetes_executor.py
[2024-10-22T03:47:14.941+0000] {processor.py:925} INFO - DAG(s) 'example_kubernetes_executor' retrieved from /home/airflow/.local/lib/python3.12/site-packages/airflow/example_dags/example_kubernetes_executor.py
[2024-10-22T03:47:14.993+0000] {logging_mixin.py:190} INFO - [2024-10-22T03:47:14.993+0000] {dag.py:3239} INFO - Sync 1 DAGs
[2024-10-22T03:47:15.008+0000] {logging_mixin.py:190} INFO - [2024-10-22T03:47:15.008+0000] {dag.py:4180} INFO - Setting next_dagrun for example_kubernetes_executor to None, run_after=None
[2024-10-22T03:47:15.026+0000] {processor.py:208} INFO - Processing /home/airflow/.local/lib/python3.12/site-packages/airflow/example_dags/example_kubernetes_executor.py took 0.109 seconds
[2024-10-22T03:47:45.509+0000] {processor.py:186} INFO - Started process (PID=58580) to work on /home/airflow/.local/lib/python3.12/site-packages/airflow/example_dags/example_kubernetes_executor.py
[2024-10-22T03:47:45.511+0000] {processor.py:914} INFO - Processing file /home/airflow/.local/lib/python3.12/site-packages/airflow/example_dags/example_kubernetes_executor.py for tasks to queue
[2024-10-22T03:47:45.512+0000] {logging_mixin.py:190} INFO - [2024-10-22T03:47:45.512+0000] {dagbag.py:588} INFO - Filling up the DagBag from /home/airflow/.local/lib/python3.12/site-packages/airflow/example_dags/example_kubernetes_executor.py
[2024-10-22T03:47:45.526+0000] {processor.py:925} INFO - DAG(s) 'example_kubernetes_executor' retrieved from /home/airflow/.local/lib/python3.12/site-packages/airflow/example_dags/example_kubernetes_executor.py
[2024-10-22T03:47:45.581+0000] {logging_mixin.py:190} INFO - [2024-10-22T03:47:45.580+0000] {dag.py:3239} INFO - Sync 1 DAGs
[2024-10-22T03:47:45.599+0000] {logging_mixin.py:190} INFO - [2024-10-22T03:47:45.599+0000] {dag.py:4180} INFO - Setting next_dagrun for example_kubernetes_executor to None, run_after=None
[2024-10-22T03:47:45.618+0000] {processor.py:208} INFO - Processing /home/airflow/.local/lib/python3.12/site-packages/airflow/example_dags/example_kubernetes_executor.py took 0.117 seconds
[2024-10-22T03:48:16.105+0000] {processor.py:186} INFO - Started process (PID=58646) to work on /home/airflow/.local/lib/python3.12/site-packages/airflow/example_dags/example_kubernetes_executor.py
[2024-10-22T03:48:16.106+0000] {processor.py:914} INFO - Processing file /home/airflow/.local/lib/python3.12/site-packages/airflow/example_dags/example_kubernetes_executor.py for tasks to queue
[2024-10-22T03:48:16.107+0000] {logging_mixin.py:190} INFO - [2024-10-22T03:48:16.107+0000] {dagbag.py:588} INFO - Filling up the DagBag from /home/airflow/.local/lib/python3.12/site-packages/airflow/example_dags/example_kubernetes_executor.py
[2024-10-22T03:48:16.122+0000] {processor.py:925} INFO - DAG(s) 'example_kubernetes_executor' retrieved from /home/airflow/.local/lib/python3.12/site-packages/airflow/example_dags/example_kubernetes_executor.py
[2024-10-22T03:48:16.175+0000] {logging_mixin.py:190} INFO - [2024-10-22T03:48:16.175+0000] {dag.py:3239} INFO - Sync 1 DAGs
[2024-10-22T03:48:16.200+0000] {logging_mixin.py:190} INFO - [2024-10-22T03:48:16.200+0000] {dag.py:4180} INFO - Setting next_dagrun for example_kubernetes_executor to None, run_after=None
[2024-10-22T03:48:16.228+0000] {processor.py:208} INFO - Processing /home/airflow/.local/lib/python3.12/site-packages/airflow/example_dags/example_kubernetes_executor.py took 0.131 seconds
[2024-10-22T03:48:46.335+0000] {processor.py:186} INFO - Started process (PID=58712) to work on /home/airflow/.local/lib/python3.12/site-packages/airflow/example_dags/example_kubernetes_executor.py
[2024-10-22T03:48:46.336+0000] {processor.py:914} INFO - Processing file /home/airflow/.local/lib/python3.12/site-packages/airflow/example_dags/example_kubernetes_executor.py for tasks to queue
[2024-10-22T03:48:46.337+0000] {logging_mixin.py:190} INFO - [2024-10-22T03:48:46.337+0000] {dagbag.py:588} INFO - Filling up the DagBag from /home/airflow/.local/lib/python3.12/site-packages/airflow/example_dags/example_kubernetes_executor.py
[2024-10-22T03:48:46.353+0000] {processor.py:925} INFO - DAG(s) 'example_kubernetes_executor' retrieved from /home/airflow/.local/lib/python3.12/site-packages/airflow/example_dags/example_kubernetes_executor.py
[2024-10-22T03:48:46.411+0000] {logging_mixin.py:190} INFO - [2024-10-22T03:48:46.411+0000] {dag.py:3239} INFO - Sync 1 DAGs
[2024-10-22T03:48:46.426+0000] {logging_mixin.py:190} INFO - [2024-10-22T03:48:46.426+0000] {dag.py:4180} INFO - Setting next_dagrun for example_kubernetes_executor to None, run_after=None
[2024-10-22T03:48:46.443+0000] {processor.py:208} INFO - Processing /home/airflow/.local/lib/python3.12/site-packages/airflow/example_dags/example_kubernetes_executor.py took 0.120 seconds
[2024-10-22T03:49:16.630+0000] {processor.py:186} INFO - Started process (PID=58779) to work on /home/airflow/.local/lib/python3.12/site-packages/airflow/example_dags/example_kubernetes_executor.py
[2024-10-22T03:49:16.631+0000] {processor.py:914} INFO - Processing file /home/airflow/.local/lib/python3.12/site-packages/airflow/example_dags/example_kubernetes_executor.py for tasks to queue
[2024-10-22T03:49:16.633+0000] {logging_mixin.py:190} INFO - [2024-10-22T03:49:16.632+0000] {dagbag.py:588} INFO - Filling up the DagBag from /home/airflow/.local/lib/python3.12/site-packages/airflow/example_dags/example_kubernetes_executor.py
[2024-10-22T03:49:16.647+0000] {processor.py:925} INFO - DAG(s) 'example_kubernetes_executor' retrieved from /home/airflow/.local/lib/python3.12/site-packages/airflow/example_dags/example_kubernetes_executor.py
[2024-10-22T03:49:16.701+0000] {logging_mixin.py:190} INFO - [2024-10-22T03:49:16.701+0000] {dag.py:3239} INFO - Sync 1 DAGs
[2024-10-22T03:49:16.717+0000] {logging_mixin.py:190} INFO - [2024-10-22T03:49:16.716+0000] {dag.py:4180} INFO - Setting next_dagrun for example_kubernetes_executor to None, run_after=None
[2024-10-22T03:49:16.735+0000] {processor.py:208} INFO - Processing /home/airflow/.local/lib/python3.12/site-packages/airflow/example_dags/example_kubernetes_executor.py took 0.113 seconds
[2024-10-22T03:49:47.043+0000] {processor.py:186} INFO - Started process (PID=58846) to work on /home/airflow/.local/lib/python3.12/site-packages/airflow/example_dags/example_kubernetes_executor.py
[2024-10-22T03:49:47.044+0000] {processor.py:914} INFO - Processing file /home/airflow/.local/lib/python3.12/site-packages/airflow/example_dags/example_kubernetes_executor.py for tasks to queue
[2024-10-22T03:49:47.045+0000] {logging_mixin.py:190} INFO - [2024-10-22T03:49:47.045+0000] {dagbag.py:588} INFO - Filling up the DagBag from /home/airflow/.local/lib/python3.12/site-packages/airflow/example_dags/example_kubernetes_executor.py
[2024-10-22T03:49:47.060+0000] {processor.py:925} INFO - DAG(s) 'example_kubernetes_executor' retrieved from /home/airflow/.local/lib/python3.12/site-packages/airflow/example_dags/example_kubernetes_executor.py
[2024-10-22T03:49:47.114+0000] {logging_mixin.py:190} INFO - [2024-10-22T03:49:47.114+0000] {dag.py:3239} INFO - Sync 1 DAGs
[2024-10-22T03:49:47.130+0000] {logging_mixin.py:190} INFO - [2024-10-22T03:49:47.130+0000] {dag.py:4180} INFO - Setting next_dagrun for example_kubernetes_executor to None, run_after=None
[2024-10-22T03:49:47.149+0000] {processor.py:208} INFO - Processing /home/airflow/.local/lib/python3.12/site-packages/airflow/example_dags/example_kubernetes_executor.py took 0.114 seconds
[2024-10-22T03:50:17.478+0000] {processor.py:186} INFO - Started process (PID=58913) to work on /home/airflow/.local/lib/python3.12/site-packages/airflow/example_dags/example_kubernetes_executor.py
[2024-10-22T03:50:17.479+0000] {processor.py:914} INFO - Processing file /home/airflow/.local/lib/python3.12/site-packages/airflow/example_dags/example_kubernetes_executor.py for tasks to queue
[2024-10-22T03:50:17.481+0000] {logging_mixin.py:190} INFO - [2024-10-22T03:50:17.480+0000] {dagbag.py:588} INFO - Filling up the DagBag from /home/airflow/.local/lib/python3.12/site-packages/airflow/example_dags/example_kubernetes_executor.py
[2024-10-22T03:50:17.495+0000] {processor.py:925} INFO - DAG(s) 'example_kubernetes_executor' retrieved from /home/airflow/.local/lib/python3.12/site-packages/airflow/example_dags/example_kubernetes_executor.py
[2024-10-22T03:50:17.550+0000] {logging_mixin.py:190} INFO - [2024-10-22T03:50:17.549+0000] {dag.py:3239} INFO - Sync 1 DAGs
[2024-10-22T03:50:17.567+0000] {logging_mixin.py:190} INFO - [2024-10-22T03:50:17.567+0000] {dag.py:4180} INFO - Setting next_dagrun for example_kubernetes_executor to None, run_after=None
[2024-10-22T03:50:17.585+0000] {processor.py:208} INFO - Processing /home/airflow/.local/lib/python3.12/site-packages/airflow/example_dags/example_kubernetes_executor.py took 0.115 seconds
[2024-10-22T03:50:48.317+0000] {processor.py:186} INFO - Started process (PID=58980) to work on /home/airflow/.local/lib/python3.12/site-packages/airflow/example_dags/example_kubernetes_executor.py
[2024-10-22T03:50:48.319+0000] {processor.py:914} INFO - Processing file /home/airflow/.local/lib/python3.12/site-packages/airflow/example_dags/example_kubernetes_executor.py for tasks to queue
[2024-10-22T03:50:48.320+0000] {logging_mixin.py:190} INFO - [2024-10-22T03:50:48.320+0000] {dagbag.py:588} INFO - Filling up the DagBag from /home/airflow/.local/lib/python3.12/site-packages/airflow/example_dags/example_kubernetes_executor.py
[2024-10-22T03:50:48.337+0000] {processor.py:925} INFO - DAG(s) 'example_kubernetes_executor' retrieved from /home/airflow/.local/lib/python3.12/site-packages/airflow/example_dags/example_kubernetes_executor.py
[2024-10-22T03:50:48.420+0000] {logging_mixin.py:190} INFO - [2024-10-22T03:50:48.419+0000] {dag.py:3239} INFO - Sync 1 DAGs
[2024-10-22T03:50:48.441+0000] {logging_mixin.py:190} INFO - [2024-10-22T03:50:48.441+0000] {dag.py:4180} INFO - Setting next_dagrun for example_kubernetes_executor to None, run_after=None
[2024-10-22T03:50:48.464+0000] {processor.py:208} INFO - Processing /home/airflow/.local/lib/python3.12/site-packages/airflow/example_dags/example_kubernetes_executor.py took 0.155 seconds
[2024-10-22T03:51:18.567+0000] {processor.py:186} INFO - Started process (PID=59046) to work on /home/airflow/.local/lib/python3.12/site-packages/airflow/example_dags/example_kubernetes_executor.py
[2024-10-22T03:51:18.568+0000] {processor.py:914} INFO - Processing file /home/airflow/.local/lib/python3.12/site-packages/airflow/example_dags/example_kubernetes_executor.py for tasks to queue
[2024-10-22T03:51:18.570+0000] {logging_mixin.py:190} INFO - [2024-10-22T03:51:18.569+0000] {dagbag.py:588} INFO - Filling up the DagBag from /home/airflow/.local/lib/python3.12/site-packages/airflow/example_dags/example_kubernetes_executor.py
[2024-10-22T03:51:18.584+0000] {processor.py:925} INFO - DAG(s) 'example_kubernetes_executor' retrieved from /home/airflow/.local/lib/python3.12/site-packages/airflow/example_dags/example_kubernetes_executor.py
[2024-10-22T03:51:18.638+0000] {logging_mixin.py:190} INFO - [2024-10-22T03:51:18.638+0000] {dag.py:3239} INFO - Sync 1 DAGs
[2024-10-22T03:51:18.654+0000] {logging_mixin.py:190} INFO - [2024-10-22T03:51:18.654+0000] {dag.py:4180} INFO - Setting next_dagrun for example_kubernetes_executor to None, run_after=None
[2024-10-22T03:51:18.681+0000] {processor.py:208} INFO - Processing /home/airflow/.local/lib/python3.12/site-packages/airflow/example_dags/example_kubernetes_executor.py took 0.122 seconds
[2024-10-22T03:51:49.480+0000] {processor.py:186} INFO - Started process (PID=59114) to work on /home/airflow/.local/lib/python3.12/site-packages/airflow/example_dags/example_kubernetes_executor.py
[2024-10-22T03:51:49.481+0000] {processor.py:914} INFO - Processing file /home/airflow/.local/lib/python3.12/site-packages/airflow/example_dags/example_kubernetes_executor.py for tasks to queue
[2024-10-22T03:51:49.483+0000] {logging_mixin.py:190} INFO - [2024-10-22T03:51:49.482+0000] {dagbag.py:588} INFO - Filling up the DagBag from /home/airflow/.local/lib/python3.12/site-packages/airflow/example_dags/example_kubernetes_executor.py
[2024-10-22T03:51:49.498+0000] {processor.py:925} INFO - DAG(s) 'example_kubernetes_executor' retrieved from /home/airflow/.local/lib/python3.12/site-packages/airflow/example_dags/example_kubernetes_executor.py
[2024-10-22T03:51:49.555+0000] {logging_mixin.py:190} INFO - [2024-10-22T03:51:49.555+0000] {dag.py:3239} INFO - Sync 1 DAGs
[2024-10-22T03:51:49.571+0000] {logging_mixin.py:190} INFO - [2024-10-22T03:51:49.571+0000] {dag.py:4180} INFO - Setting next_dagrun for example_kubernetes_executor to None, run_after=None
[2024-10-22T03:51:49.590+0000] {processor.py:208} INFO - Processing /home/airflow/.local/lib/python3.12/site-packages/airflow/example_dags/example_kubernetes_executor.py took 0.119 seconds
[2024-10-22T03:52:19.811+0000] {processor.py:186} INFO - Started process (PID=59180) to work on /home/airflow/.local/lib/python3.12/site-packages/airflow/example_dags/example_kubernetes_executor.py
[2024-10-22T03:52:19.813+0000] {processor.py:914} INFO - Processing file /home/airflow/.local/lib/python3.12/site-packages/airflow/example_dags/example_kubernetes_executor.py for tasks to queue
[2024-10-22T03:52:19.814+0000] {logging_mixin.py:190} INFO - [2024-10-22T03:52:19.814+0000] {dagbag.py:588} INFO - Filling up the DagBag from /home/airflow/.local/lib/python3.12/site-packages/airflow/example_dags/example_kubernetes_executor.py
[2024-10-22T03:52:19.829+0000] {processor.py:925} INFO - DAG(s) 'example_kubernetes_executor' retrieved from /home/airflow/.local/lib/python3.12/site-packages/airflow/example_dags/example_kubernetes_executor.py
[2024-10-22T03:52:19.882+0000] {logging_mixin.py:190} INFO - [2024-10-22T03:52:19.882+0000] {dag.py:3239} INFO - Sync 1 DAGs
[2024-10-22T03:52:19.900+0000] {logging_mixin.py:190} INFO - [2024-10-22T03:52:19.900+0000] {dag.py:4180} INFO - Setting next_dagrun for example_kubernetes_executor to None, run_after=None
[2024-10-22T03:52:19.920+0000] {processor.py:208} INFO - Processing /home/airflow/.local/lib/python3.12/site-packages/airflow/example_dags/example_kubernetes_executor.py took 0.118 seconds
[2024-10-22T03:52:50.760+0000] {processor.py:186} INFO - Started process (PID=59248) to work on /home/airflow/.local/lib/python3.12/site-packages/airflow/example_dags/example_kubernetes_executor.py
[2024-10-22T03:52:50.761+0000] {processor.py:914} INFO - Processing file /home/airflow/.local/lib/python3.12/site-packages/airflow/example_dags/example_kubernetes_executor.py for tasks to queue
[2024-10-22T03:52:50.763+0000] {logging_mixin.py:190} INFO - [2024-10-22T03:52:50.762+0000] {dagbag.py:588} INFO - Filling up the DagBag from /home/airflow/.local/lib/python3.12/site-packages/airflow/example_dags/example_kubernetes_executor.py
[2024-10-22T03:52:50.779+0000] {processor.py:925} INFO - DAG(s) 'example_kubernetes_executor' retrieved from /home/airflow/.local/lib/python3.12/site-packages/airflow/example_dags/example_kubernetes_executor.py
[2024-10-22T03:52:50.837+0000] {logging_mixin.py:190} INFO - [2024-10-22T03:52:50.837+0000] {dag.py:3239} INFO - Sync 1 DAGs
[2024-10-22T03:52:50.853+0000] {logging_mixin.py:190} INFO - [2024-10-22T03:52:50.853+0000] {dag.py:4180} INFO - Setting next_dagrun for example_kubernetes_executor to None, run_after=None
[2024-10-22T03:52:50.874+0000] {processor.py:208} INFO - Processing /home/airflow/.local/lib/python3.12/site-packages/airflow/example_dags/example_kubernetes_executor.py took 0.121 seconds
[2024-10-22T03:53:21.674+0000] {processor.py:186} INFO - Started process (PID=59315) to work on /home/airflow/.local/lib/python3.12/site-packages/airflow/example_dags/example_kubernetes_executor.py
[2024-10-22T03:53:21.676+0000] {processor.py:914} INFO - Processing file /home/airflow/.local/lib/python3.12/site-packages/airflow/example_dags/example_kubernetes_executor.py for tasks to queue
[2024-10-22T03:53:21.679+0000] {logging_mixin.py:190} INFO - [2024-10-22T03:53:21.678+0000] {dagbag.py:588} INFO - Filling up the DagBag from /home/airflow/.local/lib/python3.12/site-packages/airflow/example_dags/example_kubernetes_executor.py
[2024-10-22T03:53:21.705+0000] {processor.py:925} INFO - DAG(s) 'example_kubernetes_executor' retrieved from /home/airflow/.local/lib/python3.12/site-packages/airflow/example_dags/example_kubernetes_executor.py
[2024-10-22T03:53:21.797+0000] {logging_mixin.py:190} INFO - [2024-10-22T03:53:21.796+0000] {dag.py:3239} INFO - Sync 1 DAGs
[2024-10-22T03:53:21.824+0000] {logging_mixin.py:190} INFO - [2024-10-22T03:53:21.824+0000] {dag.py:4180} INFO - Setting next_dagrun for example_kubernetes_executor to None, run_after=None
[2024-10-22T03:53:21.859+0000] {processor.py:208} INFO - Processing /home/airflow/.local/lib/python3.12/site-packages/airflow/example_dags/example_kubernetes_executor.py took 0.200 seconds
[2024-10-22T03:53:52.489+0000] {processor.py:186} INFO - Started process (PID=59382) to work on /home/airflow/.local/lib/python3.12/site-packages/airflow/example_dags/example_kubernetes_executor.py
[2024-10-22T03:53:52.490+0000] {processor.py:914} INFO - Processing file /home/airflow/.local/lib/python3.12/site-packages/airflow/example_dags/example_kubernetes_executor.py for tasks to queue
[2024-10-22T03:53:52.492+0000] {logging_mixin.py:190} INFO - [2024-10-22T03:53:52.491+0000] {dagbag.py:588} INFO - Filling up the DagBag from /home/airflow/.local/lib/python3.12/site-packages/airflow/example_dags/example_kubernetes_executor.py
[2024-10-22T03:53:52.529+0000] {processor.py:925} INFO - DAG(s) 'example_kubernetes_executor' retrieved from /home/airflow/.local/lib/python3.12/site-packages/airflow/example_dags/example_kubernetes_executor.py
[2024-10-22T03:53:52.598+0000] {logging_mixin.py:190} INFO - [2024-10-22T03:53:52.598+0000] {dag.py:3239} INFO - Sync 1 DAGs
[2024-10-22T03:53:52.617+0000] {logging_mixin.py:190} INFO - [2024-10-22T03:53:52.616+0000] {dag.py:4180} INFO - Setting next_dagrun for example_kubernetes_executor to None, run_after=None
[2024-10-22T03:53:52.639+0000] {processor.py:208} INFO - Processing /home/airflow/.local/lib/python3.12/site-packages/airflow/example_dags/example_kubernetes_executor.py took 0.161 seconds
[2024-10-22T03:54:23.137+0000] {processor.py:186} INFO - Started process (PID=59449) to work on /home/airflow/.local/lib/python3.12/site-packages/airflow/example_dags/example_kubernetes_executor.py
[2024-10-22T03:54:23.139+0000] {processor.py:914} INFO - Processing file /home/airflow/.local/lib/python3.12/site-packages/airflow/example_dags/example_kubernetes_executor.py for tasks to queue
[2024-10-22T03:54:23.140+0000] {logging_mixin.py:190} INFO - [2024-10-22T03:54:23.140+0000] {dagbag.py:588} INFO - Filling up the DagBag from /home/airflow/.local/lib/python3.12/site-packages/airflow/example_dags/example_kubernetes_executor.py
[2024-10-22T03:54:23.160+0000] {processor.py:925} INFO - DAG(s) 'example_kubernetes_executor' retrieved from /home/airflow/.local/lib/python3.12/site-packages/airflow/example_dags/example_kubernetes_executor.py
[2024-10-22T03:54:23.247+0000] {logging_mixin.py:190} INFO - [2024-10-22T03:54:23.246+0000] {dag.py:3239} INFO - Sync 1 DAGs
[2024-10-22T03:54:23.270+0000] {logging_mixin.py:190} INFO - [2024-10-22T03:54:23.269+0000] {dag.py:4180} INFO - Setting next_dagrun for example_kubernetes_executor to None, run_after=None
[2024-10-22T03:54:23.305+0000] {processor.py:208} INFO - Processing /home/airflow/.local/lib/python3.12/site-packages/airflow/example_dags/example_kubernetes_executor.py took 0.178 seconds
[2024-10-22T03:54:53.517+0000] {processor.py:186} INFO - Started process (PID=59515) to work on /home/airflow/.local/lib/python3.12/site-packages/airflow/example_dags/example_kubernetes_executor.py
[2024-10-22T03:54:53.519+0000] {processor.py:914} INFO - Processing file /home/airflow/.local/lib/python3.12/site-packages/airflow/example_dags/example_kubernetes_executor.py for tasks to queue
[2024-10-22T03:54:53.521+0000] {logging_mixin.py:190} INFO - [2024-10-22T03:54:53.521+0000] {dagbag.py:588} INFO - Filling up the DagBag from /home/airflow/.local/lib/python3.12/site-packages/airflow/example_dags/example_kubernetes_executor.py
[2024-10-22T03:54:53.543+0000] {processor.py:925} INFO - DAG(s) 'example_kubernetes_executor' retrieved from /home/airflow/.local/lib/python3.12/site-packages/airflow/example_dags/example_kubernetes_executor.py
[2024-10-22T03:54:53.620+0000] {logging_mixin.py:190} INFO - [2024-10-22T03:54:53.620+0000] {dag.py:3239} INFO - Sync 1 DAGs
[2024-10-22T03:54:53.645+0000] {logging_mixin.py:190} INFO - [2024-10-22T03:54:53.645+0000] {dag.py:4180} INFO - Setting next_dagrun for example_kubernetes_executor to None, run_after=None
[2024-10-22T03:54:53.672+0000] {processor.py:208} INFO - Processing /home/airflow/.local/lib/python3.12/site-packages/airflow/example_dags/example_kubernetes_executor.py took 0.164 seconds
[2024-10-22T03:55:23.872+0000] {processor.py:186} INFO - Started process (PID=59582) to work on /home/airflow/.local/lib/python3.12/site-packages/airflow/example_dags/example_kubernetes_executor.py
[2024-10-22T03:55:23.874+0000] {processor.py:914} INFO - Processing file /home/airflow/.local/lib/python3.12/site-packages/airflow/example_dags/example_kubernetes_executor.py for tasks to queue
[2024-10-22T03:55:23.875+0000] {logging_mixin.py:190} INFO - [2024-10-22T03:55:23.875+0000] {dagbag.py:588} INFO - Filling up the DagBag from /home/airflow/.local/lib/python3.12/site-packages/airflow/example_dags/example_kubernetes_executor.py
[2024-10-22T03:55:23.892+0000] {processor.py:925} INFO - DAG(s) 'example_kubernetes_executor' retrieved from /home/airflow/.local/lib/python3.12/site-packages/airflow/example_dags/example_kubernetes_executor.py
[2024-10-22T03:55:23.947+0000] {logging_mixin.py:190} INFO - [2024-10-22T03:55:23.947+0000] {dag.py:3239} INFO - Sync 1 DAGs
[2024-10-22T03:55:23.964+0000] {logging_mixin.py:190} INFO - [2024-10-22T03:55:23.963+0000] {dag.py:4180} INFO - Setting next_dagrun for example_kubernetes_executor to None, run_after=None
[2024-10-22T03:55:23.985+0000] {processor.py:208} INFO - Processing /home/airflow/.local/lib/python3.12/site-packages/airflow/example_dags/example_kubernetes_executor.py took 0.121 seconds
[2024-10-22T03:55:54.256+0000] {processor.py:186} INFO - Started process (PID=59648) to work on /home/airflow/.local/lib/python3.12/site-packages/airflow/example_dags/example_kubernetes_executor.py
[2024-10-22T03:55:54.257+0000] {processor.py:914} INFO - Processing file /home/airflow/.local/lib/python3.12/site-packages/airflow/example_dags/example_kubernetes_executor.py for tasks to queue
[2024-10-22T03:55:54.259+0000] {logging_mixin.py:190} INFO - [2024-10-22T03:55:54.259+0000] {dagbag.py:588} INFO - Filling up the DagBag from /home/airflow/.local/lib/python3.12/site-packages/airflow/example_dags/example_kubernetes_executor.py
[2024-10-22T03:55:54.280+0000] {processor.py:925} INFO - DAG(s) 'example_kubernetes_executor' retrieved from /home/airflow/.local/lib/python3.12/site-packages/airflow/example_dags/example_kubernetes_executor.py
[2024-10-22T03:55:54.357+0000] {logging_mixin.py:190} INFO - [2024-10-22T03:55:54.357+0000] {dag.py:3239} INFO - Sync 1 DAGs
[2024-10-22T03:55:54.379+0000] {logging_mixin.py:190} INFO - [2024-10-22T03:55:54.378+0000] {dag.py:4180} INFO - Setting next_dagrun for example_kubernetes_executor to None, run_after=None
[2024-10-22T03:55:54.402+0000] {processor.py:208} INFO - Processing /home/airflow/.local/lib/python3.12/site-packages/airflow/example_dags/example_kubernetes_executor.py took 0.155 seconds
[2024-10-22T03:56:25.215+0000] {processor.py:186} INFO - Started process (PID=59715) to work on /home/airflow/.local/lib/python3.12/site-packages/airflow/example_dags/example_kubernetes_executor.py
[2024-10-22T03:56:25.217+0000] {processor.py:914} INFO - Processing file /home/airflow/.local/lib/python3.12/site-packages/airflow/example_dags/example_kubernetes_executor.py for tasks to queue
[2024-10-22T03:56:25.219+0000] {logging_mixin.py:190} INFO - [2024-10-22T03:56:25.218+0000] {dagbag.py:588} INFO - Filling up the DagBag from /home/airflow/.local/lib/python3.12/site-packages/airflow/example_dags/example_kubernetes_executor.py
[2024-10-22T03:56:25.237+0000] {processor.py:925} INFO - DAG(s) 'example_kubernetes_executor' retrieved from /home/airflow/.local/lib/python3.12/site-packages/airflow/example_dags/example_kubernetes_executor.py
[2024-10-22T03:56:25.299+0000] {logging_mixin.py:190} INFO - [2024-10-22T03:56:25.299+0000] {dag.py:3239} INFO - Sync 1 DAGs
[2024-10-22T03:56:25.317+0000] {logging_mixin.py:190} INFO - [2024-10-22T03:56:25.317+0000] {dag.py:4180} INFO - Setting next_dagrun for example_kubernetes_executor to None, run_after=None
[2024-10-22T03:56:25.339+0000] {processor.py:208} INFO - Processing /home/airflow/.local/lib/python3.12/site-packages/airflow/example_dags/example_kubernetes_executor.py took 0.134 seconds
[2024-10-22T03:56:55.830+0000] {processor.py:186} INFO - Started process (PID=59782) to work on /home/airflow/.local/lib/python3.12/site-packages/airflow/example_dags/example_kubernetes_executor.py
[2024-10-22T03:56:55.831+0000] {processor.py:914} INFO - Processing file /home/airflow/.local/lib/python3.12/site-packages/airflow/example_dags/example_kubernetes_executor.py for tasks to queue
[2024-10-22T03:56:55.833+0000] {logging_mixin.py:190} INFO - [2024-10-22T03:56:55.833+0000] {dagbag.py:588} INFO - Filling up the DagBag from /home/airflow/.local/lib/python3.12/site-packages/airflow/example_dags/example_kubernetes_executor.py
[2024-10-22T03:56:55.851+0000] {processor.py:925} INFO - DAG(s) 'example_kubernetes_executor' retrieved from /home/airflow/.local/lib/python3.12/site-packages/airflow/example_dags/example_kubernetes_executor.py
[2024-10-22T03:56:55.916+0000] {logging_mixin.py:190} INFO - [2024-10-22T03:56:55.915+0000] {dag.py:3239} INFO - Sync 1 DAGs
[2024-10-22T03:56:55.936+0000] {logging_mixin.py:190} INFO - [2024-10-22T03:56:55.936+0000] {dag.py:4180} INFO - Setting next_dagrun for example_kubernetes_executor to None, run_after=None
[2024-10-22T03:56:55.957+0000] {processor.py:208} INFO - Processing /home/airflow/.local/lib/python3.12/site-packages/airflow/example_dags/example_kubernetes_executor.py took 0.138 seconds
[2024-10-22T03:57:26.135+0000] {processor.py:186} INFO - Started process (PID=59849) to work on /home/airflow/.local/lib/python3.12/site-packages/airflow/example_dags/example_kubernetes_executor.py
[2024-10-22T03:57:26.137+0000] {processor.py:914} INFO - Processing file /home/airflow/.local/lib/python3.12/site-packages/airflow/example_dags/example_kubernetes_executor.py for tasks to queue
[2024-10-22T03:57:26.138+0000] {logging_mixin.py:190} INFO - [2024-10-22T03:57:26.138+0000] {dagbag.py:588} INFO - Filling up the DagBag from /home/airflow/.local/lib/python3.12/site-packages/airflow/example_dags/example_kubernetes_executor.py
[2024-10-22T03:57:26.154+0000] {processor.py:925} INFO - DAG(s) 'example_kubernetes_executor' retrieved from /home/airflow/.local/lib/python3.12/site-packages/airflow/example_dags/example_kubernetes_executor.py
[2024-10-22T03:57:26.207+0000] {logging_mixin.py:190} INFO - [2024-10-22T03:57:26.207+0000] {dag.py:3239} INFO - Sync 1 DAGs
[2024-10-22T03:57:26.224+0000] {logging_mixin.py:190} INFO - [2024-10-22T03:57:26.224+0000] {dag.py:4180} INFO - Setting next_dagrun for example_kubernetes_executor to None, run_after=None
[2024-10-22T03:57:26.243+0000] {processor.py:208} INFO - Processing /home/airflow/.local/lib/python3.12/site-packages/airflow/example_dags/example_kubernetes_executor.py took 0.116 seconds
[2024-10-22T03:57:57.084+0000] {processor.py:186} INFO - Started process (PID=59916) to work on /home/airflow/.local/lib/python3.12/site-packages/airflow/example_dags/example_kubernetes_executor.py
[2024-10-22T03:57:57.085+0000] {processor.py:914} INFO - Processing file /home/airflow/.local/lib/python3.12/site-packages/airflow/example_dags/example_kubernetes_executor.py for tasks to queue
[2024-10-22T03:57:57.087+0000] {logging_mixin.py:190} INFO - [2024-10-22T03:57:57.087+0000] {dagbag.py:588} INFO - Filling up the DagBag from /home/airflow/.local/lib/python3.12/site-packages/airflow/example_dags/example_kubernetes_executor.py
[2024-10-22T03:57:57.103+0000] {processor.py:925} INFO - DAG(s) 'example_kubernetes_executor' retrieved from /home/airflow/.local/lib/python3.12/site-packages/airflow/example_dags/example_kubernetes_executor.py
[2024-10-22T03:57:57.155+0000] {logging_mixin.py:190} INFO - [2024-10-22T03:57:57.155+0000] {dag.py:3239} INFO - Sync 1 DAGs
[2024-10-22T03:57:57.171+0000] {logging_mixin.py:190} INFO - [2024-10-22T03:57:57.170+0000] {dag.py:4180} INFO - Setting next_dagrun for example_kubernetes_executor to None, run_after=None
[2024-10-22T03:57:57.189+0000] {processor.py:208} INFO - Processing /home/airflow/.local/lib/python3.12/site-packages/airflow/example_dags/example_kubernetes_executor.py took 0.114 seconds
[2024-10-22T03:58:27.326+0000] {processor.py:186} INFO - Started process (PID=59983) to work on /home/airflow/.local/lib/python3.12/site-packages/airflow/example_dags/example_kubernetes_executor.py
[2024-10-22T03:58:27.327+0000] {processor.py:914} INFO - Processing file /home/airflow/.local/lib/python3.12/site-packages/airflow/example_dags/example_kubernetes_executor.py for tasks to queue
[2024-10-22T03:58:27.328+0000] {logging_mixin.py:190} INFO - [2024-10-22T03:58:27.328+0000] {dagbag.py:588} INFO - Filling up the DagBag from /home/airflow/.local/lib/python3.12/site-packages/airflow/example_dags/example_kubernetes_executor.py
[2024-10-22T03:58:27.343+0000] {processor.py:925} INFO - DAG(s) 'example_kubernetes_executor' retrieved from /home/airflow/.local/lib/python3.12/site-packages/airflow/example_dags/example_kubernetes_executor.py
[2024-10-22T03:58:27.608+0000] {logging_mixin.py:190} INFO - [2024-10-22T03:58:27.608+0000] {dag.py:3239} INFO - Sync 1 DAGs
[2024-10-22T03:58:27.623+0000] {logging_mixin.py:190} INFO - [2024-10-22T03:58:27.623+0000] {dag.py:4180} INFO - Setting next_dagrun for example_kubernetes_executor to None, run_after=None
[2024-10-22T03:58:27.638+0000] {processor.py:208} INFO - Processing /home/airflow/.local/lib/python3.12/site-packages/airflow/example_dags/example_kubernetes_executor.py took 0.321 seconds
[2024-10-22T03:58:58.307+0000] {processor.py:186} INFO - Started process (PID=60050) to work on /home/airflow/.local/lib/python3.12/site-packages/airflow/example_dags/example_kubernetes_executor.py
[2024-10-22T03:58:58.308+0000] {processor.py:914} INFO - Processing file /home/airflow/.local/lib/python3.12/site-packages/airflow/example_dags/example_kubernetes_executor.py for tasks to queue
[2024-10-22T03:58:58.310+0000] {logging_mixin.py:190} INFO - [2024-10-22T03:58:58.310+0000] {dagbag.py:588} INFO - Filling up the DagBag from /home/airflow/.local/lib/python3.12/site-packages/airflow/example_dags/example_kubernetes_executor.py
[2024-10-22T03:58:58.325+0000] {processor.py:925} INFO - DAG(s) 'example_kubernetes_executor' retrieved from /home/airflow/.local/lib/python3.12/site-packages/airflow/example_dags/example_kubernetes_executor.py
[2024-10-22T03:58:58.590+0000] {logging_mixin.py:190} INFO - [2024-10-22T03:58:58.589+0000] {dag.py:3239} INFO - Sync 1 DAGs
[2024-10-22T03:58:58.606+0000] {logging_mixin.py:190} INFO - [2024-10-22T03:58:58.605+0000] {dag.py:4180} INFO - Setting next_dagrun for example_kubernetes_executor to None, run_after=None
[2024-10-22T03:58:58.626+0000] {processor.py:208} INFO - Processing /home/airflow/.local/lib/python3.12/site-packages/airflow/example_dags/example_kubernetes_executor.py took 0.326 seconds
[2024-10-22T03:59:30.100+0000] {processor.py:186} INFO - Started process (PID=60117) to work on /home/airflow/.local/lib/python3.12/site-packages/airflow/example_dags/example_kubernetes_executor.py
[2024-10-22T03:59:30.102+0000] {processor.py:914} INFO - Processing file /home/airflow/.local/lib/python3.12/site-packages/airflow/example_dags/example_kubernetes_executor.py for tasks to queue
[2024-10-22T03:59:30.103+0000] {logging_mixin.py:190} INFO - [2024-10-22T03:59:30.103+0000] {dagbag.py:588} INFO - Filling up the DagBag from /home/airflow/.local/lib/python3.12/site-packages/airflow/example_dags/example_kubernetes_executor.py
[2024-10-22T03:59:30.117+0000] {processor.py:925} INFO - DAG(s) 'example_kubernetes_executor' retrieved from /home/airflow/.local/lib/python3.12/site-packages/airflow/example_dags/example_kubernetes_executor.py
[2024-10-22T03:59:30.173+0000] {logging_mixin.py:190} INFO - [2024-10-22T03:59:30.173+0000] {dag.py:3239} INFO - Sync 1 DAGs
[2024-10-22T03:59:30.188+0000] {logging_mixin.py:190} INFO - [2024-10-22T03:59:30.188+0000] {dag.py:4180} INFO - Setting next_dagrun for example_kubernetes_executor to None, run_after=None
[2024-10-22T03:59:30.208+0000] {processor.py:208} INFO - Processing /home/airflow/.local/lib/python3.12/site-packages/airflow/example_dags/example_kubernetes_executor.py took 0.114 seconds
[2024-10-22T04:00:00.564+0000] {processor.py:186} INFO - Started process (PID=60184) to work on /home/airflow/.local/lib/python3.12/site-packages/airflow/example_dags/example_kubernetes_executor.py
[2024-10-22T04:00:00.565+0000] {processor.py:914} INFO - Processing file /home/airflow/.local/lib/python3.12/site-packages/airflow/example_dags/example_kubernetes_executor.py for tasks to queue
[2024-10-22T04:00:00.567+0000] {logging_mixin.py:190} INFO - [2024-10-22T04:00:00.566+0000] {dagbag.py:588} INFO - Filling up the DagBag from /home/airflow/.local/lib/python3.12/site-packages/airflow/example_dags/example_kubernetes_executor.py
[2024-10-22T04:00:00.582+0000] {processor.py:925} INFO - DAG(s) 'example_kubernetes_executor' retrieved from /home/airflow/.local/lib/python3.12/site-packages/airflow/example_dags/example_kubernetes_executor.py
[2024-10-22T04:00:00.636+0000] {logging_mixin.py:190} INFO - [2024-10-22T04:00:00.636+0000] {dag.py:3239} INFO - Sync 1 DAGs
[2024-10-22T04:00:00.652+0000] {logging_mixin.py:190} INFO - [2024-10-22T04:00:00.652+0000] {dag.py:4180} INFO - Setting next_dagrun for example_kubernetes_executor to None, run_after=None
[2024-10-22T04:00:00.670+0000] {processor.py:208} INFO - Processing /home/airflow/.local/lib/python3.12/site-packages/airflow/example_dags/example_kubernetes_executor.py took 0.113 seconds
[2024-10-22T04:00:30.753+0000] {processor.py:186} INFO - Started process (PID=60251) to work on /home/airflow/.local/lib/python3.12/site-packages/airflow/example_dags/example_kubernetes_executor.py
[2024-10-22T04:00:30.754+0000] {processor.py:914} INFO - Processing file /home/airflow/.local/lib/python3.12/site-packages/airflow/example_dags/example_kubernetes_executor.py for tasks to queue
[2024-10-22T04:00:30.756+0000] {logging_mixin.py:190} INFO - [2024-10-22T04:00:30.755+0000] {dagbag.py:588} INFO - Filling up the DagBag from /home/airflow/.local/lib/python3.12/site-packages/airflow/example_dags/example_kubernetes_executor.py
[2024-10-22T04:00:30.770+0000] {processor.py:925} INFO - DAG(s) 'example_kubernetes_executor' retrieved from /home/airflow/.local/lib/python3.12/site-packages/airflow/example_dags/example_kubernetes_executor.py
[2024-10-22T04:00:30.823+0000] {logging_mixin.py:190} INFO - [2024-10-22T04:00:30.823+0000] {dag.py:3239} INFO - Sync 1 DAGs
[2024-10-22T04:00:30.840+0000] {logging_mixin.py:190} INFO - [2024-10-22T04:00:30.840+0000] {dag.py:4180} INFO - Setting next_dagrun for example_kubernetes_executor to None, run_after=None
[2024-10-22T04:00:30.857+0000] {processor.py:208} INFO - Processing /home/airflow/.local/lib/python3.12/site-packages/airflow/example_dags/example_kubernetes_executor.py took 0.112 seconds
[2024-10-22T04:01:01.467+0000] {processor.py:186} INFO - Started process (PID=60318) to work on /home/airflow/.local/lib/python3.12/site-packages/airflow/example_dags/example_kubernetes_executor.py
[2024-10-22T04:01:01.468+0000] {processor.py:914} INFO - Processing file /home/airflow/.local/lib/python3.12/site-packages/airflow/example_dags/example_kubernetes_executor.py for tasks to queue
[2024-10-22T04:01:01.469+0000] {logging_mixin.py:190} INFO - [2024-10-22T04:01:01.469+0000] {dagbag.py:588} INFO - Filling up the DagBag from /home/airflow/.local/lib/python3.12/site-packages/airflow/example_dags/example_kubernetes_executor.py
[2024-10-22T04:01:01.483+0000] {processor.py:925} INFO - DAG(s) 'example_kubernetes_executor' retrieved from /home/airflow/.local/lib/python3.12/site-packages/airflow/example_dags/example_kubernetes_executor.py
[2024-10-22T04:01:01.537+0000] {logging_mixin.py:190} INFO - [2024-10-22T04:01:01.536+0000] {dag.py:3239} INFO - Sync 1 DAGs
[2024-10-22T04:01:01.556+0000] {logging_mixin.py:190} INFO - [2024-10-22T04:01:01.555+0000] {dag.py:4180} INFO - Setting next_dagrun for example_kubernetes_executor to None, run_after=None
[2024-10-22T04:01:01.573+0000] {processor.py:208} INFO - Processing /home/airflow/.local/lib/python3.12/site-packages/airflow/example_dags/example_kubernetes_executor.py took 0.114 seconds
[2024-10-22T04:01:32.136+0000] {processor.py:186} INFO - Started process (PID=60385) to work on /home/airflow/.local/lib/python3.12/site-packages/airflow/example_dags/example_kubernetes_executor.py
[2024-10-22T04:01:32.138+0000] {processor.py:914} INFO - Processing file /home/airflow/.local/lib/python3.12/site-packages/airflow/example_dags/example_kubernetes_executor.py for tasks to queue
[2024-10-22T04:01:32.139+0000] {logging_mixin.py:190} INFO - [2024-10-22T04:01:32.139+0000] {dagbag.py:588} INFO - Filling up the DagBag from /home/airflow/.local/lib/python3.12/site-packages/airflow/example_dags/example_kubernetes_executor.py
[2024-10-22T04:01:32.153+0000] {processor.py:925} INFO - DAG(s) 'example_kubernetes_executor' retrieved from /home/airflow/.local/lib/python3.12/site-packages/airflow/example_dags/example_kubernetes_executor.py
[2024-10-22T04:01:32.208+0000] {logging_mixin.py:190} INFO - [2024-10-22T04:01:32.208+0000] {dag.py:3239} INFO - Sync 1 DAGs
[2024-10-22T04:01:32.224+0000] {logging_mixin.py:190} INFO - [2024-10-22T04:01:32.224+0000] {dag.py:4180} INFO - Setting next_dagrun for example_kubernetes_executor to None, run_after=None
[2024-10-22T04:01:32.243+0000] {processor.py:208} INFO - Processing /home/airflow/.local/lib/python3.12/site-packages/airflow/example_dags/example_kubernetes_executor.py took 0.114 seconds
[2024-10-22T04:02:02.997+0000] {processor.py:186} INFO - Started process (PID=60452) to work on /home/airflow/.local/lib/python3.12/site-packages/airflow/example_dags/example_kubernetes_executor.py
[2024-10-22T04:02:02.998+0000] {processor.py:914} INFO - Processing file /home/airflow/.local/lib/python3.12/site-packages/airflow/example_dags/example_kubernetes_executor.py for tasks to queue
[2024-10-22T04:02:02.999+0000] {logging_mixin.py:190} INFO - [2024-10-22T04:02:02.999+0000] {dagbag.py:588} INFO - Filling up the DagBag from /home/airflow/.local/lib/python3.12/site-packages/airflow/example_dags/example_kubernetes_executor.py
[2024-10-22T04:02:03.014+0000] {processor.py:925} INFO - DAG(s) 'example_kubernetes_executor' retrieved from /home/airflow/.local/lib/python3.12/site-packages/airflow/example_dags/example_kubernetes_executor.py
[2024-10-22T04:02:03.073+0000] {logging_mixin.py:190} INFO - [2024-10-22T04:02:03.073+0000] {dag.py:3239} INFO - Sync 1 DAGs
[2024-10-22T04:02:03.088+0000] {logging_mixin.py:190} INFO - [2024-10-22T04:02:03.088+0000] {dag.py:4180} INFO - Setting next_dagrun for example_kubernetes_executor to None, run_after=None
[2024-10-22T04:02:03.106+0000] {processor.py:208} INFO - Processing /home/airflow/.local/lib/python3.12/site-packages/airflow/example_dags/example_kubernetes_executor.py took 0.117 seconds
[2024-10-22T04:02:33.720+0000] {processor.py:186} INFO - Started process (PID=60519) to work on /home/airflow/.local/lib/python3.12/site-packages/airflow/example_dags/example_kubernetes_executor.py
[2024-10-22T04:02:33.721+0000] {processor.py:914} INFO - Processing file /home/airflow/.local/lib/python3.12/site-packages/airflow/example_dags/example_kubernetes_executor.py for tasks to queue
[2024-10-22T04:02:33.722+0000] {logging_mixin.py:190} INFO - [2024-10-22T04:02:33.722+0000] {dagbag.py:588} INFO - Filling up the DagBag from /home/airflow/.local/lib/python3.12/site-packages/airflow/example_dags/example_kubernetes_executor.py
[2024-10-22T04:02:33.737+0000] {processor.py:925} INFO - DAG(s) 'example_kubernetes_executor' retrieved from /home/airflow/.local/lib/python3.12/site-packages/airflow/example_dags/example_kubernetes_executor.py
[2024-10-22T04:02:33.791+0000] {logging_mixin.py:190} INFO - [2024-10-22T04:02:33.790+0000] {dag.py:3239} INFO - Sync 1 DAGs
[2024-10-22T04:02:33.808+0000] {logging_mixin.py:190} INFO - [2024-10-22T04:02:33.808+0000] {dag.py:4180} INFO - Setting next_dagrun for example_kubernetes_executor to None, run_after=None
[2024-10-22T04:02:33.826+0000] {processor.py:208} INFO - Processing /home/airflow/.local/lib/python3.12/site-packages/airflow/example_dags/example_kubernetes_executor.py took 0.114 seconds
[2024-10-22T04:03:04.566+0000] {processor.py:186} INFO - Started process (PID=60585) to work on /home/airflow/.local/lib/python3.12/site-packages/airflow/example_dags/example_kubernetes_executor.py
[2024-10-22T04:03:04.567+0000] {processor.py:914} INFO - Processing file /home/airflow/.local/lib/python3.12/site-packages/airflow/example_dags/example_kubernetes_executor.py for tasks to queue
[2024-10-22T04:03:04.568+0000] {logging_mixin.py:190} INFO - [2024-10-22T04:03:04.568+0000] {dagbag.py:588} INFO - Filling up the DagBag from /home/airflow/.local/lib/python3.12/site-packages/airflow/example_dags/example_kubernetes_executor.py
[2024-10-22T04:03:04.583+0000] {processor.py:925} INFO - DAG(s) 'example_kubernetes_executor' retrieved from /home/airflow/.local/lib/python3.12/site-packages/airflow/example_dags/example_kubernetes_executor.py
[2024-10-22T04:03:04.636+0000] {logging_mixin.py:190} INFO - [2024-10-22T04:03:04.635+0000] {dag.py:3239} INFO - Sync 1 DAGs
[2024-10-22T04:03:04.652+0000] {logging_mixin.py:190} INFO - [2024-10-22T04:03:04.651+0000] {dag.py:4180} INFO - Setting next_dagrun for example_kubernetes_executor to None, run_after=None
[2024-10-22T04:03:04.668+0000] {processor.py:208} INFO - Processing /home/airflow/.local/lib/python3.12/site-packages/airflow/example_dags/example_kubernetes_executor.py took 0.109 seconds
[2024-10-22T04:03:34.784+0000] {processor.py:186} INFO - Started process (PID=60653) to work on /home/airflow/.local/lib/python3.12/site-packages/airflow/example_dags/example_kubernetes_executor.py
[2024-10-22T04:03:34.785+0000] {processor.py:914} INFO - Processing file /home/airflow/.local/lib/python3.12/site-packages/airflow/example_dags/example_kubernetes_executor.py for tasks to queue
[2024-10-22T04:03:34.787+0000] {logging_mixin.py:190} INFO - [2024-10-22T04:03:34.786+0000] {dagbag.py:588} INFO - Filling up the DagBag from /home/airflow/.local/lib/python3.12/site-packages/airflow/example_dags/example_kubernetes_executor.py
[2024-10-22T04:03:34.800+0000] {processor.py:925} INFO - DAG(s) 'example_kubernetes_executor' retrieved from /home/airflow/.local/lib/python3.12/site-packages/airflow/example_dags/example_kubernetes_executor.py
[2024-10-22T04:03:34.852+0000] {logging_mixin.py:190} INFO - [2024-10-22T04:03:34.852+0000] {dag.py:3239} INFO - Sync 1 DAGs
[2024-10-22T04:03:34.867+0000] {logging_mixin.py:190} INFO - [2024-10-22T04:03:34.867+0000] {dag.py:4180} INFO - Setting next_dagrun for example_kubernetes_executor to None, run_after=None
[2024-10-22T04:03:34.884+0000] {processor.py:208} INFO - Processing /home/airflow/.local/lib/python3.12/site-packages/airflow/example_dags/example_kubernetes_executor.py took 0.107 seconds
[2024-10-22T04:04:04.966+0000] {processor.py:186} INFO - Started process (PID=60719) to work on /home/airflow/.local/lib/python3.12/site-packages/airflow/example_dags/example_kubernetes_executor.py
[2024-10-22T04:04:04.967+0000] {processor.py:914} INFO - Processing file /home/airflow/.local/lib/python3.12/site-packages/airflow/example_dags/example_kubernetes_executor.py for tasks to queue
[2024-10-22T04:04:04.968+0000] {logging_mixin.py:190} INFO - [2024-10-22T04:04:04.968+0000] {dagbag.py:588} INFO - Filling up the DagBag from /home/airflow/.local/lib/python3.12/site-packages/airflow/example_dags/example_kubernetes_executor.py
[2024-10-22T04:04:04.982+0000] {processor.py:925} INFO - DAG(s) 'example_kubernetes_executor' retrieved from /home/airflow/.local/lib/python3.12/site-packages/airflow/example_dags/example_kubernetes_executor.py
[2024-10-22T04:04:05.034+0000] {logging_mixin.py:190} INFO - [2024-10-22T04:04:05.034+0000] {dag.py:3239} INFO - Sync 1 DAGs
[2024-10-22T04:04:05.050+0000] {logging_mixin.py:190} INFO - [2024-10-22T04:04:05.050+0000] {dag.py:4180} INFO - Setting next_dagrun for example_kubernetes_executor to None, run_after=None
[2024-10-22T04:04:05.069+0000] {processor.py:208} INFO - Processing /home/airflow/.local/lib/python3.12/site-packages/airflow/example_dags/example_kubernetes_executor.py took 0.110 seconds
[2024-10-22T04:04:35.838+0000] {processor.py:186} INFO - Started process (PID=60786) to work on /home/airflow/.local/lib/python3.12/site-packages/airflow/example_dags/example_kubernetes_executor.py
[2024-10-22T04:04:35.839+0000] {processor.py:914} INFO - Processing file /home/airflow/.local/lib/python3.12/site-packages/airflow/example_dags/example_kubernetes_executor.py for tasks to queue
[2024-10-22T04:04:35.841+0000] {logging_mixin.py:190} INFO - [2024-10-22T04:04:35.840+0000] {dagbag.py:588} INFO - Filling up the DagBag from /home/airflow/.local/lib/python3.12/site-packages/airflow/example_dags/example_kubernetes_executor.py
[2024-10-22T04:04:35.855+0000] {processor.py:925} INFO - DAG(s) 'example_kubernetes_executor' retrieved from /home/airflow/.local/lib/python3.12/site-packages/airflow/example_dags/example_kubernetes_executor.py
[2024-10-22T04:04:35.909+0000] {logging_mixin.py:190} INFO - [2024-10-22T04:04:35.908+0000] {dag.py:3239} INFO - Sync 1 DAGs
[2024-10-22T04:04:35.926+0000] {logging_mixin.py:190} INFO - [2024-10-22T04:04:35.925+0000] {dag.py:4180} INFO - Setting next_dagrun for example_kubernetes_executor to None, run_after=None
[2024-10-22T04:04:35.944+0000] {processor.py:208} INFO - Processing /home/airflow/.local/lib/python3.12/site-packages/airflow/example_dags/example_kubernetes_executor.py took 0.113 seconds
[2024-10-22T04:05:06.574+0000] {processor.py:186} INFO - Started process (PID=60853) to work on /home/airflow/.local/lib/python3.12/site-packages/airflow/example_dags/example_kubernetes_executor.py
[2024-10-22T04:05:06.574+0000] {processor.py:914} INFO - Processing file /home/airflow/.local/lib/python3.12/site-packages/airflow/example_dags/example_kubernetes_executor.py for tasks to queue
[2024-10-22T04:05:06.576+0000] {logging_mixin.py:190} INFO - [2024-10-22T04:05:06.576+0000] {dagbag.py:588} INFO - Filling up the DagBag from /home/airflow/.local/lib/python3.12/site-packages/airflow/example_dags/example_kubernetes_executor.py
[2024-10-22T04:05:06.591+0000] {processor.py:925} INFO - DAG(s) 'example_kubernetes_executor' retrieved from /home/airflow/.local/lib/python3.12/site-packages/airflow/example_dags/example_kubernetes_executor.py
[2024-10-22T04:05:06.644+0000] {logging_mixin.py:190} INFO - [2024-10-22T04:05:06.643+0000] {dag.py:3239} INFO - Sync 1 DAGs
[2024-10-22T04:05:06.660+0000] {logging_mixin.py:190} INFO - [2024-10-22T04:05:06.660+0000] {dag.py:4180} INFO - Setting next_dagrun for example_kubernetes_executor to None, run_after=None
[2024-10-22T04:05:06.679+0000] {processor.py:208} INFO - Processing /home/airflow/.local/lib/python3.12/site-packages/airflow/example_dags/example_kubernetes_executor.py took 0.113 seconds
[2024-10-22T04:05:37.172+0000] {processor.py:186} INFO - Started process (PID=60920) to work on /home/airflow/.local/lib/python3.12/site-packages/airflow/example_dags/example_kubernetes_executor.py
[2024-10-22T04:05:37.173+0000] {processor.py:914} INFO - Processing file /home/airflow/.local/lib/python3.12/site-packages/airflow/example_dags/example_kubernetes_executor.py for tasks to queue
[2024-10-22T04:05:37.175+0000] {logging_mixin.py:190} INFO - [2024-10-22T04:05:37.175+0000] {dagbag.py:588} INFO - Filling up the DagBag from /home/airflow/.local/lib/python3.12/site-packages/airflow/example_dags/example_kubernetes_executor.py
[2024-10-22T04:05:37.190+0000] {processor.py:925} INFO - DAG(s) 'example_kubernetes_executor' retrieved from /home/airflow/.local/lib/python3.12/site-packages/airflow/example_dags/example_kubernetes_executor.py
[2024-10-22T04:05:37.245+0000] {logging_mixin.py:190} INFO - [2024-10-22T04:05:37.245+0000] {dag.py:3239} INFO - Sync 1 DAGs
[2024-10-22T04:05:37.261+0000] {logging_mixin.py:190} INFO - [2024-10-22T04:05:37.261+0000] {dag.py:4180} INFO - Setting next_dagrun for example_kubernetes_executor to None, run_after=None
[2024-10-22T04:05:37.281+0000] {processor.py:208} INFO - Processing /home/airflow/.local/lib/python3.12/site-packages/airflow/example_dags/example_kubernetes_executor.py took 0.116 seconds
[2024-10-22T04:06:07.360+0000] {processor.py:186} INFO - Started process (PID=60987) to work on /home/airflow/.local/lib/python3.12/site-packages/airflow/example_dags/example_kubernetes_executor.py
[2024-10-22T04:06:07.360+0000] {processor.py:914} INFO - Processing file /home/airflow/.local/lib/python3.12/site-packages/airflow/example_dags/example_kubernetes_executor.py for tasks to queue
[2024-10-22T04:06:07.362+0000] {logging_mixin.py:190} INFO - [2024-10-22T04:06:07.362+0000] {dagbag.py:588} INFO - Filling up the DagBag from /home/airflow/.local/lib/python3.12/site-packages/airflow/example_dags/example_kubernetes_executor.py
[2024-10-22T04:06:07.378+0000] {processor.py:925} INFO - DAG(s) 'example_kubernetes_executor' retrieved from /home/airflow/.local/lib/python3.12/site-packages/airflow/example_dags/example_kubernetes_executor.py
[2024-10-22T04:06:07.438+0000] {logging_mixin.py:190} INFO - [2024-10-22T04:06:07.437+0000] {dag.py:3239} INFO - Sync 1 DAGs
[2024-10-22T04:06:07.457+0000] {logging_mixin.py:190} INFO - [2024-10-22T04:06:07.457+0000] {dag.py:4180} INFO - Setting next_dagrun for example_kubernetes_executor to None, run_after=None
[2024-10-22T04:06:07.482+0000] {processor.py:208} INFO - Processing /home/airflow/.local/lib/python3.12/site-packages/airflow/example_dags/example_kubernetes_executor.py took 0.131 seconds
[2024-10-22T04:06:37.850+0000] {processor.py:186} INFO - Started process (PID=61054) to work on /home/airflow/.local/lib/python3.12/site-packages/airflow/example_dags/example_kubernetes_executor.py
[2024-10-22T04:06:37.851+0000] {processor.py:914} INFO - Processing file /home/airflow/.local/lib/python3.12/site-packages/airflow/example_dags/example_kubernetes_executor.py for tasks to queue
[2024-10-22T04:06:37.853+0000] {logging_mixin.py:190} INFO - [2024-10-22T04:06:37.852+0000] {dagbag.py:588} INFO - Filling up the DagBag from /home/airflow/.local/lib/python3.12/site-packages/airflow/example_dags/example_kubernetes_executor.py
[2024-10-22T04:06:37.867+0000] {processor.py:925} INFO - DAG(s) 'example_kubernetes_executor' retrieved from /home/airflow/.local/lib/python3.12/site-packages/airflow/example_dags/example_kubernetes_executor.py
[2024-10-22T04:06:37.929+0000] {logging_mixin.py:190} INFO - [2024-10-22T04:06:37.929+0000] {dag.py:3239} INFO - Sync 1 DAGs
[2024-10-22T04:06:37.949+0000] {logging_mixin.py:190} INFO - [2024-10-22T04:06:37.948+0000] {dag.py:4180} INFO - Setting next_dagrun for example_kubernetes_executor to None, run_after=None
[2024-10-22T04:06:37.967+0000] {processor.py:208} INFO - Processing /home/airflow/.local/lib/python3.12/site-packages/airflow/example_dags/example_kubernetes_executor.py took 0.124 seconds
[2024-10-22T04:07:08.353+0000] {processor.py:186} INFO - Started process (PID=61122) to work on /home/airflow/.local/lib/python3.12/site-packages/airflow/example_dags/example_kubernetes_executor.py
[2024-10-22T04:07:08.354+0000] {processor.py:914} INFO - Processing file /home/airflow/.local/lib/python3.12/site-packages/airflow/example_dags/example_kubernetes_executor.py for tasks to queue
[2024-10-22T04:07:08.356+0000] {logging_mixin.py:190} INFO - [2024-10-22T04:07:08.355+0000] {dagbag.py:588} INFO - Filling up the DagBag from /home/airflow/.local/lib/python3.12/site-packages/airflow/example_dags/example_kubernetes_executor.py
[2024-10-22T04:07:08.370+0000] {processor.py:925} INFO - DAG(s) 'example_kubernetes_executor' retrieved from /home/airflow/.local/lib/python3.12/site-packages/airflow/example_dags/example_kubernetes_executor.py
[2024-10-22T04:07:08.428+0000] {logging_mixin.py:190} INFO - [2024-10-22T04:07:08.427+0000] {dag.py:3239} INFO - Sync 1 DAGs
[2024-10-22T04:07:08.444+0000] {logging_mixin.py:190} INFO - [2024-10-22T04:07:08.444+0000] {dag.py:4180} INFO - Setting next_dagrun for example_kubernetes_executor to None, run_after=None
[2024-10-22T04:07:08.464+0000] {processor.py:208} INFO - Processing /home/airflow/.local/lib/python3.12/site-packages/airflow/example_dags/example_kubernetes_executor.py took 0.118 seconds
[2024-10-22T04:07:38.601+0000] {processor.py:186} INFO - Started process (PID=61189) to work on /home/airflow/.local/lib/python3.12/site-packages/airflow/example_dags/example_kubernetes_executor.py
[2024-10-22T04:07:38.602+0000] {processor.py:914} INFO - Processing file /home/airflow/.local/lib/python3.12/site-packages/airflow/example_dags/example_kubernetes_executor.py for tasks to queue
[2024-10-22T04:07:38.603+0000] {logging_mixin.py:190} INFO - [2024-10-22T04:07:38.603+0000] {dagbag.py:588} INFO - Filling up the DagBag from /home/airflow/.local/lib/python3.12/site-packages/airflow/example_dags/example_kubernetes_executor.py
[2024-10-22T04:07:38.618+0000] {processor.py:925} INFO - DAG(s) 'example_kubernetes_executor' retrieved from /home/airflow/.local/lib/python3.12/site-packages/airflow/example_dags/example_kubernetes_executor.py
[2024-10-22T04:07:38.690+0000] {logging_mixin.py:190} INFO - [2024-10-22T04:07:38.690+0000] {dag.py:3239} INFO - Sync 1 DAGs
[2024-10-22T04:07:38.734+0000] {logging_mixin.py:190} INFO - [2024-10-22T04:07:38.733+0000] {dag.py:4180} INFO - Setting next_dagrun for example_kubernetes_executor to None, run_after=None
[2024-10-22T04:07:38.760+0000] {processor.py:208} INFO - Processing /home/airflow/.local/lib/python3.12/site-packages/airflow/example_dags/example_kubernetes_executor.py took 0.167 seconds
[2024-10-22T04:08:09.534+0000] {processor.py:186} INFO - Started process (PID=61262) to work on /home/airflow/.local/lib/python3.12/site-packages/airflow/example_dags/example_kubernetes_executor.py
[2024-10-22T04:08:09.535+0000] {processor.py:914} INFO - Processing file /home/airflow/.local/lib/python3.12/site-packages/airflow/example_dags/example_kubernetes_executor.py for tasks to queue
[2024-10-22T04:08:09.537+0000] {logging_mixin.py:190} INFO - [2024-10-22T04:08:09.536+0000] {dagbag.py:588} INFO - Filling up the DagBag from /home/airflow/.local/lib/python3.12/site-packages/airflow/example_dags/example_kubernetes_executor.py
[2024-10-22T04:08:09.552+0000] {processor.py:925} INFO - DAG(s) 'example_kubernetes_executor' retrieved from /home/airflow/.local/lib/python3.12/site-packages/airflow/example_dags/example_kubernetes_executor.py
[2024-10-22T04:08:09.606+0000] {logging_mixin.py:190} INFO - [2024-10-22T04:08:09.606+0000] {dag.py:3239} INFO - Sync 1 DAGs
[2024-10-22T04:08:09.623+0000] {logging_mixin.py:190} INFO - [2024-10-22T04:08:09.622+0000] {dag.py:4180} INFO - Setting next_dagrun for example_kubernetes_executor to None, run_after=None
[2024-10-22T04:08:09.639+0000] {processor.py:208} INFO - Processing /home/airflow/.local/lib/python3.12/site-packages/airflow/example_dags/example_kubernetes_executor.py took 0.112 seconds
[2024-10-22T04:08:39.808+0000] {processor.py:186} INFO - Started process (PID=61328) to work on /home/airflow/.local/lib/python3.12/site-packages/airflow/example_dags/example_kubernetes_executor.py
[2024-10-22T04:08:39.810+0000] {processor.py:914} INFO - Processing file /home/airflow/.local/lib/python3.12/site-packages/airflow/example_dags/example_kubernetes_executor.py for tasks to queue
[2024-10-22T04:08:39.812+0000] {logging_mixin.py:190} INFO - [2024-10-22T04:08:39.811+0000] {dagbag.py:588} INFO - Filling up the DagBag from /home/airflow/.local/lib/python3.12/site-packages/airflow/example_dags/example_kubernetes_executor.py
[2024-10-22T04:08:39.832+0000] {processor.py:925} INFO - DAG(s) 'example_kubernetes_executor' retrieved from /home/airflow/.local/lib/python3.12/site-packages/airflow/example_dags/example_kubernetes_executor.py
[2024-10-22T04:08:39.908+0000] {logging_mixin.py:190} INFO - [2024-10-22T04:08:39.907+0000] {dag.py:3239} INFO - Sync 1 DAGs
[2024-10-22T04:08:39.927+0000] {logging_mixin.py:190} INFO - [2024-10-22T04:08:39.927+0000] {dag.py:4180} INFO - Setting next_dagrun for example_kubernetes_executor to None, run_after=None
[2024-10-22T04:08:39.956+0000] {processor.py:208} INFO - Processing /home/airflow/.local/lib/python3.12/site-packages/airflow/example_dags/example_kubernetes_executor.py took 0.155 seconds
[2024-10-22T04:09:10.467+0000] {processor.py:186} INFO - Started process (PID=61395) to work on /home/airflow/.local/lib/python3.12/site-packages/airflow/example_dags/example_kubernetes_executor.py
[2024-10-22T04:09:10.468+0000] {processor.py:914} INFO - Processing file /home/airflow/.local/lib/python3.12/site-packages/airflow/example_dags/example_kubernetes_executor.py for tasks to queue
[2024-10-22T04:09:10.470+0000] {logging_mixin.py:190} INFO - [2024-10-22T04:09:10.469+0000] {dagbag.py:588} INFO - Filling up the DagBag from /home/airflow/.local/lib/python3.12/site-packages/airflow/example_dags/example_kubernetes_executor.py
[2024-10-22T04:09:10.485+0000] {processor.py:925} INFO - DAG(s) 'example_kubernetes_executor' retrieved from /home/airflow/.local/lib/python3.12/site-packages/airflow/example_dags/example_kubernetes_executor.py
[2024-10-22T04:09:10.545+0000] {logging_mixin.py:190} INFO - [2024-10-22T04:09:10.545+0000] {dag.py:3239} INFO - Sync 1 DAGs
[2024-10-22T04:09:10.564+0000] {logging_mixin.py:190} INFO - [2024-10-22T04:09:10.563+0000] {dag.py:4180} INFO - Setting next_dagrun for example_kubernetes_executor to None, run_after=None
[2024-10-22T04:09:10.584+0000] {processor.py:208} INFO - Processing /home/airflow/.local/lib/python3.12/site-packages/airflow/example_dags/example_kubernetes_executor.py took 0.123 seconds
[2024-10-22T04:09:40.802+0000] {processor.py:186} INFO - Started process (PID=61462) to work on /home/airflow/.local/lib/python3.12/site-packages/airflow/example_dags/example_kubernetes_executor.py
[2024-10-22T04:09:40.803+0000] {processor.py:914} INFO - Processing file /home/airflow/.local/lib/python3.12/site-packages/airflow/example_dags/example_kubernetes_executor.py for tasks to queue
[2024-10-22T04:09:40.804+0000] {logging_mixin.py:190} INFO - [2024-10-22T04:09:40.804+0000] {dagbag.py:588} INFO - Filling up the DagBag from /home/airflow/.local/lib/python3.12/site-packages/airflow/example_dags/example_kubernetes_executor.py
[2024-10-22T04:09:40.818+0000] {processor.py:925} INFO - DAG(s) 'example_kubernetes_executor' retrieved from /home/airflow/.local/lib/python3.12/site-packages/airflow/example_dags/example_kubernetes_executor.py
[2024-10-22T04:09:40.870+0000] {logging_mixin.py:190} INFO - [2024-10-22T04:09:40.869+0000] {dag.py:3239} INFO - Sync 1 DAGs
[2024-10-22T04:09:40.885+0000] {logging_mixin.py:190} INFO - [2024-10-22T04:09:40.885+0000] {dag.py:4180} INFO - Setting next_dagrun for example_kubernetes_executor to None, run_after=None
[2024-10-22T04:09:40.904+0000] {processor.py:208} INFO - Processing /home/airflow/.local/lib/python3.12/site-packages/airflow/example_dags/example_kubernetes_executor.py took 0.110 seconds
[2024-10-22T04:10:11.230+0000] {processor.py:186} INFO - Started process (PID=61529) to work on /home/airflow/.local/lib/python3.12/site-packages/airflow/example_dags/example_kubernetes_executor.py
[2024-10-22T04:10:11.231+0000] {processor.py:914} INFO - Processing file /home/airflow/.local/lib/python3.12/site-packages/airflow/example_dags/example_kubernetes_executor.py for tasks to queue
[2024-10-22T04:10:11.232+0000] {logging_mixin.py:190} INFO - [2024-10-22T04:10:11.232+0000] {dagbag.py:588} INFO - Filling up the DagBag from /home/airflow/.local/lib/python3.12/site-packages/airflow/example_dags/example_kubernetes_executor.py
[2024-10-22T04:10:11.247+0000] {processor.py:925} INFO - DAG(s) 'example_kubernetes_executor' retrieved from /home/airflow/.local/lib/python3.12/site-packages/airflow/example_dags/example_kubernetes_executor.py
[2024-10-22T04:10:11.301+0000] {logging_mixin.py:190} INFO - [2024-10-22T04:10:11.301+0000] {dag.py:3239} INFO - Sync 1 DAGs
[2024-10-22T04:10:11.317+0000] {logging_mixin.py:190} INFO - [2024-10-22T04:10:11.316+0000] {dag.py:4180} INFO - Setting next_dagrun for example_kubernetes_executor to None, run_after=None
[2024-10-22T04:10:11.336+0000] {processor.py:208} INFO - Processing /home/airflow/.local/lib/python3.12/site-packages/airflow/example_dags/example_kubernetes_executor.py took 0.114 seconds
[2024-10-22T04:10:41.441+0000] {processor.py:186} INFO - Started process (PID=61596) to work on /home/airflow/.local/lib/python3.12/site-packages/airflow/example_dags/example_kubernetes_executor.py
[2024-10-22T04:10:41.442+0000] {processor.py:914} INFO - Processing file /home/airflow/.local/lib/python3.12/site-packages/airflow/example_dags/example_kubernetes_executor.py for tasks to queue
[2024-10-22T04:10:41.444+0000] {logging_mixin.py:190} INFO - [2024-10-22T04:10:41.443+0000] {dagbag.py:588} INFO - Filling up the DagBag from /home/airflow/.local/lib/python3.12/site-packages/airflow/example_dags/example_kubernetes_executor.py
[2024-10-22T04:10:41.458+0000] {processor.py:925} INFO - DAG(s) 'example_kubernetes_executor' retrieved from /home/airflow/.local/lib/python3.12/site-packages/airflow/example_dags/example_kubernetes_executor.py
[2024-10-22T04:10:41.513+0000] {logging_mixin.py:190} INFO - [2024-10-22T04:10:41.512+0000] {dag.py:3239} INFO - Sync 1 DAGs
[2024-10-22T04:10:41.529+0000] {logging_mixin.py:190} INFO - [2024-10-22T04:10:41.529+0000] {dag.py:4180} INFO - Setting next_dagrun for example_kubernetes_executor to None, run_after=None
[2024-10-22T04:10:41.547+0000] {processor.py:208} INFO - Processing /home/airflow/.local/lib/python3.12/site-packages/airflow/example_dags/example_kubernetes_executor.py took 0.114 seconds
[2024-10-22T04:11:11.748+0000] {processor.py:186} INFO - Started process (PID=61663) to work on /home/airflow/.local/lib/python3.12/site-packages/airflow/example_dags/example_kubernetes_executor.py
[2024-10-22T04:11:11.749+0000] {processor.py:914} INFO - Processing file /home/airflow/.local/lib/python3.12/site-packages/airflow/example_dags/example_kubernetes_executor.py for tasks to queue
[2024-10-22T04:11:11.751+0000] {logging_mixin.py:190} INFO - [2024-10-22T04:11:11.750+0000] {dagbag.py:588} INFO - Filling up the DagBag from /home/airflow/.local/lib/python3.12/site-packages/airflow/example_dags/example_kubernetes_executor.py
[2024-10-22T04:11:11.766+0000] {processor.py:925} INFO - DAG(s) 'example_kubernetes_executor' retrieved from /home/airflow/.local/lib/python3.12/site-packages/airflow/example_dags/example_kubernetes_executor.py
[2024-10-22T04:11:11.821+0000] {logging_mixin.py:190} INFO - [2024-10-22T04:11:11.821+0000] {dag.py:3239} INFO - Sync 1 DAGs
[2024-10-22T04:11:11.837+0000] {logging_mixin.py:190} INFO - [2024-10-22T04:11:11.837+0000] {dag.py:4180} INFO - Setting next_dagrun for example_kubernetes_executor to None, run_after=None
[2024-10-22T04:11:11.854+0000] {processor.py:208} INFO - Processing /home/airflow/.local/lib/python3.12/site-packages/airflow/example_dags/example_kubernetes_executor.py took 0.114 seconds
[2024-10-22T04:11:42.048+0000] {processor.py:186} INFO - Started process (PID=61730) to work on /home/airflow/.local/lib/python3.12/site-packages/airflow/example_dags/example_kubernetes_executor.py
[2024-10-22T04:11:42.049+0000] {processor.py:914} INFO - Processing file /home/airflow/.local/lib/python3.12/site-packages/airflow/example_dags/example_kubernetes_executor.py for tasks to queue
[2024-10-22T04:11:42.050+0000] {logging_mixin.py:190} INFO - [2024-10-22T04:11:42.050+0000] {dagbag.py:588} INFO - Filling up the DagBag from /home/airflow/.local/lib/python3.12/site-packages/airflow/example_dags/example_kubernetes_executor.py
[2024-10-22T04:11:42.065+0000] {processor.py:925} INFO - DAG(s) 'example_kubernetes_executor' retrieved from /home/airflow/.local/lib/python3.12/site-packages/airflow/example_dags/example_kubernetes_executor.py
[2024-10-22T04:11:42.120+0000] {logging_mixin.py:190} INFO - [2024-10-22T04:11:42.120+0000] {dag.py:3239} INFO - Sync 1 DAGs
[2024-10-22T04:11:42.136+0000] {logging_mixin.py:190} INFO - [2024-10-22T04:11:42.136+0000] {dag.py:4180} INFO - Setting next_dagrun for example_kubernetes_executor to None, run_after=None
[2024-10-22T04:11:42.154+0000] {processor.py:208} INFO - Processing /home/airflow/.local/lib/python3.12/site-packages/airflow/example_dags/example_kubernetes_executor.py took 0.113 seconds
[2024-10-22T04:12:12.257+0000] {processor.py:186} INFO - Started process (PID=61797) to work on /home/airflow/.local/lib/python3.12/site-packages/airflow/example_dags/example_kubernetes_executor.py
[2024-10-22T04:12:12.258+0000] {processor.py:914} INFO - Processing file /home/airflow/.local/lib/python3.12/site-packages/airflow/example_dags/example_kubernetes_executor.py for tasks to queue
[2024-10-22T04:12:12.259+0000] {logging_mixin.py:190} INFO - [2024-10-22T04:12:12.259+0000] {dagbag.py:588} INFO - Filling up the DagBag from /home/airflow/.local/lib/python3.12/site-packages/airflow/example_dags/example_kubernetes_executor.py
[2024-10-22T04:12:12.273+0000] {processor.py:925} INFO - DAG(s) 'example_kubernetes_executor' retrieved from /home/airflow/.local/lib/python3.12/site-packages/airflow/example_dags/example_kubernetes_executor.py
[2024-10-22T04:12:12.330+0000] {logging_mixin.py:190} INFO - [2024-10-22T04:12:12.330+0000] {dag.py:3239} INFO - Sync 1 DAGs
[2024-10-22T04:12:12.348+0000] {logging_mixin.py:190} INFO - [2024-10-22T04:12:12.348+0000] {dag.py:4180} INFO - Setting next_dagrun for example_kubernetes_executor to None, run_after=None
[2024-10-22T04:12:12.367+0000] {processor.py:208} INFO - Processing /home/airflow/.local/lib/python3.12/site-packages/airflow/example_dags/example_kubernetes_executor.py took 0.117 seconds
[2024-10-22T04:12:42.481+0000] {processor.py:186} INFO - Started process (PID=61864) to work on /home/airflow/.local/lib/python3.12/site-packages/airflow/example_dags/example_kubernetes_executor.py
[2024-10-22T04:12:42.482+0000] {processor.py:914} INFO - Processing file /home/airflow/.local/lib/python3.12/site-packages/airflow/example_dags/example_kubernetes_executor.py for tasks to queue
[2024-10-22T04:12:42.483+0000] {logging_mixin.py:190} INFO - [2024-10-22T04:12:42.483+0000] {dagbag.py:588} INFO - Filling up the DagBag from /home/airflow/.local/lib/python3.12/site-packages/airflow/example_dags/example_kubernetes_executor.py
[2024-10-22T04:12:42.498+0000] {processor.py:925} INFO - DAG(s) 'example_kubernetes_executor' retrieved from /home/airflow/.local/lib/python3.12/site-packages/airflow/example_dags/example_kubernetes_executor.py
[2024-10-22T04:12:42.554+0000] {logging_mixin.py:190} INFO - [2024-10-22T04:12:42.554+0000] {dag.py:3239} INFO - Sync 1 DAGs
[2024-10-22T04:12:42.570+0000] {logging_mixin.py:190} INFO - [2024-10-22T04:12:42.570+0000] {dag.py:4180} INFO - Setting next_dagrun for example_kubernetes_executor to None, run_after=None
[2024-10-22T04:12:42.589+0000] {processor.py:208} INFO - Processing /home/airflow/.local/lib/python3.12/site-packages/airflow/example_dags/example_kubernetes_executor.py took 0.115 seconds
[2024-10-22T04:13:12.935+0000] {processor.py:186} INFO - Started process (PID=61930) to work on /home/airflow/.local/lib/python3.12/site-packages/airflow/example_dags/example_kubernetes_executor.py
[2024-10-22T04:13:12.936+0000] {processor.py:914} INFO - Processing file /home/airflow/.local/lib/python3.12/site-packages/airflow/example_dags/example_kubernetes_executor.py for tasks to queue
[2024-10-22T04:13:12.937+0000] {logging_mixin.py:190} INFO - [2024-10-22T04:13:12.937+0000] {dagbag.py:588} INFO - Filling up the DagBag from /home/airflow/.local/lib/python3.12/site-packages/airflow/example_dags/example_kubernetes_executor.py
[2024-10-22T04:13:12.952+0000] {processor.py:925} INFO - DAG(s) 'example_kubernetes_executor' retrieved from /home/airflow/.local/lib/python3.12/site-packages/airflow/example_dags/example_kubernetes_executor.py
[2024-10-22T04:13:13.009+0000] {logging_mixin.py:190} INFO - [2024-10-22T04:13:13.008+0000] {dag.py:3239} INFO - Sync 1 DAGs
[2024-10-22T04:13:13.026+0000] {logging_mixin.py:190} INFO - [2024-10-22T04:13:13.026+0000] {dag.py:4180} INFO - Setting next_dagrun for example_kubernetes_executor to None, run_after=None
[2024-10-22T04:13:13.044+0000] {processor.py:208} INFO - Processing /home/airflow/.local/lib/python3.12/site-packages/airflow/example_dags/example_kubernetes_executor.py took 0.116 seconds
[2024-10-22T04:13:43.483+0000] {processor.py:186} INFO - Started process (PID=61997) to work on /home/airflow/.local/lib/python3.12/site-packages/airflow/example_dags/example_kubernetes_executor.py
[2024-10-22T04:13:43.484+0000] {processor.py:914} INFO - Processing file /home/airflow/.local/lib/python3.12/site-packages/airflow/example_dags/example_kubernetes_executor.py for tasks to queue
[2024-10-22T04:13:43.486+0000] {logging_mixin.py:190} INFO - [2024-10-22T04:13:43.485+0000] {dagbag.py:588} INFO - Filling up the DagBag from /home/airflow/.local/lib/python3.12/site-packages/airflow/example_dags/example_kubernetes_executor.py
[2024-10-22T04:13:43.501+0000] {processor.py:925} INFO - DAG(s) 'example_kubernetes_executor' retrieved from /home/airflow/.local/lib/python3.12/site-packages/airflow/example_dags/example_kubernetes_executor.py
[2024-10-22T04:13:43.557+0000] {logging_mixin.py:190} INFO - [2024-10-22T04:13:43.557+0000] {dag.py:3239} INFO - Sync 1 DAGs
[2024-10-22T04:13:43.574+0000] {logging_mixin.py:190} INFO - [2024-10-22T04:13:43.574+0000] {dag.py:4180} INFO - Setting next_dagrun for example_kubernetes_executor to None, run_after=None
[2024-10-22T04:13:43.592+0000] {processor.py:208} INFO - Processing /home/airflow/.local/lib/python3.12/site-packages/airflow/example_dags/example_kubernetes_executor.py took 0.117 seconds
[2024-10-22T04:14:13.844+0000] {processor.py:186} INFO - Started process (PID=62064) to work on /home/airflow/.local/lib/python3.12/site-packages/airflow/example_dags/example_kubernetes_executor.py
[2024-10-22T04:14:13.846+0000] {processor.py:914} INFO - Processing file /home/airflow/.local/lib/python3.12/site-packages/airflow/example_dags/example_kubernetes_executor.py for tasks to queue
[2024-10-22T04:14:13.847+0000] {logging_mixin.py:190} INFO - [2024-10-22T04:14:13.847+0000] {dagbag.py:588} INFO - Filling up the DagBag from /home/airflow/.local/lib/python3.12/site-packages/airflow/example_dags/example_kubernetes_executor.py
[2024-10-22T04:14:13.862+0000] {processor.py:925} INFO - DAG(s) 'example_kubernetes_executor' retrieved from /home/airflow/.local/lib/python3.12/site-packages/airflow/example_dags/example_kubernetes_executor.py
[2024-10-22T04:14:13.916+0000] {logging_mixin.py:190} INFO - [2024-10-22T04:14:13.916+0000] {dag.py:3239} INFO - Sync 1 DAGs
[2024-10-22T04:14:13.933+0000] {logging_mixin.py:190} INFO - [2024-10-22T04:14:13.932+0000] {dag.py:4180} INFO - Setting next_dagrun for example_kubernetes_executor to None, run_after=None
[2024-10-22T04:14:13.956+0000] {processor.py:208} INFO - Processing /home/airflow/.local/lib/python3.12/site-packages/airflow/example_dags/example_kubernetes_executor.py took 0.119 seconds
[2024-10-22T04:14:44.120+0000] {processor.py:186} INFO - Started process (PID=62131) to work on /home/airflow/.local/lib/python3.12/site-packages/airflow/example_dags/example_kubernetes_executor.py
[2024-10-22T04:14:44.121+0000] {processor.py:914} INFO - Processing file /home/airflow/.local/lib/python3.12/site-packages/airflow/example_dags/example_kubernetes_executor.py for tasks to queue
[2024-10-22T04:14:44.123+0000] {logging_mixin.py:190} INFO - [2024-10-22T04:14:44.123+0000] {dagbag.py:588} INFO - Filling up the DagBag from /home/airflow/.local/lib/python3.12/site-packages/airflow/example_dags/example_kubernetes_executor.py
[2024-10-22T04:14:44.140+0000] {processor.py:925} INFO - DAG(s) 'example_kubernetes_executor' retrieved from /home/airflow/.local/lib/python3.12/site-packages/airflow/example_dags/example_kubernetes_executor.py
[2024-10-22T04:14:44.205+0000] {logging_mixin.py:190} INFO - [2024-10-22T04:14:44.204+0000] {dag.py:3239} INFO - Sync 1 DAGs
[2024-10-22T04:14:44.224+0000] {logging_mixin.py:190} INFO - [2024-10-22T04:14:44.224+0000] {dag.py:4180} INFO - Setting next_dagrun for example_kubernetes_executor to None, run_after=None
[2024-10-22T04:14:44.251+0000] {processor.py:208} INFO - Processing /home/airflow/.local/lib/python3.12/site-packages/airflow/example_dags/example_kubernetes_executor.py took 0.144 seconds
[2024-10-22T04:15:14.862+0000] {processor.py:186} INFO - Started process (PID=62198) to work on /home/airflow/.local/lib/python3.12/site-packages/airflow/example_dags/example_kubernetes_executor.py
[2024-10-22T04:15:14.864+0000] {processor.py:914} INFO - Processing file /home/airflow/.local/lib/python3.12/site-packages/airflow/example_dags/example_kubernetes_executor.py for tasks to queue
[2024-10-22T04:15:14.865+0000] {logging_mixin.py:190} INFO - [2024-10-22T04:15:14.865+0000] {dagbag.py:588} INFO - Filling up the DagBag from /home/airflow/.local/lib/python3.12/site-packages/airflow/example_dags/example_kubernetes_executor.py
[2024-10-22T04:15:14.880+0000] {processor.py:925} INFO - DAG(s) 'example_kubernetes_executor' retrieved from /home/airflow/.local/lib/python3.12/site-packages/airflow/example_dags/example_kubernetes_executor.py
[2024-10-22T04:15:14.938+0000] {logging_mixin.py:190} INFO - [2024-10-22T04:15:14.938+0000] {dag.py:3239} INFO - Sync 1 DAGs
[2024-10-22T04:15:14.955+0000] {logging_mixin.py:190} INFO - [2024-10-22T04:15:14.955+0000] {dag.py:4180} INFO - Setting next_dagrun for example_kubernetes_executor to None, run_after=None
[2024-10-22T04:15:14.978+0000] {processor.py:208} INFO - Processing /home/airflow/.local/lib/python3.12/site-packages/airflow/example_dags/example_kubernetes_executor.py took 0.123 seconds
[2024-10-22T04:15:45.388+0000] {processor.py:186} INFO - Started process (PID=62264) to work on /home/airflow/.local/lib/python3.12/site-packages/airflow/example_dags/example_kubernetes_executor.py
[2024-10-22T04:15:45.389+0000] {processor.py:914} INFO - Processing file /home/airflow/.local/lib/python3.12/site-packages/airflow/example_dags/example_kubernetes_executor.py for tasks to queue
[2024-10-22T04:15:45.393+0000] {logging_mixin.py:190} INFO - [2024-10-22T04:15:45.390+0000] {dagbag.py:588} INFO - Filling up the DagBag from /home/airflow/.local/lib/python3.12/site-packages/airflow/example_dags/example_kubernetes_executor.py
[2024-10-22T04:15:45.408+0000] {processor.py:925} INFO - DAG(s) 'example_kubernetes_executor' retrieved from /home/airflow/.local/lib/python3.12/site-packages/airflow/example_dags/example_kubernetes_executor.py
[2024-10-22T04:15:45.467+0000] {logging_mixin.py:190} INFO - [2024-10-22T04:15:45.466+0000] {dag.py:3239} INFO - Sync 1 DAGs
[2024-10-22T04:15:45.486+0000] {logging_mixin.py:190} INFO - [2024-10-22T04:15:45.485+0000] {dag.py:4180} INFO - Setting next_dagrun for example_kubernetes_executor to None, run_after=None
[2024-10-22T04:15:45.504+0000] {processor.py:208} INFO - Processing /home/airflow/.local/lib/python3.12/site-packages/airflow/example_dags/example_kubernetes_executor.py took 0.123 seconds
[2024-10-22T04:16:15.982+0000] {processor.py:186} INFO - Started process (PID=62332) to work on /home/airflow/.local/lib/python3.12/site-packages/airflow/example_dags/example_kubernetes_executor.py
[2024-10-22T04:16:15.984+0000] {processor.py:914} INFO - Processing file /home/airflow/.local/lib/python3.12/site-packages/airflow/example_dags/example_kubernetes_executor.py for tasks to queue
[2024-10-22T04:16:15.985+0000] {logging_mixin.py:190} INFO - [2024-10-22T04:16:15.985+0000] {dagbag.py:588} INFO - Filling up the DagBag from /home/airflow/.local/lib/python3.12/site-packages/airflow/example_dags/example_kubernetes_executor.py
[2024-10-22T04:16:16.001+0000] {processor.py:925} INFO - DAG(s) 'example_kubernetes_executor' retrieved from /home/airflow/.local/lib/python3.12/site-packages/airflow/example_dags/example_kubernetes_executor.py
[2024-10-22T04:16:16.063+0000] {logging_mixin.py:190} INFO - [2024-10-22T04:16:16.063+0000] {dag.py:3239} INFO - Sync 1 DAGs
[2024-10-22T04:16:16.083+0000] {logging_mixin.py:190} INFO - [2024-10-22T04:16:16.082+0000] {dag.py:4180} INFO - Setting next_dagrun for example_kubernetes_executor to None, run_after=None
[2024-10-22T04:16:16.104+0000] {processor.py:208} INFO - Processing /home/airflow/.local/lib/python3.12/site-packages/airflow/example_dags/example_kubernetes_executor.py took 0.130 seconds
[2024-10-22T04:16:46.790+0000] {processor.py:186} INFO - Started process (PID=62399) to work on /home/airflow/.local/lib/python3.12/site-packages/airflow/example_dags/example_kubernetes_executor.py
[2024-10-22T04:16:46.791+0000] {processor.py:914} INFO - Processing file /home/airflow/.local/lib/python3.12/site-packages/airflow/example_dags/example_kubernetes_executor.py for tasks to queue
[2024-10-22T04:16:46.792+0000] {logging_mixin.py:190} INFO - [2024-10-22T04:16:46.792+0000] {dagbag.py:588} INFO - Filling up the DagBag from /home/airflow/.local/lib/python3.12/site-packages/airflow/example_dags/example_kubernetes_executor.py
[2024-10-22T04:16:46.807+0000] {processor.py:925} INFO - DAG(s) 'example_kubernetes_executor' retrieved from /home/airflow/.local/lib/python3.12/site-packages/airflow/example_dags/example_kubernetes_executor.py
[2024-10-22T04:16:46.861+0000] {logging_mixin.py:190} INFO - [2024-10-22T04:16:46.860+0000] {dag.py:3239} INFO - Sync 1 DAGs
[2024-10-22T04:16:46.877+0000] {logging_mixin.py:190} INFO - [2024-10-22T04:16:46.876+0000] {dag.py:4180} INFO - Setting next_dagrun for example_kubernetes_executor to None, run_after=None
[2024-10-22T04:16:46.895+0000] {processor.py:208} INFO - Processing /home/airflow/.local/lib/python3.12/site-packages/airflow/example_dags/example_kubernetes_executor.py took 0.112 seconds
[2024-10-22T04:17:17.706+0000] {processor.py:186} INFO - Started process (PID=62466) to work on /home/airflow/.local/lib/python3.12/site-packages/airflow/example_dags/example_kubernetes_executor.py
[2024-10-22T04:17:17.707+0000] {processor.py:914} INFO - Processing file /home/airflow/.local/lib/python3.12/site-packages/airflow/example_dags/example_kubernetes_executor.py for tasks to queue
[2024-10-22T04:17:17.709+0000] {logging_mixin.py:190} INFO - [2024-10-22T04:17:17.708+0000] {dagbag.py:588} INFO - Filling up the DagBag from /home/airflow/.local/lib/python3.12/site-packages/airflow/example_dags/example_kubernetes_executor.py
[2024-10-22T04:17:17.723+0000] {processor.py:925} INFO - DAG(s) 'example_kubernetes_executor' retrieved from /home/airflow/.local/lib/python3.12/site-packages/airflow/example_dags/example_kubernetes_executor.py
[2024-10-22T04:17:17.776+0000] {logging_mixin.py:190} INFO - [2024-10-22T04:17:17.776+0000] {dag.py:3239} INFO - Sync 1 DAGs
[2024-10-22T04:17:17.792+0000] {logging_mixin.py:190} INFO - [2024-10-22T04:17:17.792+0000] {dag.py:4180} INFO - Setting next_dagrun for example_kubernetes_executor to None, run_after=None
[2024-10-22T04:17:17.811+0000] {processor.py:208} INFO - Processing /home/airflow/.local/lib/python3.12/site-packages/airflow/example_dags/example_kubernetes_executor.py took 0.112 seconds
[2024-10-22T04:17:48.502+0000] {processor.py:186} INFO - Started process (PID=62533) to work on /home/airflow/.local/lib/python3.12/site-packages/airflow/example_dags/example_kubernetes_executor.py
[2024-10-22T04:17:48.503+0000] {processor.py:914} INFO - Processing file /home/airflow/.local/lib/python3.12/site-packages/airflow/example_dags/example_kubernetes_executor.py for tasks to queue
[2024-10-22T04:17:48.505+0000] {logging_mixin.py:190} INFO - [2024-10-22T04:17:48.504+0000] {dagbag.py:588} INFO - Filling up the DagBag from /home/airflow/.local/lib/python3.12/site-packages/airflow/example_dags/example_kubernetes_executor.py
[2024-10-22T04:17:48.520+0000] {processor.py:925} INFO - DAG(s) 'example_kubernetes_executor' retrieved from /home/airflow/.local/lib/python3.12/site-packages/airflow/example_dags/example_kubernetes_executor.py
[2024-10-22T04:17:48.582+0000] {logging_mixin.py:190} INFO - [2024-10-22T04:17:48.582+0000] {dag.py:3239} INFO - Sync 1 DAGs
[2024-10-22T04:17:48.600+0000] {logging_mixin.py:190} INFO - [2024-10-22T04:17:48.600+0000] {dag.py:4180} INFO - Setting next_dagrun for example_kubernetes_executor to None, run_after=None
[2024-10-22T04:17:48.623+0000] {processor.py:208} INFO - Processing /home/airflow/.local/lib/python3.12/site-packages/airflow/example_dags/example_kubernetes_executor.py took 0.128 seconds
[2024-10-22T04:18:19.458+0000] {processor.py:186} INFO - Started process (PID=62600) to work on /home/airflow/.local/lib/python3.12/site-packages/airflow/example_dags/example_kubernetes_executor.py
[2024-10-22T04:18:19.459+0000] {processor.py:914} INFO - Processing file /home/airflow/.local/lib/python3.12/site-packages/airflow/example_dags/example_kubernetes_executor.py for tasks to queue
[2024-10-22T04:18:19.461+0000] {logging_mixin.py:190} INFO - [2024-10-22T04:18:19.461+0000] {dagbag.py:588} INFO - Filling up the DagBag from /home/airflow/.local/lib/python3.12/site-packages/airflow/example_dags/example_kubernetes_executor.py
[2024-10-22T04:18:19.477+0000] {processor.py:925} INFO - DAG(s) 'example_kubernetes_executor' retrieved from /home/airflow/.local/lib/python3.12/site-packages/airflow/example_dags/example_kubernetes_executor.py
[2024-10-22T04:18:19.539+0000] {logging_mixin.py:190} INFO - [2024-10-22T04:18:19.539+0000] {dag.py:3239} INFO - Sync 1 DAGs
[2024-10-22T04:18:19.558+0000] {logging_mixin.py:190} INFO - [2024-10-22T04:18:19.558+0000] {dag.py:4180} INFO - Setting next_dagrun for example_kubernetes_executor to None, run_after=None
[2024-10-22T04:18:19.584+0000] {processor.py:208} INFO - Processing /home/airflow/.local/lib/python3.12/site-packages/airflow/example_dags/example_kubernetes_executor.py took 0.134 seconds
[2024-10-22T04:18:49.972+0000] {processor.py:186} INFO - Started process (PID=62667) to work on /home/airflow/.local/lib/python3.12/site-packages/airflow/example_dags/example_kubernetes_executor.py
[2024-10-22T04:18:49.973+0000] {processor.py:914} INFO - Processing file /home/airflow/.local/lib/python3.12/site-packages/airflow/example_dags/example_kubernetes_executor.py for tasks to queue
[2024-10-22T04:18:49.975+0000] {logging_mixin.py:190} INFO - [2024-10-22T04:18:49.975+0000] {dagbag.py:588} INFO - Filling up the DagBag from /home/airflow/.local/lib/python3.12/site-packages/airflow/example_dags/example_kubernetes_executor.py
[2024-10-22T04:18:49.989+0000] {processor.py:925} INFO - DAG(s) 'example_kubernetes_executor' retrieved from /home/airflow/.local/lib/python3.12/site-packages/airflow/example_dags/example_kubernetes_executor.py
[2024-10-22T04:18:50.042+0000] {logging_mixin.py:190} INFO - [2024-10-22T04:18:50.042+0000] {dag.py:3239} INFO - Sync 1 DAGs
[2024-10-22T04:18:50.060+0000] {logging_mixin.py:190} INFO - [2024-10-22T04:18:50.060+0000] {dag.py:4180} INFO - Setting next_dagrun for example_kubernetes_executor to None, run_after=None
[2024-10-22T04:18:50.076+0000] {processor.py:208} INFO - Processing /home/airflow/.local/lib/python3.12/site-packages/airflow/example_dags/example_kubernetes_executor.py took 0.111 seconds
[2024-10-22T04:19:20.562+0000] {processor.py:186} INFO - Started process (PID=62734) to work on /home/airflow/.local/lib/python3.12/site-packages/airflow/example_dags/example_kubernetes_executor.py
[2024-10-22T04:19:20.564+0000] {processor.py:914} INFO - Processing file /home/airflow/.local/lib/python3.12/site-packages/airflow/example_dags/example_kubernetes_executor.py for tasks to queue
[2024-10-22T04:19:20.565+0000] {logging_mixin.py:190} INFO - [2024-10-22T04:19:20.565+0000] {dagbag.py:588} INFO - Filling up the DagBag from /home/airflow/.local/lib/python3.12/site-packages/airflow/example_dags/example_kubernetes_executor.py
[2024-10-22T04:19:20.580+0000] {processor.py:925} INFO - DAG(s) 'example_kubernetes_executor' retrieved from /home/airflow/.local/lib/python3.12/site-packages/airflow/example_dags/example_kubernetes_executor.py
[2024-10-22T04:19:20.634+0000] {logging_mixin.py:190} INFO - [2024-10-22T04:19:20.634+0000] {dag.py:3239} INFO - Sync 1 DAGs
[2024-10-22T04:19:20.652+0000] {logging_mixin.py:190} INFO - [2024-10-22T04:19:20.651+0000] {dag.py:4180} INFO - Setting next_dagrun for example_kubernetes_executor to None, run_after=None
[2024-10-22T04:19:20.672+0000] {processor.py:208} INFO - Processing /home/airflow/.local/lib/python3.12/site-packages/airflow/example_dags/example_kubernetes_executor.py took 0.117 seconds
[2024-10-22T04:19:50.959+0000] {processor.py:186} INFO - Started process (PID=62800) to work on /home/airflow/.local/lib/python3.12/site-packages/airflow/example_dags/example_kubernetes_executor.py
[2024-10-22T04:19:50.960+0000] {processor.py:914} INFO - Processing file /home/airflow/.local/lib/python3.12/site-packages/airflow/example_dags/example_kubernetes_executor.py for tasks to queue
[2024-10-22T04:19:50.962+0000] {logging_mixin.py:190} INFO - [2024-10-22T04:19:50.962+0000] {dagbag.py:588} INFO - Filling up the DagBag from /home/airflow/.local/lib/python3.12/site-packages/airflow/example_dags/example_kubernetes_executor.py
[2024-10-22T04:19:50.979+0000] {processor.py:925} INFO - DAG(s) 'example_kubernetes_executor' retrieved from /home/airflow/.local/lib/python3.12/site-packages/airflow/example_dags/example_kubernetes_executor.py
[2024-10-22T04:19:51.036+0000] {logging_mixin.py:190} INFO - [2024-10-22T04:19:51.035+0000] {dag.py:3239} INFO - Sync 1 DAGs
[2024-10-22T04:19:51.052+0000] {logging_mixin.py:190} INFO - [2024-10-22T04:19:51.052+0000] {dag.py:4180} INFO - Setting next_dagrun for example_kubernetes_executor to None, run_after=None
[2024-10-22T04:19:51.069+0000] {processor.py:208} INFO - Processing /home/airflow/.local/lib/python3.12/site-packages/airflow/example_dags/example_kubernetes_executor.py took 0.119 seconds
[2024-10-22T04:20:21.859+0000] {processor.py:186} INFO - Started process (PID=62867) to work on /home/airflow/.local/lib/python3.12/site-packages/airflow/example_dags/example_kubernetes_executor.py
[2024-10-22T04:20:21.860+0000] {processor.py:914} INFO - Processing file /home/airflow/.local/lib/python3.12/site-packages/airflow/example_dags/example_kubernetes_executor.py for tasks to queue
[2024-10-22T04:20:21.863+0000] {logging_mixin.py:190} INFO - [2024-10-22T04:20:21.862+0000] {dagbag.py:588} INFO - Filling up the DagBag from /home/airflow/.local/lib/python3.12/site-packages/airflow/example_dags/example_kubernetes_executor.py
[2024-10-22T04:20:21.883+0000] {processor.py:925} INFO - DAG(s) 'example_kubernetes_executor' retrieved from /home/airflow/.local/lib/python3.12/site-packages/airflow/example_dags/example_kubernetes_executor.py
[2024-10-22T04:20:21.968+0000] {logging_mixin.py:190} INFO - [2024-10-22T04:20:21.968+0000] {dag.py:3239} INFO - Sync 1 DAGs
[2024-10-22T04:20:21.990+0000] {logging_mixin.py:190} INFO - [2024-10-22T04:20:21.990+0000] {dag.py:4180} INFO - Setting next_dagrun for example_kubernetes_executor to None, run_after=None
[2024-10-22T04:20:22.011+0000] {processor.py:208} INFO - Processing /home/airflow/.local/lib/python3.12/site-packages/airflow/example_dags/example_kubernetes_executor.py took 0.161 seconds
[2024-10-22T04:20:52.277+0000] {processor.py:186} INFO - Started process (PID=62935) to work on /home/airflow/.local/lib/python3.12/site-packages/airflow/example_dags/example_kubernetes_executor.py
[2024-10-22T04:20:52.278+0000] {processor.py:914} INFO - Processing file /home/airflow/.local/lib/python3.12/site-packages/airflow/example_dags/example_kubernetes_executor.py for tasks to queue
[2024-10-22T04:20:52.280+0000] {logging_mixin.py:190} INFO - [2024-10-22T04:20:52.280+0000] {dagbag.py:588} INFO - Filling up the DagBag from /home/airflow/.local/lib/python3.12/site-packages/airflow/example_dags/example_kubernetes_executor.py
[2024-10-22T04:20:52.299+0000] {processor.py:925} INFO - DAG(s) 'example_kubernetes_executor' retrieved from /home/airflow/.local/lib/python3.12/site-packages/airflow/example_dags/example_kubernetes_executor.py
[2024-10-22T04:20:52.373+0000] {logging_mixin.py:190} INFO - [2024-10-22T04:20:52.372+0000] {dag.py:3239} INFO - Sync 1 DAGs
[2024-10-22T04:20:52.396+0000] {logging_mixin.py:190} INFO - [2024-10-22T04:20:52.396+0000] {dag.py:4180} INFO - Setting next_dagrun for example_kubernetes_executor to None, run_after=None
[2024-10-22T04:20:52.422+0000] {processor.py:208} INFO - Processing /home/airflow/.local/lib/python3.12/site-packages/airflow/example_dags/example_kubernetes_executor.py took 0.154 seconds
[2024-10-22T04:21:22.586+0000] {processor.py:186} INFO - Started process (PID=63002) to work on /home/airflow/.local/lib/python3.12/site-packages/airflow/example_dags/example_kubernetes_executor.py
[2024-10-22T04:21:22.587+0000] {processor.py:914} INFO - Processing file /home/airflow/.local/lib/python3.12/site-packages/airflow/example_dags/example_kubernetes_executor.py for tasks to queue
[2024-10-22T04:21:22.588+0000] {logging_mixin.py:190} INFO - [2024-10-22T04:21:22.588+0000] {dagbag.py:588} INFO - Filling up the DagBag from /home/airflow/.local/lib/python3.12/site-packages/airflow/example_dags/example_kubernetes_executor.py
[2024-10-22T04:21:22.603+0000] {processor.py:925} INFO - DAG(s) 'example_kubernetes_executor' retrieved from /home/airflow/.local/lib/python3.12/site-packages/airflow/example_dags/example_kubernetes_executor.py
[2024-10-22T04:21:22.661+0000] {logging_mixin.py:190} INFO - [2024-10-22T04:21:22.661+0000] {dag.py:3239} INFO - Sync 1 DAGs
[2024-10-22T04:21:22.677+0000] {logging_mixin.py:190} INFO - [2024-10-22T04:21:22.676+0000] {dag.py:4180} INFO - Setting next_dagrun for example_kubernetes_executor to None, run_after=None
[2024-10-22T04:21:22.694+0000] {processor.py:208} INFO - Processing /home/airflow/.local/lib/python3.12/site-packages/airflow/example_dags/example_kubernetes_executor.py took 0.116 seconds
[2024-10-22T04:21:52.829+0000] {processor.py:186} INFO - Started process (PID=63069) to work on /home/airflow/.local/lib/python3.12/site-packages/airflow/example_dags/example_kubernetes_executor.py
[2024-10-22T04:21:52.830+0000] {processor.py:914} INFO - Processing file /home/airflow/.local/lib/python3.12/site-packages/airflow/example_dags/example_kubernetes_executor.py for tasks to queue
[2024-10-22T04:21:52.832+0000] {logging_mixin.py:190} INFO - [2024-10-22T04:21:52.831+0000] {dagbag.py:588} INFO - Filling up the DagBag from /home/airflow/.local/lib/python3.12/site-packages/airflow/example_dags/example_kubernetes_executor.py
[2024-10-22T04:21:52.857+0000] {processor.py:925} INFO - DAG(s) 'example_kubernetes_executor' retrieved from /home/airflow/.local/lib/python3.12/site-packages/airflow/example_dags/example_kubernetes_executor.py
[2024-10-22T04:21:52.934+0000] {logging_mixin.py:190} INFO - [2024-10-22T04:21:52.934+0000] {dag.py:3239} INFO - Sync 1 DAGs
[2024-10-22T04:21:52.954+0000] {logging_mixin.py:190} INFO - [2024-10-22T04:21:52.954+0000] {dag.py:4180} INFO - Setting next_dagrun for example_kubernetes_executor to None, run_after=None
[2024-10-22T04:21:52.972+0000] {processor.py:208} INFO - Processing /home/airflow/.local/lib/python3.12/site-packages/airflow/example_dags/example_kubernetes_executor.py took 0.150 seconds
[2024-10-22T04:22:23.539+0000] {processor.py:186} INFO - Started process (PID=63136) to work on /home/airflow/.local/lib/python3.12/site-packages/airflow/example_dags/example_kubernetes_executor.py
[2024-10-22T04:22:23.542+0000] {processor.py:914} INFO - Processing file /home/airflow/.local/lib/python3.12/site-packages/airflow/example_dags/example_kubernetes_executor.py for tasks to queue
[2024-10-22T04:22:23.544+0000] {logging_mixin.py:190} INFO - [2024-10-22T04:22:23.543+0000] {dagbag.py:588} INFO - Filling up the DagBag from /home/airflow/.local/lib/python3.12/site-packages/airflow/example_dags/example_kubernetes_executor.py
[2024-10-22T04:22:23.567+0000] {processor.py:925} INFO - DAG(s) 'example_kubernetes_executor' retrieved from /home/airflow/.local/lib/python3.12/site-packages/airflow/example_dags/example_kubernetes_executor.py
[2024-10-22T04:22:23.656+0000] {logging_mixin.py:190} INFO - [2024-10-22T04:22:23.656+0000] {dag.py:3239} INFO - Sync 1 DAGs
[2024-10-22T04:22:23.679+0000] {logging_mixin.py:190} INFO - [2024-10-22T04:22:23.678+0000] {dag.py:4180} INFO - Setting next_dagrun for example_kubernetes_executor to None, run_after=None
[2024-10-22T04:22:23.703+0000] {processor.py:208} INFO - Processing /home/airflow/.local/lib/python3.12/site-packages/airflow/example_dags/example_kubernetes_executor.py took 0.178 seconds
[2024-10-22T04:22:54.702+0000] {processor.py:186} INFO - Started process (PID=63202) to work on /home/airflow/.local/lib/python3.12/site-packages/airflow/example_dags/example_kubernetes_executor.py
[2024-10-22T04:22:54.703+0000] {processor.py:914} INFO - Processing file /home/airflow/.local/lib/python3.12/site-packages/airflow/example_dags/example_kubernetes_executor.py for tasks to queue
[2024-10-22T04:22:54.706+0000] {logging_mixin.py:190} INFO - [2024-10-22T04:22:54.705+0000] {dagbag.py:588} INFO - Filling up the DagBag from /home/airflow/.local/lib/python3.12/site-packages/airflow/example_dags/example_kubernetes_executor.py
[2024-10-22T04:22:54.733+0000] {processor.py:925} INFO - DAG(s) 'example_kubernetes_executor' retrieved from /home/airflow/.local/lib/python3.12/site-packages/airflow/example_dags/example_kubernetes_executor.py
[2024-10-22T04:22:54.825+0000] {logging_mixin.py:190} INFO - [2024-10-22T04:22:54.825+0000] {dag.py:3239} INFO - Sync 1 DAGs
[2024-10-22T04:22:54.852+0000] {logging_mixin.py:190} INFO - [2024-10-22T04:22:54.852+0000] {dag.py:4180} INFO - Setting next_dagrun for example_kubernetes_executor to None, run_after=None
[2024-10-22T04:22:54.883+0000] {processor.py:208} INFO - Processing /home/airflow/.local/lib/python3.12/site-packages/airflow/example_dags/example_kubernetes_executor.py took 0.198 seconds
[2024-10-22T04:23:25.284+0000] {processor.py:186} INFO - Started process (PID=63268) to work on /home/airflow/.local/lib/python3.12/site-packages/airflow/example_dags/example_kubernetes_executor.py
[2024-10-22T04:23:25.287+0000] {processor.py:914} INFO - Processing file /home/airflow/.local/lib/python3.12/site-packages/airflow/example_dags/example_kubernetes_executor.py for tasks to queue
[2024-10-22T04:23:25.291+0000] {logging_mixin.py:190} INFO - [2024-10-22T04:23:25.290+0000] {dagbag.py:588} INFO - Filling up the DagBag from /home/airflow/.local/lib/python3.12/site-packages/airflow/example_dags/example_kubernetes_executor.py
[2024-10-22T04:23:25.326+0000] {processor.py:925} INFO - DAG(s) 'example_kubernetes_executor' retrieved from /home/airflow/.local/lib/python3.12/site-packages/airflow/example_dags/example_kubernetes_executor.py
[2024-10-22T04:23:25.468+0000] {logging_mixin.py:190} INFO - [2024-10-22T04:23:25.468+0000] {dag.py:3239} INFO - Sync 1 DAGs
[2024-10-22T04:23:25.513+0000] {logging_mixin.py:190} INFO - [2024-10-22T04:23:25.512+0000] {dag.py:4180} INFO - Setting next_dagrun for example_kubernetes_executor to None, run_after=None
[2024-10-22T04:23:25.576+0000] {processor.py:208} INFO - Processing /home/airflow/.local/lib/python3.12/site-packages/airflow/example_dags/example_kubernetes_executor.py took 0.318 seconds
[2024-10-22T04:23:56.619+0000] {processor.py:186} INFO - Started process (PID=63335) to work on /home/airflow/.local/lib/python3.12/site-packages/airflow/example_dags/example_kubernetes_executor.py
[2024-10-22T04:23:56.626+0000] {processor.py:914} INFO - Processing file /home/airflow/.local/lib/python3.12/site-packages/airflow/example_dags/example_kubernetes_executor.py for tasks to queue
[2024-10-22T04:23:56.636+0000] {logging_mixin.py:190} INFO - [2024-10-22T04:23:56.631+0000] {dagbag.py:588} INFO - Filling up the DagBag from /home/airflow/.local/lib/python3.12/site-packages/airflow/example_dags/example_kubernetes_executor.py
[2024-10-22T04:23:56.719+0000] {processor.py:925} INFO - DAG(s) 'example_kubernetes_executor' retrieved from /home/airflow/.local/lib/python3.12/site-packages/airflow/example_dags/example_kubernetes_executor.py
[2024-10-22T04:23:57.035+0000] {logging_mixin.py:190} INFO - [2024-10-22T04:23:57.034+0000] {dag.py:3239} INFO - Sync 1 DAGs
[2024-10-22T04:23:57.100+0000] {logging_mixin.py:190} INFO - [2024-10-22T04:23:57.099+0000] {dag.py:4180} INFO - Setting next_dagrun for example_kubernetes_executor to None, run_after=None
[2024-10-22T04:23:57.182+0000] {processor.py:208} INFO - Processing /home/airflow/.local/lib/python3.12/site-packages/airflow/example_dags/example_kubernetes_executor.py took 0.601 seconds
[2024-10-22T04:24:28.679+0000] {processor.py:186} INFO - Started process (PID=63401) to work on /home/airflow/.local/lib/python3.12/site-packages/airflow/example_dags/example_kubernetes_executor.py
[2024-10-22T04:24:28.688+0000] {processor.py:914} INFO - Processing file /home/airflow/.local/lib/python3.12/site-packages/airflow/example_dags/example_kubernetes_executor.py for tasks to queue
[2024-10-22T04:24:28.697+0000] {logging_mixin.py:190} INFO - [2024-10-22T04:24:28.693+0000] {dagbag.py:588} INFO - Filling up the DagBag from /home/airflow/.local/lib/python3.12/site-packages/airflow/example_dags/example_kubernetes_executor.py
[2024-10-22T04:24:28.790+0000] {processor.py:925} INFO - DAG(s) 'example_kubernetes_executor' retrieved from /home/airflow/.local/lib/python3.12/site-packages/airflow/example_dags/example_kubernetes_executor.py
[2024-10-22T04:24:29.306+0000] {logging_mixin.py:190} INFO - [2024-10-22T04:24:29.304+0000] {dag.py:3239} INFO - Sync 1 DAGs
[2024-10-22T04:24:29.456+0000] {logging_mixin.py:190} INFO - [2024-10-22T04:24:29.447+0000] {dag.py:4180} INFO - Setting next_dagrun for example_kubernetes_executor to None, run_after=None
[2024-10-22T04:24:29.568+0000] {processor.py:208} INFO - Processing /home/airflow/.local/lib/python3.12/site-packages/airflow/example_dags/example_kubernetes_executor.py took 0.936 seconds
[2024-10-22T04:25:00.299+0000] {processor.py:186} INFO - Started process (PID=63468) to work on /home/airflow/.local/lib/python3.12/site-packages/airflow/example_dags/example_kubernetes_executor.py
[2024-10-22T04:25:00.306+0000] {processor.py:914} INFO - Processing file /home/airflow/.local/lib/python3.12/site-packages/airflow/example_dags/example_kubernetes_executor.py for tasks to queue
[2024-10-22T04:25:00.317+0000] {logging_mixin.py:190} INFO - [2024-10-22T04:25:00.312+0000] {dagbag.py:588} INFO - Filling up the DagBag from /home/airflow/.local/lib/python3.12/site-packages/airflow/example_dags/example_kubernetes_executor.py
[2024-10-22T04:25:00.399+0000] {processor.py:925} INFO - DAG(s) 'example_kubernetes_executor' retrieved from /home/airflow/.local/lib/python3.12/site-packages/airflow/example_dags/example_kubernetes_executor.py
[2024-10-22T04:25:00.633+0000] {logging_mixin.py:190} INFO - [2024-10-22T04:25:00.632+0000] {dag.py:3239} INFO - Sync 1 DAGs
[2024-10-22T04:25:00.727+0000] {logging_mixin.py:190} INFO - [2024-10-22T04:25:00.725+0000] {dag.py:4180} INFO - Setting next_dagrun for example_kubernetes_executor to None, run_after=None
[2024-10-22T04:25:00.809+0000] {processor.py:208} INFO - Processing /home/airflow/.local/lib/python3.12/site-packages/airflow/example_dags/example_kubernetes_executor.py took 0.540 seconds
[2024-10-22T04:25:31.017+0000] {processor.py:186} INFO - Started process (PID=63535) to work on /home/airflow/.local/lib/python3.12/site-packages/airflow/example_dags/example_kubernetes_executor.py
[2024-10-22T04:25:31.020+0000] {processor.py:914} INFO - Processing file /home/airflow/.local/lib/python3.12/site-packages/airflow/example_dags/example_kubernetes_executor.py for tasks to queue
[2024-10-22T04:25:31.025+0000] {logging_mixin.py:190} INFO - [2024-10-22T04:25:31.024+0000] {dagbag.py:588} INFO - Filling up the DagBag from /home/airflow/.local/lib/python3.12/site-packages/airflow/example_dags/example_kubernetes_executor.py
[2024-10-22T04:25:31.063+0000] {processor.py:925} INFO - DAG(s) 'example_kubernetes_executor' retrieved from /home/airflow/.local/lib/python3.12/site-packages/airflow/example_dags/example_kubernetes_executor.py
[2024-10-22T04:25:31.221+0000] {logging_mixin.py:190} INFO - [2024-10-22T04:25:31.220+0000] {dag.py:3239} INFO - Sync 1 DAGs
[2024-10-22T04:25:31.271+0000] {logging_mixin.py:190} INFO - [2024-10-22T04:25:31.271+0000] {dag.py:4180} INFO - Setting next_dagrun for example_kubernetes_executor to None, run_after=None
[2024-10-22T04:25:31.331+0000] {processor.py:208} INFO - Processing /home/airflow/.local/lib/python3.12/site-packages/airflow/example_dags/example_kubernetes_executor.py took 0.337 seconds
[2024-10-22T04:26:01.589+0000] {processor.py:186} INFO - Started process (PID=63602) to work on /home/airflow/.local/lib/python3.12/site-packages/airflow/example_dags/example_kubernetes_executor.py
[2024-10-22T04:26:01.591+0000] {processor.py:914} INFO - Processing file /home/airflow/.local/lib/python3.12/site-packages/airflow/example_dags/example_kubernetes_executor.py for tasks to queue
[2024-10-22T04:26:01.593+0000] {logging_mixin.py:190} INFO - [2024-10-22T04:26:01.593+0000] {dagbag.py:588} INFO - Filling up the DagBag from /home/airflow/.local/lib/python3.12/site-packages/airflow/example_dags/example_kubernetes_executor.py
[2024-10-22T04:26:01.623+0000] {processor.py:925} INFO - DAG(s) 'example_kubernetes_executor' retrieved from /home/airflow/.local/lib/python3.12/site-packages/airflow/example_dags/example_kubernetes_executor.py
[2024-10-22T04:26:01.716+0000] {logging_mixin.py:190} INFO - [2024-10-22T04:26:01.716+0000] {dag.py:3239} INFO - Sync 1 DAGs
[2024-10-22T04:26:01.745+0000] {logging_mixin.py:190} INFO - [2024-10-22T04:26:01.744+0000] {dag.py:4180} INFO - Setting next_dagrun for example_kubernetes_executor to None, run_after=None
[2024-10-22T04:26:01.777+0000] {processor.py:208} INFO - Processing /home/airflow/.local/lib/python3.12/site-packages/airflow/example_dags/example_kubernetes_executor.py took 0.204 seconds
[2024-10-22T04:26:31.990+0000] {processor.py:186} INFO - Started process (PID=63668) to work on /home/airflow/.local/lib/python3.12/site-packages/airflow/example_dags/example_kubernetes_executor.py
[2024-10-22T04:26:31.993+0000] {processor.py:914} INFO - Processing file /home/airflow/.local/lib/python3.12/site-packages/airflow/example_dags/example_kubernetes_executor.py for tasks to queue
[2024-10-22T04:26:31.995+0000] {logging_mixin.py:190} INFO - [2024-10-22T04:26:31.994+0000] {dagbag.py:588} INFO - Filling up the DagBag from /home/airflow/.local/lib/python3.12/site-packages/airflow/example_dags/example_kubernetes_executor.py
[2024-10-22T04:26:32.025+0000] {processor.py:925} INFO - DAG(s) 'example_kubernetes_executor' retrieved from /home/airflow/.local/lib/python3.12/site-packages/airflow/example_dags/example_kubernetes_executor.py
[2024-10-22T04:26:32.120+0000] {logging_mixin.py:190} INFO - [2024-10-22T04:26:32.119+0000] {dag.py:3239} INFO - Sync 1 DAGs
[2024-10-22T04:26:32.158+0000] {logging_mixin.py:190} INFO - [2024-10-22T04:26:32.157+0000] {dag.py:4180} INFO - Setting next_dagrun for example_kubernetes_executor to None, run_after=None
[2024-10-22T04:26:32.185+0000] {processor.py:208} INFO - Processing /home/airflow/.local/lib/python3.12/site-packages/airflow/example_dags/example_kubernetes_executor.py took 0.209 seconds
[2024-10-22T04:27:02.435+0000] {processor.py:186} INFO - Started process (PID=63735) to work on /home/airflow/.local/lib/python3.12/site-packages/airflow/example_dags/example_kubernetes_executor.py
[2024-10-22T04:27:02.438+0000] {processor.py:914} INFO - Processing file /home/airflow/.local/lib/python3.12/site-packages/airflow/example_dags/example_kubernetes_executor.py for tasks to queue
[2024-10-22T04:27:02.441+0000] {logging_mixin.py:190} INFO - [2024-10-22T04:27:02.440+0000] {dagbag.py:588} INFO - Filling up the DagBag from /home/airflow/.local/lib/python3.12/site-packages/airflow/example_dags/example_kubernetes_executor.py
[2024-10-22T04:27:02.471+0000] {processor.py:925} INFO - DAG(s) 'example_kubernetes_executor' retrieved from /home/airflow/.local/lib/python3.12/site-packages/airflow/example_dags/example_kubernetes_executor.py
[2024-10-22T04:27:02.579+0000] {logging_mixin.py:190} INFO - [2024-10-22T04:27:02.579+0000] {dag.py:3239} INFO - Sync 1 DAGs
[2024-10-22T04:27:02.611+0000] {logging_mixin.py:190} INFO - [2024-10-22T04:27:02.611+0000] {dag.py:4180} INFO - Setting next_dagrun for example_kubernetes_executor to None, run_after=None
[2024-10-22T04:27:02.648+0000] {processor.py:208} INFO - Processing /home/airflow/.local/lib/python3.12/site-packages/airflow/example_dags/example_kubernetes_executor.py took 0.228 seconds
[2024-10-22T04:27:33.574+0000] {processor.py:186} INFO - Started process (PID=63802) to work on /home/airflow/.local/lib/python3.12/site-packages/airflow/example_dags/example_kubernetes_executor.py
[2024-10-22T04:27:33.576+0000] {processor.py:914} INFO - Processing file /home/airflow/.local/lib/python3.12/site-packages/airflow/example_dags/example_kubernetes_executor.py for tasks to queue
[2024-10-22T04:27:33.579+0000] {logging_mixin.py:190} INFO - [2024-10-22T04:27:33.578+0000] {dagbag.py:588} INFO - Filling up the DagBag from /home/airflow/.local/lib/python3.12/site-packages/airflow/example_dags/example_kubernetes_executor.py
[2024-10-22T04:27:33.606+0000] {processor.py:925} INFO - DAG(s) 'example_kubernetes_executor' retrieved from /home/airflow/.local/lib/python3.12/site-packages/airflow/example_dags/example_kubernetes_executor.py
[2024-10-22T04:27:33.705+0000] {logging_mixin.py:190} INFO - [2024-10-22T04:27:33.705+0000] {dag.py:3239} INFO - Sync 1 DAGs
[2024-10-22T04:27:33.735+0000] {logging_mixin.py:190} INFO - [2024-10-22T04:27:33.734+0000] {dag.py:4180} INFO - Setting next_dagrun for example_kubernetes_executor to None, run_after=None
[2024-10-22T04:27:33.768+0000] {processor.py:208} INFO - Processing /home/airflow/.local/lib/python3.12/site-packages/airflow/example_dags/example_kubernetes_executor.py took 0.207 seconds
[2024-10-22T04:28:03.854+0000] {processor.py:186} INFO - Started process (PID=63869) to work on /home/airflow/.local/lib/python3.12/site-packages/airflow/example_dags/example_kubernetes_executor.py
[2024-10-22T04:28:03.855+0000] {processor.py:914} INFO - Processing file /home/airflow/.local/lib/python3.12/site-packages/airflow/example_dags/example_kubernetes_executor.py for tasks to queue
[2024-10-22T04:28:03.858+0000] {logging_mixin.py:190} INFO - [2024-10-22T04:28:03.857+0000] {dagbag.py:588} INFO - Filling up the DagBag from /home/airflow/.local/lib/python3.12/site-packages/airflow/example_dags/example_kubernetes_executor.py
[2024-10-22T04:28:03.879+0000] {processor.py:925} INFO - DAG(s) 'example_kubernetes_executor' retrieved from /home/airflow/.local/lib/python3.12/site-packages/airflow/example_dags/example_kubernetes_executor.py
[2024-10-22T04:28:03.957+0000] {logging_mixin.py:190} INFO - [2024-10-22T04:28:03.957+0000] {dag.py:3239} INFO - Sync 1 DAGs
[2024-10-22T04:28:03.982+0000] {logging_mixin.py:190} INFO - [2024-10-22T04:28:03.981+0000] {dag.py:4180} INFO - Setting next_dagrun for example_kubernetes_executor to None, run_after=None
[2024-10-22T04:28:04.010+0000] {processor.py:208} INFO - Processing /home/airflow/.local/lib/python3.12/site-packages/airflow/example_dags/example_kubernetes_executor.py took 0.167 seconds
[2024-10-22T04:28:34.734+0000] {processor.py:186} INFO - Started process (PID=63936) to work on /home/airflow/.local/lib/python3.12/site-packages/airflow/example_dags/example_kubernetes_executor.py
[2024-10-22T04:28:34.735+0000] {processor.py:914} INFO - Processing file /home/airflow/.local/lib/python3.12/site-packages/airflow/example_dags/example_kubernetes_executor.py for tasks to queue
[2024-10-22T04:28:34.737+0000] {logging_mixin.py:190} INFO - [2024-10-22T04:28:34.736+0000] {dagbag.py:588} INFO - Filling up the DagBag from /home/airflow/.local/lib/python3.12/site-packages/airflow/example_dags/example_kubernetes_executor.py
[2024-10-22T04:28:34.755+0000] {processor.py:925} INFO - DAG(s) 'example_kubernetes_executor' retrieved from /home/airflow/.local/lib/python3.12/site-packages/airflow/example_dags/example_kubernetes_executor.py
[2024-10-22T04:28:34.827+0000] {logging_mixin.py:190} INFO - [2024-10-22T04:28:34.827+0000] {dag.py:3239} INFO - Sync 1 DAGs
[2024-10-22T04:28:34.848+0000] {logging_mixin.py:190} INFO - [2024-10-22T04:28:34.848+0000] {dag.py:4180} INFO - Setting next_dagrun for example_kubernetes_executor to None, run_after=None
[2024-10-22T04:28:34.869+0000] {processor.py:208} INFO - Processing /home/airflow/.local/lib/python3.12/site-packages/airflow/example_dags/example_kubernetes_executor.py took 0.145 seconds
[2024-10-22T04:29:04.996+0000] {processor.py:186} INFO - Started process (PID=64003) to work on /home/airflow/.local/lib/python3.12/site-packages/airflow/example_dags/example_kubernetes_executor.py
[2024-10-22T04:29:04.997+0000] {processor.py:914} INFO - Processing file /home/airflow/.local/lib/python3.12/site-packages/airflow/example_dags/example_kubernetes_executor.py for tasks to queue
[2024-10-22T04:29:04.999+0000] {logging_mixin.py:190} INFO - [2024-10-22T04:29:04.999+0000] {dagbag.py:588} INFO - Filling up the DagBag from /home/airflow/.local/lib/python3.12/site-packages/airflow/example_dags/example_kubernetes_executor.py
[2024-10-22T04:29:05.016+0000] {processor.py:925} INFO - DAG(s) 'example_kubernetes_executor' retrieved from /home/airflow/.local/lib/python3.12/site-packages/airflow/example_dags/example_kubernetes_executor.py
[2024-10-22T04:29:05.084+0000] {logging_mixin.py:190} INFO - [2024-10-22T04:29:05.084+0000] {dag.py:3239} INFO - Sync 1 DAGs
[2024-10-22T04:29:05.105+0000] {logging_mixin.py:190} INFO - [2024-10-22T04:29:05.104+0000] {dag.py:4180} INFO - Setting next_dagrun for example_kubernetes_executor to None, run_after=None
[2024-10-22T04:29:05.126+0000] {processor.py:208} INFO - Processing /home/airflow/.local/lib/python3.12/site-packages/airflow/example_dags/example_kubernetes_executor.py took 0.139 seconds
[2024-10-22T04:29:35.252+0000] {processor.py:186} INFO - Started process (PID=64070) to work on /home/airflow/.local/lib/python3.12/site-packages/airflow/example_dags/example_kubernetes_executor.py
[2024-10-22T04:29:35.253+0000] {processor.py:914} INFO - Processing file /home/airflow/.local/lib/python3.12/site-packages/airflow/example_dags/example_kubernetes_executor.py for tasks to queue
[2024-10-22T04:29:35.255+0000] {logging_mixin.py:190} INFO - [2024-10-22T04:29:35.255+0000] {dagbag.py:588} INFO - Filling up the DagBag from /home/airflow/.local/lib/python3.12/site-packages/airflow/example_dags/example_kubernetes_executor.py
[2024-10-22T04:29:35.273+0000] {processor.py:925} INFO - DAG(s) 'example_kubernetes_executor' retrieved from /home/airflow/.local/lib/python3.12/site-packages/airflow/example_dags/example_kubernetes_executor.py
[2024-10-22T04:29:35.335+0000] {logging_mixin.py:190} INFO - [2024-10-22T04:29:35.335+0000] {dag.py:3239} INFO - Sync 1 DAGs
[2024-10-22T04:29:35.352+0000] {logging_mixin.py:190} INFO - [2024-10-22T04:29:35.352+0000] {dag.py:4180} INFO - Setting next_dagrun for example_kubernetes_executor to None, run_after=None
[2024-10-22T04:29:35.372+0000] {processor.py:208} INFO - Processing /home/airflow/.local/lib/python3.12/site-packages/airflow/example_dags/example_kubernetes_executor.py took 0.130 seconds
[2024-10-22T04:30:05.403+0000] {processor.py:186} INFO - Started process (PID=64136) to work on /home/airflow/.local/lib/python3.12/site-packages/airflow/example_dags/example_kubernetes_executor.py
[2024-10-22T04:30:05.404+0000] {processor.py:914} INFO - Processing file /home/airflow/.local/lib/python3.12/site-packages/airflow/example_dags/example_kubernetes_executor.py for tasks to queue
[2024-10-22T04:30:05.406+0000] {logging_mixin.py:190} INFO - [2024-10-22T04:30:05.405+0000] {dagbag.py:588} INFO - Filling up the DagBag from /home/airflow/.local/lib/python3.12/site-packages/airflow/example_dags/example_kubernetes_executor.py
[2024-10-22T04:30:05.420+0000] {processor.py:925} INFO - DAG(s) 'example_kubernetes_executor' retrieved from /home/airflow/.local/lib/python3.12/site-packages/airflow/example_dags/example_kubernetes_executor.py
[2024-10-22T04:30:05.474+0000] {logging_mixin.py:190} INFO - [2024-10-22T04:30:05.474+0000] {dag.py:3239} INFO - Sync 1 DAGs
[2024-10-22T04:30:05.491+0000] {logging_mixin.py:190} INFO - [2024-10-22T04:30:05.491+0000] {dag.py:4180} INFO - Setting next_dagrun for example_kubernetes_executor to None, run_after=None
[2024-10-22T04:30:05.507+0000] {processor.py:208} INFO - Processing /home/airflow/.local/lib/python3.12/site-packages/airflow/example_dags/example_kubernetes_executor.py took 0.111 seconds
[2024-10-22T04:30:35.785+0000] {processor.py:186} INFO - Started process (PID=64203) to work on /home/airflow/.local/lib/python3.12/site-packages/airflow/example_dags/example_kubernetes_executor.py
[2024-10-22T04:30:35.786+0000] {processor.py:914} INFO - Processing file /home/airflow/.local/lib/python3.12/site-packages/airflow/example_dags/example_kubernetes_executor.py for tasks to queue
[2024-10-22T04:30:35.787+0000] {logging_mixin.py:190} INFO - [2024-10-22T04:30:35.787+0000] {dagbag.py:588} INFO - Filling up the DagBag from /home/airflow/.local/lib/python3.12/site-packages/airflow/example_dags/example_kubernetes_executor.py
[2024-10-22T04:30:35.803+0000] {processor.py:925} INFO - DAG(s) 'example_kubernetes_executor' retrieved from /home/airflow/.local/lib/python3.12/site-packages/airflow/example_dags/example_kubernetes_executor.py
[2024-10-22T04:30:35.858+0000] {logging_mixin.py:190} INFO - [2024-10-22T04:30:35.858+0000] {dag.py:3239} INFO - Sync 1 DAGs
[2024-10-22T04:30:35.875+0000] {logging_mixin.py:190} INFO - [2024-10-22T04:30:35.875+0000] {dag.py:4180} INFO - Setting next_dagrun for example_kubernetes_executor to None, run_after=None
[2024-10-22T04:30:35.893+0000] {processor.py:208} INFO - Processing /home/airflow/.local/lib/python3.12/site-packages/airflow/example_dags/example_kubernetes_executor.py took 0.116 seconds
[2024-10-22T04:31:06.869+0000] {processor.py:186} INFO - Started process (PID=64270) to work on /home/airflow/.local/lib/python3.12/site-packages/airflow/example_dags/example_kubernetes_executor.py
[2024-10-22T04:31:06.871+0000] {processor.py:914} INFO - Processing file /home/airflow/.local/lib/python3.12/site-packages/airflow/example_dags/example_kubernetes_executor.py for tasks to queue
[2024-10-22T04:31:06.873+0000] {logging_mixin.py:190} INFO - [2024-10-22T04:31:06.873+0000] {dagbag.py:588} INFO - Filling up the DagBag from /home/airflow/.local/lib/python3.12/site-packages/airflow/example_dags/example_kubernetes_executor.py
[2024-10-22T04:31:06.898+0000] {processor.py:925} INFO - DAG(s) 'example_kubernetes_executor' retrieved from /home/airflow/.local/lib/python3.12/site-packages/airflow/example_dags/example_kubernetes_executor.py
[2024-10-22T04:31:06.985+0000] {logging_mixin.py:190} INFO - [2024-10-22T04:31:06.985+0000] {dag.py:3239} INFO - Sync 1 DAGs
[2024-10-22T04:31:07.012+0000] {logging_mixin.py:190} INFO - [2024-10-22T04:31:07.012+0000] {dag.py:4180} INFO - Setting next_dagrun for example_kubernetes_executor to None, run_after=None
[2024-10-22T04:31:07.039+0000] {processor.py:208} INFO - Processing /home/airflow/.local/lib/python3.12/site-packages/airflow/example_dags/example_kubernetes_executor.py took 0.182 seconds
[2024-10-22T04:31:37.588+0000] {processor.py:186} INFO - Started process (PID=64336) to work on /home/airflow/.local/lib/python3.12/site-packages/airflow/example_dags/example_kubernetes_executor.py
[2024-10-22T04:31:37.591+0000] {processor.py:914} INFO - Processing file /home/airflow/.local/lib/python3.12/site-packages/airflow/example_dags/example_kubernetes_executor.py for tasks to queue
[2024-10-22T04:31:37.599+0000] {logging_mixin.py:190} INFO - [2024-10-22T04:31:37.598+0000] {dagbag.py:588} INFO - Filling up the DagBag from /home/airflow/.local/lib/python3.12/site-packages/airflow/example_dags/example_kubernetes_executor.py
[2024-10-22T04:31:37.634+0000] {processor.py:925} INFO - DAG(s) 'example_kubernetes_executor' retrieved from /home/airflow/.local/lib/python3.12/site-packages/airflow/example_dags/example_kubernetes_executor.py
[2024-10-22T04:31:37.764+0000] {logging_mixin.py:190} INFO - [2024-10-22T04:31:37.764+0000] {dag.py:3239} INFO - Sync 1 DAGs
[2024-10-22T04:31:37.809+0000] {logging_mixin.py:190} INFO - [2024-10-22T04:31:37.808+0000] {dag.py:4180} INFO - Setting next_dagrun for example_kubernetes_executor to None, run_after=None
[2024-10-22T04:31:37.857+0000] {processor.py:208} INFO - Processing /home/airflow/.local/lib/python3.12/site-packages/airflow/example_dags/example_kubernetes_executor.py took 0.286 seconds
[2024-10-22T04:32:08.690+0000] {processor.py:186} INFO - Started process (PID=64403) to work on /home/airflow/.local/lib/python3.12/site-packages/airflow/example_dags/example_kubernetes_executor.py
[2024-10-22T04:32:08.694+0000] {processor.py:914} INFO - Processing file /home/airflow/.local/lib/python3.12/site-packages/airflow/example_dags/example_kubernetes_executor.py for tasks to queue
[2024-10-22T04:32:08.700+0000] {logging_mixin.py:190} INFO - [2024-10-22T04:32:08.698+0000] {dagbag.py:588} INFO - Filling up the DagBag from /home/airflow/.local/lib/python3.12/site-packages/airflow/example_dags/example_kubernetes_executor.py
[2024-10-22T04:32:08.784+0000] {processor.py:925} INFO - DAG(s) 'example_kubernetes_executor' retrieved from /home/airflow/.local/lib/python3.12/site-packages/airflow/example_dags/example_kubernetes_executor.py
[2024-10-22T04:32:08.982+0000] {logging_mixin.py:190} INFO - [2024-10-22T04:32:08.981+0000] {dag.py:3239} INFO - Sync 1 DAGs
[2024-10-22T04:32:09.036+0000] {logging_mixin.py:190} INFO - [2024-10-22T04:32:09.035+0000] {dag.py:4180} INFO - Setting next_dagrun for example_kubernetes_executor to None, run_after=None
[2024-10-22T04:32:09.094+0000] {processor.py:208} INFO - Processing /home/airflow/.local/lib/python3.12/site-packages/airflow/example_dags/example_kubernetes_executor.py took 0.429 seconds
[2024-10-22T04:32:39.261+0000] {processor.py:186} INFO - Started process (PID=64470) to work on /home/airflow/.local/lib/python3.12/site-packages/airflow/example_dags/example_kubernetes_executor.py
[2024-10-22T04:32:39.265+0000] {processor.py:914} INFO - Processing file /home/airflow/.local/lib/python3.12/site-packages/airflow/example_dags/example_kubernetes_executor.py for tasks to queue
[2024-10-22T04:32:39.272+0000] {logging_mixin.py:190} INFO - [2024-10-22T04:32:39.269+0000] {dagbag.py:588} INFO - Filling up the DagBag from /home/airflow/.local/lib/python3.12/site-packages/airflow/example_dags/example_kubernetes_executor.py
[2024-10-22T04:32:39.378+0000] {processor.py:925} INFO - DAG(s) 'example_kubernetes_executor' retrieved from /home/airflow/.local/lib/python3.12/site-packages/airflow/example_dags/example_kubernetes_executor.py
[2024-10-22T04:32:39.784+0000] {logging_mixin.py:190} INFO - [2024-10-22T04:32:39.783+0000] {dag.py:3239} INFO - Sync 1 DAGs
[2024-10-22T04:32:39.859+0000] {logging_mixin.py:190} INFO - [2024-10-22T04:32:39.858+0000] {dag.py:4180} INFO - Setting next_dagrun for example_kubernetes_executor to None, run_after=None
[2024-10-22T04:32:39.939+0000] {processor.py:208} INFO - Processing /home/airflow/.local/lib/python3.12/site-packages/airflow/example_dags/example_kubernetes_executor.py took 0.718 seconds
[2024-10-22T04:33:11.306+0000] {processor.py:186} INFO - Started process (PID=64537) to work on /home/airflow/.local/lib/python3.12/site-packages/airflow/example_dags/example_kubernetes_executor.py
[2024-10-22T04:33:11.314+0000] {processor.py:914} INFO - Processing file /home/airflow/.local/lib/python3.12/site-packages/airflow/example_dags/example_kubernetes_executor.py for tasks to queue
[2024-10-22T04:33:11.321+0000] {logging_mixin.py:190} INFO - [2024-10-22T04:33:11.319+0000] {dagbag.py:588} INFO - Filling up the DagBag from /home/airflow/.local/lib/python3.12/site-packages/airflow/example_dags/example_kubernetes_executor.py
[2024-10-22T04:33:11.408+0000] {processor.py:925} INFO - DAG(s) 'example_kubernetes_executor' retrieved from /home/airflow/.local/lib/python3.12/site-packages/airflow/example_dags/example_kubernetes_executor.py
[2024-10-22T04:33:11.728+0000] {logging_mixin.py:190} INFO - [2024-10-22T04:33:11.726+0000] {dag.py:3239} INFO - Sync 1 DAGs
[2024-10-22T04:33:11.852+0000] {logging_mixin.py:190} INFO - [2024-10-22T04:33:11.851+0000] {dag.py:4180} INFO - Setting next_dagrun for example_kubernetes_executor to None, run_after=None
[2024-10-22T04:33:11.945+0000] {processor.py:208} INFO - Processing /home/airflow/.local/lib/python3.12/site-packages/airflow/example_dags/example_kubernetes_executor.py took 0.688 seconds
[2024-10-22T04:34:04.456+0000] {processor.py:186} INFO - Started process (PID=64612) to work on /home/airflow/.local/lib/python3.12/site-packages/airflow/example_dags/example_kubernetes_executor.py
[2024-10-22T04:34:04.460+0000] {processor.py:914} INFO - Processing file /home/airflow/.local/lib/python3.12/site-packages/airflow/example_dags/example_kubernetes_executor.py for tasks to queue
[2024-10-22T04:34:04.464+0000] {logging_mixin.py:190} INFO - [2024-10-22T04:34:04.463+0000] {dagbag.py:588} INFO - Filling up the DagBag from /home/airflow/.local/lib/python3.12/site-packages/airflow/example_dags/example_kubernetes_executor.py
[2024-10-22T04:34:04.531+0000] {processor.py:925} INFO - DAG(s) 'example_kubernetes_executor' retrieved from /home/airflow/.local/lib/python3.12/site-packages/airflow/example_dags/example_kubernetes_executor.py
[2024-10-22T04:34:04.949+0000] {logging_mixin.py:190} INFO - [2024-10-22T04:34:04.947+0000] {dag.py:3239} INFO - Sync 1 DAGs
[2024-10-22T04:34:05.176+0000] {logging_mixin.py:190} INFO - [2024-10-22T04:34:05.174+0000] {dag.py:4180} INFO - Setting next_dagrun for example_kubernetes_executor to None, run_after=None
[2024-10-22T04:34:05.393+0000] {processor.py:208} INFO - Processing /home/airflow/.local/lib/python3.12/site-packages/airflow/example_dags/example_kubernetes_executor.py took 0.964 seconds
[2024-10-22T04:34:36.191+0000] {processor.py:186} INFO - Started process (PID=64679) to work on /home/airflow/.local/lib/python3.12/site-packages/airflow/example_dags/example_kubernetes_executor.py
[2024-10-22T04:34:36.196+0000] {processor.py:914} INFO - Processing file /home/airflow/.local/lib/python3.12/site-packages/airflow/example_dags/example_kubernetes_executor.py for tasks to queue
[2024-10-22T04:34:36.209+0000] {logging_mixin.py:190} INFO - [2024-10-22T04:34:36.208+0000] {dagbag.py:588} INFO - Filling up the DagBag from /home/airflow/.local/lib/python3.12/site-packages/airflow/example_dags/example_kubernetes_executor.py
[2024-10-22T04:34:36.270+0000] {processor.py:925} INFO - DAG(s) 'example_kubernetes_executor' retrieved from /home/airflow/.local/lib/python3.12/site-packages/airflow/example_dags/example_kubernetes_executor.py
[2024-10-22T04:34:36.481+0000] {logging_mixin.py:190} INFO - [2024-10-22T04:34:36.480+0000] {dag.py:3239} INFO - Sync 1 DAGs
[2024-10-22T04:34:36.541+0000] {logging_mixin.py:190} INFO - [2024-10-22T04:34:36.540+0000] {dag.py:4180} INFO - Setting next_dagrun for example_kubernetes_executor to None, run_after=None
[2024-10-22T04:34:36.606+0000] {processor.py:208} INFO - Processing /home/airflow/.local/lib/python3.12/site-packages/airflow/example_dags/example_kubernetes_executor.py took 0.447 seconds
[2024-10-22T04:35:08.345+0000] {processor.py:186} INFO - Started process (PID=64746) to work on /home/airflow/.local/lib/python3.12/site-packages/airflow/example_dags/example_kubernetes_executor.py
[2024-10-22T04:35:08.351+0000] {processor.py:914} INFO - Processing file /home/airflow/.local/lib/python3.12/site-packages/airflow/example_dags/example_kubernetes_executor.py for tasks to queue
[2024-10-22T04:35:08.356+0000] {logging_mixin.py:190} INFO - [2024-10-22T04:35:08.355+0000] {dagbag.py:588} INFO - Filling up the DagBag from /home/airflow/.local/lib/python3.12/site-packages/airflow/example_dags/example_kubernetes_executor.py
[2024-10-22T04:35:08.415+0000] {processor.py:925} INFO - DAG(s) 'example_kubernetes_executor' retrieved from /home/airflow/.local/lib/python3.12/site-packages/airflow/example_dags/example_kubernetes_executor.py
[2024-10-22T04:35:08.700+0000] {logging_mixin.py:190} INFO - [2024-10-22T04:35:08.689+0000] {dag.py:3239} INFO - Sync 1 DAGs
[2024-10-22T04:35:08.864+0000] {logging_mixin.py:190} INFO - [2024-10-22T04:35:08.862+0000] {dag.py:4180} INFO - Setting next_dagrun for example_kubernetes_executor to None, run_after=None
[2024-10-22T04:35:09.107+0000] {processor.py:208} INFO - Processing /home/airflow/.local/lib/python3.12/site-packages/airflow/example_dags/example_kubernetes_executor.py took 0.791 seconds
[2024-10-22T04:35:40.332+0000] {processor.py:186} INFO - Started process (PID=64813) to work on /home/airflow/.local/lib/python3.12/site-packages/airflow/example_dags/example_kubernetes_executor.py
[2024-10-22T04:35:40.336+0000] {processor.py:914} INFO - Processing file /home/airflow/.local/lib/python3.12/site-packages/airflow/example_dags/example_kubernetes_executor.py for tasks to queue
[2024-10-22T04:35:40.346+0000] {logging_mixin.py:190} INFO - [2024-10-22T04:35:40.340+0000] {dagbag.py:588} INFO - Filling up the DagBag from /home/airflow/.local/lib/python3.12/site-packages/airflow/example_dags/example_kubernetes_executor.py
[2024-10-22T04:35:40.405+0000] {processor.py:925} INFO - DAG(s) 'example_kubernetes_executor' retrieved from /home/airflow/.local/lib/python3.12/site-packages/airflow/example_dags/example_kubernetes_executor.py
[2024-10-22T04:35:40.660+0000] {logging_mixin.py:190} INFO - [2024-10-22T04:35:40.659+0000] {dag.py:3239} INFO - Sync 1 DAGs
[2024-10-22T04:35:40.715+0000] {logging_mixin.py:190} INFO - [2024-10-22T04:35:40.714+0000] {dag.py:4180} INFO - Setting next_dagrun for example_kubernetes_executor to None, run_after=None
[2024-10-22T04:35:40.786+0000] {processor.py:208} INFO - Processing /home/airflow/.local/lib/python3.12/site-packages/airflow/example_dags/example_kubernetes_executor.py took 0.515 seconds
[2024-10-22T04:36:12.154+0000] {processor.py:186} INFO - Started process (PID=64880) to work on /home/airflow/.local/lib/python3.12/site-packages/airflow/example_dags/example_kubernetes_executor.py
[2024-10-22T04:36:12.157+0000] {processor.py:914} INFO - Processing file /home/airflow/.local/lib/python3.12/site-packages/airflow/example_dags/example_kubernetes_executor.py for tasks to queue
[2024-10-22T04:36:12.161+0000] {logging_mixin.py:190} INFO - [2024-10-22T04:36:12.160+0000] {dagbag.py:588} INFO - Filling up the DagBag from /home/airflow/.local/lib/python3.12/site-packages/airflow/example_dags/example_kubernetes_executor.py
[2024-10-22T04:36:12.221+0000] {processor.py:925} INFO - DAG(s) 'example_kubernetes_executor' retrieved from /home/airflow/.local/lib/python3.12/site-packages/airflow/example_dags/example_kubernetes_executor.py
[2024-10-22T04:36:12.462+0000] {logging_mixin.py:190} INFO - [2024-10-22T04:36:12.460+0000] {dag.py:3239} INFO - Sync 1 DAGs
[2024-10-22T04:36:12.553+0000] {logging_mixin.py:190} INFO - [2024-10-22T04:36:12.552+0000] {dag.py:4180} INFO - Setting next_dagrun for example_kubernetes_executor to None, run_after=None
[2024-10-22T04:36:12.656+0000] {processor.py:208} INFO - Processing /home/airflow/.local/lib/python3.12/site-packages/airflow/example_dags/example_kubernetes_executor.py took 0.524 seconds
[2024-10-22T04:36:44.571+0000] {processor.py:186} INFO - Started process (PID=64948) to work on /home/airflow/.local/lib/python3.12/site-packages/airflow/example_dags/example_kubernetes_executor.py
[2024-10-22T04:36:44.582+0000] {processor.py:914} INFO - Processing file /home/airflow/.local/lib/python3.12/site-packages/airflow/example_dags/example_kubernetes_executor.py for tasks to queue
[2024-10-22T04:36:44.593+0000] {logging_mixin.py:190} INFO - [2024-10-22T04:36:44.589+0000] {dagbag.py:588} INFO - Filling up the DagBag from /home/airflow/.local/lib/python3.12/site-packages/airflow/example_dags/example_kubernetes_executor.py
[2024-10-22T04:36:44.711+0000] {processor.py:925} INFO - DAG(s) 'example_kubernetes_executor' retrieved from /home/airflow/.local/lib/python3.12/site-packages/airflow/example_dags/example_kubernetes_executor.py
[2024-10-22T04:36:45.359+0000] {logging_mixin.py:190} INFO - [2024-10-22T04:36:45.357+0000] {dag.py:3239} INFO - Sync 1 DAGs
[2024-10-22T04:36:45.462+0000] {logging_mixin.py:190} INFO - [2024-10-22T04:36:45.448+0000] {dag.py:4180} INFO - Setting next_dagrun for example_kubernetes_executor to None, run_after=None
[2024-10-22T04:36:45.552+0000] {processor.py:208} INFO - Processing /home/airflow/.local/lib/python3.12/site-packages/airflow/example_dags/example_kubernetes_executor.py took 1.030 seconds
[2024-10-22T04:37:15.711+0000] {processor.py:186} INFO - Started process (PID=65014) to work on /home/airflow/.local/lib/python3.12/site-packages/airflow/example_dags/example_kubernetes_executor.py
[2024-10-22T04:37:15.715+0000] {processor.py:914} INFO - Processing file /home/airflow/.local/lib/python3.12/site-packages/airflow/example_dags/example_kubernetes_executor.py for tasks to queue
[2024-10-22T04:37:15.720+0000] {logging_mixin.py:190} INFO - [2024-10-22T04:37:15.718+0000] {dagbag.py:588} INFO - Filling up the DagBag from /home/airflow/.local/lib/python3.12/site-packages/airflow/example_dags/example_kubernetes_executor.py
[2024-10-22T04:37:15.766+0000] {processor.py:925} INFO - DAG(s) 'example_kubernetes_executor' retrieved from /home/airflow/.local/lib/python3.12/site-packages/airflow/example_dags/example_kubernetes_executor.py
[2024-10-22T04:37:15.972+0000] {logging_mixin.py:190} INFO - [2024-10-22T04:37:15.971+0000] {dag.py:3239} INFO - Sync 1 DAGs
[2024-10-22T04:37:16.017+0000] {logging_mixin.py:190} INFO - [2024-10-22T04:37:16.016+0000] {dag.py:4180} INFO - Setting next_dagrun for example_kubernetes_executor to None, run_after=None
[2024-10-22T04:37:16.071+0000] {processor.py:208} INFO - Processing /home/airflow/.local/lib/python3.12/site-packages/airflow/example_dags/example_kubernetes_executor.py took 0.398 seconds
[2024-10-22T04:37:46.247+0000] {processor.py:186} INFO - Started process (PID=65081) to work on /home/airflow/.local/lib/python3.12/site-packages/airflow/example_dags/example_kubernetes_executor.py
[2024-10-22T04:37:46.249+0000] {processor.py:914} INFO - Processing file /home/airflow/.local/lib/python3.12/site-packages/airflow/example_dags/example_kubernetes_executor.py for tasks to queue
[2024-10-22T04:37:46.255+0000] {logging_mixin.py:190} INFO - [2024-10-22T04:37:46.253+0000] {dagbag.py:588} INFO - Filling up the DagBag from /home/airflow/.local/lib/python3.12/site-packages/airflow/example_dags/example_kubernetes_executor.py
[2024-10-22T04:37:46.283+0000] {processor.py:925} INFO - DAG(s) 'example_kubernetes_executor' retrieved from /home/airflow/.local/lib/python3.12/site-packages/airflow/example_dags/example_kubernetes_executor.py
[2024-10-22T04:37:46.383+0000] {logging_mixin.py:190} INFO - [2024-10-22T04:37:46.382+0000] {dag.py:3239} INFO - Sync 1 DAGs
[2024-10-22T04:37:46.414+0000] {logging_mixin.py:190} INFO - [2024-10-22T04:37:46.414+0000] {dag.py:4180} INFO - Setting next_dagrun for example_kubernetes_executor to None, run_after=None
[2024-10-22T04:37:46.448+0000] {processor.py:208} INFO - Processing /home/airflow/.local/lib/python3.12/site-packages/airflow/example_dags/example_kubernetes_executor.py took 0.215 seconds
[2024-10-22T04:38:16.715+0000] {processor.py:186} INFO - Started process (PID=65148) to work on /home/airflow/.local/lib/python3.12/site-packages/airflow/example_dags/example_kubernetes_executor.py
[2024-10-22T04:38:16.718+0000] {processor.py:914} INFO - Processing file /home/airflow/.local/lib/python3.12/site-packages/airflow/example_dags/example_kubernetes_executor.py for tasks to queue
[2024-10-22T04:38:16.720+0000] {logging_mixin.py:190} INFO - [2024-10-22T04:38:16.719+0000] {dagbag.py:588} INFO - Filling up the DagBag from /home/airflow/.local/lib/python3.12/site-packages/airflow/example_dags/example_kubernetes_executor.py
[2024-10-22T04:38:16.742+0000] {processor.py:925} INFO - DAG(s) 'example_kubernetes_executor' retrieved from /home/airflow/.local/lib/python3.12/site-packages/airflow/example_dags/example_kubernetes_executor.py
[2024-10-22T04:38:16.825+0000] {logging_mixin.py:190} INFO - [2024-10-22T04:38:16.825+0000] {dag.py:3239} INFO - Sync 1 DAGs
[2024-10-22T04:38:16.852+0000] {logging_mixin.py:190} INFO - [2024-10-22T04:38:16.851+0000] {dag.py:4180} INFO - Setting next_dagrun for example_kubernetes_executor to None, run_after=None
[2024-10-22T04:38:16.879+0000] {processor.py:208} INFO - Processing /home/airflow/.local/lib/python3.12/site-packages/airflow/example_dags/example_kubernetes_executor.py took 0.175 seconds
[2024-10-22T04:38:47.856+0000] {processor.py:186} INFO - Started process (PID=65215) to work on /home/airflow/.local/lib/python3.12/site-packages/airflow/example_dags/example_kubernetes_executor.py
[2024-10-22T04:38:47.857+0000] {processor.py:914} INFO - Processing file /home/airflow/.local/lib/python3.12/site-packages/airflow/example_dags/example_kubernetes_executor.py for tasks to queue
[2024-10-22T04:38:47.859+0000] {logging_mixin.py:190} INFO - [2024-10-22T04:38:47.858+0000] {dagbag.py:588} INFO - Filling up the DagBag from /home/airflow/.local/lib/python3.12/site-packages/airflow/example_dags/example_kubernetes_executor.py
[2024-10-22T04:38:47.876+0000] {processor.py:925} INFO - DAG(s) 'example_kubernetes_executor' retrieved from /home/airflow/.local/lib/python3.12/site-packages/airflow/example_dags/example_kubernetes_executor.py
[2024-10-22T04:38:47.938+0000] {logging_mixin.py:190} INFO - [2024-10-22T04:38:47.938+0000] {dag.py:3239} INFO - Sync 1 DAGs
[2024-10-22T04:38:47.957+0000] {logging_mixin.py:190} INFO - [2024-10-22T04:38:47.957+0000] {dag.py:4180} INFO - Setting next_dagrun for example_kubernetes_executor to None, run_after=None
[2024-10-22T04:38:47.977+0000] {processor.py:208} INFO - Processing /home/airflow/.local/lib/python3.12/site-packages/airflow/example_dags/example_kubernetes_executor.py took 0.129 seconds
[2024-10-22T04:39:18.068+0000] {processor.py:186} INFO - Started process (PID=65282) to work on /home/airflow/.local/lib/python3.12/site-packages/airflow/example_dags/example_kubernetes_executor.py
[2024-10-22T04:39:18.069+0000] {processor.py:914} INFO - Processing file /home/airflow/.local/lib/python3.12/site-packages/airflow/example_dags/example_kubernetes_executor.py for tasks to queue
[2024-10-22T04:39:18.070+0000] {logging_mixin.py:190} INFO - [2024-10-22T04:39:18.070+0000] {dagbag.py:588} INFO - Filling up the DagBag from /home/airflow/.local/lib/python3.12/site-packages/airflow/example_dags/example_kubernetes_executor.py
[2024-10-22T04:39:18.085+0000] {processor.py:925} INFO - DAG(s) 'example_kubernetes_executor' retrieved from /home/airflow/.local/lib/python3.12/site-packages/airflow/example_dags/example_kubernetes_executor.py
[2024-10-22T04:39:18.146+0000] {logging_mixin.py:190} INFO - [2024-10-22T04:39:18.145+0000] {dag.py:3239} INFO - Sync 1 DAGs
[2024-10-22T04:39:18.168+0000] {logging_mixin.py:190} INFO - [2024-10-22T04:39:18.167+0000] {dag.py:4180} INFO - Setting next_dagrun for example_kubernetes_executor to None, run_after=None
[2024-10-22T04:39:18.189+0000] {processor.py:208} INFO - Processing /home/airflow/.local/lib/python3.12/site-packages/airflow/example_dags/example_kubernetes_executor.py took 0.130 seconds
[2024-10-22T04:39:48.281+0000] {processor.py:186} INFO - Started process (PID=65349) to work on /home/airflow/.local/lib/python3.12/site-packages/airflow/example_dags/example_kubernetes_executor.py
[2024-10-22T04:39:48.282+0000] {processor.py:914} INFO - Processing file /home/airflow/.local/lib/python3.12/site-packages/airflow/example_dags/example_kubernetes_executor.py for tasks to queue
[2024-10-22T04:39:48.284+0000] {logging_mixin.py:190} INFO - [2024-10-22T04:39:48.284+0000] {dagbag.py:588} INFO - Filling up the DagBag from /home/airflow/.local/lib/python3.12/site-packages/airflow/example_dags/example_kubernetes_executor.py
[2024-10-22T04:39:48.300+0000] {processor.py:925} INFO - DAG(s) 'example_kubernetes_executor' retrieved from /home/airflow/.local/lib/python3.12/site-packages/airflow/example_dags/example_kubernetes_executor.py
[2024-10-22T04:39:48.355+0000] {logging_mixin.py:190} INFO - [2024-10-22T04:39:48.354+0000] {dag.py:3239} INFO - Sync 1 DAGs
[2024-10-22T04:39:48.371+0000] {logging_mixin.py:190} INFO - [2024-10-22T04:39:48.371+0000] {dag.py:4180} INFO - Setting next_dagrun for example_kubernetes_executor to None, run_after=None
[2024-10-22T04:39:48.390+0000] {processor.py:208} INFO - Processing /home/airflow/.local/lib/python3.12/site-packages/airflow/example_dags/example_kubernetes_executor.py took 0.117 seconds
[2024-10-22T04:40:19.034+0000] {processor.py:186} INFO - Started process (PID=65416) to work on /home/airflow/.local/lib/python3.12/site-packages/airflow/example_dags/example_kubernetes_executor.py
[2024-10-22T04:40:19.035+0000] {processor.py:914} INFO - Processing file /home/airflow/.local/lib/python3.12/site-packages/airflow/example_dags/example_kubernetes_executor.py for tasks to queue
[2024-10-22T04:40:19.037+0000] {logging_mixin.py:190} INFO - [2024-10-22T04:40:19.037+0000] {dagbag.py:588} INFO - Filling up the DagBag from /home/airflow/.local/lib/python3.12/site-packages/airflow/example_dags/example_kubernetes_executor.py
[2024-10-22T04:40:19.055+0000] {processor.py:925} INFO - DAG(s) 'example_kubernetes_executor' retrieved from /home/airflow/.local/lib/python3.12/site-packages/airflow/example_dags/example_kubernetes_executor.py
[2024-10-22T04:40:19.115+0000] {logging_mixin.py:190} INFO - [2024-10-22T04:40:19.114+0000] {dag.py:3239} INFO - Sync 1 DAGs
[2024-10-22T04:40:19.133+0000] {logging_mixin.py:190} INFO - [2024-10-22T04:40:19.133+0000] {dag.py:4180} INFO - Setting next_dagrun for example_kubernetes_executor to None, run_after=None
[2024-10-22T04:40:19.152+0000] {processor.py:208} INFO - Processing /home/airflow/.local/lib/python3.12/site-packages/airflow/example_dags/example_kubernetes_executor.py took 0.128 seconds
[2024-10-22T04:40:50.109+0000] {processor.py:186} INFO - Started process (PID=65483) to work on /home/airflow/.local/lib/python3.12/site-packages/airflow/example_dags/example_kubernetes_executor.py
[2024-10-22T04:40:50.110+0000] {processor.py:914} INFO - Processing file /home/airflow/.local/lib/python3.12/site-packages/airflow/example_dags/example_kubernetes_executor.py for tasks to queue
[2024-10-22T04:40:50.113+0000] {logging_mixin.py:190} INFO - [2024-10-22T04:40:50.112+0000] {dagbag.py:588} INFO - Filling up the DagBag from /home/airflow/.local/lib/python3.12/site-packages/airflow/example_dags/example_kubernetes_executor.py
[2024-10-22T04:40:50.139+0000] {processor.py:925} INFO - DAG(s) 'example_kubernetes_executor' retrieved from /home/airflow/.local/lib/python3.12/site-packages/airflow/example_dags/example_kubernetes_executor.py
[2024-10-22T04:40:50.224+0000] {logging_mixin.py:190} INFO - [2024-10-22T04:40:50.224+0000] {dag.py:3239} INFO - Sync 1 DAGs
[2024-10-22T04:40:50.247+0000] {logging_mixin.py:190} INFO - [2024-10-22T04:40:50.246+0000] {dag.py:4180} INFO - Setting next_dagrun for example_kubernetes_executor to None, run_after=None
[2024-10-22T04:40:50.272+0000] {processor.py:208} INFO - Processing /home/airflow/.local/lib/python3.12/site-packages/airflow/example_dags/example_kubernetes_executor.py took 0.175 seconds
[2024-10-22T04:41:21.083+0000] {processor.py:186} INFO - Started process (PID=65550) to work on /home/airflow/.local/lib/python3.12/site-packages/airflow/example_dags/example_kubernetes_executor.py
[2024-10-22T04:41:21.085+0000] {processor.py:914} INFO - Processing file /home/airflow/.local/lib/python3.12/site-packages/airflow/example_dags/example_kubernetes_executor.py for tasks to queue
[2024-10-22T04:41:21.086+0000] {logging_mixin.py:190} INFO - [2024-10-22T04:41:21.086+0000] {dagbag.py:588} INFO - Filling up the DagBag from /home/airflow/.local/lib/python3.12/site-packages/airflow/example_dags/example_kubernetes_executor.py
[2024-10-22T04:41:21.107+0000] {processor.py:925} INFO - DAG(s) 'example_kubernetes_executor' retrieved from /home/airflow/.local/lib/python3.12/site-packages/airflow/example_dags/example_kubernetes_executor.py
[2024-10-22T04:41:21.194+0000] {logging_mixin.py:190} INFO - [2024-10-22T04:41:21.194+0000] {dag.py:3239} INFO - Sync 1 DAGs
[2024-10-22T04:41:21.219+0000] {logging_mixin.py:190} INFO - [2024-10-22T04:41:21.219+0000] {dag.py:4180} INFO - Setting next_dagrun for example_kubernetes_executor to None, run_after=None
[2024-10-22T04:41:21.247+0000] {processor.py:208} INFO - Processing /home/airflow/.local/lib/python3.12/site-packages/airflow/example_dags/example_kubernetes_executor.py took 0.173 seconds
[2024-10-22T04:41:51.316+0000] {processor.py:186} INFO - Started process (PID=65616) to work on /home/airflow/.local/lib/python3.12/site-packages/airflow/example_dags/example_kubernetes_executor.py
[2024-10-22T04:41:51.317+0000] {processor.py:914} INFO - Processing file /home/airflow/.local/lib/python3.12/site-packages/airflow/example_dags/example_kubernetes_executor.py for tasks to queue
[2024-10-22T04:41:51.318+0000] {logging_mixin.py:190} INFO - [2024-10-22T04:41:51.318+0000] {dagbag.py:588} INFO - Filling up the DagBag from /home/airflow/.local/lib/python3.12/site-packages/airflow/example_dags/example_kubernetes_executor.py
[2024-10-22T04:41:51.337+0000] {processor.py:925} INFO - DAG(s) 'example_kubernetes_executor' retrieved from /home/airflow/.local/lib/python3.12/site-packages/airflow/example_dags/example_kubernetes_executor.py
[2024-10-22T04:41:51.399+0000] {logging_mixin.py:190} INFO - [2024-10-22T04:41:51.399+0000] {dag.py:3239} INFO - Sync 1 DAGs
[2024-10-22T04:41:51.418+0000] {logging_mixin.py:190} INFO - [2024-10-22T04:41:51.418+0000] {dag.py:4180} INFO - Setting next_dagrun for example_kubernetes_executor to None, run_after=None
[2024-10-22T04:41:51.443+0000] {processor.py:208} INFO - Processing /home/airflow/.local/lib/python3.12/site-packages/airflow/example_dags/example_kubernetes_executor.py took 0.135 seconds
[2024-10-22T04:42:21.741+0000] {processor.py:186} INFO - Started process (PID=65683) to work on /home/airflow/.local/lib/python3.12/site-packages/airflow/example_dags/example_kubernetes_executor.py
[2024-10-22T04:42:21.742+0000] {processor.py:914} INFO - Processing file /home/airflow/.local/lib/python3.12/site-packages/airflow/example_dags/example_kubernetes_executor.py for tasks to queue
[2024-10-22T04:42:21.744+0000] {logging_mixin.py:190} INFO - [2024-10-22T04:42:21.744+0000] {dagbag.py:588} INFO - Filling up the DagBag from /home/airflow/.local/lib/python3.12/site-packages/airflow/example_dags/example_kubernetes_executor.py
[2024-10-22T04:42:21.765+0000] {processor.py:925} INFO - DAG(s) 'example_kubernetes_executor' retrieved from /home/airflow/.local/lib/python3.12/site-packages/airflow/example_dags/example_kubernetes_executor.py
[2024-10-22T04:42:21.891+0000] {logging_mixin.py:190} INFO - [2024-10-22T04:42:21.891+0000] {dag.py:3239} INFO - Sync 1 DAGs
[2024-10-22T04:42:21.917+0000] {logging_mixin.py:190} INFO - [2024-10-22T04:42:21.916+0000] {dag.py:4180} INFO - Setting next_dagrun for example_kubernetes_executor to None, run_after=None
[2024-10-22T04:42:21.943+0000] {processor.py:208} INFO - Processing /home/airflow/.local/lib/python3.12/site-packages/airflow/example_dags/example_kubernetes_executor.py took 0.212 seconds
[2024-10-22T04:42:52.145+0000] {processor.py:186} INFO - Started process (PID=65754) to work on /home/airflow/.local/lib/python3.12/site-packages/airflow/example_dags/example_kubernetes_executor.py
[2024-10-22T04:42:52.147+0000] {processor.py:914} INFO - Processing file /home/airflow/.local/lib/python3.12/site-packages/airflow/example_dags/example_kubernetes_executor.py for tasks to queue
[2024-10-22T04:42:52.149+0000] {logging_mixin.py:190} INFO - [2024-10-22T04:42:52.149+0000] {dagbag.py:588} INFO - Filling up the DagBag from /home/airflow/.local/lib/python3.12/site-packages/airflow/example_dags/example_kubernetes_executor.py
[2024-10-22T04:42:52.174+0000] {processor.py:925} INFO - DAG(s) 'example_kubernetes_executor' retrieved from /home/airflow/.local/lib/python3.12/site-packages/airflow/example_dags/example_kubernetes_executor.py
[2024-10-22T04:42:52.267+0000] {logging_mixin.py:190} INFO - [2024-10-22T04:42:52.267+0000] {dag.py:3239} INFO - Sync 1 DAGs
[2024-10-22T04:42:52.294+0000] {logging_mixin.py:190} INFO - [2024-10-22T04:42:52.294+0000] {dag.py:4180} INFO - Setting next_dagrun for example_kubernetes_executor to None, run_after=None
[2024-10-22T04:42:52.330+0000] {processor.py:208} INFO - Processing /home/airflow/.local/lib/python3.12/site-packages/airflow/example_dags/example_kubernetes_executor.py took 0.198 seconds
[2024-10-22T04:43:22.421+0000] {processor.py:186} INFO - Started process (PID=65820) to work on /home/airflow/.local/lib/python3.12/site-packages/airflow/example_dags/example_kubernetes_executor.py
[2024-10-22T04:43:22.422+0000] {processor.py:914} INFO - Processing file /home/airflow/.local/lib/python3.12/site-packages/airflow/example_dags/example_kubernetes_executor.py for tasks to queue
[2024-10-22T04:43:22.425+0000] {logging_mixin.py:190} INFO - [2024-10-22T04:43:22.424+0000] {dagbag.py:588} INFO - Filling up the DagBag from /home/airflow/.local/lib/python3.12/site-packages/airflow/example_dags/example_kubernetes_executor.py
[2024-10-22T04:43:22.454+0000] {processor.py:925} INFO - DAG(s) 'example_kubernetes_executor' retrieved from /home/airflow/.local/lib/python3.12/site-packages/airflow/example_dags/example_kubernetes_executor.py
[2024-10-22T04:43:22.555+0000] {logging_mixin.py:190} INFO - [2024-10-22T04:43:22.554+0000] {dag.py:3239} INFO - Sync 1 DAGs
[2024-10-22T04:43:22.584+0000] {logging_mixin.py:190} INFO - [2024-10-22T04:43:22.583+0000] {dag.py:4180} INFO - Setting next_dagrun for example_kubernetes_executor to None, run_after=None
[2024-10-22T04:43:22.620+0000] {processor.py:208} INFO - Processing /home/airflow/.local/lib/python3.12/site-packages/airflow/example_dags/example_kubernetes_executor.py took 0.213 seconds
[2024-10-22T04:43:53.114+0000] {processor.py:186} INFO - Started process (PID=65888) to work on /home/airflow/.local/lib/python3.12/site-packages/airflow/example_dags/example_kubernetes_executor.py
[2024-10-22T04:43:53.117+0000] {processor.py:914} INFO - Processing file /home/airflow/.local/lib/python3.12/site-packages/airflow/example_dags/example_kubernetes_executor.py for tasks to queue
[2024-10-22T04:43:53.119+0000] {logging_mixin.py:190} INFO - [2024-10-22T04:43:53.118+0000] {dagbag.py:588} INFO - Filling up the DagBag from /home/airflow/.local/lib/python3.12/site-packages/airflow/example_dags/example_kubernetes_executor.py
[2024-10-22T04:43:53.146+0000] {processor.py:925} INFO - DAG(s) 'example_kubernetes_executor' retrieved from /home/airflow/.local/lib/python3.12/site-packages/airflow/example_dags/example_kubernetes_executor.py
[2024-10-22T04:43:53.273+0000] {logging_mixin.py:190} INFO - [2024-10-22T04:43:53.273+0000] {dag.py:3239} INFO - Sync 1 DAGs
[2024-10-22T04:43:53.304+0000] {logging_mixin.py:190} INFO - [2024-10-22T04:43:53.304+0000] {dag.py:4180} INFO - Setting next_dagrun for example_kubernetes_executor to None, run_after=None
[2024-10-22T04:43:53.345+0000] {processor.py:208} INFO - Processing /home/airflow/.local/lib/python3.12/site-packages/airflow/example_dags/example_kubernetes_executor.py took 0.243 seconds
[2024-10-22T04:44:24.005+0000] {processor.py:186} INFO - Started process (PID=65954) to work on /home/airflow/.local/lib/python3.12/site-packages/airflow/example_dags/example_kubernetes_executor.py
[2024-10-22T04:44:24.006+0000] {processor.py:914} INFO - Processing file /home/airflow/.local/lib/python3.12/site-packages/airflow/example_dags/example_kubernetes_executor.py for tasks to queue
[2024-10-22T04:44:24.008+0000] {logging_mixin.py:190} INFO - [2024-10-22T04:44:24.008+0000] {dagbag.py:588} INFO - Filling up the DagBag from /home/airflow/.local/lib/python3.12/site-packages/airflow/example_dags/example_kubernetes_executor.py
[2024-10-22T04:44:24.031+0000] {processor.py:925} INFO - DAG(s) 'example_kubernetes_executor' retrieved from /home/airflow/.local/lib/python3.12/site-packages/airflow/example_dags/example_kubernetes_executor.py
[2024-10-22T04:44:24.120+0000] {logging_mixin.py:190} INFO - [2024-10-22T04:44:24.120+0000] {dag.py:3239} INFO - Sync 1 DAGs
[2024-10-22T04:44:24.147+0000] {logging_mixin.py:190} INFO - [2024-10-22T04:44:24.147+0000] {dag.py:4180} INFO - Setting next_dagrun for example_kubernetes_executor to None, run_after=None
[2024-10-22T04:44:24.177+0000] {processor.py:208} INFO - Processing /home/airflow/.local/lib/python3.12/site-packages/airflow/example_dags/example_kubernetes_executor.py took 0.185 seconds
[2024-10-22T04:44:54.240+0000] {processor.py:186} INFO - Started process (PID=66021) to work on /home/airflow/.local/lib/python3.12/site-packages/airflow/example_dags/example_kubernetes_executor.py
[2024-10-22T04:44:54.241+0000] {processor.py:914} INFO - Processing file /home/airflow/.local/lib/python3.12/site-packages/airflow/example_dags/example_kubernetes_executor.py for tasks to queue
[2024-10-22T04:44:54.243+0000] {logging_mixin.py:190} INFO - [2024-10-22T04:44:54.242+0000] {dagbag.py:588} INFO - Filling up the DagBag from /home/airflow/.local/lib/python3.12/site-packages/airflow/example_dags/example_kubernetes_executor.py
[2024-10-22T04:44:54.263+0000] {processor.py:925} INFO - DAG(s) 'example_kubernetes_executor' retrieved from /home/airflow/.local/lib/python3.12/site-packages/airflow/example_dags/example_kubernetes_executor.py
[2024-10-22T04:44:54.400+0000] {logging_mixin.py:190} INFO - [2024-10-22T04:44:54.399+0000] {dag.py:3239} INFO - Sync 1 DAGs
[2024-10-22T04:44:54.422+0000] {logging_mixin.py:190} INFO - [2024-10-22T04:44:54.422+0000] {dag.py:4180} INFO - Setting next_dagrun for example_kubernetes_executor to None, run_after=None
[2024-10-22T04:44:54.460+0000] {processor.py:208} INFO - Processing /home/airflow/.local/lib/python3.12/site-packages/airflow/example_dags/example_kubernetes_executor.py took 0.231 seconds
[2024-10-22T04:45:25.016+0000] {processor.py:186} INFO - Started process (PID=66089) to work on /home/airflow/.local/lib/python3.12/site-packages/airflow/example_dags/example_kubernetes_executor.py
[2024-10-22T04:45:25.017+0000] {processor.py:914} INFO - Processing file /home/airflow/.local/lib/python3.12/site-packages/airflow/example_dags/example_kubernetes_executor.py for tasks to queue
[2024-10-22T04:45:25.018+0000] {logging_mixin.py:190} INFO - [2024-10-22T04:45:25.018+0000] {dagbag.py:588} INFO - Filling up the DagBag from /home/airflow/.local/lib/python3.12/site-packages/airflow/example_dags/example_kubernetes_executor.py
[2024-10-22T04:45:25.034+0000] {processor.py:925} INFO - DAG(s) 'example_kubernetes_executor' retrieved from /home/airflow/.local/lib/python3.12/site-packages/airflow/example_dags/example_kubernetes_executor.py
[2024-10-22T04:45:25.099+0000] {logging_mixin.py:190} INFO - [2024-10-22T04:45:25.099+0000] {dag.py:3239} INFO - Sync 1 DAGs
[2024-10-22T04:45:25.117+0000] {logging_mixin.py:190} INFO - [2024-10-22T04:45:25.116+0000] {dag.py:4180} INFO - Setting next_dagrun for example_kubernetes_executor to None, run_after=None
[2024-10-22T04:45:25.136+0000] {processor.py:208} INFO - Processing /home/airflow/.local/lib/python3.12/site-packages/airflow/example_dags/example_kubernetes_executor.py took 0.129 seconds
[2024-10-22T04:45:55.730+0000] {processor.py:186} INFO - Started process (PID=66157) to work on /home/airflow/.local/lib/python3.12/site-packages/airflow/example_dags/example_kubernetes_executor.py
[2024-10-22T04:45:55.732+0000] {processor.py:914} INFO - Processing file /home/airflow/.local/lib/python3.12/site-packages/airflow/example_dags/example_kubernetes_executor.py for tasks to queue
[2024-10-22T04:45:55.735+0000] {logging_mixin.py:190} INFO - [2024-10-22T04:45:55.734+0000] {dagbag.py:588} INFO - Filling up the DagBag from /home/airflow/.local/lib/python3.12/site-packages/airflow/example_dags/example_kubernetes_executor.py
[2024-10-22T04:45:55.763+0000] {processor.py:925} INFO - DAG(s) 'example_kubernetes_executor' retrieved from /home/airflow/.local/lib/python3.12/site-packages/airflow/example_dags/example_kubernetes_executor.py
[2024-10-22T04:45:55.861+0000] {logging_mixin.py:190} INFO - [2024-10-22T04:45:55.860+0000] {dag.py:3239} INFO - Sync 1 DAGs
[2024-10-22T04:45:55.889+0000] {logging_mixin.py:190} INFO - [2024-10-22T04:45:55.889+0000] {dag.py:4180} INFO - Setting next_dagrun for example_kubernetes_executor to None, run_after=None
[2024-10-22T04:45:55.914+0000] {processor.py:208} INFO - Processing /home/airflow/.local/lib/python3.12/site-packages/airflow/example_dags/example_kubernetes_executor.py took 0.197 seconds
[2024-10-22T04:46:26.266+0000] {processor.py:186} INFO - Started process (PID=66223) to work on /home/airflow/.local/lib/python3.12/site-packages/airflow/example_dags/example_kubernetes_executor.py
[2024-10-22T04:46:26.268+0000] {processor.py:914} INFO - Processing file /home/airflow/.local/lib/python3.12/site-packages/airflow/example_dags/example_kubernetes_executor.py for tasks to queue
[2024-10-22T04:46:26.269+0000] {logging_mixin.py:190} INFO - [2024-10-22T04:46:26.269+0000] {dagbag.py:588} INFO - Filling up the DagBag from /home/airflow/.local/lib/python3.12/site-packages/airflow/example_dags/example_kubernetes_executor.py
[2024-10-22T04:46:26.290+0000] {processor.py:925} INFO - DAG(s) 'example_kubernetes_executor' retrieved from /home/airflow/.local/lib/python3.12/site-packages/airflow/example_dags/example_kubernetes_executor.py
[2024-10-22T04:46:26.366+0000] {logging_mixin.py:190} INFO - [2024-10-22T04:46:26.366+0000] {dag.py:3239} INFO - Sync 1 DAGs
[2024-10-22T04:46:26.391+0000] {logging_mixin.py:190} INFO - [2024-10-22T04:46:26.391+0000] {dag.py:4180} INFO - Setting next_dagrun for example_kubernetes_executor to None, run_after=None
[2024-10-22T04:46:26.418+0000] {processor.py:208} INFO - Processing /home/airflow/.local/lib/python3.12/site-packages/airflow/example_dags/example_kubernetes_executor.py took 0.162 seconds
[2024-10-22T04:46:56.999+0000] {processor.py:186} INFO - Started process (PID=66290) to work on /home/airflow/.local/lib/python3.12/site-packages/airflow/example_dags/example_kubernetes_executor.py
[2024-10-22T04:46:57.001+0000] {processor.py:914} INFO - Processing file /home/airflow/.local/lib/python3.12/site-packages/airflow/example_dags/example_kubernetes_executor.py for tasks to queue
[2024-10-22T04:46:57.003+0000] {logging_mixin.py:190} INFO - [2024-10-22T04:46:57.002+0000] {dagbag.py:588} INFO - Filling up the DagBag from /home/airflow/.local/lib/python3.12/site-packages/airflow/example_dags/example_kubernetes_executor.py
[2024-10-22T04:46:57.022+0000] {processor.py:925} INFO - DAG(s) 'example_kubernetes_executor' retrieved from /home/airflow/.local/lib/python3.12/site-packages/airflow/example_dags/example_kubernetes_executor.py
[2024-10-22T04:46:57.099+0000] {logging_mixin.py:190} INFO - [2024-10-22T04:46:57.099+0000] {dag.py:3239} INFO - Sync 1 DAGs
[2024-10-22T04:46:57.122+0000] {logging_mixin.py:190} INFO - [2024-10-22T04:46:57.122+0000] {dag.py:4180} INFO - Setting next_dagrun for example_kubernetes_executor to None, run_after=None
[2024-10-22T04:46:57.143+0000] {processor.py:208} INFO - Processing /home/airflow/.local/lib/python3.12/site-packages/airflow/example_dags/example_kubernetes_executor.py took 0.154 seconds
[2024-10-22T04:47:27.487+0000] {processor.py:186} INFO - Started process (PID=66357) to work on /home/airflow/.local/lib/python3.12/site-packages/airflow/example_dags/example_kubernetes_executor.py
[2024-10-22T04:47:27.488+0000] {processor.py:914} INFO - Processing file /home/airflow/.local/lib/python3.12/site-packages/airflow/example_dags/example_kubernetes_executor.py for tasks to queue
[2024-10-22T04:47:27.490+0000] {logging_mixin.py:190} INFO - [2024-10-22T04:47:27.489+0000] {dagbag.py:588} INFO - Filling up the DagBag from /home/airflow/.local/lib/python3.12/site-packages/airflow/example_dags/example_kubernetes_executor.py
[2024-10-22T04:47:27.507+0000] {processor.py:925} INFO - DAG(s) 'example_kubernetes_executor' retrieved from /home/airflow/.local/lib/python3.12/site-packages/airflow/example_dags/example_kubernetes_executor.py
[2024-10-22T04:47:27.568+0000] {logging_mixin.py:190} INFO - [2024-10-22T04:47:27.567+0000] {dag.py:3239} INFO - Sync 1 DAGs
[2024-10-22T04:47:27.587+0000] {logging_mixin.py:190} INFO - [2024-10-22T04:47:27.586+0000] {dag.py:4180} INFO - Setting next_dagrun for example_kubernetes_executor to None, run_after=None
[2024-10-22T04:47:27.608+0000] {processor.py:208} INFO - Processing /home/airflow/.local/lib/python3.12/site-packages/airflow/example_dags/example_kubernetes_executor.py took 0.130 seconds
[2024-10-22T04:47:57.728+0000] {processor.py:186} INFO - Started process (PID=66424) to work on /home/airflow/.local/lib/python3.12/site-packages/airflow/example_dags/example_kubernetes_executor.py
[2024-10-22T04:47:57.730+0000] {processor.py:914} INFO - Processing file /home/airflow/.local/lib/python3.12/site-packages/airflow/example_dags/example_kubernetes_executor.py for tasks to queue
[2024-10-22T04:47:57.731+0000] {logging_mixin.py:190} INFO - [2024-10-22T04:47:57.731+0000] {dagbag.py:588} INFO - Filling up the DagBag from /home/airflow/.local/lib/python3.12/site-packages/airflow/example_dags/example_kubernetes_executor.py
[2024-10-22T04:47:57.747+0000] {processor.py:925} INFO - DAG(s) 'example_kubernetes_executor' retrieved from /home/airflow/.local/lib/python3.12/site-packages/airflow/example_dags/example_kubernetes_executor.py
[2024-10-22T04:47:57.807+0000] {logging_mixin.py:190} INFO - [2024-10-22T04:47:57.807+0000] {dag.py:3239} INFO - Sync 1 DAGs
[2024-10-22T04:47:57.823+0000] {logging_mixin.py:190} INFO - [2024-10-22T04:47:57.823+0000] {dag.py:4180} INFO - Setting next_dagrun for example_kubernetes_executor to None, run_after=None
[2024-10-22T04:47:57.841+0000] {processor.py:208} INFO - Processing /home/airflow/.local/lib/python3.12/site-packages/airflow/example_dags/example_kubernetes_executor.py took 0.121 seconds
[2024-10-22T04:48:27.883+0000] {processor.py:186} INFO - Started process (PID=66490) to work on /home/airflow/.local/lib/python3.12/site-packages/airflow/example_dags/example_kubernetes_executor.py
[2024-10-22T04:48:27.885+0000] {processor.py:914} INFO - Processing file /home/airflow/.local/lib/python3.12/site-packages/airflow/example_dags/example_kubernetes_executor.py for tasks to queue
[2024-10-22T04:48:27.886+0000] {logging_mixin.py:190} INFO - [2024-10-22T04:48:27.886+0000] {dagbag.py:588} INFO - Filling up the DagBag from /home/airflow/.local/lib/python3.12/site-packages/airflow/example_dags/example_kubernetes_executor.py
[2024-10-22T04:48:27.901+0000] {processor.py:925} INFO - DAG(s) 'example_kubernetes_executor' retrieved from /home/airflow/.local/lib/python3.12/site-packages/airflow/example_dags/example_kubernetes_executor.py
[2024-10-22T04:48:27.953+0000] {logging_mixin.py:190} INFO - [2024-10-22T04:48:27.953+0000] {dag.py:3239} INFO - Sync 1 DAGs
[2024-10-22T04:48:27.969+0000] {logging_mixin.py:190} INFO - [2024-10-22T04:48:27.969+0000] {dag.py:4180} INFO - Setting next_dagrun for example_kubernetes_executor to None, run_after=None
[2024-10-22T04:48:27.987+0000] {processor.py:208} INFO - Processing /home/airflow/.local/lib/python3.12/site-packages/airflow/example_dags/example_kubernetes_executor.py took 0.112 seconds
[2024-10-22T04:48:58.808+0000] {processor.py:186} INFO - Started process (PID=66556) to work on /home/airflow/.local/lib/python3.12/site-packages/airflow/example_dags/example_kubernetes_executor.py
[2024-10-22T04:48:58.809+0000] {processor.py:914} INFO - Processing file /home/airflow/.local/lib/python3.12/site-packages/airflow/example_dags/example_kubernetes_executor.py for tasks to queue
[2024-10-22T04:48:58.811+0000] {logging_mixin.py:190} INFO - [2024-10-22T04:48:58.810+0000] {dagbag.py:588} INFO - Filling up the DagBag from /home/airflow/.local/lib/python3.12/site-packages/airflow/example_dags/example_kubernetes_executor.py
[2024-10-22T04:48:58.825+0000] {processor.py:925} INFO - DAG(s) 'example_kubernetes_executor' retrieved from /home/airflow/.local/lib/python3.12/site-packages/airflow/example_dags/example_kubernetes_executor.py
[2024-10-22T04:48:58.879+0000] {logging_mixin.py:190} INFO - [2024-10-22T04:48:58.879+0000] {dag.py:3239} INFO - Sync 1 DAGs
[2024-10-22T04:48:58.896+0000] {logging_mixin.py:190} INFO - [2024-10-22T04:48:58.896+0000] {dag.py:4180} INFO - Setting next_dagrun for example_kubernetes_executor to None, run_after=None
[2024-10-22T04:48:58.915+0000] {processor.py:208} INFO - Processing /home/airflow/.local/lib/python3.12/site-packages/airflow/example_dags/example_kubernetes_executor.py took 0.114 seconds
[2024-10-22T04:49:29.268+0000] {processor.py:186} INFO - Started process (PID=66623) to work on /home/airflow/.local/lib/python3.12/site-packages/airflow/example_dags/example_kubernetes_executor.py
[2024-10-22T04:49:29.269+0000] {processor.py:914} INFO - Processing file /home/airflow/.local/lib/python3.12/site-packages/airflow/example_dags/example_kubernetes_executor.py for tasks to queue
[2024-10-22T04:49:29.271+0000] {logging_mixin.py:190} INFO - [2024-10-22T04:49:29.271+0000] {dagbag.py:588} INFO - Filling up the DagBag from /home/airflow/.local/lib/python3.12/site-packages/airflow/example_dags/example_kubernetes_executor.py
[2024-10-22T04:49:29.285+0000] {processor.py:925} INFO - DAG(s) 'example_kubernetes_executor' retrieved from /home/airflow/.local/lib/python3.12/site-packages/airflow/example_dags/example_kubernetes_executor.py
[2024-10-22T04:49:29.338+0000] {logging_mixin.py:190} INFO - [2024-10-22T04:49:29.338+0000] {dag.py:3239} INFO - Sync 1 DAGs
[2024-10-22T04:49:29.354+0000] {logging_mixin.py:190} INFO - [2024-10-22T04:49:29.354+0000] {dag.py:4180} INFO - Setting next_dagrun for example_kubernetes_executor to None, run_after=None
[2024-10-22T04:49:29.371+0000] {processor.py:208} INFO - Processing /home/airflow/.local/lib/python3.12/site-packages/airflow/example_dags/example_kubernetes_executor.py took 0.111 seconds
[2024-10-22T04:49:59.912+0000] {processor.py:186} INFO - Started process (PID=66690) to work on /home/airflow/.local/lib/python3.12/site-packages/airflow/example_dags/example_kubernetes_executor.py
[2024-10-22T04:49:59.914+0000] {processor.py:914} INFO - Processing file /home/airflow/.local/lib/python3.12/site-packages/airflow/example_dags/example_kubernetes_executor.py for tasks to queue
[2024-10-22T04:49:59.915+0000] {logging_mixin.py:190} INFO - [2024-10-22T04:49:59.915+0000] {dagbag.py:588} INFO - Filling up the DagBag from /home/airflow/.local/lib/python3.12/site-packages/airflow/example_dags/example_kubernetes_executor.py
[2024-10-22T04:49:59.930+0000] {processor.py:925} INFO - DAG(s) 'example_kubernetes_executor' retrieved from /home/airflow/.local/lib/python3.12/site-packages/airflow/example_dags/example_kubernetes_executor.py
[2024-10-22T04:49:59.984+0000] {logging_mixin.py:190} INFO - [2024-10-22T04:49:59.984+0000] {dag.py:3239} INFO - Sync 1 DAGs
[2024-10-22T04:49:59.999+0000] {logging_mixin.py:190} INFO - [2024-10-22T04:49:59.999+0000] {dag.py:4180} INFO - Setting next_dagrun for example_kubernetes_executor to None, run_after=None
[2024-10-22T04:50:00.019+0000] {processor.py:208} INFO - Processing /home/airflow/.local/lib/python3.12/site-packages/airflow/example_dags/example_kubernetes_executor.py took 0.114 seconds
[2024-10-22T04:50:30.373+0000] {processor.py:186} INFO - Started process (PID=66757) to work on /home/airflow/.local/lib/python3.12/site-packages/airflow/example_dags/example_kubernetes_executor.py
[2024-10-22T04:50:30.374+0000] {processor.py:914} INFO - Processing file /home/airflow/.local/lib/python3.12/site-packages/airflow/example_dags/example_kubernetes_executor.py for tasks to queue
[2024-10-22T04:50:30.375+0000] {logging_mixin.py:190} INFO - [2024-10-22T04:50:30.375+0000] {dagbag.py:588} INFO - Filling up the DagBag from /home/airflow/.local/lib/python3.12/site-packages/airflow/example_dags/example_kubernetes_executor.py
[2024-10-22T04:50:30.389+0000] {processor.py:925} INFO - DAG(s) 'example_kubernetes_executor' retrieved from /home/airflow/.local/lib/python3.12/site-packages/airflow/example_dags/example_kubernetes_executor.py
[2024-10-22T04:50:30.448+0000] {logging_mixin.py:190} INFO - [2024-10-22T04:50:30.448+0000] {dag.py:3239} INFO - Sync 1 DAGs
[2024-10-22T04:50:30.464+0000] {logging_mixin.py:190} INFO - [2024-10-22T04:50:30.463+0000] {dag.py:4180} INFO - Setting next_dagrun for example_kubernetes_executor to None, run_after=None
[2024-10-22T04:50:30.483+0000] {processor.py:208} INFO - Processing /home/airflow/.local/lib/python3.12/site-packages/airflow/example_dags/example_kubernetes_executor.py took 0.118 seconds
[2024-10-22T04:51:01.010+0000] {processor.py:186} INFO - Started process (PID=66824) to work on /home/airflow/.local/lib/python3.12/site-packages/airflow/example_dags/example_kubernetes_executor.py
[2024-10-22T04:51:01.011+0000] {processor.py:914} INFO - Processing file /home/airflow/.local/lib/python3.12/site-packages/airflow/example_dags/example_kubernetes_executor.py for tasks to queue
[2024-10-22T04:51:01.012+0000] {logging_mixin.py:190} INFO - [2024-10-22T04:51:01.012+0000] {dagbag.py:588} INFO - Filling up the DagBag from /home/airflow/.local/lib/python3.12/site-packages/airflow/example_dags/example_kubernetes_executor.py
[2024-10-22T04:51:01.027+0000] {processor.py:925} INFO - DAG(s) 'example_kubernetes_executor' retrieved from /home/airflow/.local/lib/python3.12/site-packages/airflow/example_dags/example_kubernetes_executor.py
[2024-10-22T04:51:01.084+0000] {logging_mixin.py:190} INFO - [2024-10-22T04:51:01.083+0000] {dag.py:3239} INFO - Sync 1 DAGs
[2024-10-22T04:51:01.100+0000] {logging_mixin.py:190} INFO - [2024-10-22T04:51:01.100+0000] {dag.py:4180} INFO - Setting next_dagrun for example_kubernetes_executor to None, run_after=None
[2024-10-22T04:51:01.121+0000] {processor.py:208} INFO - Processing /home/airflow/.local/lib/python3.12/site-packages/airflow/example_dags/example_kubernetes_executor.py took 0.118 seconds
[2024-10-22T04:51:31.303+0000] {processor.py:186} INFO - Started process (PID=66891) to work on /home/airflow/.local/lib/python3.12/site-packages/airflow/example_dags/example_kubernetes_executor.py
[2024-10-22T04:51:31.304+0000] {processor.py:914} INFO - Processing file /home/airflow/.local/lib/python3.12/site-packages/airflow/example_dags/example_kubernetes_executor.py for tasks to queue
[2024-10-22T04:51:31.306+0000] {logging_mixin.py:190} INFO - [2024-10-22T04:51:31.306+0000] {dagbag.py:588} INFO - Filling up the DagBag from /home/airflow/.local/lib/python3.12/site-packages/airflow/example_dags/example_kubernetes_executor.py
[2024-10-22T04:51:31.325+0000] {processor.py:925} INFO - DAG(s) 'example_kubernetes_executor' retrieved from /home/airflow/.local/lib/python3.12/site-packages/airflow/example_dags/example_kubernetes_executor.py
[2024-10-22T04:51:31.401+0000] {logging_mixin.py:190} INFO - [2024-10-22T04:51:31.401+0000] {dag.py:3239} INFO - Sync 1 DAGs
[2024-10-22T04:51:31.425+0000] {logging_mixin.py:190} INFO - [2024-10-22T04:51:31.424+0000] {dag.py:4180} INFO - Setting next_dagrun for example_kubernetes_executor to None, run_after=None
[2024-10-22T04:51:31.451+0000] {processor.py:208} INFO - Processing /home/airflow/.local/lib/python3.12/site-packages/airflow/example_dags/example_kubernetes_executor.py took 0.158 seconds
[2024-10-22T04:52:02.138+0000] {processor.py:186} INFO - Started process (PID=66958) to work on /home/airflow/.local/lib/python3.12/site-packages/airflow/example_dags/example_kubernetes_executor.py
[2024-10-22T04:52:02.139+0000] {processor.py:914} INFO - Processing file /home/airflow/.local/lib/python3.12/site-packages/airflow/example_dags/example_kubernetes_executor.py for tasks to queue
[2024-10-22T04:52:02.141+0000] {logging_mixin.py:190} INFO - [2024-10-22T04:52:02.141+0000] {dagbag.py:588} INFO - Filling up the DagBag from /home/airflow/.local/lib/python3.12/site-packages/airflow/example_dags/example_kubernetes_executor.py
[2024-10-22T04:52:02.161+0000] {processor.py:925} INFO - DAG(s) 'example_kubernetes_executor' retrieved from /home/airflow/.local/lib/python3.12/site-packages/airflow/example_dags/example_kubernetes_executor.py
[2024-10-22T04:52:02.234+0000] {logging_mixin.py:190} INFO - [2024-10-22T04:52:02.234+0000] {dag.py:3239} INFO - Sync 1 DAGs
[2024-10-22T04:52:02.258+0000] {logging_mixin.py:190} INFO - [2024-10-22T04:52:02.257+0000] {dag.py:4180} INFO - Setting next_dagrun for example_kubernetes_executor to None, run_after=None
[2024-10-22T04:52:02.528+0000] {processor.py:208} INFO - Processing /home/airflow/.local/lib/python3.12/site-packages/airflow/example_dags/example_kubernetes_executor.py took 0.402 seconds
[2024-10-22T04:52:32.965+0000] {processor.py:186} INFO - Started process (PID=67025) to work on /home/airflow/.local/lib/python3.12/site-packages/airflow/example_dags/example_kubernetes_executor.py
[2024-10-22T04:52:32.969+0000] {processor.py:914} INFO - Processing file /home/airflow/.local/lib/python3.12/site-packages/airflow/example_dags/example_kubernetes_executor.py for tasks to queue
[2024-10-22T04:52:32.972+0000] {logging_mixin.py:190} INFO - [2024-10-22T04:52:32.971+0000] {dagbag.py:588} INFO - Filling up the DagBag from /home/airflow/.local/lib/python3.12/site-packages/airflow/example_dags/example_kubernetes_executor.py
[2024-10-22T04:52:33.012+0000] {processor.py:925} INFO - DAG(s) 'example_kubernetes_executor' retrieved from /home/airflow/.local/lib/python3.12/site-packages/airflow/example_dags/example_kubernetes_executor.py
[2024-10-22T04:52:33.158+0000] {logging_mixin.py:190} INFO - [2024-10-22T04:52:33.157+0000] {dag.py:3239} INFO - Sync 1 DAGs
[2024-10-22T04:52:33.202+0000] {logging_mixin.py:190} INFO - [2024-10-22T04:52:33.201+0000] {dag.py:4180} INFO - Setting next_dagrun for example_kubernetes_executor to None, run_after=None
[2024-10-22T04:52:33.257+0000] {processor.py:208} INFO - Processing /home/airflow/.local/lib/python3.12/site-packages/airflow/example_dags/example_kubernetes_executor.py took 0.313 seconds
[2024-10-22T04:53:14.040+0000] {processor.py:186} INFO - Started process (PID=67093) to work on /home/airflow/.local/lib/python3.12/site-packages/airflow/example_dags/example_kubernetes_executor.py
[2024-10-22T04:53:14.045+0000] {processor.py:914} INFO - Processing file /home/airflow/.local/lib/python3.12/site-packages/airflow/example_dags/example_kubernetes_executor.py for tasks to queue
[2024-10-22T04:53:14.051+0000] {logging_mixin.py:190} INFO - [2024-10-22T04:53:14.049+0000] {dagbag.py:588} INFO - Filling up the DagBag from /home/airflow/.local/lib/python3.12/site-packages/airflow/example_dags/example_kubernetes_executor.py
[2024-10-22T04:53:14.121+0000] {processor.py:925} INFO - DAG(s) 'example_kubernetes_executor' retrieved from /home/airflow/.local/lib/python3.12/site-packages/airflow/example_dags/example_kubernetes_executor.py
[2024-10-22T04:53:14.397+0000] {logging_mixin.py:190} INFO - [2024-10-22T04:53:14.392+0000] {dag.py:3239} INFO - Sync 1 DAGs
[2024-10-22T04:53:14.480+0000] {logging_mixin.py:190} INFO - [2024-10-22T04:53:14.479+0000] {dag.py:4180} INFO - Setting next_dagrun for example_kubernetes_executor to None, run_after=None
[2024-10-22T04:53:14.562+0000] {processor.py:208} INFO - Processing /home/airflow/.local/lib/python3.12/site-packages/airflow/example_dags/example_kubernetes_executor.py took 0.568 seconds
[2024-10-22T04:53:45.976+0000] {processor.py:186} INFO - Started process (PID=67160) to work on /home/airflow/.local/lib/python3.12/site-packages/airflow/example_dags/example_kubernetes_executor.py
[2024-10-22T04:53:45.978+0000] {processor.py:914} INFO - Processing file /home/airflow/.local/lib/python3.12/site-packages/airflow/example_dags/example_kubernetes_executor.py for tasks to queue
[2024-10-22T04:53:45.984+0000] {logging_mixin.py:190} INFO - [2024-10-22T04:53:45.983+0000] {dagbag.py:588} INFO - Filling up the DagBag from /home/airflow/.local/lib/python3.12/site-packages/airflow/example_dags/example_kubernetes_executor.py
[2024-10-22T04:53:46.049+0000] {processor.py:925} INFO - DAG(s) 'example_kubernetes_executor' retrieved from /home/airflow/.local/lib/python3.12/site-packages/airflow/example_dags/example_kubernetes_executor.py
[2024-10-22T04:53:46.229+0000] {logging_mixin.py:190} INFO - [2024-10-22T04:53:46.228+0000] {dag.py:3239} INFO - Sync 1 DAGs
[2024-10-22T04:53:46.277+0000] {logging_mixin.py:190} INFO - [2024-10-22T04:53:46.277+0000] {dag.py:4180} INFO - Setting next_dagrun for example_kubernetes_executor to None, run_after=None
[2024-10-22T04:53:46.337+0000] {processor.py:208} INFO - Processing /home/airflow/.local/lib/python3.12/site-packages/airflow/example_dags/example_kubernetes_executor.py took 0.409 seconds
[2024-10-22T04:54:17.158+0000] {processor.py:186} INFO - Started process (PID=67226) to work on /home/airflow/.local/lib/python3.12/site-packages/airflow/example_dags/example_kubernetes_executor.py
[2024-10-22T04:54:17.161+0000] {processor.py:914} INFO - Processing file /home/airflow/.local/lib/python3.12/site-packages/airflow/example_dags/example_kubernetes_executor.py for tasks to queue
[2024-10-22T04:54:17.165+0000] {logging_mixin.py:190} INFO - [2024-10-22T04:54:17.164+0000] {dagbag.py:588} INFO - Filling up the DagBag from /home/airflow/.local/lib/python3.12/site-packages/airflow/example_dags/example_kubernetes_executor.py
[2024-10-22T04:54:17.218+0000] {processor.py:925} INFO - DAG(s) 'example_kubernetes_executor' retrieved from /home/airflow/.local/lib/python3.12/site-packages/airflow/example_dags/example_kubernetes_executor.py
[2024-10-22T04:54:17.408+0000] {logging_mixin.py:190} INFO - [2024-10-22T04:54:17.407+0000] {dag.py:3239} INFO - Sync 1 DAGs
[2024-10-22T04:54:17.471+0000] {logging_mixin.py:190} INFO - [2024-10-22T04:54:17.470+0000] {dag.py:4180} INFO - Setting next_dagrun for example_kubernetes_executor to None, run_after=None
[2024-10-22T04:54:17.559+0000] {processor.py:208} INFO - Processing /home/airflow/.local/lib/python3.12/site-packages/airflow/example_dags/example_kubernetes_executor.py took 0.426 seconds
[2024-10-22T04:54:50.512+0000] {processor.py:186} INFO - Started process (PID=67293) to work on /home/airflow/.local/lib/python3.12/site-packages/airflow/example_dags/example_kubernetes_executor.py
[2024-10-22T04:54:50.517+0000] {processor.py:914} INFO - Processing file /home/airflow/.local/lib/python3.12/site-packages/airflow/example_dags/example_kubernetes_executor.py for tasks to queue
[2024-10-22T04:54:50.538+0000] {logging_mixin.py:190} INFO - [2024-10-22T04:54:50.534+0000] {dagbag.py:588} INFO - Filling up the DagBag from /home/airflow/.local/lib/python3.12/site-packages/airflow/example_dags/example_kubernetes_executor.py
[2024-10-22T04:54:50.775+0000] {processor.py:925} INFO - DAG(s) 'example_kubernetes_executor' retrieved from /home/airflow/.local/lib/python3.12/site-packages/airflow/example_dags/example_kubernetes_executor.py
[2024-10-22T04:54:51.659+0000] {logging_mixin.py:190} INFO - [2024-10-22T04:54:51.657+0000] {dag.py:3239} INFO - Sync 1 DAGs
[2024-10-22T04:54:51.797+0000] {logging_mixin.py:190} INFO - [2024-10-22T04:54:51.796+0000] {dag.py:4180} INFO - Setting next_dagrun for example_kubernetes_executor to None, run_after=None
[2024-10-22T04:54:51.973+0000] {processor.py:208} INFO - Processing /home/airflow/.local/lib/python3.12/site-packages/airflow/example_dags/example_kubernetes_executor.py took 1.529 seconds
[2024-10-22T04:55:47.721+0000] {processor.py:186} INFO - Started process (PID=67359) to work on /home/airflow/.local/lib/python3.12/site-packages/airflow/example_dags/example_kubernetes_executor.py
[2024-10-22T04:55:47.743+0000] {processor.py:914} INFO - Processing file /home/airflow/.local/lib/python3.12/site-packages/airflow/example_dags/example_kubernetes_executor.py for tasks to queue
[2024-10-22T04:55:47.754+0000] {logging_mixin.py:190} INFO - [2024-10-22T04:55:47.752+0000] {dagbag.py:588} INFO - Filling up the DagBag from /home/airflow/.local/lib/python3.12/site-packages/airflow/example_dags/example_kubernetes_executor.py
[2024-10-22T04:55:47.990+0000] {processor.py:925} INFO - DAG(s) 'example_kubernetes_executor' retrieved from /home/airflow/.local/lib/python3.12/site-packages/airflow/example_dags/example_kubernetes_executor.py
[2024-10-22T04:55:48.634+0000] {logging_mixin.py:190} INFO - [2024-10-22T04:55:48.632+0000] {dag.py:3239} INFO - Sync 1 DAGs
[2024-10-22T04:55:48.902+0000] {logging_mixin.py:190} INFO - [2024-10-22T04:55:48.901+0000] {dag.py:4180} INFO - Setting next_dagrun for example_kubernetes_executor to None, run_after=None
[2024-10-22T04:55:49.129+0000] {processor.py:208} INFO - Processing /home/airflow/.local/lib/python3.12/site-packages/airflow/example_dags/example_kubernetes_executor.py took 1.503 seconds
[2024-10-22T04:56:42.166+0000] {processor.py:186} INFO - Started process (PID=67431) to work on /home/airflow/.local/lib/python3.12/site-packages/airflow/example_dags/example_kubernetes_executor.py
[2024-10-22T04:56:42.175+0000] {processor.py:914} INFO - Processing file /home/airflow/.local/lib/python3.12/site-packages/airflow/example_dags/example_kubernetes_executor.py for tasks to queue
[2024-10-22T04:56:42.187+0000] {logging_mixin.py:190} INFO - [2024-10-22T04:56:42.185+0000] {dagbag.py:588} INFO - Filling up the DagBag from /home/airflow/.local/lib/python3.12/site-packages/airflow/example_dags/example_kubernetes_executor.py
[2024-10-22T04:56:42.377+0000] {processor.py:925} INFO - DAG(s) 'example_kubernetes_executor' retrieved from /home/airflow/.local/lib/python3.12/site-packages/airflow/example_dags/example_kubernetes_executor.py
[2024-10-22T04:56:42.822+0000] {logging_mixin.py:190} INFO - [2024-10-22T04:56:42.820+0000] {dag.py:3239} INFO - Sync 1 DAGs
[2024-10-22T04:56:42.911+0000] {logging_mixin.py:190} INFO - [2024-10-22T04:56:42.910+0000] {dag.py:4180} INFO - Setting next_dagrun for example_kubernetes_executor to None, run_after=None
[2024-10-22T04:56:43.011+0000] {processor.py:208} INFO - Processing /home/airflow/.local/lib/python3.12/site-packages/airflow/example_dags/example_kubernetes_executor.py took 0.945 seconds
[2024-10-22T04:57:13.397+0000] {processor.py:186} INFO - Started process (PID=67497) to work on /home/airflow/.local/lib/python3.12/site-packages/airflow/example_dags/example_kubernetes_executor.py
[2024-10-22T04:57:13.399+0000] {processor.py:914} INFO - Processing file /home/airflow/.local/lib/python3.12/site-packages/airflow/example_dags/example_kubernetes_executor.py for tasks to queue
[2024-10-22T04:57:13.403+0000] {logging_mixin.py:190} INFO - [2024-10-22T04:57:13.402+0000] {dagbag.py:588} INFO - Filling up the DagBag from /home/airflow/.local/lib/python3.12/site-packages/airflow/example_dags/example_kubernetes_executor.py
[2024-10-22T04:57:13.442+0000] {processor.py:925} INFO - DAG(s) 'example_kubernetes_executor' retrieved from /home/airflow/.local/lib/python3.12/site-packages/airflow/example_dags/example_kubernetes_executor.py
[2024-10-22T04:57:13.582+0000] {logging_mixin.py:190} INFO - [2024-10-22T04:57:13.581+0000] {dag.py:3239} INFO - Sync 1 DAGs
[2024-10-22T04:57:13.626+0000] {logging_mixin.py:190} INFO - [2024-10-22T04:57:13.625+0000] {dag.py:4180} INFO - Setting next_dagrun for example_kubernetes_executor to None, run_after=None
[2024-10-22T04:57:13.676+0000] {processor.py:208} INFO - Processing /home/airflow/.local/lib/python3.12/site-packages/airflow/example_dags/example_kubernetes_executor.py took 0.299 seconds
[2024-10-22T04:57:43.957+0000] {processor.py:186} INFO - Started process (PID=67563) to work on /home/airflow/.local/lib/python3.12/site-packages/airflow/example_dags/example_kubernetes_executor.py
[2024-10-22T04:57:43.959+0000] {processor.py:914} INFO - Processing file /home/airflow/.local/lib/python3.12/site-packages/airflow/example_dags/example_kubernetes_executor.py for tasks to queue
[2024-10-22T04:57:43.962+0000] {logging_mixin.py:190} INFO - [2024-10-22T04:57:43.961+0000] {dagbag.py:588} INFO - Filling up the DagBag from /home/airflow/.local/lib/python3.12/site-packages/airflow/example_dags/example_kubernetes_executor.py
[2024-10-22T04:57:43.990+0000] {processor.py:925} INFO - DAG(s) 'example_kubernetes_executor' retrieved from /home/airflow/.local/lib/python3.12/site-packages/airflow/example_dags/example_kubernetes_executor.py
[2024-10-22T04:57:44.090+0000] {logging_mixin.py:190} INFO - [2024-10-22T04:57:44.090+0000] {dag.py:3239} INFO - Sync 1 DAGs
[2024-10-22T04:57:44.120+0000] {logging_mixin.py:190} INFO - [2024-10-22T04:57:44.120+0000] {dag.py:4180} INFO - Setting next_dagrun for example_kubernetes_executor to None, run_after=None
[2024-10-22T04:57:44.155+0000] {processor.py:208} INFO - Processing /home/airflow/.local/lib/python3.12/site-packages/airflow/example_dags/example_kubernetes_executor.py took 0.213 seconds
[2024-10-22T04:58:14.910+0000] {processor.py:186} INFO - Started process (PID=67630) to work on /home/airflow/.local/lib/python3.12/site-packages/airflow/example_dags/example_kubernetes_executor.py
[2024-10-22T04:58:14.911+0000] {processor.py:914} INFO - Processing file /home/airflow/.local/lib/python3.12/site-packages/airflow/example_dags/example_kubernetes_executor.py for tasks to queue
[2024-10-22T04:58:14.915+0000] {logging_mixin.py:190} INFO - [2024-10-22T04:58:14.914+0000] {dagbag.py:588} INFO - Filling up the DagBag from /home/airflow/.local/lib/python3.12/site-packages/airflow/example_dags/example_kubernetes_executor.py
[2024-10-22T04:58:14.936+0000] {processor.py:925} INFO - DAG(s) 'example_kubernetes_executor' retrieved from /home/airflow/.local/lib/python3.12/site-packages/airflow/example_dags/example_kubernetes_executor.py
[2024-10-22T04:58:15.009+0000] {logging_mixin.py:190} INFO - [2024-10-22T04:58:15.009+0000] {dag.py:3239} INFO - Sync 1 DAGs
[2024-10-22T04:58:15.032+0000] {logging_mixin.py:190} INFO - [2024-10-22T04:58:15.031+0000] {dag.py:4180} INFO - Setting next_dagrun for example_kubernetes_executor to None, run_after=None
[2024-10-22T04:58:15.061+0000] {processor.py:208} INFO - Processing /home/airflow/.local/lib/python3.12/site-packages/airflow/example_dags/example_kubernetes_executor.py took 0.162 seconds
[2024-10-22T04:58:46.102+0000] {processor.py:186} INFO - Started process (PID=67697) to work on /home/airflow/.local/lib/python3.12/site-packages/airflow/example_dags/example_kubernetes_executor.py
[2024-10-22T04:58:46.103+0000] {processor.py:914} INFO - Processing file /home/airflow/.local/lib/python3.12/site-packages/airflow/example_dags/example_kubernetes_executor.py for tasks to queue
[2024-10-22T04:58:46.105+0000] {logging_mixin.py:190} INFO - [2024-10-22T04:58:46.105+0000] {dagbag.py:588} INFO - Filling up the DagBag from /home/airflow/.local/lib/python3.12/site-packages/airflow/example_dags/example_kubernetes_executor.py
[2024-10-22T04:58:46.124+0000] {processor.py:925} INFO - DAG(s) 'example_kubernetes_executor' retrieved from /home/airflow/.local/lib/python3.12/site-packages/airflow/example_dags/example_kubernetes_executor.py
[2024-10-22T04:58:46.189+0000] {logging_mixin.py:190} INFO - [2024-10-22T04:58:46.189+0000] {dag.py:3239} INFO - Sync 1 DAGs
[2024-10-22T04:58:46.208+0000] {logging_mixin.py:190} INFO - [2024-10-22T04:58:46.208+0000] {dag.py:4180} INFO - Setting next_dagrun for example_kubernetes_executor to None, run_after=None
[2024-10-22T04:58:46.231+0000] {processor.py:208} INFO - Processing /home/airflow/.local/lib/python3.12/site-packages/airflow/example_dags/example_kubernetes_executor.py took 0.138 seconds
[2024-10-22T04:59:16.900+0000] {processor.py:186} INFO - Started process (PID=67764) to work on /home/airflow/.local/lib/python3.12/site-packages/airflow/example_dags/example_kubernetes_executor.py
[2024-10-22T04:59:16.903+0000] {processor.py:914} INFO - Processing file /home/airflow/.local/lib/python3.12/site-packages/airflow/example_dags/example_kubernetes_executor.py for tasks to queue
[2024-10-22T04:59:16.907+0000] {logging_mixin.py:190} INFO - [2024-10-22T04:59:16.906+0000] {dagbag.py:588} INFO - Filling up the DagBag from /home/airflow/.local/lib/python3.12/site-packages/airflow/example_dags/example_kubernetes_executor.py
[2024-10-22T04:59:16.951+0000] {processor.py:925} INFO - DAG(s) 'example_kubernetes_executor' retrieved from /home/airflow/.local/lib/python3.12/site-packages/airflow/example_dags/example_kubernetes_executor.py
[2024-10-22T04:59:17.344+0000] {logging_mixin.py:190} INFO - [2024-10-22T04:59:17.342+0000] {dag.py:3239} INFO - Sync 1 DAGs
[2024-10-22T04:59:17.394+0000] {logging_mixin.py:190} INFO - [2024-10-22T04:59:17.394+0000] {dag.py:4180} INFO - Setting next_dagrun for example_kubernetes_executor to None, run_after=None
[2024-10-22T04:59:17.444+0000] {processor.py:208} INFO - Processing /home/airflow/.local/lib/python3.12/site-packages/airflow/example_dags/example_kubernetes_executor.py took 0.564 seconds
[2024-10-22T04:59:48.175+0000] {processor.py:186} INFO - Started process (PID=67829) to work on /home/airflow/.local/lib/python3.12/site-packages/airflow/example_dags/example_kubernetes_executor.py
[2024-10-22T04:59:48.179+0000] {processor.py:914} INFO - Processing file /home/airflow/.local/lib/python3.12/site-packages/airflow/example_dags/example_kubernetes_executor.py for tasks to queue
[2024-10-22T04:59:48.186+0000] {logging_mixin.py:190} INFO - [2024-10-22T04:59:48.184+0000] {dagbag.py:588} INFO - Filling up the DagBag from /home/airflow/.local/lib/python3.12/site-packages/airflow/example_dags/example_kubernetes_executor.py
[2024-10-22T04:59:48.255+0000] {processor.py:925} INFO - DAG(s) 'example_kubernetes_executor' retrieved from /home/airflow/.local/lib/python3.12/site-packages/airflow/example_dags/example_kubernetes_executor.py
[2024-10-22T04:59:48.499+0000] {logging_mixin.py:190} INFO - [2024-10-22T04:59:48.498+0000] {dag.py:3239} INFO - Sync 1 DAGs
[2024-10-22T04:59:48.580+0000] {logging_mixin.py:190} INFO - [2024-10-22T04:59:48.578+0000] {dag.py:4180} INFO - Setting next_dagrun for example_kubernetes_executor to None, run_after=None
[2024-10-22T04:59:48.665+0000] {processor.py:208} INFO - Processing /home/airflow/.local/lib/python3.12/site-packages/airflow/example_dags/example_kubernetes_executor.py took 0.524 seconds
[2024-10-22T05:00:22.660+0000] {processor.py:186} INFO - Started process (PID=67895) to work on /home/airflow/.local/lib/python3.12/site-packages/airflow/example_dags/example_kubernetes_executor.py
[2024-10-22T05:00:22.668+0000] {processor.py:914} INFO - Processing file /home/airflow/.local/lib/python3.12/site-packages/airflow/example_dags/example_kubernetes_executor.py for tasks to queue
[2024-10-22T05:00:22.681+0000] {logging_mixin.py:190} INFO - [2024-10-22T05:00:22.675+0000] {dagbag.py:588} INFO - Filling up the DagBag from /home/airflow/.local/lib/python3.12/site-packages/airflow/example_dags/example_kubernetes_executor.py
[2024-10-22T05:00:22.796+0000] {processor.py:925} INFO - DAG(s) 'example_kubernetes_executor' retrieved from /home/airflow/.local/lib/python3.12/site-packages/airflow/example_dags/example_kubernetes_executor.py
[2024-10-22T05:00:23.458+0000] {logging_mixin.py:190} INFO - [2024-10-22T05:00:23.456+0000] {dag.py:3239} INFO - Sync 1 DAGs
[2024-10-22T05:00:23.604+0000] {logging_mixin.py:190} INFO - [2024-10-22T05:00:23.602+0000] {dag.py:4180} INFO - Setting next_dagrun for example_kubernetes_executor to None, run_after=None
[2024-10-22T05:00:23.751+0000] {processor.py:208} INFO - Processing /home/airflow/.local/lib/python3.12/site-packages/airflow/example_dags/example_kubernetes_executor.py took 1.146 seconds
[2024-10-22T05:01:17.952+0000] {processor.py:186} INFO - Started process (PID=67962) to work on /home/airflow/.local/lib/python3.12/site-packages/airflow/example_dags/example_kubernetes_executor.py
[2024-10-22T05:01:17.961+0000] {processor.py:914} INFO - Processing file /home/airflow/.local/lib/python3.12/site-packages/airflow/example_dags/example_kubernetes_executor.py for tasks to queue
[2024-10-22T05:01:17.985+0000] {logging_mixin.py:190} INFO - [2024-10-22T05:01:17.980+0000] {dagbag.py:588} INFO - Filling up the DagBag from /home/airflow/.local/lib/python3.12/site-packages/airflow/example_dags/example_kubernetes_executor.py
[2024-10-22T05:01:18.161+0000] {processor.py:925} INFO - DAG(s) 'example_kubernetes_executor' retrieved from /home/airflow/.local/lib/python3.12/site-packages/airflow/example_dags/example_kubernetes_executor.py
[2024-10-22T05:01:19.684+0000] {logging_mixin.py:190} INFO - [2024-10-22T05:01:19.675+0000] {dag.py:3239} INFO - Sync 1 DAGs
[2024-10-22T05:01:21.222+0000] {logging_mixin.py:190} INFO - [2024-10-22T05:01:21.208+0000] {dag.py:4180} INFO - Setting next_dagrun for example_kubernetes_executor to None, run_after=None
[2024-10-22T05:01:22.095+0000] {processor.py:208} INFO - Processing /home/airflow/.local/lib/python3.12/site-packages/airflow/example_dags/example_kubernetes_executor.py took 4.207 seconds
[2024-10-22T05:02:19.949+0000] {processor.py:186} INFO - Started process (PID=68034) to work on /home/airflow/.local/lib/python3.12/site-packages/airflow/example_dags/example_kubernetes_executor.py
[2024-10-22T05:02:19.954+0000] {processor.py:914} INFO - Processing file /home/airflow/.local/lib/python3.12/site-packages/airflow/example_dags/example_kubernetes_executor.py for tasks to queue
[2024-10-22T05:02:19.960+0000] {logging_mixin.py:190} INFO - [2024-10-22T05:02:19.958+0000] {dagbag.py:588} INFO - Filling up the DagBag from /home/airflow/.local/lib/python3.12/site-packages/airflow/example_dags/example_kubernetes_executor.py
[2024-10-22T05:02:20.018+0000] {processor.py:925} INFO - DAG(s) 'example_kubernetes_executor' retrieved from /home/airflow/.local/lib/python3.12/site-packages/airflow/example_dags/example_kubernetes_executor.py
[2024-10-22T05:02:20.241+0000] {logging_mixin.py:190} INFO - [2024-10-22T05:02:20.240+0000] {dag.py:3239} INFO - Sync 1 DAGs
[2024-10-22T05:02:20.313+0000] {logging_mixin.py:190} INFO - [2024-10-22T05:02:20.313+0000] {dag.py:4180} INFO - Setting next_dagrun for example_kubernetes_executor to None, run_after=None
[2024-10-22T05:02:20.386+0000] {processor.py:208} INFO - Processing /home/airflow/.local/lib/python3.12/site-packages/airflow/example_dags/example_kubernetes_executor.py took 0.470 seconds
[2024-10-22T05:02:50.529+0000] {processor.py:186} INFO - Started process (PID=68098) to work on /home/airflow/.local/lib/python3.12/site-packages/airflow/example_dags/example_kubernetes_executor.py
[2024-10-22T05:02:50.532+0000] {processor.py:914} INFO - Processing file /home/airflow/.local/lib/python3.12/site-packages/airflow/example_dags/example_kubernetes_executor.py for tasks to queue
[2024-10-22T05:02:50.536+0000] {logging_mixin.py:190} INFO - [2024-10-22T05:02:50.535+0000] {dagbag.py:588} INFO - Filling up the DagBag from /home/airflow/.local/lib/python3.12/site-packages/airflow/example_dags/example_kubernetes_executor.py
[2024-10-22T05:02:50.581+0000] {processor.py:925} INFO - DAG(s) 'example_kubernetes_executor' retrieved from /home/airflow/.local/lib/python3.12/site-packages/airflow/example_dags/example_kubernetes_executor.py
[2024-10-22T05:02:50.933+0000] {logging_mixin.py:190} INFO - [2024-10-22T05:02:50.930+0000] {dag.py:3239} INFO - Sync 1 DAGs
[2024-10-22T05:02:50.996+0000] {logging_mixin.py:190} INFO - [2024-10-22T05:02:50.995+0000] {dag.py:4180} INFO - Setting next_dagrun for example_kubernetes_executor to None, run_after=None
[2024-10-22T05:02:51.061+0000] {processor.py:208} INFO - Processing /home/airflow/.local/lib/python3.12/site-packages/airflow/example_dags/example_kubernetes_executor.py took 0.556 seconds
[2024-10-22T05:03:21.259+0000] {processor.py:186} INFO - Started process (PID=68165) to work on /home/airflow/.local/lib/python3.12/site-packages/airflow/example_dags/example_kubernetes_executor.py
[2024-10-22T05:03:21.262+0000] {processor.py:914} INFO - Processing file /home/airflow/.local/lib/python3.12/site-packages/airflow/example_dags/example_kubernetes_executor.py for tasks to queue
[2024-10-22T05:03:21.266+0000] {logging_mixin.py:190} INFO - [2024-10-22T05:03:21.265+0000] {dagbag.py:588} INFO - Filling up the DagBag from /home/airflow/.local/lib/python3.12/site-packages/airflow/example_dags/example_kubernetes_executor.py
[2024-10-22T05:03:21.302+0000] {processor.py:925} INFO - DAG(s) 'example_kubernetes_executor' retrieved from /home/airflow/.local/lib/python3.12/site-packages/airflow/example_dags/example_kubernetes_executor.py
[2024-10-22T05:03:21.497+0000] {logging_mixin.py:190} INFO - [2024-10-22T05:03:21.495+0000] {dag.py:3239} INFO - Sync 1 DAGs
[2024-10-22T05:03:21.540+0000] {logging_mixin.py:190} INFO - [2024-10-22T05:03:21.539+0000] {dag.py:4180} INFO - Setting next_dagrun for example_kubernetes_executor to None, run_after=None
[2024-10-22T05:03:21.588+0000] {processor.py:208} INFO - Processing /home/airflow/.local/lib/python3.12/site-packages/airflow/example_dags/example_kubernetes_executor.py took 0.351 seconds
[2024-10-22T05:03:51.996+0000] {processor.py:186} INFO - Started process (PID=68231) to work on /home/airflow/.local/lib/python3.12/site-packages/airflow/example_dags/example_kubernetes_executor.py
[2024-10-22T05:03:52.002+0000] {processor.py:914} INFO - Processing file /home/airflow/.local/lib/python3.12/site-packages/airflow/example_dags/example_kubernetes_executor.py for tasks to queue
[2024-10-22T05:03:52.006+0000] {logging_mixin.py:190} INFO - [2024-10-22T05:03:52.005+0000] {dagbag.py:588} INFO - Filling up the DagBag from /home/airflow/.local/lib/python3.12/site-packages/airflow/example_dags/example_kubernetes_executor.py
[2024-10-22T05:03:52.051+0000] {processor.py:925} INFO - DAG(s) 'example_kubernetes_executor' retrieved from /home/airflow/.local/lib/python3.12/site-packages/airflow/example_dags/example_kubernetes_executor.py
[2024-10-22T05:03:52.242+0000] {logging_mixin.py:190} INFO - [2024-10-22T05:03:52.241+0000] {dag.py:3239} INFO - Sync 1 DAGs
[2024-10-22T05:03:52.295+0000] {logging_mixin.py:190} INFO - [2024-10-22T05:03:52.292+0000] {dag.py:4180} INFO - Setting next_dagrun for example_kubernetes_executor to None, run_after=None
[2024-10-22T05:03:52.347+0000] {processor.py:208} INFO - Processing /home/airflow/.local/lib/python3.12/site-packages/airflow/example_dags/example_kubernetes_executor.py took 0.370 seconds
[2024-10-22T05:04:22.594+0000] {processor.py:186} INFO - Started process (PID=68298) to work on /home/airflow/.local/lib/python3.12/site-packages/airflow/example_dags/example_kubernetes_executor.py
[2024-10-22T05:04:22.596+0000] {processor.py:914} INFO - Processing file /home/airflow/.local/lib/python3.12/site-packages/airflow/example_dags/example_kubernetes_executor.py for tasks to queue
[2024-10-22T05:04:22.599+0000] {logging_mixin.py:190} INFO - [2024-10-22T05:04:22.598+0000] {dagbag.py:588} INFO - Filling up the DagBag from /home/airflow/.local/lib/python3.12/site-packages/airflow/example_dags/example_kubernetes_executor.py
[2024-10-22T05:04:22.631+0000] {processor.py:925} INFO - DAG(s) 'example_kubernetes_executor' retrieved from /home/airflow/.local/lib/python3.12/site-packages/airflow/example_dags/example_kubernetes_executor.py
[2024-10-22T05:04:22.750+0000] {logging_mixin.py:190} INFO - [2024-10-22T05:04:22.749+0000] {dag.py:3239} INFO - Sync 1 DAGs
[2024-10-22T05:04:22.793+0000] {logging_mixin.py:190} INFO - [2024-10-22T05:04:22.792+0000] {dag.py:4180} INFO - Setting next_dagrun for example_kubernetes_executor to None, run_after=None
[2024-10-22T05:04:22.828+0000] {processor.py:208} INFO - Processing /home/airflow/.local/lib/python3.12/site-packages/airflow/example_dags/example_kubernetes_executor.py took 0.250 seconds
[2024-10-22T05:04:53.753+0000] {processor.py:186} INFO - Started process (PID=68365) to work on /home/airflow/.local/lib/python3.12/site-packages/airflow/example_dags/example_kubernetes_executor.py
[2024-10-22T05:04:53.756+0000] {processor.py:914} INFO - Processing file /home/airflow/.local/lib/python3.12/site-packages/airflow/example_dags/example_kubernetes_executor.py for tasks to queue
[2024-10-22T05:04:53.760+0000] {logging_mixin.py:190} INFO - [2024-10-22T05:04:53.759+0000] {dagbag.py:588} INFO - Filling up the DagBag from /home/airflow/.local/lib/python3.12/site-packages/airflow/example_dags/example_kubernetes_executor.py
[2024-10-22T05:04:53.797+0000] {processor.py:925} INFO - DAG(s) 'example_kubernetes_executor' retrieved from /home/airflow/.local/lib/python3.12/site-packages/airflow/example_dags/example_kubernetes_executor.py
[2024-10-22T05:04:53.930+0000] {logging_mixin.py:190} INFO - [2024-10-22T05:04:53.929+0000] {dag.py:3239} INFO - Sync 1 DAGs
[2024-10-22T05:04:53.974+0000] {logging_mixin.py:190} INFO - [2024-10-22T05:04:53.974+0000] {dag.py:4180} INFO - Setting next_dagrun for example_kubernetes_executor to None, run_after=None
[2024-10-22T05:04:54.012+0000] {processor.py:208} INFO - Processing /home/airflow/.local/lib/python3.12/site-packages/airflow/example_dags/example_kubernetes_executor.py took 0.275 seconds
[2024-10-22T05:05:24.959+0000] {processor.py:186} INFO - Started process (PID=68431) to work on /home/airflow/.local/lib/python3.12/site-packages/airflow/example_dags/example_kubernetes_executor.py
[2024-10-22T05:05:24.962+0000] {processor.py:914} INFO - Processing file /home/airflow/.local/lib/python3.12/site-packages/airflow/example_dags/example_kubernetes_executor.py for tasks to queue
[2024-10-22T05:05:24.966+0000] {logging_mixin.py:190} INFO - [2024-10-22T05:05:24.965+0000] {dagbag.py:588} INFO - Filling up the DagBag from /home/airflow/.local/lib/python3.12/site-packages/airflow/example_dags/example_kubernetes_executor.py
[2024-10-22T05:05:25.010+0000] {processor.py:925} INFO - DAG(s) 'example_kubernetes_executor' retrieved from /home/airflow/.local/lib/python3.12/site-packages/airflow/example_dags/example_kubernetes_executor.py
[2024-10-22T05:05:25.161+0000] {logging_mixin.py:190} INFO - [2024-10-22T05:05:25.161+0000] {dag.py:3239} INFO - Sync 1 DAGs
[2024-10-22T05:05:25.208+0000] {logging_mixin.py:190} INFO - [2024-10-22T05:05:25.206+0000] {dag.py:4180} INFO - Setting next_dagrun for example_kubernetes_executor to None, run_after=None
[2024-10-22T05:05:25.252+0000] {processor.py:208} INFO - Processing /home/airflow/.local/lib/python3.12/site-packages/airflow/example_dags/example_kubernetes_executor.py took 0.349 seconds
[2024-10-22T05:05:55.759+0000] {processor.py:186} INFO - Started process (PID=68497) to work on /home/airflow/.local/lib/python3.12/site-packages/airflow/example_dags/example_kubernetes_executor.py
[2024-10-22T05:05:55.768+0000] {processor.py:914} INFO - Processing file /home/airflow/.local/lib/python3.12/site-packages/airflow/example_dags/example_kubernetes_executor.py for tasks to queue
[2024-10-22T05:05:55.784+0000] {logging_mixin.py:190} INFO - [2024-10-22T05:05:55.778+0000] {dagbag.py:588} INFO - Filling up the DagBag from /home/airflow/.local/lib/python3.12/site-packages/airflow/example_dags/example_kubernetes_executor.py
[2024-10-22T05:05:55.860+0000] {processor.py:925} INFO - DAG(s) 'example_kubernetes_executor' retrieved from /home/airflow/.local/lib/python3.12/site-packages/airflow/example_dags/example_kubernetes_executor.py
[2024-10-22T05:05:56.084+0000] {logging_mixin.py:190} INFO - [2024-10-22T05:05:56.083+0000] {dag.py:3239} INFO - Sync 1 DAGs
[2024-10-22T05:05:56.134+0000] {logging_mixin.py:190} INFO - [2024-10-22T05:05:56.134+0000] {dag.py:4180} INFO - Setting next_dagrun for example_kubernetes_executor to None, run_after=None
[2024-10-22T05:05:56.223+0000] {processor.py:208} INFO - Processing /home/airflow/.local/lib/python3.12/site-packages/airflow/example_dags/example_kubernetes_executor.py took 0.527 seconds
[2024-10-22T05:06:26.410+0000] {processor.py:186} INFO - Started process (PID=68563) to work on /home/airflow/.local/lib/python3.12/site-packages/airflow/example_dags/example_kubernetes_executor.py
[2024-10-22T05:06:26.413+0000] {processor.py:914} INFO - Processing file /home/airflow/.local/lib/python3.12/site-packages/airflow/example_dags/example_kubernetes_executor.py for tasks to queue
[2024-10-22T05:06:26.418+0000] {logging_mixin.py:190} INFO - [2024-10-22T05:06:26.416+0000] {dagbag.py:588} INFO - Filling up the DagBag from /home/airflow/.local/lib/python3.12/site-packages/airflow/example_dags/example_kubernetes_executor.py
[2024-10-22T05:06:26.457+0000] {processor.py:925} INFO - DAG(s) 'example_kubernetes_executor' retrieved from /home/airflow/.local/lib/python3.12/site-packages/airflow/example_dags/example_kubernetes_executor.py
[2024-10-22T05:06:26.673+0000] {logging_mixin.py:190} INFO - [2024-10-22T05:06:26.626+0000] {dag.py:3239} INFO - Sync 1 DAGs
[2024-10-22T05:06:26.729+0000] {logging_mixin.py:190} INFO - [2024-10-22T05:06:26.729+0000] {dag.py:4180} INFO - Setting next_dagrun for example_kubernetes_executor to None, run_after=None
[2024-10-22T05:06:26.778+0000] {processor.py:208} INFO - Processing /home/airflow/.local/lib/python3.12/site-packages/airflow/example_dags/example_kubernetes_executor.py took 0.388 seconds
[2024-10-22T05:06:57.683+0000] {processor.py:186} INFO - Started process (PID=68630) to work on /home/airflow/.local/lib/python3.12/site-packages/airflow/example_dags/example_kubernetes_executor.py
[2024-10-22T05:06:57.685+0000] {processor.py:914} INFO - Processing file /home/airflow/.local/lib/python3.12/site-packages/airflow/example_dags/example_kubernetes_executor.py for tasks to queue
[2024-10-22T05:06:57.691+0000] {logging_mixin.py:190} INFO - [2024-10-22T05:06:57.689+0000] {dagbag.py:588} INFO - Filling up the DagBag from /home/airflow/.local/lib/python3.12/site-packages/airflow/example_dags/example_kubernetes_executor.py
[2024-10-22T05:06:57.734+0000] {processor.py:925} INFO - DAG(s) 'example_kubernetes_executor' retrieved from /home/airflow/.local/lib/python3.12/site-packages/airflow/example_dags/example_kubernetes_executor.py
[2024-10-22T05:06:57.882+0000] {logging_mixin.py:190} INFO - [2024-10-22T05:06:57.881+0000] {dag.py:3239} INFO - Sync 1 DAGs
[2024-10-22T05:06:57.920+0000] {logging_mixin.py:190} INFO - [2024-10-22T05:06:57.919+0000] {dag.py:4180} INFO - Setting next_dagrun for example_kubernetes_executor to None, run_after=None
[2024-10-22T05:06:57.962+0000] {processor.py:208} INFO - Processing /home/airflow/.local/lib/python3.12/site-packages/airflow/example_dags/example_kubernetes_executor.py took 0.299 seconds
[2024-10-22T05:07:28.724+0000] {processor.py:186} INFO - Started process (PID=68696) to work on /home/airflow/.local/lib/python3.12/site-packages/airflow/example_dags/example_kubernetes_executor.py
[2024-10-22T05:07:28.729+0000] {processor.py:914} INFO - Processing file /home/airflow/.local/lib/python3.12/site-packages/airflow/example_dags/example_kubernetes_executor.py for tasks to queue
[2024-10-22T05:07:28.731+0000] {logging_mixin.py:190} INFO - [2024-10-22T05:07:28.730+0000] {dagbag.py:588} INFO - Filling up the DagBag from /home/airflow/.local/lib/python3.12/site-packages/airflow/example_dags/example_kubernetes_executor.py
[2024-10-22T05:07:28.769+0000] {processor.py:925} INFO - DAG(s) 'example_kubernetes_executor' retrieved from /home/airflow/.local/lib/python3.12/site-packages/airflow/example_dags/example_kubernetes_executor.py
[2024-10-22T05:07:28.945+0000] {logging_mixin.py:190} INFO - [2024-10-22T05:07:28.943+0000] {dag.py:3239} INFO - Sync 1 DAGs
[2024-10-22T05:07:28.995+0000] {logging_mixin.py:190} INFO - [2024-10-22T05:07:28.994+0000] {dag.py:4180} INFO - Setting next_dagrun for example_kubernetes_executor to None, run_after=None
[2024-10-22T05:07:29.045+0000] {processor.py:208} INFO - Processing /home/airflow/.local/lib/python3.12/site-packages/airflow/example_dags/example_kubernetes_executor.py took 0.337 seconds
[2024-10-22T05:07:59.721+0000] {processor.py:186} INFO - Started process (PID=68763) to work on /home/airflow/.local/lib/python3.12/site-packages/airflow/example_dags/example_kubernetes_executor.py
[2024-10-22T05:07:59.725+0000] {processor.py:914} INFO - Processing file /home/airflow/.local/lib/python3.12/site-packages/airflow/example_dags/example_kubernetes_executor.py for tasks to queue
[2024-10-22T05:07:59.728+0000] {logging_mixin.py:190} INFO - [2024-10-22T05:07:59.727+0000] {dagbag.py:588} INFO - Filling up the DagBag from /home/airflow/.local/lib/python3.12/site-packages/airflow/example_dags/example_kubernetes_executor.py
[2024-10-22T05:07:59.780+0000] {processor.py:925} INFO - DAG(s) 'example_kubernetes_executor' retrieved from /home/airflow/.local/lib/python3.12/site-packages/airflow/example_dags/example_kubernetes_executor.py
[2024-10-22T05:07:59.926+0000] {logging_mixin.py:190} INFO - [2024-10-22T05:07:59.925+0000] {dag.py:3239} INFO - Sync 1 DAGs
[2024-10-22T05:07:59.979+0000] {logging_mixin.py:190} INFO - [2024-10-22T05:07:59.978+0000] {dag.py:4180} INFO - Setting next_dagrun for example_kubernetes_executor to None, run_after=None
[2024-10-22T05:08:00.030+0000] {processor.py:208} INFO - Processing /home/airflow/.local/lib/python3.12/site-packages/airflow/example_dags/example_kubernetes_executor.py took 0.326 seconds
[2024-10-22T05:08:30.286+0000] {processor.py:186} INFO - Started process (PID=68830) to work on /home/airflow/.local/lib/python3.12/site-packages/airflow/example_dags/example_kubernetes_executor.py
[2024-10-22T05:08:30.290+0000] {processor.py:914} INFO - Processing file /home/airflow/.local/lib/python3.12/site-packages/airflow/example_dags/example_kubernetes_executor.py for tasks to queue
[2024-10-22T05:08:30.294+0000] {logging_mixin.py:190} INFO - [2024-10-22T05:08:30.293+0000] {dagbag.py:588} INFO - Filling up the DagBag from /home/airflow/.local/lib/python3.12/site-packages/airflow/example_dags/example_kubernetes_executor.py
[2024-10-22T05:08:30.334+0000] {processor.py:925} INFO - DAG(s) 'example_kubernetes_executor' retrieved from /home/airflow/.local/lib/python3.12/site-packages/airflow/example_dags/example_kubernetes_executor.py
[2024-10-22T05:08:30.563+0000] {logging_mixin.py:190} INFO - [2024-10-22T05:08:30.563+0000] {dag.py:3239} INFO - Sync 1 DAGs
[2024-10-22T05:08:30.605+0000] {logging_mixin.py:190} INFO - [2024-10-22T05:08:30.604+0000] {dag.py:4180} INFO - Setting next_dagrun for example_kubernetes_executor to None, run_after=None
[2024-10-22T05:08:30.657+0000] {processor.py:208} INFO - Processing /home/airflow/.local/lib/python3.12/site-packages/airflow/example_dags/example_kubernetes_executor.py took 0.392 seconds
[2024-10-22T05:09:01.220+0000] {processor.py:186} INFO - Started process (PID=68897) to work on /home/airflow/.local/lib/python3.12/site-packages/airflow/example_dags/example_kubernetes_executor.py
[2024-10-22T05:09:01.222+0000] {processor.py:914} INFO - Processing file /home/airflow/.local/lib/python3.12/site-packages/airflow/example_dags/example_kubernetes_executor.py for tasks to queue
[2024-10-22T05:09:01.226+0000] {logging_mixin.py:190} INFO - [2024-10-22T05:09:01.225+0000] {dagbag.py:588} INFO - Filling up the DagBag from /home/airflow/.local/lib/python3.12/site-packages/airflow/example_dags/example_kubernetes_executor.py
[2024-10-22T05:09:01.270+0000] {processor.py:925} INFO - DAG(s) 'example_kubernetes_executor' retrieved from /home/airflow/.local/lib/python3.12/site-packages/airflow/example_dags/example_kubernetes_executor.py
[2024-10-22T05:09:01.427+0000] {logging_mixin.py:190} INFO - [2024-10-22T05:09:01.426+0000] {dag.py:3239} INFO - Sync 1 DAGs
[2024-10-22T05:09:01.513+0000] {logging_mixin.py:190} INFO - [2024-10-22T05:09:01.511+0000] {dag.py:4180} INFO - Setting next_dagrun for example_kubernetes_executor to None, run_after=None
[2024-10-22T05:09:01.603+0000] {processor.py:208} INFO - Processing /home/airflow/.local/lib/python3.12/site-packages/airflow/example_dags/example_kubernetes_executor.py took 0.405 seconds
[2024-10-22T05:09:32.126+0000] {processor.py:186} INFO - Started process (PID=68963) to work on /home/airflow/.local/lib/python3.12/site-packages/airflow/example_dags/example_kubernetes_executor.py
[2024-10-22T05:09:32.128+0000] {processor.py:914} INFO - Processing file /home/airflow/.local/lib/python3.12/site-packages/airflow/example_dags/example_kubernetes_executor.py for tasks to queue
[2024-10-22T05:09:32.132+0000] {logging_mixin.py:190} INFO - [2024-10-22T05:09:32.131+0000] {dagbag.py:588} INFO - Filling up the DagBag from /home/airflow/.local/lib/python3.12/site-packages/airflow/example_dags/example_kubernetes_executor.py
[2024-10-22T05:09:32.169+0000] {processor.py:925} INFO - DAG(s) 'example_kubernetes_executor' retrieved from /home/airflow/.local/lib/python3.12/site-packages/airflow/example_dags/example_kubernetes_executor.py
[2024-10-22T05:09:32.303+0000] {logging_mixin.py:190} INFO - [2024-10-22T05:09:32.302+0000] {dag.py:3239} INFO - Sync 1 DAGs
[2024-10-22T05:09:32.352+0000] {logging_mixin.py:190} INFO - [2024-10-22T05:09:32.351+0000] {dag.py:4180} INFO - Setting next_dagrun for example_kubernetes_executor to None, run_after=None
[2024-10-22T05:09:32.395+0000] {processor.py:208} INFO - Processing /home/airflow/.local/lib/python3.12/site-packages/airflow/example_dags/example_kubernetes_executor.py took 0.307 seconds
[2024-10-22T05:10:03.351+0000] {processor.py:186} INFO - Started process (PID=69030) to work on /home/airflow/.local/lib/python3.12/site-packages/airflow/example_dags/example_kubernetes_executor.py
[2024-10-22T05:10:03.353+0000] {processor.py:914} INFO - Processing file /home/airflow/.local/lib/python3.12/site-packages/airflow/example_dags/example_kubernetes_executor.py for tasks to queue
[2024-10-22T05:10:03.357+0000] {logging_mixin.py:190} INFO - [2024-10-22T05:10:03.356+0000] {dagbag.py:588} INFO - Filling up the DagBag from /home/airflow/.local/lib/python3.12/site-packages/airflow/example_dags/example_kubernetes_executor.py
[2024-10-22T05:10:03.400+0000] {processor.py:925} INFO - DAG(s) 'example_kubernetes_executor' retrieved from /home/airflow/.local/lib/python3.12/site-packages/airflow/example_dags/example_kubernetes_executor.py
[2024-10-22T05:10:03.541+0000] {logging_mixin.py:190} INFO - [2024-10-22T05:10:03.540+0000] {dag.py:3239} INFO - Sync 1 DAGs
[2024-10-22T05:10:03.664+0000] {logging_mixin.py:190} INFO - [2024-10-22T05:10:03.663+0000] {dag.py:4180} INFO - Setting next_dagrun for example_kubernetes_executor to None, run_after=None
[2024-10-22T05:10:03.714+0000] {processor.py:208} INFO - Processing /home/airflow/.local/lib/python3.12/site-packages/airflow/example_dags/example_kubernetes_executor.py took 0.383 seconds
[2024-10-22T05:10:34.563+0000] {processor.py:186} INFO - Started process (PID=69097) to work on /home/airflow/.local/lib/python3.12/site-packages/airflow/example_dags/example_kubernetes_executor.py
[2024-10-22T05:10:34.570+0000] {processor.py:914} INFO - Processing file /home/airflow/.local/lib/python3.12/site-packages/airflow/example_dags/example_kubernetes_executor.py for tasks to queue
[2024-10-22T05:10:34.579+0000] {logging_mixin.py:190} INFO - [2024-10-22T05:10:34.576+0000] {dagbag.py:588} INFO - Filling up the DagBag from /home/airflow/.local/lib/python3.12/site-packages/airflow/example_dags/example_kubernetes_executor.py
[2024-10-22T05:10:34.618+0000] {processor.py:925} INFO - DAG(s) 'example_kubernetes_executor' retrieved from /home/airflow/.local/lib/python3.12/site-packages/airflow/example_dags/example_kubernetes_executor.py
[2024-10-22T05:10:34.769+0000] {logging_mixin.py:190} INFO - [2024-10-22T05:10:34.768+0000] {dag.py:3239} INFO - Sync 1 DAGs
[2024-10-22T05:10:34.809+0000] {logging_mixin.py:190} INFO - [2024-10-22T05:10:34.808+0000] {dag.py:4180} INFO - Setting next_dagrun for example_kubernetes_executor to None, run_after=None
[2024-10-22T05:10:34.854+0000] {processor.py:208} INFO - Processing /home/airflow/.local/lib/python3.12/site-packages/airflow/example_dags/example_kubernetes_executor.py took 0.320 seconds
[2024-10-22T05:11:05.181+0000] {processor.py:186} INFO - Started process (PID=69163) to work on /home/airflow/.local/lib/python3.12/site-packages/airflow/example_dags/example_kubernetes_executor.py
[2024-10-22T05:11:05.184+0000] {processor.py:914} INFO - Processing file /home/airflow/.local/lib/python3.12/site-packages/airflow/example_dags/example_kubernetes_executor.py for tasks to queue
[2024-10-22T05:11:05.188+0000] {logging_mixin.py:190} INFO - [2024-10-22T05:11:05.187+0000] {dagbag.py:588} INFO - Filling up the DagBag from /home/airflow/.local/lib/python3.12/site-packages/airflow/example_dags/example_kubernetes_executor.py
[2024-10-22T05:11:05.220+0000] {processor.py:925} INFO - DAG(s) 'example_kubernetes_executor' retrieved from /home/airflow/.local/lib/python3.12/site-packages/airflow/example_dags/example_kubernetes_executor.py
[2024-10-22T05:11:05.360+0000] {logging_mixin.py:190} INFO - [2024-10-22T05:11:05.359+0000] {dag.py:3239} INFO - Sync 1 DAGs
[2024-10-22T05:11:05.401+0000] {logging_mixin.py:190} INFO - [2024-10-22T05:11:05.401+0000] {dag.py:4180} INFO - Setting next_dagrun for example_kubernetes_executor to None, run_after=None
[2024-10-22T05:11:05.445+0000] {processor.py:208} INFO - Processing /home/airflow/.local/lib/python3.12/site-packages/airflow/example_dags/example_kubernetes_executor.py took 0.334 seconds
[2024-10-22T05:11:35.796+0000] {processor.py:186} INFO - Started process (PID=69231) to work on /home/airflow/.local/lib/python3.12/site-packages/airflow/example_dags/example_kubernetes_executor.py
[2024-10-22T05:11:35.798+0000] {processor.py:914} INFO - Processing file /home/airflow/.local/lib/python3.12/site-packages/airflow/example_dags/example_kubernetes_executor.py for tasks to queue
[2024-10-22T05:11:35.801+0000] {logging_mixin.py:190} INFO - [2024-10-22T05:11:35.800+0000] {dagbag.py:588} INFO - Filling up the DagBag from /home/airflow/.local/lib/python3.12/site-packages/airflow/example_dags/example_kubernetes_executor.py
[2024-10-22T05:11:35.838+0000] {processor.py:925} INFO - DAG(s) 'example_kubernetes_executor' retrieved from /home/airflow/.local/lib/python3.12/site-packages/airflow/example_dags/example_kubernetes_executor.py
[2024-10-22T05:11:35.980+0000] {logging_mixin.py:190} INFO - [2024-10-22T05:11:35.980+0000] {dag.py:3239} INFO - Sync 1 DAGs
[2024-10-22T05:11:36.041+0000] {logging_mixin.py:190} INFO - [2024-10-22T05:11:36.041+0000] {dag.py:4180} INFO - Setting next_dagrun for example_kubernetes_executor to None, run_after=None
[2024-10-22T05:11:36.078+0000] {processor.py:208} INFO - Processing /home/airflow/.local/lib/python3.12/site-packages/airflow/example_dags/example_kubernetes_executor.py took 0.300 seconds
[2024-10-22T05:12:06.542+0000] {processor.py:186} INFO - Started process (PID=69296) to work on /home/airflow/.local/lib/python3.12/site-packages/airflow/example_dags/example_kubernetes_executor.py
[2024-10-22T05:12:06.544+0000] {processor.py:914} INFO - Processing file /home/airflow/.local/lib/python3.12/site-packages/airflow/example_dags/example_kubernetes_executor.py for tasks to queue
[2024-10-22T05:12:06.552+0000] {logging_mixin.py:190} INFO - [2024-10-22T05:12:06.550+0000] {dagbag.py:588} INFO - Filling up the DagBag from /home/airflow/.local/lib/python3.12/site-packages/airflow/example_dags/example_kubernetes_executor.py
[2024-10-22T05:12:06.632+0000] {processor.py:925} INFO - DAG(s) 'example_kubernetes_executor' retrieved from /home/airflow/.local/lib/python3.12/site-packages/airflow/example_dags/example_kubernetes_executor.py
[2024-10-22T05:12:06.790+0000] {logging_mixin.py:190} INFO - [2024-10-22T05:12:06.790+0000] {dag.py:3239} INFO - Sync 1 DAGs
[2024-10-22T05:12:06.834+0000] {logging_mixin.py:190} INFO - [2024-10-22T05:12:06.833+0000] {dag.py:4180} INFO - Setting next_dagrun for example_kubernetes_executor to None, run_after=None
[2024-10-22T05:12:06.877+0000] {processor.py:208} INFO - Processing /home/airflow/.local/lib/python3.12/site-packages/airflow/example_dags/example_kubernetes_executor.py took 0.354 seconds
[2024-10-22T05:12:37.228+0000] {processor.py:186} INFO - Started process (PID=69363) to work on /home/airflow/.local/lib/python3.12/site-packages/airflow/example_dags/example_kubernetes_executor.py
[2024-10-22T05:12:37.231+0000] {processor.py:914} INFO - Processing file /home/airflow/.local/lib/python3.12/site-packages/airflow/example_dags/example_kubernetes_executor.py for tasks to queue
[2024-10-22T05:12:37.239+0000] {logging_mixin.py:190} INFO - [2024-10-22T05:12:37.235+0000] {dagbag.py:588} INFO - Filling up the DagBag from /home/airflow/.local/lib/python3.12/site-packages/airflow/example_dags/example_kubernetes_executor.py
[2024-10-22T05:12:37.297+0000] {processor.py:925} INFO - DAG(s) 'example_kubernetes_executor' retrieved from /home/airflow/.local/lib/python3.12/site-packages/airflow/example_dags/example_kubernetes_executor.py
[2024-10-22T05:12:37.435+0000] {logging_mixin.py:190} INFO - [2024-10-22T05:12:37.434+0000] {dag.py:3239} INFO - Sync 1 DAGs
[2024-10-22T05:12:37.574+0000] {logging_mixin.py:190} INFO - [2024-10-22T05:12:37.574+0000] {dag.py:4180} INFO - Setting next_dagrun for example_kubernetes_executor to None, run_after=None
[2024-10-22T05:12:37.637+0000] {processor.py:208} INFO - Processing /home/airflow/.local/lib/python3.12/site-packages/airflow/example_dags/example_kubernetes_executor.py took 0.434 seconds
[2024-10-22T05:13:08.146+0000] {processor.py:186} INFO - Started process (PID=69430) to work on /home/airflow/.local/lib/python3.12/site-packages/airflow/example_dags/example_kubernetes_executor.py
[2024-10-22T05:13:08.149+0000] {processor.py:914} INFO - Processing file /home/airflow/.local/lib/python3.12/site-packages/airflow/example_dags/example_kubernetes_executor.py for tasks to queue
[2024-10-22T05:13:08.152+0000] {logging_mixin.py:190} INFO - [2024-10-22T05:13:08.151+0000] {dagbag.py:588} INFO - Filling up the DagBag from /home/airflow/.local/lib/python3.12/site-packages/airflow/example_dags/example_kubernetes_executor.py
[2024-10-22T05:13:08.187+0000] {processor.py:925} INFO - DAG(s) 'example_kubernetes_executor' retrieved from /home/airflow/.local/lib/python3.12/site-packages/airflow/example_dags/example_kubernetes_executor.py
[2024-10-22T05:13:08.318+0000] {logging_mixin.py:190} INFO - [2024-10-22T05:13:08.317+0000] {dag.py:3239} INFO - Sync 1 DAGs
[2024-10-22T05:13:08.362+0000] {logging_mixin.py:190} INFO - [2024-10-22T05:13:08.361+0000] {dag.py:4180} INFO - Setting next_dagrun for example_kubernetes_executor to None, run_after=None
[2024-10-22T05:13:08.408+0000] {processor.py:208} INFO - Processing /home/airflow/.local/lib/python3.12/site-packages/airflow/example_dags/example_kubernetes_executor.py took 0.280 seconds
[2024-10-22T05:13:38.673+0000] {processor.py:186} INFO - Started process (PID=69496) to work on /home/airflow/.local/lib/python3.12/site-packages/airflow/example_dags/example_kubernetes_executor.py
[2024-10-22T05:13:38.677+0000] {processor.py:914} INFO - Processing file /home/airflow/.local/lib/python3.12/site-packages/airflow/example_dags/example_kubernetes_executor.py for tasks to queue
[2024-10-22T05:13:38.681+0000] {logging_mixin.py:190} INFO - [2024-10-22T05:13:38.680+0000] {dagbag.py:588} INFO - Filling up the DagBag from /home/airflow/.local/lib/python3.12/site-packages/airflow/example_dags/example_kubernetes_executor.py
[2024-10-22T05:13:38.711+0000] {processor.py:925} INFO - DAG(s) 'example_kubernetes_executor' retrieved from /home/airflow/.local/lib/python3.12/site-packages/airflow/example_dags/example_kubernetes_executor.py
[2024-10-22T05:13:38.859+0000] {logging_mixin.py:190} INFO - [2024-10-22T05:13:38.858+0000] {dag.py:3239} INFO - Sync 1 DAGs
[2024-10-22T05:13:38.900+0000] {logging_mixin.py:190} INFO - [2024-10-22T05:13:38.900+0000] {dag.py:4180} INFO - Setting next_dagrun for example_kubernetes_executor to None, run_after=None
[2024-10-22T05:13:38.948+0000] {processor.py:208} INFO - Processing /home/airflow/.local/lib/python3.12/site-packages/airflow/example_dags/example_kubernetes_executor.py took 0.295 seconds
[2024-10-22T05:14:09.235+0000] {processor.py:186} INFO - Started process (PID=69563) to work on /home/airflow/.local/lib/python3.12/site-packages/airflow/example_dags/example_kubernetes_executor.py
[2024-10-22T05:14:09.239+0000] {processor.py:914} INFO - Processing file /home/airflow/.local/lib/python3.12/site-packages/airflow/example_dags/example_kubernetes_executor.py for tasks to queue
[2024-10-22T05:14:09.245+0000] {logging_mixin.py:190} INFO - [2024-10-22T05:14:09.243+0000] {dagbag.py:588} INFO - Filling up the DagBag from /home/airflow/.local/lib/python3.12/site-packages/airflow/example_dags/example_kubernetes_executor.py
[2024-10-22T05:14:09.305+0000] {processor.py:925} INFO - DAG(s) 'example_kubernetes_executor' retrieved from /home/airflow/.local/lib/python3.12/site-packages/airflow/example_dags/example_kubernetes_executor.py
[2024-10-22T05:14:09.620+0000] {logging_mixin.py:190} INFO - [2024-10-22T05:14:09.619+0000] {dag.py:3239} INFO - Sync 1 DAGs
[2024-10-22T05:14:09.685+0000] {logging_mixin.py:190} INFO - [2024-10-22T05:14:09.684+0000] {dag.py:4180} INFO - Setting next_dagrun for example_kubernetes_executor to None, run_after=None
[2024-10-22T05:14:09.739+0000] {processor.py:208} INFO - Processing /home/airflow/.local/lib/python3.12/site-packages/airflow/example_dags/example_kubernetes_executor.py took 0.532 seconds
[2024-10-22T05:14:40.351+0000] {processor.py:186} INFO - Started process (PID=69629) to work on /home/airflow/.local/lib/python3.12/site-packages/airflow/example_dags/example_kubernetes_executor.py
[2024-10-22T05:14:40.353+0000] {processor.py:914} INFO - Processing file /home/airflow/.local/lib/python3.12/site-packages/airflow/example_dags/example_kubernetes_executor.py for tasks to queue
[2024-10-22T05:14:40.357+0000] {logging_mixin.py:190} INFO - [2024-10-22T05:14:40.355+0000] {dagbag.py:588} INFO - Filling up the DagBag from /home/airflow/.local/lib/python3.12/site-packages/airflow/example_dags/example_kubernetes_executor.py
[2024-10-22T05:14:40.393+0000] {processor.py:925} INFO - DAG(s) 'example_kubernetes_executor' retrieved from /home/airflow/.local/lib/python3.12/site-packages/airflow/example_dags/example_kubernetes_executor.py
[2024-10-22T05:14:40.522+0000] {logging_mixin.py:190} INFO - [2024-10-22T05:14:40.521+0000] {dag.py:3239} INFO - Sync 1 DAGs
[2024-10-22T05:14:40.584+0000] {logging_mixin.py:190} INFO - [2024-10-22T05:14:40.584+0000] {dag.py:4180} INFO - Setting next_dagrun for example_kubernetes_executor to None, run_after=None
[2024-10-22T05:14:40.663+0000] {processor.py:208} INFO - Processing /home/airflow/.local/lib/python3.12/site-packages/airflow/example_dags/example_kubernetes_executor.py took 0.327 seconds
[2024-10-22T05:15:10.982+0000] {processor.py:186} INFO - Started process (PID=69696) to work on /home/airflow/.local/lib/python3.12/site-packages/airflow/example_dags/example_kubernetes_executor.py
[2024-10-22T05:15:10.986+0000] {processor.py:914} INFO - Processing file /home/airflow/.local/lib/python3.12/site-packages/airflow/example_dags/example_kubernetes_executor.py for tasks to queue
[2024-10-22T05:15:11.000+0000] {logging_mixin.py:190} INFO - [2024-10-22T05:15:10.997+0000] {dagbag.py:588} INFO - Filling up the DagBag from /home/airflow/.local/lib/python3.12/site-packages/airflow/example_dags/example_kubernetes_executor.py
[2024-10-22T05:15:11.055+0000] {processor.py:925} INFO - DAG(s) 'example_kubernetes_executor' retrieved from /home/airflow/.local/lib/python3.12/site-packages/airflow/example_dags/example_kubernetes_executor.py
[2024-10-22T05:15:11.335+0000] {logging_mixin.py:190} INFO - [2024-10-22T05:15:11.335+0000] {dag.py:3239} INFO - Sync 1 DAGs
[2024-10-22T05:15:11.395+0000] {logging_mixin.py:190} INFO - [2024-10-22T05:15:11.394+0000] {dag.py:4180} INFO - Setting next_dagrun for example_kubernetes_executor to None, run_after=None
[2024-10-22T05:15:11.451+0000] {processor.py:208} INFO - Processing /home/airflow/.local/lib/python3.12/site-packages/airflow/example_dags/example_kubernetes_executor.py took 0.491 seconds
[2024-10-22T05:15:41.903+0000] {processor.py:186} INFO - Started process (PID=69763) to work on /home/airflow/.local/lib/python3.12/site-packages/airflow/example_dags/example_kubernetes_executor.py
[2024-10-22T05:15:41.905+0000] {processor.py:914} INFO - Processing file /home/airflow/.local/lib/python3.12/site-packages/airflow/example_dags/example_kubernetes_executor.py for tasks to queue
[2024-10-22T05:15:41.909+0000] {logging_mixin.py:190} INFO - [2024-10-22T05:15:41.908+0000] {dagbag.py:588} INFO - Filling up the DagBag from /home/airflow/.local/lib/python3.12/site-packages/airflow/example_dags/example_kubernetes_executor.py
[2024-10-22T05:15:41.945+0000] {processor.py:925} INFO - DAG(s) 'example_kubernetes_executor' retrieved from /home/airflow/.local/lib/python3.12/site-packages/airflow/example_dags/example_kubernetes_executor.py
[2024-10-22T05:15:42.084+0000] {logging_mixin.py:190} INFO - [2024-10-22T05:15:42.083+0000] {dag.py:3239} INFO - Sync 1 DAGs
[2024-10-22T05:15:42.129+0000] {logging_mixin.py:190} INFO - [2024-10-22T05:15:42.128+0000] {dag.py:4180} INFO - Setting next_dagrun for example_kubernetes_executor to None, run_after=None
[2024-10-22T05:15:42.176+0000] {processor.py:208} INFO - Processing /home/airflow/.local/lib/python3.12/site-packages/airflow/example_dags/example_kubernetes_executor.py took 0.314 seconds
[2024-10-22T05:16:12.409+0000] {processor.py:186} INFO - Started process (PID=69828) to work on /home/airflow/.local/lib/python3.12/site-packages/airflow/example_dags/example_kubernetes_executor.py
[2024-10-22T05:16:12.411+0000] {processor.py:914} INFO - Processing file /home/airflow/.local/lib/python3.12/site-packages/airflow/example_dags/example_kubernetes_executor.py for tasks to queue
[2024-10-22T05:16:12.414+0000] {logging_mixin.py:190} INFO - [2024-10-22T05:16:12.413+0000] {dagbag.py:588} INFO - Filling up the DagBag from /home/airflow/.local/lib/python3.12/site-packages/airflow/example_dags/example_kubernetes_executor.py
[2024-10-22T05:16:12.446+0000] {processor.py:925} INFO - DAG(s) 'example_kubernetes_executor' retrieved from /home/airflow/.local/lib/python3.12/site-packages/airflow/example_dags/example_kubernetes_executor.py
[2024-10-22T05:16:12.558+0000] {logging_mixin.py:190} INFO - [2024-10-22T05:16:12.558+0000] {dag.py:3239} INFO - Sync 1 DAGs
[2024-10-22T05:16:12.596+0000] {logging_mixin.py:190} INFO - [2024-10-22T05:16:12.593+0000] {dag.py:4180} INFO - Setting next_dagrun for example_kubernetes_executor to None, run_after=None
[2024-10-22T05:16:12.686+0000] {processor.py:208} INFO - Processing /home/airflow/.local/lib/python3.12/site-packages/airflow/example_dags/example_kubernetes_executor.py took 0.292 seconds
[2024-10-22T05:16:42.976+0000] {processor.py:186} INFO - Started process (PID=69895) to work on /home/airflow/.local/lib/python3.12/site-packages/airflow/example_dags/example_kubernetes_executor.py
[2024-10-22T05:16:42.979+0000] {processor.py:914} INFO - Processing file /home/airflow/.local/lib/python3.12/site-packages/airflow/example_dags/example_kubernetes_executor.py for tasks to queue
[2024-10-22T05:16:42.982+0000] {logging_mixin.py:190} INFO - [2024-10-22T05:16:42.981+0000] {dagbag.py:588} INFO - Filling up the DagBag from /home/airflow/.local/lib/python3.12/site-packages/airflow/example_dags/example_kubernetes_executor.py
[2024-10-22T05:16:43.018+0000] {processor.py:925} INFO - DAG(s) 'example_kubernetes_executor' retrieved from /home/airflow/.local/lib/python3.12/site-packages/airflow/example_dags/example_kubernetes_executor.py
[2024-10-22T05:16:43.185+0000] {logging_mixin.py:190} INFO - [2024-10-22T05:16:43.184+0000] {dag.py:3239} INFO - Sync 1 DAGs
[2024-10-22T05:16:43.251+0000] {logging_mixin.py:190} INFO - [2024-10-22T05:16:43.251+0000] {dag.py:4180} INFO - Setting next_dagrun for example_kubernetes_executor to None, run_after=None
[2024-10-22T05:16:43.292+0000] {processor.py:208} INFO - Processing /home/airflow/.local/lib/python3.12/site-packages/airflow/example_dags/example_kubernetes_executor.py took 0.337 seconds
[2024-10-22T05:17:13.727+0000] {processor.py:186} INFO - Started process (PID=69962) to work on /home/airflow/.local/lib/python3.12/site-packages/airflow/example_dags/example_kubernetes_executor.py
[2024-10-22T05:17:13.731+0000] {processor.py:914} INFO - Processing file /home/airflow/.local/lib/python3.12/site-packages/airflow/example_dags/example_kubernetes_executor.py for tasks to queue
[2024-10-22T05:17:13.734+0000] {logging_mixin.py:190} INFO - [2024-10-22T05:17:13.733+0000] {dagbag.py:588} INFO - Filling up the DagBag from /home/airflow/.local/lib/python3.12/site-packages/airflow/example_dags/example_kubernetes_executor.py
[2024-10-22T05:17:13.777+0000] {processor.py:925} INFO - DAG(s) 'example_kubernetes_executor' retrieved from /home/airflow/.local/lib/python3.12/site-packages/airflow/example_dags/example_kubernetes_executor.py
[2024-10-22T05:17:13.992+0000] {logging_mixin.py:190} INFO - [2024-10-22T05:17:13.991+0000] {dag.py:3239} INFO - Sync 1 DAGs
[2024-10-22T05:17:14.044+0000] {logging_mixin.py:190} INFO - [2024-10-22T05:17:14.043+0000] {dag.py:4180} INFO - Setting next_dagrun for example_kubernetes_executor to None, run_after=None
[2024-10-22T05:17:14.107+0000] {processor.py:208} INFO - Processing /home/airflow/.local/lib/python3.12/site-packages/airflow/example_dags/example_kubernetes_executor.py took 0.399 seconds
[2024-10-22T05:17:44.458+0000] {processor.py:186} INFO - Started process (PID=70029) to work on /home/airflow/.local/lib/python3.12/site-packages/airflow/example_dags/example_kubernetes_executor.py
[2024-10-22T05:17:44.460+0000] {processor.py:914} INFO - Processing file /home/airflow/.local/lib/python3.12/site-packages/airflow/example_dags/example_kubernetes_executor.py for tasks to queue
[2024-10-22T05:17:44.464+0000] {logging_mixin.py:190} INFO - [2024-10-22T05:17:44.462+0000] {dagbag.py:588} INFO - Filling up the DagBag from /home/airflow/.local/lib/python3.12/site-packages/airflow/example_dags/example_kubernetes_executor.py
[2024-10-22T05:17:44.556+0000] {processor.py:925} INFO - DAG(s) 'example_kubernetes_executor' retrieved from /home/airflow/.local/lib/python3.12/site-packages/airflow/example_dags/example_kubernetes_executor.py
[2024-10-22T05:17:44.735+0000] {logging_mixin.py:190} INFO - [2024-10-22T05:17:44.734+0000] {dag.py:3239} INFO - Sync 1 DAGs
[2024-10-22T05:17:44.770+0000] {logging_mixin.py:190} INFO - [2024-10-22T05:17:44.770+0000] {dag.py:4180} INFO - Setting next_dagrun for example_kubernetes_executor to None, run_after=None
[2024-10-22T05:17:44.819+0000] {processor.py:208} INFO - Processing /home/airflow/.local/lib/python3.12/site-packages/airflow/example_dags/example_kubernetes_executor.py took 0.380 seconds
[2024-10-22T05:18:15.045+0000] {processor.py:186} INFO - Started process (PID=70096) to work on /home/airflow/.local/lib/python3.12/site-packages/airflow/example_dags/example_kubernetes_executor.py
[2024-10-22T05:18:15.047+0000] {processor.py:914} INFO - Processing file /home/airflow/.local/lib/python3.12/site-packages/airflow/example_dags/example_kubernetes_executor.py for tasks to queue
[2024-10-22T05:18:15.052+0000] {logging_mixin.py:190} INFO - [2024-10-22T05:18:15.051+0000] {dagbag.py:588} INFO - Filling up the DagBag from /home/airflow/.local/lib/python3.12/site-packages/airflow/example_dags/example_kubernetes_executor.py
[2024-10-22T05:18:15.098+0000] {processor.py:925} INFO - DAG(s) 'example_kubernetes_executor' retrieved from /home/airflow/.local/lib/python3.12/site-packages/airflow/example_dags/example_kubernetes_executor.py
[2024-10-22T05:18:15.242+0000] {logging_mixin.py:190} INFO - [2024-10-22T05:18:15.242+0000] {dag.py:3239} INFO - Sync 1 DAGs
[2024-10-22T05:18:15.281+0000] {logging_mixin.py:190} INFO - [2024-10-22T05:18:15.281+0000] {dag.py:4180} INFO - Setting next_dagrun for example_kubernetes_executor to None, run_after=None
[2024-10-22T05:18:15.321+0000] {processor.py:208} INFO - Processing /home/airflow/.local/lib/python3.12/site-packages/airflow/example_dags/example_kubernetes_executor.py took 0.308 seconds
[2024-10-22T05:18:45.951+0000] {processor.py:186} INFO - Started process (PID=70168) to work on /home/airflow/.local/lib/python3.12/site-packages/airflow/example_dags/example_kubernetes_executor.py
[2024-10-22T05:18:45.953+0000] {processor.py:914} INFO - Processing file /home/airflow/.local/lib/python3.12/site-packages/airflow/example_dags/example_kubernetes_executor.py for tasks to queue
[2024-10-22T05:18:45.959+0000] {logging_mixin.py:190} INFO - [2024-10-22T05:18:45.958+0000] {dagbag.py:588} INFO - Filling up the DagBag from /home/airflow/.local/lib/python3.12/site-packages/airflow/example_dags/example_kubernetes_executor.py
[2024-10-22T05:18:46.004+0000] {processor.py:925} INFO - DAG(s) 'example_kubernetes_executor' retrieved from /home/airflow/.local/lib/python3.12/site-packages/airflow/example_dags/example_kubernetes_executor.py
[2024-10-22T05:18:46.127+0000] {logging_mixin.py:190} INFO - [2024-10-22T05:18:46.126+0000] {dag.py:3239} INFO - Sync 1 DAGs
[2024-10-22T05:18:46.168+0000] {logging_mixin.py:190} INFO - [2024-10-22T05:18:46.168+0000] {dag.py:4180} INFO - Setting next_dagrun for example_kubernetes_executor to None, run_after=None
[2024-10-22T05:18:46.214+0000] {processor.py:208} INFO - Processing /home/airflow/.local/lib/python3.12/site-packages/airflow/example_dags/example_kubernetes_executor.py took 0.277 seconds
[2024-10-22T05:19:16.316+0000] {processor.py:186} INFO - Started process (PID=70235) to work on /home/airflow/.local/lib/python3.12/site-packages/airflow/example_dags/example_kubernetes_executor.py
[2024-10-22T05:19:16.320+0000] {processor.py:914} INFO - Processing file /home/airflow/.local/lib/python3.12/site-packages/airflow/example_dags/example_kubernetes_executor.py for tasks to queue
[2024-10-22T05:19:16.323+0000] {logging_mixin.py:190} INFO - [2024-10-22T05:19:16.322+0000] {dagbag.py:588} INFO - Filling up the DagBag from /home/airflow/.local/lib/python3.12/site-packages/airflow/example_dags/example_kubernetes_executor.py
[2024-10-22T05:19:16.358+0000] {processor.py:925} INFO - DAG(s) 'example_kubernetes_executor' retrieved from /home/airflow/.local/lib/python3.12/site-packages/airflow/example_dags/example_kubernetes_executor.py
[2024-10-22T05:19:16.550+0000] {logging_mixin.py:190} INFO - [2024-10-22T05:19:16.549+0000] {dag.py:3239} INFO - Sync 1 DAGs
[2024-10-22T05:19:16.589+0000] {logging_mixin.py:190} INFO - [2024-10-22T05:19:16.588+0000] {dag.py:4180} INFO - Setting next_dagrun for example_kubernetes_executor to None, run_after=None
[2024-10-22T05:19:16.632+0000] {processor.py:208} INFO - Processing /home/airflow/.local/lib/python3.12/site-packages/airflow/example_dags/example_kubernetes_executor.py took 0.333 seconds
[2024-10-22T05:19:47.357+0000] {processor.py:186} INFO - Started process (PID=70302) to work on /home/airflow/.local/lib/python3.12/site-packages/airflow/example_dags/example_kubernetes_executor.py
[2024-10-22T05:19:47.360+0000] {processor.py:914} INFO - Processing file /home/airflow/.local/lib/python3.12/site-packages/airflow/example_dags/example_kubernetes_executor.py for tasks to queue
[2024-10-22T05:19:47.363+0000] {logging_mixin.py:190} INFO - [2024-10-22T05:19:47.362+0000] {dagbag.py:588} INFO - Filling up the DagBag from /home/airflow/.local/lib/python3.12/site-packages/airflow/example_dags/example_kubernetes_executor.py
[2024-10-22T05:19:47.399+0000] {processor.py:925} INFO - DAG(s) 'example_kubernetes_executor' retrieved from /home/airflow/.local/lib/python3.12/site-packages/airflow/example_dags/example_kubernetes_executor.py
[2024-10-22T05:19:47.607+0000] {logging_mixin.py:190} INFO - [2024-10-22T05:19:47.606+0000] {dag.py:3239} INFO - Sync 1 DAGs
[2024-10-22T05:19:47.659+0000] {logging_mixin.py:190} INFO - [2024-10-22T05:19:47.658+0000] {dag.py:4180} INFO - Setting next_dagrun for example_kubernetes_executor to None, run_after=None
[2024-10-22T05:19:47.726+0000] {processor.py:208} INFO - Processing /home/airflow/.local/lib/python3.12/site-packages/airflow/example_dags/example_kubernetes_executor.py took 0.390 seconds
[2024-10-22T05:20:17.897+0000] {processor.py:186} INFO - Started process (PID=70369) to work on /home/airflow/.local/lib/python3.12/site-packages/airflow/example_dags/example_kubernetes_executor.py
[2024-10-22T05:20:17.900+0000] {processor.py:914} INFO - Processing file /home/airflow/.local/lib/python3.12/site-packages/airflow/example_dags/example_kubernetes_executor.py for tasks to queue
[2024-10-22T05:20:17.904+0000] {logging_mixin.py:190} INFO - [2024-10-22T05:20:17.903+0000] {dagbag.py:588} INFO - Filling up the DagBag from /home/airflow/.local/lib/python3.12/site-packages/airflow/example_dags/example_kubernetes_executor.py
[2024-10-22T05:20:17.947+0000] {processor.py:925} INFO - DAG(s) 'example_kubernetes_executor' retrieved from /home/airflow/.local/lib/python3.12/site-packages/airflow/example_dags/example_kubernetes_executor.py
[2024-10-22T05:20:18.086+0000] {logging_mixin.py:190} INFO - [2024-10-22T05:20:18.086+0000] {dag.py:3239} INFO - Sync 1 DAGs
[2024-10-22T05:20:18.124+0000] {logging_mixin.py:190} INFO - [2024-10-22T05:20:18.123+0000] {dag.py:4180} INFO - Setting next_dagrun for example_kubernetes_executor to None, run_after=None
[2024-10-22T05:20:18.197+0000] {processor.py:208} INFO - Processing /home/airflow/.local/lib/python3.12/site-packages/airflow/example_dags/example_kubernetes_executor.py took 0.320 seconds
[2024-10-22T05:20:48.561+0000] {processor.py:186} INFO - Started process (PID=70436) to work on /home/airflow/.local/lib/python3.12/site-packages/airflow/example_dags/example_kubernetes_executor.py
[2024-10-22T05:20:48.564+0000] {processor.py:914} INFO - Processing file /home/airflow/.local/lib/python3.12/site-packages/airflow/example_dags/example_kubernetes_executor.py for tasks to queue
[2024-10-22T05:20:48.569+0000] {logging_mixin.py:190} INFO - [2024-10-22T05:20:48.568+0000] {dagbag.py:588} INFO - Filling up the DagBag from /home/airflow/.local/lib/python3.12/site-packages/airflow/example_dags/example_kubernetes_executor.py
[2024-10-22T05:20:48.606+0000] {processor.py:925} INFO - DAG(s) 'example_kubernetes_executor' retrieved from /home/airflow/.local/lib/python3.12/site-packages/airflow/example_dags/example_kubernetes_executor.py
[2024-10-22T05:20:48.767+0000] {logging_mixin.py:190} INFO - [2024-10-22T05:20:48.767+0000] {dag.py:3239} INFO - Sync 1 DAGs
[2024-10-22T05:20:48.807+0000] {logging_mixin.py:190} INFO - [2024-10-22T05:20:48.807+0000] {dag.py:4180} INFO - Setting next_dagrun for example_kubernetes_executor to None, run_after=None
[2024-10-22T05:20:48.851+0000] {processor.py:208} INFO - Processing /home/airflow/.local/lib/python3.12/site-packages/airflow/example_dags/example_kubernetes_executor.py took 0.316 seconds
[2024-10-22T05:21:19.085+0000] {processor.py:186} INFO - Started process (PID=70502) to work on /home/airflow/.local/lib/python3.12/site-packages/airflow/example_dags/example_kubernetes_executor.py
[2024-10-22T05:21:19.089+0000] {processor.py:914} INFO - Processing file /home/airflow/.local/lib/python3.12/site-packages/airflow/example_dags/example_kubernetes_executor.py for tasks to queue
[2024-10-22T05:21:19.093+0000] {logging_mixin.py:190} INFO - [2024-10-22T05:21:19.092+0000] {dagbag.py:588} INFO - Filling up the DagBag from /home/airflow/.local/lib/python3.12/site-packages/airflow/example_dags/example_kubernetes_executor.py
[2024-10-22T05:21:19.146+0000] {processor.py:925} INFO - DAG(s) 'example_kubernetes_executor' retrieved from /home/airflow/.local/lib/python3.12/site-packages/airflow/example_dags/example_kubernetes_executor.py
[2024-10-22T05:21:19.266+0000] {logging_mixin.py:190} INFO - [2024-10-22T05:21:19.265+0000] {dag.py:3239} INFO - Sync 1 DAGs
[2024-10-22T05:21:19.306+0000] {logging_mixin.py:190} INFO - [2024-10-22T05:21:19.305+0000] {dag.py:4180} INFO - Setting next_dagrun for example_kubernetes_executor to None, run_after=None
[2024-10-22T05:21:19.377+0000] {processor.py:208} INFO - Processing /home/airflow/.local/lib/python3.12/site-packages/airflow/example_dags/example_kubernetes_executor.py took 0.324 seconds
[2024-10-22T05:21:49.529+0000] {processor.py:186} INFO - Started process (PID=70570) to work on /home/airflow/.local/lib/python3.12/site-packages/airflow/example_dags/example_kubernetes_executor.py
[2024-10-22T05:21:49.531+0000] {processor.py:914} INFO - Processing file /home/airflow/.local/lib/python3.12/site-packages/airflow/example_dags/example_kubernetes_executor.py for tasks to queue
[2024-10-22T05:21:49.535+0000] {logging_mixin.py:190} INFO - [2024-10-22T05:21:49.534+0000] {dagbag.py:588} INFO - Filling up the DagBag from /home/airflow/.local/lib/python3.12/site-packages/airflow/example_dags/example_kubernetes_executor.py
[2024-10-22T05:21:49.613+0000] {processor.py:925} INFO - DAG(s) 'example_kubernetes_executor' retrieved from /home/airflow/.local/lib/python3.12/site-packages/airflow/example_dags/example_kubernetes_executor.py
[2024-10-22T05:21:49.803+0000] {logging_mixin.py:190} INFO - [2024-10-22T05:21:49.803+0000] {dag.py:3239} INFO - Sync 1 DAGs
[2024-10-22T05:21:49.844+0000] {logging_mixin.py:190} INFO - [2024-10-22T05:21:49.844+0000] {dag.py:4180} INFO - Setting next_dagrun for example_kubernetes_executor to None, run_after=None
[2024-10-22T05:21:49.886+0000] {processor.py:208} INFO - Processing /home/airflow/.local/lib/python3.12/site-packages/airflow/example_dags/example_kubernetes_executor.py took 0.380 seconds
[2024-10-22T05:22:20.147+0000] {processor.py:186} INFO - Started process (PID=70637) to work on /home/airflow/.local/lib/python3.12/site-packages/airflow/example_dags/example_kubernetes_executor.py
[2024-10-22T05:22:20.153+0000] {processor.py:914} INFO - Processing file /home/airflow/.local/lib/python3.12/site-packages/airflow/example_dags/example_kubernetes_executor.py for tasks to queue
[2024-10-22T05:22:20.162+0000] {logging_mixin.py:190} INFO - [2024-10-22T05:22:20.161+0000] {dagbag.py:588} INFO - Filling up the DagBag from /home/airflow/.local/lib/python3.12/site-packages/airflow/example_dags/example_kubernetes_executor.py
[2024-10-22T05:22:20.250+0000] {processor.py:925} INFO - DAG(s) 'example_kubernetes_executor' retrieved from /home/airflow/.local/lib/python3.12/site-packages/airflow/example_dags/example_kubernetes_executor.py
[2024-10-22T05:22:20.525+0000] {logging_mixin.py:190} INFO - [2024-10-22T05:22:20.524+0000] {dag.py:3239} INFO - Sync 1 DAGs
[2024-10-22T05:22:20.608+0000] {logging_mixin.py:190} INFO - [2024-10-22T05:22:20.606+0000] {dag.py:4180} INFO - Setting next_dagrun for example_kubernetes_executor to None, run_after=None
[2024-10-22T05:22:20.714+0000] {processor.py:208} INFO - Processing /home/airflow/.local/lib/python3.12/site-packages/airflow/example_dags/example_kubernetes_executor.py took 0.604 seconds
[2024-10-22T05:22:51.466+0000] {processor.py:186} INFO - Started process (PID=70704) to work on /home/airflow/.local/lib/python3.12/site-packages/airflow/example_dags/example_kubernetes_executor.py
[2024-10-22T05:22:51.468+0000] {processor.py:914} INFO - Processing file /home/airflow/.local/lib/python3.12/site-packages/airflow/example_dags/example_kubernetes_executor.py for tasks to queue
[2024-10-22T05:22:51.471+0000] {logging_mixin.py:190} INFO - [2024-10-22T05:22:51.470+0000] {dagbag.py:588} INFO - Filling up the DagBag from /home/airflow/.local/lib/python3.12/site-packages/airflow/example_dags/example_kubernetes_executor.py
[2024-10-22T05:22:51.519+0000] {processor.py:925} INFO - DAG(s) 'example_kubernetes_executor' retrieved from /home/airflow/.local/lib/python3.12/site-packages/airflow/example_dags/example_kubernetes_executor.py
[2024-10-22T05:22:51.722+0000] {logging_mixin.py:190} INFO - [2024-10-22T05:22:51.721+0000] {dag.py:3239} INFO - Sync 1 DAGs
[2024-10-22T05:22:51.773+0000] {logging_mixin.py:190} INFO - [2024-10-22T05:22:51.772+0000] {dag.py:4180} INFO - Setting next_dagrun for example_kubernetes_executor to None, run_after=None
[2024-10-22T05:22:51.816+0000] {processor.py:208} INFO - Processing /home/airflow/.local/lib/python3.12/site-packages/airflow/example_dags/example_kubernetes_executor.py took 0.379 seconds
[2024-10-22T05:23:22.210+0000] {processor.py:186} INFO - Started process (PID=70771) to work on /home/airflow/.local/lib/python3.12/site-packages/airflow/example_dags/example_kubernetes_executor.py
[2024-10-22T05:23:22.212+0000] {processor.py:914} INFO - Processing file /home/airflow/.local/lib/python3.12/site-packages/airflow/example_dags/example_kubernetes_executor.py for tasks to queue
[2024-10-22T05:23:22.214+0000] {logging_mixin.py:190} INFO - [2024-10-22T05:23:22.214+0000] {dagbag.py:588} INFO - Filling up the DagBag from /home/airflow/.local/lib/python3.12/site-packages/airflow/example_dags/example_kubernetes_executor.py
[2024-10-22T05:23:22.259+0000] {processor.py:925} INFO - DAG(s) 'example_kubernetes_executor' retrieved from /home/airflow/.local/lib/python3.12/site-packages/airflow/example_dags/example_kubernetes_executor.py
[2024-10-22T05:23:22.395+0000] {logging_mixin.py:190} INFO - [2024-10-22T05:23:22.394+0000] {dag.py:3239} INFO - Sync 1 DAGs
[2024-10-22T05:23:22.433+0000] {logging_mixin.py:190} INFO - [2024-10-22T05:23:22.433+0000] {dag.py:4180} INFO - Setting next_dagrun for example_kubernetes_executor to None, run_after=None
[2024-10-22T05:23:22.477+0000] {processor.py:208} INFO - Processing /home/airflow/.local/lib/python3.12/site-packages/airflow/example_dags/example_kubernetes_executor.py took 0.282 seconds
[2024-10-22T05:23:52.869+0000] {processor.py:186} INFO - Started process (PID=70838) to work on /home/airflow/.local/lib/python3.12/site-packages/airflow/example_dags/example_kubernetes_executor.py
[2024-10-22T05:23:52.871+0000] {processor.py:914} INFO - Processing file /home/airflow/.local/lib/python3.12/site-packages/airflow/example_dags/example_kubernetes_executor.py for tasks to queue
[2024-10-22T05:23:52.875+0000] {logging_mixin.py:190} INFO - [2024-10-22T05:23:52.873+0000] {dagbag.py:588} INFO - Filling up the DagBag from /home/airflow/.local/lib/python3.12/site-packages/airflow/example_dags/example_kubernetes_executor.py
[2024-10-22T05:23:52.915+0000] {processor.py:925} INFO - DAG(s) 'example_kubernetes_executor' retrieved from /home/airflow/.local/lib/python3.12/site-packages/airflow/example_dags/example_kubernetes_executor.py
[2024-10-22T05:23:53.116+0000] {logging_mixin.py:190} INFO - [2024-10-22T05:23:53.116+0000] {dag.py:3239} INFO - Sync 1 DAGs
[2024-10-22T05:23:53.167+0000] {logging_mixin.py:190} INFO - [2024-10-22T05:23:53.165+0000] {dag.py:4180} INFO - Setting next_dagrun for example_kubernetes_executor to None, run_after=None
[2024-10-22T05:23:53.247+0000] {processor.py:208} INFO - Processing /home/airflow/.local/lib/python3.12/site-packages/airflow/example_dags/example_kubernetes_executor.py took 0.399 seconds
[2024-10-22T05:24:23.370+0000] {processor.py:186} INFO - Started process (PID=70905) to work on /home/airflow/.local/lib/python3.12/site-packages/airflow/example_dags/example_kubernetes_executor.py
[2024-10-22T05:24:23.373+0000] {processor.py:914} INFO - Processing file /home/airflow/.local/lib/python3.12/site-packages/airflow/example_dags/example_kubernetes_executor.py for tasks to queue
[2024-10-22T05:24:23.375+0000] {logging_mixin.py:190} INFO - [2024-10-22T05:24:23.374+0000] {dagbag.py:588} INFO - Filling up the DagBag from /home/airflow/.local/lib/python3.12/site-packages/airflow/example_dags/example_kubernetes_executor.py
[2024-10-22T05:24:23.411+0000] {processor.py:925} INFO - DAG(s) 'example_kubernetes_executor' retrieved from /home/airflow/.local/lib/python3.12/site-packages/airflow/example_dags/example_kubernetes_executor.py
[2024-10-22T05:24:23.551+0000] {logging_mixin.py:190} INFO - [2024-10-22T05:24:23.550+0000] {dag.py:3239} INFO - Sync 1 DAGs
[2024-10-22T05:24:23.582+0000] {logging_mixin.py:190} INFO - [2024-10-22T05:24:23.581+0000] {dag.py:4180} INFO - Setting next_dagrun for example_kubernetes_executor to None, run_after=None
[2024-10-22T05:24:23.637+0000] {processor.py:208} INFO - Processing /home/airflow/.local/lib/python3.12/site-packages/airflow/example_dags/example_kubernetes_executor.py took 0.279 seconds
[2024-10-22T05:24:54.053+0000] {processor.py:186} INFO - Started process (PID=70972) to work on /home/airflow/.local/lib/python3.12/site-packages/airflow/example_dags/example_kubernetes_executor.py
[2024-10-22T05:24:54.057+0000] {processor.py:914} INFO - Processing file /home/airflow/.local/lib/python3.12/site-packages/airflow/example_dags/example_kubernetes_executor.py for tasks to queue
[2024-10-22T05:24:54.061+0000] {logging_mixin.py:190} INFO - [2024-10-22T05:24:54.061+0000] {dagbag.py:588} INFO - Filling up the DagBag from /home/airflow/.local/lib/python3.12/site-packages/airflow/example_dags/example_kubernetes_executor.py
[2024-10-22T05:24:54.098+0000] {processor.py:925} INFO - DAG(s) 'example_kubernetes_executor' retrieved from /home/airflow/.local/lib/python3.12/site-packages/airflow/example_dags/example_kubernetes_executor.py
[2024-10-22T05:24:54.208+0000] {logging_mixin.py:190} INFO - [2024-10-22T05:24:54.207+0000] {dag.py:3239} INFO - Sync 1 DAGs
[2024-10-22T05:24:54.246+0000] {logging_mixin.py:190} INFO - [2024-10-22T05:24:54.246+0000] {dag.py:4180} INFO - Setting next_dagrun for example_kubernetes_executor to None, run_after=None
[2024-10-22T05:24:54.304+0000] {processor.py:208} INFO - Processing /home/airflow/.local/lib/python3.12/site-packages/airflow/example_dags/example_kubernetes_executor.py took 0.274 seconds
[2024-10-22T05:25:24.551+0000] {processor.py:186} INFO - Started process (PID=71039) to work on /home/airflow/.local/lib/python3.12/site-packages/airflow/example_dags/example_kubernetes_executor.py
[2024-10-22T05:25:24.554+0000] {processor.py:914} INFO - Processing file /home/airflow/.local/lib/python3.12/site-packages/airflow/example_dags/example_kubernetes_executor.py for tasks to queue
[2024-10-22T05:25:24.557+0000] {logging_mixin.py:190} INFO - [2024-10-22T05:25:24.556+0000] {dagbag.py:588} INFO - Filling up the DagBag from /home/airflow/.local/lib/python3.12/site-packages/airflow/example_dags/example_kubernetes_executor.py
[2024-10-22T05:25:24.630+0000] {processor.py:925} INFO - DAG(s) 'example_kubernetes_executor' retrieved from /home/airflow/.local/lib/python3.12/site-packages/airflow/example_dags/example_kubernetes_executor.py
[2024-10-22T05:25:24.796+0000] {logging_mixin.py:190} INFO - [2024-10-22T05:25:24.795+0000] {dag.py:3239} INFO - Sync 1 DAGs
[2024-10-22T05:25:24.827+0000] {logging_mixin.py:190} INFO - [2024-10-22T05:25:24.827+0000] {dag.py:4180} INFO - Setting next_dagrun for example_kubernetes_executor to None, run_after=None
[2024-10-22T05:25:24.861+0000] {processor.py:208} INFO - Processing /home/airflow/.local/lib/python3.12/site-packages/airflow/example_dags/example_kubernetes_executor.py took 0.336 seconds
[2024-10-22T05:25:55.022+0000] {processor.py:186} INFO - Started process (PID=71106) to work on /home/airflow/.local/lib/python3.12/site-packages/airflow/example_dags/example_kubernetes_executor.py
[2024-10-22T05:25:55.025+0000] {processor.py:914} INFO - Processing file /home/airflow/.local/lib/python3.12/site-packages/airflow/example_dags/example_kubernetes_executor.py for tasks to queue
[2024-10-22T05:25:55.028+0000] {logging_mixin.py:190} INFO - [2024-10-22T05:25:55.027+0000] {dagbag.py:588} INFO - Filling up the DagBag from /home/airflow/.local/lib/python3.12/site-packages/airflow/example_dags/example_kubernetes_executor.py
[2024-10-22T05:25:55.092+0000] {processor.py:925} INFO - DAG(s) 'example_kubernetes_executor' retrieved from /home/airflow/.local/lib/python3.12/site-packages/airflow/example_dags/example_kubernetes_executor.py
[2024-10-22T05:25:55.242+0000] {logging_mixin.py:190} INFO - [2024-10-22T05:25:55.241+0000] {dag.py:3239} INFO - Sync 1 DAGs
[2024-10-22T05:25:55.284+0000] {logging_mixin.py:190} INFO - [2024-10-22T05:25:55.283+0000] {dag.py:4180} INFO - Setting next_dagrun for example_kubernetes_executor to None, run_after=None
[2024-10-22T05:25:55.317+0000] {processor.py:208} INFO - Processing /home/airflow/.local/lib/python3.12/site-packages/airflow/example_dags/example_kubernetes_executor.py took 0.309 seconds
[2024-10-22T05:26:25.570+0000] {processor.py:186} INFO - Started process (PID=71173) to work on /home/airflow/.local/lib/python3.12/site-packages/airflow/example_dags/example_kubernetes_executor.py
[2024-10-22T05:26:25.574+0000] {processor.py:914} INFO - Processing file /home/airflow/.local/lib/python3.12/site-packages/airflow/example_dags/example_kubernetes_executor.py for tasks to queue
[2024-10-22T05:26:25.586+0000] {logging_mixin.py:190} INFO - [2024-10-22T05:26:25.584+0000] {dagbag.py:588} INFO - Filling up the DagBag from /home/airflow/.local/lib/python3.12/site-packages/airflow/example_dags/example_kubernetes_executor.py
[2024-10-22T05:26:25.637+0000] {processor.py:925} INFO - DAG(s) 'example_kubernetes_executor' retrieved from /home/airflow/.local/lib/python3.12/site-packages/airflow/example_dags/example_kubernetes_executor.py
[2024-10-22T05:26:25.754+0000] {logging_mixin.py:190} INFO - [2024-10-22T05:26:25.754+0000] {dag.py:3239} INFO - Sync 1 DAGs
[2024-10-22T05:26:25.784+0000] {logging_mixin.py:190} INFO - [2024-10-22T05:26:25.783+0000] {dag.py:4180} INFO - Setting next_dagrun for example_kubernetes_executor to None, run_after=None
[2024-10-22T05:26:25.845+0000] {processor.py:208} INFO - Processing /home/airflow/.local/lib/python3.12/site-packages/airflow/example_dags/example_kubernetes_executor.py took 0.295 seconds
[2024-10-22T05:26:56.041+0000] {processor.py:186} INFO - Started process (PID=71240) to work on /home/airflow/.local/lib/python3.12/site-packages/airflow/example_dags/example_kubernetes_executor.py
[2024-10-22T05:26:56.043+0000] {processor.py:914} INFO - Processing file /home/airflow/.local/lib/python3.12/site-packages/airflow/example_dags/example_kubernetes_executor.py for tasks to queue
[2024-10-22T05:26:56.045+0000] {logging_mixin.py:190} INFO - [2024-10-22T05:26:56.045+0000] {dagbag.py:588} INFO - Filling up the DagBag from /home/airflow/.local/lib/python3.12/site-packages/airflow/example_dags/example_kubernetes_executor.py
[2024-10-22T05:26:56.076+0000] {processor.py:925} INFO - DAG(s) 'example_kubernetes_executor' retrieved from /home/airflow/.local/lib/python3.12/site-packages/airflow/example_dags/example_kubernetes_executor.py
[2024-10-22T05:26:56.192+0000] {logging_mixin.py:190} INFO - [2024-10-22T05:26:56.192+0000] {dag.py:3239} INFO - Sync 1 DAGs
[2024-10-22T05:26:56.225+0000] {logging_mixin.py:190} INFO - [2024-10-22T05:26:56.225+0000] {dag.py:4180} INFO - Setting next_dagrun for example_kubernetes_executor to None, run_after=None
[2024-10-22T05:26:56.257+0000] {processor.py:208} INFO - Processing /home/airflow/.local/lib/python3.12/site-packages/airflow/example_dags/example_kubernetes_executor.py took 0.229 seconds
[2024-10-22T05:27:26.528+0000] {processor.py:186} INFO - Started process (PID=71307) to work on /home/airflow/.local/lib/python3.12/site-packages/airflow/example_dags/example_kubernetes_executor.py
[2024-10-22T05:27:26.530+0000] {processor.py:914} INFO - Processing file /home/airflow/.local/lib/python3.12/site-packages/airflow/example_dags/example_kubernetes_executor.py for tasks to queue
[2024-10-22T05:27:26.533+0000] {logging_mixin.py:190} INFO - [2024-10-22T05:27:26.533+0000] {dagbag.py:588} INFO - Filling up the DagBag from /home/airflow/.local/lib/python3.12/site-packages/airflow/example_dags/example_kubernetes_executor.py
[2024-10-22T05:27:26.560+0000] {processor.py:925} INFO - DAG(s) 'example_kubernetes_executor' retrieved from /home/airflow/.local/lib/python3.12/site-packages/airflow/example_dags/example_kubernetes_executor.py
[2024-10-22T05:27:26.714+0000] {logging_mixin.py:190} INFO - [2024-10-22T05:27:26.713+0000] {dag.py:3239} INFO - Sync 1 DAGs
[2024-10-22T05:27:26.753+0000] {logging_mixin.py:190} INFO - [2024-10-22T05:27:26.753+0000] {dag.py:4180} INFO - Setting next_dagrun for example_kubernetes_executor to None, run_after=None
[2024-10-22T05:27:26.791+0000] {processor.py:208} INFO - Processing /home/airflow/.local/lib/python3.12/site-packages/airflow/example_dags/example_kubernetes_executor.py took 0.281 seconds
[2024-10-22T05:27:57.314+0000] {processor.py:186} INFO - Started process (PID=71374) to work on /home/airflow/.local/lib/python3.12/site-packages/airflow/example_dags/example_kubernetes_executor.py
[2024-10-22T05:27:57.318+0000] {processor.py:914} INFO - Processing file /home/airflow/.local/lib/python3.12/site-packages/airflow/example_dags/example_kubernetes_executor.py for tasks to queue
[2024-10-22T05:27:57.336+0000] {logging_mixin.py:190} INFO - [2024-10-22T05:27:57.331+0000] {dagbag.py:588} INFO - Filling up the DagBag from /home/airflow/.local/lib/python3.12/site-packages/airflow/example_dags/example_kubernetes_executor.py
[2024-10-22T05:27:57.376+0000] {processor.py:925} INFO - DAG(s) 'example_kubernetes_executor' retrieved from /home/airflow/.local/lib/python3.12/site-packages/airflow/example_dags/example_kubernetes_executor.py
[2024-10-22T05:27:57.487+0000] {logging_mixin.py:190} INFO - [2024-10-22T05:27:57.486+0000] {dag.py:3239} INFO - Sync 1 DAGs
[2024-10-22T05:27:57.521+0000] {logging_mixin.py:190} INFO - [2024-10-22T05:27:57.521+0000] {dag.py:4180} INFO - Setting next_dagrun for example_kubernetes_executor to None, run_after=None
[2024-10-22T05:27:57.560+0000] {processor.py:208} INFO - Processing /home/airflow/.local/lib/python3.12/site-packages/airflow/example_dags/example_kubernetes_executor.py took 0.272 seconds
[2024-10-22T05:28:28.023+0000] {processor.py:186} INFO - Started process (PID=71441) to work on /home/airflow/.local/lib/python3.12/site-packages/airflow/example_dags/example_kubernetes_executor.py
[2024-10-22T05:28:28.026+0000] {processor.py:914} INFO - Processing file /home/airflow/.local/lib/python3.12/site-packages/airflow/example_dags/example_kubernetes_executor.py for tasks to queue
[2024-10-22T05:28:28.033+0000] {logging_mixin.py:190} INFO - [2024-10-22T05:28:28.029+0000] {dagbag.py:588} INFO - Filling up the DagBag from /home/airflow/.local/lib/python3.12/site-packages/airflow/example_dags/example_kubernetes_executor.py
[2024-10-22T05:28:28.076+0000] {processor.py:925} INFO - DAG(s) 'example_kubernetes_executor' retrieved from /home/airflow/.local/lib/python3.12/site-packages/airflow/example_dags/example_kubernetes_executor.py
[2024-10-22T05:28:28.169+0000] {logging_mixin.py:190} INFO - [2024-10-22T05:28:28.169+0000] {dag.py:3239} INFO - Sync 1 DAGs
[2024-10-22T05:28:28.220+0000] {logging_mixin.py:190} INFO - [2024-10-22T05:28:28.219+0000] {dag.py:4180} INFO - Setting next_dagrun for example_kubernetes_executor to None, run_after=None
[2024-10-22T05:28:28.271+0000] {processor.py:208} INFO - Processing /home/airflow/.local/lib/python3.12/site-packages/airflow/example_dags/example_kubernetes_executor.py took 0.263 seconds
[2024-10-22T05:28:58.560+0000] {processor.py:186} INFO - Started process (PID=71509) to work on /home/airflow/.local/lib/python3.12/site-packages/airflow/example_dags/example_kubernetes_executor.py
[2024-10-22T05:28:58.562+0000] {processor.py:914} INFO - Processing file /home/airflow/.local/lib/python3.12/site-packages/airflow/example_dags/example_kubernetes_executor.py for tasks to queue
[2024-10-22T05:28:58.564+0000] {logging_mixin.py:190} INFO - [2024-10-22T05:28:58.564+0000] {dagbag.py:588} INFO - Filling up the DagBag from /home/airflow/.local/lib/python3.12/site-packages/airflow/example_dags/example_kubernetes_executor.py
[2024-10-22T05:28:58.588+0000] {processor.py:925} INFO - DAG(s) 'example_kubernetes_executor' retrieved from /home/airflow/.local/lib/python3.12/site-packages/airflow/example_dags/example_kubernetes_executor.py
[2024-10-22T05:28:58.683+0000] {logging_mixin.py:190} INFO - [2024-10-22T05:28:58.682+0000] {dag.py:3239} INFO - Sync 1 DAGs
[2024-10-22T05:28:58.731+0000] {logging_mixin.py:190} INFO - [2024-10-22T05:28:58.730+0000] {dag.py:4180} INFO - Setting next_dagrun for example_kubernetes_executor to None, run_after=None
[2024-10-22T05:28:58.799+0000] {processor.py:208} INFO - Processing /home/airflow/.local/lib/python3.12/site-packages/airflow/example_dags/example_kubernetes_executor.py took 0.254 seconds
[2024-10-22T05:29:29.050+0000] {processor.py:186} INFO - Started process (PID=71575) to work on /home/airflow/.local/lib/python3.12/site-packages/airflow/example_dags/example_kubernetes_executor.py
[2024-10-22T05:29:29.052+0000] {processor.py:914} INFO - Processing file /home/airflow/.local/lib/python3.12/site-packages/airflow/example_dags/example_kubernetes_executor.py for tasks to queue
[2024-10-22T05:29:29.055+0000] {logging_mixin.py:190} INFO - [2024-10-22T05:29:29.054+0000] {dagbag.py:588} INFO - Filling up the DagBag from /home/airflow/.local/lib/python3.12/site-packages/airflow/example_dags/example_kubernetes_executor.py
[2024-10-22T05:29:29.081+0000] {processor.py:925} INFO - DAG(s) 'example_kubernetes_executor' retrieved from /home/airflow/.local/lib/python3.12/site-packages/airflow/example_dags/example_kubernetes_executor.py
[2024-10-22T05:29:29.213+0000] {logging_mixin.py:190} INFO - [2024-10-22T05:29:29.208+0000] {dag.py:3239} INFO - Sync 1 DAGs
[2024-10-22T05:29:29.278+0000] {logging_mixin.py:190} INFO - [2024-10-22T05:29:29.278+0000] {dag.py:4180} INFO - Setting next_dagrun for example_kubernetes_executor to None, run_after=None
[2024-10-22T05:29:29.310+0000] {processor.py:208} INFO - Processing /home/airflow/.local/lib/python3.12/site-packages/airflow/example_dags/example_kubernetes_executor.py took 0.274 seconds
[2024-10-22T05:29:59.993+0000] {processor.py:186} INFO - Started process (PID=71643) to work on /home/airflow/.local/lib/python3.12/site-packages/airflow/example_dags/example_kubernetes_executor.py
[2024-10-22T05:29:59.996+0000] {processor.py:914} INFO - Processing file /home/airflow/.local/lib/python3.12/site-packages/airflow/example_dags/example_kubernetes_executor.py for tasks to queue
[2024-10-22T05:29:59.999+0000] {logging_mixin.py:190} INFO - [2024-10-22T05:29:59.998+0000] {dagbag.py:588} INFO - Filling up the DagBag from /home/airflow/.local/lib/python3.12/site-packages/airflow/example_dags/example_kubernetes_executor.py
[2024-10-22T05:30:00.055+0000] {processor.py:925} INFO - DAG(s) 'example_kubernetes_executor' retrieved from /home/airflow/.local/lib/python3.12/site-packages/airflow/example_dags/example_kubernetes_executor.py
[2024-10-22T05:30:00.164+0000] {logging_mixin.py:190} INFO - [2024-10-22T05:30:00.163+0000] {dag.py:3239} INFO - Sync 1 DAGs
[2024-10-22T05:30:00.212+0000] {logging_mixin.py:190} INFO - [2024-10-22T05:30:00.212+0000] {dag.py:4180} INFO - Setting next_dagrun for example_kubernetes_executor to None, run_after=None
[2024-10-22T05:30:00.302+0000] {processor.py:208} INFO - Processing /home/airflow/.local/lib/python3.12/site-packages/airflow/example_dags/example_kubernetes_executor.py took 0.362 seconds
[2024-10-22T05:30:30.372+0000] {processor.py:186} INFO - Started process (PID=71709) to work on /home/airflow/.local/lib/python3.12/site-packages/airflow/example_dags/example_kubernetes_executor.py
[2024-10-22T05:30:30.374+0000] {processor.py:914} INFO - Processing file /home/airflow/.local/lib/python3.12/site-packages/airflow/example_dags/example_kubernetes_executor.py for tasks to queue
[2024-10-22T05:30:30.377+0000] {logging_mixin.py:190} INFO - [2024-10-22T05:30:30.376+0000] {dagbag.py:588} INFO - Filling up the DagBag from /home/airflow/.local/lib/python3.12/site-packages/airflow/example_dags/example_kubernetes_executor.py
[2024-10-22T05:30:30.402+0000] {processor.py:925} INFO - DAG(s) 'example_kubernetes_executor' retrieved from /home/airflow/.local/lib/python3.12/site-packages/airflow/example_dags/example_kubernetes_executor.py
[2024-10-22T05:30:30.489+0000] {logging_mixin.py:190} INFO - [2024-10-22T05:30:30.489+0000] {dag.py:3239} INFO - Sync 1 DAGs
[2024-10-22T05:30:30.522+0000] {logging_mixin.py:190} INFO - [2024-10-22T05:30:30.522+0000] {dag.py:4180} INFO - Setting next_dagrun for example_kubernetes_executor to None, run_after=None
[2024-10-22T05:30:30.561+0000] {processor.py:208} INFO - Processing /home/airflow/.local/lib/python3.12/site-packages/airflow/example_dags/example_kubernetes_executor.py took 0.201 seconds
[2024-10-22T05:31:01.149+0000] {processor.py:186} INFO - Started process (PID=71776) to work on /home/airflow/.local/lib/python3.12/site-packages/airflow/example_dags/example_kubernetes_executor.py
[2024-10-22T05:31:01.151+0000] {processor.py:914} INFO - Processing file /home/airflow/.local/lib/python3.12/site-packages/airflow/example_dags/example_kubernetes_executor.py for tasks to queue
[2024-10-22T05:31:01.154+0000] {logging_mixin.py:190} INFO - [2024-10-22T05:31:01.153+0000] {dagbag.py:588} INFO - Filling up the DagBag from /home/airflow/.local/lib/python3.12/site-packages/airflow/example_dags/example_kubernetes_executor.py
[2024-10-22T05:31:01.183+0000] {processor.py:925} INFO - DAG(s) 'example_kubernetes_executor' retrieved from /home/airflow/.local/lib/python3.12/site-packages/airflow/example_dags/example_kubernetes_executor.py
[2024-10-22T05:31:01.270+0000] {logging_mixin.py:190} INFO - [2024-10-22T05:31:01.269+0000] {dag.py:3239} INFO - Sync 1 DAGs
[2024-10-22T05:31:01.301+0000] {logging_mixin.py:190} INFO - [2024-10-22T05:31:01.301+0000] {dag.py:4180} INFO - Setting next_dagrun for example_kubernetes_executor to None, run_after=None
[2024-10-22T05:31:01.335+0000] {processor.py:208} INFO - Processing /home/airflow/.local/lib/python3.12/site-packages/airflow/example_dags/example_kubernetes_executor.py took 0.200 seconds
[2024-10-22T05:31:31.592+0000] {processor.py:186} INFO - Started process (PID=71837) to work on /home/airflow/.local/lib/python3.12/site-packages/airflow/example_dags/example_kubernetes_executor.py
[2024-10-22T05:31:31.594+0000] {processor.py:914} INFO - Processing file /home/airflow/.local/lib/python3.12/site-packages/airflow/example_dags/example_kubernetes_executor.py for tasks to queue
[2024-10-22T05:31:31.598+0000] {logging_mixin.py:190} INFO - [2024-10-22T05:31:31.597+0000] {dagbag.py:588} INFO - Filling up the DagBag from /home/airflow/.local/lib/python3.12/site-packages/airflow/example_dags/example_kubernetes_executor.py
[2024-10-22T05:31:31.652+0000] {processor.py:925} INFO - DAG(s) 'example_kubernetes_executor' retrieved from /home/airflow/.local/lib/python3.12/site-packages/airflow/example_dags/example_kubernetes_executor.py
[2024-10-22T05:31:31.804+0000] {logging_mixin.py:190} INFO - [2024-10-22T05:31:31.803+0000] {dag.py:3239} INFO - Sync 1 DAGs
[2024-10-22T05:31:31.834+0000] {logging_mixin.py:190} INFO - [2024-10-22T05:31:31.834+0000] {dag.py:4180} INFO - Setting next_dagrun for example_kubernetes_executor to None, run_after=None
[2024-10-22T05:31:31.870+0000] {processor.py:208} INFO - Processing /home/airflow/.local/lib/python3.12/site-packages/airflow/example_dags/example_kubernetes_executor.py took 0.321 seconds
[2024-10-22T05:32:02.052+0000] {processor.py:186} INFO - Started process (PID=71903) to work on /home/airflow/.local/lib/python3.12/site-packages/airflow/example_dags/example_kubernetes_executor.py
[2024-10-22T05:32:02.054+0000] {processor.py:914} INFO - Processing file /home/airflow/.local/lib/python3.12/site-packages/airflow/example_dags/example_kubernetes_executor.py for tasks to queue
[2024-10-22T05:32:02.058+0000] {logging_mixin.py:190} INFO - [2024-10-22T05:32:02.057+0000] {dagbag.py:588} INFO - Filling up the DagBag from /home/airflow/.local/lib/python3.12/site-packages/airflow/example_dags/example_kubernetes_executor.py
[2024-10-22T05:32:02.082+0000] {processor.py:925} INFO - DAG(s) 'example_kubernetes_executor' retrieved from /home/airflow/.local/lib/python3.12/site-packages/airflow/example_dags/example_kubernetes_executor.py
[2024-10-22T05:32:02.207+0000] {logging_mixin.py:190} INFO - [2024-10-22T05:32:02.207+0000] {dag.py:3239} INFO - Sync 1 DAGs
[2024-10-22T05:32:02.232+0000] {logging_mixin.py:190} INFO - [2024-10-22T05:32:02.232+0000] {dag.py:4180} INFO - Setting next_dagrun for example_kubernetes_executor to None, run_after=None
[2024-10-22T05:32:02.293+0000] {processor.py:208} INFO - Processing /home/airflow/.local/lib/python3.12/site-packages/airflow/example_dags/example_kubernetes_executor.py took 0.256 seconds
[2024-10-22T05:32:32.628+0000] {processor.py:186} INFO - Started process (PID=71969) to work on /home/airflow/.local/lib/python3.12/site-packages/airflow/example_dags/example_kubernetes_executor.py
[2024-10-22T05:32:32.638+0000] {processor.py:914} INFO - Processing file /home/airflow/.local/lib/python3.12/site-packages/airflow/example_dags/example_kubernetes_executor.py for tasks to queue
[2024-10-22T05:32:32.646+0000] {logging_mixin.py:190} INFO - [2024-10-22T05:32:32.640+0000] {dagbag.py:588} INFO - Filling up the DagBag from /home/airflow/.local/lib/python3.12/site-packages/airflow/example_dags/example_kubernetes_executor.py
[2024-10-22T05:32:32.684+0000] {processor.py:925} INFO - DAG(s) 'example_kubernetes_executor' retrieved from /home/airflow/.local/lib/python3.12/site-packages/airflow/example_dags/example_kubernetes_executor.py
[2024-10-22T05:32:32.823+0000] {logging_mixin.py:190} INFO - [2024-10-22T05:32:32.822+0000] {dag.py:3239} INFO - Sync 1 DAGs
[2024-10-22T05:32:32.860+0000] {logging_mixin.py:190} INFO - [2024-10-22T05:32:32.859+0000] {dag.py:4180} INFO - Setting next_dagrun for example_kubernetes_executor to None, run_after=None
[2024-10-22T05:32:32.899+0000] {processor.py:208} INFO - Processing /home/airflow/.local/lib/python3.12/site-packages/airflow/example_dags/example_kubernetes_executor.py took 0.287 seconds
[2024-10-22T05:33:03.309+0000] {processor.py:186} INFO - Started process (PID=72036) to work on /home/airflow/.local/lib/python3.12/site-packages/airflow/example_dags/example_kubernetes_executor.py
[2024-10-22T05:33:03.311+0000] {processor.py:914} INFO - Processing file /home/airflow/.local/lib/python3.12/site-packages/airflow/example_dags/example_kubernetes_executor.py for tasks to queue
[2024-10-22T05:33:03.315+0000] {logging_mixin.py:190} INFO - [2024-10-22T05:33:03.314+0000] {dagbag.py:588} INFO - Filling up the DagBag from /home/airflow/.local/lib/python3.12/site-packages/airflow/example_dags/example_kubernetes_executor.py
[2024-10-22T05:33:03.362+0000] {processor.py:925} INFO - DAG(s) 'example_kubernetes_executor' retrieved from /home/airflow/.local/lib/python3.12/site-packages/airflow/example_dags/example_kubernetes_executor.py
[2024-10-22T05:33:03.510+0000] {logging_mixin.py:190} INFO - [2024-10-22T05:33:03.510+0000] {dag.py:3239} INFO - Sync 1 DAGs
[2024-10-22T05:33:03.544+0000] {logging_mixin.py:190} INFO - [2024-10-22T05:33:03.543+0000] {dag.py:4180} INFO - Setting next_dagrun for example_kubernetes_executor to None, run_after=None
[2024-10-22T05:33:03.581+0000] {processor.py:208} INFO - Processing /home/airflow/.local/lib/python3.12/site-packages/airflow/example_dags/example_kubernetes_executor.py took 0.288 seconds
[2024-10-22T05:33:34.112+0000] {processor.py:186} INFO - Started process (PID=72102) to work on /home/airflow/.local/lib/python3.12/site-packages/airflow/example_dags/example_kubernetes_executor.py
[2024-10-22T05:33:34.114+0000] {processor.py:914} INFO - Processing file /home/airflow/.local/lib/python3.12/site-packages/airflow/example_dags/example_kubernetes_executor.py for tasks to queue
[2024-10-22T05:33:34.117+0000] {logging_mixin.py:190} INFO - [2024-10-22T05:33:34.116+0000] {dagbag.py:588} INFO - Filling up the DagBag from /home/airflow/.local/lib/python3.12/site-packages/airflow/example_dags/example_kubernetes_executor.py
[2024-10-22T05:33:34.141+0000] {processor.py:925} INFO - DAG(s) 'example_kubernetes_executor' retrieved from /home/airflow/.local/lib/python3.12/site-packages/airflow/example_dags/example_kubernetes_executor.py
[2024-10-22T05:33:34.243+0000] {logging_mixin.py:190} INFO - [2024-10-22T05:33:34.243+0000] {dag.py:3239} INFO - Sync 1 DAGs
[2024-10-22T05:33:34.281+0000] {logging_mixin.py:190} INFO - [2024-10-22T05:33:34.280+0000] {dag.py:4180} INFO - Setting next_dagrun for example_kubernetes_executor to None, run_after=None
[2024-10-22T05:33:34.322+0000] {processor.py:208} INFO - Processing /home/airflow/.local/lib/python3.12/site-packages/airflow/example_dags/example_kubernetes_executor.py took 0.221 seconds
[2024-10-22T05:34:04.892+0000] {processor.py:186} INFO - Started process (PID=72167) to work on /home/airflow/.local/lib/python3.12/site-packages/airflow/example_dags/example_kubernetes_executor.py
[2024-10-22T05:34:04.894+0000] {processor.py:914} INFO - Processing file /home/airflow/.local/lib/python3.12/site-packages/airflow/example_dags/example_kubernetes_executor.py for tasks to queue
[2024-10-22T05:34:04.896+0000] {logging_mixin.py:190} INFO - [2024-10-22T05:34:04.895+0000] {dagbag.py:588} INFO - Filling up the DagBag from /home/airflow/.local/lib/python3.12/site-packages/airflow/example_dags/example_kubernetes_executor.py
[2024-10-22T05:34:04.920+0000] {processor.py:925} INFO - DAG(s) 'example_kubernetes_executor' retrieved from /home/airflow/.local/lib/python3.12/site-packages/airflow/example_dags/example_kubernetes_executor.py
[2024-10-22T05:34:05.007+0000] {logging_mixin.py:190} INFO - [2024-10-22T05:34:05.007+0000] {dag.py:3239} INFO - Sync 1 DAGs
[2024-10-22T05:34:05.032+0000] {logging_mixin.py:190} INFO - [2024-10-22T05:34:05.032+0000] {dag.py:4180} INFO - Setting next_dagrun for example_kubernetes_executor to None, run_after=None
[2024-10-22T05:34:05.072+0000] {processor.py:208} INFO - Processing /home/airflow/.local/lib/python3.12/site-packages/airflow/example_dags/example_kubernetes_executor.py took 0.191 seconds
[2024-10-22T05:34:35.511+0000] {processor.py:186} INFO - Started process (PID=72234) to work on /home/airflow/.local/lib/python3.12/site-packages/airflow/example_dags/example_kubernetes_executor.py
[2024-10-22T05:34:35.513+0000] {processor.py:914} INFO - Processing file /home/airflow/.local/lib/python3.12/site-packages/airflow/example_dags/example_kubernetes_executor.py for tasks to queue
[2024-10-22T05:34:35.516+0000] {logging_mixin.py:190} INFO - [2024-10-22T05:34:35.515+0000] {dagbag.py:588} INFO - Filling up the DagBag from /home/airflow/.local/lib/python3.12/site-packages/airflow/example_dags/example_kubernetes_executor.py
[2024-10-22T05:34:35.542+0000] {processor.py:925} INFO - DAG(s) 'example_kubernetes_executor' retrieved from /home/airflow/.local/lib/python3.12/site-packages/airflow/example_dags/example_kubernetes_executor.py
[2024-10-22T05:34:35.688+0000] {logging_mixin.py:190} INFO - [2024-10-22T05:34:35.687+0000] {dag.py:3239} INFO - Sync 1 DAGs
[2024-10-22T05:34:35.743+0000] {logging_mixin.py:190} INFO - [2024-10-22T05:34:35.743+0000] {dag.py:4180} INFO - Setting next_dagrun for example_kubernetes_executor to None, run_after=None
[2024-10-22T05:34:35.784+0000] {processor.py:208} INFO - Processing /home/airflow/.local/lib/python3.12/site-packages/airflow/example_dags/example_kubernetes_executor.py took 0.286 seconds
[2024-10-22T05:35:06.181+0000] {processor.py:186} INFO - Started process (PID=72300) to work on /home/airflow/.local/lib/python3.12/site-packages/airflow/example_dags/example_kubernetes_executor.py
[2024-10-22T05:35:06.183+0000] {processor.py:914} INFO - Processing file /home/airflow/.local/lib/python3.12/site-packages/airflow/example_dags/example_kubernetes_executor.py for tasks to queue
[2024-10-22T05:35:06.186+0000] {logging_mixin.py:190} INFO - [2024-10-22T05:35:06.185+0000] {dagbag.py:588} INFO - Filling up the DagBag from /home/airflow/.local/lib/python3.12/site-packages/airflow/example_dags/example_kubernetes_executor.py
[2024-10-22T05:35:06.210+0000] {processor.py:925} INFO - DAG(s) 'example_kubernetes_executor' retrieved from /home/airflow/.local/lib/python3.12/site-packages/airflow/example_dags/example_kubernetes_executor.py
[2024-10-22T05:35:06.310+0000] {logging_mixin.py:190} INFO - [2024-10-22T05:35:06.309+0000] {dag.py:3239} INFO - Sync 1 DAGs
[2024-10-22T05:35:06.336+0000] {logging_mixin.py:190} INFO - [2024-10-22T05:35:06.336+0000] {dag.py:4180} INFO - Setting next_dagrun for example_kubernetes_executor to None, run_after=None
[2024-10-22T05:35:06.369+0000] {processor.py:208} INFO - Processing /home/airflow/.local/lib/python3.12/site-packages/airflow/example_dags/example_kubernetes_executor.py took 0.200 seconds
[2024-10-22T05:35:36.994+0000] {processor.py:186} INFO - Started process (PID=72367) to work on /home/airflow/.local/lib/python3.12/site-packages/airflow/example_dags/example_kubernetes_executor.py
[2024-10-22T05:35:36.995+0000] {processor.py:914} INFO - Processing file /home/airflow/.local/lib/python3.12/site-packages/airflow/example_dags/example_kubernetes_executor.py for tasks to queue
[2024-10-22T05:35:36.997+0000] {logging_mixin.py:190} INFO - [2024-10-22T05:35:36.996+0000] {dagbag.py:588} INFO - Filling up the DagBag from /home/airflow/.local/lib/python3.12/site-packages/airflow/example_dags/example_kubernetes_executor.py
[2024-10-22T05:35:37.011+0000] {processor.py:925} INFO - DAG(s) 'example_kubernetes_executor' retrieved from /home/airflow/.local/lib/python3.12/site-packages/airflow/example_dags/example_kubernetes_executor.py
[2024-10-22T05:35:37.065+0000] {logging_mixin.py:190} INFO - [2024-10-22T05:35:37.064+0000] {dag.py:3239} INFO - Sync 1 DAGs
[2024-10-22T05:35:37.080+0000] {logging_mixin.py:190} INFO - [2024-10-22T05:35:37.080+0000] {dag.py:4180} INFO - Setting next_dagrun for example_kubernetes_executor to None, run_after=None
[2024-10-22T05:35:37.098+0000] {processor.py:208} INFO - Processing /home/airflow/.local/lib/python3.12/site-packages/airflow/example_dags/example_kubernetes_executor.py took 0.111 seconds
[2024-10-22T05:36:07.151+0000] {processor.py:186} INFO - Started process (PID=72434) to work on /home/airflow/.local/lib/python3.12/site-packages/airflow/example_dags/example_kubernetes_executor.py
[2024-10-22T05:36:07.152+0000] {processor.py:914} INFO - Processing file /home/airflow/.local/lib/python3.12/site-packages/airflow/example_dags/example_kubernetes_executor.py for tasks to queue
[2024-10-22T05:36:07.154+0000] {logging_mixin.py:190} INFO - [2024-10-22T05:36:07.153+0000] {dagbag.py:588} INFO - Filling up the DagBag from /home/airflow/.local/lib/python3.12/site-packages/airflow/example_dags/example_kubernetes_executor.py
[2024-10-22T05:36:07.169+0000] {processor.py:925} INFO - DAG(s) 'example_kubernetes_executor' retrieved from /home/airflow/.local/lib/python3.12/site-packages/airflow/example_dags/example_kubernetes_executor.py
[2024-10-22T05:36:07.225+0000] {logging_mixin.py:190} INFO - [2024-10-22T05:36:07.225+0000] {dag.py:3239} INFO - Sync 1 DAGs
[2024-10-22T05:36:07.242+0000] {logging_mixin.py:190} INFO - [2024-10-22T05:36:07.242+0000] {dag.py:4180} INFO - Setting next_dagrun for example_kubernetes_executor to None, run_after=None
[2024-10-22T05:36:07.260+0000] {processor.py:208} INFO - Processing /home/airflow/.local/lib/python3.12/site-packages/airflow/example_dags/example_kubernetes_executor.py took 0.119 seconds
[2024-10-22T05:36:37.336+0000] {processor.py:186} INFO - Started process (PID=72500) to work on /home/airflow/.local/lib/python3.12/site-packages/airflow/example_dags/example_kubernetes_executor.py
[2024-10-22T05:36:37.337+0000] {processor.py:914} INFO - Processing file /home/airflow/.local/lib/python3.12/site-packages/airflow/example_dags/example_kubernetes_executor.py for tasks to queue
[2024-10-22T05:36:37.339+0000] {logging_mixin.py:190} INFO - [2024-10-22T05:36:37.339+0000] {dagbag.py:588} INFO - Filling up the DagBag from /home/airflow/.local/lib/python3.12/site-packages/airflow/example_dags/example_kubernetes_executor.py
[2024-10-22T05:36:37.354+0000] {processor.py:925} INFO - DAG(s) 'example_kubernetes_executor' retrieved from /home/airflow/.local/lib/python3.12/site-packages/airflow/example_dags/example_kubernetes_executor.py
[2024-10-22T05:36:37.409+0000] {logging_mixin.py:190} INFO - [2024-10-22T05:36:37.409+0000] {dag.py:3239} INFO - Sync 1 DAGs
[2024-10-22T05:36:37.425+0000] {logging_mixin.py:190} INFO - [2024-10-22T05:36:37.425+0000] {dag.py:4180} INFO - Setting next_dagrun for example_kubernetes_executor to None, run_after=None
[2024-10-22T05:36:37.443+0000] {processor.py:208} INFO - Processing /home/airflow/.local/lib/python3.12/site-packages/airflow/example_dags/example_kubernetes_executor.py took 0.114 seconds
[2024-10-22T05:37:07.723+0000] {processor.py:186} INFO - Started process (PID=72568) to work on /home/airflow/.local/lib/python3.12/site-packages/airflow/example_dags/example_kubernetes_executor.py
[2024-10-22T05:37:07.724+0000] {processor.py:914} INFO - Processing file /home/airflow/.local/lib/python3.12/site-packages/airflow/example_dags/example_kubernetes_executor.py for tasks to queue
[2024-10-22T05:37:07.725+0000] {logging_mixin.py:190} INFO - [2024-10-22T05:37:07.725+0000] {dagbag.py:588} INFO - Filling up the DagBag from /home/airflow/.local/lib/python3.12/site-packages/airflow/example_dags/example_kubernetes_executor.py
[2024-10-22T05:37:07.743+0000] {processor.py:925} INFO - DAG(s) 'example_kubernetes_executor' retrieved from /home/airflow/.local/lib/python3.12/site-packages/airflow/example_dags/example_kubernetes_executor.py
[2024-10-22T05:37:07.799+0000] {logging_mixin.py:190} INFO - [2024-10-22T05:37:07.798+0000] {dag.py:3239} INFO - Sync 1 DAGs
[2024-10-22T05:37:07.816+0000] {logging_mixin.py:190} INFO - [2024-10-22T05:37:07.815+0000] {dag.py:4180} INFO - Setting next_dagrun for example_kubernetes_executor to None, run_after=None
[2024-10-22T05:37:07.833+0000] {processor.py:208} INFO - Processing /home/airflow/.local/lib/python3.12/site-packages/airflow/example_dags/example_kubernetes_executor.py took 0.119 seconds
[2024-10-22T05:37:37.931+0000] {processor.py:186} INFO - Started process (PID=72634) to work on /home/airflow/.local/lib/python3.12/site-packages/airflow/example_dags/example_kubernetes_executor.py
[2024-10-22T05:37:37.933+0000] {processor.py:914} INFO - Processing file /home/airflow/.local/lib/python3.12/site-packages/airflow/example_dags/example_kubernetes_executor.py for tasks to queue
[2024-10-22T05:37:37.934+0000] {logging_mixin.py:190} INFO - [2024-10-22T05:37:37.934+0000] {dagbag.py:588} INFO - Filling up the DagBag from /home/airflow/.local/lib/python3.12/site-packages/airflow/example_dags/example_kubernetes_executor.py
[2024-10-22T05:37:37.953+0000] {processor.py:925} INFO - DAG(s) 'example_kubernetes_executor' retrieved from /home/airflow/.local/lib/python3.12/site-packages/airflow/example_dags/example_kubernetes_executor.py
[2024-10-22T05:37:38.010+0000] {logging_mixin.py:190} INFO - [2024-10-22T05:37:38.009+0000] {dag.py:3239} INFO - Sync 1 DAGs
[2024-10-22T05:37:38.026+0000] {logging_mixin.py:190} INFO - [2024-10-22T05:37:38.026+0000] {dag.py:4180} INFO - Setting next_dagrun for example_kubernetes_executor to None, run_after=None
[2024-10-22T05:37:38.046+0000] {processor.py:208} INFO - Processing /home/airflow/.local/lib/python3.12/site-packages/airflow/example_dags/example_kubernetes_executor.py took 0.122 seconds
[2024-10-22T05:38:08.279+0000] {processor.py:186} INFO - Started process (PID=72701) to work on /home/airflow/.local/lib/python3.12/site-packages/airflow/example_dags/example_kubernetes_executor.py
[2024-10-22T05:38:08.280+0000] {processor.py:914} INFO - Processing file /home/airflow/.local/lib/python3.12/site-packages/airflow/example_dags/example_kubernetes_executor.py for tasks to queue
[2024-10-22T05:38:08.281+0000] {logging_mixin.py:190} INFO - [2024-10-22T05:38:08.281+0000] {dagbag.py:588} INFO - Filling up the DagBag from /home/airflow/.local/lib/python3.12/site-packages/airflow/example_dags/example_kubernetes_executor.py
[2024-10-22T05:38:08.296+0000] {processor.py:925} INFO - DAG(s) 'example_kubernetes_executor' retrieved from /home/airflow/.local/lib/python3.12/site-packages/airflow/example_dags/example_kubernetes_executor.py
[2024-10-22T05:38:08.355+0000] {logging_mixin.py:190} INFO - [2024-10-22T05:38:08.354+0000] {dag.py:3239} INFO - Sync 1 DAGs
[2024-10-22T05:38:08.370+0000] {logging_mixin.py:190} INFO - [2024-10-22T05:38:08.370+0000] {dag.py:4180} INFO - Setting next_dagrun for example_kubernetes_executor to None, run_after=None
[2024-10-22T05:38:08.389+0000] {processor.py:208} INFO - Processing /home/airflow/.local/lib/python3.12/site-packages/airflow/example_dags/example_kubernetes_executor.py took 0.118 seconds
[2024-10-22T05:38:38.933+0000] {processor.py:186} INFO - Started process (PID=72768) to work on /home/airflow/.local/lib/python3.12/site-packages/airflow/example_dags/example_kubernetes_executor.py
[2024-10-22T05:38:38.934+0000] {processor.py:914} INFO - Processing file /home/airflow/.local/lib/python3.12/site-packages/airflow/example_dags/example_kubernetes_executor.py for tasks to queue
[2024-10-22T05:38:38.936+0000] {logging_mixin.py:190} INFO - [2024-10-22T05:38:38.936+0000] {dagbag.py:588} INFO - Filling up the DagBag from /home/airflow/.local/lib/python3.12/site-packages/airflow/example_dags/example_kubernetes_executor.py
[2024-10-22T05:38:38.951+0000] {processor.py:925} INFO - DAG(s) 'example_kubernetes_executor' retrieved from /home/airflow/.local/lib/python3.12/site-packages/airflow/example_dags/example_kubernetes_executor.py
[2024-10-22T05:38:39.003+0000] {logging_mixin.py:190} INFO - [2024-10-22T05:38:39.003+0000] {dag.py:3239} INFO - Sync 1 DAGs
[2024-10-22T05:38:39.019+0000] {logging_mixin.py:190} INFO - [2024-10-22T05:38:39.019+0000] {dag.py:4180} INFO - Setting next_dagrun for example_kubernetes_executor to None, run_after=None
[2024-10-22T05:38:39.039+0000] {processor.py:208} INFO - Processing /home/airflow/.local/lib/python3.12/site-packages/airflow/example_dags/example_kubernetes_executor.py took 0.113 seconds
[2024-10-22T05:39:09.130+0000] {processor.py:186} INFO - Started process (PID=72835) to work on /home/airflow/.local/lib/python3.12/site-packages/airflow/example_dags/example_kubernetes_executor.py
[2024-10-22T05:39:09.131+0000] {processor.py:914} INFO - Processing file /home/airflow/.local/lib/python3.12/site-packages/airflow/example_dags/example_kubernetes_executor.py for tasks to queue
[2024-10-22T05:39:09.132+0000] {logging_mixin.py:190} INFO - [2024-10-22T05:39:09.132+0000] {dagbag.py:588} INFO - Filling up the DagBag from /home/airflow/.local/lib/python3.12/site-packages/airflow/example_dags/example_kubernetes_executor.py
[2024-10-22T05:39:09.146+0000] {processor.py:925} INFO - DAG(s) 'example_kubernetes_executor' retrieved from /home/airflow/.local/lib/python3.12/site-packages/airflow/example_dags/example_kubernetes_executor.py
[2024-10-22T05:39:09.199+0000] {logging_mixin.py:190} INFO - [2024-10-22T05:39:09.198+0000] {dag.py:3239} INFO - Sync 1 DAGs
[2024-10-22T05:39:09.215+0000] {logging_mixin.py:190} INFO - [2024-10-22T05:39:09.215+0000] {dag.py:4180} INFO - Setting next_dagrun for example_kubernetes_executor to None, run_after=None
[2024-10-22T05:39:09.234+0000] {processor.py:208} INFO - Processing /home/airflow/.local/lib/python3.12/site-packages/airflow/example_dags/example_kubernetes_executor.py took 0.111 seconds
[2024-10-22T05:39:39.450+0000] {processor.py:186} INFO - Started process (PID=72902) to work on /home/airflow/.local/lib/python3.12/site-packages/airflow/example_dags/example_kubernetes_executor.py
[2024-10-22T05:39:39.451+0000] {processor.py:914} INFO - Processing file /home/airflow/.local/lib/python3.12/site-packages/airflow/example_dags/example_kubernetes_executor.py for tasks to queue
[2024-10-22T05:39:39.453+0000] {logging_mixin.py:190} INFO - [2024-10-22T05:39:39.452+0000] {dagbag.py:588} INFO - Filling up the DagBag from /home/airflow/.local/lib/python3.12/site-packages/airflow/example_dags/example_kubernetes_executor.py
[2024-10-22T05:39:39.467+0000] {processor.py:925} INFO - DAG(s) 'example_kubernetes_executor' retrieved from /home/airflow/.local/lib/python3.12/site-packages/airflow/example_dags/example_kubernetes_executor.py
[2024-10-22T05:39:39.519+0000] {logging_mixin.py:190} INFO - [2024-10-22T05:39:39.519+0000] {dag.py:3239} INFO - Sync 1 DAGs
[2024-10-22T05:39:39.535+0000] {logging_mixin.py:190} INFO - [2024-10-22T05:39:39.535+0000] {dag.py:4180} INFO - Setting next_dagrun for example_kubernetes_executor to None, run_after=None
[2024-10-22T05:39:39.553+0000] {processor.py:208} INFO - Processing /home/airflow/.local/lib/python3.12/site-packages/airflow/example_dags/example_kubernetes_executor.py took 0.110 seconds
[2024-10-22T05:40:09.643+0000] {processor.py:186} INFO - Started process (PID=72969) to work on /home/airflow/.local/lib/python3.12/site-packages/airflow/example_dags/example_kubernetes_executor.py
[2024-10-22T05:40:09.644+0000] {processor.py:914} INFO - Processing file /home/airflow/.local/lib/python3.12/site-packages/airflow/example_dags/example_kubernetes_executor.py for tasks to queue
[2024-10-22T05:40:09.645+0000] {logging_mixin.py:190} INFO - [2024-10-22T05:40:09.645+0000] {dagbag.py:588} INFO - Filling up the DagBag from /home/airflow/.local/lib/python3.12/site-packages/airflow/example_dags/example_kubernetes_executor.py
[2024-10-22T05:40:09.658+0000] {processor.py:925} INFO - DAG(s) 'example_kubernetes_executor' retrieved from /home/airflow/.local/lib/python3.12/site-packages/airflow/example_dags/example_kubernetes_executor.py
[2024-10-22T05:40:09.708+0000] {logging_mixin.py:190} INFO - [2024-10-22T05:40:09.708+0000] {dag.py:3239} INFO - Sync 1 DAGs
[2024-10-22T05:40:09.725+0000] {logging_mixin.py:190} INFO - [2024-10-22T05:40:09.724+0000] {dag.py:4180} INFO - Setting next_dagrun for example_kubernetes_executor to None, run_after=None
[2024-10-22T05:40:09.746+0000] {processor.py:208} INFO - Processing /home/airflow/.local/lib/python3.12/site-packages/airflow/example_dags/example_kubernetes_executor.py took 0.112 seconds
[2024-10-22T05:40:40.129+0000] {processor.py:186} INFO - Started process (PID=73036) to work on /home/airflow/.local/lib/python3.12/site-packages/airflow/example_dags/example_kubernetes_executor.py
[2024-10-22T05:40:40.131+0000] {processor.py:914} INFO - Processing file /home/airflow/.local/lib/python3.12/site-packages/airflow/example_dags/example_kubernetes_executor.py for tasks to queue
[2024-10-22T05:40:40.132+0000] {logging_mixin.py:190} INFO - [2024-10-22T05:40:40.132+0000] {dagbag.py:588} INFO - Filling up the DagBag from /home/airflow/.local/lib/python3.12/site-packages/airflow/example_dags/example_kubernetes_executor.py
[2024-10-22T05:40:40.147+0000] {processor.py:925} INFO - DAG(s) 'example_kubernetes_executor' retrieved from /home/airflow/.local/lib/python3.12/site-packages/airflow/example_dags/example_kubernetes_executor.py
[2024-10-22T05:40:40.210+0000] {logging_mixin.py:190} INFO - [2024-10-22T05:40:40.209+0000] {dag.py:3239} INFO - Sync 1 DAGs
[2024-10-22T05:40:40.226+0000] {logging_mixin.py:190} INFO - [2024-10-22T05:40:40.226+0000] {dag.py:4180} INFO - Setting next_dagrun for example_kubernetes_executor to None, run_after=None
[2024-10-22T05:40:40.249+0000] {processor.py:208} INFO - Processing /home/airflow/.local/lib/python3.12/site-packages/airflow/example_dags/example_kubernetes_executor.py took 0.129 seconds
[2024-10-22T05:41:10.551+0000] {processor.py:186} INFO - Started process (PID=73103) to work on /home/airflow/.local/lib/python3.12/site-packages/airflow/example_dags/example_kubernetes_executor.py
[2024-10-22T05:41:10.552+0000] {processor.py:914} INFO - Processing file /home/airflow/.local/lib/python3.12/site-packages/airflow/example_dags/example_kubernetes_executor.py for tasks to queue
[2024-10-22T05:41:10.553+0000] {logging_mixin.py:190} INFO - [2024-10-22T05:41:10.553+0000] {dagbag.py:588} INFO - Filling up the DagBag from /home/airflow/.local/lib/python3.12/site-packages/airflow/example_dags/example_kubernetes_executor.py
[2024-10-22T05:41:10.567+0000] {processor.py:925} INFO - DAG(s) 'example_kubernetes_executor' retrieved from /home/airflow/.local/lib/python3.12/site-packages/airflow/example_dags/example_kubernetes_executor.py
[2024-10-22T05:41:10.617+0000] {logging_mixin.py:190} INFO - [2024-10-22T05:41:10.617+0000] {dag.py:3239} INFO - Sync 1 DAGs
[2024-10-22T05:41:10.634+0000] {logging_mixin.py:190} INFO - [2024-10-22T05:41:10.633+0000] {dag.py:4180} INFO - Setting next_dagrun for example_kubernetes_executor to None, run_after=None
[2024-10-22T05:41:10.656+0000] {processor.py:208} INFO - Processing /home/airflow/.local/lib/python3.12/site-packages/airflow/example_dags/example_kubernetes_executor.py took 0.112 seconds
[2024-10-22T05:41:40.958+0000] {processor.py:186} INFO - Started process (PID=73170) to work on /home/airflow/.local/lib/python3.12/site-packages/airflow/example_dags/example_kubernetes_executor.py
[2024-10-22T05:41:40.959+0000] {processor.py:914} INFO - Processing file /home/airflow/.local/lib/python3.12/site-packages/airflow/example_dags/example_kubernetes_executor.py for tasks to queue
[2024-10-22T05:41:40.961+0000] {logging_mixin.py:190} INFO - [2024-10-22T05:41:40.960+0000] {dagbag.py:588} INFO - Filling up the DagBag from /home/airflow/.local/lib/python3.12/site-packages/airflow/example_dags/example_kubernetes_executor.py
[2024-10-22T05:41:40.975+0000] {processor.py:925} INFO - DAG(s) 'example_kubernetes_executor' retrieved from /home/airflow/.local/lib/python3.12/site-packages/airflow/example_dags/example_kubernetes_executor.py
[2024-10-22T05:41:41.029+0000] {logging_mixin.py:190} INFO - [2024-10-22T05:41:41.028+0000] {dag.py:3239} INFO - Sync 1 DAGs
[2024-10-22T05:41:41.048+0000] {logging_mixin.py:190} INFO - [2024-10-22T05:41:41.048+0000] {dag.py:4180} INFO - Setting next_dagrun for example_kubernetes_executor to None, run_after=None
[2024-10-22T05:41:41.066+0000] {processor.py:208} INFO - Processing /home/airflow/.local/lib/python3.12/site-packages/airflow/example_dags/example_kubernetes_executor.py took 0.114 seconds
[2024-10-22T05:42:11.168+0000] {processor.py:186} INFO - Started process (PID=73237) to work on /home/airflow/.local/lib/python3.12/site-packages/airflow/example_dags/example_kubernetes_executor.py
[2024-10-22T05:42:11.169+0000] {processor.py:914} INFO - Processing file /home/airflow/.local/lib/python3.12/site-packages/airflow/example_dags/example_kubernetes_executor.py for tasks to queue
[2024-10-22T05:42:11.171+0000] {logging_mixin.py:190} INFO - [2024-10-22T05:42:11.170+0000] {dagbag.py:588} INFO - Filling up the DagBag from /home/airflow/.local/lib/python3.12/site-packages/airflow/example_dags/example_kubernetes_executor.py
[2024-10-22T05:42:11.185+0000] {processor.py:925} INFO - DAG(s) 'example_kubernetes_executor' retrieved from /home/airflow/.local/lib/python3.12/site-packages/airflow/example_dags/example_kubernetes_executor.py
[2024-10-22T05:42:11.238+0000] {logging_mixin.py:190} INFO - [2024-10-22T05:42:11.237+0000] {dag.py:3239} INFO - Sync 1 DAGs
[2024-10-22T05:42:11.253+0000] {logging_mixin.py:190} INFO - [2024-10-22T05:42:11.253+0000] {dag.py:4180} INFO - Setting next_dagrun for example_kubernetes_executor to None, run_after=None
[2024-10-22T05:42:11.271+0000] {processor.py:208} INFO - Processing /home/airflow/.local/lib/python3.12/site-packages/airflow/example_dags/example_kubernetes_executor.py took 0.110 seconds
[2024-10-22T05:42:41.412+0000] {processor.py:186} INFO - Started process (PID=73304) to work on /home/airflow/.local/lib/python3.12/site-packages/airflow/example_dags/example_kubernetes_executor.py
[2024-10-22T05:42:41.414+0000] {processor.py:914} INFO - Processing file /home/airflow/.local/lib/python3.12/site-packages/airflow/example_dags/example_kubernetes_executor.py for tasks to queue
[2024-10-22T05:42:41.415+0000] {logging_mixin.py:190} INFO - [2024-10-22T05:42:41.415+0000] {dagbag.py:588} INFO - Filling up the DagBag from /home/airflow/.local/lib/python3.12/site-packages/airflow/example_dags/example_kubernetes_executor.py
[2024-10-22T05:42:41.430+0000] {processor.py:925} INFO - DAG(s) 'example_kubernetes_executor' retrieved from /home/airflow/.local/lib/python3.12/site-packages/airflow/example_dags/example_kubernetes_executor.py
[2024-10-22T05:42:41.483+0000] {logging_mixin.py:190} INFO - [2024-10-22T05:42:41.482+0000] {dag.py:3239} INFO - Sync 1 DAGs
[2024-10-22T05:42:41.500+0000] {logging_mixin.py:190} INFO - [2024-10-22T05:42:41.499+0000] {dag.py:4180} INFO - Setting next_dagrun for example_kubernetes_executor to None, run_after=None
[2024-10-22T05:42:41.517+0000] {processor.py:208} INFO - Processing /home/airflow/.local/lib/python3.12/site-packages/airflow/example_dags/example_kubernetes_executor.py took 0.112 seconds
[2024-10-22T05:43:11.585+0000] {processor.py:186} INFO - Started process (PID=73371) to work on /home/airflow/.local/lib/python3.12/site-packages/airflow/example_dags/example_kubernetes_executor.py
[2024-10-22T05:43:11.588+0000] {processor.py:914} INFO - Processing file /home/airflow/.local/lib/python3.12/site-packages/airflow/example_dags/example_kubernetes_executor.py for tasks to queue
[2024-10-22T05:43:11.590+0000] {logging_mixin.py:190} INFO - [2024-10-22T05:43:11.589+0000] {dagbag.py:588} INFO - Filling up the DagBag from /home/airflow/.local/lib/python3.12/site-packages/airflow/example_dags/example_kubernetes_executor.py
[2024-10-22T05:43:11.604+0000] {processor.py:925} INFO - DAG(s) 'example_kubernetes_executor' retrieved from /home/airflow/.local/lib/python3.12/site-packages/airflow/example_dags/example_kubernetes_executor.py
[2024-10-22T05:43:11.657+0000] {logging_mixin.py:190} INFO - [2024-10-22T05:43:11.657+0000] {dag.py:3239} INFO - Sync 1 DAGs
[2024-10-22T05:43:11.672+0000] {logging_mixin.py:190} INFO - [2024-10-22T05:43:11.672+0000] {dag.py:4180} INFO - Setting next_dagrun for example_kubernetes_executor to None, run_after=None
[2024-10-22T05:43:11.691+0000] {processor.py:208} INFO - Processing /home/airflow/.local/lib/python3.12/site-packages/airflow/example_dags/example_kubernetes_executor.py took 0.114 seconds
[2024-10-22T05:43:42.377+0000] {processor.py:186} INFO - Started process (PID=73438) to work on /home/airflow/.local/lib/python3.12/site-packages/airflow/example_dags/example_kubernetes_executor.py
[2024-10-22T05:43:42.378+0000] {processor.py:914} INFO - Processing file /home/airflow/.local/lib/python3.12/site-packages/airflow/example_dags/example_kubernetes_executor.py for tasks to queue
[2024-10-22T05:43:42.380+0000] {logging_mixin.py:190} INFO - [2024-10-22T05:43:42.379+0000] {dagbag.py:588} INFO - Filling up the DagBag from /home/airflow/.local/lib/python3.12/site-packages/airflow/example_dags/example_kubernetes_executor.py
[2024-10-22T05:43:42.394+0000] {processor.py:925} INFO - DAG(s) 'example_kubernetes_executor' retrieved from /home/airflow/.local/lib/python3.12/site-packages/airflow/example_dags/example_kubernetes_executor.py
[2024-10-22T05:43:42.448+0000] {logging_mixin.py:190} INFO - [2024-10-22T05:43:42.448+0000] {dag.py:3239} INFO - Sync 1 DAGs
[2024-10-22T05:43:42.466+0000] {logging_mixin.py:190} INFO - [2024-10-22T05:43:42.466+0000] {dag.py:4180} INFO - Setting next_dagrun for example_kubernetes_executor to None, run_after=None
[2024-10-22T05:43:42.485+0000] {processor.py:208} INFO - Processing /home/airflow/.local/lib/python3.12/site-packages/airflow/example_dags/example_kubernetes_executor.py took 0.115 seconds
[2024-10-22T05:44:12.863+0000] {processor.py:186} INFO - Started process (PID=73505) to work on /home/airflow/.local/lib/python3.12/site-packages/airflow/example_dags/example_kubernetes_executor.py
[2024-10-22T05:44:12.864+0000] {processor.py:914} INFO - Processing file /home/airflow/.local/lib/python3.12/site-packages/airflow/example_dags/example_kubernetes_executor.py for tasks to queue
[2024-10-22T05:44:12.865+0000] {logging_mixin.py:190} INFO - [2024-10-22T05:44:12.865+0000] {dagbag.py:588} INFO - Filling up the DagBag from /home/airflow/.local/lib/python3.12/site-packages/airflow/example_dags/example_kubernetes_executor.py
[2024-10-22T05:44:12.879+0000] {processor.py:925} INFO - DAG(s) 'example_kubernetes_executor' retrieved from /home/airflow/.local/lib/python3.12/site-packages/airflow/example_dags/example_kubernetes_executor.py
[2024-10-22T05:44:12.934+0000] {logging_mixin.py:190} INFO - [2024-10-22T05:44:12.934+0000] {dag.py:3239} INFO - Sync 1 DAGs
[2024-10-22T05:44:12.952+0000] {logging_mixin.py:190} INFO - [2024-10-22T05:44:12.952+0000] {dag.py:4180} INFO - Setting next_dagrun for example_kubernetes_executor to None, run_after=None
[2024-10-22T05:44:12.969+0000] {processor.py:208} INFO - Processing /home/airflow/.local/lib/python3.12/site-packages/airflow/example_dags/example_kubernetes_executor.py took 0.113 seconds
[2024-10-22T05:44:43.618+0000] {processor.py:186} INFO - Started process (PID=73572) to work on /home/airflow/.local/lib/python3.12/site-packages/airflow/example_dags/example_kubernetes_executor.py
[2024-10-22T05:44:43.619+0000] {processor.py:914} INFO - Processing file /home/airflow/.local/lib/python3.12/site-packages/airflow/example_dags/example_kubernetes_executor.py for tasks to queue
[2024-10-22T05:44:43.621+0000] {logging_mixin.py:190} INFO - [2024-10-22T05:44:43.620+0000] {dagbag.py:588} INFO - Filling up the DagBag from /home/airflow/.local/lib/python3.12/site-packages/airflow/example_dags/example_kubernetes_executor.py
[2024-10-22T05:44:43.636+0000] {processor.py:925} INFO - DAG(s) 'example_kubernetes_executor' retrieved from /home/airflow/.local/lib/python3.12/site-packages/airflow/example_dags/example_kubernetes_executor.py
[2024-10-22T05:44:43.862+0000] {logging_mixin.py:190} INFO - [2024-10-22T05:44:43.862+0000] {dag.py:3239} INFO - Sync 1 DAGs
[2024-10-22T05:44:43.874+0000] {logging_mixin.py:190} INFO - [2024-10-22T05:44:43.874+0000] {dag.py:4180} INFO - Setting next_dagrun for example_kubernetes_executor to None, run_after=None
[2024-10-22T05:44:43.890+0000] {processor.py:208} INFO - Processing /home/airflow/.local/lib/python3.12/site-packages/airflow/example_dags/example_kubernetes_executor.py took 0.280 seconds
[2024-10-22T05:45:14.327+0000] {processor.py:186} INFO - Started process (PID=73639) to work on /home/airflow/.local/lib/python3.12/site-packages/airflow/example_dags/example_kubernetes_executor.py
[2024-10-22T05:45:14.328+0000] {processor.py:914} INFO - Processing file /home/airflow/.local/lib/python3.12/site-packages/airflow/example_dags/example_kubernetes_executor.py for tasks to queue
[2024-10-22T05:45:14.330+0000] {logging_mixin.py:190} INFO - [2024-10-22T05:45:14.329+0000] {dagbag.py:588} INFO - Filling up the DagBag from /home/airflow/.local/lib/python3.12/site-packages/airflow/example_dags/example_kubernetes_executor.py
[2024-10-22T05:45:14.344+0000] {processor.py:925} INFO - DAG(s) 'example_kubernetes_executor' retrieved from /home/airflow/.local/lib/python3.12/site-packages/airflow/example_dags/example_kubernetes_executor.py
[2024-10-22T05:45:14.589+0000] {logging_mixin.py:190} INFO - [2024-10-22T05:45:14.589+0000] {dag.py:3239} INFO - Sync 1 DAGs
[2024-10-22T05:45:14.606+0000] {logging_mixin.py:190} INFO - [2024-10-22T05:45:14.606+0000] {dag.py:4180} INFO - Setting next_dagrun for example_kubernetes_executor to None, run_after=None
[2024-10-22T05:45:14.635+0000] {processor.py:208} INFO - Processing /home/airflow/.local/lib/python3.12/site-packages/airflow/example_dags/example_kubernetes_executor.py took 0.315 seconds
[2024-10-22T05:45:44.707+0000] {processor.py:186} INFO - Started process (PID=73706) to work on /home/airflow/.local/lib/python3.12/site-packages/airflow/example_dags/example_kubernetes_executor.py
[2024-10-22T05:45:44.708+0000] {processor.py:914} INFO - Processing file /home/airflow/.local/lib/python3.12/site-packages/airflow/example_dags/example_kubernetes_executor.py for tasks to queue
[2024-10-22T05:45:44.710+0000] {logging_mixin.py:190} INFO - [2024-10-22T05:45:44.709+0000] {dagbag.py:588} INFO - Filling up the DagBag from /home/airflow/.local/lib/python3.12/site-packages/airflow/example_dags/example_kubernetes_executor.py
[2024-10-22T05:45:44.724+0000] {processor.py:925} INFO - DAG(s) 'example_kubernetes_executor' retrieved from /home/airflow/.local/lib/python3.12/site-packages/airflow/example_dags/example_kubernetes_executor.py
[2024-10-22T05:45:44.776+0000] {logging_mixin.py:190} INFO - [2024-10-22T05:45:44.776+0000] {dag.py:3239} INFO - Sync 1 DAGs
[2024-10-22T05:45:44.792+0000] {logging_mixin.py:190} INFO - [2024-10-22T05:45:44.792+0000] {dag.py:4180} INFO - Setting next_dagrun for example_kubernetes_executor to None, run_after=None
[2024-10-22T05:45:44.815+0000] {processor.py:208} INFO - Processing /home/airflow/.local/lib/python3.12/site-packages/airflow/example_dags/example_kubernetes_executor.py took 0.115 seconds
[2024-10-22T05:46:15.160+0000] {processor.py:186} INFO - Started process (PID=73773) to work on /home/airflow/.local/lib/python3.12/site-packages/airflow/example_dags/example_kubernetes_executor.py
[2024-10-22T05:46:15.162+0000] {processor.py:914} INFO - Processing file /home/airflow/.local/lib/python3.12/site-packages/airflow/example_dags/example_kubernetes_executor.py for tasks to queue
[2024-10-22T05:46:15.163+0000] {logging_mixin.py:190} INFO - [2024-10-22T05:46:15.163+0000] {dagbag.py:588} INFO - Filling up the DagBag from /home/airflow/.local/lib/python3.12/site-packages/airflow/example_dags/example_kubernetes_executor.py
[2024-10-22T05:46:15.178+0000] {processor.py:925} INFO - DAG(s) 'example_kubernetes_executor' retrieved from /home/airflow/.local/lib/python3.12/site-packages/airflow/example_dags/example_kubernetes_executor.py
[2024-10-22T05:46:15.228+0000] {logging_mixin.py:190} INFO - [2024-10-22T05:46:15.228+0000] {dag.py:3239} INFO - Sync 1 DAGs
[2024-10-22T05:46:15.243+0000] {logging_mixin.py:190} INFO - [2024-10-22T05:46:15.243+0000] {dag.py:4180} INFO - Setting next_dagrun for example_kubernetes_executor to None, run_after=None
[2024-10-22T05:46:15.260+0000] {processor.py:208} INFO - Processing /home/airflow/.local/lib/python3.12/site-packages/airflow/example_dags/example_kubernetes_executor.py took 0.107 seconds
[2024-10-22T05:46:45.555+0000] {processor.py:186} INFO - Started process (PID=73839) to work on /home/airflow/.local/lib/python3.12/site-packages/airflow/example_dags/example_kubernetes_executor.py
[2024-10-22T05:46:45.556+0000] {processor.py:914} INFO - Processing file /home/airflow/.local/lib/python3.12/site-packages/airflow/example_dags/example_kubernetes_executor.py for tasks to queue
[2024-10-22T05:46:45.558+0000] {logging_mixin.py:190} INFO - [2024-10-22T05:46:45.557+0000] {dagbag.py:588} INFO - Filling up the DagBag from /home/airflow/.local/lib/python3.12/site-packages/airflow/example_dags/example_kubernetes_executor.py
[2024-10-22T05:46:45.574+0000] {processor.py:925} INFO - DAG(s) 'example_kubernetes_executor' retrieved from /home/airflow/.local/lib/python3.12/site-packages/airflow/example_dags/example_kubernetes_executor.py
[2024-10-22T05:46:45.626+0000] {logging_mixin.py:190} INFO - [2024-10-22T05:46:45.626+0000] {dag.py:3239} INFO - Sync 1 DAGs
[2024-10-22T05:46:45.643+0000] {logging_mixin.py:190} INFO - [2024-10-22T05:46:45.642+0000] {dag.py:4180} INFO - Setting next_dagrun for example_kubernetes_executor to None, run_after=None
[2024-10-22T05:46:45.661+0000] {processor.py:208} INFO - Processing /home/airflow/.local/lib/python3.12/site-packages/airflow/example_dags/example_kubernetes_executor.py took 0.114 seconds
[2024-10-22T05:47:15.983+0000] {processor.py:186} INFO - Started process (PID=73906) to work on /home/airflow/.local/lib/python3.12/site-packages/airflow/example_dags/example_kubernetes_executor.py
[2024-10-22T05:47:15.984+0000] {processor.py:914} INFO - Processing file /home/airflow/.local/lib/python3.12/site-packages/airflow/example_dags/example_kubernetes_executor.py for tasks to queue
[2024-10-22T05:47:15.985+0000] {logging_mixin.py:190} INFO - [2024-10-22T05:47:15.985+0000] {dagbag.py:588} INFO - Filling up the DagBag from /home/airflow/.local/lib/python3.12/site-packages/airflow/example_dags/example_kubernetes_executor.py
[2024-10-22T05:47:16.000+0000] {processor.py:925} INFO - DAG(s) 'example_kubernetes_executor' retrieved from /home/airflow/.local/lib/python3.12/site-packages/airflow/example_dags/example_kubernetes_executor.py
[2024-10-22T05:47:16.052+0000] {logging_mixin.py:190} INFO - [2024-10-22T05:47:16.052+0000] {dag.py:3239} INFO - Sync 1 DAGs
[2024-10-22T05:47:16.067+0000] {logging_mixin.py:190} INFO - [2024-10-22T05:47:16.067+0000] {dag.py:4180} INFO - Setting next_dagrun for example_kubernetes_executor to None, run_after=None
[2024-10-22T05:47:16.085+0000] {processor.py:208} INFO - Processing /home/airflow/.local/lib/python3.12/site-packages/airflow/example_dags/example_kubernetes_executor.py took 0.110 seconds
[2024-10-22T05:47:46.344+0000] {processor.py:186} INFO - Started process (PID=73973) to work on /home/airflow/.local/lib/python3.12/site-packages/airflow/example_dags/example_kubernetes_executor.py
[2024-10-22T05:47:46.345+0000] {processor.py:914} INFO - Processing file /home/airflow/.local/lib/python3.12/site-packages/airflow/example_dags/example_kubernetes_executor.py for tasks to queue
[2024-10-22T05:47:46.346+0000] {logging_mixin.py:190} INFO - [2024-10-22T05:47:46.346+0000] {dagbag.py:588} INFO - Filling up the DagBag from /home/airflow/.local/lib/python3.12/site-packages/airflow/example_dags/example_kubernetes_executor.py
[2024-10-22T05:47:46.362+0000] {processor.py:925} INFO - DAG(s) 'example_kubernetes_executor' retrieved from /home/airflow/.local/lib/python3.12/site-packages/airflow/example_dags/example_kubernetes_executor.py
[2024-10-22T05:47:46.416+0000] {logging_mixin.py:190} INFO - [2024-10-22T05:47:46.415+0000] {dag.py:3239} INFO - Sync 1 DAGs
[2024-10-22T05:47:46.433+0000] {logging_mixin.py:190} INFO - [2024-10-22T05:47:46.433+0000] {dag.py:4180} INFO - Setting next_dagrun for example_kubernetes_executor to None, run_after=None
[2024-10-22T05:47:46.453+0000] {processor.py:208} INFO - Processing /home/airflow/.local/lib/python3.12/site-packages/airflow/example_dags/example_kubernetes_executor.py took 0.117 seconds
[2024-10-22T05:48:16.960+0000] {processor.py:186} INFO - Started process (PID=74040) to work on /home/airflow/.local/lib/python3.12/site-packages/airflow/example_dags/example_kubernetes_executor.py
[2024-10-22T05:48:16.961+0000] {processor.py:914} INFO - Processing file /home/airflow/.local/lib/python3.12/site-packages/airflow/example_dags/example_kubernetes_executor.py for tasks to queue
[2024-10-22T05:48:16.963+0000] {logging_mixin.py:190} INFO - [2024-10-22T05:48:16.962+0000] {dagbag.py:588} INFO - Filling up the DagBag from /home/airflow/.local/lib/python3.12/site-packages/airflow/example_dags/example_kubernetes_executor.py
[2024-10-22T05:48:16.977+0000] {processor.py:925} INFO - DAG(s) 'example_kubernetes_executor' retrieved from /home/airflow/.local/lib/python3.12/site-packages/airflow/example_dags/example_kubernetes_executor.py
[2024-10-22T05:48:17.031+0000] {logging_mixin.py:190} INFO - [2024-10-22T05:48:17.031+0000] {dag.py:3239} INFO - Sync 1 DAGs
[2024-10-22T05:48:17.048+0000] {logging_mixin.py:190} INFO - [2024-10-22T05:48:17.047+0000] {dag.py:4180} INFO - Setting next_dagrun for example_kubernetes_executor to None, run_after=None
[2024-10-22T05:48:17.066+0000] {processor.py:208} INFO - Processing /home/airflow/.local/lib/python3.12/site-packages/airflow/example_dags/example_kubernetes_executor.py took 0.113 seconds
[2024-10-22T05:48:47.637+0000] {processor.py:186} INFO - Started process (PID=74106) to work on /home/airflow/.local/lib/python3.12/site-packages/airflow/example_dags/example_kubernetes_executor.py
[2024-10-22T05:48:47.639+0000] {processor.py:914} INFO - Processing file /home/airflow/.local/lib/python3.12/site-packages/airflow/example_dags/example_kubernetes_executor.py for tasks to queue
[2024-10-22T05:48:47.640+0000] {logging_mixin.py:190} INFO - [2024-10-22T05:48:47.640+0000] {dagbag.py:588} INFO - Filling up the DagBag from /home/airflow/.local/lib/python3.12/site-packages/airflow/example_dags/example_kubernetes_executor.py
[2024-10-22T05:48:47.657+0000] {processor.py:925} INFO - DAG(s) 'example_kubernetes_executor' retrieved from /home/airflow/.local/lib/python3.12/site-packages/airflow/example_dags/example_kubernetes_executor.py
[2024-10-22T05:48:47.709+0000] {logging_mixin.py:190} INFO - [2024-10-22T05:48:47.709+0000] {dag.py:3239} INFO - Sync 1 DAGs
[2024-10-22T05:48:47.724+0000] {logging_mixin.py:190} INFO - [2024-10-22T05:48:47.724+0000] {dag.py:4180} INFO - Setting next_dagrun for example_kubernetes_executor to None, run_after=None
[2024-10-22T05:48:47.742+0000] {processor.py:208} INFO - Processing /home/airflow/.local/lib/python3.12/site-packages/airflow/example_dags/example_kubernetes_executor.py took 0.111 seconds
[2024-10-22T05:49:18.185+0000] {processor.py:186} INFO - Started process (PID=74172) to work on /home/airflow/.local/lib/python3.12/site-packages/airflow/example_dags/example_kubernetes_executor.py
[2024-10-22T05:49:18.186+0000] {processor.py:914} INFO - Processing file /home/airflow/.local/lib/python3.12/site-packages/airflow/example_dags/example_kubernetes_executor.py for tasks to queue
[2024-10-22T05:49:18.187+0000] {logging_mixin.py:190} INFO - [2024-10-22T05:49:18.187+0000] {dagbag.py:588} INFO - Filling up the DagBag from /home/airflow/.local/lib/python3.12/site-packages/airflow/example_dags/example_kubernetes_executor.py
[2024-10-22T05:49:18.204+0000] {processor.py:925} INFO - DAG(s) 'example_kubernetes_executor' retrieved from /home/airflow/.local/lib/python3.12/site-packages/airflow/example_dags/example_kubernetes_executor.py
[2024-10-22T05:49:18.256+0000] {logging_mixin.py:190} INFO - [2024-10-22T05:49:18.256+0000] {dag.py:3239} INFO - Sync 1 DAGs
[2024-10-22T05:49:18.273+0000] {logging_mixin.py:190} INFO - [2024-10-22T05:49:18.273+0000] {dag.py:4180} INFO - Setting next_dagrun for example_kubernetes_executor to None, run_after=None
[2024-10-22T05:49:18.292+0000] {processor.py:208} INFO - Processing /home/airflow/.local/lib/python3.12/site-packages/airflow/example_dags/example_kubernetes_executor.py took 0.115 seconds
[2024-10-22T05:49:48.702+0000] {processor.py:186} INFO - Started process (PID=74239) to work on /home/airflow/.local/lib/python3.12/site-packages/airflow/example_dags/example_kubernetes_executor.py
[2024-10-22T05:49:48.703+0000] {processor.py:914} INFO - Processing file /home/airflow/.local/lib/python3.12/site-packages/airflow/example_dags/example_kubernetes_executor.py for tasks to queue
[2024-10-22T05:49:48.704+0000] {logging_mixin.py:190} INFO - [2024-10-22T05:49:48.704+0000] {dagbag.py:588} INFO - Filling up the DagBag from /home/airflow/.local/lib/python3.12/site-packages/airflow/example_dags/example_kubernetes_executor.py
[2024-10-22T05:49:48.719+0000] {processor.py:925} INFO - DAG(s) 'example_kubernetes_executor' retrieved from /home/airflow/.local/lib/python3.12/site-packages/airflow/example_dags/example_kubernetes_executor.py
[2024-10-22T05:49:48.770+0000] {logging_mixin.py:190} INFO - [2024-10-22T05:49:48.770+0000] {dag.py:3239} INFO - Sync 1 DAGs
[2024-10-22T05:49:48.785+0000] {logging_mixin.py:190} INFO - [2024-10-22T05:49:48.785+0000] {dag.py:4180} INFO - Setting next_dagrun for example_kubernetes_executor to None, run_after=None
[2024-10-22T05:49:48.805+0000] {processor.py:208} INFO - Processing /home/airflow/.local/lib/python3.12/site-packages/airflow/example_dags/example_kubernetes_executor.py took 0.110 seconds
[2024-10-22T05:50:19.245+0000] {processor.py:186} INFO - Started process (PID=74306) to work on /home/airflow/.local/lib/python3.12/site-packages/airflow/example_dags/example_kubernetes_executor.py
[2024-10-22T05:50:19.246+0000] {processor.py:914} INFO - Processing file /home/airflow/.local/lib/python3.12/site-packages/airflow/example_dags/example_kubernetes_executor.py for tasks to queue
[2024-10-22T05:50:19.248+0000] {logging_mixin.py:190} INFO - [2024-10-22T05:50:19.247+0000] {dagbag.py:588} INFO - Filling up the DagBag from /home/airflow/.local/lib/python3.12/site-packages/airflow/example_dags/example_kubernetes_executor.py
[2024-10-22T05:50:19.262+0000] {processor.py:925} INFO - DAG(s) 'example_kubernetes_executor' retrieved from /home/airflow/.local/lib/python3.12/site-packages/airflow/example_dags/example_kubernetes_executor.py
[2024-10-22T05:50:19.313+0000] {logging_mixin.py:190} INFO - [2024-10-22T05:50:19.313+0000] {dag.py:3239} INFO - Sync 1 DAGs
[2024-10-22T05:50:19.328+0000] {logging_mixin.py:190} INFO - [2024-10-22T05:50:19.327+0000] {dag.py:4180} INFO - Setting next_dagrun for example_kubernetes_executor to None, run_after=None
[2024-10-22T05:50:19.346+0000] {processor.py:208} INFO - Processing /home/airflow/.local/lib/python3.12/site-packages/airflow/example_dags/example_kubernetes_executor.py took 0.108 seconds
[2024-10-22T05:50:49.631+0000] {processor.py:186} INFO - Started process (PID=74373) to work on /home/airflow/.local/lib/python3.12/site-packages/airflow/example_dags/example_kubernetes_executor.py
[2024-10-22T05:50:49.632+0000] {processor.py:914} INFO - Processing file /home/airflow/.local/lib/python3.12/site-packages/airflow/example_dags/example_kubernetes_executor.py for tasks to queue
[2024-10-22T05:50:49.634+0000] {logging_mixin.py:190} INFO - [2024-10-22T05:50:49.633+0000] {dagbag.py:588} INFO - Filling up the DagBag from /home/airflow/.local/lib/python3.12/site-packages/airflow/example_dags/example_kubernetes_executor.py
[2024-10-22T05:50:49.649+0000] {processor.py:925} INFO - DAG(s) 'example_kubernetes_executor' retrieved from /home/airflow/.local/lib/python3.12/site-packages/airflow/example_dags/example_kubernetes_executor.py
[2024-10-22T05:50:49.703+0000] {logging_mixin.py:190} INFO - [2024-10-22T05:50:49.703+0000] {dag.py:3239} INFO - Sync 1 DAGs
[2024-10-22T05:50:49.719+0000] {logging_mixin.py:190} INFO - [2024-10-22T05:50:49.719+0000] {dag.py:4180} INFO - Setting next_dagrun for example_kubernetes_executor to None, run_after=None
[2024-10-22T05:50:49.738+0000] {processor.py:208} INFO - Processing /home/airflow/.local/lib/python3.12/site-packages/airflow/example_dags/example_kubernetes_executor.py took 0.114 seconds
[2024-10-22T05:51:20.321+0000] {processor.py:186} INFO - Started process (PID=74440) to work on /home/airflow/.local/lib/python3.12/site-packages/airflow/example_dags/example_kubernetes_executor.py
[2024-10-22T05:51:20.322+0000] {processor.py:914} INFO - Processing file /home/airflow/.local/lib/python3.12/site-packages/airflow/example_dags/example_kubernetes_executor.py for tasks to queue
[2024-10-22T05:51:20.323+0000] {logging_mixin.py:190} INFO - [2024-10-22T05:51:20.323+0000] {dagbag.py:588} INFO - Filling up the DagBag from /home/airflow/.local/lib/python3.12/site-packages/airflow/example_dags/example_kubernetes_executor.py
[2024-10-22T05:51:20.339+0000] {processor.py:925} INFO - DAG(s) 'example_kubernetes_executor' retrieved from /home/airflow/.local/lib/python3.12/site-packages/airflow/example_dags/example_kubernetes_executor.py
[2024-10-22T05:51:20.396+0000] {logging_mixin.py:190} INFO - [2024-10-22T05:51:20.396+0000] {dag.py:3239} INFO - Sync 1 DAGs
[2024-10-22T05:51:20.412+0000] {logging_mixin.py:190} INFO - [2024-10-22T05:51:20.412+0000] {dag.py:4180} INFO - Setting next_dagrun for example_kubernetes_executor to None, run_after=None
[2024-10-22T05:51:20.430+0000] {processor.py:208} INFO - Processing /home/airflow/.local/lib/python3.12/site-packages/airflow/example_dags/example_kubernetes_executor.py took 0.116 seconds
[2024-10-22T05:51:50.887+0000] {processor.py:186} INFO - Started process (PID=74507) to work on /home/airflow/.local/lib/python3.12/site-packages/airflow/example_dags/example_kubernetes_executor.py
[2024-10-22T05:51:50.889+0000] {processor.py:914} INFO - Processing file /home/airflow/.local/lib/python3.12/site-packages/airflow/example_dags/example_kubernetes_executor.py for tasks to queue
[2024-10-22T05:51:50.890+0000] {logging_mixin.py:190} INFO - [2024-10-22T05:51:50.890+0000] {dagbag.py:588} INFO - Filling up the DagBag from /home/airflow/.local/lib/python3.12/site-packages/airflow/example_dags/example_kubernetes_executor.py
[2024-10-22T05:51:50.905+0000] {processor.py:925} INFO - DAG(s) 'example_kubernetes_executor' retrieved from /home/airflow/.local/lib/python3.12/site-packages/airflow/example_dags/example_kubernetes_executor.py
[2024-10-22T05:51:50.961+0000] {logging_mixin.py:190} INFO - [2024-10-22T05:51:50.960+0000] {dag.py:3239} INFO - Sync 1 DAGs
[2024-10-22T05:51:50.976+0000] {logging_mixin.py:190} INFO - [2024-10-22T05:51:50.976+0000] {dag.py:4180} INFO - Setting next_dagrun for example_kubernetes_executor to None, run_after=None
[2024-10-22T05:51:50.994+0000] {processor.py:208} INFO - Processing /home/airflow/.local/lib/python3.12/site-packages/airflow/example_dags/example_kubernetes_executor.py took 0.115 seconds
[2024-10-22T05:52:21.482+0000] {processor.py:186} INFO - Started process (PID=74574) to work on /home/airflow/.local/lib/python3.12/site-packages/airflow/example_dags/example_kubernetes_executor.py
[2024-10-22T05:52:21.484+0000] {processor.py:914} INFO - Processing file /home/airflow/.local/lib/python3.12/site-packages/airflow/example_dags/example_kubernetes_executor.py for tasks to queue
[2024-10-22T05:52:21.485+0000] {logging_mixin.py:190} INFO - [2024-10-22T05:52:21.485+0000] {dagbag.py:588} INFO - Filling up the DagBag from /home/airflow/.local/lib/python3.12/site-packages/airflow/example_dags/example_kubernetes_executor.py
[2024-10-22T05:52:21.500+0000] {processor.py:925} INFO - DAG(s) 'example_kubernetes_executor' retrieved from /home/airflow/.local/lib/python3.12/site-packages/airflow/example_dags/example_kubernetes_executor.py
[2024-10-22T05:52:21.550+0000] {logging_mixin.py:190} INFO - [2024-10-22T05:52:21.550+0000] {dag.py:3239} INFO - Sync 1 DAGs
[2024-10-22T05:52:21.566+0000] {logging_mixin.py:190} INFO - [2024-10-22T05:52:21.565+0000] {dag.py:4180} INFO - Setting next_dagrun for example_kubernetes_executor to None, run_after=None
[2024-10-22T05:52:21.587+0000] {processor.py:208} INFO - Processing /home/airflow/.local/lib/python3.12/site-packages/airflow/example_dags/example_kubernetes_executor.py took 0.115 seconds
[2024-10-22T05:52:52.170+0000] {processor.py:186} INFO - Started process (PID=74641) to work on /home/airflow/.local/lib/python3.12/site-packages/airflow/example_dags/example_kubernetes_executor.py
[2024-10-22T05:52:52.171+0000] {processor.py:914} INFO - Processing file /home/airflow/.local/lib/python3.12/site-packages/airflow/example_dags/example_kubernetes_executor.py for tasks to queue
[2024-10-22T05:52:52.172+0000] {logging_mixin.py:190} INFO - [2024-10-22T05:52:52.172+0000] {dagbag.py:588} INFO - Filling up the DagBag from /home/airflow/.local/lib/python3.12/site-packages/airflow/example_dags/example_kubernetes_executor.py
[2024-10-22T05:52:52.186+0000] {processor.py:925} INFO - DAG(s) 'example_kubernetes_executor' retrieved from /home/airflow/.local/lib/python3.12/site-packages/airflow/example_dags/example_kubernetes_executor.py
[2024-10-22T05:52:52.238+0000] {logging_mixin.py:190} INFO - [2024-10-22T05:52:52.238+0000] {dag.py:3239} INFO - Sync 1 DAGs
[2024-10-22T05:52:52.253+0000] {logging_mixin.py:190} INFO - [2024-10-22T05:52:52.253+0000] {dag.py:4180} INFO - Setting next_dagrun for example_kubernetes_executor to None, run_after=None
[2024-10-22T05:52:52.271+0000] {processor.py:208} INFO - Processing /home/airflow/.local/lib/python3.12/site-packages/airflow/example_dags/example_kubernetes_executor.py took 0.108 seconds
[2024-10-22T05:53:22.715+0000] {processor.py:186} INFO - Started process (PID=74708) to work on /home/airflow/.local/lib/python3.12/site-packages/airflow/example_dags/example_kubernetes_executor.py
[2024-10-22T05:53:22.716+0000] {processor.py:914} INFO - Processing file /home/airflow/.local/lib/python3.12/site-packages/airflow/example_dags/example_kubernetes_executor.py for tasks to queue
[2024-10-22T05:53:22.718+0000] {logging_mixin.py:190} INFO - [2024-10-22T05:53:22.717+0000] {dagbag.py:588} INFO - Filling up the DagBag from /home/airflow/.local/lib/python3.12/site-packages/airflow/example_dags/example_kubernetes_executor.py
[2024-10-22T05:53:22.734+0000] {processor.py:925} INFO - DAG(s) 'example_kubernetes_executor' retrieved from /home/airflow/.local/lib/python3.12/site-packages/airflow/example_dags/example_kubernetes_executor.py
[2024-10-22T05:53:22.789+0000] {logging_mixin.py:190} INFO - [2024-10-22T05:53:22.789+0000] {dag.py:3239} INFO - Sync 1 DAGs
[2024-10-22T05:53:22.806+0000] {logging_mixin.py:190} INFO - [2024-10-22T05:53:22.806+0000] {dag.py:4180} INFO - Setting next_dagrun for example_kubernetes_executor to None, run_after=None
[2024-10-22T05:53:22.825+0000] {processor.py:208} INFO - Processing /home/airflow/.local/lib/python3.12/site-packages/airflow/example_dags/example_kubernetes_executor.py took 0.117 seconds
[2024-10-22T05:53:53.387+0000] {processor.py:186} INFO - Started process (PID=74775) to work on /home/airflow/.local/lib/python3.12/site-packages/airflow/example_dags/example_kubernetes_executor.py
[2024-10-22T05:53:53.389+0000] {processor.py:914} INFO - Processing file /home/airflow/.local/lib/python3.12/site-packages/airflow/example_dags/example_kubernetes_executor.py for tasks to queue
[2024-10-22T05:53:53.390+0000] {logging_mixin.py:190} INFO - [2024-10-22T05:53:53.390+0000] {dagbag.py:588} INFO - Filling up the DagBag from /home/airflow/.local/lib/python3.12/site-packages/airflow/example_dags/example_kubernetes_executor.py
[2024-10-22T05:53:53.406+0000] {processor.py:925} INFO - DAG(s) 'example_kubernetes_executor' retrieved from /home/airflow/.local/lib/python3.12/site-packages/airflow/example_dags/example_kubernetes_executor.py
[2024-10-22T05:53:53.458+0000] {logging_mixin.py:190} INFO - [2024-10-22T05:53:53.457+0000] {dag.py:3239} INFO - Sync 1 DAGs
[2024-10-22T05:53:53.473+0000] {logging_mixin.py:190} INFO - [2024-10-22T05:53:53.473+0000] {dag.py:4180} INFO - Setting next_dagrun for example_kubernetes_executor to None, run_after=None
[2024-10-22T05:53:53.492+0000] {processor.py:208} INFO - Processing /home/airflow/.local/lib/python3.12/site-packages/airflow/example_dags/example_kubernetes_executor.py took 0.112 seconds
[2024-10-22T05:54:24.086+0000] {processor.py:186} INFO - Started process (PID=74848) to work on /home/airflow/.local/lib/python3.12/site-packages/airflow/example_dags/example_kubernetes_executor.py
[2024-10-22T05:54:24.087+0000] {processor.py:914} INFO - Processing file /home/airflow/.local/lib/python3.12/site-packages/airflow/example_dags/example_kubernetes_executor.py for tasks to queue
[2024-10-22T05:54:24.088+0000] {logging_mixin.py:190} INFO - [2024-10-22T05:54:24.088+0000] {dagbag.py:588} INFO - Filling up the DagBag from /home/airflow/.local/lib/python3.12/site-packages/airflow/example_dags/example_kubernetes_executor.py
[2024-10-22T05:54:24.104+0000] {processor.py:925} INFO - DAG(s) 'example_kubernetes_executor' retrieved from /home/airflow/.local/lib/python3.12/site-packages/airflow/example_dags/example_kubernetes_executor.py
[2024-10-22T05:54:24.156+0000] {logging_mixin.py:190} INFO - [2024-10-22T05:54:24.155+0000] {dag.py:3239} INFO - Sync 1 DAGs
[2024-10-22T05:54:24.171+0000] {logging_mixin.py:190} INFO - [2024-10-22T05:54:24.171+0000] {dag.py:4180} INFO - Setting next_dagrun for example_kubernetes_executor to None, run_after=None
[2024-10-22T05:54:24.190+0000] {processor.py:208} INFO - Processing /home/airflow/.local/lib/python3.12/site-packages/airflow/example_dags/example_kubernetes_executor.py took 0.112 seconds
[2024-10-22T05:54:54.908+0000] {processor.py:186} INFO - Started process (PID=74915) to work on /home/airflow/.local/lib/python3.12/site-packages/airflow/example_dags/example_kubernetes_executor.py
[2024-10-22T05:54:54.909+0000] {processor.py:914} INFO - Processing file /home/airflow/.local/lib/python3.12/site-packages/airflow/example_dags/example_kubernetes_executor.py for tasks to queue
[2024-10-22T05:54:54.911+0000] {logging_mixin.py:190} INFO - [2024-10-22T05:54:54.910+0000] {dagbag.py:588} INFO - Filling up the DagBag from /home/airflow/.local/lib/python3.12/site-packages/airflow/example_dags/example_kubernetes_executor.py
[2024-10-22T05:54:54.926+0000] {processor.py:925} INFO - DAG(s) 'example_kubernetes_executor' retrieved from /home/airflow/.local/lib/python3.12/site-packages/airflow/example_dags/example_kubernetes_executor.py
[2024-10-22T05:54:54.977+0000] {logging_mixin.py:190} INFO - [2024-10-22T05:54:54.977+0000] {dag.py:3239} INFO - Sync 1 DAGs
[2024-10-22T05:54:54.992+0000] {logging_mixin.py:190} INFO - [2024-10-22T05:54:54.992+0000] {dag.py:4180} INFO - Setting next_dagrun for example_kubernetes_executor to None, run_after=None
[2024-10-22T05:54:55.010+0000] {processor.py:208} INFO - Processing /home/airflow/.local/lib/python3.12/site-packages/airflow/example_dags/example_kubernetes_executor.py took 0.109 seconds
[2024-10-22T06:16:52.551+0000] {processor.py:186} INFO - Started process (PID=74973) to work on /home/airflow/.local/lib/python3.12/site-packages/airflow/example_dags/example_kubernetes_executor.py
[2024-10-22T06:16:52.553+0000] {processor.py:914} INFO - Processing file /home/airflow/.local/lib/python3.12/site-packages/airflow/example_dags/example_kubernetes_executor.py for tasks to queue
[2024-10-22T06:16:52.556+0000] {logging_mixin.py:190} INFO - [2024-10-22T06:16:52.555+0000] {dagbag.py:588} INFO - Filling up the DagBag from /home/airflow/.local/lib/python3.12/site-packages/airflow/example_dags/example_kubernetes_executor.py
[2024-10-22T06:16:52.578+0000] {processor.py:925} INFO - DAG(s) 'example_kubernetes_executor' retrieved from /home/airflow/.local/lib/python3.12/site-packages/airflow/example_dags/example_kubernetes_executor.py
[2024-10-22T06:16:52.633+0000] {logging_mixin.py:190} INFO - [2024-10-22T06:16:52.632+0000] {dag.py:3239} INFO - Sync 1 DAGs
[2024-10-22T06:16:52.651+0000] {logging_mixin.py:190} INFO - [2024-10-22T06:16:52.651+0000] {dag.py:4180} INFO - Setting next_dagrun for example_kubernetes_executor to None, run_after=None
[2024-10-22T06:16:52.676+0000] {processor.py:208} INFO - Processing /home/airflow/.local/lib/python3.12/site-packages/airflow/example_dags/example_kubernetes_executor.py took 0.137 seconds
[2024-10-22T06:17:23.047+0000] {processor.py:186} INFO - Started process (PID=75040) to work on /home/airflow/.local/lib/python3.12/site-packages/airflow/example_dags/example_kubernetes_executor.py
[2024-10-22T06:17:23.048+0000] {processor.py:914} INFO - Processing file /home/airflow/.local/lib/python3.12/site-packages/airflow/example_dags/example_kubernetes_executor.py for tasks to queue
[2024-10-22T06:17:23.049+0000] {logging_mixin.py:190} INFO - [2024-10-22T06:17:23.049+0000] {dagbag.py:588} INFO - Filling up the DagBag from /home/airflow/.local/lib/python3.12/site-packages/airflow/example_dags/example_kubernetes_executor.py
[2024-10-22T06:17:23.063+0000] {processor.py:925} INFO - DAG(s) 'example_kubernetes_executor' retrieved from /home/airflow/.local/lib/python3.12/site-packages/airflow/example_dags/example_kubernetes_executor.py
[2024-10-22T06:17:23.117+0000] {logging_mixin.py:190} INFO - [2024-10-22T06:17:23.117+0000] {dag.py:3239} INFO - Sync 1 DAGs
[2024-10-22T06:17:23.134+0000] {logging_mixin.py:190} INFO - [2024-10-22T06:17:23.134+0000] {dag.py:4180} INFO - Setting next_dagrun for example_kubernetes_executor to None, run_after=None
[2024-10-22T06:17:23.154+0000] {processor.py:208} INFO - Processing /home/airflow/.local/lib/python3.12/site-packages/airflow/example_dags/example_kubernetes_executor.py took 0.114 seconds
[2024-10-22T06:17:53.666+0000] {processor.py:186} INFO - Started process (PID=75107) to work on /home/airflow/.local/lib/python3.12/site-packages/airflow/example_dags/example_kubernetes_executor.py
[2024-10-22T06:17:53.666+0000] {processor.py:914} INFO - Processing file /home/airflow/.local/lib/python3.12/site-packages/airflow/example_dags/example_kubernetes_executor.py for tasks to queue
[2024-10-22T06:17:53.668+0000] {logging_mixin.py:190} INFO - [2024-10-22T06:17:53.667+0000] {dagbag.py:588} INFO - Filling up the DagBag from /home/airflow/.local/lib/python3.12/site-packages/airflow/example_dags/example_kubernetes_executor.py
[2024-10-22T06:17:53.683+0000] {processor.py:925} INFO - DAG(s) 'example_kubernetes_executor' retrieved from /home/airflow/.local/lib/python3.12/site-packages/airflow/example_dags/example_kubernetes_executor.py
[2024-10-22T06:17:53.736+0000] {logging_mixin.py:190} INFO - [2024-10-22T06:17:53.735+0000] {dag.py:3239} INFO - Sync 1 DAGs
[2024-10-22T06:17:53.750+0000] {logging_mixin.py:190} INFO - [2024-10-22T06:17:53.750+0000] {dag.py:4180} INFO - Setting next_dagrun for example_kubernetes_executor to None, run_after=None
[2024-10-22T06:17:53.767+0000] {processor.py:208} INFO - Processing /home/airflow/.local/lib/python3.12/site-packages/airflow/example_dags/example_kubernetes_executor.py took 0.109 seconds
[2024-10-22T06:18:24.044+0000] {processor.py:186} INFO - Started process (PID=75174) to work on /home/airflow/.local/lib/python3.12/site-packages/airflow/example_dags/example_kubernetes_executor.py
[2024-10-22T06:18:24.045+0000] {processor.py:914} INFO - Processing file /home/airflow/.local/lib/python3.12/site-packages/airflow/example_dags/example_kubernetes_executor.py for tasks to queue
[2024-10-22T06:18:24.046+0000] {logging_mixin.py:190} INFO - [2024-10-22T06:18:24.046+0000] {dagbag.py:588} INFO - Filling up the DagBag from /home/airflow/.local/lib/python3.12/site-packages/airflow/example_dags/example_kubernetes_executor.py
[2024-10-22T06:18:24.063+0000] {processor.py:925} INFO - DAG(s) 'example_kubernetes_executor' retrieved from /home/airflow/.local/lib/python3.12/site-packages/airflow/example_dags/example_kubernetes_executor.py
[2024-10-22T06:18:24.117+0000] {logging_mixin.py:190} INFO - [2024-10-22T06:18:24.117+0000] {dag.py:3239} INFO - Sync 1 DAGs
[2024-10-22T06:18:24.133+0000] {logging_mixin.py:190} INFO - [2024-10-22T06:18:24.132+0000] {dag.py:4180} INFO - Setting next_dagrun for example_kubernetes_executor to None, run_after=None
[2024-10-22T06:18:24.150+0000] {processor.py:208} INFO - Processing /home/airflow/.local/lib/python3.12/site-packages/airflow/example_dags/example_kubernetes_executor.py took 0.116 seconds
[2024-10-22T06:18:55.064+0000] {processor.py:186} INFO - Started process (PID=75241) to work on /home/airflow/.local/lib/python3.12/site-packages/airflow/example_dags/example_kubernetes_executor.py
[2024-10-22T06:18:55.065+0000] {processor.py:914} INFO - Processing file /home/airflow/.local/lib/python3.12/site-packages/airflow/example_dags/example_kubernetes_executor.py for tasks to queue
[2024-10-22T06:18:55.066+0000] {logging_mixin.py:190} INFO - [2024-10-22T06:18:55.066+0000] {dagbag.py:588} INFO - Filling up the DagBag from /home/airflow/.local/lib/python3.12/site-packages/airflow/example_dags/example_kubernetes_executor.py
[2024-10-22T06:18:55.082+0000] {processor.py:925} INFO - DAG(s) 'example_kubernetes_executor' retrieved from /home/airflow/.local/lib/python3.12/site-packages/airflow/example_dags/example_kubernetes_executor.py
[2024-10-22T06:18:55.132+0000] {logging_mixin.py:190} INFO - [2024-10-22T06:18:55.132+0000] {dag.py:3239} INFO - Sync 1 DAGs
[2024-10-22T06:18:55.149+0000] {logging_mixin.py:190} INFO - [2024-10-22T06:18:55.149+0000] {dag.py:4180} INFO - Setting next_dagrun for example_kubernetes_executor to None, run_after=None
[2024-10-22T06:18:55.166+0000] {processor.py:208} INFO - Processing /home/airflow/.local/lib/python3.12/site-packages/airflow/example_dags/example_kubernetes_executor.py took 0.112 seconds
[2024-10-22T06:19:25.390+0000] {processor.py:186} INFO - Started process (PID=75308) to work on /home/airflow/.local/lib/python3.12/site-packages/airflow/example_dags/example_kubernetes_executor.py
[2024-10-22T06:19:25.391+0000] {processor.py:914} INFO - Processing file /home/airflow/.local/lib/python3.12/site-packages/airflow/example_dags/example_kubernetes_executor.py for tasks to queue
[2024-10-22T06:19:25.392+0000] {logging_mixin.py:190} INFO - [2024-10-22T06:19:25.392+0000] {dagbag.py:588} INFO - Filling up the DagBag from /home/airflow/.local/lib/python3.12/site-packages/airflow/example_dags/example_kubernetes_executor.py
[2024-10-22T06:19:25.407+0000] {processor.py:925} INFO - DAG(s) 'example_kubernetes_executor' retrieved from /home/airflow/.local/lib/python3.12/site-packages/airflow/example_dags/example_kubernetes_executor.py
[2024-10-22T06:19:25.458+0000] {logging_mixin.py:190} INFO - [2024-10-22T06:19:25.458+0000] {dag.py:3239} INFO - Sync 1 DAGs
[2024-10-22T06:19:25.475+0000] {logging_mixin.py:190} INFO - [2024-10-22T06:19:25.475+0000] {dag.py:4180} INFO - Setting next_dagrun for example_kubernetes_executor to None, run_after=None
[2024-10-22T06:19:25.493+0000] {processor.py:208} INFO - Processing /home/airflow/.local/lib/python3.12/site-packages/airflow/example_dags/example_kubernetes_executor.py took 0.110 seconds
[2024-10-22T06:19:55.803+0000] {processor.py:186} INFO - Started process (PID=75374) to work on /home/airflow/.local/lib/python3.12/site-packages/airflow/example_dags/example_kubernetes_executor.py
[2024-10-22T06:19:55.804+0000] {processor.py:914} INFO - Processing file /home/airflow/.local/lib/python3.12/site-packages/airflow/example_dags/example_kubernetes_executor.py for tasks to queue
[2024-10-22T06:19:55.806+0000] {logging_mixin.py:190} INFO - [2024-10-22T06:19:55.805+0000] {dagbag.py:588} INFO - Filling up the DagBag from /home/airflow/.local/lib/python3.12/site-packages/airflow/example_dags/example_kubernetes_executor.py
[2024-10-22T06:19:55.820+0000] {processor.py:925} INFO - DAG(s) 'example_kubernetes_executor' retrieved from /home/airflow/.local/lib/python3.12/site-packages/airflow/example_dags/example_kubernetes_executor.py
[2024-10-22T06:19:55.872+0000] {logging_mixin.py:190} INFO - [2024-10-22T06:19:55.872+0000] {dag.py:3239} INFO - Sync 1 DAGs
[2024-10-22T06:19:55.887+0000] {logging_mixin.py:190} INFO - [2024-10-22T06:19:55.887+0000] {dag.py:4180} INFO - Setting next_dagrun for example_kubernetes_executor to None, run_after=None
[2024-10-22T06:19:55.905+0000] {processor.py:208} INFO - Processing /home/airflow/.local/lib/python3.12/site-packages/airflow/example_dags/example_kubernetes_executor.py took 0.109 seconds
[2024-10-22T06:20:26.139+0000] {processor.py:186} INFO - Started process (PID=75440) to work on /home/airflow/.local/lib/python3.12/site-packages/airflow/example_dags/example_kubernetes_executor.py
[2024-10-22T06:20:26.140+0000] {processor.py:914} INFO - Processing file /home/airflow/.local/lib/python3.12/site-packages/airflow/example_dags/example_kubernetes_executor.py for tasks to queue
[2024-10-22T06:20:26.141+0000] {logging_mixin.py:190} INFO - [2024-10-22T06:20:26.141+0000] {dagbag.py:588} INFO - Filling up the DagBag from /home/airflow/.local/lib/python3.12/site-packages/airflow/example_dags/example_kubernetes_executor.py
[2024-10-22T06:20:26.156+0000] {processor.py:925} INFO - DAG(s) 'example_kubernetes_executor' retrieved from /home/airflow/.local/lib/python3.12/site-packages/airflow/example_dags/example_kubernetes_executor.py
[2024-10-22T06:20:26.208+0000] {logging_mixin.py:190} INFO - [2024-10-22T06:20:26.208+0000] {dag.py:3239} INFO - Sync 1 DAGs
[2024-10-22T06:20:26.224+0000] {logging_mixin.py:190} INFO - [2024-10-22T06:20:26.224+0000] {dag.py:4180} INFO - Setting next_dagrun for example_kubernetes_executor to None, run_after=None
[2024-10-22T06:20:26.241+0000] {processor.py:208} INFO - Processing /home/airflow/.local/lib/python3.12/site-packages/airflow/example_dags/example_kubernetes_executor.py took 0.110 seconds
[2024-10-22T06:20:56.547+0000] {processor.py:186} INFO - Started process (PID=75507) to work on /home/airflow/.local/lib/python3.12/site-packages/airflow/example_dags/example_kubernetes_executor.py
[2024-10-22T06:20:56.548+0000] {processor.py:914} INFO - Processing file /home/airflow/.local/lib/python3.12/site-packages/airflow/example_dags/example_kubernetes_executor.py for tasks to queue
[2024-10-22T06:20:56.549+0000] {logging_mixin.py:190} INFO - [2024-10-22T06:20:56.549+0000] {dagbag.py:588} INFO - Filling up the DagBag from /home/airflow/.local/lib/python3.12/site-packages/airflow/example_dags/example_kubernetes_executor.py
[2024-10-22T06:20:56.563+0000] {processor.py:925} INFO - DAG(s) 'example_kubernetes_executor' retrieved from /home/airflow/.local/lib/python3.12/site-packages/airflow/example_dags/example_kubernetes_executor.py
[2024-10-22T06:20:56.615+0000] {logging_mixin.py:190} INFO - [2024-10-22T06:20:56.615+0000] {dag.py:3239} INFO - Sync 1 DAGs
[2024-10-22T06:20:56.631+0000] {logging_mixin.py:190} INFO - [2024-10-22T06:20:56.631+0000] {dag.py:4180} INFO - Setting next_dagrun for example_kubernetes_executor to None, run_after=None
[2024-10-22T06:20:56.647+0000] {processor.py:208} INFO - Processing /home/airflow/.local/lib/python3.12/site-packages/airflow/example_dags/example_kubernetes_executor.py took 0.108 seconds
[2024-10-22T06:21:27.043+0000] {processor.py:186} INFO - Started process (PID=75574) to work on /home/airflow/.local/lib/python3.12/site-packages/airflow/example_dags/example_kubernetes_executor.py
[2024-10-22T06:21:27.044+0000] {processor.py:914} INFO - Processing file /home/airflow/.local/lib/python3.12/site-packages/airflow/example_dags/example_kubernetes_executor.py for tasks to queue
[2024-10-22T06:21:27.045+0000] {logging_mixin.py:190} INFO - [2024-10-22T06:21:27.045+0000] {dagbag.py:588} INFO - Filling up the DagBag from /home/airflow/.local/lib/python3.12/site-packages/airflow/example_dags/example_kubernetes_executor.py
[2024-10-22T06:21:27.065+0000] {processor.py:925} INFO - DAG(s) 'example_kubernetes_executor' retrieved from /home/airflow/.local/lib/python3.12/site-packages/airflow/example_dags/example_kubernetes_executor.py
[2024-10-22T06:21:27.117+0000] {logging_mixin.py:190} INFO - [2024-10-22T06:21:27.117+0000] {dag.py:3239} INFO - Sync 1 DAGs
[2024-10-22T06:21:27.132+0000] {logging_mixin.py:190} INFO - [2024-10-22T06:21:27.132+0000] {dag.py:4180} INFO - Setting next_dagrun for example_kubernetes_executor to None, run_after=None
[2024-10-22T06:21:27.149+0000] {processor.py:208} INFO - Processing /home/airflow/.local/lib/python3.12/site-packages/airflow/example_dags/example_kubernetes_executor.py took 0.119 seconds
[2024-10-22T06:21:57.370+0000] {processor.py:186} INFO - Started process (PID=75641) to work on /home/airflow/.local/lib/python3.12/site-packages/airflow/example_dags/example_kubernetes_executor.py
[2024-10-22T06:21:57.372+0000] {processor.py:914} INFO - Processing file /home/airflow/.local/lib/python3.12/site-packages/airflow/example_dags/example_kubernetes_executor.py for tasks to queue
[2024-10-22T06:21:57.373+0000] {logging_mixin.py:190} INFO - [2024-10-22T06:21:57.373+0000] {dagbag.py:588} INFO - Filling up the DagBag from /home/airflow/.local/lib/python3.12/site-packages/airflow/example_dags/example_kubernetes_executor.py
[2024-10-22T06:21:57.386+0000] {processor.py:925} INFO - DAG(s) 'example_kubernetes_executor' retrieved from /home/airflow/.local/lib/python3.12/site-packages/airflow/example_dags/example_kubernetes_executor.py
[2024-10-22T06:21:57.438+0000] {logging_mixin.py:190} INFO - [2024-10-22T06:21:57.438+0000] {dag.py:3239} INFO - Sync 1 DAGs
[2024-10-22T06:21:57.454+0000] {logging_mixin.py:190} INFO - [2024-10-22T06:21:57.454+0000] {dag.py:4180} INFO - Setting next_dagrun for example_kubernetes_executor to None, run_after=None
[2024-10-22T06:21:57.471+0000] {processor.py:208} INFO - Processing /home/airflow/.local/lib/python3.12/site-packages/airflow/example_dags/example_kubernetes_executor.py took 0.107 seconds
[2024-10-22T06:22:27.690+0000] {processor.py:186} INFO - Started process (PID=75708) to work on /home/airflow/.local/lib/python3.12/site-packages/airflow/example_dags/example_kubernetes_executor.py
[2024-10-22T06:22:27.691+0000] {processor.py:914} INFO - Processing file /home/airflow/.local/lib/python3.12/site-packages/airflow/example_dags/example_kubernetes_executor.py for tasks to queue
[2024-10-22T06:22:27.692+0000] {logging_mixin.py:190} INFO - [2024-10-22T06:22:27.692+0000] {dagbag.py:588} INFO - Filling up the DagBag from /home/airflow/.local/lib/python3.12/site-packages/airflow/example_dags/example_kubernetes_executor.py
[2024-10-22T06:22:27.706+0000] {processor.py:925} INFO - DAG(s) 'example_kubernetes_executor' retrieved from /home/airflow/.local/lib/python3.12/site-packages/airflow/example_dags/example_kubernetes_executor.py
[2024-10-22T06:22:27.758+0000] {logging_mixin.py:190} INFO - [2024-10-22T06:22:27.758+0000] {dag.py:3239} INFO - Sync 1 DAGs
[2024-10-22T06:22:27.773+0000] {logging_mixin.py:190} INFO - [2024-10-22T06:22:27.773+0000] {dag.py:4180} INFO - Setting next_dagrun for example_kubernetes_executor to None, run_after=None
[2024-10-22T06:22:27.791+0000] {processor.py:208} INFO - Processing /home/airflow/.local/lib/python3.12/site-packages/airflow/example_dags/example_kubernetes_executor.py took 0.108 seconds
[2024-10-22T06:22:58.677+0000] {processor.py:186} INFO - Started process (PID=75775) to work on /home/airflow/.local/lib/python3.12/site-packages/airflow/example_dags/example_kubernetes_executor.py
[2024-10-22T06:22:58.678+0000] {processor.py:914} INFO - Processing file /home/airflow/.local/lib/python3.12/site-packages/airflow/example_dags/example_kubernetes_executor.py for tasks to queue
[2024-10-22T06:22:58.679+0000] {logging_mixin.py:190} INFO - [2024-10-22T06:22:58.679+0000] {dagbag.py:588} INFO - Filling up the DagBag from /home/airflow/.local/lib/python3.12/site-packages/airflow/example_dags/example_kubernetes_executor.py
[2024-10-22T06:22:58.693+0000] {processor.py:925} INFO - DAG(s) 'example_kubernetes_executor' retrieved from /home/airflow/.local/lib/python3.12/site-packages/airflow/example_dags/example_kubernetes_executor.py
[2024-10-22T06:22:58.747+0000] {logging_mixin.py:190} INFO - [2024-10-22T06:22:58.747+0000] {dag.py:3239} INFO - Sync 1 DAGs
[2024-10-22T06:22:58.764+0000] {logging_mixin.py:190} INFO - [2024-10-22T06:22:58.763+0000] {dag.py:4180} INFO - Setting next_dagrun for example_kubernetes_executor to None, run_after=None
[2024-10-22T06:22:58.781+0000] {processor.py:208} INFO - Processing /home/airflow/.local/lib/python3.12/site-packages/airflow/example_dags/example_kubernetes_executor.py took 0.112 seconds
[2024-10-22T06:23:29.725+0000] {processor.py:186} INFO - Started process (PID=75842) to work on /home/airflow/.local/lib/python3.12/site-packages/airflow/example_dags/example_kubernetes_executor.py
[2024-10-22T06:23:29.726+0000] {processor.py:914} INFO - Processing file /home/airflow/.local/lib/python3.12/site-packages/airflow/example_dags/example_kubernetes_executor.py for tasks to queue
[2024-10-22T06:23:29.727+0000] {logging_mixin.py:190} INFO - [2024-10-22T06:23:29.727+0000] {dagbag.py:588} INFO - Filling up the DagBag from /home/airflow/.local/lib/python3.12/site-packages/airflow/example_dags/example_kubernetes_executor.py
[2024-10-22T06:23:29.742+0000] {processor.py:925} INFO - DAG(s) 'example_kubernetes_executor' retrieved from /home/airflow/.local/lib/python3.12/site-packages/airflow/example_dags/example_kubernetes_executor.py
[2024-10-22T06:23:29.796+0000] {logging_mixin.py:190} INFO - [2024-10-22T06:23:29.796+0000] {dag.py:3239} INFO - Sync 1 DAGs
[2024-10-22T06:23:29.813+0000] {logging_mixin.py:190} INFO - [2024-10-22T06:23:29.813+0000] {dag.py:4180} INFO - Setting next_dagrun for example_kubernetes_executor to None, run_after=None
[2024-10-22T06:23:29.832+0000] {processor.py:208} INFO - Processing /home/airflow/.local/lib/python3.12/site-packages/airflow/example_dags/example_kubernetes_executor.py took 0.115 seconds
[2024-10-22T06:24:01.011+0000] {processor.py:186} INFO - Started process (PID=75909) to work on /home/airflow/.local/lib/python3.12/site-packages/airflow/example_dags/example_kubernetes_executor.py
[2024-10-22T06:24:01.012+0000] {processor.py:914} INFO - Processing file /home/airflow/.local/lib/python3.12/site-packages/airflow/example_dags/example_kubernetes_executor.py for tasks to queue
[2024-10-22T06:24:01.014+0000] {logging_mixin.py:190} INFO - [2024-10-22T06:24:01.013+0000] {dagbag.py:588} INFO - Filling up the DagBag from /home/airflow/.local/lib/python3.12/site-packages/airflow/example_dags/example_kubernetes_executor.py
[2024-10-22T06:24:01.030+0000] {processor.py:925} INFO - DAG(s) 'example_kubernetes_executor' retrieved from /home/airflow/.local/lib/python3.12/site-packages/airflow/example_dags/example_kubernetes_executor.py
[2024-10-22T06:24:01.089+0000] {logging_mixin.py:190} INFO - [2024-10-22T06:24:01.088+0000] {dag.py:3239} INFO - Sync 1 DAGs
[2024-10-22T06:24:01.104+0000] {logging_mixin.py:190} INFO - [2024-10-22T06:24:01.104+0000] {dag.py:4180} INFO - Setting next_dagrun for example_kubernetes_executor to None, run_after=None
[2024-10-22T06:24:01.123+0000] {processor.py:208} INFO - Processing /home/airflow/.local/lib/python3.12/site-packages/airflow/example_dags/example_kubernetes_executor.py took 0.121 seconds
[2024-10-22T06:24:32.108+0000] {processor.py:186} INFO - Started process (PID=75976) to work on /home/airflow/.local/lib/python3.12/site-packages/airflow/example_dags/example_kubernetes_executor.py
[2024-10-22T06:24:32.114+0000] {processor.py:914} INFO - Processing file /home/airflow/.local/lib/python3.12/site-packages/airflow/example_dags/example_kubernetes_executor.py for tasks to queue
[2024-10-22T06:24:32.119+0000] {logging_mixin.py:190} INFO - [2024-10-22T06:24:32.119+0000] {dagbag.py:588} INFO - Filling up the DagBag from /home/airflow/.local/lib/python3.12/site-packages/airflow/example_dags/example_kubernetes_executor.py
[2024-10-22T06:24:32.139+0000] {processor.py:925} INFO - DAG(s) 'example_kubernetes_executor' retrieved from /home/airflow/.local/lib/python3.12/site-packages/airflow/example_dags/example_kubernetes_executor.py
[2024-10-22T06:24:32.202+0000] {logging_mixin.py:190} INFO - [2024-10-22T06:24:32.202+0000] {dag.py:3239} INFO - Sync 1 DAGs
[2024-10-22T06:24:32.226+0000] {logging_mixin.py:190} INFO - [2024-10-22T06:24:32.225+0000] {dag.py:4180} INFO - Setting next_dagrun for example_kubernetes_executor to None, run_after=None
[2024-10-22T06:24:32.248+0000] {processor.py:208} INFO - Processing /home/airflow/.local/lib/python3.12/site-packages/airflow/example_dags/example_kubernetes_executor.py took 0.151 seconds
[2024-10-22T06:25:02.698+0000] {processor.py:186} INFO - Started process (PID=76043) to work on /home/airflow/.local/lib/python3.12/site-packages/airflow/example_dags/example_kubernetes_executor.py
[2024-10-22T06:25:02.700+0000] {processor.py:914} INFO - Processing file /home/airflow/.local/lib/python3.12/site-packages/airflow/example_dags/example_kubernetes_executor.py for tasks to queue
[2024-10-22T06:25:02.702+0000] {logging_mixin.py:190} INFO - [2024-10-22T06:25:02.702+0000] {dagbag.py:588} INFO - Filling up the DagBag from /home/airflow/.local/lib/python3.12/site-packages/airflow/example_dags/example_kubernetes_executor.py
[2024-10-22T06:25:02.725+0000] {processor.py:925} INFO - DAG(s) 'example_kubernetes_executor' retrieved from /home/airflow/.local/lib/python3.12/site-packages/airflow/example_dags/example_kubernetes_executor.py
[2024-10-22T06:25:02.792+0000] {logging_mixin.py:190} INFO - [2024-10-22T06:25:02.792+0000] {dag.py:3239} INFO - Sync 1 DAGs
[2024-10-22T06:25:02.812+0000] {logging_mixin.py:190} INFO - [2024-10-22T06:25:02.811+0000] {dag.py:4180} INFO - Setting next_dagrun for example_kubernetes_executor to None, run_after=None
[2024-10-22T06:25:02.834+0000] {processor.py:208} INFO - Processing /home/airflow/.local/lib/python3.12/site-packages/airflow/example_dags/example_kubernetes_executor.py took 0.146 seconds
[2024-10-22T06:25:33.126+0000] {processor.py:186} INFO - Started process (PID=76109) to work on /home/airflow/.local/lib/python3.12/site-packages/airflow/example_dags/example_kubernetes_executor.py
[2024-10-22T06:25:33.128+0000] {processor.py:914} INFO - Processing file /home/airflow/.local/lib/python3.12/site-packages/airflow/example_dags/example_kubernetes_executor.py for tasks to queue
[2024-10-22T06:25:33.131+0000] {logging_mixin.py:190} INFO - [2024-10-22T06:25:33.130+0000] {dagbag.py:588} INFO - Filling up the DagBag from /home/airflow/.local/lib/python3.12/site-packages/airflow/example_dags/example_kubernetes_executor.py
[2024-10-22T06:25:33.149+0000] {processor.py:925} INFO - DAG(s) 'example_kubernetes_executor' retrieved from /home/airflow/.local/lib/python3.12/site-packages/airflow/example_dags/example_kubernetes_executor.py
[2024-10-22T06:25:33.218+0000] {logging_mixin.py:190} INFO - [2024-10-22T06:25:33.217+0000] {dag.py:3239} INFO - Sync 1 DAGs
[2024-10-22T06:25:33.241+0000] {logging_mixin.py:190} INFO - [2024-10-22T06:25:33.241+0000] {dag.py:4180} INFO - Setting next_dagrun for example_kubernetes_executor to None, run_after=None
[2024-10-22T06:25:33.267+0000] {processor.py:208} INFO - Processing /home/airflow/.local/lib/python3.12/site-packages/airflow/example_dags/example_kubernetes_executor.py took 0.150 seconds
[2024-10-22T06:26:04.192+0000] {processor.py:186} INFO - Started process (PID=76176) to work on /home/airflow/.local/lib/python3.12/site-packages/airflow/example_dags/example_kubernetes_executor.py
[2024-10-22T06:26:04.193+0000] {processor.py:914} INFO - Processing file /home/airflow/.local/lib/python3.12/site-packages/airflow/example_dags/example_kubernetes_executor.py for tasks to queue
[2024-10-22T06:26:04.194+0000] {logging_mixin.py:190} INFO - [2024-10-22T06:26:04.194+0000] {dagbag.py:588} INFO - Filling up the DagBag from /home/airflow/.local/lib/python3.12/site-packages/airflow/example_dags/example_kubernetes_executor.py
[2024-10-22T06:26:04.209+0000] {processor.py:925} INFO - DAG(s) 'example_kubernetes_executor' retrieved from /home/airflow/.local/lib/python3.12/site-packages/airflow/example_dags/example_kubernetes_executor.py
[2024-10-22T06:26:04.266+0000] {logging_mixin.py:190} INFO - [2024-10-22T06:26:04.266+0000] {dag.py:3239} INFO - Sync 1 DAGs
[2024-10-22T06:26:04.283+0000] {logging_mixin.py:190} INFO - [2024-10-22T06:26:04.282+0000] {dag.py:4180} INFO - Setting next_dagrun for example_kubernetes_executor to None, run_after=None
[2024-10-22T06:26:04.304+0000] {processor.py:208} INFO - Processing /home/airflow/.local/lib/python3.12/site-packages/airflow/example_dags/example_kubernetes_executor.py took 0.121 seconds
[2024-10-22T06:26:34.929+0000] {processor.py:186} INFO - Started process (PID=76243) to work on /home/airflow/.local/lib/python3.12/site-packages/airflow/example_dags/example_kubernetes_executor.py
[2024-10-22T06:26:34.931+0000] {processor.py:914} INFO - Processing file /home/airflow/.local/lib/python3.12/site-packages/airflow/example_dags/example_kubernetes_executor.py for tasks to queue
[2024-10-22T06:26:34.933+0000] {logging_mixin.py:190} INFO - [2024-10-22T06:26:34.932+0000] {dagbag.py:588} INFO - Filling up the DagBag from /home/airflow/.local/lib/python3.12/site-packages/airflow/example_dags/example_kubernetes_executor.py
[2024-10-22T06:26:34.949+0000] {processor.py:925} INFO - DAG(s) 'example_kubernetes_executor' retrieved from /home/airflow/.local/lib/python3.12/site-packages/airflow/example_dags/example_kubernetes_executor.py
[2024-10-22T06:26:35.008+0000] {logging_mixin.py:190} INFO - [2024-10-22T06:26:35.007+0000] {dag.py:3239} INFO - Sync 1 DAGs
[2024-10-22T06:26:35.026+0000] {logging_mixin.py:190} INFO - [2024-10-22T06:26:35.026+0000] {dag.py:4180} INFO - Setting next_dagrun for example_kubernetes_executor to None, run_after=None
[2024-10-22T06:26:35.047+0000] {processor.py:208} INFO - Processing /home/airflow/.local/lib/python3.12/site-packages/airflow/example_dags/example_kubernetes_executor.py took 0.129 seconds
[2024-10-22T06:27:05.514+0000] {processor.py:186} INFO - Started process (PID=76309) to work on /home/airflow/.local/lib/python3.12/site-packages/airflow/example_dags/example_kubernetes_executor.py
[2024-10-22T06:27:05.515+0000] {processor.py:914} INFO - Processing file /home/airflow/.local/lib/python3.12/site-packages/airflow/example_dags/example_kubernetes_executor.py for tasks to queue
[2024-10-22T06:27:05.516+0000] {logging_mixin.py:190} INFO - [2024-10-22T06:27:05.516+0000] {dagbag.py:588} INFO - Filling up the DagBag from /home/airflow/.local/lib/python3.12/site-packages/airflow/example_dags/example_kubernetes_executor.py
[2024-10-22T06:27:05.532+0000] {processor.py:925} INFO - DAG(s) 'example_kubernetes_executor' retrieved from /home/airflow/.local/lib/python3.12/site-packages/airflow/example_dags/example_kubernetes_executor.py
[2024-10-22T06:27:05.586+0000] {logging_mixin.py:190} INFO - [2024-10-22T06:27:05.586+0000] {dag.py:3239} INFO - Sync 1 DAGs
[2024-10-22T06:27:05.606+0000] {logging_mixin.py:190} INFO - [2024-10-22T06:27:05.606+0000] {dag.py:4180} INFO - Setting next_dagrun for example_kubernetes_executor to None, run_after=None
[2024-10-22T06:27:05.631+0000] {processor.py:208} INFO - Processing /home/airflow/.local/lib/python3.12/site-packages/airflow/example_dags/example_kubernetes_executor.py took 0.126 seconds
[2024-10-22T06:27:35.891+0000] {processor.py:186} INFO - Started process (PID=76376) to work on /home/airflow/.local/lib/python3.12/site-packages/airflow/example_dags/example_kubernetes_executor.py
[2024-10-22T06:27:35.893+0000] {processor.py:914} INFO - Processing file /home/airflow/.local/lib/python3.12/site-packages/airflow/example_dags/example_kubernetes_executor.py for tasks to queue
[2024-10-22T06:27:35.898+0000] {logging_mixin.py:190} INFO - [2024-10-22T06:27:35.897+0000] {dagbag.py:588} INFO - Filling up the DagBag from /home/airflow/.local/lib/python3.12/site-packages/airflow/example_dags/example_kubernetes_executor.py
[2024-10-22T06:27:35.922+0000] {processor.py:925} INFO - DAG(s) 'example_kubernetes_executor' retrieved from /home/airflow/.local/lib/python3.12/site-packages/airflow/example_dags/example_kubernetes_executor.py
[2024-10-22T06:27:36.006+0000] {logging_mixin.py:190} INFO - [2024-10-22T06:27:36.006+0000] {dag.py:3239} INFO - Sync 1 DAGs
[2024-10-22T06:27:36.023+0000] {logging_mixin.py:190} INFO - [2024-10-22T06:27:36.023+0000] {dag.py:4180} INFO - Setting next_dagrun for example_kubernetes_executor to None, run_after=None
[2024-10-22T06:27:36.051+0000] {processor.py:208} INFO - Processing /home/airflow/.local/lib/python3.12/site-packages/airflow/example_dags/example_kubernetes_executor.py took 0.169 seconds
[2024-10-22T06:28:06.760+0000] {processor.py:186} INFO - Started process (PID=76448) to work on /home/airflow/.local/lib/python3.12/site-packages/airflow/example_dags/example_kubernetes_executor.py
[2024-10-22T06:28:06.763+0000] {processor.py:914} INFO - Processing file /home/airflow/.local/lib/python3.12/site-packages/airflow/example_dags/example_kubernetes_executor.py for tasks to queue
[2024-10-22T06:28:06.768+0000] {logging_mixin.py:190} INFO - [2024-10-22T06:28:06.766+0000] {dagbag.py:588} INFO - Filling up the DagBag from /home/airflow/.local/lib/python3.12/site-packages/airflow/example_dags/example_kubernetes_executor.py
[2024-10-22T06:28:06.790+0000] {processor.py:925} INFO - DAG(s) 'example_kubernetes_executor' retrieved from /home/airflow/.local/lib/python3.12/site-packages/airflow/example_dags/example_kubernetes_executor.py
[2024-10-22T06:28:06.853+0000] {logging_mixin.py:190} INFO - [2024-10-22T06:28:06.853+0000] {dag.py:3239} INFO - Sync 1 DAGs
[2024-10-22T06:28:06.873+0000] {logging_mixin.py:190} INFO - [2024-10-22T06:28:06.873+0000] {dag.py:4180} INFO - Setting next_dagrun for example_kubernetes_executor to None, run_after=None
[2024-10-22T06:28:06.896+0000] {processor.py:208} INFO - Processing /home/airflow/.local/lib/python3.12/site-packages/airflow/example_dags/example_kubernetes_executor.py took 0.144 seconds
[2024-10-22T06:28:37.293+0000] {processor.py:186} INFO - Started process (PID=76515) to work on /home/airflow/.local/lib/python3.12/site-packages/airflow/example_dags/example_kubernetes_executor.py
[2024-10-22T06:28:37.294+0000] {processor.py:914} INFO - Processing file /home/airflow/.local/lib/python3.12/site-packages/airflow/example_dags/example_kubernetes_executor.py for tasks to queue
[2024-10-22T06:28:37.296+0000] {logging_mixin.py:190} INFO - [2024-10-22T06:28:37.295+0000] {dagbag.py:588} INFO - Filling up the DagBag from /home/airflow/.local/lib/python3.12/site-packages/airflow/example_dags/example_kubernetes_executor.py
[2024-10-22T06:28:37.317+0000] {processor.py:925} INFO - DAG(s) 'example_kubernetes_executor' retrieved from /home/airflow/.local/lib/python3.12/site-packages/airflow/example_dags/example_kubernetes_executor.py
[2024-10-22T06:28:37.374+0000] {logging_mixin.py:190} INFO - [2024-10-22T06:28:37.373+0000] {dag.py:3239} INFO - Sync 1 DAGs
[2024-10-22T06:28:37.390+0000] {logging_mixin.py:190} INFO - [2024-10-22T06:28:37.390+0000] {dag.py:4180} INFO - Setting next_dagrun for example_kubernetes_executor to None, run_after=None
[2024-10-22T06:28:37.408+0000] {processor.py:208} INFO - Processing /home/airflow/.local/lib/python3.12/site-packages/airflow/example_dags/example_kubernetes_executor.py took 0.126 seconds
[2024-10-22T06:29:07.937+0000] {processor.py:186} INFO - Started process (PID=76582) to work on /home/airflow/.local/lib/python3.12/site-packages/airflow/example_dags/example_kubernetes_executor.py
[2024-10-22T06:29:07.938+0000] {processor.py:914} INFO - Processing file /home/airflow/.local/lib/python3.12/site-packages/airflow/example_dags/example_kubernetes_executor.py for tasks to queue
[2024-10-22T06:29:07.940+0000] {logging_mixin.py:190} INFO - [2024-10-22T06:29:07.939+0000] {dagbag.py:588} INFO - Filling up the DagBag from /home/airflow/.local/lib/python3.12/site-packages/airflow/example_dags/example_kubernetes_executor.py
[2024-10-22T06:29:07.955+0000] {processor.py:925} INFO - DAG(s) 'example_kubernetes_executor' retrieved from /home/airflow/.local/lib/python3.12/site-packages/airflow/example_dags/example_kubernetes_executor.py
[2024-10-22T06:29:08.025+0000] {logging_mixin.py:190} INFO - [2024-10-22T06:29:08.025+0000] {dag.py:3239} INFO - Sync 1 DAGs
[2024-10-22T06:29:08.048+0000] {logging_mixin.py:190} INFO - [2024-10-22T06:29:08.048+0000] {dag.py:4180} INFO - Setting next_dagrun for example_kubernetes_executor to None, run_after=None
[2024-10-22T06:29:08.073+0000] {processor.py:208} INFO - Processing /home/airflow/.local/lib/python3.12/site-packages/airflow/example_dags/example_kubernetes_executor.py took 0.149 seconds
[2024-10-22T06:29:38.629+0000] {processor.py:186} INFO - Started process (PID=76649) to work on /home/airflow/.local/lib/python3.12/site-packages/airflow/example_dags/example_kubernetes_executor.py
[2024-10-22T06:29:38.630+0000] {processor.py:914} INFO - Processing file /home/airflow/.local/lib/python3.12/site-packages/airflow/example_dags/example_kubernetes_executor.py for tasks to queue
[2024-10-22T06:29:38.632+0000] {logging_mixin.py:190} INFO - [2024-10-22T06:29:38.631+0000] {dagbag.py:588} INFO - Filling up the DagBag from /home/airflow/.local/lib/python3.12/site-packages/airflow/example_dags/example_kubernetes_executor.py
[2024-10-22T06:29:38.646+0000] {processor.py:925} INFO - DAG(s) 'example_kubernetes_executor' retrieved from /home/airflow/.local/lib/python3.12/site-packages/airflow/example_dags/example_kubernetes_executor.py
[2024-10-22T06:29:38.700+0000] {logging_mixin.py:190} INFO - [2024-10-22T06:29:38.700+0000] {dag.py:3239} INFO - Sync 1 DAGs
[2024-10-22T06:29:38.717+0000] {logging_mixin.py:190} INFO - [2024-10-22T06:29:38.717+0000] {dag.py:4180} INFO - Setting next_dagrun for example_kubernetes_executor to None, run_after=None
[2024-10-22T06:29:38.736+0000] {processor.py:208} INFO - Processing /home/airflow/.local/lib/python3.12/site-packages/airflow/example_dags/example_kubernetes_executor.py took 0.114 seconds
[2024-10-22T06:30:09.182+0000] {processor.py:186} INFO - Started process (PID=76716) to work on /home/airflow/.local/lib/python3.12/site-packages/airflow/example_dags/example_kubernetes_executor.py
[2024-10-22T06:30:09.183+0000] {processor.py:914} INFO - Processing file /home/airflow/.local/lib/python3.12/site-packages/airflow/example_dags/example_kubernetes_executor.py for tasks to queue
[2024-10-22T06:30:09.185+0000] {logging_mixin.py:190} INFO - [2024-10-22T06:30:09.184+0000] {dagbag.py:588} INFO - Filling up the DagBag from /home/airflow/.local/lib/python3.12/site-packages/airflow/example_dags/example_kubernetes_executor.py
[2024-10-22T06:30:09.198+0000] {processor.py:925} INFO - DAG(s) 'example_kubernetes_executor' retrieved from /home/airflow/.local/lib/python3.12/site-packages/airflow/example_dags/example_kubernetes_executor.py
[2024-10-22T06:30:09.252+0000] {logging_mixin.py:190} INFO - [2024-10-22T06:30:09.251+0000] {dag.py:3239} INFO - Sync 1 DAGs
[2024-10-22T06:30:09.272+0000] {logging_mixin.py:190} INFO - [2024-10-22T06:30:09.272+0000] {dag.py:4180} INFO - Setting next_dagrun for example_kubernetes_executor to None, run_after=None
[2024-10-22T06:30:09.304+0000] {processor.py:208} INFO - Processing /home/airflow/.local/lib/python3.12/site-packages/airflow/example_dags/example_kubernetes_executor.py took 0.130 seconds
[2024-10-22T06:30:39.633+0000] {processor.py:186} INFO - Started process (PID=76783) to work on /home/airflow/.local/lib/python3.12/site-packages/airflow/example_dags/example_kubernetes_executor.py
[2024-10-22T06:30:39.635+0000] {processor.py:914} INFO - Processing file /home/airflow/.local/lib/python3.12/site-packages/airflow/example_dags/example_kubernetes_executor.py for tasks to queue
[2024-10-22T06:30:39.636+0000] {logging_mixin.py:190} INFO - [2024-10-22T06:30:39.636+0000] {dagbag.py:588} INFO - Filling up the DagBag from /home/airflow/.local/lib/python3.12/site-packages/airflow/example_dags/example_kubernetes_executor.py
[2024-10-22T06:30:39.651+0000] {processor.py:925} INFO - DAG(s) 'example_kubernetes_executor' retrieved from /home/airflow/.local/lib/python3.12/site-packages/airflow/example_dags/example_kubernetes_executor.py
[2024-10-22T06:30:39.717+0000] {logging_mixin.py:190} INFO - [2024-10-22T06:30:39.717+0000] {dag.py:3239} INFO - Sync 1 DAGs
[2024-10-22T06:30:39.734+0000] {logging_mixin.py:190} INFO - [2024-10-22T06:30:39.733+0000] {dag.py:4180} INFO - Setting next_dagrun for example_kubernetes_executor to None, run_after=None
[2024-10-22T06:30:39.751+0000] {processor.py:208} INFO - Processing /home/airflow/.local/lib/python3.12/site-packages/airflow/example_dags/example_kubernetes_executor.py took 0.126 seconds
[2024-10-22T06:31:10.165+0000] {processor.py:186} INFO - Started process (PID=76849) to work on /home/airflow/.local/lib/python3.12/site-packages/airflow/example_dags/example_kubernetes_executor.py
[2024-10-22T06:31:10.166+0000] {processor.py:914} INFO - Processing file /home/airflow/.local/lib/python3.12/site-packages/airflow/example_dags/example_kubernetes_executor.py for tasks to queue
[2024-10-22T06:31:10.167+0000] {logging_mixin.py:190} INFO - [2024-10-22T06:31:10.167+0000] {dagbag.py:588} INFO - Filling up the DagBag from /home/airflow/.local/lib/python3.12/site-packages/airflow/example_dags/example_kubernetes_executor.py
[2024-10-22T06:31:10.182+0000] {processor.py:925} INFO - DAG(s) 'example_kubernetes_executor' retrieved from /home/airflow/.local/lib/python3.12/site-packages/airflow/example_dags/example_kubernetes_executor.py
[2024-10-22T06:31:10.235+0000] {logging_mixin.py:190} INFO - [2024-10-22T06:31:10.234+0000] {dag.py:3239} INFO - Sync 1 DAGs
[2024-10-22T06:31:10.250+0000] {logging_mixin.py:190} INFO - [2024-10-22T06:31:10.250+0000] {dag.py:4180} INFO - Setting next_dagrun for example_kubernetes_executor to None, run_after=None
[2024-10-22T06:31:10.269+0000] {processor.py:208} INFO - Processing /home/airflow/.local/lib/python3.12/site-packages/airflow/example_dags/example_kubernetes_executor.py took 0.111 seconds
[2024-10-22T06:31:40.996+0000] {processor.py:186} INFO - Started process (PID=76916) to work on /home/airflow/.local/lib/python3.12/site-packages/airflow/example_dags/example_kubernetes_executor.py
[2024-10-22T06:31:40.997+0000] {processor.py:914} INFO - Processing file /home/airflow/.local/lib/python3.12/site-packages/airflow/example_dags/example_kubernetes_executor.py for tasks to queue
[2024-10-22T06:31:40.999+0000] {logging_mixin.py:190} INFO - [2024-10-22T06:31:40.998+0000] {dagbag.py:588} INFO - Filling up the DagBag from /home/airflow/.local/lib/python3.12/site-packages/airflow/example_dags/example_kubernetes_executor.py
[2024-10-22T06:31:41.014+0000] {processor.py:925} INFO - DAG(s) 'example_kubernetes_executor' retrieved from /home/airflow/.local/lib/python3.12/site-packages/airflow/example_dags/example_kubernetes_executor.py
[2024-10-22T06:31:41.070+0000] {logging_mixin.py:190} INFO - [2024-10-22T06:31:41.069+0000] {dag.py:3239} INFO - Sync 1 DAGs
[2024-10-22T06:31:41.087+0000] {logging_mixin.py:190} INFO - [2024-10-22T06:31:41.086+0000] {dag.py:4180} INFO - Setting next_dagrun for example_kubernetes_executor to None, run_after=None
[2024-10-22T06:31:41.106+0000] {processor.py:208} INFO - Processing /home/airflow/.local/lib/python3.12/site-packages/airflow/example_dags/example_kubernetes_executor.py took 0.118 seconds
[2024-10-22T06:32:12.153+0000] {processor.py:186} INFO - Started process (PID=76982) to work on /home/airflow/.local/lib/python3.12/site-packages/airflow/example_dags/example_kubernetes_executor.py
[2024-10-22T06:32:12.155+0000] {processor.py:914} INFO - Processing file /home/airflow/.local/lib/python3.12/site-packages/airflow/example_dags/example_kubernetes_executor.py for tasks to queue
[2024-10-22T06:32:12.157+0000] {logging_mixin.py:190} INFO - [2024-10-22T06:32:12.156+0000] {dagbag.py:588} INFO - Filling up the DagBag from /home/airflow/.local/lib/python3.12/site-packages/airflow/example_dags/example_kubernetes_executor.py
[2024-10-22T06:32:12.173+0000] {processor.py:925} INFO - DAG(s) 'example_kubernetes_executor' retrieved from /home/airflow/.local/lib/python3.12/site-packages/airflow/example_dags/example_kubernetes_executor.py
[2024-10-22T06:32:12.254+0000] {logging_mixin.py:190} INFO - [2024-10-22T06:32:12.254+0000] {dag.py:3239} INFO - Sync 1 DAGs
[2024-10-22T06:32:12.272+0000] {logging_mixin.py:190} INFO - [2024-10-22T06:32:12.272+0000] {dag.py:4180} INFO - Setting next_dagrun for example_kubernetes_executor to None, run_after=None
[2024-10-22T06:32:12.311+0000] {processor.py:208} INFO - Processing /home/airflow/.local/lib/python3.12/site-packages/airflow/example_dags/example_kubernetes_executor.py took 0.172 seconds
[2024-10-22T06:32:42.855+0000] {processor.py:186} INFO - Started process (PID=77049) to work on /home/airflow/.local/lib/python3.12/site-packages/airflow/example_dags/example_kubernetes_executor.py
[2024-10-22T06:32:42.856+0000] {processor.py:914} INFO - Processing file /home/airflow/.local/lib/python3.12/site-packages/airflow/example_dags/example_kubernetes_executor.py for tasks to queue
[2024-10-22T06:32:42.857+0000] {logging_mixin.py:190} INFO - [2024-10-22T06:32:42.857+0000] {dagbag.py:588} INFO - Filling up the DagBag from /home/airflow/.local/lib/python3.12/site-packages/airflow/example_dags/example_kubernetes_executor.py
[2024-10-22T06:32:42.871+0000] {processor.py:925} INFO - DAG(s) 'example_kubernetes_executor' retrieved from /home/airflow/.local/lib/python3.12/site-packages/airflow/example_dags/example_kubernetes_executor.py
[2024-10-22T06:32:42.928+0000] {logging_mixin.py:190} INFO - [2024-10-22T06:32:42.928+0000] {dag.py:3239} INFO - Sync 1 DAGs
[2024-10-22T06:32:42.944+0000] {logging_mixin.py:190} INFO - [2024-10-22T06:32:42.943+0000] {dag.py:4180} INFO - Setting next_dagrun for example_kubernetes_executor to None, run_after=None
[2024-10-22T06:32:42.960+0000] {processor.py:208} INFO - Processing /home/airflow/.local/lib/python3.12/site-packages/airflow/example_dags/example_kubernetes_executor.py took 0.113 seconds
[2024-10-22T06:33:14.073+0000] {processor.py:186} INFO - Started process (PID=77116) to work on /home/airflow/.local/lib/python3.12/site-packages/airflow/example_dags/example_kubernetes_executor.py
[2024-10-22T06:33:14.074+0000] {processor.py:914} INFO - Processing file /home/airflow/.local/lib/python3.12/site-packages/airflow/example_dags/example_kubernetes_executor.py for tasks to queue
[2024-10-22T06:33:14.076+0000] {logging_mixin.py:190} INFO - [2024-10-22T06:33:14.075+0000] {dagbag.py:588} INFO - Filling up the DagBag from /home/airflow/.local/lib/python3.12/site-packages/airflow/example_dags/example_kubernetes_executor.py
[2024-10-22T06:33:14.091+0000] {processor.py:925} INFO - DAG(s) 'example_kubernetes_executor' retrieved from /home/airflow/.local/lib/python3.12/site-packages/airflow/example_dags/example_kubernetes_executor.py
[2024-10-22T06:33:14.145+0000] {logging_mixin.py:190} INFO - [2024-10-22T06:33:14.145+0000] {dag.py:3239} INFO - Sync 1 DAGs
[2024-10-22T06:33:14.161+0000] {logging_mixin.py:190} INFO - [2024-10-22T06:33:14.161+0000] {dag.py:4180} INFO - Setting next_dagrun for example_kubernetes_executor to None, run_after=None
[2024-10-22T06:33:14.179+0000] {processor.py:208} INFO - Processing /home/airflow/.local/lib/python3.12/site-packages/airflow/example_dags/example_kubernetes_executor.py took 0.113 seconds
[2024-10-22T06:33:44.987+0000] {processor.py:186} INFO - Started process (PID=77183) to work on /home/airflow/.local/lib/python3.12/site-packages/airflow/example_dags/example_kubernetes_executor.py
[2024-10-22T06:33:44.988+0000] {processor.py:914} INFO - Processing file /home/airflow/.local/lib/python3.12/site-packages/airflow/example_dags/example_kubernetes_executor.py for tasks to queue
[2024-10-22T06:33:44.990+0000] {logging_mixin.py:190} INFO - [2024-10-22T06:33:44.989+0000] {dagbag.py:588} INFO - Filling up the DagBag from /home/airflow/.local/lib/python3.12/site-packages/airflow/example_dags/example_kubernetes_executor.py
[2024-10-22T06:33:45.005+0000] {processor.py:925} INFO - DAG(s) 'example_kubernetes_executor' retrieved from /home/airflow/.local/lib/python3.12/site-packages/airflow/example_dags/example_kubernetes_executor.py
[2024-10-22T06:33:45.066+0000] {logging_mixin.py:190} INFO - [2024-10-22T06:33:45.065+0000] {dag.py:3239} INFO - Sync 1 DAGs
[2024-10-22T06:33:45.085+0000] {logging_mixin.py:190} INFO - [2024-10-22T06:33:45.085+0000] {dag.py:4180} INFO - Setting next_dagrun for example_kubernetes_executor to None, run_after=None
[2024-10-22T06:33:45.107+0000] {processor.py:208} INFO - Processing /home/airflow/.local/lib/python3.12/site-packages/airflow/example_dags/example_kubernetes_executor.py took 0.128 seconds
[2024-10-22T06:34:15.482+0000] {processor.py:186} INFO - Started process (PID=77250) to work on /home/airflow/.local/lib/python3.12/site-packages/airflow/example_dags/example_kubernetes_executor.py
[2024-10-22T06:34:15.483+0000] {processor.py:914} INFO - Processing file /home/airflow/.local/lib/python3.12/site-packages/airflow/example_dags/example_kubernetes_executor.py for tasks to queue
[2024-10-22T06:34:15.486+0000] {logging_mixin.py:190} INFO - [2024-10-22T06:34:15.485+0000] {dagbag.py:588} INFO - Filling up the DagBag from /home/airflow/.local/lib/python3.12/site-packages/airflow/example_dags/example_kubernetes_executor.py
[2024-10-22T06:34:15.505+0000] {processor.py:925} INFO - DAG(s) 'example_kubernetes_executor' retrieved from /home/airflow/.local/lib/python3.12/site-packages/airflow/example_dags/example_kubernetes_executor.py
[2024-10-22T06:34:15.561+0000] {logging_mixin.py:190} INFO - [2024-10-22T06:34:15.561+0000] {dag.py:3239} INFO - Sync 1 DAGs
[2024-10-22T06:34:15.578+0000] {logging_mixin.py:190} INFO - [2024-10-22T06:34:15.578+0000] {dag.py:4180} INFO - Setting next_dagrun for example_kubernetes_executor to None, run_after=None
[2024-10-22T06:34:15.596+0000] {processor.py:208} INFO - Processing /home/airflow/.local/lib/python3.12/site-packages/airflow/example_dags/example_kubernetes_executor.py took 0.123 seconds
[2024-10-22T06:34:46.670+0000] {processor.py:186} INFO - Started process (PID=77317) to work on /home/airflow/.local/lib/python3.12/site-packages/airflow/example_dags/example_kubernetes_executor.py
[2024-10-22T06:34:46.671+0000] {processor.py:914} INFO - Processing file /home/airflow/.local/lib/python3.12/site-packages/airflow/example_dags/example_kubernetes_executor.py for tasks to queue
[2024-10-22T06:34:46.673+0000] {logging_mixin.py:190} INFO - [2024-10-22T06:34:46.672+0000] {dagbag.py:588} INFO - Filling up the DagBag from /home/airflow/.local/lib/python3.12/site-packages/airflow/example_dags/example_kubernetes_executor.py
[2024-10-22T06:34:46.687+0000] {processor.py:925} INFO - DAG(s) 'example_kubernetes_executor' retrieved from /home/airflow/.local/lib/python3.12/site-packages/airflow/example_dags/example_kubernetes_executor.py
[2024-10-22T06:34:46.743+0000] {logging_mixin.py:190} INFO - [2024-10-22T06:34:46.742+0000] {dag.py:3239} INFO - Sync 1 DAGs
[2024-10-22T06:34:46.759+0000] {logging_mixin.py:190} INFO - [2024-10-22T06:34:46.759+0000] {dag.py:4180} INFO - Setting next_dagrun for example_kubernetes_executor to None, run_after=None
[2024-10-22T06:34:46.783+0000] {processor.py:208} INFO - Processing /home/airflow/.local/lib/python3.12/site-packages/airflow/example_dags/example_kubernetes_executor.py took 0.120 seconds
[2024-10-22T06:35:17.470+0000] {processor.py:186} INFO - Started process (PID=77384) to work on /home/airflow/.local/lib/python3.12/site-packages/airflow/example_dags/example_kubernetes_executor.py
[2024-10-22T06:35:17.471+0000] {processor.py:914} INFO - Processing file /home/airflow/.local/lib/python3.12/site-packages/airflow/example_dags/example_kubernetes_executor.py for tasks to queue
[2024-10-22T06:35:17.474+0000] {logging_mixin.py:190} INFO - [2024-10-22T06:35:17.473+0000] {dagbag.py:588} INFO - Filling up the DagBag from /home/airflow/.local/lib/python3.12/site-packages/airflow/example_dags/example_kubernetes_executor.py
[2024-10-22T06:35:17.494+0000] {processor.py:925} INFO - DAG(s) 'example_kubernetes_executor' retrieved from /home/airflow/.local/lib/python3.12/site-packages/airflow/example_dags/example_kubernetes_executor.py
[2024-10-22T06:35:17.562+0000] {logging_mixin.py:190} INFO - [2024-10-22T06:35:17.561+0000] {dag.py:3239} INFO - Sync 1 DAGs
[2024-10-22T06:35:17.583+0000] {logging_mixin.py:190} INFO - [2024-10-22T06:35:17.583+0000] {dag.py:4180} INFO - Setting next_dagrun for example_kubernetes_executor to None, run_after=None
[2024-10-22T06:35:17.612+0000] {processor.py:208} INFO - Processing /home/airflow/.local/lib/python3.12/site-packages/airflow/example_dags/example_kubernetes_executor.py took 0.155 seconds
[2024-10-22T06:35:48.367+0000] {processor.py:186} INFO - Started process (PID=77451) to work on /home/airflow/.local/lib/python3.12/site-packages/airflow/example_dags/example_kubernetes_executor.py
[2024-10-22T06:35:48.368+0000] {processor.py:914} INFO - Processing file /home/airflow/.local/lib/python3.12/site-packages/airflow/example_dags/example_kubernetes_executor.py for tasks to queue
[2024-10-22T06:35:48.369+0000] {logging_mixin.py:190} INFO - [2024-10-22T06:35:48.369+0000] {dagbag.py:588} INFO - Filling up the DagBag from /home/airflow/.local/lib/python3.12/site-packages/airflow/example_dags/example_kubernetes_executor.py
[2024-10-22T06:35:48.387+0000] {processor.py:925} INFO - DAG(s) 'example_kubernetes_executor' retrieved from /home/airflow/.local/lib/python3.12/site-packages/airflow/example_dags/example_kubernetes_executor.py
[2024-10-22T06:35:48.442+0000] {logging_mixin.py:190} INFO - [2024-10-22T06:35:48.442+0000] {dag.py:3239} INFO - Sync 1 DAGs
[2024-10-22T06:35:48.459+0000] {logging_mixin.py:190} INFO - [2024-10-22T06:35:48.459+0000] {dag.py:4180} INFO - Setting next_dagrun for example_kubernetes_executor to None, run_after=None
[2024-10-22T06:35:48.480+0000] {processor.py:208} INFO - Processing /home/airflow/.local/lib/python3.12/site-packages/airflow/example_dags/example_kubernetes_executor.py took 0.122 seconds
[2024-10-22T06:36:19.595+0000] {processor.py:186} INFO - Started process (PID=77518) to work on /home/airflow/.local/lib/python3.12/site-packages/airflow/example_dags/example_kubernetes_executor.py
[2024-10-22T06:36:19.595+0000] {processor.py:914} INFO - Processing file /home/airflow/.local/lib/python3.12/site-packages/airflow/example_dags/example_kubernetes_executor.py for tasks to queue
[2024-10-22T06:36:19.597+0000] {logging_mixin.py:190} INFO - [2024-10-22T06:36:19.596+0000] {dagbag.py:588} INFO - Filling up the DagBag from /home/airflow/.local/lib/python3.12/site-packages/airflow/example_dags/example_kubernetes_executor.py
[2024-10-22T06:36:19.612+0000] {processor.py:925} INFO - DAG(s) 'example_kubernetes_executor' retrieved from /home/airflow/.local/lib/python3.12/site-packages/airflow/example_dags/example_kubernetes_executor.py
[2024-10-22T06:36:19.666+0000] {logging_mixin.py:190} INFO - [2024-10-22T06:36:19.666+0000] {dag.py:3239} INFO - Sync 1 DAGs
[2024-10-22T06:36:19.682+0000] {logging_mixin.py:190} INFO - [2024-10-22T06:36:19.682+0000] {dag.py:4180} INFO - Setting next_dagrun for example_kubernetes_executor to None, run_after=None
[2024-10-22T06:36:19.701+0000] {processor.py:208} INFO - Processing /home/airflow/.local/lib/python3.12/site-packages/airflow/example_dags/example_kubernetes_executor.py took 0.113 seconds
[2024-10-22T06:36:50.663+0000] {processor.py:186} INFO - Started process (PID=77585) to work on /home/airflow/.local/lib/python3.12/site-packages/airflow/example_dags/example_kubernetes_executor.py
[2024-10-22T06:36:50.665+0000] {processor.py:914} INFO - Processing file /home/airflow/.local/lib/python3.12/site-packages/airflow/example_dags/example_kubernetes_executor.py for tasks to queue
[2024-10-22T06:36:50.667+0000] {logging_mixin.py:190} INFO - [2024-10-22T06:36:50.666+0000] {dagbag.py:588} INFO - Filling up the DagBag from /home/airflow/.local/lib/python3.12/site-packages/airflow/example_dags/example_kubernetes_executor.py
[2024-10-22T06:36:50.682+0000] {processor.py:925} INFO - DAG(s) 'example_kubernetes_executor' retrieved from /home/airflow/.local/lib/python3.12/site-packages/airflow/example_dags/example_kubernetes_executor.py
[2024-10-22T06:36:50.740+0000] {logging_mixin.py:190} INFO - [2024-10-22T06:36:50.740+0000] {dag.py:3239} INFO - Sync 1 DAGs
[2024-10-22T06:36:50.758+0000] {logging_mixin.py:190} INFO - [2024-10-22T06:36:50.757+0000] {dag.py:4180} INFO - Setting next_dagrun for example_kubernetes_executor to None, run_after=None
[2024-10-22T06:36:50.777+0000] {processor.py:208} INFO - Processing /home/airflow/.local/lib/python3.12/site-packages/airflow/example_dags/example_kubernetes_executor.py took 0.127 seconds
[2024-10-22T06:37:21.024+0000] {processor.py:186} INFO - Started process (PID=77652) to work on /home/airflow/.local/lib/python3.12/site-packages/airflow/example_dags/example_kubernetes_executor.py
[2024-10-22T06:37:21.025+0000] {processor.py:914} INFO - Processing file /home/airflow/.local/lib/python3.12/site-packages/airflow/example_dags/example_kubernetes_executor.py for tasks to queue
[2024-10-22T06:37:21.027+0000] {logging_mixin.py:190} INFO - [2024-10-22T06:37:21.027+0000] {dagbag.py:588} INFO - Filling up the DagBag from /home/airflow/.local/lib/python3.12/site-packages/airflow/example_dags/example_kubernetes_executor.py
[2024-10-22T06:37:21.049+0000] {processor.py:925} INFO - DAG(s) 'example_kubernetes_executor' retrieved from /home/airflow/.local/lib/python3.12/site-packages/airflow/example_dags/example_kubernetes_executor.py
[2024-10-22T06:37:21.112+0000] {logging_mixin.py:190} INFO - [2024-10-22T06:37:21.112+0000] {dag.py:3239} INFO - Sync 1 DAGs
[2024-10-22T06:37:21.132+0000] {logging_mixin.py:190} INFO - [2024-10-22T06:37:21.131+0000] {dag.py:4180} INFO - Setting next_dagrun for example_kubernetes_executor to None, run_after=None
[2024-10-22T06:37:21.152+0000] {processor.py:208} INFO - Processing /home/airflow/.local/lib/python3.12/site-packages/airflow/example_dags/example_kubernetes_executor.py took 0.137 seconds
[2024-10-22T06:37:51.596+0000] {processor.py:186} INFO - Started process (PID=77719) to work on /home/airflow/.local/lib/python3.12/site-packages/airflow/example_dags/example_kubernetes_executor.py
[2024-10-22T06:37:51.598+0000] {processor.py:914} INFO - Processing file /home/airflow/.local/lib/python3.12/site-packages/airflow/example_dags/example_kubernetes_executor.py for tasks to queue
[2024-10-22T06:37:51.599+0000] {logging_mixin.py:190} INFO - [2024-10-22T06:37:51.599+0000] {dagbag.py:588} INFO - Filling up the DagBag from /home/airflow/.local/lib/python3.12/site-packages/airflow/example_dags/example_kubernetes_executor.py
[2024-10-22T06:37:51.613+0000] {processor.py:925} INFO - DAG(s) 'example_kubernetes_executor' retrieved from /home/airflow/.local/lib/python3.12/site-packages/airflow/example_dags/example_kubernetes_executor.py
[2024-10-22T06:37:51.664+0000] {logging_mixin.py:190} INFO - [2024-10-22T06:37:51.663+0000] {dag.py:3239} INFO - Sync 1 DAGs
[2024-10-22T06:37:51.680+0000] {logging_mixin.py:190} INFO - [2024-10-22T06:37:51.680+0000] {dag.py:4180} INFO - Setting next_dagrun for example_kubernetes_executor to None, run_after=None
[2024-10-22T06:37:51.697+0000] {processor.py:208} INFO - Processing /home/airflow/.local/lib/python3.12/site-packages/airflow/example_dags/example_kubernetes_executor.py took 0.108 seconds
[2024-10-22T06:38:22.459+0000] {processor.py:186} INFO - Started process (PID=77786) to work on /home/airflow/.local/lib/python3.12/site-packages/airflow/example_dags/example_kubernetes_executor.py
[2024-10-22T06:38:22.460+0000] {processor.py:914} INFO - Processing file /home/airflow/.local/lib/python3.12/site-packages/airflow/example_dags/example_kubernetes_executor.py for tasks to queue
[2024-10-22T06:38:22.461+0000] {logging_mixin.py:190} INFO - [2024-10-22T06:38:22.461+0000] {dagbag.py:588} INFO - Filling up the DagBag from /home/airflow/.local/lib/python3.12/site-packages/airflow/example_dags/example_kubernetes_executor.py
[2024-10-22T06:38:22.476+0000] {processor.py:925} INFO - DAG(s) 'example_kubernetes_executor' retrieved from /home/airflow/.local/lib/python3.12/site-packages/airflow/example_dags/example_kubernetes_executor.py
[2024-10-22T06:38:22.532+0000] {logging_mixin.py:190} INFO - [2024-10-22T06:38:22.531+0000] {dag.py:3239} INFO - Sync 1 DAGs
[2024-10-22T06:38:22.548+0000] {logging_mixin.py:190} INFO - [2024-10-22T06:38:22.547+0000] {dag.py:4180} INFO - Setting next_dagrun for example_kubernetes_executor to None, run_after=None
[2024-10-22T06:38:22.566+0000] {processor.py:208} INFO - Processing /home/airflow/.local/lib/python3.12/site-packages/airflow/example_dags/example_kubernetes_executor.py took 0.114 seconds
[2024-10-22T06:38:53.360+0000] {processor.py:186} INFO - Started process (PID=77853) to work on /home/airflow/.local/lib/python3.12/site-packages/airflow/example_dags/example_kubernetes_executor.py
[2024-10-22T06:38:53.362+0000] {processor.py:914} INFO - Processing file /home/airflow/.local/lib/python3.12/site-packages/airflow/example_dags/example_kubernetes_executor.py for tasks to queue
[2024-10-22T06:38:53.363+0000] {logging_mixin.py:190} INFO - [2024-10-22T06:38:53.362+0000] {dagbag.py:588} INFO - Filling up the DagBag from /home/airflow/.local/lib/python3.12/site-packages/airflow/example_dags/example_kubernetes_executor.py
[2024-10-22T06:38:53.377+0000] {processor.py:925} INFO - DAG(s) 'example_kubernetes_executor' retrieved from /home/airflow/.local/lib/python3.12/site-packages/airflow/example_dags/example_kubernetes_executor.py
[2024-10-22T06:38:53.433+0000] {logging_mixin.py:190} INFO - [2024-10-22T06:38:53.433+0000] {dag.py:3239} INFO - Sync 1 DAGs
[2024-10-22T06:38:53.450+0000] {logging_mixin.py:190} INFO - [2024-10-22T06:38:53.450+0000] {dag.py:4180} INFO - Setting next_dagrun for example_kubernetes_executor to None, run_after=None
[2024-10-22T06:38:53.467+0000] {processor.py:208} INFO - Processing /home/airflow/.local/lib/python3.12/site-packages/airflow/example_dags/example_kubernetes_executor.py took 0.113 seconds
[2024-10-22T06:39:24.213+0000] {processor.py:186} INFO - Started process (PID=77919) to work on /home/airflow/.local/lib/python3.12/site-packages/airflow/example_dags/example_kubernetes_executor.py
[2024-10-22T06:39:24.214+0000] {processor.py:914} INFO - Processing file /home/airflow/.local/lib/python3.12/site-packages/airflow/example_dags/example_kubernetes_executor.py for tasks to queue
[2024-10-22T06:39:24.215+0000] {logging_mixin.py:190} INFO - [2024-10-22T06:39:24.215+0000] {dagbag.py:588} INFO - Filling up the DagBag from /home/airflow/.local/lib/python3.12/site-packages/airflow/example_dags/example_kubernetes_executor.py
[2024-10-22T06:39:24.229+0000] {processor.py:925} INFO - DAG(s) 'example_kubernetes_executor' retrieved from /home/airflow/.local/lib/python3.12/site-packages/airflow/example_dags/example_kubernetes_executor.py
[2024-10-22T06:39:24.281+0000] {logging_mixin.py:190} INFO - [2024-10-22T06:39:24.281+0000] {dag.py:3239} INFO - Sync 1 DAGs
[2024-10-22T06:39:24.298+0000] {logging_mixin.py:190} INFO - [2024-10-22T06:39:24.298+0000] {dag.py:4180} INFO - Setting next_dagrun for example_kubernetes_executor to None, run_after=None
[2024-10-22T06:39:24.316+0000] {processor.py:208} INFO - Processing /home/airflow/.local/lib/python3.12/site-packages/airflow/example_dags/example_kubernetes_executor.py took 0.110 seconds
[2024-10-22T06:39:54.748+0000] {processor.py:186} INFO - Started process (PID=77986) to work on /home/airflow/.local/lib/python3.12/site-packages/airflow/example_dags/example_kubernetes_executor.py
[2024-10-22T06:39:54.749+0000] {processor.py:914} INFO - Processing file /home/airflow/.local/lib/python3.12/site-packages/airflow/example_dags/example_kubernetes_executor.py for tasks to queue
[2024-10-22T06:39:54.751+0000] {logging_mixin.py:190} INFO - [2024-10-22T06:39:54.750+0000] {dagbag.py:588} INFO - Filling up the DagBag from /home/airflow/.local/lib/python3.12/site-packages/airflow/example_dags/example_kubernetes_executor.py
[2024-10-22T06:39:54.765+0000] {processor.py:925} INFO - DAG(s) 'example_kubernetes_executor' retrieved from /home/airflow/.local/lib/python3.12/site-packages/airflow/example_dags/example_kubernetes_executor.py
[2024-10-22T06:39:54.819+0000] {logging_mixin.py:190} INFO - [2024-10-22T06:39:54.818+0000] {dag.py:3239} INFO - Sync 1 DAGs
[2024-10-22T06:39:54.838+0000] {logging_mixin.py:190} INFO - [2024-10-22T06:39:54.838+0000] {dag.py:4180} INFO - Setting next_dagrun for example_kubernetes_executor to None, run_after=None
[2024-10-22T06:39:54.856+0000] {processor.py:208} INFO - Processing /home/airflow/.local/lib/python3.12/site-packages/airflow/example_dags/example_kubernetes_executor.py took 0.115 seconds
[2024-10-22T06:40:25.015+0000] {processor.py:186} INFO - Started process (PID=78053) to work on /home/airflow/.local/lib/python3.12/site-packages/airflow/example_dags/example_kubernetes_executor.py
[2024-10-22T06:40:25.017+0000] {processor.py:914} INFO - Processing file /home/airflow/.local/lib/python3.12/site-packages/airflow/example_dags/example_kubernetes_executor.py for tasks to queue
[2024-10-22T06:40:25.018+0000] {logging_mixin.py:190} INFO - [2024-10-22T06:40:25.018+0000] {dagbag.py:588} INFO - Filling up the DagBag from /home/airflow/.local/lib/python3.12/site-packages/airflow/example_dags/example_kubernetes_executor.py
[2024-10-22T06:40:25.032+0000] {processor.py:925} INFO - DAG(s) 'example_kubernetes_executor' retrieved from /home/airflow/.local/lib/python3.12/site-packages/airflow/example_dags/example_kubernetes_executor.py
[2024-10-22T06:40:25.092+0000] {logging_mixin.py:190} INFO - [2024-10-22T06:40:25.092+0000] {dag.py:3239} INFO - Sync 1 DAGs
[2024-10-22T06:40:25.108+0000] {logging_mixin.py:190} INFO - [2024-10-22T06:40:25.108+0000] {dag.py:4180} INFO - Setting next_dagrun for example_kubernetes_executor to None, run_after=None
[2024-10-22T06:40:25.126+0000] {processor.py:208} INFO - Processing /home/airflow/.local/lib/python3.12/site-packages/airflow/example_dags/example_kubernetes_executor.py took 0.117 seconds
[2024-10-22T06:40:56.043+0000] {processor.py:186} INFO - Started process (PID=78120) to work on /home/airflow/.local/lib/python3.12/site-packages/airflow/example_dags/example_kubernetes_executor.py
[2024-10-22T06:40:56.044+0000] {processor.py:914} INFO - Processing file /home/airflow/.local/lib/python3.12/site-packages/airflow/example_dags/example_kubernetes_executor.py for tasks to queue
[2024-10-22T06:40:56.046+0000] {logging_mixin.py:190} INFO - [2024-10-22T06:40:56.045+0000] {dagbag.py:588} INFO - Filling up the DagBag from /home/airflow/.local/lib/python3.12/site-packages/airflow/example_dags/example_kubernetes_executor.py
[2024-10-22T06:40:56.060+0000] {processor.py:925} INFO - DAG(s) 'example_kubernetes_executor' retrieved from /home/airflow/.local/lib/python3.12/site-packages/airflow/example_dags/example_kubernetes_executor.py
[2024-10-22T06:40:56.111+0000] {logging_mixin.py:190} INFO - [2024-10-22T06:40:56.111+0000] {dag.py:3239} INFO - Sync 1 DAGs
[2024-10-22T06:40:56.127+0000] {logging_mixin.py:190} INFO - [2024-10-22T06:40:56.127+0000] {dag.py:4180} INFO - Setting next_dagrun for example_kubernetes_executor to None, run_after=None
[2024-10-22T06:40:56.146+0000] {processor.py:208} INFO - Processing /home/airflow/.local/lib/python3.12/site-packages/airflow/example_dags/example_kubernetes_executor.py took 0.111 seconds
[2024-10-22T06:41:27.238+0000] {processor.py:186} INFO - Started process (PID=78187) to work on /home/airflow/.local/lib/python3.12/site-packages/airflow/example_dags/example_kubernetes_executor.py
[2024-10-22T06:41:27.239+0000] {processor.py:914} INFO - Processing file /home/airflow/.local/lib/python3.12/site-packages/airflow/example_dags/example_kubernetes_executor.py for tasks to queue
[2024-10-22T06:41:27.240+0000] {logging_mixin.py:190} INFO - [2024-10-22T06:41:27.240+0000] {dagbag.py:588} INFO - Filling up the DagBag from /home/airflow/.local/lib/python3.12/site-packages/airflow/example_dags/example_kubernetes_executor.py
[2024-10-22T06:41:27.263+0000] {processor.py:925} INFO - DAG(s) 'example_kubernetes_executor' retrieved from /home/airflow/.local/lib/python3.12/site-packages/airflow/example_dags/example_kubernetes_executor.py
[2024-10-22T06:41:27.320+0000] {logging_mixin.py:190} INFO - [2024-10-22T06:41:27.319+0000] {dag.py:3239} INFO - Sync 1 DAGs
[2024-10-22T06:41:27.336+0000] {logging_mixin.py:190} INFO - [2024-10-22T06:41:27.335+0000] {dag.py:4180} INFO - Setting next_dagrun for example_kubernetes_executor to None, run_after=None
[2024-10-22T06:41:27.354+0000] {processor.py:208} INFO - Processing /home/airflow/.local/lib/python3.12/site-packages/airflow/example_dags/example_kubernetes_executor.py took 0.123 seconds
[2024-10-22T06:41:58.324+0000] {processor.py:186} INFO - Started process (PID=78253) to work on /home/airflow/.local/lib/python3.12/site-packages/airflow/example_dags/example_kubernetes_executor.py
[2024-10-22T06:41:58.325+0000] {processor.py:914} INFO - Processing file /home/airflow/.local/lib/python3.12/site-packages/airflow/example_dags/example_kubernetes_executor.py for tasks to queue
[2024-10-22T06:41:58.326+0000] {logging_mixin.py:190} INFO - [2024-10-22T06:41:58.326+0000] {dagbag.py:588} INFO - Filling up the DagBag from /home/airflow/.local/lib/python3.12/site-packages/airflow/example_dags/example_kubernetes_executor.py
[2024-10-22T06:41:58.341+0000] {processor.py:925} INFO - DAG(s) 'example_kubernetes_executor' retrieved from /home/airflow/.local/lib/python3.12/site-packages/airflow/example_dags/example_kubernetes_executor.py
[2024-10-22T06:41:58.393+0000] {logging_mixin.py:190} INFO - [2024-10-22T06:41:58.393+0000] {dag.py:3239} INFO - Sync 1 DAGs
[2024-10-22T06:41:58.410+0000] {logging_mixin.py:190} INFO - [2024-10-22T06:41:58.409+0000] {dag.py:4180} INFO - Setting next_dagrun for example_kubernetes_executor to None, run_after=None
[2024-10-22T06:41:58.425+0000] {processor.py:208} INFO - Processing /home/airflow/.local/lib/python3.12/site-packages/airflow/example_dags/example_kubernetes_executor.py took 0.108 seconds
[2024-10-22T06:42:29.366+0000] {processor.py:186} INFO - Started process (PID=78320) to work on /home/airflow/.local/lib/python3.12/site-packages/airflow/example_dags/example_kubernetes_executor.py
[2024-10-22T06:42:29.367+0000] {processor.py:914} INFO - Processing file /home/airflow/.local/lib/python3.12/site-packages/airflow/example_dags/example_kubernetes_executor.py for tasks to queue
[2024-10-22T06:42:29.369+0000] {logging_mixin.py:190} INFO - [2024-10-22T06:42:29.368+0000] {dagbag.py:588} INFO - Filling up the DagBag from /home/airflow/.local/lib/python3.12/site-packages/airflow/example_dags/example_kubernetes_executor.py
[2024-10-22T06:42:29.383+0000] {processor.py:925} INFO - DAG(s) 'example_kubernetes_executor' retrieved from /home/airflow/.local/lib/python3.12/site-packages/airflow/example_dags/example_kubernetes_executor.py
[2024-10-22T06:42:29.436+0000] {logging_mixin.py:190} INFO - [2024-10-22T06:42:29.436+0000] {dag.py:3239} INFO - Sync 1 DAGs
[2024-10-22T06:42:29.452+0000] {logging_mixin.py:190} INFO - [2024-10-22T06:42:29.452+0000] {dag.py:4180} INFO - Setting next_dagrun for example_kubernetes_executor to None, run_after=None
[2024-10-22T06:42:29.469+0000] {processor.py:208} INFO - Processing /home/airflow/.local/lib/python3.12/site-packages/airflow/example_dags/example_kubernetes_executor.py took 0.110 seconds
[2024-10-22T06:43:00.458+0000] {processor.py:186} INFO - Started process (PID=78386) to work on /home/airflow/.local/lib/python3.12/site-packages/airflow/example_dags/example_kubernetes_executor.py
[2024-10-22T06:43:00.460+0000] {processor.py:914} INFO - Processing file /home/airflow/.local/lib/python3.12/site-packages/airflow/example_dags/example_kubernetes_executor.py for tasks to queue
[2024-10-22T06:43:00.462+0000] {logging_mixin.py:190} INFO - [2024-10-22T06:43:00.461+0000] {dagbag.py:588} INFO - Filling up the DagBag from /home/airflow/.local/lib/python3.12/site-packages/airflow/example_dags/example_kubernetes_executor.py
[2024-10-22T06:43:00.481+0000] {processor.py:925} INFO - DAG(s) 'example_kubernetes_executor' retrieved from /home/airflow/.local/lib/python3.12/site-packages/airflow/example_dags/example_kubernetes_executor.py
[2024-10-22T06:43:00.556+0000] {logging_mixin.py:190} INFO - [2024-10-22T06:43:00.555+0000] {dag.py:3239} INFO - Sync 1 DAGs
[2024-10-22T06:43:00.594+0000] {logging_mixin.py:190} INFO - [2024-10-22T06:43:00.594+0000] {dag.py:4180} INFO - Setting next_dagrun for example_kubernetes_executor to None, run_after=None
[2024-10-22T06:43:00.631+0000] {processor.py:208} INFO - Processing /home/airflow/.local/lib/python3.12/site-packages/airflow/example_dags/example_kubernetes_executor.py took 0.183 seconds
[2024-10-22T06:43:30.835+0000] {processor.py:186} INFO - Started process (PID=78453) to work on /home/airflow/.local/lib/python3.12/site-packages/airflow/example_dags/example_kubernetes_executor.py
[2024-10-22T06:43:30.837+0000] {processor.py:914} INFO - Processing file /home/airflow/.local/lib/python3.12/site-packages/airflow/example_dags/example_kubernetes_executor.py for tasks to queue
[2024-10-22T06:43:30.838+0000] {logging_mixin.py:190} INFO - [2024-10-22T06:43:30.838+0000] {dagbag.py:588} INFO - Filling up the DagBag from /home/airflow/.local/lib/python3.12/site-packages/airflow/example_dags/example_kubernetes_executor.py
[2024-10-22T06:43:30.853+0000] {processor.py:925} INFO - DAG(s) 'example_kubernetes_executor' retrieved from /home/airflow/.local/lib/python3.12/site-packages/airflow/example_dags/example_kubernetes_executor.py
[2024-10-22T06:43:30.917+0000] {logging_mixin.py:190} INFO - [2024-10-22T06:43:30.916+0000] {dag.py:3239} INFO - Sync 1 DAGs
[2024-10-22T06:43:30.934+0000] {logging_mixin.py:190} INFO - [2024-10-22T06:43:30.934+0000] {dag.py:4180} INFO - Setting next_dagrun for example_kubernetes_executor to None, run_after=None
[2024-10-22T06:43:30.960+0000] {processor.py:208} INFO - Processing /home/airflow/.local/lib/python3.12/site-packages/airflow/example_dags/example_kubernetes_executor.py took 0.133 seconds
[2024-10-22T06:44:01.760+0000] {processor.py:186} INFO - Started process (PID=78520) to work on /home/airflow/.local/lib/python3.12/site-packages/airflow/example_dags/example_kubernetes_executor.py
[2024-10-22T06:44:01.762+0000] {processor.py:914} INFO - Processing file /home/airflow/.local/lib/python3.12/site-packages/airflow/example_dags/example_kubernetes_executor.py for tasks to queue
[2024-10-22T06:44:01.763+0000] {logging_mixin.py:190} INFO - [2024-10-22T06:44:01.763+0000] {dagbag.py:588} INFO - Filling up the DagBag from /home/airflow/.local/lib/python3.12/site-packages/airflow/example_dags/example_kubernetes_executor.py
[2024-10-22T06:44:01.778+0000] {processor.py:925} INFO - DAG(s) 'example_kubernetes_executor' retrieved from /home/airflow/.local/lib/python3.12/site-packages/airflow/example_dags/example_kubernetes_executor.py
[2024-10-22T06:44:01.834+0000] {logging_mixin.py:190} INFO - [2024-10-22T06:44:01.834+0000] {dag.py:3239} INFO - Sync 1 DAGs
[2024-10-22T06:44:01.851+0000] {logging_mixin.py:190} INFO - [2024-10-22T06:44:01.851+0000] {dag.py:4180} INFO - Setting next_dagrun for example_kubernetes_executor to None, run_after=None
[2024-10-22T06:44:01.869+0000] {processor.py:208} INFO - Processing /home/airflow/.local/lib/python3.12/site-packages/airflow/example_dags/example_kubernetes_executor.py took 0.116 seconds
[2024-10-22T06:44:32.982+0000] {processor.py:186} INFO - Started process (PID=78587) to work on /home/airflow/.local/lib/python3.12/site-packages/airflow/example_dags/example_kubernetes_executor.py
[2024-10-22T06:44:32.983+0000] {processor.py:914} INFO - Processing file /home/airflow/.local/lib/python3.12/site-packages/airflow/example_dags/example_kubernetes_executor.py for tasks to queue
[2024-10-22T06:44:32.985+0000] {logging_mixin.py:190} INFO - [2024-10-22T06:44:32.984+0000] {dagbag.py:588} INFO - Filling up the DagBag from /home/airflow/.local/lib/python3.12/site-packages/airflow/example_dags/example_kubernetes_executor.py
[2024-10-22T06:44:32.999+0000] {processor.py:925} INFO - DAG(s) 'example_kubernetes_executor' retrieved from /home/airflow/.local/lib/python3.12/site-packages/airflow/example_dags/example_kubernetes_executor.py
[2024-10-22T06:44:33.052+0000] {logging_mixin.py:190} INFO - [2024-10-22T06:44:33.052+0000] {dag.py:3239} INFO - Sync 1 DAGs
[2024-10-22T06:44:33.070+0000] {logging_mixin.py:190} INFO - [2024-10-22T06:44:33.070+0000] {dag.py:4180} INFO - Setting next_dagrun for example_kubernetes_executor to None, run_after=None
[2024-10-22T06:44:33.088+0000] {processor.py:208} INFO - Processing /home/airflow/.local/lib/python3.12/site-packages/airflow/example_dags/example_kubernetes_executor.py took 0.113 seconds
[2024-10-22T06:45:03.520+0000] {processor.py:186} INFO - Started process (PID=78654) to work on /home/airflow/.local/lib/python3.12/site-packages/airflow/example_dags/example_kubernetes_executor.py
[2024-10-22T06:45:03.521+0000] {processor.py:914} INFO - Processing file /home/airflow/.local/lib/python3.12/site-packages/airflow/example_dags/example_kubernetes_executor.py for tasks to queue
[2024-10-22T06:45:03.523+0000] {logging_mixin.py:190} INFO - [2024-10-22T06:45:03.522+0000] {dagbag.py:588} INFO - Filling up the DagBag from /home/airflow/.local/lib/python3.12/site-packages/airflow/example_dags/example_kubernetes_executor.py
[2024-10-22T06:45:03.542+0000] {processor.py:925} INFO - DAG(s) 'example_kubernetes_executor' retrieved from /home/airflow/.local/lib/python3.12/site-packages/airflow/example_dags/example_kubernetes_executor.py
[2024-10-22T06:45:03.606+0000] {logging_mixin.py:190} INFO - [2024-10-22T06:45:03.606+0000] {dag.py:3239} INFO - Sync 1 DAGs
[2024-10-22T06:45:03.628+0000] {logging_mixin.py:190} INFO - [2024-10-22T06:45:03.628+0000] {dag.py:4180} INFO - Setting next_dagrun for example_kubernetes_executor to None, run_after=None
[2024-10-22T06:45:03.650+0000] {processor.py:208} INFO - Processing /home/airflow/.local/lib/python3.12/site-packages/airflow/example_dags/example_kubernetes_executor.py took 0.141 seconds
[2024-10-22T06:45:34.618+0000] {processor.py:186} INFO - Started process (PID=78720) to work on /home/airflow/.local/lib/python3.12/site-packages/airflow/example_dags/example_kubernetes_executor.py
[2024-10-22T06:45:34.620+0000] {processor.py:914} INFO - Processing file /home/airflow/.local/lib/python3.12/site-packages/airflow/example_dags/example_kubernetes_executor.py for tasks to queue
[2024-10-22T06:45:34.621+0000] {logging_mixin.py:190} INFO - [2024-10-22T06:45:34.621+0000] {dagbag.py:588} INFO - Filling up the DagBag from /home/airflow/.local/lib/python3.12/site-packages/airflow/example_dags/example_kubernetes_executor.py
[2024-10-22T06:45:34.635+0000] {processor.py:925} INFO - DAG(s) 'example_kubernetes_executor' retrieved from /home/airflow/.local/lib/python3.12/site-packages/airflow/example_dags/example_kubernetes_executor.py
[2024-10-22T06:45:34.691+0000] {logging_mixin.py:190} INFO - [2024-10-22T06:45:34.691+0000] {dag.py:3239} INFO - Sync 1 DAGs
[2024-10-22T06:45:34.708+0000] {logging_mixin.py:190} INFO - [2024-10-22T06:45:34.708+0000] {dag.py:4180} INFO - Setting next_dagrun for example_kubernetes_executor to None, run_after=None
[2024-10-22T06:45:34.730+0000] {processor.py:208} INFO - Processing /home/airflow/.local/lib/python3.12/site-packages/airflow/example_dags/example_kubernetes_executor.py took 0.119 seconds
[2024-10-22T06:46:05.857+0000] {processor.py:186} INFO - Started process (PID=78787) to work on /home/airflow/.local/lib/python3.12/site-packages/airflow/example_dags/example_kubernetes_executor.py
[2024-10-22T06:46:05.859+0000] {processor.py:914} INFO - Processing file /home/airflow/.local/lib/python3.12/site-packages/airflow/example_dags/example_kubernetes_executor.py for tasks to queue
[2024-10-22T06:46:05.860+0000] {logging_mixin.py:190} INFO - [2024-10-22T06:46:05.860+0000] {dagbag.py:588} INFO - Filling up the DagBag from /home/airflow/.local/lib/python3.12/site-packages/airflow/example_dags/example_kubernetes_executor.py
[2024-10-22T06:46:05.876+0000] {processor.py:925} INFO - DAG(s) 'example_kubernetes_executor' retrieved from /home/airflow/.local/lib/python3.12/site-packages/airflow/example_dags/example_kubernetes_executor.py
[2024-10-22T06:46:05.933+0000] {logging_mixin.py:190} INFO - [2024-10-22T06:46:05.933+0000] {dag.py:3239} INFO - Sync 1 DAGs
[2024-10-22T06:46:05.952+0000] {logging_mixin.py:190} INFO - [2024-10-22T06:46:05.952+0000] {dag.py:4180} INFO - Setting next_dagrun for example_kubernetes_executor to None, run_after=None
[2024-10-22T06:46:05.972+0000] {processor.py:208} INFO - Processing /home/airflow/.local/lib/python3.12/site-packages/airflow/example_dags/example_kubernetes_executor.py took 0.122 seconds
[2024-10-22T06:46:36.932+0000] {processor.py:186} INFO - Started process (PID=78854) to work on /home/airflow/.local/lib/python3.12/site-packages/airflow/example_dags/example_kubernetes_executor.py
[2024-10-22T06:46:36.933+0000] {processor.py:914} INFO - Processing file /home/airflow/.local/lib/python3.12/site-packages/airflow/example_dags/example_kubernetes_executor.py for tasks to queue
[2024-10-22T06:46:36.935+0000] {logging_mixin.py:190} INFO - [2024-10-22T06:46:36.934+0000] {dagbag.py:588} INFO - Filling up the DagBag from /home/airflow/.local/lib/python3.12/site-packages/airflow/example_dags/example_kubernetes_executor.py
[2024-10-22T06:46:36.951+0000] {processor.py:925} INFO - DAG(s) 'example_kubernetes_executor' retrieved from /home/airflow/.local/lib/python3.12/site-packages/airflow/example_dags/example_kubernetes_executor.py
[2024-10-22T06:46:37.011+0000] {logging_mixin.py:190} INFO - [2024-10-22T06:46:37.010+0000] {dag.py:3239} INFO - Sync 1 DAGs
[2024-10-22T06:46:37.030+0000] {logging_mixin.py:190} INFO - [2024-10-22T06:46:37.030+0000] {dag.py:4180} INFO - Setting next_dagrun for example_kubernetes_executor to None, run_after=None
[2024-10-22T06:46:37.049+0000] {processor.py:208} INFO - Processing /home/airflow/.local/lib/python3.12/site-packages/airflow/example_dags/example_kubernetes_executor.py took 0.125 seconds
[2024-10-22T06:47:08.011+0000] {processor.py:186} INFO - Started process (PID=78921) to work on /home/airflow/.local/lib/python3.12/site-packages/airflow/example_dags/example_kubernetes_executor.py
[2024-10-22T06:47:08.012+0000] {processor.py:914} INFO - Processing file /home/airflow/.local/lib/python3.12/site-packages/airflow/example_dags/example_kubernetes_executor.py for tasks to queue
[2024-10-22T06:47:08.013+0000] {logging_mixin.py:190} INFO - [2024-10-22T06:47:08.013+0000] {dagbag.py:588} INFO - Filling up the DagBag from /home/airflow/.local/lib/python3.12/site-packages/airflow/example_dags/example_kubernetes_executor.py
[2024-10-22T06:47:08.029+0000] {processor.py:925} INFO - DAG(s) 'example_kubernetes_executor' retrieved from /home/airflow/.local/lib/python3.12/site-packages/airflow/example_dags/example_kubernetes_executor.py
[2024-10-22T06:47:08.096+0000] {logging_mixin.py:190} INFO - [2024-10-22T06:47:08.095+0000] {dag.py:3239} INFO - Sync 1 DAGs
[2024-10-22T06:47:08.113+0000] {logging_mixin.py:190} INFO - [2024-10-22T06:47:08.113+0000] {dag.py:4180} INFO - Setting next_dagrun for example_kubernetes_executor to None, run_after=None
[2024-10-22T06:47:08.132+0000] {processor.py:208} INFO - Processing /home/airflow/.local/lib/python3.12/site-packages/airflow/example_dags/example_kubernetes_executor.py took 0.130 seconds
[2024-10-22T06:47:38.575+0000] {processor.py:186} INFO - Started process (PID=78987) to work on /home/airflow/.local/lib/python3.12/site-packages/airflow/example_dags/example_kubernetes_executor.py
[2024-10-22T06:47:38.576+0000] {processor.py:914} INFO - Processing file /home/airflow/.local/lib/python3.12/site-packages/airflow/example_dags/example_kubernetes_executor.py for tasks to queue
[2024-10-22T06:47:38.577+0000] {logging_mixin.py:190} INFO - [2024-10-22T06:47:38.577+0000] {dagbag.py:588} INFO - Filling up the DagBag from /home/airflow/.local/lib/python3.12/site-packages/airflow/example_dags/example_kubernetes_executor.py
[2024-10-22T06:47:38.592+0000] {processor.py:925} INFO - DAG(s) 'example_kubernetes_executor' retrieved from /home/airflow/.local/lib/python3.12/site-packages/airflow/example_dags/example_kubernetes_executor.py
[2024-10-22T06:47:38.647+0000] {logging_mixin.py:190} INFO - [2024-10-22T06:47:38.647+0000] {dag.py:3239} INFO - Sync 1 DAGs
[2024-10-22T06:47:38.684+0000] {logging_mixin.py:190} INFO - [2024-10-22T06:47:38.684+0000] {dag.py:4180} INFO - Setting next_dagrun for example_kubernetes_executor to None, run_after=None
[2024-10-22T06:47:38.723+0000] {processor.py:208} INFO - Processing /home/airflow/.local/lib/python3.12/site-packages/airflow/example_dags/example_kubernetes_executor.py took 0.156 seconds
[2024-10-22T06:48:09.311+0000] {processor.py:186} INFO - Started process (PID=79054) to work on /home/airflow/.local/lib/python3.12/site-packages/airflow/example_dags/example_kubernetes_executor.py
[2024-10-22T06:48:09.312+0000] {processor.py:914} INFO - Processing file /home/airflow/.local/lib/python3.12/site-packages/airflow/example_dags/example_kubernetes_executor.py for tasks to queue
[2024-10-22T06:48:09.314+0000] {logging_mixin.py:190} INFO - [2024-10-22T06:48:09.313+0000] {dagbag.py:588} INFO - Filling up the DagBag from /home/airflow/.local/lib/python3.12/site-packages/airflow/example_dags/example_kubernetes_executor.py
[2024-10-22T06:48:09.332+0000] {processor.py:925} INFO - DAG(s) 'example_kubernetes_executor' retrieved from /home/airflow/.local/lib/python3.12/site-packages/airflow/example_dags/example_kubernetes_executor.py
[2024-10-22T06:48:09.391+0000] {logging_mixin.py:190} INFO - [2024-10-22T06:48:09.391+0000] {dag.py:3239} INFO - Sync 1 DAGs
[2024-10-22T06:48:09.410+0000] {logging_mixin.py:190} INFO - [2024-10-22T06:48:09.410+0000] {dag.py:4180} INFO - Setting next_dagrun for example_kubernetes_executor to None, run_after=None
[2024-10-22T06:48:09.431+0000] {processor.py:208} INFO - Processing /home/airflow/.local/lib/python3.12/site-packages/airflow/example_dags/example_kubernetes_executor.py took 0.140 seconds
[2024-10-22T06:48:40.684+0000] {processor.py:186} INFO - Started process (PID=79127) to work on /home/airflow/.local/lib/python3.12/site-packages/airflow/example_dags/example_kubernetes_executor.py
[2024-10-22T06:48:40.686+0000] {processor.py:914} INFO - Processing file /home/airflow/.local/lib/python3.12/site-packages/airflow/example_dags/example_kubernetes_executor.py for tasks to queue
[2024-10-22T06:48:40.687+0000] {logging_mixin.py:190} INFO - [2024-10-22T06:48:40.687+0000] {dagbag.py:588} INFO - Filling up the DagBag from /home/airflow/.local/lib/python3.12/site-packages/airflow/example_dags/example_kubernetes_executor.py
[2024-10-22T06:48:40.714+0000] {processor.py:925} INFO - DAG(s) 'example_kubernetes_executor' retrieved from /home/airflow/.local/lib/python3.12/site-packages/airflow/example_dags/example_kubernetes_executor.py
[2024-10-22T06:48:40.782+0000] {logging_mixin.py:190} INFO - [2024-10-22T06:48:40.782+0000] {dag.py:3239} INFO - Sync 1 DAGs
[2024-10-22T06:48:40.801+0000] {logging_mixin.py:190} INFO - [2024-10-22T06:48:40.801+0000] {dag.py:4180} INFO - Setting next_dagrun for example_kubernetes_executor to None, run_after=None
[2024-10-22T06:48:40.826+0000] {processor.py:208} INFO - Processing /home/airflow/.local/lib/python3.12/site-packages/airflow/example_dags/example_kubernetes_executor.py took 0.151 seconds
[2024-10-22T06:49:11.170+0000] {processor.py:186} INFO - Started process (PID=79193) to work on /home/airflow/.local/lib/python3.12/site-packages/airflow/example_dags/example_kubernetes_executor.py
[2024-10-22T06:49:11.171+0000] {processor.py:914} INFO - Processing file /home/airflow/.local/lib/python3.12/site-packages/airflow/example_dags/example_kubernetes_executor.py for tasks to queue
[2024-10-22T06:49:11.172+0000] {logging_mixin.py:190} INFO - [2024-10-22T06:49:11.172+0000] {dagbag.py:588} INFO - Filling up the DagBag from /home/airflow/.local/lib/python3.12/site-packages/airflow/example_dags/example_kubernetes_executor.py
[2024-10-22T06:49:11.188+0000] {processor.py:925} INFO - DAG(s) 'example_kubernetes_executor' retrieved from /home/airflow/.local/lib/python3.12/site-packages/airflow/example_dags/example_kubernetes_executor.py
[2024-10-22T06:49:11.242+0000] {logging_mixin.py:190} INFO - [2024-10-22T06:49:11.242+0000] {dag.py:3239} INFO - Sync 1 DAGs
[2024-10-22T06:49:11.258+0000] {logging_mixin.py:190} INFO - [2024-10-22T06:49:11.258+0000] {dag.py:4180} INFO - Setting next_dagrun for example_kubernetes_executor to None, run_after=None
[2024-10-22T06:49:11.277+0000] {processor.py:208} INFO - Processing /home/airflow/.local/lib/python3.12/site-packages/airflow/example_dags/example_kubernetes_executor.py took 0.115 seconds
[2024-10-22T06:49:42.071+0000] {processor.py:186} INFO - Started process (PID=79260) to work on /home/airflow/.local/lib/python3.12/site-packages/airflow/example_dags/example_kubernetes_executor.py
[2024-10-22T06:49:42.072+0000] {processor.py:914} INFO - Processing file /home/airflow/.local/lib/python3.12/site-packages/airflow/example_dags/example_kubernetes_executor.py for tasks to queue
[2024-10-22T06:49:42.073+0000] {logging_mixin.py:190} INFO - [2024-10-22T06:49:42.073+0000] {dagbag.py:588} INFO - Filling up the DagBag from /home/airflow/.local/lib/python3.12/site-packages/airflow/example_dags/example_kubernetes_executor.py
[2024-10-22T06:49:42.088+0000] {processor.py:925} INFO - DAG(s) 'example_kubernetes_executor' retrieved from /home/airflow/.local/lib/python3.12/site-packages/airflow/example_dags/example_kubernetes_executor.py
[2024-10-22T06:49:42.141+0000] {logging_mixin.py:190} INFO - [2024-10-22T06:49:42.141+0000] {dag.py:3239} INFO - Sync 1 DAGs
[2024-10-22T06:49:42.157+0000] {logging_mixin.py:190} INFO - [2024-10-22T06:49:42.157+0000] {dag.py:4180} INFO - Setting next_dagrun for example_kubernetes_executor to None, run_after=None
[2024-10-22T06:49:42.175+0000] {processor.py:208} INFO - Processing /home/airflow/.local/lib/python3.12/site-packages/airflow/example_dags/example_kubernetes_executor.py took 0.111 seconds
[2024-10-22T06:50:12.901+0000] {processor.py:186} INFO - Started process (PID=79326) to work on /home/airflow/.local/lib/python3.12/site-packages/airflow/example_dags/example_kubernetes_executor.py
[2024-10-22T06:50:12.902+0000] {processor.py:914} INFO - Processing file /home/airflow/.local/lib/python3.12/site-packages/airflow/example_dags/example_kubernetes_executor.py for tasks to queue
[2024-10-22T06:50:12.905+0000] {logging_mixin.py:190} INFO - [2024-10-22T06:50:12.903+0000] {dagbag.py:588} INFO - Filling up the DagBag from /home/airflow/.local/lib/python3.12/site-packages/airflow/example_dags/example_kubernetes_executor.py
[2024-10-22T06:50:12.924+0000] {processor.py:925} INFO - DAG(s) 'example_kubernetes_executor' retrieved from /home/airflow/.local/lib/python3.12/site-packages/airflow/example_dags/example_kubernetes_executor.py
[2024-10-22T06:50:12.977+0000] {logging_mixin.py:190} INFO - [2024-10-22T06:50:12.977+0000] {dag.py:3239} INFO - Sync 1 DAGs
[2024-10-22T06:50:12.993+0000] {logging_mixin.py:190} INFO - [2024-10-22T06:50:12.993+0000] {dag.py:4180} INFO - Setting next_dagrun for example_kubernetes_executor to None, run_after=None
[2024-10-22T06:50:13.011+0000] {processor.py:208} INFO - Processing /home/airflow/.local/lib/python3.12/site-packages/airflow/example_dags/example_kubernetes_executor.py took 0.121 seconds
[2024-10-22T06:50:44.219+0000] {processor.py:186} INFO - Started process (PID=79392) to work on /home/airflow/.local/lib/python3.12/site-packages/airflow/example_dags/example_kubernetes_executor.py
[2024-10-22T06:50:44.220+0000] {processor.py:914} INFO - Processing file /home/airflow/.local/lib/python3.12/site-packages/airflow/example_dags/example_kubernetes_executor.py for tasks to queue
[2024-10-22T06:50:44.222+0000] {logging_mixin.py:190} INFO - [2024-10-22T06:50:44.221+0000] {dagbag.py:588} INFO - Filling up the DagBag from /home/airflow/.local/lib/python3.12/site-packages/airflow/example_dags/example_kubernetes_executor.py
[2024-10-22T06:50:44.241+0000] {processor.py:925} INFO - DAG(s) 'example_kubernetes_executor' retrieved from /home/airflow/.local/lib/python3.12/site-packages/airflow/example_dags/example_kubernetes_executor.py
[2024-10-22T06:50:44.298+0000] {logging_mixin.py:190} INFO - [2024-10-22T06:50:44.298+0000] {dag.py:3239} INFO - Sync 1 DAGs
[2024-10-22T06:50:44.317+0000] {logging_mixin.py:190} INFO - [2024-10-22T06:50:44.316+0000] {dag.py:4180} INFO - Setting next_dagrun for example_kubernetes_executor to None, run_after=None
[2024-10-22T06:50:44.335+0000] {processor.py:208} INFO - Processing /home/airflow/.local/lib/python3.12/site-packages/airflow/example_dags/example_kubernetes_executor.py took 0.131 seconds
[2024-10-22T06:51:15.209+0000] {processor.py:186} INFO - Started process (PID=79459) to work on /home/airflow/.local/lib/python3.12/site-packages/airflow/example_dags/example_kubernetes_executor.py
[2024-10-22T06:51:15.210+0000] {processor.py:914} INFO - Processing file /home/airflow/.local/lib/python3.12/site-packages/airflow/example_dags/example_kubernetes_executor.py for tasks to queue
[2024-10-22T06:51:15.212+0000] {logging_mixin.py:190} INFO - [2024-10-22T06:51:15.211+0000] {dagbag.py:588} INFO - Filling up the DagBag from /home/airflow/.local/lib/python3.12/site-packages/airflow/example_dags/example_kubernetes_executor.py
[2024-10-22T06:51:15.226+0000] {processor.py:925} INFO - DAG(s) 'example_kubernetes_executor' retrieved from /home/airflow/.local/lib/python3.12/site-packages/airflow/example_dags/example_kubernetes_executor.py
[2024-10-22T06:51:15.280+0000] {logging_mixin.py:190} INFO - [2024-10-22T06:51:15.280+0000] {dag.py:3239} INFO - Sync 1 DAGs
[2024-10-22T06:51:15.298+0000] {logging_mixin.py:190} INFO - [2024-10-22T06:51:15.297+0000] {dag.py:4180} INFO - Setting next_dagrun for example_kubernetes_executor to None, run_after=None
[2024-10-22T06:51:15.315+0000] {processor.py:208} INFO - Processing /home/airflow/.local/lib/python3.12/site-packages/airflow/example_dags/example_kubernetes_executor.py took 0.113 seconds
[2024-10-22T06:51:46.232+0000] {processor.py:186} INFO - Started process (PID=79525) to work on /home/airflow/.local/lib/python3.12/site-packages/airflow/example_dags/example_kubernetes_executor.py
[2024-10-22T06:51:46.233+0000] {processor.py:914} INFO - Processing file /home/airflow/.local/lib/python3.12/site-packages/airflow/example_dags/example_kubernetes_executor.py for tasks to queue
[2024-10-22T06:51:46.235+0000] {logging_mixin.py:190} INFO - [2024-10-22T06:51:46.234+0000] {dagbag.py:588} INFO - Filling up the DagBag from /home/airflow/.local/lib/python3.12/site-packages/airflow/example_dags/example_kubernetes_executor.py
[2024-10-22T06:51:46.249+0000] {processor.py:925} INFO - DAG(s) 'example_kubernetes_executor' retrieved from /home/airflow/.local/lib/python3.12/site-packages/airflow/example_dags/example_kubernetes_executor.py
[2024-10-22T06:51:46.304+0000] {logging_mixin.py:190} INFO - [2024-10-22T06:51:46.304+0000] {dag.py:3239} INFO - Sync 1 DAGs
[2024-10-22T06:51:46.322+0000] {logging_mixin.py:190} INFO - [2024-10-22T06:51:46.321+0000] {dag.py:4180} INFO - Setting next_dagrun for example_kubernetes_executor to None, run_after=None
[2024-10-22T06:51:46.340+0000] {processor.py:208} INFO - Processing /home/airflow/.local/lib/python3.12/site-packages/airflow/example_dags/example_kubernetes_executor.py took 0.116 seconds
[2024-10-22T06:52:17.210+0000] {processor.py:186} INFO - Started process (PID=79592) to work on /home/airflow/.local/lib/python3.12/site-packages/airflow/example_dags/example_kubernetes_executor.py
[2024-10-22T06:52:17.211+0000] {processor.py:914} INFO - Processing file /home/airflow/.local/lib/python3.12/site-packages/airflow/example_dags/example_kubernetes_executor.py for tasks to queue
[2024-10-22T06:52:17.213+0000] {logging_mixin.py:190} INFO - [2024-10-22T06:52:17.212+0000] {dagbag.py:588} INFO - Filling up the DagBag from /home/airflow/.local/lib/python3.12/site-packages/airflow/example_dags/example_kubernetes_executor.py
[2024-10-22T06:52:17.228+0000] {processor.py:925} INFO - DAG(s) 'example_kubernetes_executor' retrieved from /home/airflow/.local/lib/python3.12/site-packages/airflow/example_dags/example_kubernetes_executor.py
[2024-10-22T06:52:17.284+0000] {logging_mixin.py:190} INFO - [2024-10-22T06:52:17.284+0000] {dag.py:3239} INFO - Sync 1 DAGs
[2024-10-22T06:52:17.301+0000] {logging_mixin.py:190} INFO - [2024-10-22T06:52:17.300+0000] {dag.py:4180} INFO - Setting next_dagrun for example_kubernetes_executor to None, run_after=None
[2024-10-22T06:52:17.320+0000] {processor.py:208} INFO - Processing /home/airflow/.local/lib/python3.12/site-packages/airflow/example_dags/example_kubernetes_executor.py took 0.117 seconds
[2024-10-22T06:52:47.716+0000] {processor.py:186} INFO - Started process (PID=79659) to work on /home/airflow/.local/lib/python3.12/site-packages/airflow/example_dags/example_kubernetes_executor.py
[2024-10-22T06:52:47.717+0000] {processor.py:914} INFO - Processing file /home/airflow/.local/lib/python3.12/site-packages/airflow/example_dags/example_kubernetes_executor.py for tasks to queue
[2024-10-22T06:52:47.718+0000] {logging_mixin.py:190} INFO - [2024-10-22T06:52:47.718+0000] {dagbag.py:588} INFO - Filling up the DagBag from /home/airflow/.local/lib/python3.12/site-packages/airflow/example_dags/example_kubernetes_executor.py
[2024-10-22T06:52:47.732+0000] {processor.py:925} INFO - DAG(s) 'example_kubernetes_executor' retrieved from /home/airflow/.local/lib/python3.12/site-packages/airflow/example_dags/example_kubernetes_executor.py
[2024-10-22T06:52:47.801+0000] {logging_mixin.py:190} INFO - [2024-10-22T06:52:47.801+0000] {dag.py:3239} INFO - Sync 1 DAGs
[2024-10-22T06:52:47.817+0000] {logging_mixin.py:190} INFO - [2024-10-22T06:52:47.817+0000] {dag.py:4180} INFO - Setting next_dagrun for example_kubernetes_executor to None, run_after=None
[2024-10-22T06:52:47.836+0000] {processor.py:208} INFO - Processing /home/airflow/.local/lib/python3.12/site-packages/airflow/example_dags/example_kubernetes_executor.py took 0.128 seconds
[2024-10-22T06:53:19.259+0000] {processor.py:186} INFO - Started process (PID=79726) to work on /home/airflow/.local/lib/python3.12/site-packages/airflow/example_dags/example_kubernetes_executor.py
[2024-10-22T06:53:19.260+0000] {processor.py:914} INFO - Processing file /home/airflow/.local/lib/python3.12/site-packages/airflow/example_dags/example_kubernetes_executor.py for tasks to queue
[2024-10-22T06:53:19.262+0000] {logging_mixin.py:190} INFO - [2024-10-22T06:53:19.261+0000] {dagbag.py:588} INFO - Filling up the DagBag from /home/airflow/.local/lib/python3.12/site-packages/airflow/example_dags/example_kubernetes_executor.py
[2024-10-22T06:53:19.277+0000] {processor.py:925} INFO - DAG(s) 'example_kubernetes_executor' retrieved from /home/airflow/.local/lib/python3.12/site-packages/airflow/example_dags/example_kubernetes_executor.py
[2024-10-22T06:53:19.330+0000] {logging_mixin.py:190} INFO - [2024-10-22T06:53:19.329+0000] {dag.py:3239} INFO - Sync 1 DAGs
[2024-10-22T06:53:19.345+0000] {logging_mixin.py:190} INFO - [2024-10-22T06:53:19.345+0000] {dag.py:4180} INFO - Setting next_dagrun for example_kubernetes_executor to None, run_after=None
[2024-10-22T06:53:19.363+0000] {processor.py:208} INFO - Processing /home/airflow/.local/lib/python3.12/site-packages/airflow/example_dags/example_kubernetes_executor.py took 0.111 seconds
[2024-10-22T06:53:50.261+0000] {processor.py:186} INFO - Started process (PID=79793) to work on /home/airflow/.local/lib/python3.12/site-packages/airflow/example_dags/example_kubernetes_executor.py
[2024-10-22T06:53:50.263+0000] {processor.py:914} INFO - Processing file /home/airflow/.local/lib/python3.12/site-packages/airflow/example_dags/example_kubernetes_executor.py for tasks to queue
[2024-10-22T06:53:50.266+0000] {logging_mixin.py:190} INFO - [2024-10-22T06:53:50.264+0000] {dagbag.py:588} INFO - Filling up the DagBag from /home/airflow/.local/lib/python3.12/site-packages/airflow/example_dags/example_kubernetes_executor.py
[2024-10-22T06:53:50.287+0000] {processor.py:925} INFO - DAG(s) 'example_kubernetes_executor' retrieved from /home/airflow/.local/lib/python3.12/site-packages/airflow/example_dags/example_kubernetes_executor.py
[2024-10-22T06:53:50.357+0000] {logging_mixin.py:190} INFO - [2024-10-22T06:53:50.356+0000] {dag.py:3239} INFO - Sync 1 DAGs
[2024-10-22T06:53:50.376+0000] {logging_mixin.py:190} INFO - [2024-10-22T06:53:50.375+0000] {dag.py:4180} INFO - Setting next_dagrun for example_kubernetes_executor to None, run_after=None
[2024-10-22T06:53:50.403+0000] {processor.py:208} INFO - Processing /home/airflow/.local/lib/python3.12/site-packages/airflow/example_dags/example_kubernetes_executor.py took 0.150 seconds
[2024-10-22T06:54:21.542+0000] {processor.py:186} INFO - Started process (PID=79860) to work on /home/airflow/.local/lib/python3.12/site-packages/airflow/example_dags/example_kubernetes_executor.py
[2024-10-22T06:54:21.543+0000] {processor.py:914} INFO - Processing file /home/airflow/.local/lib/python3.12/site-packages/airflow/example_dags/example_kubernetes_executor.py for tasks to queue
[2024-10-22T06:54:21.545+0000] {logging_mixin.py:190} INFO - [2024-10-22T06:54:21.545+0000] {dagbag.py:588} INFO - Filling up the DagBag from /home/airflow/.local/lib/python3.12/site-packages/airflow/example_dags/example_kubernetes_executor.py
[2024-10-22T06:54:21.564+0000] {processor.py:925} INFO - DAG(s) 'example_kubernetes_executor' retrieved from /home/airflow/.local/lib/python3.12/site-packages/airflow/example_dags/example_kubernetes_executor.py
[2024-10-22T06:54:21.624+0000] {logging_mixin.py:190} INFO - [2024-10-22T06:54:21.624+0000] {dag.py:3239} INFO - Sync 1 DAGs
[2024-10-22T06:54:21.639+0000] {logging_mixin.py:190} INFO - [2024-10-22T06:54:21.639+0000] {dag.py:4180} INFO - Setting next_dagrun for example_kubernetes_executor to None, run_after=None
[2024-10-22T06:54:21.657+0000] {processor.py:208} INFO - Processing /home/airflow/.local/lib/python3.12/site-packages/airflow/example_dags/example_kubernetes_executor.py took 0.123 seconds
[2024-10-22T06:54:52.143+0000] {processor.py:186} INFO - Started process (PID=79927) to work on /home/airflow/.local/lib/python3.12/site-packages/airflow/example_dags/example_kubernetes_executor.py
[2024-10-22T06:54:52.145+0000] {processor.py:914} INFO - Processing file /home/airflow/.local/lib/python3.12/site-packages/airflow/example_dags/example_kubernetes_executor.py for tasks to queue
[2024-10-22T06:54:52.146+0000] {logging_mixin.py:190} INFO - [2024-10-22T06:54:52.146+0000] {dagbag.py:588} INFO - Filling up the DagBag from /home/airflow/.local/lib/python3.12/site-packages/airflow/example_dags/example_kubernetes_executor.py
[2024-10-22T06:54:52.171+0000] {processor.py:925} INFO - DAG(s) 'example_kubernetes_executor' retrieved from /home/airflow/.local/lib/python3.12/site-packages/airflow/example_dags/example_kubernetes_executor.py
[2024-10-22T06:54:52.229+0000] {logging_mixin.py:190} INFO - [2024-10-22T06:54:52.229+0000] {dag.py:3239} INFO - Sync 1 DAGs
[2024-10-22T06:54:52.244+0000] {logging_mixin.py:190} INFO - [2024-10-22T06:54:52.244+0000] {dag.py:4180} INFO - Setting next_dagrun for example_kubernetes_executor to None, run_after=None
[2024-10-22T06:54:52.263+0000] {processor.py:208} INFO - Processing /home/airflow/.local/lib/python3.12/site-packages/airflow/example_dags/example_kubernetes_executor.py took 0.130 seconds
[2024-10-22T06:55:22.734+0000] {processor.py:186} INFO - Started process (PID=79994) to work on /home/airflow/.local/lib/python3.12/site-packages/airflow/example_dags/example_kubernetes_executor.py
[2024-10-22T06:55:22.735+0000] {processor.py:914} INFO - Processing file /home/airflow/.local/lib/python3.12/site-packages/airflow/example_dags/example_kubernetes_executor.py for tasks to queue
[2024-10-22T06:55:22.736+0000] {logging_mixin.py:190} INFO - [2024-10-22T06:55:22.736+0000] {dagbag.py:588} INFO - Filling up the DagBag from /home/airflow/.local/lib/python3.12/site-packages/airflow/example_dags/example_kubernetes_executor.py
[2024-10-22T06:55:22.750+0000] {processor.py:925} INFO - DAG(s) 'example_kubernetes_executor' retrieved from /home/airflow/.local/lib/python3.12/site-packages/airflow/example_dags/example_kubernetes_executor.py
[2024-10-22T06:55:22.805+0000] {logging_mixin.py:190} INFO - [2024-10-22T06:55:22.805+0000] {dag.py:3239} INFO - Sync 1 DAGs
[2024-10-22T06:55:22.823+0000] {logging_mixin.py:190} INFO - [2024-10-22T06:55:22.822+0000] {dag.py:4180} INFO - Setting next_dagrun for example_kubernetes_executor to None, run_after=None
[2024-10-22T06:55:22.842+0000] {processor.py:208} INFO - Processing /home/airflow/.local/lib/python3.12/site-packages/airflow/example_dags/example_kubernetes_executor.py took 0.116 seconds
[2024-10-22T06:55:53.423+0000] {processor.py:186} INFO - Started process (PID=80061) to work on /home/airflow/.local/lib/python3.12/site-packages/airflow/example_dags/example_kubernetes_executor.py
[2024-10-22T06:55:53.424+0000] {processor.py:914} INFO - Processing file /home/airflow/.local/lib/python3.12/site-packages/airflow/example_dags/example_kubernetes_executor.py for tasks to queue
[2024-10-22T06:55:53.426+0000] {logging_mixin.py:190} INFO - [2024-10-22T06:55:53.425+0000] {dagbag.py:588} INFO - Filling up the DagBag from /home/airflow/.local/lib/python3.12/site-packages/airflow/example_dags/example_kubernetes_executor.py
[2024-10-22T06:55:53.440+0000] {processor.py:925} INFO - DAG(s) 'example_kubernetes_executor' retrieved from /home/airflow/.local/lib/python3.12/site-packages/airflow/example_dags/example_kubernetes_executor.py
[2024-10-22T06:55:53.494+0000] {logging_mixin.py:190} INFO - [2024-10-22T06:55:53.494+0000] {dag.py:3239} INFO - Sync 1 DAGs
[2024-10-22T06:55:53.510+0000] {logging_mixin.py:190} INFO - [2024-10-22T06:55:53.509+0000] {dag.py:4180} INFO - Setting next_dagrun for example_kubernetes_executor to None, run_after=None
[2024-10-22T06:55:53.526+0000] {processor.py:208} INFO - Processing /home/airflow/.local/lib/python3.12/site-packages/airflow/example_dags/example_kubernetes_executor.py took 0.111 seconds
[2024-10-22T06:56:24.188+0000] {processor.py:186} INFO - Started process (PID=80128) to work on /home/airflow/.local/lib/python3.12/site-packages/airflow/example_dags/example_kubernetes_executor.py
[2024-10-22T06:56:24.189+0000] {processor.py:914} INFO - Processing file /home/airflow/.local/lib/python3.12/site-packages/airflow/example_dags/example_kubernetes_executor.py for tasks to queue
[2024-10-22T06:56:24.190+0000] {logging_mixin.py:190} INFO - [2024-10-22T06:56:24.190+0000] {dagbag.py:588} INFO - Filling up the DagBag from /home/airflow/.local/lib/python3.12/site-packages/airflow/example_dags/example_kubernetes_executor.py
[2024-10-22T06:56:24.205+0000] {processor.py:925} INFO - DAG(s) 'example_kubernetes_executor' retrieved from /home/airflow/.local/lib/python3.12/site-packages/airflow/example_dags/example_kubernetes_executor.py
[2024-10-22T06:56:24.259+0000] {logging_mixin.py:190} INFO - [2024-10-22T06:56:24.259+0000] {dag.py:3239} INFO - Sync 1 DAGs
[2024-10-22T06:56:24.276+0000] {logging_mixin.py:190} INFO - [2024-10-22T06:56:24.275+0000] {dag.py:4180} INFO - Setting next_dagrun for example_kubernetes_executor to None, run_after=None
[2024-10-22T06:56:24.291+0000] {processor.py:208} INFO - Processing /home/airflow/.local/lib/python3.12/site-packages/airflow/example_dags/example_kubernetes_executor.py took 0.111 seconds
[2024-10-22T06:56:55.586+0000] {processor.py:186} INFO - Started process (PID=80195) to work on /home/airflow/.local/lib/python3.12/site-packages/airflow/example_dags/example_kubernetes_executor.py
[2024-10-22T06:56:55.587+0000] {processor.py:914} INFO - Processing file /home/airflow/.local/lib/python3.12/site-packages/airflow/example_dags/example_kubernetes_executor.py for tasks to queue
[2024-10-22T06:56:55.588+0000] {logging_mixin.py:190} INFO - [2024-10-22T06:56:55.588+0000] {dagbag.py:588} INFO - Filling up the DagBag from /home/airflow/.local/lib/python3.12/site-packages/airflow/example_dags/example_kubernetes_executor.py
[2024-10-22T06:56:55.603+0000] {processor.py:925} INFO - DAG(s) 'example_kubernetes_executor' retrieved from /home/airflow/.local/lib/python3.12/site-packages/airflow/example_dags/example_kubernetes_executor.py
[2024-10-22T06:56:55.659+0000] {logging_mixin.py:190} INFO - [2024-10-22T06:56:55.658+0000] {dag.py:3239} INFO - Sync 1 DAGs
[2024-10-22T06:56:55.677+0000] {logging_mixin.py:190} INFO - [2024-10-22T06:56:55.676+0000] {dag.py:4180} INFO - Setting next_dagrun for example_kubernetes_executor to None, run_after=None
[2024-10-22T06:56:55.692+0000] {processor.py:208} INFO - Processing /home/airflow/.local/lib/python3.12/site-packages/airflow/example_dags/example_kubernetes_executor.py took 0.114 seconds
[2024-10-22T06:57:26.314+0000] {processor.py:186} INFO - Started process (PID=80262) to work on /home/airflow/.local/lib/python3.12/site-packages/airflow/example_dags/example_kubernetes_executor.py
[2024-10-22T06:57:26.316+0000] {processor.py:914} INFO - Processing file /home/airflow/.local/lib/python3.12/site-packages/airflow/example_dags/example_kubernetes_executor.py for tasks to queue
[2024-10-22T06:57:26.318+0000] {logging_mixin.py:190} INFO - [2024-10-22T06:57:26.317+0000] {dagbag.py:588} INFO - Filling up the DagBag from /home/airflow/.local/lib/python3.12/site-packages/airflow/example_dags/example_kubernetes_executor.py
[2024-10-22T06:57:26.332+0000] {processor.py:925} INFO - DAG(s) 'example_kubernetes_executor' retrieved from /home/airflow/.local/lib/python3.12/site-packages/airflow/example_dags/example_kubernetes_executor.py
[2024-10-22T06:57:26.391+0000] {logging_mixin.py:190} INFO - [2024-10-22T06:57:26.391+0000] {dag.py:3239} INFO - Sync 1 DAGs
[2024-10-22T06:57:26.407+0000] {logging_mixin.py:190} INFO - [2024-10-22T06:57:26.407+0000] {dag.py:4180} INFO - Setting next_dagrun for example_kubernetes_executor to None, run_after=None
[2024-10-22T06:57:26.425+0000] {processor.py:208} INFO - Processing /home/airflow/.local/lib/python3.12/site-packages/airflow/example_dags/example_kubernetes_executor.py took 0.118 seconds
[2024-10-22T06:57:57.073+0000] {processor.py:186} INFO - Started process (PID=80329) to work on /home/airflow/.local/lib/python3.12/site-packages/airflow/example_dags/example_kubernetes_executor.py
[2024-10-22T06:57:57.074+0000] {processor.py:914} INFO - Processing file /home/airflow/.local/lib/python3.12/site-packages/airflow/example_dags/example_kubernetes_executor.py for tasks to queue
[2024-10-22T06:57:57.075+0000] {logging_mixin.py:190} INFO - [2024-10-22T06:57:57.075+0000] {dagbag.py:588} INFO - Filling up the DagBag from /home/airflow/.local/lib/python3.12/site-packages/airflow/example_dags/example_kubernetes_executor.py
[2024-10-22T06:57:57.091+0000] {processor.py:925} INFO - DAG(s) 'example_kubernetes_executor' retrieved from /home/airflow/.local/lib/python3.12/site-packages/airflow/example_dags/example_kubernetes_executor.py
[2024-10-22T06:57:57.151+0000] {logging_mixin.py:190} INFO - [2024-10-22T06:57:57.151+0000] {dag.py:3239} INFO - Sync 1 DAGs
[2024-10-22T06:57:57.346+0000] {logging_mixin.py:190} INFO - [2024-10-22T06:57:57.345+0000] {dag.py:4180} INFO - Setting next_dagrun for example_kubernetes_executor to None, run_after=None
[2024-10-22T06:57:57.372+0000] {processor.py:208} INFO - Processing /home/airflow/.local/lib/python3.12/site-packages/airflow/example_dags/example_kubernetes_executor.py took 0.307 seconds
[2024-10-22T06:58:28.488+0000] {processor.py:186} INFO - Started process (PID=80398) to work on /home/airflow/.local/lib/python3.12/site-packages/airflow/example_dags/example_kubernetes_executor.py
[2024-10-22T06:58:28.489+0000] {processor.py:914} INFO - Processing file /home/airflow/.local/lib/python3.12/site-packages/airflow/example_dags/example_kubernetes_executor.py for tasks to queue
[2024-10-22T06:58:28.490+0000] {logging_mixin.py:190} INFO - [2024-10-22T06:58:28.490+0000] {dagbag.py:588} INFO - Filling up the DagBag from /home/airflow/.local/lib/python3.12/site-packages/airflow/example_dags/example_kubernetes_executor.py
[2024-10-22T06:58:28.511+0000] {processor.py:925} INFO - DAG(s) 'example_kubernetes_executor' retrieved from /home/airflow/.local/lib/python3.12/site-packages/airflow/example_dags/example_kubernetes_executor.py
[2024-10-22T06:58:28.567+0000] {logging_mixin.py:190} INFO - [2024-10-22T06:58:28.567+0000] {dag.py:3239} INFO - Sync 1 DAGs
[2024-10-22T06:58:28.587+0000] {logging_mixin.py:190} INFO - [2024-10-22T06:58:28.587+0000] {dag.py:4180} INFO - Setting next_dagrun for example_kubernetes_executor to None, run_after=None
[2024-10-22T06:58:28.611+0000] {processor.py:208} INFO - Processing /home/airflow/.local/lib/python3.12/site-packages/airflow/example_dags/example_kubernetes_executor.py took 0.132 seconds
[2024-10-22T06:58:59.003+0000] {processor.py:186} INFO - Started process (PID=80463) to work on /home/airflow/.local/lib/python3.12/site-packages/airflow/example_dags/example_kubernetes_executor.py
[2024-10-22T06:58:59.004+0000] {processor.py:914} INFO - Processing file /home/airflow/.local/lib/python3.12/site-packages/airflow/example_dags/example_kubernetes_executor.py for tasks to queue
[2024-10-22T06:58:59.005+0000] {logging_mixin.py:190} INFO - [2024-10-22T06:58:59.005+0000] {dagbag.py:588} INFO - Filling up the DagBag from /home/airflow/.local/lib/python3.12/site-packages/airflow/example_dags/example_kubernetes_executor.py
[2024-10-22T06:58:59.020+0000] {processor.py:925} INFO - DAG(s) 'example_kubernetes_executor' retrieved from /home/airflow/.local/lib/python3.12/site-packages/airflow/example_dags/example_kubernetes_executor.py
[2024-10-22T06:58:59.077+0000] {logging_mixin.py:190} INFO - [2024-10-22T06:58:59.077+0000] {dag.py:3239} INFO - Sync 1 DAGs
[2024-10-22T06:58:59.093+0000] {logging_mixin.py:190} INFO - [2024-10-22T06:58:59.093+0000] {dag.py:4180} INFO - Setting next_dagrun for example_kubernetes_executor to None, run_after=None
[2024-10-22T06:58:59.111+0000] {processor.py:208} INFO - Processing /home/airflow/.local/lib/python3.12/site-packages/airflow/example_dags/example_kubernetes_executor.py took 0.115 seconds
[2024-10-22T06:59:30.806+0000] {processor.py:186} INFO - Started process (PID=80530) to work on /home/airflow/.local/lib/python3.12/site-packages/airflow/example_dags/example_kubernetes_executor.py
[2024-10-22T06:59:30.808+0000] {processor.py:914} INFO - Processing file /home/airflow/.local/lib/python3.12/site-packages/airflow/example_dags/example_kubernetes_executor.py for tasks to queue
[2024-10-22T06:59:30.809+0000] {logging_mixin.py:190} INFO - [2024-10-22T06:59:30.809+0000] {dagbag.py:588} INFO - Filling up the DagBag from /home/airflow/.local/lib/python3.12/site-packages/airflow/example_dags/example_kubernetes_executor.py
[2024-10-22T06:59:30.829+0000] {processor.py:925} INFO - DAG(s) 'example_kubernetes_executor' retrieved from /home/airflow/.local/lib/python3.12/site-packages/airflow/example_dags/example_kubernetes_executor.py
[2024-10-22T06:59:30.887+0000] {logging_mixin.py:190} INFO - [2024-10-22T06:59:30.887+0000] {dag.py:3239} INFO - Sync 1 DAGs
[2024-10-22T06:59:30.904+0000] {logging_mixin.py:190} INFO - [2024-10-22T06:59:30.904+0000] {dag.py:4180} INFO - Setting next_dagrun for example_kubernetes_executor to None, run_after=None
[2024-10-22T06:59:30.923+0000] {processor.py:208} INFO - Processing /home/airflow/.local/lib/python3.12/site-packages/airflow/example_dags/example_kubernetes_executor.py took 0.128 seconds
[2024-10-22T07:00:01.027+0000] {processor.py:186} INFO - Started process (PID=80597) to work on /home/airflow/.local/lib/python3.12/site-packages/airflow/example_dags/example_kubernetes_executor.py
[2024-10-22T07:00:01.029+0000] {processor.py:914} INFO - Processing file /home/airflow/.local/lib/python3.12/site-packages/airflow/example_dags/example_kubernetes_executor.py for tasks to queue
[2024-10-22T07:00:01.030+0000] {logging_mixin.py:190} INFO - [2024-10-22T07:00:01.030+0000] {dagbag.py:588} INFO - Filling up the DagBag from /home/airflow/.local/lib/python3.12/site-packages/airflow/example_dags/example_kubernetes_executor.py
[2024-10-22T07:00:01.044+0000] {processor.py:925} INFO - DAG(s) 'example_kubernetes_executor' retrieved from /home/airflow/.local/lib/python3.12/site-packages/airflow/example_dags/example_kubernetes_executor.py
[2024-10-22T07:00:01.099+0000] {logging_mixin.py:190} INFO - [2024-10-22T07:00:01.098+0000] {dag.py:3239} INFO - Sync 1 DAGs
[2024-10-22T07:00:01.115+0000] {logging_mixin.py:190} INFO - [2024-10-22T07:00:01.114+0000] {dag.py:4180} INFO - Setting next_dagrun for example_kubernetes_executor to None, run_after=None
[2024-10-22T07:00:01.133+0000] {processor.py:208} INFO - Processing /home/airflow/.local/lib/python3.12/site-packages/airflow/example_dags/example_kubernetes_executor.py took 0.113 seconds
[2024-10-22T07:00:32.042+0000] {processor.py:186} INFO - Started process (PID=80664) to work on /home/airflow/.local/lib/python3.12/site-packages/airflow/example_dags/example_kubernetes_executor.py
[2024-10-22T07:00:32.044+0000] {processor.py:914} INFO - Processing file /home/airflow/.local/lib/python3.12/site-packages/airflow/example_dags/example_kubernetes_executor.py for tasks to queue
[2024-10-22T07:00:32.045+0000] {logging_mixin.py:190} INFO - [2024-10-22T07:00:32.045+0000] {dagbag.py:588} INFO - Filling up the DagBag from /home/airflow/.local/lib/python3.12/site-packages/airflow/example_dags/example_kubernetes_executor.py
[2024-10-22T07:00:32.060+0000] {processor.py:925} INFO - DAG(s) 'example_kubernetes_executor' retrieved from /home/airflow/.local/lib/python3.12/site-packages/airflow/example_dags/example_kubernetes_executor.py
[2024-10-22T07:00:32.114+0000] {logging_mixin.py:190} INFO - [2024-10-22T07:00:32.114+0000] {dag.py:3239} INFO - Sync 1 DAGs
[2024-10-22T07:00:32.130+0000] {logging_mixin.py:190} INFO - [2024-10-22T07:00:32.130+0000] {dag.py:4180} INFO - Setting next_dagrun for example_kubernetes_executor to None, run_after=None
[2024-10-22T07:00:32.148+0000] {processor.py:208} INFO - Processing /home/airflow/.local/lib/python3.12/site-packages/airflow/example_dags/example_kubernetes_executor.py took 0.113 seconds
[2024-10-22T07:04:51.266+0000] {processor.py:186} INFO - Started process (PID=80742) to work on /home/airflow/.local/lib/python3.12/site-packages/airflow/example_dags/example_kubernetes_executor.py
[2024-10-22T07:04:51.267+0000] {processor.py:914} INFO - Processing file /home/airflow/.local/lib/python3.12/site-packages/airflow/example_dags/example_kubernetes_executor.py for tasks to queue
[2024-10-22T07:04:51.269+0000] {logging_mixin.py:190} INFO - [2024-10-22T07:04:51.268+0000] {dagbag.py:588} INFO - Filling up the DagBag from /home/airflow/.local/lib/python3.12/site-packages/airflow/example_dags/example_kubernetes_executor.py
[2024-10-22T07:04:51.285+0000] {processor.py:925} INFO - DAG(s) 'example_kubernetes_executor' retrieved from /home/airflow/.local/lib/python3.12/site-packages/airflow/example_dags/example_kubernetes_executor.py
[2024-10-22T07:04:51.336+0000] {logging_mixin.py:190} INFO - [2024-10-22T07:04:51.336+0000] {dag.py:3239} INFO - Sync 1 DAGs
[2024-10-22T07:04:51.351+0000] {logging_mixin.py:190} INFO - [2024-10-22T07:04:51.351+0000] {dag.py:4180} INFO - Setting next_dagrun for example_kubernetes_executor to None, run_after=None
[2024-10-22T07:04:51.370+0000] {processor.py:208} INFO - Processing /home/airflow/.local/lib/python3.12/site-packages/airflow/example_dags/example_kubernetes_executor.py took 0.111 seconds
[2024-10-22T07:05:21.451+0000] {processor.py:186} INFO - Started process (PID=80809) to work on /home/airflow/.local/lib/python3.12/site-packages/airflow/example_dags/example_kubernetes_executor.py
[2024-10-22T07:05:21.453+0000] {processor.py:914} INFO - Processing file /home/airflow/.local/lib/python3.12/site-packages/airflow/example_dags/example_kubernetes_executor.py for tasks to queue
[2024-10-22T07:05:21.454+0000] {logging_mixin.py:190} INFO - [2024-10-22T07:05:21.454+0000] {dagbag.py:588} INFO - Filling up the DagBag from /home/airflow/.local/lib/python3.12/site-packages/airflow/example_dags/example_kubernetes_executor.py
[2024-10-22T07:05:21.468+0000] {processor.py:925} INFO - DAG(s) 'example_kubernetes_executor' retrieved from /home/airflow/.local/lib/python3.12/site-packages/airflow/example_dags/example_kubernetes_executor.py
[2024-10-22T07:05:21.524+0000] {logging_mixin.py:190} INFO - [2024-10-22T07:05:21.523+0000] {dag.py:3239} INFO - Sync 1 DAGs
[2024-10-22T07:05:21.539+0000] {logging_mixin.py:190} INFO - [2024-10-22T07:05:21.539+0000] {dag.py:4180} INFO - Setting next_dagrun for example_kubernetes_executor to None, run_after=None
[2024-10-22T07:05:21.558+0000] {processor.py:208} INFO - Processing /home/airflow/.local/lib/python3.12/site-packages/airflow/example_dags/example_kubernetes_executor.py took 0.114 seconds
[2024-10-22T07:05:52.063+0000] {processor.py:186} INFO - Started process (PID=80876) to work on /home/airflow/.local/lib/python3.12/site-packages/airflow/example_dags/example_kubernetes_executor.py
[2024-10-22T07:05:52.064+0000] {processor.py:914} INFO - Processing file /home/airflow/.local/lib/python3.12/site-packages/airflow/example_dags/example_kubernetes_executor.py for tasks to queue
[2024-10-22T07:05:52.065+0000] {logging_mixin.py:190} INFO - [2024-10-22T07:05:52.065+0000] {dagbag.py:588} INFO - Filling up the DagBag from /home/airflow/.local/lib/python3.12/site-packages/airflow/example_dags/example_kubernetes_executor.py
[2024-10-22T07:05:52.080+0000] {processor.py:925} INFO - DAG(s) 'example_kubernetes_executor' retrieved from /home/airflow/.local/lib/python3.12/site-packages/airflow/example_dags/example_kubernetes_executor.py
[2024-10-22T07:05:52.137+0000] {logging_mixin.py:190} INFO - [2024-10-22T07:05:52.137+0000] {dag.py:3239} INFO - Sync 1 DAGs
[2024-10-22T07:05:52.153+0000] {logging_mixin.py:190} INFO - [2024-10-22T07:05:52.153+0000] {dag.py:4180} INFO - Setting next_dagrun for example_kubernetes_executor to None, run_after=None
[2024-10-22T07:05:52.172+0000] {processor.py:208} INFO - Processing /home/airflow/.local/lib/python3.12/site-packages/airflow/example_dags/example_kubernetes_executor.py took 0.121 seconds
[2024-10-22T07:06:22.636+0000] {processor.py:186} INFO - Started process (PID=80943) to work on /home/airflow/.local/lib/python3.12/site-packages/airflow/example_dags/example_kubernetes_executor.py
[2024-10-22T07:06:22.638+0000] {processor.py:914} INFO - Processing file /home/airflow/.local/lib/python3.12/site-packages/airflow/example_dags/example_kubernetes_executor.py for tasks to queue
[2024-10-22T07:06:22.640+0000] {logging_mixin.py:190} INFO - [2024-10-22T07:06:22.639+0000] {dagbag.py:588} INFO - Filling up the DagBag from /home/airflow/.local/lib/python3.12/site-packages/airflow/example_dags/example_kubernetes_executor.py
[2024-10-22T07:06:22.660+0000] {processor.py:925} INFO - DAG(s) 'example_kubernetes_executor' retrieved from /home/airflow/.local/lib/python3.12/site-packages/airflow/example_dags/example_kubernetes_executor.py
[2024-10-22T07:06:22.742+0000] {logging_mixin.py:190} INFO - [2024-10-22T07:06:22.742+0000] {dag.py:3239} INFO - Sync 1 DAGs
[2024-10-22T07:06:22.760+0000] {logging_mixin.py:190} INFO - [2024-10-22T07:06:22.759+0000] {dag.py:4180} INFO - Setting next_dagrun for example_kubernetes_executor to None, run_after=None
[2024-10-22T07:06:22.778+0000] {processor.py:208} INFO - Processing /home/airflow/.local/lib/python3.12/site-packages/airflow/example_dags/example_kubernetes_executor.py took 0.151 seconds
[2024-10-22T07:06:53.099+0000] {processor.py:186} INFO - Started process (PID=81010) to work on /home/airflow/.local/lib/python3.12/site-packages/airflow/example_dags/example_kubernetes_executor.py
[2024-10-22T07:06:53.100+0000] {processor.py:914} INFO - Processing file /home/airflow/.local/lib/python3.12/site-packages/airflow/example_dags/example_kubernetes_executor.py for tasks to queue
[2024-10-22T07:06:53.102+0000] {logging_mixin.py:190} INFO - [2024-10-22T07:06:53.101+0000] {dagbag.py:588} INFO - Filling up the DagBag from /home/airflow/.local/lib/python3.12/site-packages/airflow/example_dags/example_kubernetes_executor.py
[2024-10-22T07:06:53.116+0000] {processor.py:925} INFO - DAG(s) 'example_kubernetes_executor' retrieved from /home/airflow/.local/lib/python3.12/site-packages/airflow/example_dags/example_kubernetes_executor.py
[2024-10-22T07:06:53.175+0000] {logging_mixin.py:190} INFO - [2024-10-22T07:06:53.175+0000] {dag.py:3239} INFO - Sync 1 DAGs
[2024-10-22T07:06:53.191+0000] {logging_mixin.py:190} INFO - [2024-10-22T07:06:53.191+0000] {dag.py:4180} INFO - Setting next_dagrun for example_kubernetes_executor to None, run_after=None
[2024-10-22T07:06:53.210+0000] {processor.py:208} INFO - Processing /home/airflow/.local/lib/python3.12/site-packages/airflow/example_dags/example_kubernetes_executor.py took 0.119 seconds
[2024-10-22T07:07:24.313+0000] {processor.py:186} INFO - Started process (PID=81077) to work on /home/airflow/.local/lib/python3.12/site-packages/airflow/example_dags/example_kubernetes_executor.py
[2024-10-22T07:07:24.314+0000] {processor.py:914} INFO - Processing file /home/airflow/.local/lib/python3.12/site-packages/airflow/example_dags/example_kubernetes_executor.py for tasks to queue
[2024-10-22T07:07:24.315+0000] {logging_mixin.py:190} INFO - [2024-10-22T07:07:24.315+0000] {dagbag.py:588} INFO - Filling up the DagBag from /home/airflow/.local/lib/python3.12/site-packages/airflow/example_dags/example_kubernetes_executor.py
[2024-10-22T07:07:24.332+0000] {processor.py:925} INFO - DAG(s) 'example_kubernetes_executor' retrieved from /home/airflow/.local/lib/python3.12/site-packages/airflow/example_dags/example_kubernetes_executor.py
[2024-10-22T07:07:24.394+0000] {logging_mixin.py:190} INFO - [2024-10-22T07:07:24.393+0000] {dag.py:3239} INFO - Sync 1 DAGs
[2024-10-22T07:07:24.414+0000] {logging_mixin.py:190} INFO - [2024-10-22T07:07:24.414+0000] {dag.py:4180} INFO - Setting next_dagrun for example_kubernetes_executor to None, run_after=None
[2024-10-22T07:07:24.438+0000] {processor.py:208} INFO - Processing /home/airflow/.local/lib/python3.12/site-packages/airflow/example_dags/example_kubernetes_executor.py took 0.134 seconds
[2024-10-22T07:07:54.680+0000] {processor.py:186} INFO - Started process (PID=81144) to work on /home/airflow/.local/lib/python3.12/site-packages/airflow/example_dags/example_kubernetes_executor.py
[2024-10-22T07:07:54.681+0000] {processor.py:914} INFO - Processing file /home/airflow/.local/lib/python3.12/site-packages/airflow/example_dags/example_kubernetes_executor.py for tasks to queue
[2024-10-22T07:07:54.683+0000] {logging_mixin.py:190} INFO - [2024-10-22T07:07:54.682+0000] {dagbag.py:588} INFO - Filling up the DagBag from /home/airflow/.local/lib/python3.12/site-packages/airflow/example_dags/example_kubernetes_executor.py
[2024-10-22T07:07:54.697+0000] {processor.py:925} INFO - DAG(s) 'example_kubernetes_executor' retrieved from /home/airflow/.local/lib/python3.12/site-packages/airflow/example_dags/example_kubernetes_executor.py
[2024-10-22T07:07:54.748+0000] {logging_mixin.py:190} INFO - [2024-10-22T07:07:54.747+0000] {dag.py:3239} INFO - Sync 1 DAGs
[2024-10-22T07:07:54.762+0000] {logging_mixin.py:190} INFO - [2024-10-22T07:07:54.762+0000] {dag.py:4180} INFO - Setting next_dagrun for example_kubernetes_executor to None, run_after=None
[2024-10-22T07:07:54.780+0000] {processor.py:208} INFO - Processing /home/airflow/.local/lib/python3.12/site-packages/airflow/example_dags/example_kubernetes_executor.py took 0.107 seconds
[2024-10-22T07:08:25.019+0000] {processor.py:186} INFO - Started process (PID=81211) to work on /home/airflow/.local/lib/python3.12/site-packages/airflow/example_dags/example_kubernetes_executor.py
[2024-10-22T07:08:25.020+0000] {processor.py:914} INFO - Processing file /home/airflow/.local/lib/python3.12/site-packages/airflow/example_dags/example_kubernetes_executor.py for tasks to queue
[2024-10-22T07:08:25.021+0000] {logging_mixin.py:190} INFO - [2024-10-22T07:08:25.020+0000] {dagbag.py:588} INFO - Filling up the DagBag from /home/airflow/.local/lib/python3.12/site-packages/airflow/example_dags/example_kubernetes_executor.py
[2024-10-22T07:08:25.034+0000] {processor.py:925} INFO - DAG(s) 'example_kubernetes_executor' retrieved from /home/airflow/.local/lib/python3.12/site-packages/airflow/example_dags/example_kubernetes_executor.py
[2024-10-22T07:08:25.083+0000] {logging_mixin.py:190} INFO - [2024-10-22T07:08:25.083+0000] {dag.py:3239} INFO - Sync 1 DAGs
[2024-10-22T07:08:25.100+0000] {logging_mixin.py:190} INFO - [2024-10-22T07:08:25.100+0000] {dag.py:4180} INFO - Setting next_dagrun for example_kubernetes_executor to None, run_after=None
[2024-10-22T07:08:25.117+0000] {processor.py:208} INFO - Processing /home/airflow/.local/lib/python3.12/site-packages/airflow/example_dags/example_kubernetes_executor.py took 0.104 seconds
[2024-10-22T07:08:55.189+0000] {processor.py:186} INFO - Started process (PID=81278) to work on /home/airflow/.local/lib/python3.12/site-packages/airflow/example_dags/example_kubernetes_executor.py
[2024-10-22T07:08:55.191+0000] {processor.py:914} INFO - Processing file /home/airflow/.local/lib/python3.12/site-packages/airflow/example_dags/example_kubernetes_executor.py for tasks to queue
[2024-10-22T07:08:55.192+0000] {logging_mixin.py:190} INFO - [2024-10-22T07:08:55.192+0000] {dagbag.py:588} INFO - Filling up the DagBag from /home/airflow/.local/lib/python3.12/site-packages/airflow/example_dags/example_kubernetes_executor.py
[2024-10-22T07:08:55.208+0000] {processor.py:925} INFO - DAG(s) 'example_kubernetes_executor' retrieved from /home/airflow/.local/lib/python3.12/site-packages/airflow/example_dags/example_kubernetes_executor.py
[2024-10-22T07:08:55.260+0000] {logging_mixin.py:190} INFO - [2024-10-22T07:08:55.260+0000] {dag.py:3239} INFO - Sync 1 DAGs
[2024-10-22T07:08:55.275+0000] {logging_mixin.py:190} INFO - [2024-10-22T07:08:55.275+0000] {dag.py:4180} INFO - Setting next_dagrun for example_kubernetes_executor to None, run_after=None
[2024-10-22T07:08:55.292+0000] {processor.py:208} INFO - Processing /home/airflow/.local/lib/python3.12/site-packages/airflow/example_dags/example_kubernetes_executor.py took 0.110 seconds
[2024-10-22T07:09:26.269+0000] {processor.py:186} INFO - Started process (PID=81345) to work on /home/airflow/.local/lib/python3.12/site-packages/airflow/example_dags/example_kubernetes_executor.py
[2024-10-22T07:09:26.270+0000] {processor.py:914} INFO - Processing file /home/airflow/.local/lib/python3.12/site-packages/airflow/example_dags/example_kubernetes_executor.py for tasks to queue
[2024-10-22T07:09:26.271+0000] {logging_mixin.py:190} INFO - [2024-10-22T07:09:26.271+0000] {dagbag.py:588} INFO - Filling up the DagBag from /home/airflow/.local/lib/python3.12/site-packages/airflow/example_dags/example_kubernetes_executor.py
[2024-10-22T07:09:26.286+0000] {processor.py:925} INFO - DAG(s) 'example_kubernetes_executor' retrieved from /home/airflow/.local/lib/python3.12/site-packages/airflow/example_dags/example_kubernetes_executor.py
[2024-10-22T07:09:26.339+0000] {logging_mixin.py:190} INFO - [2024-10-22T07:09:26.338+0000] {dag.py:3239} INFO - Sync 1 DAGs
[2024-10-22T07:09:26.354+0000] {logging_mixin.py:190} INFO - [2024-10-22T07:09:26.354+0000] {dag.py:4180} INFO - Setting next_dagrun for example_kubernetes_executor to None, run_after=None
[2024-10-22T07:09:26.372+0000] {processor.py:208} INFO - Processing /home/airflow/.local/lib/python3.12/site-packages/airflow/example_dags/example_kubernetes_executor.py took 0.110 seconds
[2024-10-22T07:09:57.220+0000] {processor.py:186} INFO - Started process (PID=81411) to work on /home/airflow/.local/lib/python3.12/site-packages/airflow/example_dags/example_kubernetes_executor.py
[2024-10-22T07:09:57.221+0000] {processor.py:914} INFO - Processing file /home/airflow/.local/lib/python3.12/site-packages/airflow/example_dags/example_kubernetes_executor.py for tasks to queue
[2024-10-22T07:09:57.223+0000] {logging_mixin.py:190} INFO - [2024-10-22T07:09:57.222+0000] {dagbag.py:588} INFO - Filling up the DagBag from /home/airflow/.local/lib/python3.12/site-packages/airflow/example_dags/example_kubernetes_executor.py
[2024-10-22T07:09:57.240+0000] {processor.py:925} INFO - DAG(s) 'example_kubernetes_executor' retrieved from /home/airflow/.local/lib/python3.12/site-packages/airflow/example_dags/example_kubernetes_executor.py
[2024-10-22T07:09:57.299+0000] {logging_mixin.py:190} INFO - [2024-10-22T07:09:57.299+0000] {dag.py:3239} INFO - Sync 1 DAGs
[2024-10-22T07:09:57.315+0000] {logging_mixin.py:190} INFO - [2024-10-22T07:09:57.315+0000] {dag.py:4180} INFO - Setting next_dagrun for example_kubernetes_executor to None, run_after=None
[2024-10-22T07:09:57.333+0000] {processor.py:208} INFO - Processing /home/airflow/.local/lib/python3.12/site-packages/airflow/example_dags/example_kubernetes_executor.py took 0.121 seconds
[2024-10-22T07:10:27.648+0000] {processor.py:186} INFO - Started process (PID=81477) to work on /home/airflow/.local/lib/python3.12/site-packages/airflow/example_dags/example_kubernetes_executor.py
[2024-10-22T07:10:27.649+0000] {processor.py:914} INFO - Processing file /home/airflow/.local/lib/python3.12/site-packages/airflow/example_dags/example_kubernetes_executor.py for tasks to queue
[2024-10-22T07:10:27.650+0000] {logging_mixin.py:190} INFO - [2024-10-22T07:10:27.650+0000] {dagbag.py:588} INFO - Filling up the DagBag from /home/airflow/.local/lib/python3.12/site-packages/airflow/example_dags/example_kubernetes_executor.py
[2024-10-22T07:10:27.665+0000] {processor.py:925} INFO - DAG(s) 'example_kubernetes_executor' retrieved from /home/airflow/.local/lib/python3.12/site-packages/airflow/example_dags/example_kubernetes_executor.py
[2024-10-22T07:10:27.718+0000] {logging_mixin.py:190} INFO - [2024-10-22T07:10:27.718+0000] {dag.py:3239} INFO - Sync 1 DAGs
[2024-10-22T07:10:27.733+0000] {logging_mixin.py:190} INFO - [2024-10-22T07:10:27.733+0000] {dag.py:4180} INFO - Setting next_dagrun for example_kubernetes_executor to None, run_after=None
[2024-10-22T07:10:27.750+0000] {processor.py:208} INFO - Processing /home/airflow/.local/lib/python3.12/site-packages/airflow/example_dags/example_kubernetes_executor.py took 0.110 seconds
[2024-10-22T07:10:58.015+0000] {processor.py:186} INFO - Started process (PID=81544) to work on /home/airflow/.local/lib/python3.12/site-packages/airflow/example_dags/example_kubernetes_executor.py
[2024-10-22T07:10:58.016+0000] {processor.py:914} INFO - Processing file /home/airflow/.local/lib/python3.12/site-packages/airflow/example_dags/example_kubernetes_executor.py for tasks to queue
[2024-10-22T07:10:58.018+0000] {logging_mixin.py:190} INFO - [2024-10-22T07:10:58.018+0000] {dagbag.py:588} INFO - Filling up the DagBag from /home/airflow/.local/lib/python3.12/site-packages/airflow/example_dags/example_kubernetes_executor.py
[2024-10-22T07:10:58.033+0000] {processor.py:925} INFO - DAG(s) 'example_kubernetes_executor' retrieved from /home/airflow/.local/lib/python3.12/site-packages/airflow/example_dags/example_kubernetes_executor.py
[2024-10-22T07:10:58.091+0000] {logging_mixin.py:190} INFO - [2024-10-22T07:10:58.091+0000] {dag.py:3239} INFO - Sync 1 DAGs
[2024-10-22T07:10:58.108+0000] {logging_mixin.py:190} INFO - [2024-10-22T07:10:58.108+0000] {dag.py:4180} INFO - Setting next_dagrun for example_kubernetes_executor to None, run_after=None
[2024-10-22T07:10:58.128+0000] {processor.py:208} INFO - Processing /home/airflow/.local/lib/python3.12/site-packages/airflow/example_dags/example_kubernetes_executor.py took 0.120 seconds
[2024-10-22T07:11:28.397+0000] {processor.py:186} INFO - Started process (PID=81611) to work on /home/airflow/.local/lib/python3.12/site-packages/airflow/example_dags/example_kubernetes_executor.py
[2024-10-22T07:11:28.398+0000] {processor.py:914} INFO - Processing file /home/airflow/.local/lib/python3.12/site-packages/airflow/example_dags/example_kubernetes_executor.py for tasks to queue
[2024-10-22T07:11:28.400+0000] {logging_mixin.py:190} INFO - [2024-10-22T07:11:28.399+0000] {dagbag.py:588} INFO - Filling up the DagBag from /home/airflow/.local/lib/python3.12/site-packages/airflow/example_dags/example_kubernetes_executor.py
[2024-10-22T07:11:28.415+0000] {processor.py:925} INFO - DAG(s) 'example_kubernetes_executor' retrieved from /home/airflow/.local/lib/python3.12/site-packages/airflow/example_dags/example_kubernetes_executor.py
[2024-10-22T07:11:28.471+0000] {logging_mixin.py:190} INFO - [2024-10-22T07:11:28.471+0000] {dag.py:3239} INFO - Sync 1 DAGs
[2024-10-22T07:11:28.490+0000] {logging_mixin.py:190} INFO - [2024-10-22T07:11:28.489+0000] {dag.py:4180} INFO - Setting next_dagrun for example_kubernetes_executor to None, run_after=None
[2024-10-22T07:11:28.508+0000] {processor.py:208} INFO - Processing /home/airflow/.local/lib/python3.12/site-packages/airflow/example_dags/example_kubernetes_executor.py took 0.119 seconds
[2024-10-22T07:11:58.774+0000] {processor.py:186} INFO - Started process (PID=81678) to work on /home/airflow/.local/lib/python3.12/site-packages/airflow/example_dags/example_kubernetes_executor.py
[2024-10-22T07:11:58.776+0000] {processor.py:914} INFO - Processing file /home/airflow/.local/lib/python3.12/site-packages/airflow/example_dags/example_kubernetes_executor.py for tasks to queue
[2024-10-22T07:11:58.779+0000] {logging_mixin.py:190} INFO - [2024-10-22T07:11:58.777+0000] {dagbag.py:588} INFO - Filling up the DagBag from /home/airflow/.local/lib/python3.12/site-packages/airflow/example_dags/example_kubernetes_executor.py
[2024-10-22T07:11:58.799+0000] {processor.py:925} INFO - DAG(s) 'example_kubernetes_executor' retrieved from /home/airflow/.local/lib/python3.12/site-packages/airflow/example_dags/example_kubernetes_executor.py
[2024-10-22T07:11:58.852+0000] {logging_mixin.py:190} INFO - [2024-10-22T07:11:58.852+0000] {dag.py:3239} INFO - Sync 1 DAGs
[2024-10-22T07:11:58.872+0000] {logging_mixin.py:190} INFO - [2024-10-22T07:11:58.871+0000] {dag.py:4180} INFO - Setting next_dagrun for example_kubernetes_executor to None, run_after=None
[2024-10-22T07:11:58.891+0000] {processor.py:208} INFO - Processing /home/airflow/.local/lib/python3.12/site-packages/airflow/example_dags/example_kubernetes_executor.py took 0.124 seconds
[2024-10-22T07:12:29.340+0000] {processor.py:186} INFO - Started process (PID=81745) to work on /home/airflow/.local/lib/python3.12/site-packages/airflow/example_dags/example_kubernetes_executor.py
[2024-10-22T07:12:29.341+0000] {processor.py:914} INFO - Processing file /home/airflow/.local/lib/python3.12/site-packages/airflow/example_dags/example_kubernetes_executor.py for tasks to queue
[2024-10-22T07:12:29.342+0000] {logging_mixin.py:190} INFO - [2024-10-22T07:12:29.342+0000] {dagbag.py:588} INFO - Filling up the DagBag from /home/airflow/.local/lib/python3.12/site-packages/airflow/example_dags/example_kubernetes_executor.py
[2024-10-22T07:12:29.356+0000] {processor.py:925} INFO - DAG(s) 'example_kubernetes_executor' retrieved from /home/airflow/.local/lib/python3.12/site-packages/airflow/example_dags/example_kubernetes_executor.py
[2024-10-22T07:12:29.410+0000] {logging_mixin.py:190} INFO - [2024-10-22T07:12:29.409+0000] {dag.py:3239} INFO - Sync 1 DAGs
[2024-10-22T07:12:29.426+0000] {logging_mixin.py:190} INFO - [2024-10-22T07:12:29.425+0000] {dag.py:4180} INFO - Setting next_dagrun for example_kubernetes_executor to None, run_after=None
[2024-10-22T07:12:29.443+0000] {processor.py:208} INFO - Processing /home/airflow/.local/lib/python3.12/site-packages/airflow/example_dags/example_kubernetes_executor.py took 0.112 seconds
[2024-10-22T07:12:59.926+0000] {processor.py:186} INFO - Started process (PID=81812) to work on /home/airflow/.local/lib/python3.12/site-packages/airflow/example_dags/example_kubernetes_executor.py
[2024-10-22T07:12:59.928+0000] {processor.py:914} INFO - Processing file /home/airflow/.local/lib/python3.12/site-packages/airflow/example_dags/example_kubernetes_executor.py for tasks to queue
[2024-10-22T07:12:59.930+0000] {logging_mixin.py:190} INFO - [2024-10-22T07:12:59.929+0000] {dagbag.py:588} INFO - Filling up the DagBag from /home/airflow/.local/lib/python3.12/site-packages/airflow/example_dags/example_kubernetes_executor.py
[2024-10-22T07:12:59.949+0000] {processor.py:925} INFO - DAG(s) 'example_kubernetes_executor' retrieved from /home/airflow/.local/lib/python3.12/site-packages/airflow/example_dags/example_kubernetes_executor.py
[2024-10-22T07:13:00.025+0000] {logging_mixin.py:190} INFO - [2024-10-22T07:13:00.025+0000] {dag.py:3239} INFO - Sync 1 DAGs
[2024-10-22T07:13:00.046+0000] {logging_mixin.py:190} INFO - [2024-10-22T07:13:00.045+0000] {dag.py:4180} INFO - Setting next_dagrun for example_kubernetes_executor to None, run_after=None
[2024-10-22T07:13:00.067+0000] {processor.py:208} INFO - Processing /home/airflow/.local/lib/python3.12/site-packages/airflow/example_dags/example_kubernetes_executor.py took 0.150 seconds
[2024-10-22T07:13:30.322+0000] {processor.py:186} INFO - Started process (PID=81879) to work on /home/airflow/.local/lib/python3.12/site-packages/airflow/example_dags/example_kubernetes_executor.py
[2024-10-22T07:13:30.323+0000] {processor.py:914} INFO - Processing file /home/airflow/.local/lib/python3.12/site-packages/airflow/example_dags/example_kubernetes_executor.py for tasks to queue
[2024-10-22T07:13:30.325+0000] {logging_mixin.py:190} INFO - [2024-10-22T07:13:30.324+0000] {dagbag.py:588} INFO - Filling up the DagBag from /home/airflow/.local/lib/python3.12/site-packages/airflow/example_dags/example_kubernetes_executor.py
[2024-10-22T07:13:30.339+0000] {processor.py:925} INFO - DAG(s) 'example_kubernetes_executor' retrieved from /home/airflow/.local/lib/python3.12/site-packages/airflow/example_dags/example_kubernetes_executor.py
[2024-10-22T07:13:30.400+0000] {logging_mixin.py:190} INFO - [2024-10-22T07:13:30.400+0000] {dag.py:3239} INFO - Sync 1 DAGs
[2024-10-22T07:13:30.416+0000] {logging_mixin.py:190} INFO - [2024-10-22T07:13:30.416+0000] {dag.py:4180} INFO - Setting next_dagrun for example_kubernetes_executor to None, run_after=None
[2024-10-22T07:13:30.434+0000] {processor.py:208} INFO - Processing /home/airflow/.local/lib/python3.12/site-packages/airflow/example_dags/example_kubernetes_executor.py took 0.120 seconds
[2024-10-22T07:14:00.869+0000] {processor.py:186} INFO - Started process (PID=81946) to work on /home/airflow/.local/lib/python3.12/site-packages/airflow/example_dags/example_kubernetes_executor.py
[2024-10-22T07:14:00.870+0000] {processor.py:914} INFO - Processing file /home/airflow/.local/lib/python3.12/site-packages/airflow/example_dags/example_kubernetes_executor.py for tasks to queue
[2024-10-22T07:14:00.872+0000] {logging_mixin.py:190} INFO - [2024-10-22T07:14:00.871+0000] {dagbag.py:588} INFO - Filling up the DagBag from /home/airflow/.local/lib/python3.12/site-packages/airflow/example_dags/example_kubernetes_executor.py
[2024-10-22T07:14:00.886+0000] {processor.py:925} INFO - DAG(s) 'example_kubernetes_executor' retrieved from /home/airflow/.local/lib/python3.12/site-packages/airflow/example_dags/example_kubernetes_executor.py
[2024-10-22T07:14:00.936+0000] {logging_mixin.py:190} INFO - [2024-10-22T07:14:00.936+0000] {dag.py:3239} INFO - Sync 1 DAGs
[2024-10-22T07:14:00.951+0000] {logging_mixin.py:190} INFO - [2024-10-22T07:14:00.951+0000] {dag.py:4180} INFO - Setting next_dagrun for example_kubernetes_executor to None, run_after=None
[2024-10-22T07:14:00.968+0000] {processor.py:208} INFO - Processing /home/airflow/.local/lib/python3.12/site-packages/airflow/example_dags/example_kubernetes_executor.py took 0.106 seconds
[2024-10-22T07:14:31.484+0000] {processor.py:186} INFO - Started process (PID=82013) to work on /home/airflow/.local/lib/python3.12/site-packages/airflow/example_dags/example_kubernetes_executor.py
[2024-10-22T07:14:31.485+0000] {processor.py:914} INFO - Processing file /home/airflow/.local/lib/python3.12/site-packages/airflow/example_dags/example_kubernetes_executor.py for tasks to queue
[2024-10-22T07:14:31.487+0000] {logging_mixin.py:190} INFO - [2024-10-22T07:14:31.486+0000] {dagbag.py:588} INFO - Filling up the DagBag from /home/airflow/.local/lib/python3.12/site-packages/airflow/example_dags/example_kubernetes_executor.py
[2024-10-22T07:14:31.505+0000] {processor.py:925} INFO - DAG(s) 'example_kubernetes_executor' retrieved from /home/airflow/.local/lib/python3.12/site-packages/airflow/example_dags/example_kubernetes_executor.py
[2024-10-22T07:14:31.601+0000] {logging_mixin.py:190} INFO - [2024-10-22T07:14:31.601+0000] {dag.py:3239} INFO - Sync 1 DAGs
[2024-10-22T07:14:31.618+0000] {logging_mixin.py:190} INFO - [2024-10-22T07:14:31.618+0000] {dag.py:4180} INFO - Setting next_dagrun for example_kubernetes_executor to None, run_after=None
[2024-10-22T07:14:31.637+0000] {processor.py:208} INFO - Processing /home/airflow/.local/lib/python3.12/site-packages/airflow/example_dags/example_kubernetes_executor.py took 0.160 seconds
[2024-10-22T07:15:01.897+0000] {processor.py:186} INFO - Started process (PID=82080) to work on /home/airflow/.local/lib/python3.12/site-packages/airflow/example_dags/example_kubernetes_executor.py
[2024-10-22T07:15:01.898+0000] {processor.py:914} INFO - Processing file /home/airflow/.local/lib/python3.12/site-packages/airflow/example_dags/example_kubernetes_executor.py for tasks to queue
[2024-10-22T07:15:01.900+0000] {logging_mixin.py:190} INFO - [2024-10-22T07:15:01.899+0000] {dagbag.py:588} INFO - Filling up the DagBag from /home/airflow/.local/lib/python3.12/site-packages/airflow/example_dags/example_kubernetes_executor.py
[2024-10-22T07:15:01.916+0000] {processor.py:925} INFO - DAG(s) 'example_kubernetes_executor' retrieved from /home/airflow/.local/lib/python3.12/site-packages/airflow/example_dags/example_kubernetes_executor.py
[2024-10-22T07:15:01.973+0000] {logging_mixin.py:190} INFO - [2024-10-22T07:15:01.973+0000] {dag.py:3239} INFO - Sync 1 DAGs
[2024-10-22T07:15:01.990+0000] {logging_mixin.py:190} INFO - [2024-10-22T07:15:01.989+0000] {dag.py:4180} INFO - Setting next_dagrun for example_kubernetes_executor to None, run_after=None
[2024-10-22T07:15:02.010+0000] {processor.py:208} INFO - Processing /home/airflow/.local/lib/python3.12/site-packages/airflow/example_dags/example_kubernetes_executor.py took 0.120 seconds
[2024-10-22T07:15:32.355+0000] {processor.py:186} INFO - Started process (PID=82147) to work on /home/airflow/.local/lib/python3.12/site-packages/airflow/example_dags/example_kubernetes_executor.py
[2024-10-22T07:15:32.356+0000] {processor.py:914} INFO - Processing file /home/airflow/.local/lib/python3.12/site-packages/airflow/example_dags/example_kubernetes_executor.py for tasks to queue
[2024-10-22T07:15:32.357+0000] {logging_mixin.py:190} INFO - [2024-10-22T07:15:32.357+0000] {dagbag.py:588} INFO - Filling up the DagBag from /home/airflow/.local/lib/python3.12/site-packages/airflow/example_dags/example_kubernetes_executor.py
[2024-10-22T07:15:32.372+0000] {processor.py:925} INFO - DAG(s) 'example_kubernetes_executor' retrieved from /home/airflow/.local/lib/python3.12/site-packages/airflow/example_dags/example_kubernetes_executor.py
[2024-10-22T07:15:32.428+0000] {logging_mixin.py:190} INFO - [2024-10-22T07:15:32.428+0000] {dag.py:3239} INFO - Sync 1 DAGs
[2024-10-22T07:15:32.445+0000] {logging_mixin.py:190} INFO - [2024-10-22T07:15:32.444+0000] {dag.py:4180} INFO - Setting next_dagrun for example_kubernetes_executor to None, run_after=None
[2024-10-22T07:15:32.462+0000] {processor.py:208} INFO - Processing /home/airflow/.local/lib/python3.12/site-packages/airflow/example_dags/example_kubernetes_executor.py took 0.115 seconds
[2024-10-22T07:16:02.979+0000] {processor.py:186} INFO - Started process (PID=82213) to work on /home/airflow/.local/lib/python3.12/site-packages/airflow/example_dags/example_kubernetes_executor.py
[2024-10-22T07:16:02.980+0000] {processor.py:914} INFO - Processing file /home/airflow/.local/lib/python3.12/site-packages/airflow/example_dags/example_kubernetes_executor.py for tasks to queue
[2024-10-22T07:16:02.981+0000] {logging_mixin.py:190} INFO - [2024-10-22T07:16:02.981+0000] {dagbag.py:588} INFO - Filling up the DagBag from /home/airflow/.local/lib/python3.12/site-packages/airflow/example_dags/example_kubernetes_executor.py
[2024-10-22T07:16:02.995+0000] {processor.py:925} INFO - DAG(s) 'example_kubernetes_executor' retrieved from /home/airflow/.local/lib/python3.12/site-packages/airflow/example_dags/example_kubernetes_executor.py
[2024-10-22T07:16:03.047+0000] {logging_mixin.py:190} INFO - [2024-10-22T07:16:03.047+0000] {dag.py:3239} INFO - Sync 1 DAGs
[2024-10-22T07:16:03.063+0000] {logging_mixin.py:190} INFO - [2024-10-22T07:16:03.063+0000] {dag.py:4180} INFO - Setting next_dagrun for example_kubernetes_executor to None, run_after=None
[2024-10-22T07:16:03.081+0000] {processor.py:208} INFO - Processing /home/airflow/.local/lib/python3.12/site-packages/airflow/example_dags/example_kubernetes_executor.py took 0.110 seconds
[2024-10-22T07:16:33.234+0000] {processor.py:186} INFO - Started process (PID=82279) to work on /home/airflow/.local/lib/python3.12/site-packages/airflow/example_dags/example_kubernetes_executor.py
[2024-10-22T07:16:33.235+0000] {processor.py:914} INFO - Processing file /home/airflow/.local/lib/python3.12/site-packages/airflow/example_dags/example_kubernetes_executor.py for tasks to queue
[2024-10-22T07:16:33.236+0000] {logging_mixin.py:190} INFO - [2024-10-22T07:16:33.236+0000] {dagbag.py:588} INFO - Filling up the DagBag from /home/airflow/.local/lib/python3.12/site-packages/airflow/example_dags/example_kubernetes_executor.py
[2024-10-22T07:16:33.250+0000] {processor.py:925} INFO - DAG(s) 'example_kubernetes_executor' retrieved from /home/airflow/.local/lib/python3.12/site-packages/airflow/example_dags/example_kubernetes_executor.py
[2024-10-22T07:16:33.303+0000] {logging_mixin.py:190} INFO - [2024-10-22T07:16:33.303+0000] {dag.py:3239} INFO - Sync 1 DAGs
[2024-10-22T07:16:33.318+0000] {logging_mixin.py:190} INFO - [2024-10-22T07:16:33.318+0000] {dag.py:4180} INFO - Setting next_dagrun for example_kubernetes_executor to None, run_after=None
[2024-10-22T07:16:33.336+0000] {processor.py:208} INFO - Processing /home/airflow/.local/lib/python3.12/site-packages/airflow/example_dags/example_kubernetes_executor.py took 0.110 seconds
[2024-10-22T07:17:03.937+0000] {processor.py:186} INFO - Started process (PID=82346) to work on /home/airflow/.local/lib/python3.12/site-packages/airflow/example_dags/example_kubernetes_executor.py
[2024-10-22T07:17:03.939+0000] {processor.py:914} INFO - Processing file /home/airflow/.local/lib/python3.12/site-packages/airflow/example_dags/example_kubernetes_executor.py for tasks to queue
[2024-10-22T07:17:03.940+0000] {logging_mixin.py:190} INFO - [2024-10-22T07:17:03.940+0000] {dagbag.py:588} INFO - Filling up the DagBag from /home/airflow/.local/lib/python3.12/site-packages/airflow/example_dags/example_kubernetes_executor.py
[2024-10-22T07:17:03.954+0000] {processor.py:925} INFO - DAG(s) 'example_kubernetes_executor' retrieved from /home/airflow/.local/lib/python3.12/site-packages/airflow/example_dags/example_kubernetes_executor.py
[2024-10-22T07:17:04.007+0000] {logging_mixin.py:190} INFO - [2024-10-22T07:17:04.006+0000] {dag.py:3239} INFO - Sync 1 DAGs
[2024-10-22T07:17:04.023+0000] {logging_mixin.py:190} INFO - [2024-10-22T07:17:04.023+0000] {dag.py:4180} INFO - Setting next_dagrun for example_kubernetes_executor to None, run_after=None
[2024-10-22T07:17:04.040+0000] {processor.py:208} INFO - Processing /home/airflow/.local/lib/python3.12/site-packages/airflow/example_dags/example_kubernetes_executor.py took 0.111 seconds
[2024-10-22T07:17:34.517+0000] {processor.py:186} INFO - Started process (PID=82413) to work on /home/airflow/.local/lib/python3.12/site-packages/airflow/example_dags/example_kubernetes_executor.py
[2024-10-22T07:17:34.518+0000] {processor.py:914} INFO - Processing file /home/airflow/.local/lib/python3.12/site-packages/airflow/example_dags/example_kubernetes_executor.py for tasks to queue
[2024-10-22T07:17:34.520+0000] {logging_mixin.py:190} INFO - [2024-10-22T07:17:34.519+0000] {dagbag.py:588} INFO - Filling up the DagBag from /home/airflow/.local/lib/python3.12/site-packages/airflow/example_dags/example_kubernetes_executor.py
[2024-10-22T07:17:34.534+0000] {processor.py:925} INFO - DAG(s) 'example_kubernetes_executor' retrieved from /home/airflow/.local/lib/python3.12/site-packages/airflow/example_dags/example_kubernetes_executor.py
[2024-10-22T07:17:34.611+0000] {logging_mixin.py:190} INFO - [2024-10-22T07:17:34.611+0000] {dag.py:3239} INFO - Sync 1 DAGs
[2024-10-22T07:17:34.627+0000] {logging_mixin.py:190} INFO - [2024-10-22T07:17:34.626+0000] {dag.py:4180} INFO - Setting next_dagrun for example_kubernetes_executor to None, run_after=None
[2024-10-22T07:17:34.645+0000] {processor.py:208} INFO - Processing /home/airflow/.local/lib/python3.12/site-packages/airflow/example_dags/example_kubernetes_executor.py took 0.135 seconds
[2024-10-22T07:18:05.090+0000] {processor.py:186} INFO - Started process (PID=82480) to work on /home/airflow/.local/lib/python3.12/site-packages/airflow/example_dags/example_kubernetes_executor.py
[2024-10-22T07:18:05.092+0000] {processor.py:914} INFO - Processing file /home/airflow/.local/lib/python3.12/site-packages/airflow/example_dags/example_kubernetes_executor.py for tasks to queue
[2024-10-22T07:18:05.093+0000] {logging_mixin.py:190} INFO - [2024-10-22T07:18:05.093+0000] {dagbag.py:588} INFO - Filling up the DagBag from /home/airflow/.local/lib/python3.12/site-packages/airflow/example_dags/example_kubernetes_executor.py
[2024-10-22T07:18:05.109+0000] {processor.py:925} INFO - DAG(s) 'example_kubernetes_executor' retrieved from /home/airflow/.local/lib/python3.12/site-packages/airflow/example_dags/example_kubernetes_executor.py
[2024-10-22T07:18:05.164+0000] {logging_mixin.py:190} INFO - [2024-10-22T07:18:05.164+0000] {dag.py:3239} INFO - Sync 1 DAGs
[2024-10-22T07:18:05.181+0000] {logging_mixin.py:190} INFO - [2024-10-22T07:18:05.180+0000] {dag.py:4180} INFO - Setting next_dagrun for example_kubernetes_executor to None, run_after=None
[2024-10-22T07:18:05.198+0000] {processor.py:208} INFO - Processing /home/airflow/.local/lib/python3.12/site-packages/airflow/example_dags/example_kubernetes_executor.py took 0.115 seconds
[2024-10-22T07:18:35.551+0000] {processor.py:186} INFO - Started process (PID=82546) to work on /home/airflow/.local/lib/python3.12/site-packages/airflow/example_dags/example_kubernetes_executor.py
[2024-10-22T07:18:35.552+0000] {processor.py:914} INFO - Processing file /home/airflow/.local/lib/python3.12/site-packages/airflow/example_dags/example_kubernetes_executor.py for tasks to queue
[2024-10-22T07:18:35.554+0000] {logging_mixin.py:190} INFO - [2024-10-22T07:18:35.553+0000] {dagbag.py:588} INFO - Filling up the DagBag from /home/airflow/.local/lib/python3.12/site-packages/airflow/example_dags/example_kubernetes_executor.py
[2024-10-22T07:18:35.568+0000] {processor.py:925} INFO - DAG(s) 'example_kubernetes_executor' retrieved from /home/airflow/.local/lib/python3.12/site-packages/airflow/example_dags/example_kubernetes_executor.py
[2024-10-22T07:18:35.621+0000] {logging_mixin.py:190} INFO - [2024-10-22T07:18:35.621+0000] {dag.py:3239} INFO - Sync 1 DAGs
[2024-10-22T07:18:35.638+0000] {logging_mixin.py:190} INFO - [2024-10-22T07:18:35.638+0000] {dag.py:4180} INFO - Setting next_dagrun for example_kubernetes_executor to None, run_after=None
[2024-10-22T07:18:35.655+0000] {processor.py:208} INFO - Processing /home/airflow/.local/lib/python3.12/site-packages/airflow/example_dags/example_kubernetes_executor.py took 0.113 seconds
[2024-10-22T07:19:06.021+0000] {processor.py:186} INFO - Started process (PID=82613) to work on /home/airflow/.local/lib/python3.12/site-packages/airflow/example_dags/example_kubernetes_executor.py
[2024-10-22T07:19:06.022+0000] {processor.py:914} INFO - Processing file /home/airflow/.local/lib/python3.12/site-packages/airflow/example_dags/example_kubernetes_executor.py for tasks to queue
[2024-10-22T07:19:06.023+0000] {logging_mixin.py:190} INFO - [2024-10-22T07:19:06.023+0000] {dagbag.py:588} INFO - Filling up the DagBag from /home/airflow/.local/lib/python3.12/site-packages/airflow/example_dags/example_kubernetes_executor.py
[2024-10-22T07:19:06.037+0000] {processor.py:925} INFO - DAG(s) 'example_kubernetes_executor' retrieved from /home/airflow/.local/lib/python3.12/site-packages/airflow/example_dags/example_kubernetes_executor.py
[2024-10-22T07:19:06.091+0000] {logging_mixin.py:190} INFO - [2024-10-22T07:19:06.091+0000] {dag.py:3239} INFO - Sync 1 DAGs
[2024-10-22T07:19:06.109+0000] {logging_mixin.py:190} INFO - [2024-10-22T07:19:06.109+0000] {dag.py:4180} INFO - Setting next_dagrun for example_kubernetes_executor to None, run_after=None
[2024-10-22T07:19:06.127+0000] {processor.py:208} INFO - Processing /home/airflow/.local/lib/python3.12/site-packages/airflow/example_dags/example_kubernetes_executor.py took 0.114 seconds
[2024-10-22T07:19:36.347+0000] {processor.py:186} INFO - Started process (PID=82679) to work on /home/airflow/.local/lib/python3.12/site-packages/airflow/example_dags/example_kubernetes_executor.py
[2024-10-22T07:19:36.348+0000] {processor.py:914} INFO - Processing file /home/airflow/.local/lib/python3.12/site-packages/airflow/example_dags/example_kubernetes_executor.py for tasks to queue
[2024-10-22T07:19:36.349+0000] {logging_mixin.py:190} INFO - [2024-10-22T07:19:36.349+0000] {dagbag.py:588} INFO - Filling up the DagBag from /home/airflow/.local/lib/python3.12/site-packages/airflow/example_dags/example_kubernetes_executor.py
[2024-10-22T07:19:36.367+0000] {processor.py:925} INFO - DAG(s) 'example_kubernetes_executor' retrieved from /home/airflow/.local/lib/python3.12/site-packages/airflow/example_dags/example_kubernetes_executor.py
[2024-10-22T07:19:36.430+0000] {logging_mixin.py:190} INFO - [2024-10-22T07:19:36.429+0000] {dag.py:3239} INFO - Sync 1 DAGs
[2024-10-22T07:19:36.449+0000] {logging_mixin.py:190} INFO - [2024-10-22T07:19:36.448+0000] {dag.py:4180} INFO - Setting next_dagrun for example_kubernetes_executor to None, run_after=None
[2024-10-22T07:19:36.470+0000] {processor.py:208} INFO - Processing /home/airflow/.local/lib/python3.12/site-packages/airflow/example_dags/example_kubernetes_executor.py took 0.133 seconds
[2024-10-22T07:20:07.123+0000] {processor.py:186} INFO - Started process (PID=82746) to work on /home/airflow/.local/lib/python3.12/site-packages/airflow/example_dags/example_kubernetes_executor.py
[2024-10-22T07:20:07.124+0000] {processor.py:914} INFO - Processing file /home/airflow/.local/lib/python3.12/site-packages/airflow/example_dags/example_kubernetes_executor.py for tasks to queue
[2024-10-22T07:20:07.126+0000] {logging_mixin.py:190} INFO - [2024-10-22T07:20:07.125+0000] {dagbag.py:588} INFO - Filling up the DagBag from /home/airflow/.local/lib/python3.12/site-packages/airflow/example_dags/example_kubernetes_executor.py
[2024-10-22T07:20:07.143+0000] {processor.py:925} INFO - DAG(s) 'example_kubernetes_executor' retrieved from /home/airflow/.local/lib/python3.12/site-packages/airflow/example_dags/example_kubernetes_executor.py
[2024-10-22T07:20:07.210+0000] {logging_mixin.py:190} INFO - [2024-10-22T07:20:07.210+0000] {dag.py:3239} INFO - Sync 1 DAGs
[2024-10-22T07:20:07.227+0000] {logging_mixin.py:190} INFO - [2024-10-22T07:20:07.227+0000] {dag.py:4180} INFO - Setting next_dagrun for example_kubernetes_executor to None, run_after=None
[2024-10-22T07:20:07.249+0000] {processor.py:208} INFO - Processing /home/airflow/.local/lib/python3.12/site-packages/airflow/example_dags/example_kubernetes_executor.py took 0.143 seconds
[2024-10-22T07:20:37.923+0000] {processor.py:186} INFO - Started process (PID=82813) to work on /home/airflow/.local/lib/python3.12/site-packages/airflow/example_dags/example_kubernetes_executor.py
[2024-10-22T07:20:37.924+0000] {processor.py:914} INFO - Processing file /home/airflow/.local/lib/python3.12/site-packages/airflow/example_dags/example_kubernetes_executor.py for tasks to queue
[2024-10-22T07:20:37.926+0000] {logging_mixin.py:190} INFO - [2024-10-22T07:20:37.925+0000] {dagbag.py:588} INFO - Filling up the DagBag from /home/airflow/.local/lib/python3.12/site-packages/airflow/example_dags/example_kubernetes_executor.py
[2024-10-22T07:20:37.940+0000] {processor.py:925} INFO - DAG(s) 'example_kubernetes_executor' retrieved from /home/airflow/.local/lib/python3.12/site-packages/airflow/example_dags/example_kubernetes_executor.py
[2024-10-22T07:20:37.993+0000] {logging_mixin.py:190} INFO - [2024-10-22T07:20:37.992+0000] {dag.py:3239} INFO - Sync 1 DAGs
[2024-10-22T07:20:38.009+0000] {logging_mixin.py:190} INFO - [2024-10-22T07:20:38.009+0000] {dag.py:4180} INFO - Setting next_dagrun for example_kubernetes_executor to None, run_after=None
[2024-10-22T07:20:38.026+0000] {processor.py:208} INFO - Processing /home/airflow/.local/lib/python3.12/site-packages/airflow/example_dags/example_kubernetes_executor.py took 0.110 seconds
[2024-10-22T07:21:08.469+0000] {processor.py:186} INFO - Started process (PID=82880) to work on /home/airflow/.local/lib/python3.12/site-packages/airflow/example_dags/example_kubernetes_executor.py
[2024-10-22T07:21:08.470+0000] {processor.py:914} INFO - Processing file /home/airflow/.local/lib/python3.12/site-packages/airflow/example_dags/example_kubernetes_executor.py for tasks to queue
[2024-10-22T07:21:08.471+0000] {logging_mixin.py:190} INFO - [2024-10-22T07:21:08.471+0000] {dagbag.py:588} INFO - Filling up the DagBag from /home/airflow/.local/lib/python3.12/site-packages/airflow/example_dags/example_kubernetes_executor.py
[2024-10-22T07:21:08.485+0000] {processor.py:925} INFO - DAG(s) 'example_kubernetes_executor' retrieved from /home/airflow/.local/lib/python3.12/site-packages/airflow/example_dags/example_kubernetes_executor.py
[2024-10-22T07:21:08.540+0000] {logging_mixin.py:190} INFO - [2024-10-22T07:21:08.540+0000] {dag.py:3239} INFO - Sync 1 DAGs
[2024-10-22T07:21:08.556+0000] {logging_mixin.py:190} INFO - [2024-10-22T07:21:08.556+0000] {dag.py:4180} INFO - Setting next_dagrun for example_kubernetes_executor to None, run_after=None
[2024-10-22T07:21:08.574+0000] {processor.py:208} INFO - Processing /home/airflow/.local/lib/python3.12/site-packages/airflow/example_dags/example_kubernetes_executor.py took 0.112 seconds
[2024-10-22T07:21:38.848+0000] {processor.py:186} INFO - Started process (PID=82947) to work on /home/airflow/.local/lib/python3.12/site-packages/airflow/example_dags/example_kubernetes_executor.py
[2024-10-22T07:21:38.849+0000] {processor.py:914} INFO - Processing file /home/airflow/.local/lib/python3.12/site-packages/airflow/example_dags/example_kubernetes_executor.py for tasks to queue
[2024-10-22T07:21:38.851+0000] {logging_mixin.py:190} INFO - [2024-10-22T07:21:38.850+0000] {dagbag.py:588} INFO - Filling up the DagBag from /home/airflow/.local/lib/python3.12/site-packages/airflow/example_dags/example_kubernetes_executor.py
[2024-10-22T07:21:38.865+0000] {processor.py:925} INFO - DAG(s) 'example_kubernetes_executor' retrieved from /home/airflow/.local/lib/python3.12/site-packages/airflow/example_dags/example_kubernetes_executor.py
[2024-10-22T07:21:38.918+0000] {logging_mixin.py:190} INFO - [2024-10-22T07:21:38.917+0000] {dag.py:3239} INFO - Sync 1 DAGs
[2024-10-22T07:21:38.933+0000] {logging_mixin.py:190} INFO - [2024-10-22T07:21:38.933+0000] {dag.py:4180} INFO - Setting next_dagrun for example_kubernetes_executor to None, run_after=None
[2024-10-22T07:21:38.950+0000] {processor.py:208} INFO - Processing /home/airflow/.local/lib/python3.12/site-packages/airflow/example_dags/example_kubernetes_executor.py took 0.110 seconds
[2024-10-22T07:22:09.178+0000] {processor.py:186} INFO - Started process (PID=83013) to work on /home/airflow/.local/lib/python3.12/site-packages/airflow/example_dags/example_kubernetes_executor.py
[2024-10-22T07:22:09.179+0000] {processor.py:914} INFO - Processing file /home/airflow/.local/lib/python3.12/site-packages/airflow/example_dags/example_kubernetes_executor.py for tasks to queue
[2024-10-22T07:22:09.180+0000] {logging_mixin.py:190} INFO - [2024-10-22T07:22:09.180+0000] {dagbag.py:588} INFO - Filling up the DagBag from /home/airflow/.local/lib/python3.12/site-packages/airflow/example_dags/example_kubernetes_executor.py
[2024-10-22T07:22:09.194+0000] {processor.py:925} INFO - DAG(s) 'example_kubernetes_executor' retrieved from /home/airflow/.local/lib/python3.12/site-packages/airflow/example_dags/example_kubernetes_executor.py
[2024-10-22T07:22:09.247+0000] {logging_mixin.py:190} INFO - [2024-10-22T07:22:09.247+0000] {dag.py:3239} INFO - Sync 1 DAGs
[2024-10-22T07:22:09.263+0000] {logging_mixin.py:190} INFO - [2024-10-22T07:22:09.263+0000] {dag.py:4180} INFO - Setting next_dagrun for example_kubernetes_executor to None, run_after=None
[2024-10-22T07:22:09.281+0000] {processor.py:208} INFO - Processing /home/airflow/.local/lib/python3.12/site-packages/airflow/example_dags/example_kubernetes_executor.py took 0.110 seconds
[2024-10-22T07:22:40.116+0000] {processor.py:186} INFO - Started process (PID=83080) to work on /home/airflow/.local/lib/python3.12/site-packages/airflow/example_dags/example_kubernetes_executor.py
[2024-10-22T07:22:40.118+0000] {processor.py:914} INFO - Processing file /home/airflow/.local/lib/python3.12/site-packages/airflow/example_dags/example_kubernetes_executor.py for tasks to queue
[2024-10-22T07:22:40.119+0000] {logging_mixin.py:190} INFO - [2024-10-22T07:22:40.119+0000] {dagbag.py:588} INFO - Filling up the DagBag from /home/airflow/.local/lib/python3.12/site-packages/airflow/example_dags/example_kubernetes_executor.py
[2024-10-22T07:22:40.133+0000] {processor.py:925} INFO - DAG(s) 'example_kubernetes_executor' retrieved from /home/airflow/.local/lib/python3.12/site-packages/airflow/example_dags/example_kubernetes_executor.py
[2024-10-22T07:22:40.184+0000] {logging_mixin.py:190} INFO - [2024-10-22T07:22:40.184+0000] {dag.py:3239} INFO - Sync 1 DAGs
[2024-10-22T07:22:40.199+0000] {logging_mixin.py:190} INFO - [2024-10-22T07:22:40.199+0000] {dag.py:4180} INFO - Setting next_dagrun for example_kubernetes_executor to None, run_after=None
[2024-10-22T07:22:40.216+0000] {processor.py:208} INFO - Processing /home/airflow/.local/lib/python3.12/site-packages/airflow/example_dags/example_kubernetes_executor.py took 0.106 seconds
[2024-10-22T07:23:10.317+0000] {processor.py:186} INFO - Started process (PID=83146) to work on /home/airflow/.local/lib/python3.12/site-packages/airflow/example_dags/example_kubernetes_executor.py
[2024-10-22T07:23:10.318+0000] {processor.py:914} INFO - Processing file /home/airflow/.local/lib/python3.12/site-packages/airflow/example_dags/example_kubernetes_executor.py for tasks to queue
[2024-10-22T07:23:10.320+0000] {logging_mixin.py:190} INFO - [2024-10-22T07:23:10.320+0000] {dagbag.py:588} INFO - Filling up the DagBag from /home/airflow/.local/lib/python3.12/site-packages/airflow/example_dags/example_kubernetes_executor.py
[2024-10-22T07:23:10.335+0000] {processor.py:925} INFO - DAG(s) 'example_kubernetes_executor' retrieved from /home/airflow/.local/lib/python3.12/site-packages/airflow/example_dags/example_kubernetes_executor.py
[2024-10-22T07:23:10.389+0000] {logging_mixin.py:190} INFO - [2024-10-22T07:23:10.389+0000] {dag.py:3239} INFO - Sync 1 DAGs
[2024-10-22T07:23:10.405+0000] {logging_mixin.py:190} INFO - [2024-10-22T07:23:10.405+0000] {dag.py:4180} INFO - Setting next_dagrun for example_kubernetes_executor to None, run_after=None
[2024-10-22T07:23:10.420+0000] {processor.py:208} INFO - Processing /home/airflow/.local/lib/python3.12/site-packages/airflow/example_dags/example_kubernetes_executor.py took 0.112 seconds
[2024-10-22T07:23:40.768+0000] {processor.py:186} INFO - Started process (PID=83213) to work on /home/airflow/.local/lib/python3.12/site-packages/airflow/example_dags/example_kubernetes_executor.py
[2024-10-22T07:23:40.770+0000] {processor.py:914} INFO - Processing file /home/airflow/.local/lib/python3.12/site-packages/airflow/example_dags/example_kubernetes_executor.py for tasks to queue
[2024-10-22T07:23:40.771+0000] {logging_mixin.py:190} INFO - [2024-10-22T07:23:40.771+0000] {dagbag.py:588} INFO - Filling up the DagBag from /home/airflow/.local/lib/python3.12/site-packages/airflow/example_dags/example_kubernetes_executor.py
[2024-10-22T07:23:40.785+0000] {processor.py:925} INFO - DAG(s) 'example_kubernetes_executor' retrieved from /home/airflow/.local/lib/python3.12/site-packages/airflow/example_dags/example_kubernetes_executor.py
[2024-10-22T07:23:40.840+0000] {logging_mixin.py:190} INFO - [2024-10-22T07:23:40.840+0000] {dag.py:3239} INFO - Sync 1 DAGs
[2024-10-22T07:23:40.856+0000] {logging_mixin.py:190} INFO - [2024-10-22T07:23:40.856+0000] {dag.py:4180} INFO - Setting next_dagrun for example_kubernetes_executor to None, run_after=None
[2024-10-22T07:23:40.876+0000] {processor.py:208} INFO - Processing /home/airflow/.local/lib/python3.12/site-packages/airflow/example_dags/example_kubernetes_executor.py took 0.116 seconds
[2024-10-22T07:24:11.027+0000] {processor.py:186} INFO - Started process (PID=83286) to work on /home/airflow/.local/lib/python3.12/site-packages/airflow/example_dags/example_kubernetes_executor.py
[2024-10-22T07:24:11.028+0000] {processor.py:914} INFO - Processing file /home/airflow/.local/lib/python3.12/site-packages/airflow/example_dags/example_kubernetes_executor.py for tasks to queue
[2024-10-22T07:24:11.029+0000] {logging_mixin.py:190} INFO - [2024-10-22T07:24:11.029+0000] {dagbag.py:588} INFO - Filling up the DagBag from /home/airflow/.local/lib/python3.12/site-packages/airflow/example_dags/example_kubernetes_executor.py
[2024-10-22T07:24:11.044+0000] {processor.py:925} INFO - DAG(s) 'example_kubernetes_executor' retrieved from /home/airflow/.local/lib/python3.12/site-packages/airflow/example_dags/example_kubernetes_executor.py
[2024-10-22T07:24:11.097+0000] {logging_mixin.py:190} INFO - [2024-10-22T07:24:11.097+0000] {dag.py:3239} INFO - Sync 1 DAGs
[2024-10-22T07:24:11.113+0000] {logging_mixin.py:190} INFO - [2024-10-22T07:24:11.112+0000] {dag.py:4180} INFO - Setting next_dagrun for example_kubernetes_executor to None, run_after=None
[2024-10-22T07:24:11.129+0000] {processor.py:208} INFO - Processing /home/airflow/.local/lib/python3.12/site-packages/airflow/example_dags/example_kubernetes_executor.py took 0.110 seconds
[2024-10-22T07:24:41.326+0000] {processor.py:186} INFO - Started process (PID=83353) to work on /home/airflow/.local/lib/python3.12/site-packages/airflow/example_dags/example_kubernetes_executor.py
[2024-10-22T07:24:41.327+0000] {processor.py:914} INFO - Processing file /home/airflow/.local/lib/python3.12/site-packages/airflow/example_dags/example_kubernetes_executor.py for tasks to queue
[2024-10-22T07:24:41.329+0000] {logging_mixin.py:190} INFO - [2024-10-22T07:24:41.329+0000] {dagbag.py:588} INFO - Filling up the DagBag from /home/airflow/.local/lib/python3.12/site-packages/airflow/example_dags/example_kubernetes_executor.py
[2024-10-22T07:24:41.345+0000] {processor.py:925} INFO - DAG(s) 'example_kubernetes_executor' retrieved from /home/airflow/.local/lib/python3.12/site-packages/airflow/example_dags/example_kubernetes_executor.py
[2024-10-22T07:24:41.400+0000] {logging_mixin.py:190} INFO - [2024-10-22T07:24:41.400+0000] {dag.py:3239} INFO - Sync 1 DAGs
[2024-10-22T07:24:41.417+0000] {logging_mixin.py:190} INFO - [2024-10-22T07:24:41.417+0000] {dag.py:4180} INFO - Setting next_dagrun for example_kubernetes_executor to None, run_after=None
[2024-10-22T07:24:41.433+0000] {processor.py:208} INFO - Processing /home/airflow/.local/lib/python3.12/site-packages/airflow/example_dags/example_kubernetes_executor.py took 0.115 seconds
[2024-10-22T07:25:11.657+0000] {processor.py:186} INFO - Started process (PID=83420) to work on /home/airflow/.local/lib/python3.12/site-packages/airflow/example_dags/example_kubernetes_executor.py
[2024-10-22T07:25:11.659+0000] {processor.py:914} INFO - Processing file /home/airflow/.local/lib/python3.12/site-packages/airflow/example_dags/example_kubernetes_executor.py for tasks to queue
[2024-10-22T07:25:11.660+0000] {logging_mixin.py:190} INFO - [2024-10-22T07:25:11.660+0000] {dagbag.py:588} INFO - Filling up the DagBag from /home/airflow/.local/lib/python3.12/site-packages/airflow/example_dags/example_kubernetes_executor.py
[2024-10-22T07:25:11.676+0000] {processor.py:925} INFO - DAG(s) 'example_kubernetes_executor' retrieved from /home/airflow/.local/lib/python3.12/site-packages/airflow/example_dags/example_kubernetes_executor.py
[2024-10-22T07:25:11.729+0000] {logging_mixin.py:190} INFO - [2024-10-22T07:25:11.728+0000] {dag.py:3239} INFO - Sync 1 DAGs
[2024-10-22T07:25:11.745+0000] {logging_mixin.py:190} INFO - [2024-10-22T07:25:11.745+0000] {dag.py:4180} INFO - Setting next_dagrun for example_kubernetes_executor to None, run_after=None
[2024-10-22T07:25:11.763+0000] {processor.py:208} INFO - Processing /home/airflow/.local/lib/python3.12/site-packages/airflow/example_dags/example_kubernetes_executor.py took 0.114 seconds
[2024-10-22T07:25:41.998+0000] {processor.py:186} INFO - Started process (PID=83487) to work on /home/airflow/.local/lib/python3.12/site-packages/airflow/example_dags/example_kubernetes_executor.py
[2024-10-22T07:25:41.999+0000] {processor.py:914} INFO - Processing file /home/airflow/.local/lib/python3.12/site-packages/airflow/example_dags/example_kubernetes_executor.py for tasks to queue
[2024-10-22T07:25:42.001+0000] {logging_mixin.py:190} INFO - [2024-10-22T07:25:42.000+0000] {dagbag.py:588} INFO - Filling up the DagBag from /home/airflow/.local/lib/python3.12/site-packages/airflow/example_dags/example_kubernetes_executor.py
[2024-10-22T07:25:42.016+0000] {processor.py:925} INFO - DAG(s) 'example_kubernetes_executor' retrieved from /home/airflow/.local/lib/python3.12/site-packages/airflow/example_dags/example_kubernetes_executor.py
[2024-10-22T07:25:42.079+0000] {logging_mixin.py:190} INFO - [2024-10-22T07:25:42.078+0000] {dag.py:3239} INFO - Sync 1 DAGs
[2024-10-22T07:25:42.099+0000] {logging_mixin.py:190} INFO - [2024-10-22T07:25:42.098+0000] {dag.py:4180} INFO - Setting next_dagrun for example_kubernetes_executor to None, run_after=None
[2024-10-22T07:25:42.118+0000] {processor.py:208} INFO - Processing /home/airflow/.local/lib/python3.12/site-packages/airflow/example_dags/example_kubernetes_executor.py took 0.130 seconds
[2024-10-22T07:26:12.536+0000] {processor.py:186} INFO - Started process (PID=83554) to work on /home/airflow/.local/lib/python3.12/site-packages/airflow/example_dags/example_kubernetes_executor.py
[2024-10-22T07:26:12.538+0000] {processor.py:914} INFO - Processing file /home/airflow/.local/lib/python3.12/site-packages/airflow/example_dags/example_kubernetes_executor.py for tasks to queue
[2024-10-22T07:26:12.539+0000] {logging_mixin.py:190} INFO - [2024-10-22T07:26:12.539+0000] {dagbag.py:588} INFO - Filling up the DagBag from /home/airflow/.local/lib/python3.12/site-packages/airflow/example_dags/example_kubernetes_executor.py
[2024-10-22T07:26:12.556+0000] {processor.py:925} INFO - DAG(s) 'example_kubernetes_executor' retrieved from /home/airflow/.local/lib/python3.12/site-packages/airflow/example_dags/example_kubernetes_executor.py
[2024-10-22T07:26:12.612+0000] {logging_mixin.py:190} INFO - [2024-10-22T07:26:12.611+0000] {dag.py:3239} INFO - Sync 1 DAGs
[2024-10-22T07:26:12.635+0000] {logging_mixin.py:190} INFO - [2024-10-22T07:26:12.635+0000] {dag.py:4180} INFO - Setting next_dagrun for example_kubernetes_executor to None, run_after=None
[2024-10-22T07:26:12.657+0000] {processor.py:208} INFO - Processing /home/airflow/.local/lib/python3.12/site-packages/airflow/example_dags/example_kubernetes_executor.py took 0.129 seconds
[2024-10-22T07:26:43.205+0000] {processor.py:186} INFO - Started process (PID=83622) to work on /home/airflow/.local/lib/python3.12/site-packages/airflow/example_dags/example_kubernetes_executor.py
[2024-10-22T07:26:43.206+0000] {processor.py:914} INFO - Processing file /home/airflow/.local/lib/python3.12/site-packages/airflow/example_dags/example_kubernetes_executor.py for tasks to queue
[2024-10-22T07:26:43.210+0000] {logging_mixin.py:190} INFO - [2024-10-22T07:26:43.208+0000] {dagbag.py:588} INFO - Filling up the DagBag from /home/airflow/.local/lib/python3.12/site-packages/airflow/example_dags/example_kubernetes_executor.py
[2024-10-22T07:26:43.238+0000] {processor.py:925} INFO - DAG(s) 'example_kubernetes_executor' retrieved from /home/airflow/.local/lib/python3.12/site-packages/airflow/example_dags/example_kubernetes_executor.py
[2024-10-22T07:26:43.327+0000] {logging_mixin.py:190} INFO - [2024-10-22T07:26:43.327+0000] {dag.py:3239} INFO - Sync 1 DAGs
[2024-10-22T07:26:43.346+0000] {logging_mixin.py:190} INFO - [2024-10-22T07:26:43.346+0000] {dag.py:4180} INFO - Setting next_dagrun for example_kubernetes_executor to None, run_after=None
[2024-10-22T07:26:43.369+0000] {processor.py:208} INFO - Processing /home/airflow/.local/lib/python3.12/site-packages/airflow/example_dags/example_kubernetes_executor.py took 0.177 seconds
[2024-10-22T07:27:13.431+0000] {processor.py:186} INFO - Started process (PID=83690) to work on /home/airflow/.local/lib/python3.12/site-packages/airflow/example_dags/example_kubernetes_executor.py
[2024-10-22T07:27:13.432+0000] {processor.py:914} INFO - Processing file /home/airflow/.local/lib/python3.12/site-packages/airflow/example_dags/example_kubernetes_executor.py for tasks to queue
[2024-10-22T07:27:13.434+0000] {logging_mixin.py:190} INFO - [2024-10-22T07:27:13.433+0000] {dagbag.py:588} INFO - Filling up the DagBag from /home/airflow/.local/lib/python3.12/site-packages/airflow/example_dags/example_kubernetes_executor.py
[2024-10-22T07:27:13.449+0000] {processor.py:925} INFO - DAG(s) 'example_kubernetes_executor' retrieved from /home/airflow/.local/lib/python3.12/site-packages/airflow/example_dags/example_kubernetes_executor.py
[2024-10-22T07:27:13.502+0000] {logging_mixin.py:190} INFO - [2024-10-22T07:27:13.501+0000] {dag.py:3239} INFO - Sync 1 DAGs
[2024-10-22T07:27:13.517+0000] {logging_mixin.py:190} INFO - [2024-10-22T07:27:13.517+0000] {dag.py:4180} INFO - Setting next_dagrun for example_kubernetes_executor to None, run_after=None
[2024-10-22T07:27:13.534+0000] {processor.py:208} INFO - Processing /home/airflow/.local/lib/python3.12/site-packages/airflow/example_dags/example_kubernetes_executor.py took 0.110 seconds
[2024-10-22T07:27:44.156+0000] {processor.py:186} INFO - Started process (PID=83755) to work on /home/airflow/.local/lib/python3.12/site-packages/airflow/example_dags/example_kubernetes_executor.py
[2024-10-22T07:27:44.158+0000] {processor.py:914} INFO - Processing file /home/airflow/.local/lib/python3.12/site-packages/airflow/example_dags/example_kubernetes_executor.py for tasks to queue
[2024-10-22T07:27:44.159+0000] {logging_mixin.py:190} INFO - [2024-10-22T07:27:44.159+0000] {dagbag.py:588} INFO - Filling up the DagBag from /home/airflow/.local/lib/python3.12/site-packages/airflow/example_dags/example_kubernetes_executor.py
[2024-10-22T07:27:44.179+0000] {processor.py:925} INFO - DAG(s) 'example_kubernetes_executor' retrieved from /home/airflow/.local/lib/python3.12/site-packages/airflow/example_dags/example_kubernetes_executor.py
[2024-10-22T07:27:44.248+0000] {logging_mixin.py:190} INFO - [2024-10-22T07:27:44.247+0000] {dag.py:3239} INFO - Sync 1 DAGs
[2024-10-22T07:27:44.271+0000] {logging_mixin.py:190} INFO - [2024-10-22T07:27:44.271+0000] {dag.py:4180} INFO - Setting next_dagrun for example_kubernetes_executor to None, run_after=None
[2024-10-22T07:27:44.296+0000] {processor.py:208} INFO - Processing /home/airflow/.local/lib/python3.12/site-packages/airflow/example_dags/example_kubernetes_executor.py took 0.147 seconds
[2024-10-22T07:28:15.008+0000] {processor.py:186} INFO - Started process (PID=83821) to work on /home/airflow/.local/lib/python3.12/site-packages/airflow/example_dags/example_kubernetes_executor.py
[2024-10-22T07:28:15.009+0000] {processor.py:914} INFO - Processing file /home/airflow/.local/lib/python3.12/site-packages/airflow/example_dags/example_kubernetes_executor.py for tasks to queue
[2024-10-22T07:28:15.010+0000] {logging_mixin.py:190} INFO - [2024-10-22T07:28:15.010+0000] {dagbag.py:588} INFO - Filling up the DagBag from /home/airflow/.local/lib/python3.12/site-packages/airflow/example_dags/example_kubernetes_executor.py
[2024-10-22T07:28:15.026+0000] {processor.py:925} INFO - DAG(s) 'example_kubernetes_executor' retrieved from /home/airflow/.local/lib/python3.12/site-packages/airflow/example_dags/example_kubernetes_executor.py
[2024-10-22T07:28:15.096+0000] {logging_mixin.py:190} INFO - [2024-10-22T07:28:15.096+0000] {dag.py:3239} INFO - Sync 1 DAGs
[2024-10-22T07:28:15.112+0000] {logging_mixin.py:190} INFO - [2024-10-22T07:28:15.112+0000] {dag.py:4180} INFO - Setting next_dagrun for example_kubernetes_executor to None, run_after=None
[2024-10-22T07:28:15.132+0000] {processor.py:208} INFO - Processing /home/airflow/.local/lib/python3.12/site-packages/airflow/example_dags/example_kubernetes_executor.py took 0.132 seconds
[2024-10-22T07:28:45.208+0000] {processor.py:186} INFO - Started process (PID=83888) to work on /home/airflow/.local/lib/python3.12/site-packages/airflow/example_dags/example_kubernetes_executor.py
[2024-10-22T07:28:45.209+0000] {processor.py:914} INFO - Processing file /home/airflow/.local/lib/python3.12/site-packages/airflow/example_dags/example_kubernetes_executor.py for tasks to queue
[2024-10-22T07:28:45.210+0000] {logging_mixin.py:190} INFO - [2024-10-22T07:28:45.210+0000] {dagbag.py:588} INFO - Filling up the DagBag from /home/airflow/.local/lib/python3.12/site-packages/airflow/example_dags/example_kubernetes_executor.py
[2024-10-22T07:28:45.224+0000] {processor.py:925} INFO - DAG(s) 'example_kubernetes_executor' retrieved from /home/airflow/.local/lib/python3.12/site-packages/airflow/example_dags/example_kubernetes_executor.py
[2024-10-22T07:28:45.279+0000] {logging_mixin.py:190} INFO - [2024-10-22T07:28:45.279+0000] {dag.py:3239} INFO - Sync 1 DAGs
[2024-10-22T07:28:45.296+0000] {logging_mixin.py:190} INFO - [2024-10-22T07:28:45.296+0000] {dag.py:4180} INFO - Setting next_dagrun for example_kubernetes_executor to None, run_after=None
[2024-10-22T07:28:45.315+0000] {processor.py:208} INFO - Processing /home/airflow/.local/lib/python3.12/site-packages/airflow/example_dags/example_kubernetes_executor.py took 0.115 seconds
[2024-10-22T07:29:15.807+0000] {processor.py:186} INFO - Started process (PID=83954) to work on /home/airflow/.local/lib/python3.12/site-packages/airflow/example_dags/example_kubernetes_executor.py
[2024-10-22T07:29:15.809+0000] {processor.py:914} INFO - Processing file /home/airflow/.local/lib/python3.12/site-packages/airflow/example_dags/example_kubernetes_executor.py for tasks to queue
[2024-10-22T07:29:15.810+0000] {logging_mixin.py:190} INFO - [2024-10-22T07:29:15.810+0000] {dagbag.py:588} INFO - Filling up the DagBag from /home/airflow/.local/lib/python3.12/site-packages/airflow/example_dags/example_kubernetes_executor.py
[2024-10-22T07:29:15.824+0000] {processor.py:925} INFO - DAG(s) 'example_kubernetes_executor' retrieved from /home/airflow/.local/lib/python3.12/site-packages/airflow/example_dags/example_kubernetes_executor.py
[2024-10-22T07:29:15.878+0000] {logging_mixin.py:190} INFO - [2024-10-22T07:29:15.877+0000] {dag.py:3239} INFO - Sync 1 DAGs
[2024-10-22T07:29:15.894+0000] {logging_mixin.py:190} INFO - [2024-10-22T07:29:15.893+0000] {dag.py:4180} INFO - Setting next_dagrun for example_kubernetes_executor to None, run_after=None
[2024-10-22T07:29:15.911+0000] {processor.py:208} INFO - Processing /home/airflow/.local/lib/python3.12/site-packages/airflow/example_dags/example_kubernetes_executor.py took 0.111 seconds
[2024-10-22T07:29:46.212+0000] {processor.py:186} INFO - Started process (PID=84021) to work on /home/airflow/.local/lib/python3.12/site-packages/airflow/example_dags/example_kubernetes_executor.py
[2024-10-22T07:29:46.213+0000] {processor.py:914} INFO - Processing file /home/airflow/.local/lib/python3.12/site-packages/airflow/example_dags/example_kubernetes_executor.py for tasks to queue
[2024-10-22T07:29:46.215+0000] {logging_mixin.py:190} INFO - [2024-10-22T07:29:46.214+0000] {dagbag.py:588} INFO - Filling up the DagBag from /home/airflow/.local/lib/python3.12/site-packages/airflow/example_dags/example_kubernetes_executor.py
[2024-10-22T07:29:46.229+0000] {processor.py:925} INFO - DAG(s) 'example_kubernetes_executor' retrieved from /home/airflow/.local/lib/python3.12/site-packages/airflow/example_dags/example_kubernetes_executor.py
[2024-10-22T07:29:46.284+0000] {logging_mixin.py:190} INFO - [2024-10-22T07:29:46.284+0000] {dag.py:3239} INFO - Sync 1 DAGs
[2024-10-22T07:29:46.300+0000] {logging_mixin.py:190} INFO - [2024-10-22T07:29:46.300+0000] {dag.py:4180} INFO - Setting next_dagrun for example_kubernetes_executor to None, run_after=None
[2024-10-22T07:29:46.319+0000] {processor.py:208} INFO - Processing /home/airflow/.local/lib/python3.12/site-packages/airflow/example_dags/example_kubernetes_executor.py took 0.114 seconds
[2024-10-22T07:30:17.045+0000] {processor.py:186} INFO - Started process (PID=84088) to work on /home/airflow/.local/lib/python3.12/site-packages/airflow/example_dags/example_kubernetes_executor.py
[2024-10-22T07:30:17.046+0000] {processor.py:914} INFO - Processing file /home/airflow/.local/lib/python3.12/site-packages/airflow/example_dags/example_kubernetes_executor.py for tasks to queue
[2024-10-22T07:30:17.048+0000] {logging_mixin.py:190} INFO - [2024-10-22T07:30:17.047+0000] {dagbag.py:588} INFO - Filling up the DagBag from /home/airflow/.local/lib/python3.12/site-packages/airflow/example_dags/example_kubernetes_executor.py
[2024-10-22T07:30:17.064+0000] {processor.py:925} INFO - DAG(s) 'example_kubernetes_executor' retrieved from /home/airflow/.local/lib/python3.12/site-packages/airflow/example_dags/example_kubernetes_executor.py
[2024-10-22T07:30:17.118+0000] {logging_mixin.py:190} INFO - [2024-10-22T07:30:17.118+0000] {dag.py:3239} INFO - Sync 1 DAGs
[2024-10-22T07:30:17.134+0000] {logging_mixin.py:190} INFO - [2024-10-22T07:30:17.134+0000] {dag.py:4180} INFO - Setting next_dagrun for example_kubernetes_executor to None, run_after=None
[2024-10-22T07:30:17.151+0000] {processor.py:208} INFO - Processing /home/airflow/.local/lib/python3.12/site-packages/airflow/example_dags/example_kubernetes_executor.py took 0.115 seconds
[2024-10-22T07:30:47.362+0000] {processor.py:186} INFO - Started process (PID=84155) to work on /home/airflow/.local/lib/python3.12/site-packages/airflow/example_dags/example_kubernetes_executor.py
[2024-10-22T07:30:47.363+0000] {processor.py:914} INFO - Processing file /home/airflow/.local/lib/python3.12/site-packages/airflow/example_dags/example_kubernetes_executor.py for tasks to queue
[2024-10-22T07:30:47.365+0000] {logging_mixin.py:190} INFO - [2024-10-22T07:30:47.365+0000] {dagbag.py:588} INFO - Filling up the DagBag from /home/airflow/.local/lib/python3.12/site-packages/airflow/example_dags/example_kubernetes_executor.py
[2024-10-22T07:30:47.380+0000] {processor.py:925} INFO - DAG(s) 'example_kubernetes_executor' retrieved from /home/airflow/.local/lib/python3.12/site-packages/airflow/example_dags/example_kubernetes_executor.py
[2024-10-22T07:30:47.435+0000] {logging_mixin.py:190} INFO - [2024-10-22T07:30:47.435+0000] {dag.py:3239} INFO - Sync 1 DAGs
[2024-10-22T07:30:47.452+0000] {logging_mixin.py:190} INFO - [2024-10-22T07:30:47.452+0000] {dag.py:4180} INFO - Setting next_dagrun for example_kubernetes_executor to None, run_after=None
[2024-10-22T07:30:47.478+0000] {processor.py:208} INFO - Processing /home/airflow/.local/lib/python3.12/site-packages/airflow/example_dags/example_kubernetes_executor.py took 0.125 seconds
[2024-10-22T07:31:17.835+0000] {processor.py:186} INFO - Started process (PID=84222) to work on /home/airflow/.local/lib/python3.12/site-packages/airflow/example_dags/example_kubernetes_executor.py
[2024-10-22T07:31:17.836+0000] {processor.py:914} INFO - Processing file /home/airflow/.local/lib/python3.12/site-packages/airflow/example_dags/example_kubernetes_executor.py for tasks to queue
[2024-10-22T07:31:17.838+0000] {logging_mixin.py:190} INFO - [2024-10-22T07:31:17.838+0000] {dagbag.py:588} INFO - Filling up the DagBag from /home/airflow/.local/lib/python3.12/site-packages/airflow/example_dags/example_kubernetes_executor.py
[2024-10-22T07:31:17.857+0000] {processor.py:925} INFO - DAG(s) 'example_kubernetes_executor' retrieved from /home/airflow/.local/lib/python3.12/site-packages/airflow/example_dags/example_kubernetes_executor.py
[2024-10-22T07:31:17.916+0000] {logging_mixin.py:190} INFO - [2024-10-22T07:31:17.916+0000] {dag.py:3239} INFO - Sync 1 DAGs
[2024-10-22T07:31:17.935+0000] {logging_mixin.py:190} INFO - [2024-10-22T07:31:17.935+0000] {dag.py:4180} INFO - Setting next_dagrun for example_kubernetes_executor to None, run_after=None
[2024-10-22T07:31:17.953+0000] {processor.py:208} INFO - Processing /home/airflow/.local/lib/python3.12/site-packages/airflow/example_dags/example_kubernetes_executor.py took 0.128 seconds
[2024-10-22T07:31:48.199+0000] {processor.py:186} INFO - Started process (PID=84289) to work on /home/airflow/.local/lib/python3.12/site-packages/airflow/example_dags/example_kubernetes_executor.py
[2024-10-22T07:31:48.200+0000] {processor.py:914} INFO - Processing file /home/airflow/.local/lib/python3.12/site-packages/airflow/example_dags/example_kubernetes_executor.py for tasks to queue
[2024-10-22T07:31:48.202+0000] {logging_mixin.py:190} INFO - [2024-10-22T07:31:48.201+0000] {dagbag.py:588} INFO - Filling up the DagBag from /home/airflow/.local/lib/python3.12/site-packages/airflow/example_dags/example_kubernetes_executor.py
[2024-10-22T07:31:48.217+0000] {processor.py:925} INFO - DAG(s) 'example_kubernetes_executor' retrieved from /home/airflow/.local/lib/python3.12/site-packages/airflow/example_dags/example_kubernetes_executor.py
[2024-10-22T07:31:48.282+0000] {logging_mixin.py:190} INFO - [2024-10-22T07:31:48.281+0000] {dag.py:3239} INFO - Sync 1 DAGs
[2024-10-22T07:31:48.302+0000] {logging_mixin.py:190} INFO - [2024-10-22T07:31:48.302+0000] {dag.py:4180} INFO - Setting next_dagrun for example_kubernetes_executor to None, run_after=None
[2024-10-22T07:31:48.324+0000] {processor.py:208} INFO - Processing /home/airflow/.local/lib/python3.12/site-packages/airflow/example_dags/example_kubernetes_executor.py took 0.136 seconds
[2024-10-22T07:32:19.104+0000] {processor.py:186} INFO - Started process (PID=84356) to work on /home/airflow/.local/lib/python3.12/site-packages/airflow/example_dags/example_kubernetes_executor.py
[2024-10-22T07:32:19.106+0000] {processor.py:914} INFO - Processing file /home/airflow/.local/lib/python3.12/site-packages/airflow/example_dags/example_kubernetes_executor.py for tasks to queue
[2024-10-22T07:32:19.107+0000] {logging_mixin.py:190} INFO - [2024-10-22T07:32:19.107+0000] {dagbag.py:588} INFO - Filling up the DagBag from /home/airflow/.local/lib/python3.12/site-packages/airflow/example_dags/example_kubernetes_executor.py
[2024-10-22T07:32:19.123+0000] {processor.py:925} INFO - DAG(s) 'example_kubernetes_executor' retrieved from /home/airflow/.local/lib/python3.12/site-packages/airflow/example_dags/example_kubernetes_executor.py
[2024-10-22T07:32:19.180+0000] {logging_mixin.py:190} INFO - [2024-10-22T07:32:19.180+0000] {dag.py:3239} INFO - Sync 1 DAGs
[2024-10-22T07:32:19.197+0000] {logging_mixin.py:190} INFO - [2024-10-22T07:32:19.197+0000] {dag.py:4180} INFO - Setting next_dagrun for example_kubernetes_executor to None, run_after=None
[2024-10-22T07:32:19.218+0000] {processor.py:208} INFO - Processing /home/airflow/.local/lib/python3.12/site-packages/airflow/example_dags/example_kubernetes_executor.py took 0.122 seconds
[2024-10-22T07:32:49.605+0000] {processor.py:186} INFO - Started process (PID=84423) to work on /home/airflow/.local/lib/python3.12/site-packages/airflow/example_dags/example_kubernetes_executor.py
[2024-10-22T07:32:49.606+0000] {processor.py:914} INFO - Processing file /home/airflow/.local/lib/python3.12/site-packages/airflow/example_dags/example_kubernetes_executor.py for tasks to queue
[2024-10-22T07:32:49.608+0000] {logging_mixin.py:190} INFO - [2024-10-22T07:32:49.608+0000] {dagbag.py:588} INFO - Filling up the DagBag from /home/airflow/.local/lib/python3.12/site-packages/airflow/example_dags/example_kubernetes_executor.py
[2024-10-22T07:32:49.628+0000] {processor.py:925} INFO - DAG(s) 'example_kubernetes_executor' retrieved from /home/airflow/.local/lib/python3.12/site-packages/airflow/example_dags/example_kubernetes_executor.py
[2024-10-22T07:32:49.691+0000] {logging_mixin.py:190} INFO - [2024-10-22T07:32:49.690+0000] {dag.py:3239} INFO - Sync 1 DAGs
[2024-10-22T07:32:49.713+0000] {logging_mixin.py:190} INFO - [2024-10-22T07:32:49.713+0000] {dag.py:4180} INFO - Setting next_dagrun for example_kubernetes_executor to None, run_after=None
[2024-10-22T07:32:49.733+0000] {processor.py:208} INFO - Processing /home/airflow/.local/lib/python3.12/site-packages/airflow/example_dags/example_kubernetes_executor.py took 0.142 seconds
[2024-10-22T07:33:19.997+0000] {processor.py:186} INFO - Started process (PID=84490) to work on /home/airflow/.local/lib/python3.12/site-packages/airflow/example_dags/example_kubernetes_executor.py
[2024-10-22T07:33:19.998+0000] {processor.py:914} INFO - Processing file /home/airflow/.local/lib/python3.12/site-packages/airflow/example_dags/example_kubernetes_executor.py for tasks to queue
[2024-10-22T07:33:19.999+0000] {logging_mixin.py:190} INFO - [2024-10-22T07:33:19.999+0000] {dagbag.py:588} INFO - Filling up the DagBag from /home/airflow/.local/lib/python3.12/site-packages/airflow/example_dags/example_kubernetes_executor.py
[2024-10-22T07:33:20.017+0000] {processor.py:925} INFO - DAG(s) 'example_kubernetes_executor' retrieved from /home/airflow/.local/lib/python3.12/site-packages/airflow/example_dags/example_kubernetes_executor.py
[2024-10-22T07:33:20.072+0000] {logging_mixin.py:190} INFO - [2024-10-22T07:33:20.072+0000] {dag.py:3239} INFO - Sync 1 DAGs
[2024-10-22T07:33:20.093+0000] {logging_mixin.py:190} INFO - [2024-10-22T07:33:20.093+0000] {dag.py:4180} INFO - Setting next_dagrun for example_kubernetes_executor to None, run_after=None
[2024-10-22T07:33:20.112+0000] {processor.py:208} INFO - Processing /home/airflow/.local/lib/python3.12/site-packages/airflow/example_dags/example_kubernetes_executor.py took 0.123 seconds
[2024-10-22T07:33:50.471+0000] {processor.py:186} INFO - Started process (PID=84557) to work on /home/airflow/.local/lib/python3.12/site-packages/airflow/example_dags/example_kubernetes_executor.py
[2024-10-22T07:33:50.472+0000] {processor.py:914} INFO - Processing file /home/airflow/.local/lib/python3.12/site-packages/airflow/example_dags/example_kubernetes_executor.py for tasks to queue
[2024-10-22T07:33:50.474+0000] {logging_mixin.py:190} INFO - [2024-10-22T07:33:50.473+0000] {dagbag.py:588} INFO - Filling up the DagBag from /home/airflow/.local/lib/python3.12/site-packages/airflow/example_dags/example_kubernetes_executor.py
[2024-10-22T07:33:50.489+0000] {processor.py:925} INFO - DAG(s) 'example_kubernetes_executor' retrieved from /home/airflow/.local/lib/python3.12/site-packages/airflow/example_dags/example_kubernetes_executor.py
[2024-10-22T07:33:50.543+0000] {logging_mixin.py:190} INFO - [2024-10-22T07:33:50.543+0000] {dag.py:3239} INFO - Sync 1 DAGs
[2024-10-22T07:33:50.559+0000] {logging_mixin.py:190} INFO - [2024-10-22T07:33:50.559+0000] {dag.py:4180} INFO - Setting next_dagrun for example_kubernetes_executor to None, run_after=None
[2024-10-22T07:33:50.582+0000] {processor.py:208} INFO - Processing /home/airflow/.local/lib/python3.12/site-packages/airflow/example_dags/example_kubernetes_executor.py took 0.118 seconds
[2024-10-22T07:34:20.789+0000] {processor.py:186} INFO - Started process (PID=84624) to work on /home/airflow/.local/lib/python3.12/site-packages/airflow/example_dags/example_kubernetes_executor.py
[2024-10-22T07:34:20.790+0000] {processor.py:914} INFO - Processing file /home/airflow/.local/lib/python3.12/site-packages/airflow/example_dags/example_kubernetes_executor.py for tasks to queue
[2024-10-22T07:34:20.792+0000] {logging_mixin.py:190} INFO - [2024-10-22T07:34:20.792+0000] {dagbag.py:588} INFO - Filling up the DagBag from /home/airflow/.local/lib/python3.12/site-packages/airflow/example_dags/example_kubernetes_executor.py
[2024-10-22T07:34:20.807+0000] {processor.py:925} INFO - DAG(s) 'example_kubernetes_executor' retrieved from /home/airflow/.local/lib/python3.12/site-packages/airflow/example_dags/example_kubernetes_executor.py
[2024-10-22T07:34:20.862+0000] {logging_mixin.py:190} INFO - [2024-10-22T07:34:20.861+0000] {dag.py:3239} INFO - Sync 1 DAGs
[2024-10-22T07:34:20.879+0000] {logging_mixin.py:190} INFO - [2024-10-22T07:34:20.879+0000] {dag.py:4180} INFO - Setting next_dagrun for example_kubernetes_executor to None, run_after=None
[2024-10-22T07:34:20.898+0000] {processor.py:208} INFO - Processing /home/airflow/.local/lib/python3.12/site-packages/airflow/example_dags/example_kubernetes_executor.py took 0.118 seconds
[2024-10-22T07:34:51.677+0000] {processor.py:186} INFO - Started process (PID=84691) to work on /home/airflow/.local/lib/python3.12/site-packages/airflow/example_dags/example_kubernetes_executor.py
[2024-10-22T07:34:51.678+0000] {processor.py:914} INFO - Processing file /home/airflow/.local/lib/python3.12/site-packages/airflow/example_dags/example_kubernetes_executor.py for tasks to queue
[2024-10-22T07:34:51.679+0000] {logging_mixin.py:190} INFO - [2024-10-22T07:34:51.679+0000] {dagbag.py:588} INFO - Filling up the DagBag from /home/airflow/.local/lib/python3.12/site-packages/airflow/example_dags/example_kubernetes_executor.py
[2024-10-22T07:34:51.693+0000] {processor.py:925} INFO - DAG(s) 'example_kubernetes_executor' retrieved from /home/airflow/.local/lib/python3.12/site-packages/airflow/example_dags/example_kubernetes_executor.py
[2024-10-22T07:34:51.747+0000] {logging_mixin.py:190} INFO - [2024-10-22T07:34:51.747+0000] {dag.py:3239} INFO - Sync 1 DAGs
[2024-10-22T07:34:51.762+0000] {logging_mixin.py:190} INFO - [2024-10-22T07:34:51.762+0000] {dag.py:4180} INFO - Setting next_dagrun for example_kubernetes_executor to None, run_after=None
[2024-10-22T07:34:51.782+0000] {processor.py:208} INFO - Processing /home/airflow/.local/lib/python3.12/site-packages/airflow/example_dags/example_kubernetes_executor.py took 0.113 seconds
[2024-10-22T07:35:21.885+0000] {processor.py:186} INFO - Started process (PID=84758) to work on /home/airflow/.local/lib/python3.12/site-packages/airflow/example_dags/example_kubernetes_executor.py
[2024-10-22T07:35:21.886+0000] {processor.py:914} INFO - Processing file /home/airflow/.local/lib/python3.12/site-packages/airflow/example_dags/example_kubernetes_executor.py for tasks to queue
[2024-10-22T07:35:21.887+0000] {logging_mixin.py:190} INFO - [2024-10-22T07:35:21.887+0000] {dagbag.py:588} INFO - Filling up the DagBag from /home/airflow/.local/lib/python3.12/site-packages/airflow/example_dags/example_kubernetes_executor.py
[2024-10-22T07:35:21.902+0000] {processor.py:925} INFO - DAG(s) 'example_kubernetes_executor' retrieved from /home/airflow/.local/lib/python3.12/site-packages/airflow/example_dags/example_kubernetes_executor.py
[2024-10-22T07:35:21.956+0000] {logging_mixin.py:190} INFO - [2024-10-22T07:35:21.956+0000] {dag.py:3239} INFO - Sync 1 DAGs
[2024-10-22T07:35:21.972+0000] {logging_mixin.py:190} INFO - [2024-10-22T07:35:21.972+0000] {dag.py:4180} INFO - Setting next_dagrun for example_kubernetes_executor to None, run_after=None
[2024-10-22T07:35:21.991+0000] {processor.py:208} INFO - Processing /home/airflow/.local/lib/python3.12/site-packages/airflow/example_dags/example_kubernetes_executor.py took 0.113 seconds
[2024-10-22T07:35:52.980+0000] {processor.py:186} INFO - Started process (PID=84825) to work on /home/airflow/.local/lib/python3.12/site-packages/airflow/example_dags/example_kubernetes_executor.py
[2024-10-22T07:35:52.981+0000] {processor.py:914} INFO - Processing file /home/airflow/.local/lib/python3.12/site-packages/airflow/example_dags/example_kubernetes_executor.py for tasks to queue
[2024-10-22T07:35:52.982+0000] {logging_mixin.py:190} INFO - [2024-10-22T07:35:52.982+0000] {dagbag.py:588} INFO - Filling up the DagBag from /home/airflow/.local/lib/python3.12/site-packages/airflow/example_dags/example_kubernetes_executor.py
[2024-10-22T07:35:52.999+0000] {processor.py:925} INFO - DAG(s) 'example_kubernetes_executor' retrieved from /home/airflow/.local/lib/python3.12/site-packages/airflow/example_dags/example_kubernetes_executor.py
[2024-10-22T07:35:53.059+0000] {logging_mixin.py:190} INFO - [2024-10-22T07:35:53.059+0000] {dag.py:3239} INFO - Sync 1 DAGs
[2024-10-22T07:35:53.084+0000] {logging_mixin.py:190} INFO - [2024-10-22T07:35:53.084+0000] {dag.py:4180} INFO - Setting next_dagrun for example_kubernetes_executor to None, run_after=None
[2024-10-22T07:35:53.105+0000] {processor.py:208} INFO - Processing /home/airflow/.local/lib/python3.12/site-packages/airflow/example_dags/example_kubernetes_executor.py took 0.134 seconds
[2024-10-22T07:36:23.427+0000] {processor.py:186} INFO - Started process (PID=84892) to work on /home/airflow/.local/lib/python3.12/site-packages/airflow/example_dags/example_kubernetes_executor.py
[2024-10-22T07:36:23.428+0000] {processor.py:914} INFO - Processing file /home/airflow/.local/lib/python3.12/site-packages/airflow/example_dags/example_kubernetes_executor.py for tasks to queue
[2024-10-22T07:36:23.430+0000] {logging_mixin.py:190} INFO - [2024-10-22T07:36:23.430+0000] {dagbag.py:588} INFO - Filling up the DagBag from /home/airflow/.local/lib/python3.12/site-packages/airflow/example_dags/example_kubernetes_executor.py
[2024-10-22T07:36:23.445+0000] {processor.py:925} INFO - DAG(s) 'example_kubernetes_executor' retrieved from /home/airflow/.local/lib/python3.12/site-packages/airflow/example_dags/example_kubernetes_executor.py
[2024-10-22T07:36:23.501+0000] {logging_mixin.py:190} INFO - [2024-10-22T07:36:23.501+0000] {dag.py:3239} INFO - Sync 1 DAGs
[2024-10-22T07:36:23.518+0000] {logging_mixin.py:190} INFO - [2024-10-22T07:36:23.518+0000] {dag.py:4180} INFO - Setting next_dagrun for example_kubernetes_executor to None, run_after=None
[2024-10-22T07:36:23.536+0000] {processor.py:208} INFO - Processing /home/airflow/.local/lib/python3.12/site-packages/airflow/example_dags/example_kubernetes_executor.py took 0.118 seconds
[2024-10-22T07:36:53.984+0000] {processor.py:186} INFO - Started process (PID=84959) to work on /home/airflow/.local/lib/python3.12/site-packages/airflow/example_dags/example_kubernetes_executor.py
[2024-10-22T07:36:53.985+0000] {processor.py:914} INFO - Processing file /home/airflow/.local/lib/python3.12/site-packages/airflow/example_dags/example_kubernetes_executor.py for tasks to queue
[2024-10-22T07:36:53.987+0000] {logging_mixin.py:190} INFO - [2024-10-22T07:36:53.986+0000] {dagbag.py:588} INFO - Filling up the DagBag from /home/airflow/.local/lib/python3.12/site-packages/airflow/example_dags/example_kubernetes_executor.py
[2024-10-22T07:36:54.003+0000] {processor.py:925} INFO - DAG(s) 'example_kubernetes_executor' retrieved from /home/airflow/.local/lib/python3.12/site-packages/airflow/example_dags/example_kubernetes_executor.py
[2024-10-22T07:36:54.055+0000] {logging_mixin.py:190} INFO - [2024-10-22T07:36:54.055+0000] {dag.py:3239} INFO - Sync 1 DAGs
[2024-10-22T07:36:54.071+0000] {logging_mixin.py:190} INFO - [2024-10-22T07:36:54.070+0000] {dag.py:4180} INFO - Setting next_dagrun for example_kubernetes_executor to None, run_after=None
[2024-10-22T07:36:54.088+0000] {processor.py:208} INFO - Processing /home/airflow/.local/lib/python3.12/site-packages/airflow/example_dags/example_kubernetes_executor.py took 0.112 seconds
[2024-10-22T07:37:24.245+0000] {processor.py:186} INFO - Started process (PID=85026) to work on /home/airflow/.local/lib/python3.12/site-packages/airflow/example_dags/example_kubernetes_executor.py
[2024-10-22T07:37:24.247+0000] {processor.py:914} INFO - Processing file /home/airflow/.local/lib/python3.12/site-packages/airflow/example_dags/example_kubernetes_executor.py for tasks to queue
[2024-10-22T07:37:24.248+0000] {logging_mixin.py:190} INFO - [2024-10-22T07:37:24.248+0000] {dagbag.py:588} INFO - Filling up the DagBag from /home/airflow/.local/lib/python3.12/site-packages/airflow/example_dags/example_kubernetes_executor.py
[2024-10-22T07:37:24.263+0000] {processor.py:925} INFO - DAG(s) 'example_kubernetes_executor' retrieved from /home/airflow/.local/lib/python3.12/site-packages/airflow/example_dags/example_kubernetes_executor.py
[2024-10-22T07:37:24.314+0000] {logging_mixin.py:190} INFO - [2024-10-22T07:37:24.314+0000] {dag.py:3239} INFO - Sync 1 DAGs
[2024-10-22T07:37:24.330+0000] {logging_mixin.py:190} INFO - [2024-10-22T07:37:24.329+0000] {dag.py:4180} INFO - Setting next_dagrun for example_kubernetes_executor to None, run_after=None
[2024-10-22T07:37:24.347+0000] {processor.py:208} INFO - Processing /home/airflow/.local/lib/python3.12/site-packages/airflow/example_dags/example_kubernetes_executor.py took 0.109 seconds
[2024-10-22T07:37:54.484+0000] {processor.py:186} INFO - Started process (PID=85093) to work on /home/airflow/.local/lib/python3.12/site-packages/airflow/example_dags/example_kubernetes_executor.py
[2024-10-22T07:37:54.485+0000] {processor.py:914} INFO - Processing file /home/airflow/.local/lib/python3.12/site-packages/airflow/example_dags/example_kubernetes_executor.py for tasks to queue
[2024-10-22T07:37:54.486+0000] {logging_mixin.py:190} INFO - [2024-10-22T07:37:54.486+0000] {dagbag.py:588} INFO - Filling up the DagBag from /home/airflow/.local/lib/python3.12/site-packages/airflow/example_dags/example_kubernetes_executor.py
[2024-10-22T07:37:54.503+0000] {processor.py:925} INFO - DAG(s) 'example_kubernetes_executor' retrieved from /home/airflow/.local/lib/python3.12/site-packages/airflow/example_dags/example_kubernetes_executor.py
[2024-10-22T07:37:54.561+0000] {logging_mixin.py:190} INFO - [2024-10-22T07:37:54.561+0000] {dag.py:3239} INFO - Sync 1 DAGs
[2024-10-22T07:37:54.577+0000] {logging_mixin.py:190} INFO - [2024-10-22T07:37:54.576+0000] {dag.py:4180} INFO - Setting next_dagrun for example_kubernetes_executor to None, run_after=None
[2024-10-22T07:37:54.594+0000] {processor.py:208} INFO - Processing /home/airflow/.local/lib/python3.12/site-packages/airflow/example_dags/example_kubernetes_executor.py took 0.120 seconds
[2024-10-22T07:38:24.757+0000] {processor.py:186} INFO - Started process (PID=85160) to work on /home/airflow/.local/lib/python3.12/site-packages/airflow/example_dags/example_kubernetes_executor.py
[2024-10-22T07:38:24.758+0000] {processor.py:914} INFO - Processing file /home/airflow/.local/lib/python3.12/site-packages/airflow/example_dags/example_kubernetes_executor.py for tasks to queue
[2024-10-22T07:38:24.760+0000] {logging_mixin.py:190} INFO - [2024-10-22T07:38:24.760+0000] {dagbag.py:588} INFO - Filling up the DagBag from /home/airflow/.local/lib/python3.12/site-packages/airflow/example_dags/example_kubernetes_executor.py
[2024-10-22T07:38:24.777+0000] {processor.py:925} INFO - DAG(s) 'example_kubernetes_executor' retrieved from /home/airflow/.local/lib/python3.12/site-packages/airflow/example_dags/example_kubernetes_executor.py
[2024-10-22T07:38:24.833+0000] {logging_mixin.py:190} INFO - [2024-10-22T07:38:24.833+0000] {dag.py:3239} INFO - Sync 1 DAGs
[2024-10-22T07:38:24.849+0000] {logging_mixin.py:190} INFO - [2024-10-22T07:38:24.849+0000] {dag.py:4180} INFO - Setting next_dagrun for example_kubernetes_executor to None, run_after=None
[2024-10-22T07:38:24.868+0000] {processor.py:208} INFO - Processing /home/airflow/.local/lib/python3.12/site-packages/airflow/example_dags/example_kubernetes_executor.py took 0.118 seconds
[2024-10-22T07:38:54.909+0000] {processor.py:186} INFO - Started process (PID=85226) to work on /home/airflow/.local/lib/python3.12/site-packages/airflow/example_dags/example_kubernetes_executor.py
[2024-10-22T07:38:54.910+0000] {processor.py:914} INFO - Processing file /home/airflow/.local/lib/python3.12/site-packages/airflow/example_dags/example_kubernetes_executor.py for tasks to queue
[2024-10-22T07:38:54.912+0000] {logging_mixin.py:190} INFO - [2024-10-22T07:38:54.912+0000] {dagbag.py:588} INFO - Filling up the DagBag from /home/airflow/.local/lib/python3.12/site-packages/airflow/example_dags/example_kubernetes_executor.py
[2024-10-22T07:38:54.929+0000] {processor.py:925} INFO - DAG(s) 'example_kubernetes_executor' retrieved from /home/airflow/.local/lib/python3.12/site-packages/airflow/example_dags/example_kubernetes_executor.py
[2024-10-22T07:38:54.982+0000] {logging_mixin.py:190} INFO - [2024-10-22T07:38:54.981+0000] {dag.py:3239} INFO - Sync 1 DAGs
[2024-10-22T07:38:54.997+0000] {logging_mixin.py:190} INFO - [2024-10-22T07:38:54.997+0000] {dag.py:4180} INFO - Setting next_dagrun for example_kubernetes_executor to None, run_after=None
[2024-10-22T07:38:55.015+0000] {processor.py:208} INFO - Processing /home/airflow/.local/lib/python3.12/site-packages/airflow/example_dags/example_kubernetes_executor.py took 0.115 seconds
[2024-10-22T07:39:25.819+0000] {processor.py:186} INFO - Started process (PID=85293) to work on /home/airflow/.local/lib/python3.12/site-packages/airflow/example_dags/example_kubernetes_executor.py
[2024-10-22T07:39:25.820+0000] {processor.py:914} INFO - Processing file /home/airflow/.local/lib/python3.12/site-packages/airflow/example_dags/example_kubernetes_executor.py for tasks to queue
[2024-10-22T07:39:25.821+0000] {logging_mixin.py:190} INFO - [2024-10-22T07:39:25.821+0000] {dagbag.py:588} INFO - Filling up the DagBag from /home/airflow/.local/lib/python3.12/site-packages/airflow/example_dags/example_kubernetes_executor.py
[2024-10-22T07:39:25.837+0000] {processor.py:925} INFO - DAG(s) 'example_kubernetes_executor' retrieved from /home/airflow/.local/lib/python3.12/site-packages/airflow/example_dags/example_kubernetes_executor.py
[2024-10-22T07:39:25.891+0000] {logging_mixin.py:190} INFO - [2024-10-22T07:39:25.891+0000] {dag.py:3239} INFO - Sync 1 DAGs
[2024-10-22T07:39:25.909+0000] {logging_mixin.py:190} INFO - [2024-10-22T07:39:25.908+0000] {dag.py:4180} INFO - Setting next_dagrun for example_kubernetes_executor to None, run_after=None
[2024-10-22T07:39:25.926+0000] {processor.py:208} INFO - Processing /home/airflow/.local/lib/python3.12/site-packages/airflow/example_dags/example_kubernetes_executor.py took 0.118 seconds
[2024-10-22T07:39:56.190+0000] {processor.py:186} INFO - Started process (PID=85360) to work on /home/airflow/.local/lib/python3.12/site-packages/airflow/example_dags/example_kubernetes_executor.py
[2024-10-22T07:39:56.191+0000] {processor.py:914} INFO - Processing file /home/airflow/.local/lib/python3.12/site-packages/airflow/example_dags/example_kubernetes_executor.py for tasks to queue
[2024-10-22T07:39:56.193+0000] {logging_mixin.py:190} INFO - [2024-10-22T07:39:56.192+0000] {dagbag.py:588} INFO - Filling up the DagBag from /home/airflow/.local/lib/python3.12/site-packages/airflow/example_dags/example_kubernetes_executor.py
[2024-10-22T07:39:56.207+0000] {processor.py:925} INFO - DAG(s) 'example_kubernetes_executor' retrieved from /home/airflow/.local/lib/python3.12/site-packages/airflow/example_dags/example_kubernetes_executor.py
[2024-10-22T07:39:56.263+0000] {logging_mixin.py:190} INFO - [2024-10-22T07:39:56.263+0000] {dag.py:3239} INFO - Sync 1 DAGs
[2024-10-22T07:39:56.279+0000] {logging_mixin.py:190} INFO - [2024-10-22T07:39:56.278+0000] {dag.py:4180} INFO - Setting next_dagrun for example_kubernetes_executor to None, run_after=None
[2024-10-22T07:39:56.296+0000] {processor.py:208} INFO - Processing /home/airflow/.local/lib/python3.12/site-packages/airflow/example_dags/example_kubernetes_executor.py took 0.113 seconds
[2024-10-22T07:40:26.676+0000] {processor.py:186} INFO - Started process (PID=85427) to work on /home/airflow/.local/lib/python3.12/site-packages/airflow/example_dags/example_kubernetes_executor.py
[2024-10-22T07:40:26.678+0000] {processor.py:914} INFO - Processing file /home/airflow/.local/lib/python3.12/site-packages/airflow/example_dags/example_kubernetes_executor.py for tasks to queue
[2024-10-22T07:40:26.680+0000] {logging_mixin.py:190} INFO - [2024-10-22T07:40:26.679+0000] {dagbag.py:588} INFO - Filling up the DagBag from /home/airflow/.local/lib/python3.12/site-packages/airflow/example_dags/example_kubernetes_executor.py
[2024-10-22T07:40:26.697+0000] {processor.py:925} INFO - DAG(s) 'example_kubernetes_executor' retrieved from /home/airflow/.local/lib/python3.12/site-packages/airflow/example_dags/example_kubernetes_executor.py
[2024-10-22T07:40:26.753+0000] {logging_mixin.py:190} INFO - [2024-10-22T07:40:26.753+0000] {dag.py:3239} INFO - Sync 1 DAGs
[2024-10-22T07:40:26.769+0000] {logging_mixin.py:190} INFO - [2024-10-22T07:40:26.769+0000] {dag.py:4180} INFO - Setting next_dagrun for example_kubernetes_executor to None, run_after=None
[2024-10-22T07:40:26.789+0000] {processor.py:208} INFO - Processing /home/airflow/.local/lib/python3.12/site-packages/airflow/example_dags/example_kubernetes_executor.py took 0.121 seconds
[2024-10-22T07:40:57.275+0000] {processor.py:186} INFO - Started process (PID=85494) to work on /home/airflow/.local/lib/python3.12/site-packages/airflow/example_dags/example_kubernetes_executor.py
[2024-10-22T07:40:57.277+0000] {processor.py:914} INFO - Processing file /home/airflow/.local/lib/python3.12/site-packages/airflow/example_dags/example_kubernetes_executor.py for tasks to queue
[2024-10-22T07:40:57.279+0000] {logging_mixin.py:190} INFO - [2024-10-22T07:40:57.278+0000] {dagbag.py:588} INFO - Filling up the DagBag from /home/airflow/.local/lib/python3.12/site-packages/airflow/example_dags/example_kubernetes_executor.py
[2024-10-22T07:40:57.299+0000] {processor.py:925} INFO - DAG(s) 'example_kubernetes_executor' retrieved from /home/airflow/.local/lib/python3.12/site-packages/airflow/example_dags/example_kubernetes_executor.py
[2024-10-22T07:40:57.368+0000] {logging_mixin.py:190} INFO - [2024-10-22T07:40:57.368+0000] {dag.py:3239} INFO - Sync 1 DAGs
[2024-10-22T07:40:57.385+0000] {logging_mixin.py:190} INFO - [2024-10-22T07:40:57.385+0000] {dag.py:4180} INFO - Setting next_dagrun for example_kubernetes_executor to None, run_after=None
[2024-10-22T07:40:57.405+0000] {processor.py:208} INFO - Processing /home/airflow/.local/lib/python3.12/site-packages/airflow/example_dags/example_kubernetes_executor.py took 0.139 seconds
[2024-10-22T07:41:28.117+0000] {processor.py:186} INFO - Started process (PID=85561) to work on /home/airflow/.local/lib/python3.12/site-packages/airflow/example_dags/example_kubernetes_executor.py
[2024-10-22T07:41:28.118+0000] {processor.py:914} INFO - Processing file /home/airflow/.local/lib/python3.12/site-packages/airflow/example_dags/example_kubernetes_executor.py for tasks to queue
[2024-10-22T07:41:28.119+0000] {logging_mixin.py:190} INFO - [2024-10-22T07:41:28.119+0000] {dagbag.py:588} INFO - Filling up the DagBag from /home/airflow/.local/lib/python3.12/site-packages/airflow/example_dags/example_kubernetes_executor.py
[2024-10-22T07:41:28.135+0000] {processor.py:925} INFO - DAG(s) 'example_kubernetes_executor' retrieved from /home/airflow/.local/lib/python3.12/site-packages/airflow/example_dags/example_kubernetes_executor.py
[2024-10-22T07:41:28.194+0000] {logging_mixin.py:190} INFO - [2024-10-22T07:41:28.194+0000] {dag.py:3239} INFO - Sync 1 DAGs
[2024-10-22T07:41:28.210+0000] {logging_mixin.py:190} INFO - [2024-10-22T07:41:28.210+0000] {dag.py:4180} INFO - Setting next_dagrun for example_kubernetes_executor to None, run_after=None
[2024-10-22T07:41:28.229+0000] {processor.py:208} INFO - Processing /home/airflow/.local/lib/python3.12/site-packages/airflow/example_dags/example_kubernetes_executor.py took 0.119 seconds
[2024-10-22T07:41:58.630+0000] {processor.py:186} INFO - Started process (PID=85628) to work on /home/airflow/.local/lib/python3.12/site-packages/airflow/example_dags/example_kubernetes_executor.py
[2024-10-22T07:41:58.631+0000] {processor.py:914} INFO - Processing file /home/airflow/.local/lib/python3.12/site-packages/airflow/example_dags/example_kubernetes_executor.py for tasks to queue
[2024-10-22T07:41:58.633+0000] {logging_mixin.py:190} INFO - [2024-10-22T07:41:58.632+0000] {dagbag.py:588} INFO - Filling up the DagBag from /home/airflow/.local/lib/python3.12/site-packages/airflow/example_dags/example_kubernetes_executor.py
[2024-10-22T07:41:58.647+0000] {processor.py:925} INFO - DAG(s) 'example_kubernetes_executor' retrieved from /home/airflow/.local/lib/python3.12/site-packages/airflow/example_dags/example_kubernetes_executor.py
[2024-10-22T07:41:58.704+0000] {logging_mixin.py:190} INFO - [2024-10-22T07:41:58.704+0000] {dag.py:3239} INFO - Sync 1 DAGs
[2024-10-22T07:41:58.721+0000] {logging_mixin.py:190} INFO - [2024-10-22T07:41:58.720+0000] {dag.py:4180} INFO - Setting next_dagrun for example_kubernetes_executor to None, run_after=None
[2024-10-22T07:41:58.738+0000] {processor.py:208} INFO - Processing /home/airflow/.local/lib/python3.12/site-packages/airflow/example_dags/example_kubernetes_executor.py took 0.115 seconds
[2024-10-22T07:42:28.996+0000] {processor.py:186} INFO - Started process (PID=85695) to work on /home/airflow/.local/lib/python3.12/site-packages/airflow/example_dags/example_kubernetes_executor.py
[2024-10-22T07:42:28.997+0000] {processor.py:914} INFO - Processing file /home/airflow/.local/lib/python3.12/site-packages/airflow/example_dags/example_kubernetes_executor.py for tasks to queue
[2024-10-22T07:42:28.999+0000] {logging_mixin.py:190} INFO - [2024-10-22T07:42:28.998+0000] {dagbag.py:588} INFO - Filling up the DagBag from /home/airflow/.local/lib/python3.12/site-packages/airflow/example_dags/example_kubernetes_executor.py
[2024-10-22T07:42:29.013+0000] {processor.py:925} INFO - DAG(s) 'example_kubernetes_executor' retrieved from /home/airflow/.local/lib/python3.12/site-packages/airflow/example_dags/example_kubernetes_executor.py
[2024-10-22T07:42:29.069+0000] {logging_mixin.py:190} INFO - [2024-10-22T07:42:29.068+0000] {dag.py:3239} INFO - Sync 1 DAGs
[2024-10-22T07:42:29.088+0000] {logging_mixin.py:190} INFO - [2024-10-22T07:42:29.087+0000] {dag.py:4180} INFO - Setting next_dagrun for example_kubernetes_executor to None, run_after=None
[2024-10-22T07:42:29.103+0000] {processor.py:208} INFO - Processing /home/airflow/.local/lib/python3.12/site-packages/airflow/example_dags/example_kubernetes_executor.py took 0.115 seconds
[2024-10-22T07:42:59.640+0000] {processor.py:186} INFO - Started process (PID=85762) to work on /home/airflow/.local/lib/python3.12/site-packages/airflow/example_dags/example_kubernetes_executor.py
[2024-10-22T07:42:59.641+0000] {processor.py:914} INFO - Processing file /home/airflow/.local/lib/python3.12/site-packages/airflow/example_dags/example_kubernetes_executor.py for tasks to queue
[2024-10-22T07:42:59.643+0000] {logging_mixin.py:190} INFO - [2024-10-22T07:42:59.642+0000] {dagbag.py:588} INFO - Filling up the DagBag from /home/airflow/.local/lib/python3.12/site-packages/airflow/example_dags/example_kubernetes_executor.py
[2024-10-22T07:42:59.658+0000] {processor.py:925} INFO - DAG(s) 'example_kubernetes_executor' retrieved from /home/airflow/.local/lib/python3.12/site-packages/airflow/example_dags/example_kubernetes_executor.py
[2024-10-22T07:42:59.719+0000] {logging_mixin.py:190} INFO - [2024-10-22T07:42:59.718+0000] {dag.py:3239} INFO - Sync 1 DAGs
[2024-10-22T07:42:59.737+0000] {logging_mixin.py:190} INFO - [2024-10-22T07:42:59.736+0000] {dag.py:4180} INFO - Setting next_dagrun for example_kubernetes_executor to None, run_after=None
[2024-10-22T07:42:59.755+0000] {processor.py:208} INFO - Processing /home/airflow/.local/lib/python3.12/site-packages/airflow/example_dags/example_kubernetes_executor.py took 0.123 seconds
[2024-10-22T07:43:30.286+0000] {processor.py:186} INFO - Started process (PID=85829) to work on /home/airflow/.local/lib/python3.12/site-packages/airflow/example_dags/example_kubernetes_executor.py
[2024-10-22T07:43:30.287+0000] {processor.py:914} INFO - Processing file /home/airflow/.local/lib/python3.12/site-packages/airflow/example_dags/example_kubernetes_executor.py for tasks to queue
[2024-10-22T07:43:30.290+0000] {logging_mixin.py:190} INFO - [2024-10-22T07:43:30.289+0000] {dagbag.py:588} INFO - Filling up the DagBag from /home/airflow/.local/lib/python3.12/site-packages/airflow/example_dags/example_kubernetes_executor.py
[2024-10-22T07:43:30.307+0000] {processor.py:925} INFO - DAG(s) 'example_kubernetes_executor' retrieved from /home/airflow/.local/lib/python3.12/site-packages/airflow/example_dags/example_kubernetes_executor.py
[2024-10-22T07:43:30.380+0000] {logging_mixin.py:190} INFO - [2024-10-22T07:43:30.380+0000] {dag.py:3239} INFO - Sync 1 DAGs
[2024-10-22T07:43:30.402+0000] {logging_mixin.py:190} INFO - [2024-10-22T07:43:30.402+0000] {dag.py:4180} INFO - Setting next_dagrun for example_kubernetes_executor to None, run_after=None
[2024-10-22T07:43:30.424+0000] {processor.py:208} INFO - Processing /home/airflow/.local/lib/python3.12/site-packages/airflow/example_dags/example_kubernetes_executor.py took 0.159 seconds
[2024-10-22T07:44:01.253+0000] {processor.py:186} INFO - Started process (PID=85896) to work on /home/airflow/.local/lib/python3.12/site-packages/airflow/example_dags/example_kubernetes_executor.py
[2024-10-22T07:44:01.254+0000] {processor.py:914} INFO - Processing file /home/airflow/.local/lib/python3.12/site-packages/airflow/example_dags/example_kubernetes_executor.py for tasks to queue
[2024-10-22T07:44:01.256+0000] {logging_mixin.py:190} INFO - [2024-10-22T07:44:01.255+0000] {dagbag.py:588} INFO - Filling up the DagBag from /home/airflow/.local/lib/python3.12/site-packages/airflow/example_dags/example_kubernetes_executor.py
[2024-10-22T07:44:01.290+0000] {processor.py:925} INFO - DAG(s) 'example_kubernetes_executor' retrieved from /home/airflow/.local/lib/python3.12/site-packages/airflow/example_dags/example_kubernetes_executor.py
[2024-10-22T07:44:01.378+0000] {logging_mixin.py:190} INFO - [2024-10-22T07:44:01.378+0000] {dag.py:3239} INFO - Sync 1 DAGs
[2024-10-22T07:44:01.397+0000] {logging_mixin.py:190} INFO - [2024-10-22T07:44:01.396+0000] {dag.py:4180} INFO - Setting next_dagrun for example_kubernetes_executor to None, run_after=None
[2024-10-22T07:44:01.416+0000] {processor.py:208} INFO - Processing /home/airflow/.local/lib/python3.12/site-packages/airflow/example_dags/example_kubernetes_executor.py took 0.176 seconds
[2024-10-22T07:44:31.885+0000] {processor.py:186} INFO - Started process (PID=85963) to work on /home/airflow/.local/lib/python3.12/site-packages/airflow/example_dags/example_kubernetes_executor.py
[2024-10-22T07:44:31.886+0000] {processor.py:914} INFO - Processing file /home/airflow/.local/lib/python3.12/site-packages/airflow/example_dags/example_kubernetes_executor.py for tasks to queue
[2024-10-22T07:44:31.888+0000] {logging_mixin.py:190} INFO - [2024-10-22T07:44:31.887+0000] {dagbag.py:588} INFO - Filling up the DagBag from /home/airflow/.local/lib/python3.12/site-packages/airflow/example_dags/example_kubernetes_executor.py
[2024-10-22T07:44:31.903+0000] {processor.py:925} INFO - DAG(s) 'example_kubernetes_executor' retrieved from /home/airflow/.local/lib/python3.12/site-packages/airflow/example_dags/example_kubernetes_executor.py
[2024-10-22T07:44:31.955+0000] {logging_mixin.py:190} INFO - [2024-10-22T07:44:31.955+0000] {dag.py:3239} INFO - Sync 1 DAGs
[2024-10-22T07:44:31.971+0000] {logging_mixin.py:190} INFO - [2024-10-22T07:44:31.971+0000] {dag.py:4180} INFO - Setting next_dagrun for example_kubernetes_executor to None, run_after=None
[2024-10-22T07:44:31.991+0000] {processor.py:208} INFO - Processing /home/airflow/.local/lib/python3.12/site-packages/airflow/example_dags/example_kubernetes_executor.py took 0.114 seconds
[2024-10-22T07:45:02.473+0000] {processor.py:186} INFO - Started process (PID=86030) to work on /home/airflow/.local/lib/python3.12/site-packages/airflow/example_dags/example_kubernetes_executor.py
[2024-10-22T07:45:02.474+0000] {processor.py:914} INFO - Processing file /home/airflow/.local/lib/python3.12/site-packages/airflow/example_dags/example_kubernetes_executor.py for tasks to queue
[2024-10-22T07:45:02.475+0000] {logging_mixin.py:190} INFO - [2024-10-22T07:45:02.475+0000] {dagbag.py:588} INFO - Filling up the DagBag from /home/airflow/.local/lib/python3.12/site-packages/airflow/example_dags/example_kubernetes_executor.py
[2024-10-22T07:45:02.490+0000] {processor.py:925} INFO - DAG(s) 'example_kubernetes_executor' retrieved from /home/airflow/.local/lib/python3.12/site-packages/airflow/example_dags/example_kubernetes_executor.py
[2024-10-22T07:45:02.546+0000] {logging_mixin.py:190} INFO - [2024-10-22T07:45:02.546+0000] {dag.py:3239} INFO - Sync 1 DAGs
[2024-10-22T07:45:02.562+0000] {logging_mixin.py:190} INFO - [2024-10-22T07:45:02.562+0000] {dag.py:4180} INFO - Setting next_dagrun for example_kubernetes_executor to None, run_after=None
[2024-10-22T07:45:02.580+0000] {processor.py:208} INFO - Processing /home/airflow/.local/lib/python3.12/site-packages/airflow/example_dags/example_kubernetes_executor.py took 0.120 seconds
[2024-10-22T07:45:33.184+0000] {processor.py:186} INFO - Started process (PID=86097) to work on /home/airflow/.local/lib/python3.12/site-packages/airflow/example_dags/example_kubernetes_executor.py
[2024-10-22T07:45:33.185+0000] {processor.py:914} INFO - Processing file /home/airflow/.local/lib/python3.12/site-packages/airflow/example_dags/example_kubernetes_executor.py for tasks to queue
[2024-10-22T07:45:33.187+0000] {logging_mixin.py:190} INFO - [2024-10-22T07:45:33.186+0000] {dagbag.py:588} INFO - Filling up the DagBag from /home/airflow/.local/lib/python3.12/site-packages/airflow/example_dags/example_kubernetes_executor.py
[2024-10-22T07:45:33.201+0000] {processor.py:925} INFO - DAG(s) 'example_kubernetes_executor' retrieved from /home/airflow/.local/lib/python3.12/site-packages/airflow/example_dags/example_kubernetes_executor.py
[2024-10-22T07:45:33.251+0000] {logging_mixin.py:190} INFO - [2024-10-22T07:45:33.251+0000] {dag.py:3239} INFO - Sync 1 DAGs
[2024-10-22T07:45:33.268+0000] {logging_mixin.py:190} INFO - [2024-10-22T07:45:33.268+0000] {dag.py:4180} INFO - Setting next_dagrun for example_kubernetes_executor to None, run_after=None
[2024-10-22T07:45:33.285+0000] {processor.py:208} INFO - Processing /home/airflow/.local/lib/python3.12/site-packages/airflow/example_dags/example_kubernetes_executor.py took 0.110 seconds
[2024-10-22T07:46:03.708+0000] {processor.py:186} INFO - Started process (PID=86164) to work on /home/airflow/.local/lib/python3.12/site-packages/airflow/example_dags/example_kubernetes_executor.py
[2024-10-22T07:46:03.709+0000] {processor.py:914} INFO - Processing file /home/airflow/.local/lib/python3.12/site-packages/airflow/example_dags/example_kubernetes_executor.py for tasks to queue
[2024-10-22T07:46:03.711+0000] {logging_mixin.py:190} INFO - [2024-10-22T07:46:03.711+0000] {dagbag.py:588} INFO - Filling up the DagBag from /home/airflow/.local/lib/python3.12/site-packages/airflow/example_dags/example_kubernetes_executor.py
[2024-10-22T07:46:03.731+0000] {processor.py:925} INFO - DAG(s) 'example_kubernetes_executor' retrieved from /home/airflow/.local/lib/python3.12/site-packages/airflow/example_dags/example_kubernetes_executor.py
[2024-10-22T07:46:03.786+0000] {logging_mixin.py:190} INFO - [2024-10-22T07:46:03.786+0000] {dag.py:3239} INFO - Sync 1 DAGs
[2024-10-22T07:46:03.803+0000] {logging_mixin.py:190} INFO - [2024-10-22T07:46:03.802+0000] {dag.py:4180} INFO - Setting next_dagrun for example_kubernetes_executor to None, run_after=None
[2024-10-22T07:46:03.818+0000] {processor.py:208} INFO - Processing /home/airflow/.local/lib/python3.12/site-packages/airflow/example_dags/example_kubernetes_executor.py took 0.120 seconds
[2024-10-22T07:46:34.296+0000] {processor.py:186} INFO - Started process (PID=86230) to work on /home/airflow/.local/lib/python3.12/site-packages/airflow/example_dags/example_kubernetes_executor.py
[2024-10-22T07:46:34.297+0000] {processor.py:914} INFO - Processing file /home/airflow/.local/lib/python3.12/site-packages/airflow/example_dags/example_kubernetes_executor.py for tasks to queue
[2024-10-22T07:46:34.298+0000] {logging_mixin.py:190} INFO - [2024-10-22T07:46:34.298+0000] {dagbag.py:588} INFO - Filling up the DagBag from /home/airflow/.local/lib/python3.12/site-packages/airflow/example_dags/example_kubernetes_executor.py
[2024-10-22T07:46:34.313+0000] {processor.py:925} INFO - DAG(s) 'example_kubernetes_executor' retrieved from /home/airflow/.local/lib/python3.12/site-packages/airflow/example_dags/example_kubernetes_executor.py
[2024-10-22T07:46:34.367+0000] {logging_mixin.py:190} INFO - [2024-10-22T07:46:34.366+0000] {dag.py:3239} INFO - Sync 1 DAGs
[2024-10-22T07:46:34.382+0000] {logging_mixin.py:190} INFO - [2024-10-22T07:46:34.382+0000] {dag.py:4180} INFO - Setting next_dagrun for example_kubernetes_executor to None, run_after=None
[2024-10-22T07:46:34.400+0000] {processor.py:208} INFO - Processing /home/airflow/.local/lib/python3.12/site-packages/airflow/example_dags/example_kubernetes_executor.py took 0.112 seconds
[2024-10-22T07:47:04.982+0000] {processor.py:186} INFO - Started process (PID=86297) to work on /home/airflow/.local/lib/python3.12/site-packages/airflow/example_dags/example_kubernetes_executor.py
[2024-10-22T07:47:04.983+0000] {processor.py:914} INFO - Processing file /home/airflow/.local/lib/python3.12/site-packages/airflow/example_dags/example_kubernetes_executor.py for tasks to queue
[2024-10-22T07:47:04.985+0000] {logging_mixin.py:190} INFO - [2024-10-22T07:47:04.984+0000] {dagbag.py:588} INFO - Filling up the DagBag from /home/airflow/.local/lib/python3.12/site-packages/airflow/example_dags/example_kubernetes_executor.py
[2024-10-22T07:47:04.999+0000] {processor.py:925} INFO - DAG(s) 'example_kubernetes_executor' retrieved from /home/airflow/.local/lib/python3.12/site-packages/airflow/example_dags/example_kubernetes_executor.py
[2024-10-22T07:47:05.051+0000] {logging_mixin.py:190} INFO - [2024-10-22T07:47:05.050+0000] {dag.py:3239} INFO - Sync 1 DAGs
[2024-10-22T07:47:05.068+0000] {logging_mixin.py:190} INFO - [2024-10-22T07:47:05.067+0000] {dag.py:4180} INFO - Setting next_dagrun for example_kubernetes_executor to None, run_after=None
[2024-10-22T07:47:05.085+0000] {processor.py:208} INFO - Processing /home/airflow/.local/lib/python3.12/site-packages/airflow/example_dags/example_kubernetes_executor.py took 0.110 seconds
[2024-10-22T07:47:35.670+0000] {processor.py:186} INFO - Started process (PID=86364) to work on /home/airflow/.local/lib/python3.12/site-packages/airflow/example_dags/example_kubernetes_executor.py
[2024-10-22T07:47:35.671+0000] {processor.py:914} INFO - Processing file /home/airflow/.local/lib/python3.12/site-packages/airflow/example_dags/example_kubernetes_executor.py for tasks to queue
[2024-10-22T07:47:35.672+0000] {logging_mixin.py:190} INFO - [2024-10-22T07:47:35.672+0000] {dagbag.py:588} INFO - Filling up the DagBag from /home/airflow/.local/lib/python3.12/site-packages/airflow/example_dags/example_kubernetes_executor.py
[2024-10-22T07:47:35.687+0000] {processor.py:925} INFO - DAG(s) 'example_kubernetes_executor' retrieved from /home/airflow/.local/lib/python3.12/site-packages/airflow/example_dags/example_kubernetes_executor.py
[2024-10-22T07:47:35.739+0000] {logging_mixin.py:190} INFO - [2024-10-22T07:47:35.739+0000] {dag.py:3239} INFO - Sync 1 DAGs
[2024-10-22T07:47:35.756+0000] {logging_mixin.py:190} INFO - [2024-10-22T07:47:35.756+0000] {dag.py:4180} INFO - Setting next_dagrun for example_kubernetes_executor to None, run_after=None
[2024-10-22T07:47:35.773+0000] {processor.py:208} INFO - Processing /home/airflow/.local/lib/python3.12/site-packages/airflow/example_dags/example_kubernetes_executor.py took 0.110 seconds
[2024-10-22T07:48:05.820+0000] {processor.py:186} INFO - Started process (PID=86431) to work on /home/airflow/.local/lib/python3.12/site-packages/airflow/example_dags/example_kubernetes_executor.py
[2024-10-22T07:48:05.821+0000] {processor.py:914} INFO - Processing file /home/airflow/.local/lib/python3.12/site-packages/airflow/example_dags/example_kubernetes_executor.py for tasks to queue
[2024-10-22T07:48:05.823+0000] {logging_mixin.py:190} INFO - [2024-10-22T07:48:05.822+0000] {dagbag.py:588} INFO - Filling up the DagBag from /home/airflow/.local/lib/python3.12/site-packages/airflow/example_dags/example_kubernetes_executor.py
[2024-10-22T07:48:05.837+0000] {processor.py:925} INFO - DAG(s) 'example_kubernetes_executor' retrieved from /home/airflow/.local/lib/python3.12/site-packages/airflow/example_dags/example_kubernetes_executor.py
[2024-10-22T07:48:05.897+0000] {logging_mixin.py:190} INFO - [2024-10-22T07:48:05.896+0000] {dag.py:3239} INFO - Sync 1 DAGs
[2024-10-22T07:48:05.913+0000] {logging_mixin.py:190} INFO - [2024-10-22T07:48:05.912+0000] {dag.py:4180} INFO - Setting next_dagrun for example_kubernetes_executor to None, run_after=None
[2024-10-22T07:48:05.931+0000] {processor.py:208} INFO - Processing /home/airflow/.local/lib/python3.12/site-packages/airflow/example_dags/example_kubernetes_executor.py took 0.119 seconds
[2024-10-22T07:48:36.003+0000] {processor.py:186} INFO - Started process (PID=86497) to work on /home/airflow/.local/lib/python3.12/site-packages/airflow/example_dags/example_kubernetes_executor.py
[2024-10-22T07:48:36.004+0000] {processor.py:914} INFO - Processing file /home/airflow/.local/lib/python3.12/site-packages/airflow/example_dags/example_kubernetes_executor.py for tasks to queue
[2024-10-22T07:48:36.005+0000] {logging_mixin.py:190} INFO - [2024-10-22T07:48:36.005+0000] {dagbag.py:588} INFO - Filling up the DagBag from /home/airflow/.local/lib/python3.12/site-packages/airflow/example_dags/example_kubernetes_executor.py
[2024-10-22T07:48:36.020+0000] {processor.py:925} INFO - DAG(s) 'example_kubernetes_executor' retrieved from /home/airflow/.local/lib/python3.12/site-packages/airflow/example_dags/example_kubernetes_executor.py
[2024-10-22T07:48:36.073+0000] {logging_mixin.py:190} INFO - [2024-10-22T07:48:36.073+0000] {dag.py:3239} INFO - Sync 1 DAGs
[2024-10-22T07:48:36.098+0000] {logging_mixin.py:190} INFO - [2024-10-22T07:48:36.097+0000] {dag.py:4180} INFO - Setting next_dagrun for example_kubernetes_executor to None, run_after=None
[2024-10-22T07:48:36.116+0000] {processor.py:208} INFO - Processing /home/airflow/.local/lib/python3.12/site-packages/airflow/example_dags/example_kubernetes_executor.py took 0.121 seconds
[2024-10-22T07:49:06.687+0000] {processor.py:186} INFO - Started process (PID=86563) to work on /home/airflow/.local/lib/python3.12/site-packages/airflow/example_dags/example_kubernetes_executor.py
[2024-10-22T07:49:06.688+0000] {processor.py:914} INFO - Processing file /home/airflow/.local/lib/python3.12/site-packages/airflow/example_dags/example_kubernetes_executor.py for tasks to queue
[2024-10-22T07:49:06.689+0000] {logging_mixin.py:190} INFO - [2024-10-22T07:49:06.689+0000] {dagbag.py:588} INFO - Filling up the DagBag from /home/airflow/.local/lib/python3.12/site-packages/airflow/example_dags/example_kubernetes_executor.py
[2024-10-22T07:49:06.703+0000] {processor.py:925} INFO - DAG(s) 'example_kubernetes_executor' retrieved from /home/airflow/.local/lib/python3.12/site-packages/airflow/example_dags/example_kubernetes_executor.py
[2024-10-22T07:49:06.758+0000] {logging_mixin.py:190} INFO - [2024-10-22T07:49:06.758+0000] {dag.py:3239} INFO - Sync 1 DAGs
[2024-10-22T07:49:06.774+0000] {logging_mixin.py:190} INFO - [2024-10-22T07:49:06.774+0000] {dag.py:4180} INFO - Setting next_dagrun for example_kubernetes_executor to None, run_after=None
[2024-10-22T07:49:06.792+0000] {processor.py:208} INFO - Processing /home/airflow/.local/lib/python3.12/site-packages/airflow/example_dags/example_kubernetes_executor.py took 0.113 seconds
[2024-10-22T07:49:37.431+0000] {processor.py:186} INFO - Started process (PID=86630) to work on /home/airflow/.local/lib/python3.12/site-packages/airflow/example_dags/example_kubernetes_executor.py
[2024-10-22T07:49:37.432+0000] {processor.py:914} INFO - Processing file /home/airflow/.local/lib/python3.12/site-packages/airflow/example_dags/example_kubernetes_executor.py for tasks to queue
[2024-10-22T07:49:37.434+0000] {logging_mixin.py:190} INFO - [2024-10-22T07:49:37.433+0000] {dagbag.py:588} INFO - Filling up the DagBag from /home/airflow/.local/lib/python3.12/site-packages/airflow/example_dags/example_kubernetes_executor.py
[2024-10-22T07:49:37.448+0000] {processor.py:925} INFO - DAG(s) 'example_kubernetes_executor' retrieved from /home/airflow/.local/lib/python3.12/site-packages/airflow/example_dags/example_kubernetes_executor.py
[2024-10-22T07:49:37.501+0000] {logging_mixin.py:190} INFO - [2024-10-22T07:49:37.501+0000] {dag.py:3239} INFO - Sync 1 DAGs
[2024-10-22T07:49:37.517+0000] {logging_mixin.py:190} INFO - [2024-10-22T07:49:37.516+0000] {dag.py:4180} INFO - Setting next_dagrun for example_kubernetes_executor to None, run_after=None
[2024-10-22T07:49:37.536+0000] {processor.py:208} INFO - Processing /home/airflow/.local/lib/python3.12/site-packages/airflow/example_dags/example_kubernetes_executor.py took 0.111 seconds
[2024-10-22T07:50:08.645+0000] {processor.py:186} INFO - Started process (PID=86697) to work on /home/airflow/.local/lib/python3.12/site-packages/airflow/example_dags/example_kubernetes_executor.py
[2024-10-22T07:50:08.646+0000] {processor.py:914} INFO - Processing file /home/airflow/.local/lib/python3.12/site-packages/airflow/example_dags/example_kubernetes_executor.py for tasks to queue
[2024-10-22T07:50:08.648+0000] {logging_mixin.py:190} INFO - [2024-10-22T07:50:08.647+0000] {dagbag.py:588} INFO - Filling up the DagBag from /home/airflow/.local/lib/python3.12/site-packages/airflow/example_dags/example_kubernetes_executor.py
[2024-10-22T07:50:08.663+0000] {processor.py:925} INFO - DAG(s) 'example_kubernetes_executor' retrieved from /home/airflow/.local/lib/python3.12/site-packages/airflow/example_dags/example_kubernetes_executor.py
[2024-10-22T07:50:08.716+0000] {logging_mixin.py:190} INFO - [2024-10-22T07:50:08.716+0000] {dag.py:3239} INFO - Sync 1 DAGs
[2024-10-22T07:50:08.732+0000] {logging_mixin.py:190} INFO - [2024-10-22T07:50:08.732+0000] {dag.py:4180} INFO - Setting next_dagrun for example_kubernetes_executor to None, run_after=None
[2024-10-22T07:50:08.749+0000] {processor.py:208} INFO - Processing /home/airflow/.local/lib/python3.12/site-packages/airflow/example_dags/example_kubernetes_executor.py took 0.111 seconds
[2024-10-22T07:50:39.254+0000] {processor.py:186} INFO - Started process (PID=86764) to work on /home/airflow/.local/lib/python3.12/site-packages/airflow/example_dags/example_kubernetes_executor.py
[2024-10-22T07:50:39.255+0000] {processor.py:914} INFO - Processing file /home/airflow/.local/lib/python3.12/site-packages/airflow/example_dags/example_kubernetes_executor.py for tasks to queue
[2024-10-22T07:50:39.257+0000] {logging_mixin.py:190} INFO - [2024-10-22T07:50:39.256+0000] {dagbag.py:588} INFO - Filling up the DagBag from /home/airflow/.local/lib/python3.12/site-packages/airflow/example_dags/example_kubernetes_executor.py
[2024-10-22T07:50:39.270+0000] {processor.py:925} INFO - DAG(s) 'example_kubernetes_executor' retrieved from /home/airflow/.local/lib/python3.12/site-packages/airflow/example_dags/example_kubernetes_executor.py
[2024-10-22T07:50:39.322+0000] {logging_mixin.py:190} INFO - [2024-10-22T07:50:39.321+0000] {dag.py:3239} INFO - Sync 1 DAGs
[2024-10-22T07:50:39.338+0000] {logging_mixin.py:190} INFO - [2024-10-22T07:50:39.338+0000] {dag.py:4180} INFO - Setting next_dagrun for example_kubernetes_executor to None, run_after=None
[2024-10-22T07:50:39.357+0000] {processor.py:208} INFO - Processing /home/airflow/.local/lib/python3.12/site-packages/airflow/example_dags/example_kubernetes_executor.py took 0.111 seconds
[2024-10-22T07:51:09.434+0000] {processor.py:186} INFO - Started process (PID=86831) to work on /home/airflow/.local/lib/python3.12/site-packages/airflow/example_dags/example_kubernetes_executor.py
[2024-10-22T07:51:09.436+0000] {processor.py:914} INFO - Processing file /home/airflow/.local/lib/python3.12/site-packages/airflow/example_dags/example_kubernetes_executor.py for tasks to queue
[2024-10-22T07:51:09.437+0000] {logging_mixin.py:190} INFO - [2024-10-22T07:51:09.437+0000] {dagbag.py:588} INFO - Filling up the DagBag from /home/airflow/.local/lib/python3.12/site-packages/airflow/example_dags/example_kubernetes_executor.py
[2024-10-22T07:51:09.462+0000] {processor.py:925} INFO - DAG(s) 'example_kubernetes_executor' retrieved from /home/airflow/.local/lib/python3.12/site-packages/airflow/example_dags/example_kubernetes_executor.py
[2024-10-22T07:51:09.524+0000] {logging_mixin.py:190} INFO - [2024-10-22T07:51:09.523+0000] {dag.py:3239} INFO - Sync 1 DAGs
[2024-10-22T07:51:09.544+0000] {logging_mixin.py:190} INFO - [2024-10-22T07:51:09.544+0000] {dag.py:4180} INFO - Setting next_dagrun for example_kubernetes_executor to None, run_after=None
[2024-10-22T07:51:09.565+0000] {processor.py:208} INFO - Processing /home/airflow/.local/lib/python3.12/site-packages/airflow/example_dags/example_kubernetes_executor.py took 0.139 seconds
[2024-10-22T07:51:40.691+0000] {processor.py:186} INFO - Started process (PID=86898) to work on /home/airflow/.local/lib/python3.12/site-packages/airflow/example_dags/example_kubernetes_executor.py
[2024-10-22T07:51:40.692+0000] {processor.py:914} INFO - Processing file /home/airflow/.local/lib/python3.12/site-packages/airflow/example_dags/example_kubernetes_executor.py for tasks to queue
[2024-10-22T07:51:40.694+0000] {logging_mixin.py:190} INFO - [2024-10-22T07:51:40.694+0000] {dagbag.py:588} INFO - Filling up the DagBag from /home/airflow/.local/lib/python3.12/site-packages/airflow/example_dags/example_kubernetes_executor.py
[2024-10-22T07:51:40.712+0000] {processor.py:925} INFO - DAG(s) 'example_kubernetes_executor' retrieved from /home/airflow/.local/lib/python3.12/site-packages/airflow/example_dags/example_kubernetes_executor.py
[2024-10-22T07:51:40.776+0000] {logging_mixin.py:190} INFO - [2024-10-22T07:51:40.776+0000] {dag.py:3239} INFO - Sync 1 DAGs
[2024-10-22T07:51:40.796+0000] {logging_mixin.py:190} INFO - [2024-10-22T07:51:40.795+0000] {dag.py:4180} INFO - Setting next_dagrun for example_kubernetes_executor to None, run_after=None
[2024-10-22T07:51:40.814+0000] {processor.py:208} INFO - Processing /home/airflow/.local/lib/python3.12/site-packages/airflow/example_dags/example_kubernetes_executor.py took 0.133 seconds
[2024-10-22T07:52:11.752+0000] {processor.py:186} INFO - Started process (PID=86965) to work on /home/airflow/.local/lib/python3.12/site-packages/airflow/example_dags/example_kubernetes_executor.py
[2024-10-22T07:52:11.753+0000] {processor.py:914} INFO - Processing file /home/airflow/.local/lib/python3.12/site-packages/airflow/example_dags/example_kubernetes_executor.py for tasks to queue
[2024-10-22T07:52:11.754+0000] {logging_mixin.py:190} INFO - [2024-10-22T07:52:11.754+0000] {dagbag.py:588} INFO - Filling up the DagBag from /home/airflow/.local/lib/python3.12/site-packages/airflow/example_dags/example_kubernetes_executor.py
[2024-10-22T07:52:11.769+0000] {processor.py:925} INFO - DAG(s) 'example_kubernetes_executor' retrieved from /home/airflow/.local/lib/python3.12/site-packages/airflow/example_dags/example_kubernetes_executor.py
[2024-10-22T07:52:11.824+0000] {logging_mixin.py:190} INFO - [2024-10-22T07:52:11.823+0000] {dag.py:3239} INFO - Sync 1 DAGs
[2024-10-22T07:52:12.027+0000] {logging_mixin.py:190} INFO - [2024-10-22T07:52:12.027+0000] {dag.py:4180} INFO - Setting next_dagrun for example_kubernetes_executor to None, run_after=None
[2024-10-22T07:52:12.046+0000] {processor.py:208} INFO - Processing /home/airflow/.local/lib/python3.12/site-packages/airflow/example_dags/example_kubernetes_executor.py took 0.302 seconds
[2024-10-22T07:52:42.185+0000] {processor.py:186} INFO - Started process (PID=87032) to work on /home/airflow/.local/lib/python3.12/site-packages/airflow/example_dags/example_kubernetes_executor.py
[2024-10-22T07:52:42.190+0000] {processor.py:914} INFO - Processing file /home/airflow/.local/lib/python3.12/site-packages/airflow/example_dags/example_kubernetes_executor.py for tasks to queue
[2024-10-22T07:52:42.191+0000] {logging_mixin.py:190} INFO - [2024-10-22T07:52:42.191+0000] {dagbag.py:588} INFO - Filling up the DagBag from /home/airflow/.local/lib/python3.12/site-packages/airflow/example_dags/example_kubernetes_executor.py
[2024-10-22T07:52:42.214+0000] {processor.py:925} INFO - DAG(s) 'example_kubernetes_executor' retrieved from /home/airflow/.local/lib/python3.12/site-packages/airflow/example_dags/example_kubernetes_executor.py
[2024-10-22T07:52:42.275+0000] {logging_mixin.py:190} INFO - [2024-10-22T07:52:42.274+0000] {dag.py:3239} INFO - Sync 1 DAGs
[2024-10-22T07:52:42.293+0000] {logging_mixin.py:190} INFO - [2024-10-22T07:52:42.292+0000] {dag.py:4180} INFO - Setting next_dagrun for example_kubernetes_executor to None, run_after=None
[2024-10-22T07:52:42.487+0000] {processor.py:208} INFO - Processing /home/airflow/.local/lib/python3.12/site-packages/airflow/example_dags/example_kubernetes_executor.py took 0.310 seconds
[2024-10-22T07:53:12.884+0000] {processor.py:186} INFO - Started process (PID=87099) to work on /home/airflow/.local/lib/python3.12/site-packages/airflow/example_dags/example_kubernetes_executor.py
[2024-10-22T07:53:12.885+0000] {processor.py:914} INFO - Processing file /home/airflow/.local/lib/python3.12/site-packages/airflow/example_dags/example_kubernetes_executor.py for tasks to queue
[2024-10-22T07:53:12.887+0000] {logging_mixin.py:190} INFO - [2024-10-22T07:53:12.886+0000] {dagbag.py:588} INFO - Filling up the DagBag from /home/airflow/.local/lib/python3.12/site-packages/airflow/example_dags/example_kubernetes_executor.py
[2024-10-22T07:53:12.901+0000] {processor.py:925} INFO - DAG(s) 'example_kubernetes_executor' retrieved from /home/airflow/.local/lib/python3.12/site-packages/airflow/example_dags/example_kubernetes_executor.py
[2024-10-22T07:53:12.957+0000] {logging_mixin.py:190} INFO - [2024-10-22T07:53:12.957+0000] {dag.py:3239} INFO - Sync 1 DAGs
[2024-10-22T07:53:12.974+0000] {logging_mixin.py:190} INFO - [2024-10-22T07:53:12.973+0000] {dag.py:4180} INFO - Setting next_dagrun for example_kubernetes_executor to None, run_after=None
[2024-10-22T07:53:12.992+0000] {processor.py:208} INFO - Processing /home/airflow/.local/lib/python3.12/site-packages/airflow/example_dags/example_kubernetes_executor.py took 0.116 seconds
[2024-10-22T07:53:43.515+0000] {processor.py:186} INFO - Started process (PID=87166) to work on /home/airflow/.local/lib/python3.12/site-packages/airflow/example_dags/example_kubernetes_executor.py
[2024-10-22T07:53:43.517+0000] {processor.py:914} INFO - Processing file /home/airflow/.local/lib/python3.12/site-packages/airflow/example_dags/example_kubernetes_executor.py for tasks to queue
[2024-10-22T07:53:43.518+0000] {logging_mixin.py:190} INFO - [2024-10-22T07:53:43.518+0000] {dagbag.py:588} INFO - Filling up the DagBag from /home/airflow/.local/lib/python3.12/site-packages/airflow/example_dags/example_kubernetes_executor.py
[2024-10-22T07:53:43.533+0000] {processor.py:925} INFO - DAG(s) 'example_kubernetes_executor' retrieved from /home/airflow/.local/lib/python3.12/site-packages/airflow/example_dags/example_kubernetes_executor.py
[2024-10-22T07:53:43.588+0000] {logging_mixin.py:190} INFO - [2024-10-22T07:53:43.587+0000] {dag.py:3239} INFO - Sync 1 DAGs
[2024-10-22T07:53:43.607+0000] {logging_mixin.py:190} INFO - [2024-10-22T07:53:43.607+0000] {dag.py:4180} INFO - Setting next_dagrun for example_kubernetes_executor to None, run_after=None
[2024-10-22T07:53:43.630+0000] {processor.py:208} INFO - Processing /home/airflow/.local/lib/python3.12/site-packages/airflow/example_dags/example_kubernetes_executor.py took 0.122 seconds
[2024-10-22T07:54:15.079+0000] {processor.py:186} INFO - Started process (PID=87233) to work on /home/airflow/.local/lib/python3.12/site-packages/airflow/example_dags/example_kubernetes_executor.py
[2024-10-22T07:54:15.081+0000] {processor.py:914} INFO - Processing file /home/airflow/.local/lib/python3.12/site-packages/airflow/example_dags/example_kubernetes_executor.py for tasks to queue
[2024-10-22T07:54:15.082+0000] {logging_mixin.py:190} INFO - [2024-10-22T07:54:15.082+0000] {dagbag.py:588} INFO - Filling up the DagBag from /home/airflow/.local/lib/python3.12/site-packages/airflow/example_dags/example_kubernetes_executor.py
[2024-10-22T07:54:15.101+0000] {processor.py:925} INFO - DAG(s) 'example_kubernetes_executor' retrieved from /home/airflow/.local/lib/python3.12/site-packages/airflow/example_dags/example_kubernetes_executor.py
[2024-10-22T07:54:15.362+0000] {logging_mixin.py:190} INFO - [2024-10-22T07:54:15.362+0000] {dag.py:3239} INFO - Sync 1 DAGs
[2024-10-22T07:54:15.378+0000] {logging_mixin.py:190} INFO - [2024-10-22T07:54:15.378+0000] {dag.py:4180} INFO - Setting next_dagrun for example_kubernetes_executor to None, run_after=None
[2024-10-22T07:54:15.399+0000] {processor.py:208} INFO - Processing /home/airflow/.local/lib/python3.12/site-packages/airflow/example_dags/example_kubernetes_executor.py took 0.328 seconds
[2024-10-22T07:54:45.448+0000] {processor.py:186} INFO - Started process (PID=87300) to work on /home/airflow/.local/lib/python3.12/site-packages/airflow/example_dags/example_kubernetes_executor.py
[2024-10-22T07:54:45.449+0000] {processor.py:914} INFO - Processing file /home/airflow/.local/lib/python3.12/site-packages/airflow/example_dags/example_kubernetes_executor.py for tasks to queue
[2024-10-22T07:54:45.451+0000] {logging_mixin.py:190} INFO - [2024-10-22T07:54:45.451+0000] {dagbag.py:588} INFO - Filling up the DagBag from /home/airflow/.local/lib/python3.12/site-packages/airflow/example_dags/example_kubernetes_executor.py
[2024-10-22T07:54:45.466+0000] {processor.py:925} INFO - DAG(s) 'example_kubernetes_executor' retrieved from /home/airflow/.local/lib/python3.12/site-packages/airflow/example_dags/example_kubernetes_executor.py
[2024-10-22T07:54:45.520+0000] {logging_mixin.py:190} INFO - [2024-10-22T07:54:45.519+0000] {dag.py:3239} INFO - Sync 1 DAGs
[2024-10-22T07:54:45.536+0000] {logging_mixin.py:190} INFO - [2024-10-22T07:54:45.536+0000] {dag.py:4180} INFO - Setting next_dagrun for example_kubernetes_executor to None, run_after=None
[2024-10-22T07:54:45.569+0000] {processor.py:208} INFO - Processing /home/airflow/.local/lib/python3.12/site-packages/airflow/example_dags/example_kubernetes_executor.py took 0.129 seconds
[2024-10-22T07:55:16.342+0000] {processor.py:186} INFO - Started process (PID=87373) to work on /home/airflow/.local/lib/python3.12/site-packages/airflow/example_dags/example_kubernetes_executor.py
[2024-10-22T07:55:16.344+0000] {processor.py:914} INFO - Processing file /home/airflow/.local/lib/python3.12/site-packages/airflow/example_dags/example_kubernetes_executor.py for tasks to queue
[2024-10-22T07:55:16.345+0000] {logging_mixin.py:190} INFO - [2024-10-22T07:55:16.345+0000] {dagbag.py:588} INFO - Filling up the DagBag from /home/airflow/.local/lib/python3.12/site-packages/airflow/example_dags/example_kubernetes_executor.py
[2024-10-22T07:55:16.359+0000] {processor.py:925} INFO - DAG(s) 'example_kubernetes_executor' retrieved from /home/airflow/.local/lib/python3.12/site-packages/airflow/example_dags/example_kubernetes_executor.py
[2024-10-22T07:55:16.413+0000] {logging_mixin.py:190} INFO - [2024-10-22T07:55:16.412+0000] {dag.py:3239} INFO - Sync 1 DAGs
[2024-10-22T07:55:16.429+0000] {logging_mixin.py:190} INFO - [2024-10-22T07:55:16.429+0000] {dag.py:4180} INFO - Setting next_dagrun for example_kubernetes_executor to None, run_after=None
[2024-10-22T07:55:16.447+0000] {processor.py:208} INFO - Processing /home/airflow/.local/lib/python3.12/site-packages/airflow/example_dags/example_kubernetes_executor.py took 0.112 seconds
[2024-10-22T07:55:47.229+0000] {processor.py:186} INFO - Started process (PID=87440) to work on /home/airflow/.local/lib/python3.12/site-packages/airflow/example_dags/example_kubernetes_executor.py
[2024-10-22T07:55:47.230+0000] {processor.py:914} INFO - Processing file /home/airflow/.local/lib/python3.12/site-packages/airflow/example_dags/example_kubernetes_executor.py for tasks to queue
[2024-10-22T07:55:47.231+0000] {logging_mixin.py:190} INFO - [2024-10-22T07:55:47.231+0000] {dagbag.py:588} INFO - Filling up the DagBag from /home/airflow/.local/lib/python3.12/site-packages/airflow/example_dags/example_kubernetes_executor.py
[2024-10-22T07:55:47.246+0000] {processor.py:925} INFO - DAG(s) 'example_kubernetes_executor' retrieved from /home/airflow/.local/lib/python3.12/site-packages/airflow/example_dags/example_kubernetes_executor.py
[2024-10-22T07:55:47.300+0000] {logging_mixin.py:190} INFO - [2024-10-22T07:55:47.300+0000] {dag.py:3239} INFO - Sync 1 DAGs
[2024-10-22T07:55:47.317+0000] {logging_mixin.py:190} INFO - [2024-10-22T07:55:47.317+0000] {dag.py:4180} INFO - Setting next_dagrun for example_kubernetes_executor to None, run_after=None
[2024-10-22T07:55:47.334+0000] {processor.py:208} INFO - Processing /home/airflow/.local/lib/python3.12/site-packages/airflow/example_dags/example_kubernetes_executor.py took 0.115 seconds
[2024-10-22T07:56:17.962+0000] {processor.py:186} INFO - Started process (PID=87507) to work on /home/airflow/.local/lib/python3.12/site-packages/airflow/example_dags/example_kubernetes_executor.py
[2024-10-22T07:56:17.964+0000] {processor.py:914} INFO - Processing file /home/airflow/.local/lib/python3.12/site-packages/airflow/example_dags/example_kubernetes_executor.py for tasks to queue
[2024-10-22T07:56:17.965+0000] {logging_mixin.py:190} INFO - [2024-10-22T07:56:17.965+0000] {dagbag.py:588} INFO - Filling up the DagBag from /home/airflow/.local/lib/python3.12/site-packages/airflow/example_dags/example_kubernetes_executor.py
[2024-10-22T07:56:17.980+0000] {processor.py:925} INFO - DAG(s) 'example_kubernetes_executor' retrieved from /home/airflow/.local/lib/python3.12/site-packages/airflow/example_dags/example_kubernetes_executor.py
[2024-10-22T07:56:18.032+0000] {logging_mixin.py:190} INFO - [2024-10-22T07:56:18.032+0000] {dag.py:3239} INFO - Sync 1 DAGs
[2024-10-22T07:56:18.049+0000] {logging_mixin.py:190} INFO - [2024-10-22T07:56:18.049+0000] {dag.py:4180} INFO - Setting next_dagrun for example_kubernetes_executor to None, run_after=None
[2024-10-22T07:56:18.067+0000] {processor.py:208} INFO - Processing /home/airflow/.local/lib/python3.12/site-packages/airflow/example_dags/example_kubernetes_executor.py took 0.114 seconds
[2024-10-22T07:56:48.785+0000] {processor.py:186} INFO - Started process (PID=87574) to work on /home/airflow/.local/lib/python3.12/site-packages/airflow/example_dags/example_kubernetes_executor.py
[2024-10-22T07:56:48.786+0000] {processor.py:914} INFO - Processing file /home/airflow/.local/lib/python3.12/site-packages/airflow/example_dags/example_kubernetes_executor.py for tasks to queue
[2024-10-22T07:56:48.788+0000] {logging_mixin.py:190} INFO - [2024-10-22T07:56:48.787+0000] {dagbag.py:588} INFO - Filling up the DagBag from /home/airflow/.local/lib/python3.12/site-packages/airflow/example_dags/example_kubernetes_executor.py
[2024-10-22T07:56:48.802+0000] {processor.py:925} INFO - DAG(s) 'example_kubernetes_executor' retrieved from /home/airflow/.local/lib/python3.12/site-packages/airflow/example_dags/example_kubernetes_executor.py
[2024-10-22T07:56:48.855+0000] {logging_mixin.py:190} INFO - [2024-10-22T07:56:48.854+0000] {dag.py:3239} INFO - Sync 1 DAGs
[2024-10-22T07:56:48.870+0000] {logging_mixin.py:190} INFO - [2024-10-22T07:56:48.870+0000] {dag.py:4180} INFO - Setting next_dagrun for example_kubernetes_executor to None, run_after=None
[2024-10-22T07:56:48.889+0000] {processor.py:208} INFO - Processing /home/airflow/.local/lib/python3.12/site-packages/airflow/example_dags/example_kubernetes_executor.py took 0.111 seconds
[2024-10-22T07:57:19.598+0000] {processor.py:186} INFO - Started process (PID=87642) to work on /home/airflow/.local/lib/python3.12/site-packages/airflow/example_dags/example_kubernetes_executor.py
[2024-10-22T07:57:19.599+0000] {processor.py:914} INFO - Processing file /home/airflow/.local/lib/python3.12/site-packages/airflow/example_dags/example_kubernetes_executor.py for tasks to queue
[2024-10-22T07:57:19.601+0000] {logging_mixin.py:190} INFO - [2024-10-22T07:57:19.600+0000] {dagbag.py:588} INFO - Filling up the DagBag from /home/airflow/.local/lib/python3.12/site-packages/airflow/example_dags/example_kubernetes_executor.py
[2024-10-22T07:57:19.619+0000] {processor.py:925} INFO - DAG(s) 'example_kubernetes_executor' retrieved from /home/airflow/.local/lib/python3.12/site-packages/airflow/example_dags/example_kubernetes_executor.py
[2024-10-22T07:57:19.688+0000] {logging_mixin.py:190} INFO - [2024-10-22T07:57:19.688+0000] {dag.py:3239} INFO - Sync 1 DAGs
[2024-10-22T07:57:19.708+0000] {logging_mixin.py:190} INFO - [2024-10-22T07:57:19.708+0000] {dag.py:4180} INFO - Setting next_dagrun for example_kubernetes_executor to None, run_after=None
[2024-10-22T07:57:19.729+0000] {processor.py:208} INFO - Processing /home/airflow/.local/lib/python3.12/site-packages/airflow/example_dags/example_kubernetes_executor.py took 0.141 seconds
[2024-10-22T07:57:50.323+0000] {processor.py:186} INFO - Started process (PID=87709) to work on /home/airflow/.local/lib/python3.12/site-packages/airflow/example_dags/example_kubernetes_executor.py
[2024-10-22T07:57:50.325+0000] {processor.py:914} INFO - Processing file /home/airflow/.local/lib/python3.12/site-packages/airflow/example_dags/example_kubernetes_executor.py for tasks to queue
[2024-10-22T07:57:50.326+0000] {logging_mixin.py:190} INFO - [2024-10-22T07:57:50.326+0000] {dagbag.py:588} INFO - Filling up the DagBag from /home/airflow/.local/lib/python3.12/site-packages/airflow/example_dags/example_kubernetes_executor.py
[2024-10-22T07:57:50.342+0000] {processor.py:925} INFO - DAG(s) 'example_kubernetes_executor' retrieved from /home/airflow/.local/lib/python3.12/site-packages/airflow/example_dags/example_kubernetes_executor.py
[2024-10-22T07:57:50.398+0000] {logging_mixin.py:190} INFO - [2024-10-22T07:57:50.397+0000] {dag.py:3239} INFO - Sync 1 DAGs
[2024-10-22T07:57:50.414+0000] {logging_mixin.py:190} INFO - [2024-10-22T07:57:50.414+0000] {dag.py:4180} INFO - Setting next_dagrun for example_kubernetes_executor to None, run_after=None
[2024-10-22T07:57:50.433+0000] {processor.py:208} INFO - Processing /home/airflow/.local/lib/python3.12/site-packages/airflow/example_dags/example_kubernetes_executor.py took 0.117 seconds
[2024-10-22T07:58:21.137+0000] {processor.py:186} INFO - Started process (PID=87776) to work on /home/airflow/.local/lib/python3.12/site-packages/airflow/example_dags/example_kubernetes_executor.py
[2024-10-22T07:58:21.138+0000] {processor.py:914} INFO - Processing file /home/airflow/.local/lib/python3.12/site-packages/airflow/example_dags/example_kubernetes_executor.py for tasks to queue
[2024-10-22T07:58:21.140+0000] {logging_mixin.py:190} INFO - [2024-10-22T07:58:21.140+0000] {dagbag.py:588} INFO - Filling up the DagBag from /home/airflow/.local/lib/python3.12/site-packages/airflow/example_dags/example_kubernetes_executor.py
[2024-10-22T07:58:21.155+0000] {processor.py:925} INFO - DAG(s) 'example_kubernetes_executor' retrieved from /home/airflow/.local/lib/python3.12/site-packages/airflow/example_dags/example_kubernetes_executor.py
[2024-10-22T07:58:21.207+0000] {logging_mixin.py:190} INFO - [2024-10-22T07:58:21.206+0000] {dag.py:3239} INFO - Sync 1 DAGs
[2024-10-22T07:58:21.223+0000] {logging_mixin.py:190} INFO - [2024-10-22T07:58:21.222+0000] {dag.py:4180} INFO - Setting next_dagrun for example_kubernetes_executor to None, run_after=None
[2024-10-22T07:58:21.239+0000] {processor.py:208} INFO - Processing /home/airflow/.local/lib/python3.12/site-packages/airflow/example_dags/example_kubernetes_executor.py took 0.110 seconds
[2024-10-22T07:58:52.069+0000] {processor.py:186} INFO - Started process (PID=87842) to work on /home/airflow/.local/lib/python3.12/site-packages/airflow/example_dags/example_kubernetes_executor.py
[2024-10-22T07:58:52.070+0000] {processor.py:914} INFO - Processing file /home/airflow/.local/lib/python3.12/site-packages/airflow/example_dags/example_kubernetes_executor.py for tasks to queue
[2024-10-22T07:58:52.072+0000] {logging_mixin.py:190} INFO - [2024-10-22T07:58:52.072+0000] {dagbag.py:588} INFO - Filling up the DagBag from /home/airflow/.local/lib/python3.12/site-packages/airflow/example_dags/example_kubernetes_executor.py
[2024-10-22T07:58:52.086+0000] {processor.py:925} INFO - DAG(s) 'example_kubernetes_executor' retrieved from /home/airflow/.local/lib/python3.12/site-packages/airflow/example_dags/example_kubernetes_executor.py
[2024-10-22T07:58:52.139+0000] {logging_mixin.py:190} INFO - [2024-10-22T07:58:52.139+0000] {dag.py:3239} INFO - Sync 1 DAGs
[2024-10-22T07:58:52.155+0000] {logging_mixin.py:190} INFO - [2024-10-22T07:58:52.155+0000] {dag.py:4180} INFO - Setting next_dagrun for example_kubernetes_executor to None, run_after=None
[2024-10-22T07:58:52.172+0000] {processor.py:208} INFO - Processing /home/airflow/.local/lib/python3.12/site-packages/airflow/example_dags/example_kubernetes_executor.py took 0.111 seconds
[2024-10-22T07:59:22.774+0000] {processor.py:186} INFO - Started process (PID=87909) to work on /home/airflow/.local/lib/python3.12/site-packages/airflow/example_dags/example_kubernetes_executor.py
[2024-10-22T07:59:22.775+0000] {processor.py:914} INFO - Processing file /home/airflow/.local/lib/python3.12/site-packages/airflow/example_dags/example_kubernetes_executor.py for tasks to queue
[2024-10-22T07:59:22.777+0000] {logging_mixin.py:190} INFO - [2024-10-22T07:59:22.776+0000] {dagbag.py:588} INFO - Filling up the DagBag from /home/airflow/.local/lib/python3.12/site-packages/airflow/example_dags/example_kubernetes_executor.py
[2024-10-22T07:59:22.792+0000] {processor.py:925} INFO - DAG(s) 'example_kubernetes_executor' retrieved from /home/airflow/.local/lib/python3.12/site-packages/airflow/example_dags/example_kubernetes_executor.py
[2024-10-22T07:59:22.844+0000] {logging_mixin.py:190} INFO - [2024-10-22T07:59:22.843+0000] {dag.py:3239} INFO - Sync 1 DAGs
[2024-10-22T07:59:22.859+0000] {logging_mixin.py:190} INFO - [2024-10-22T07:59:22.859+0000] {dag.py:4180} INFO - Setting next_dagrun for example_kubernetes_executor to None, run_after=None
[2024-10-22T07:59:22.876+0000] {processor.py:208} INFO - Processing /home/airflow/.local/lib/python3.12/site-packages/airflow/example_dags/example_kubernetes_executor.py took 0.110 seconds
[2024-10-22T07:59:53.585+0000] {processor.py:186} INFO - Started process (PID=87976) to work on /home/airflow/.local/lib/python3.12/site-packages/airflow/example_dags/example_kubernetes_executor.py
[2024-10-22T07:59:53.587+0000] {processor.py:914} INFO - Processing file /home/airflow/.local/lib/python3.12/site-packages/airflow/example_dags/example_kubernetes_executor.py for tasks to queue
[2024-10-22T07:59:53.589+0000] {logging_mixin.py:190} INFO - [2024-10-22T07:59:53.588+0000] {dagbag.py:588} INFO - Filling up the DagBag from /home/airflow/.local/lib/python3.12/site-packages/airflow/example_dags/example_kubernetes_executor.py
[2024-10-22T07:59:53.604+0000] {processor.py:925} INFO - DAG(s) 'example_kubernetes_executor' retrieved from /home/airflow/.local/lib/python3.12/site-packages/airflow/example_dags/example_kubernetes_executor.py
[2024-10-22T07:59:53.660+0000] {logging_mixin.py:190} INFO - [2024-10-22T07:59:53.660+0000] {dag.py:3239} INFO - Sync 1 DAGs
[2024-10-22T07:59:53.676+0000] {logging_mixin.py:190} INFO - [2024-10-22T07:59:53.676+0000] {dag.py:4180} INFO - Setting next_dagrun for example_kubernetes_executor to None, run_after=None
[2024-10-22T07:59:53.694+0000] {processor.py:208} INFO - Processing /home/airflow/.local/lib/python3.12/site-packages/airflow/example_dags/example_kubernetes_executor.py took 0.119 seconds
[2024-10-22T08:00:24.634+0000] {processor.py:186} INFO - Started process (PID=88043) to work on /home/airflow/.local/lib/python3.12/site-packages/airflow/example_dags/example_kubernetes_executor.py
[2024-10-22T08:00:24.635+0000] {processor.py:914} INFO - Processing file /home/airflow/.local/lib/python3.12/site-packages/airflow/example_dags/example_kubernetes_executor.py for tasks to queue
[2024-10-22T08:00:24.637+0000] {logging_mixin.py:190} INFO - [2024-10-22T08:00:24.636+0000] {dagbag.py:588} INFO - Filling up the DagBag from /home/airflow/.local/lib/python3.12/site-packages/airflow/example_dags/example_kubernetes_executor.py
[2024-10-22T08:00:24.651+0000] {processor.py:925} INFO - DAG(s) 'example_kubernetes_executor' retrieved from /home/airflow/.local/lib/python3.12/site-packages/airflow/example_dags/example_kubernetes_executor.py
[2024-10-22T08:00:24.704+0000] {logging_mixin.py:190} INFO - [2024-10-22T08:00:24.704+0000] {dag.py:3239} INFO - Sync 1 DAGs
[2024-10-22T08:00:24.721+0000] {logging_mixin.py:190} INFO - [2024-10-22T08:00:24.721+0000] {dag.py:4180} INFO - Setting next_dagrun for example_kubernetes_executor to None, run_after=None
[2024-10-22T08:00:24.739+0000] {processor.py:208} INFO - Processing /home/airflow/.local/lib/python3.12/site-packages/airflow/example_dags/example_kubernetes_executor.py took 0.112 seconds
[2024-10-22T08:00:54.835+0000] {processor.py:186} INFO - Started process (PID=88109) to work on /home/airflow/.local/lib/python3.12/site-packages/airflow/example_dags/example_kubernetes_executor.py
[2024-10-22T08:00:54.837+0000] {processor.py:914} INFO - Processing file /home/airflow/.local/lib/python3.12/site-packages/airflow/example_dags/example_kubernetes_executor.py for tasks to queue
[2024-10-22T08:00:54.840+0000] {logging_mixin.py:190} INFO - [2024-10-22T08:00:54.838+0000] {dagbag.py:588} INFO - Filling up the DagBag from /home/airflow/.local/lib/python3.12/site-packages/airflow/example_dags/example_kubernetes_executor.py
[2024-10-22T08:00:54.858+0000] {processor.py:925} INFO - DAG(s) 'example_kubernetes_executor' retrieved from /home/airflow/.local/lib/python3.12/site-packages/airflow/example_dags/example_kubernetes_executor.py
[2024-10-22T08:00:54.926+0000] {logging_mixin.py:190} INFO - [2024-10-22T08:00:54.926+0000] {dag.py:3239} INFO - Sync 1 DAGs
[2024-10-22T08:00:54.947+0000] {logging_mixin.py:190} INFO - [2024-10-22T08:00:54.947+0000] {dag.py:4180} INFO - Setting next_dagrun for example_kubernetes_executor to None, run_after=None
[2024-10-22T08:00:54.974+0000] {processor.py:208} INFO - Processing /home/airflow/.local/lib/python3.12/site-packages/airflow/example_dags/example_kubernetes_executor.py took 0.148 seconds
[2024-10-22T08:01:25.134+0000] {processor.py:186} INFO - Started process (PID=88176) to work on /home/airflow/.local/lib/python3.12/site-packages/airflow/example_dags/example_kubernetes_executor.py
[2024-10-22T08:01:25.135+0000] {processor.py:914} INFO - Processing file /home/airflow/.local/lib/python3.12/site-packages/airflow/example_dags/example_kubernetes_executor.py for tasks to queue
[2024-10-22T08:01:25.137+0000] {logging_mixin.py:190} INFO - [2024-10-22T08:01:25.136+0000] {dagbag.py:588} INFO - Filling up the DagBag from /home/airflow/.local/lib/python3.12/site-packages/airflow/example_dags/example_kubernetes_executor.py
[2024-10-22T08:01:25.153+0000] {processor.py:925} INFO - DAG(s) 'example_kubernetes_executor' retrieved from /home/airflow/.local/lib/python3.12/site-packages/airflow/example_dags/example_kubernetes_executor.py
[2024-10-22T08:01:25.204+0000] {logging_mixin.py:190} INFO - [2024-10-22T08:01:25.204+0000] {dag.py:3239} INFO - Sync 1 DAGs
[2024-10-22T08:01:25.220+0000] {logging_mixin.py:190} INFO - [2024-10-22T08:01:25.219+0000] {dag.py:4180} INFO - Setting next_dagrun for example_kubernetes_executor to None, run_after=None
[2024-10-22T08:01:25.239+0000] {processor.py:208} INFO - Processing /home/airflow/.local/lib/python3.12/site-packages/airflow/example_dags/example_kubernetes_executor.py took 0.113 seconds
[2024-10-22T08:01:55.461+0000] {processor.py:186} INFO - Started process (PID=88242) to work on /home/airflow/.local/lib/python3.12/site-packages/airflow/example_dags/example_kubernetes_executor.py
[2024-10-22T08:01:55.462+0000] {processor.py:914} INFO - Processing file /home/airflow/.local/lib/python3.12/site-packages/airflow/example_dags/example_kubernetes_executor.py for tasks to queue
[2024-10-22T08:01:55.464+0000] {logging_mixin.py:190} INFO - [2024-10-22T08:01:55.463+0000] {dagbag.py:588} INFO - Filling up the DagBag from /home/airflow/.local/lib/python3.12/site-packages/airflow/example_dags/example_kubernetes_executor.py
[2024-10-22T08:01:55.479+0000] {processor.py:925} INFO - DAG(s) 'example_kubernetes_executor' retrieved from /home/airflow/.local/lib/python3.12/site-packages/airflow/example_dags/example_kubernetes_executor.py
[2024-10-22T08:01:55.535+0000] {logging_mixin.py:190} INFO - [2024-10-22T08:01:55.535+0000] {dag.py:3239} INFO - Sync 1 DAGs
[2024-10-22T08:01:55.553+0000] {logging_mixin.py:190} INFO - [2024-10-22T08:01:55.552+0000] {dag.py:4180} INFO - Setting next_dagrun for example_kubernetes_executor to None, run_after=None
[2024-10-22T08:01:55.573+0000] {processor.py:208} INFO - Processing /home/airflow/.local/lib/python3.12/site-packages/airflow/example_dags/example_kubernetes_executor.py took 0.119 seconds
[2024-10-22T08:02:26.410+0000] {processor.py:186} INFO - Started process (PID=88310) to work on /home/airflow/.local/lib/python3.12/site-packages/airflow/example_dags/example_kubernetes_executor.py
[2024-10-22T08:02:26.411+0000] {processor.py:914} INFO - Processing file /home/airflow/.local/lib/python3.12/site-packages/airflow/example_dags/example_kubernetes_executor.py for tasks to queue
[2024-10-22T08:02:26.412+0000] {logging_mixin.py:190} INFO - [2024-10-22T08:02:26.412+0000] {dagbag.py:588} INFO - Filling up the DagBag from /home/airflow/.local/lib/python3.12/site-packages/airflow/example_dags/example_kubernetes_executor.py
[2024-10-22T08:02:26.426+0000] {processor.py:925} INFO - DAG(s) 'example_kubernetes_executor' retrieved from /home/airflow/.local/lib/python3.12/site-packages/airflow/example_dags/example_kubernetes_executor.py
[2024-10-22T08:02:26.479+0000] {logging_mixin.py:190} INFO - [2024-10-22T08:02:26.479+0000] {dag.py:3239} INFO - Sync 1 DAGs
[2024-10-22T08:02:26.495+0000] {logging_mixin.py:190} INFO - [2024-10-22T08:02:26.494+0000] {dag.py:4180} INFO - Setting next_dagrun for example_kubernetes_executor to None, run_after=None
[2024-10-22T08:02:26.513+0000] {processor.py:208} INFO - Processing /home/airflow/.local/lib/python3.12/site-packages/airflow/example_dags/example_kubernetes_executor.py took 0.110 seconds
[2024-10-22T08:02:57.336+0000] {processor.py:186} INFO - Started process (PID=88377) to work on /home/airflow/.local/lib/python3.12/site-packages/airflow/example_dags/example_kubernetes_executor.py
[2024-10-22T08:02:57.337+0000] {processor.py:914} INFO - Processing file /home/airflow/.local/lib/python3.12/site-packages/airflow/example_dags/example_kubernetes_executor.py for tasks to queue
[2024-10-22T08:02:57.339+0000] {logging_mixin.py:190} INFO - [2024-10-22T08:02:57.338+0000] {dagbag.py:588} INFO - Filling up the DagBag from /home/airflow/.local/lib/python3.12/site-packages/airflow/example_dags/example_kubernetes_executor.py
[2024-10-22T08:02:57.353+0000] {processor.py:925} INFO - DAG(s) 'example_kubernetes_executor' retrieved from /home/airflow/.local/lib/python3.12/site-packages/airflow/example_dags/example_kubernetes_executor.py
[2024-10-22T08:02:57.405+0000] {logging_mixin.py:190} INFO - [2024-10-22T08:02:57.405+0000] {dag.py:3239} INFO - Sync 1 DAGs
[2024-10-22T08:02:57.421+0000] {logging_mixin.py:190} INFO - [2024-10-22T08:02:57.421+0000] {dag.py:4180} INFO - Setting next_dagrun for example_kubernetes_executor to None, run_after=None
[2024-10-22T08:02:57.440+0000] {processor.py:208} INFO - Processing /home/airflow/.local/lib/python3.12/site-packages/airflow/example_dags/example_kubernetes_executor.py took 0.111 seconds
[2024-10-22T08:03:27.502+0000] {processor.py:186} INFO - Started process (PID=88443) to work on /home/airflow/.local/lib/python3.12/site-packages/airflow/example_dags/example_kubernetes_executor.py
[2024-10-22T08:03:27.503+0000] {processor.py:914} INFO - Processing file /home/airflow/.local/lib/python3.12/site-packages/airflow/example_dags/example_kubernetes_executor.py for tasks to queue
[2024-10-22T08:03:27.504+0000] {logging_mixin.py:190} INFO - [2024-10-22T08:03:27.504+0000] {dagbag.py:588} INFO - Filling up the DagBag from /home/airflow/.local/lib/python3.12/site-packages/airflow/example_dags/example_kubernetes_executor.py
[2024-10-22T08:03:27.519+0000] {processor.py:925} INFO - DAG(s) 'example_kubernetes_executor' retrieved from /home/airflow/.local/lib/python3.12/site-packages/airflow/example_dags/example_kubernetes_executor.py
[2024-10-22T08:03:27.570+0000] {logging_mixin.py:190} INFO - [2024-10-22T08:03:27.569+0000] {dag.py:3239} INFO - Sync 1 DAGs
[2024-10-22T08:03:27.585+0000] {logging_mixin.py:190} INFO - [2024-10-22T08:03:27.585+0000] {dag.py:4180} INFO - Setting next_dagrun for example_kubernetes_executor to None, run_after=None
[2024-10-22T08:03:27.602+0000] {processor.py:208} INFO - Processing /home/airflow/.local/lib/python3.12/site-packages/airflow/example_dags/example_kubernetes_executor.py took 0.109 seconds
[2024-10-22T08:03:57.793+0000] {processor.py:186} INFO - Started process (PID=88510) to work on /home/airflow/.local/lib/python3.12/site-packages/airflow/example_dags/example_kubernetes_executor.py
[2024-10-22T08:03:57.794+0000] {processor.py:914} INFO - Processing file /home/airflow/.local/lib/python3.12/site-packages/airflow/example_dags/example_kubernetes_executor.py for tasks to queue
[2024-10-22T08:03:57.796+0000] {logging_mixin.py:190} INFO - [2024-10-22T08:03:57.796+0000] {dagbag.py:588} INFO - Filling up the DagBag from /home/airflow/.local/lib/python3.12/site-packages/airflow/example_dags/example_kubernetes_executor.py
[2024-10-22T08:03:57.814+0000] {processor.py:925} INFO - DAG(s) 'example_kubernetes_executor' retrieved from /home/airflow/.local/lib/python3.12/site-packages/airflow/example_dags/example_kubernetes_executor.py
[2024-10-22T08:03:57.871+0000] {logging_mixin.py:190} INFO - [2024-10-22T08:03:57.871+0000] {dag.py:3239} INFO - Sync 1 DAGs
[2024-10-22T08:03:57.887+0000] {logging_mixin.py:190} INFO - [2024-10-22T08:03:57.886+0000] {dag.py:4180} INFO - Setting next_dagrun for example_kubernetes_executor to None, run_after=None
[2024-10-22T08:03:57.904+0000] {processor.py:208} INFO - Processing /home/airflow/.local/lib/python3.12/site-packages/airflow/example_dags/example_kubernetes_executor.py took 0.119 seconds
[2024-10-22T08:04:28.027+0000] {processor.py:186} INFO - Started process (PID=88577) to work on /home/airflow/.local/lib/python3.12/site-packages/airflow/example_dags/example_kubernetes_executor.py
[2024-10-22T08:04:28.029+0000] {processor.py:914} INFO - Processing file /home/airflow/.local/lib/python3.12/site-packages/airflow/example_dags/example_kubernetes_executor.py for tasks to queue
[2024-10-22T08:04:28.030+0000] {logging_mixin.py:190} INFO - [2024-10-22T08:04:28.030+0000] {dagbag.py:588} INFO - Filling up the DagBag from /home/airflow/.local/lib/python3.12/site-packages/airflow/example_dags/example_kubernetes_executor.py
[2024-10-22T08:04:28.044+0000] {processor.py:925} INFO - DAG(s) 'example_kubernetes_executor' retrieved from /home/airflow/.local/lib/python3.12/site-packages/airflow/example_dags/example_kubernetes_executor.py
[2024-10-22T08:04:28.104+0000] {logging_mixin.py:190} INFO - [2024-10-22T08:04:28.104+0000] {dag.py:3239} INFO - Sync 1 DAGs
[2024-10-22T08:04:28.125+0000] {logging_mixin.py:190} INFO - [2024-10-22T08:04:28.124+0000] {dag.py:4180} INFO - Setting next_dagrun for example_kubernetes_executor to None, run_after=None
[2024-10-22T08:04:28.148+0000] {processor.py:208} INFO - Processing /home/airflow/.local/lib/python3.12/site-packages/airflow/example_dags/example_kubernetes_executor.py took 0.128 seconds
[2024-10-22T08:04:58.700+0000] {processor.py:186} INFO - Started process (PID=88645) to work on /home/airflow/.local/lib/python3.12/site-packages/airflow/example_dags/example_kubernetes_executor.py
[2024-10-22T08:04:58.701+0000] {processor.py:914} INFO - Processing file /home/airflow/.local/lib/python3.12/site-packages/airflow/example_dags/example_kubernetes_executor.py for tasks to queue
[2024-10-22T08:04:58.702+0000] {logging_mixin.py:190} INFO - [2024-10-22T08:04:58.702+0000] {dagbag.py:588} INFO - Filling up the DagBag from /home/airflow/.local/lib/python3.12/site-packages/airflow/example_dags/example_kubernetes_executor.py
[2024-10-22T08:04:58.718+0000] {processor.py:925} INFO - DAG(s) 'example_kubernetes_executor' retrieved from /home/airflow/.local/lib/python3.12/site-packages/airflow/example_dags/example_kubernetes_executor.py
[2024-10-22T08:04:58.774+0000] {logging_mixin.py:190} INFO - [2024-10-22T08:04:58.773+0000] {dag.py:3239} INFO - Sync 1 DAGs
[2024-10-22T08:04:58.791+0000] {logging_mixin.py:190} INFO - [2024-10-22T08:04:58.791+0000] {dag.py:4180} INFO - Setting next_dagrun for example_kubernetes_executor to None, run_after=None
[2024-10-22T08:04:58.810+0000] {processor.py:208} INFO - Processing /home/airflow/.local/lib/python3.12/site-packages/airflow/example_dags/example_kubernetes_executor.py took 0.117 seconds
[2024-10-22T08:05:29.159+0000] {processor.py:186} INFO - Started process (PID=88711) to work on /home/airflow/.local/lib/python3.12/site-packages/airflow/example_dags/example_kubernetes_executor.py
[2024-10-22T08:05:29.160+0000] {processor.py:914} INFO - Processing file /home/airflow/.local/lib/python3.12/site-packages/airflow/example_dags/example_kubernetes_executor.py for tasks to queue
[2024-10-22T08:05:29.161+0000] {logging_mixin.py:190} INFO - [2024-10-22T08:05:29.161+0000] {dagbag.py:588} INFO - Filling up the DagBag from /home/airflow/.local/lib/python3.12/site-packages/airflow/example_dags/example_kubernetes_executor.py
[2024-10-22T08:05:29.176+0000] {processor.py:925} INFO - DAG(s) 'example_kubernetes_executor' retrieved from /home/airflow/.local/lib/python3.12/site-packages/airflow/example_dags/example_kubernetes_executor.py
[2024-10-22T08:05:29.231+0000] {logging_mixin.py:190} INFO - [2024-10-22T08:05:29.231+0000] {dag.py:3239} INFO - Sync 1 DAGs
[2024-10-22T08:05:29.250+0000] {logging_mixin.py:190} INFO - [2024-10-22T08:05:29.249+0000] {dag.py:4180} INFO - Setting next_dagrun for example_kubernetes_executor to None, run_after=None
[2024-10-22T08:05:29.270+0000] {processor.py:208} INFO - Processing /home/airflow/.local/lib/python3.12/site-packages/airflow/example_dags/example_kubernetes_executor.py took 0.118 seconds
[2024-10-22T08:05:59.425+0000] {processor.py:186} INFO - Started process (PID=88777) to work on /home/airflow/.local/lib/python3.12/site-packages/airflow/example_dags/example_kubernetes_executor.py
[2024-10-22T08:05:59.426+0000] {processor.py:914} INFO - Processing file /home/airflow/.local/lib/python3.12/site-packages/airflow/example_dags/example_kubernetes_executor.py for tasks to queue
[2024-10-22T08:05:59.428+0000] {logging_mixin.py:190} INFO - [2024-10-22T08:05:59.427+0000] {dagbag.py:588} INFO - Filling up the DagBag from /home/airflow/.local/lib/python3.12/site-packages/airflow/example_dags/example_kubernetes_executor.py
[2024-10-22T08:05:59.447+0000] {processor.py:925} INFO - DAG(s) 'example_kubernetes_executor' retrieved from /home/airflow/.local/lib/python3.12/site-packages/airflow/example_dags/example_kubernetes_executor.py
[2024-10-22T08:05:59.513+0000] {logging_mixin.py:190} INFO - [2024-10-22T08:05:59.513+0000] {dag.py:3239} INFO - Sync 1 DAGs
[2024-10-22T08:05:59.534+0000] {logging_mixin.py:190} INFO - [2024-10-22T08:05:59.534+0000] {dag.py:4180} INFO - Setting next_dagrun for example_kubernetes_executor to None, run_after=None
[2024-10-22T08:05:59.555+0000] {processor.py:208} INFO - Processing /home/airflow/.local/lib/python3.12/site-packages/airflow/example_dags/example_kubernetes_executor.py took 0.139 seconds
[2024-10-22T08:06:29.967+0000] {processor.py:186} INFO - Started process (PID=88845) to work on /home/airflow/.local/lib/python3.12/site-packages/airflow/example_dags/example_kubernetes_executor.py
[2024-10-22T08:06:29.968+0000] {processor.py:914} INFO - Processing file /home/airflow/.local/lib/python3.12/site-packages/airflow/example_dags/example_kubernetes_executor.py for tasks to queue
[2024-10-22T08:06:29.970+0000] {logging_mixin.py:190} INFO - [2024-10-22T08:06:29.969+0000] {dagbag.py:588} INFO - Filling up the DagBag from /home/airflow/.local/lib/python3.12/site-packages/airflow/example_dags/example_kubernetes_executor.py
[2024-10-22T08:06:29.984+0000] {processor.py:925} INFO - DAG(s) 'example_kubernetes_executor' retrieved from /home/airflow/.local/lib/python3.12/site-packages/airflow/example_dags/example_kubernetes_executor.py
[2024-10-22T08:06:30.038+0000] {logging_mixin.py:190} INFO - [2024-10-22T08:06:30.038+0000] {dag.py:3239} INFO - Sync 1 DAGs
[2024-10-22T08:06:30.054+0000] {logging_mixin.py:190} INFO - [2024-10-22T08:06:30.054+0000] {dag.py:4180} INFO - Setting next_dagrun for example_kubernetes_executor to None, run_after=None
[2024-10-22T08:06:30.072+0000] {processor.py:208} INFO - Processing /home/airflow/.local/lib/python3.12/site-packages/airflow/example_dags/example_kubernetes_executor.py took 0.114 seconds
[2024-10-22T08:07:00.261+0000] {processor.py:186} INFO - Started process (PID=88912) to work on /home/airflow/.local/lib/python3.12/site-packages/airflow/example_dags/example_kubernetes_executor.py
[2024-10-22T08:07:00.262+0000] {processor.py:914} INFO - Processing file /home/airflow/.local/lib/python3.12/site-packages/airflow/example_dags/example_kubernetes_executor.py for tasks to queue
[2024-10-22T08:07:00.263+0000] {logging_mixin.py:190} INFO - [2024-10-22T08:07:00.263+0000] {dagbag.py:588} INFO - Filling up the DagBag from /home/airflow/.local/lib/python3.12/site-packages/airflow/example_dags/example_kubernetes_executor.py
[2024-10-22T08:07:00.278+0000] {processor.py:925} INFO - DAG(s) 'example_kubernetes_executor' retrieved from /home/airflow/.local/lib/python3.12/site-packages/airflow/example_dags/example_kubernetes_executor.py
[2024-10-22T08:07:00.331+0000] {logging_mixin.py:190} INFO - [2024-10-22T08:07:00.331+0000] {dag.py:3239} INFO - Sync 1 DAGs
[2024-10-22T08:07:00.347+0000] {logging_mixin.py:190} INFO - [2024-10-22T08:07:00.347+0000] {dag.py:4180} INFO - Setting next_dagrun for example_kubernetes_executor to None, run_after=None
[2024-10-22T08:07:00.365+0000] {processor.py:208} INFO - Processing /home/airflow/.local/lib/python3.12/site-packages/airflow/example_dags/example_kubernetes_executor.py took 0.111 seconds
[2024-10-22T08:07:30.725+0000] {processor.py:186} INFO - Started process (PID=88979) to work on /home/airflow/.local/lib/python3.12/site-packages/airflow/example_dags/example_kubernetes_executor.py
[2024-10-22T08:07:30.726+0000] {processor.py:914} INFO - Processing file /home/airflow/.local/lib/python3.12/site-packages/airflow/example_dags/example_kubernetes_executor.py for tasks to queue
[2024-10-22T08:07:30.728+0000] {logging_mixin.py:190} INFO - [2024-10-22T08:07:30.727+0000] {dagbag.py:588} INFO - Filling up the DagBag from /home/airflow/.local/lib/python3.12/site-packages/airflow/example_dags/example_kubernetes_executor.py
[2024-10-22T08:07:30.743+0000] {processor.py:925} INFO - DAG(s) 'example_kubernetes_executor' retrieved from /home/airflow/.local/lib/python3.12/site-packages/airflow/example_dags/example_kubernetes_executor.py
[2024-10-22T08:07:30.800+0000] {logging_mixin.py:190} INFO - [2024-10-22T08:07:30.800+0000] {dag.py:3239} INFO - Sync 1 DAGs
[2024-10-22T08:07:30.816+0000] {logging_mixin.py:190} INFO - [2024-10-22T08:07:30.816+0000] {dag.py:4180} INFO - Setting next_dagrun for example_kubernetes_executor to None, run_after=None
[2024-10-22T08:07:30.834+0000] {processor.py:208} INFO - Processing /home/airflow/.local/lib/python3.12/site-packages/airflow/example_dags/example_kubernetes_executor.py took 0.116 seconds
[2024-10-22T08:08:01.028+0000] {processor.py:186} INFO - Started process (PID=89046) to work on /home/airflow/.local/lib/python3.12/site-packages/airflow/example_dags/example_kubernetes_executor.py
[2024-10-22T08:08:01.029+0000] {processor.py:914} INFO - Processing file /home/airflow/.local/lib/python3.12/site-packages/airflow/example_dags/example_kubernetes_executor.py for tasks to queue
[2024-10-22T08:08:01.030+0000] {logging_mixin.py:190} INFO - [2024-10-22T08:08:01.030+0000] {dagbag.py:588} INFO - Filling up the DagBag from /home/airflow/.local/lib/python3.12/site-packages/airflow/example_dags/example_kubernetes_executor.py
[2024-10-22T08:08:01.045+0000] {processor.py:925} INFO - DAG(s) 'example_kubernetes_executor' retrieved from /home/airflow/.local/lib/python3.12/site-packages/airflow/example_dags/example_kubernetes_executor.py
[2024-10-22T08:08:01.098+0000] {logging_mixin.py:190} INFO - [2024-10-22T08:08:01.098+0000] {dag.py:3239} INFO - Sync 1 DAGs
[2024-10-22T08:08:01.114+0000] {logging_mixin.py:190} INFO - [2024-10-22T08:08:01.113+0000] {dag.py:4180} INFO - Setting next_dagrun for example_kubernetes_executor to None, run_after=None
[2024-10-22T08:08:01.132+0000] {processor.py:208} INFO - Processing /home/airflow/.local/lib/python3.12/site-packages/airflow/example_dags/example_kubernetes_executor.py took 0.117 seconds
[2024-10-22T08:08:31.321+0000] {processor.py:186} INFO - Started process (PID=89113) to work on /home/airflow/.local/lib/python3.12/site-packages/airflow/example_dags/example_kubernetes_executor.py
[2024-10-22T08:08:31.322+0000] {processor.py:914} INFO - Processing file /home/airflow/.local/lib/python3.12/site-packages/airflow/example_dags/example_kubernetes_executor.py for tasks to queue
[2024-10-22T08:08:31.323+0000] {logging_mixin.py:190} INFO - [2024-10-22T08:08:31.323+0000] {dagbag.py:588} INFO - Filling up the DagBag from /home/airflow/.local/lib/python3.12/site-packages/airflow/example_dags/example_kubernetes_executor.py
[2024-10-22T08:08:31.337+0000] {processor.py:925} INFO - DAG(s) 'example_kubernetes_executor' retrieved from /home/airflow/.local/lib/python3.12/site-packages/airflow/example_dags/example_kubernetes_executor.py
[2024-10-22T08:08:31.392+0000] {logging_mixin.py:190} INFO - [2024-10-22T08:08:31.392+0000] {dag.py:3239} INFO - Sync 1 DAGs
[2024-10-22T08:08:31.408+0000] {logging_mixin.py:190} INFO - [2024-10-22T08:08:31.408+0000] {dag.py:4180} INFO - Setting next_dagrun for example_kubernetes_executor to None, run_after=None
[2024-10-22T08:08:31.426+0000] {processor.py:208} INFO - Processing /home/airflow/.local/lib/python3.12/site-packages/airflow/example_dags/example_kubernetes_executor.py took 0.113 seconds
[2024-10-22T08:09:01.499+0000] {processor.py:186} INFO - Started process (PID=89179) to work on /home/airflow/.local/lib/python3.12/site-packages/airflow/example_dags/example_kubernetes_executor.py
[2024-10-22T08:09:01.500+0000] {processor.py:914} INFO - Processing file /home/airflow/.local/lib/python3.12/site-packages/airflow/example_dags/example_kubernetes_executor.py for tasks to queue
[2024-10-22T08:09:01.501+0000] {logging_mixin.py:190} INFO - [2024-10-22T08:09:01.501+0000] {dagbag.py:588} INFO - Filling up the DagBag from /home/airflow/.local/lib/python3.12/site-packages/airflow/example_dags/example_kubernetes_executor.py
[2024-10-22T08:09:01.515+0000] {processor.py:925} INFO - DAG(s) 'example_kubernetes_executor' retrieved from /home/airflow/.local/lib/python3.12/site-packages/airflow/example_dags/example_kubernetes_executor.py
[2024-10-22T08:09:01.567+0000] {logging_mixin.py:190} INFO - [2024-10-22T08:09:01.566+0000] {dag.py:3239} INFO - Sync 1 DAGs
[2024-10-22T08:09:01.583+0000] {logging_mixin.py:190} INFO - [2024-10-22T08:09:01.583+0000] {dag.py:4180} INFO - Setting next_dagrun for example_kubernetes_executor to None, run_after=None
[2024-10-22T08:09:01.602+0000] {processor.py:208} INFO - Processing /home/airflow/.local/lib/python3.12/site-packages/airflow/example_dags/example_kubernetes_executor.py took 0.110 seconds
[2024-10-22T08:09:31.697+0000] {processor.py:186} INFO - Started process (PID=89246) to work on /home/airflow/.local/lib/python3.12/site-packages/airflow/example_dags/example_kubernetes_executor.py
[2024-10-22T08:09:31.699+0000] {processor.py:914} INFO - Processing file /home/airflow/.local/lib/python3.12/site-packages/airflow/example_dags/example_kubernetes_executor.py for tasks to queue
[2024-10-22T08:09:31.700+0000] {logging_mixin.py:190} INFO - [2024-10-22T08:09:31.700+0000] {dagbag.py:588} INFO - Filling up the DagBag from /home/airflow/.local/lib/python3.12/site-packages/airflow/example_dags/example_kubernetes_executor.py
[2024-10-22T08:09:31.714+0000] {processor.py:925} INFO - DAG(s) 'example_kubernetes_executor' retrieved from /home/airflow/.local/lib/python3.12/site-packages/airflow/example_dags/example_kubernetes_executor.py
[2024-10-22T08:09:31.766+0000] {logging_mixin.py:190} INFO - [2024-10-22T08:09:31.766+0000] {dag.py:3239} INFO - Sync 1 DAGs
[2024-10-22T08:09:31.782+0000] {logging_mixin.py:190} INFO - [2024-10-22T08:09:31.782+0000] {dag.py:4180} INFO - Setting next_dagrun for example_kubernetes_executor to None, run_after=None
[2024-10-22T08:09:31.799+0000] {processor.py:208} INFO - Processing /home/airflow/.local/lib/python3.12/site-packages/airflow/example_dags/example_kubernetes_executor.py took 0.111 seconds
[2024-10-22T08:10:01.910+0000] {processor.py:186} INFO - Started process (PID=89312) to work on /home/airflow/.local/lib/python3.12/site-packages/airflow/example_dags/example_kubernetes_executor.py
[2024-10-22T08:10:01.911+0000] {processor.py:914} INFO - Processing file /home/airflow/.local/lib/python3.12/site-packages/airflow/example_dags/example_kubernetes_executor.py for tasks to queue
[2024-10-22T08:10:01.913+0000] {logging_mixin.py:190} INFO - [2024-10-22T08:10:01.913+0000] {dagbag.py:588} INFO - Filling up the DagBag from /home/airflow/.local/lib/python3.12/site-packages/airflow/example_dags/example_kubernetes_executor.py
[2024-10-22T08:10:01.928+0000] {processor.py:925} INFO - DAG(s) 'example_kubernetes_executor' retrieved from /home/airflow/.local/lib/python3.12/site-packages/airflow/example_dags/example_kubernetes_executor.py
[2024-10-22T08:10:01.980+0000] {logging_mixin.py:190} INFO - [2024-10-22T08:10:01.980+0000] {dag.py:3239} INFO - Sync 1 DAGs
[2024-10-22T08:10:01.996+0000] {logging_mixin.py:190} INFO - [2024-10-22T08:10:01.996+0000] {dag.py:4180} INFO - Setting next_dagrun for example_kubernetes_executor to None, run_after=None
[2024-10-22T08:10:02.014+0000] {processor.py:208} INFO - Processing /home/airflow/.local/lib/python3.12/site-packages/airflow/example_dags/example_kubernetes_executor.py took 0.113 seconds
[2024-10-22T08:10:32.153+0000] {processor.py:186} INFO - Started process (PID=89379) to work on /home/airflow/.local/lib/python3.12/site-packages/airflow/example_dags/example_kubernetes_executor.py
[2024-10-22T08:10:32.155+0000] {processor.py:914} INFO - Processing file /home/airflow/.local/lib/python3.12/site-packages/airflow/example_dags/example_kubernetes_executor.py for tasks to queue
[2024-10-22T08:10:32.156+0000] {logging_mixin.py:190} INFO - [2024-10-22T08:10:32.156+0000] {dagbag.py:588} INFO - Filling up the DagBag from /home/airflow/.local/lib/python3.12/site-packages/airflow/example_dags/example_kubernetes_executor.py
[2024-10-22T08:10:32.172+0000] {processor.py:925} INFO - DAG(s) 'example_kubernetes_executor' retrieved from /home/airflow/.local/lib/python3.12/site-packages/airflow/example_dags/example_kubernetes_executor.py
[2024-10-22T08:10:32.234+0000] {logging_mixin.py:190} INFO - [2024-10-22T08:10:32.233+0000] {dag.py:3239} INFO - Sync 1 DAGs
[2024-10-22T08:10:32.257+0000] {logging_mixin.py:190} INFO - [2024-10-22T08:10:32.256+0000] {dag.py:4180} INFO - Setting next_dagrun for example_kubernetes_executor to None, run_after=None
[2024-10-22T08:10:32.283+0000] {processor.py:208} INFO - Processing /home/airflow/.local/lib/python3.12/site-packages/airflow/example_dags/example_kubernetes_executor.py took 0.137 seconds
[2024-10-22T08:11:02.497+0000] {processor.py:186} INFO - Started process (PID=89445) to work on /home/airflow/.local/lib/python3.12/site-packages/airflow/example_dags/example_kubernetes_executor.py
[2024-10-22T08:11:02.498+0000] {processor.py:914} INFO - Processing file /home/airflow/.local/lib/python3.12/site-packages/airflow/example_dags/example_kubernetes_executor.py for tasks to queue
[2024-10-22T08:11:02.499+0000] {logging_mixin.py:190} INFO - [2024-10-22T08:11:02.499+0000] {dagbag.py:588} INFO - Filling up the DagBag from /home/airflow/.local/lib/python3.12/site-packages/airflow/example_dags/example_kubernetes_executor.py
[2024-10-22T08:11:02.515+0000] {processor.py:925} INFO - DAG(s) 'example_kubernetes_executor' retrieved from /home/airflow/.local/lib/python3.12/site-packages/airflow/example_dags/example_kubernetes_executor.py
[2024-10-22T08:11:02.592+0000] {logging_mixin.py:190} INFO - [2024-10-22T08:11:02.591+0000] {dag.py:3239} INFO - Sync 1 DAGs
[2024-10-22T08:11:02.613+0000] {logging_mixin.py:190} INFO - [2024-10-22T08:11:02.613+0000] {dag.py:4180} INFO - Setting next_dagrun for example_kubernetes_executor to None, run_after=None
[2024-10-22T08:11:02.639+0000] {processor.py:208} INFO - Processing /home/airflow/.local/lib/python3.12/site-packages/airflow/example_dags/example_kubernetes_executor.py took 0.153 seconds
[2024-10-22T08:11:33.160+0000] {processor.py:186} INFO - Started process (PID=89512) to work on /home/airflow/.local/lib/python3.12/site-packages/airflow/example_dags/example_kubernetes_executor.py
[2024-10-22T08:11:33.162+0000] {processor.py:914} INFO - Processing file /home/airflow/.local/lib/python3.12/site-packages/airflow/example_dags/example_kubernetes_executor.py for tasks to queue
[2024-10-22T08:11:33.163+0000] {logging_mixin.py:190} INFO - [2024-10-22T08:11:33.163+0000] {dagbag.py:588} INFO - Filling up the DagBag from /home/airflow/.local/lib/python3.12/site-packages/airflow/example_dags/example_kubernetes_executor.py
[2024-10-22T08:11:33.179+0000] {processor.py:925} INFO - DAG(s) 'example_kubernetes_executor' retrieved from /home/airflow/.local/lib/python3.12/site-packages/airflow/example_dags/example_kubernetes_executor.py
[2024-10-22T08:11:33.236+0000] {logging_mixin.py:190} INFO - [2024-10-22T08:11:33.235+0000] {dag.py:3239} INFO - Sync 1 DAGs
[2024-10-22T08:11:33.253+0000] {logging_mixin.py:190} INFO - [2024-10-22T08:11:33.252+0000] {dag.py:4180} INFO - Setting next_dagrun for example_kubernetes_executor to None, run_after=None
[2024-10-22T08:11:33.275+0000] {processor.py:208} INFO - Processing /home/airflow/.local/lib/python3.12/site-packages/airflow/example_dags/example_kubernetes_executor.py took 0.122 seconds
[2024-10-22T08:12:03.608+0000] {processor.py:186} INFO - Started process (PID=89579) to work on /home/airflow/.local/lib/python3.12/site-packages/airflow/example_dags/example_kubernetes_executor.py
[2024-10-22T08:12:03.609+0000] {processor.py:914} INFO - Processing file /home/airflow/.local/lib/python3.12/site-packages/airflow/example_dags/example_kubernetes_executor.py for tasks to queue
[2024-10-22T08:12:03.610+0000] {logging_mixin.py:190} INFO - [2024-10-22T08:12:03.610+0000] {dagbag.py:588} INFO - Filling up the DagBag from /home/airflow/.local/lib/python3.12/site-packages/airflow/example_dags/example_kubernetes_executor.py
[2024-10-22T08:12:03.625+0000] {processor.py:925} INFO - DAG(s) 'example_kubernetes_executor' retrieved from /home/airflow/.local/lib/python3.12/site-packages/airflow/example_dags/example_kubernetes_executor.py
[2024-10-22T08:12:03.680+0000] {logging_mixin.py:190} INFO - [2024-10-22T08:12:03.680+0000] {dag.py:3239} INFO - Sync 1 DAGs
[2024-10-22T08:12:03.695+0000] {logging_mixin.py:190} INFO - [2024-10-22T08:12:03.695+0000] {dag.py:4180} INFO - Setting next_dagrun for example_kubernetes_executor to None, run_after=None
[2024-10-22T08:12:03.713+0000] {processor.py:208} INFO - Processing /home/airflow/.local/lib/python3.12/site-packages/airflow/example_dags/example_kubernetes_executor.py took 0.115 seconds
[2024-10-22T08:12:34.061+0000] {processor.py:186} INFO - Started process (PID=89646) to work on /home/airflow/.local/lib/python3.12/site-packages/airflow/example_dags/example_kubernetes_executor.py
[2024-10-22T08:12:34.062+0000] {processor.py:914} INFO - Processing file /home/airflow/.local/lib/python3.12/site-packages/airflow/example_dags/example_kubernetes_executor.py for tasks to queue
[2024-10-22T08:12:34.064+0000] {logging_mixin.py:190} INFO - [2024-10-22T08:12:34.064+0000] {dagbag.py:588} INFO - Filling up the DagBag from /home/airflow/.local/lib/python3.12/site-packages/airflow/example_dags/example_kubernetes_executor.py
[2024-10-22T08:12:34.078+0000] {processor.py:925} INFO - DAG(s) 'example_kubernetes_executor' retrieved from /home/airflow/.local/lib/python3.12/site-packages/airflow/example_dags/example_kubernetes_executor.py
[2024-10-22T08:12:34.130+0000] {logging_mixin.py:190} INFO - [2024-10-22T08:12:34.130+0000] {dag.py:3239} INFO - Sync 1 DAGs
[2024-10-22T08:12:34.151+0000] {logging_mixin.py:190} INFO - [2024-10-22T08:12:34.150+0000] {dag.py:4180} INFO - Setting next_dagrun for example_kubernetes_executor to None, run_after=None
[2024-10-22T08:12:34.168+0000] {processor.py:208} INFO - Processing /home/airflow/.local/lib/python3.12/site-packages/airflow/example_dags/example_kubernetes_executor.py took 0.115 seconds
[2024-10-22T08:13:04.235+0000] {processor.py:186} INFO - Started process (PID=89713) to work on /home/airflow/.local/lib/python3.12/site-packages/airflow/example_dags/example_kubernetes_executor.py
[2024-10-22T08:13:04.236+0000] {processor.py:914} INFO - Processing file /home/airflow/.local/lib/python3.12/site-packages/airflow/example_dags/example_kubernetes_executor.py for tasks to queue
[2024-10-22T08:13:04.238+0000] {logging_mixin.py:190} INFO - [2024-10-22T08:13:04.238+0000] {dagbag.py:588} INFO - Filling up the DagBag from /home/airflow/.local/lib/python3.12/site-packages/airflow/example_dags/example_kubernetes_executor.py
[2024-10-22T08:13:04.255+0000] {processor.py:925} INFO - DAG(s) 'example_kubernetes_executor' retrieved from /home/airflow/.local/lib/python3.12/site-packages/airflow/example_dags/example_kubernetes_executor.py
[2024-10-22T08:13:04.312+0000] {logging_mixin.py:190} INFO - [2024-10-22T08:13:04.312+0000] {dag.py:3239} INFO - Sync 1 DAGs
[2024-10-22T08:13:04.328+0000] {logging_mixin.py:190} INFO - [2024-10-22T08:13:04.328+0000] {dag.py:4180} INFO - Setting next_dagrun for example_kubernetes_executor to None, run_after=None
[2024-10-22T08:13:04.350+0000] {processor.py:208} INFO - Processing /home/airflow/.local/lib/python3.12/site-packages/airflow/example_dags/example_kubernetes_executor.py took 0.123 seconds
[2024-10-22T08:13:35.119+0000] {processor.py:186} INFO - Started process (PID=89779) to work on /home/airflow/.local/lib/python3.12/site-packages/airflow/example_dags/example_kubernetes_executor.py
[2024-10-22T08:13:35.121+0000] {processor.py:914} INFO - Processing file /home/airflow/.local/lib/python3.12/site-packages/airflow/example_dags/example_kubernetes_executor.py for tasks to queue
[2024-10-22T08:13:35.123+0000] {logging_mixin.py:190} INFO - [2024-10-22T08:13:35.122+0000] {dagbag.py:588} INFO - Filling up the DagBag from /home/airflow/.local/lib/python3.12/site-packages/airflow/example_dags/example_kubernetes_executor.py
[2024-10-22T08:13:35.140+0000] {processor.py:925} INFO - DAG(s) 'example_kubernetes_executor' retrieved from /home/airflow/.local/lib/python3.12/site-packages/airflow/example_dags/example_kubernetes_executor.py
[2024-10-22T08:13:35.194+0000] {logging_mixin.py:190} INFO - [2024-10-22T08:13:35.194+0000] {dag.py:3239} INFO - Sync 1 DAGs
[2024-10-22T08:13:35.211+0000] {logging_mixin.py:190} INFO - [2024-10-22T08:13:35.211+0000] {dag.py:4180} INFO - Setting next_dagrun for example_kubernetes_executor to None, run_after=None
[2024-10-22T08:13:35.228+0000] {processor.py:208} INFO - Processing /home/airflow/.local/lib/python3.12/site-packages/airflow/example_dags/example_kubernetes_executor.py took 0.117 seconds
[2024-10-22T08:14:05.569+0000] {processor.py:186} INFO - Started process (PID=89846) to work on /home/airflow/.local/lib/python3.12/site-packages/airflow/example_dags/example_kubernetes_executor.py
[2024-10-22T08:14:05.570+0000] {processor.py:914} INFO - Processing file /home/airflow/.local/lib/python3.12/site-packages/airflow/example_dags/example_kubernetes_executor.py for tasks to queue
[2024-10-22T08:14:05.572+0000] {logging_mixin.py:190} INFO - [2024-10-22T08:14:05.571+0000] {dagbag.py:588} INFO - Filling up the DagBag from /home/airflow/.local/lib/python3.12/site-packages/airflow/example_dags/example_kubernetes_executor.py
[2024-10-22T08:14:05.586+0000] {processor.py:925} INFO - DAG(s) 'example_kubernetes_executor' retrieved from /home/airflow/.local/lib/python3.12/site-packages/airflow/example_dags/example_kubernetes_executor.py
[2024-10-22T08:14:05.647+0000] {logging_mixin.py:190} INFO - [2024-10-22T08:14:05.646+0000] {dag.py:3239} INFO - Sync 1 DAGs
[2024-10-22T08:14:05.668+0000] {logging_mixin.py:190} INFO - [2024-10-22T08:14:05.667+0000] {dag.py:4180} INFO - Setting next_dagrun for example_kubernetes_executor to None, run_after=None
[2024-10-22T08:14:05.686+0000] {processor.py:208} INFO - Processing /home/airflow/.local/lib/python3.12/site-packages/airflow/example_dags/example_kubernetes_executor.py took 0.124 seconds
[2024-10-22T08:14:36.092+0000] {processor.py:186} INFO - Started process (PID=89912) to work on /home/airflow/.local/lib/python3.12/site-packages/airflow/example_dags/example_kubernetes_executor.py
[2024-10-22T08:14:36.093+0000] {processor.py:914} INFO - Processing file /home/airflow/.local/lib/python3.12/site-packages/airflow/example_dags/example_kubernetes_executor.py for tasks to queue
[2024-10-22T08:14:36.095+0000] {logging_mixin.py:190} INFO - [2024-10-22T08:14:36.095+0000] {dagbag.py:588} INFO - Filling up the DagBag from /home/airflow/.local/lib/python3.12/site-packages/airflow/example_dags/example_kubernetes_executor.py
[2024-10-22T08:14:36.110+0000] {processor.py:925} INFO - DAG(s) 'example_kubernetes_executor' retrieved from /home/airflow/.local/lib/python3.12/site-packages/airflow/example_dags/example_kubernetes_executor.py
[2024-10-22T08:14:36.164+0000] {logging_mixin.py:190} INFO - [2024-10-22T08:14:36.163+0000] {dag.py:3239} INFO - Sync 1 DAGs
[2024-10-22T08:14:36.185+0000] {logging_mixin.py:190} INFO - [2024-10-22T08:14:36.185+0000] {dag.py:4180} INFO - Setting next_dagrun for example_kubernetes_executor to None, run_after=None
[2024-10-22T08:14:36.214+0000] {processor.py:208} INFO - Processing /home/airflow/.local/lib/python3.12/site-packages/airflow/example_dags/example_kubernetes_executor.py took 0.131 seconds
[2024-10-22T08:15:06.325+0000] {processor.py:186} INFO - Started process (PID=89979) to work on /home/airflow/.local/lib/python3.12/site-packages/airflow/example_dags/example_kubernetes_executor.py
[2024-10-22T08:15:06.326+0000] {processor.py:914} INFO - Processing file /home/airflow/.local/lib/python3.12/site-packages/airflow/example_dags/example_kubernetes_executor.py for tasks to queue
[2024-10-22T08:15:06.327+0000] {logging_mixin.py:190} INFO - [2024-10-22T08:15:06.327+0000] {dagbag.py:588} INFO - Filling up the DagBag from /home/airflow/.local/lib/python3.12/site-packages/airflow/example_dags/example_kubernetes_executor.py
[2024-10-22T08:15:06.342+0000] {processor.py:925} INFO - DAG(s) 'example_kubernetes_executor' retrieved from /home/airflow/.local/lib/python3.12/site-packages/airflow/example_dags/example_kubernetes_executor.py
[2024-10-22T08:15:06.396+0000] {logging_mixin.py:190} INFO - [2024-10-22T08:15:06.395+0000] {dag.py:3239} INFO - Sync 1 DAGs
[2024-10-22T08:15:06.412+0000] {logging_mixin.py:190} INFO - [2024-10-22T08:15:06.411+0000] {dag.py:4180} INFO - Setting next_dagrun for example_kubernetes_executor to None, run_after=None
[2024-10-22T08:15:06.429+0000] {processor.py:208} INFO - Processing /home/airflow/.local/lib/python3.12/site-packages/airflow/example_dags/example_kubernetes_executor.py took 0.111 seconds
[2024-10-22T08:15:36.558+0000] {processor.py:186} INFO - Started process (PID=90046) to work on /home/airflow/.local/lib/python3.12/site-packages/airflow/example_dags/example_kubernetes_executor.py
[2024-10-22T08:15:36.560+0000] {processor.py:914} INFO - Processing file /home/airflow/.local/lib/python3.12/site-packages/airflow/example_dags/example_kubernetes_executor.py for tasks to queue
[2024-10-22T08:15:36.561+0000] {logging_mixin.py:190} INFO - [2024-10-22T08:15:36.561+0000] {dagbag.py:588} INFO - Filling up the DagBag from /home/airflow/.local/lib/python3.12/site-packages/airflow/example_dags/example_kubernetes_executor.py
[2024-10-22T08:15:36.576+0000] {processor.py:925} INFO - DAG(s) 'example_kubernetes_executor' retrieved from /home/airflow/.local/lib/python3.12/site-packages/airflow/example_dags/example_kubernetes_executor.py
[2024-10-22T08:15:36.629+0000] {logging_mixin.py:190} INFO - [2024-10-22T08:15:36.629+0000] {dag.py:3239} INFO - Sync 1 DAGs
[2024-10-22T08:15:36.645+0000] {logging_mixin.py:190} INFO - [2024-10-22T08:15:36.644+0000] {dag.py:4180} INFO - Setting next_dagrun for example_kubernetes_executor to None, run_after=None
[2024-10-22T08:15:36.662+0000] {processor.py:208} INFO - Processing /home/airflow/.local/lib/python3.12/site-packages/airflow/example_dags/example_kubernetes_executor.py took 0.113 seconds
[2024-10-22T08:16:06.977+0000] {processor.py:186} INFO - Started process (PID=90113) to work on /home/airflow/.local/lib/python3.12/site-packages/airflow/example_dags/example_kubernetes_executor.py
[2024-10-22T08:16:06.978+0000] {processor.py:914} INFO - Processing file /home/airflow/.local/lib/python3.12/site-packages/airflow/example_dags/example_kubernetes_executor.py for tasks to queue
[2024-10-22T08:16:06.982+0000] {logging_mixin.py:190} INFO - [2024-10-22T08:16:06.982+0000] {dagbag.py:588} INFO - Filling up the DagBag from /home/airflow/.local/lib/python3.12/site-packages/airflow/example_dags/example_kubernetes_executor.py
[2024-10-22T08:16:07.000+0000] {processor.py:925} INFO - DAG(s) 'example_kubernetes_executor' retrieved from /home/airflow/.local/lib/python3.12/site-packages/airflow/example_dags/example_kubernetes_executor.py
[2024-10-22T08:16:07.064+0000] {logging_mixin.py:190} INFO - [2024-10-22T08:16:07.063+0000] {dag.py:3239} INFO - Sync 1 DAGs
[2024-10-22T08:16:07.082+0000] {logging_mixin.py:190} INFO - [2024-10-22T08:16:07.081+0000] {dag.py:4180} INFO - Setting next_dagrun for example_kubernetes_executor to None, run_after=None
[2024-10-22T08:16:07.100+0000] {processor.py:208} INFO - Processing /home/airflow/.local/lib/python3.12/site-packages/airflow/example_dags/example_kubernetes_executor.py took 0.135 seconds
[2024-10-22T08:16:37.181+0000] {processor.py:186} INFO - Started process (PID=90180) to work on /home/airflow/.local/lib/python3.12/site-packages/airflow/example_dags/example_kubernetes_executor.py
[2024-10-22T08:16:37.182+0000] {processor.py:914} INFO - Processing file /home/airflow/.local/lib/python3.12/site-packages/airflow/example_dags/example_kubernetes_executor.py for tasks to queue
[2024-10-22T08:16:37.184+0000] {logging_mixin.py:190} INFO - [2024-10-22T08:16:37.184+0000] {dagbag.py:588} INFO - Filling up the DagBag from /home/airflow/.local/lib/python3.12/site-packages/airflow/example_dags/example_kubernetes_executor.py
[2024-10-22T08:16:37.203+0000] {processor.py:925} INFO - DAG(s) 'example_kubernetes_executor' retrieved from /home/airflow/.local/lib/python3.12/site-packages/airflow/example_dags/example_kubernetes_executor.py
[2024-10-22T08:16:37.308+0000] {logging_mixin.py:190} INFO - [2024-10-22T08:16:37.307+0000] {dag.py:3239} INFO - Sync 1 DAGs
[2024-10-22T08:16:37.343+0000] {logging_mixin.py:190} INFO - [2024-10-22T08:16:37.343+0000] {dag.py:4180} INFO - Setting next_dagrun for example_kubernetes_executor to None, run_after=None
[2024-10-22T08:16:37.375+0000] {processor.py:208} INFO - Processing /home/airflow/.local/lib/python3.12/site-packages/airflow/example_dags/example_kubernetes_executor.py took 0.203 seconds
[2024-10-22T08:17:07.418+0000] {processor.py:186} INFO - Started process (PID=90247) to work on /home/airflow/.local/lib/python3.12/site-packages/airflow/example_dags/example_kubernetes_executor.py
[2024-10-22T08:17:07.419+0000] {processor.py:914} INFO - Processing file /home/airflow/.local/lib/python3.12/site-packages/airflow/example_dags/example_kubernetes_executor.py for tasks to queue
[2024-10-22T08:17:07.420+0000] {logging_mixin.py:190} INFO - [2024-10-22T08:17:07.420+0000] {dagbag.py:588} INFO - Filling up the DagBag from /home/airflow/.local/lib/python3.12/site-packages/airflow/example_dags/example_kubernetes_executor.py
[2024-10-22T08:17:07.435+0000] {processor.py:925} INFO - DAG(s) 'example_kubernetes_executor' retrieved from /home/airflow/.local/lib/python3.12/site-packages/airflow/example_dags/example_kubernetes_executor.py
[2024-10-22T08:17:07.490+0000] {logging_mixin.py:190} INFO - [2024-10-22T08:17:07.489+0000] {dag.py:3239} INFO - Sync 1 DAGs
[2024-10-22T08:17:07.520+0000] {logging_mixin.py:190} INFO - [2024-10-22T08:17:07.519+0000] {dag.py:4180} INFO - Setting next_dagrun for example_kubernetes_executor to None, run_after=None
[2024-10-22T08:17:07.540+0000] {processor.py:208} INFO - Processing /home/airflow/.local/lib/python3.12/site-packages/airflow/example_dags/example_kubernetes_executor.py took 0.131 seconds
[2024-10-22T08:17:37.679+0000] {processor.py:186} INFO - Started process (PID=90313) to work on /home/airflow/.local/lib/python3.12/site-packages/airflow/example_dags/example_kubernetes_executor.py
[2024-10-22T08:17:37.680+0000] {processor.py:914} INFO - Processing file /home/airflow/.local/lib/python3.12/site-packages/airflow/example_dags/example_kubernetes_executor.py for tasks to queue
[2024-10-22T08:17:37.682+0000] {logging_mixin.py:190} INFO - [2024-10-22T08:17:37.681+0000] {dagbag.py:588} INFO - Filling up the DagBag from /home/airflow/.local/lib/python3.12/site-packages/airflow/example_dags/example_kubernetes_executor.py
[2024-10-22T08:17:37.697+0000] {processor.py:925} INFO - DAG(s) 'example_kubernetes_executor' retrieved from /home/airflow/.local/lib/python3.12/site-packages/airflow/example_dags/example_kubernetes_executor.py
[2024-10-22T08:17:37.757+0000] {logging_mixin.py:190} INFO - [2024-10-22T08:17:37.756+0000] {dag.py:3239} INFO - Sync 1 DAGs
[2024-10-22T08:17:37.776+0000] {logging_mixin.py:190} INFO - [2024-10-22T08:17:37.775+0000] {dag.py:4180} INFO - Setting next_dagrun for example_kubernetes_executor to None, run_after=None
[2024-10-22T08:17:37.797+0000] {processor.py:208} INFO - Processing /home/airflow/.local/lib/python3.12/site-packages/airflow/example_dags/example_kubernetes_executor.py took 0.126 seconds
[2024-10-22T08:18:08.075+0000] {processor.py:186} INFO - Started process (PID=90380) to work on /home/airflow/.local/lib/python3.12/site-packages/airflow/example_dags/example_kubernetes_executor.py
[2024-10-22T08:18:08.077+0000] {processor.py:914} INFO - Processing file /home/airflow/.local/lib/python3.12/site-packages/airflow/example_dags/example_kubernetes_executor.py for tasks to queue
[2024-10-22T08:18:08.078+0000] {logging_mixin.py:190} INFO - [2024-10-22T08:18:08.078+0000] {dagbag.py:588} INFO - Filling up the DagBag from /home/airflow/.local/lib/python3.12/site-packages/airflow/example_dags/example_kubernetes_executor.py
[2024-10-22T08:18:08.093+0000] {processor.py:925} INFO - DAG(s) 'example_kubernetes_executor' retrieved from /home/airflow/.local/lib/python3.12/site-packages/airflow/example_dags/example_kubernetes_executor.py
[2024-10-22T08:18:08.146+0000] {logging_mixin.py:190} INFO - [2024-10-22T08:18:08.144+0000] {dag.py:3239} INFO - Sync 1 DAGs
[2024-10-22T08:18:08.162+0000] {logging_mixin.py:190} INFO - [2024-10-22T08:18:08.162+0000] {dag.py:4180} INFO - Setting next_dagrun for example_kubernetes_executor to None, run_after=None
[2024-10-22T08:18:08.184+0000] {processor.py:208} INFO - Processing /home/airflow/.local/lib/python3.12/site-packages/airflow/example_dags/example_kubernetes_executor.py took 0.117 seconds
[2024-10-22T08:18:38.312+0000] {processor.py:186} INFO - Started process (PID=90448) to work on /home/airflow/.local/lib/python3.12/site-packages/airflow/example_dags/example_kubernetes_executor.py
[2024-10-22T08:18:38.314+0000] {processor.py:914} INFO - Processing file /home/airflow/.local/lib/python3.12/site-packages/airflow/example_dags/example_kubernetes_executor.py for tasks to queue
[2024-10-22T08:18:38.317+0000] {logging_mixin.py:190} INFO - [2024-10-22T08:18:38.316+0000] {dagbag.py:588} INFO - Filling up the DagBag from /home/airflow/.local/lib/python3.12/site-packages/airflow/example_dags/example_kubernetes_executor.py
[2024-10-22T08:18:38.338+0000] {processor.py:925} INFO - DAG(s) 'example_kubernetes_executor' retrieved from /home/airflow/.local/lib/python3.12/site-packages/airflow/example_dags/example_kubernetes_executor.py
[2024-10-22T08:18:38.422+0000] {logging_mixin.py:190} INFO - [2024-10-22T08:18:38.421+0000] {dag.py:3239} INFO - Sync 1 DAGs
[2024-10-22T08:18:38.445+0000] {logging_mixin.py:190} INFO - [2024-10-22T08:18:38.445+0000] {dag.py:4180} INFO - Setting next_dagrun for example_kubernetes_executor to None, run_after=None
[2024-10-22T08:18:38.470+0000] {processor.py:208} INFO - Processing /home/airflow/.local/lib/python3.12/site-packages/airflow/example_dags/example_kubernetes_executor.py took 0.172 seconds
[2024-10-22T08:19:08.567+0000] {processor.py:186} INFO - Started process (PID=90515) to work on /home/airflow/.local/lib/python3.12/site-packages/airflow/example_dags/example_kubernetes_executor.py
[2024-10-22T08:19:08.568+0000] {processor.py:914} INFO - Processing file /home/airflow/.local/lib/python3.12/site-packages/airflow/example_dags/example_kubernetes_executor.py for tasks to queue
[2024-10-22T08:19:08.569+0000] {logging_mixin.py:190} INFO - [2024-10-22T08:19:08.568+0000] {dagbag.py:588} INFO - Filling up the DagBag from /home/airflow/.local/lib/python3.12/site-packages/airflow/example_dags/example_kubernetes_executor.py
[2024-10-22T08:19:08.583+0000] {processor.py:925} INFO - DAG(s) 'example_kubernetes_executor' retrieved from /home/airflow/.local/lib/python3.12/site-packages/airflow/example_dags/example_kubernetes_executor.py
[2024-10-22T08:19:08.636+0000] {logging_mixin.py:190} INFO - [2024-10-22T08:19:08.636+0000] {dag.py:3239} INFO - Sync 1 DAGs
[2024-10-22T08:19:08.657+0000] {logging_mixin.py:190} INFO - [2024-10-22T08:19:08.657+0000] {dag.py:4180} INFO - Setting next_dagrun for example_kubernetes_executor to None, run_after=None
[2024-10-22T08:19:08.680+0000] {processor.py:208} INFO - Processing /home/airflow/.local/lib/python3.12/site-packages/airflow/example_dags/example_kubernetes_executor.py took 0.120 seconds
[2024-10-22T08:19:39.282+0000] {processor.py:186} INFO - Started process (PID=90581) to work on /home/airflow/.local/lib/python3.12/site-packages/airflow/example_dags/example_kubernetes_executor.py
[2024-10-22T08:19:39.284+0000] {processor.py:914} INFO - Processing file /home/airflow/.local/lib/python3.12/site-packages/airflow/example_dags/example_kubernetes_executor.py for tasks to queue
[2024-10-22T08:19:39.286+0000] {logging_mixin.py:190} INFO - [2024-10-22T08:19:39.286+0000] {dagbag.py:588} INFO - Filling up the DagBag from /home/airflow/.local/lib/python3.12/site-packages/airflow/example_dags/example_kubernetes_executor.py
[2024-10-22T08:19:39.304+0000] {processor.py:925} INFO - DAG(s) 'example_kubernetes_executor' retrieved from /home/airflow/.local/lib/python3.12/site-packages/airflow/example_dags/example_kubernetes_executor.py
[2024-10-22T08:19:39.361+0000] {logging_mixin.py:190} INFO - [2024-10-22T08:19:39.361+0000] {dag.py:3239} INFO - Sync 1 DAGs
[2024-10-22T08:19:39.378+0000] {logging_mixin.py:190} INFO - [2024-10-22T08:19:39.378+0000] {dag.py:4180} INFO - Setting next_dagrun for example_kubernetes_executor to None, run_after=None
[2024-10-22T08:19:39.397+0000] {processor.py:208} INFO - Processing /home/airflow/.local/lib/python3.12/site-packages/airflow/example_dags/example_kubernetes_executor.py took 0.124 seconds
[2024-10-22T08:20:10.251+0000] {processor.py:186} INFO - Started process (PID=90648) to work on /home/airflow/.local/lib/python3.12/site-packages/airflow/example_dags/example_kubernetes_executor.py
[2024-10-22T08:20:10.252+0000] {processor.py:914} INFO - Processing file /home/airflow/.local/lib/python3.12/site-packages/airflow/example_dags/example_kubernetes_executor.py for tasks to queue
[2024-10-22T08:20:10.254+0000] {logging_mixin.py:190} INFO - [2024-10-22T08:20:10.254+0000] {dagbag.py:588} INFO - Filling up the DagBag from /home/airflow/.local/lib/python3.12/site-packages/airflow/example_dags/example_kubernetes_executor.py
[2024-10-22T08:20:10.276+0000] {processor.py:925} INFO - DAG(s) 'example_kubernetes_executor' retrieved from /home/airflow/.local/lib/python3.12/site-packages/airflow/example_dags/example_kubernetes_executor.py
[2024-10-22T08:20:10.340+0000] {logging_mixin.py:190} INFO - [2024-10-22T08:20:10.339+0000] {dag.py:3239} INFO - Sync 1 DAGs
[2024-10-22T08:20:10.358+0000] {logging_mixin.py:190} INFO - [2024-10-22T08:20:10.357+0000] {dag.py:4180} INFO - Setting next_dagrun for example_kubernetes_executor to None, run_after=None
[2024-10-22T08:20:10.376+0000] {processor.py:208} INFO - Processing /home/airflow/.local/lib/python3.12/site-packages/airflow/example_dags/example_kubernetes_executor.py took 0.156 seconds
[2024-10-22T08:20:40.877+0000] {processor.py:186} INFO - Started process (PID=90715) to work on /home/airflow/.local/lib/python3.12/site-packages/airflow/example_dags/example_kubernetes_executor.py
[2024-10-22T08:20:40.879+0000] {processor.py:914} INFO - Processing file /home/airflow/.local/lib/python3.12/site-packages/airflow/example_dags/example_kubernetes_executor.py for tasks to queue
[2024-10-22T08:20:40.881+0000] {logging_mixin.py:190} INFO - [2024-10-22T08:20:40.880+0000] {dagbag.py:588} INFO - Filling up the DagBag from /home/airflow/.local/lib/python3.12/site-packages/airflow/example_dags/example_kubernetes_executor.py
[2024-10-22T08:20:40.899+0000] {processor.py:925} INFO - DAG(s) 'example_kubernetes_executor' retrieved from /home/airflow/.local/lib/python3.12/site-packages/airflow/example_dags/example_kubernetes_executor.py
[2024-10-22T08:20:40.977+0000] {logging_mixin.py:190} INFO - [2024-10-22T08:20:40.977+0000] {dag.py:3239} INFO - Sync 1 DAGs
[2024-10-22T08:20:40.993+0000] {logging_mixin.py:190} INFO - [2024-10-22T08:20:40.993+0000] {dag.py:4180} INFO - Setting next_dagrun for example_kubernetes_executor to None, run_after=None
[2024-10-22T08:20:41.013+0000] {processor.py:208} INFO - Processing /home/airflow/.local/lib/python3.12/site-packages/airflow/example_dags/example_kubernetes_executor.py took 0.144 seconds
[2024-10-22T08:21:11.169+0000] {processor.py:186} INFO - Started process (PID=90782) to work on /home/airflow/.local/lib/python3.12/site-packages/airflow/example_dags/example_kubernetes_executor.py
[2024-10-22T08:21:11.170+0000] {processor.py:914} INFO - Processing file /home/airflow/.local/lib/python3.12/site-packages/airflow/example_dags/example_kubernetes_executor.py for tasks to queue
[2024-10-22T08:21:11.171+0000] {logging_mixin.py:190} INFO - [2024-10-22T08:21:11.171+0000] {dagbag.py:588} INFO - Filling up the DagBag from /home/airflow/.local/lib/python3.12/site-packages/airflow/example_dags/example_kubernetes_executor.py
[2024-10-22T08:21:11.192+0000] {processor.py:925} INFO - DAG(s) 'example_kubernetes_executor' retrieved from /home/airflow/.local/lib/python3.12/site-packages/airflow/example_dags/example_kubernetes_executor.py
[2024-10-22T08:21:11.254+0000] {logging_mixin.py:190} INFO - [2024-10-22T08:21:11.253+0000] {dag.py:3239} INFO - Sync 1 DAGs
[2024-10-22T08:21:11.272+0000] {logging_mixin.py:190} INFO - [2024-10-22T08:21:11.272+0000] {dag.py:4180} INFO - Setting next_dagrun for example_kubernetes_executor to None, run_after=None
[2024-10-22T08:21:11.295+0000] {processor.py:208} INFO - Processing /home/airflow/.local/lib/python3.12/site-packages/airflow/example_dags/example_kubernetes_executor.py took 0.135 seconds
[2024-10-22T08:21:41.713+0000] {processor.py:186} INFO - Started process (PID=90848) to work on /home/airflow/.local/lib/python3.12/site-packages/airflow/example_dags/example_kubernetes_executor.py
[2024-10-22T08:21:41.715+0000] {processor.py:914} INFO - Processing file /home/airflow/.local/lib/python3.12/site-packages/airflow/example_dags/example_kubernetes_executor.py for tasks to queue
[2024-10-22T08:21:41.717+0000] {logging_mixin.py:190} INFO - [2024-10-22T08:21:41.716+0000] {dagbag.py:588} INFO - Filling up the DagBag from /home/airflow/.local/lib/python3.12/site-packages/airflow/example_dags/example_kubernetes_executor.py
[2024-10-22T08:21:41.739+0000] {processor.py:925} INFO - DAG(s) 'example_kubernetes_executor' retrieved from /home/airflow/.local/lib/python3.12/site-packages/airflow/example_dags/example_kubernetes_executor.py
[2024-10-22T08:21:41.810+0000] {logging_mixin.py:190} INFO - [2024-10-22T08:21:41.810+0000] {dag.py:3239} INFO - Sync 1 DAGs
[2024-10-22T08:21:41.831+0000] {logging_mixin.py:190} INFO - [2024-10-22T08:21:41.831+0000] {dag.py:4180} INFO - Setting next_dagrun for example_kubernetes_executor to None, run_after=None
[2024-10-22T08:21:41.858+0000] {processor.py:208} INFO - Processing /home/airflow/.local/lib/python3.12/site-packages/airflow/example_dags/example_kubernetes_executor.py took 0.155 seconds
[2024-10-22T08:22:12.518+0000] {processor.py:186} INFO - Started process (PID=90915) to work on /home/airflow/.local/lib/python3.12/site-packages/airflow/example_dags/example_kubernetes_executor.py
[2024-10-22T08:22:12.519+0000] {processor.py:914} INFO - Processing file /home/airflow/.local/lib/python3.12/site-packages/airflow/example_dags/example_kubernetes_executor.py for tasks to queue
[2024-10-22T08:22:12.521+0000] {logging_mixin.py:190} INFO - [2024-10-22T08:22:12.520+0000] {dagbag.py:588} INFO - Filling up the DagBag from /home/airflow/.local/lib/python3.12/site-packages/airflow/example_dags/example_kubernetes_executor.py
[2024-10-22T08:22:12.537+0000] {processor.py:925} INFO - DAG(s) 'example_kubernetes_executor' retrieved from /home/airflow/.local/lib/python3.12/site-packages/airflow/example_dags/example_kubernetes_executor.py
[2024-10-22T08:22:12.606+0000] {logging_mixin.py:190} INFO - [2024-10-22T08:22:12.605+0000] {dag.py:3239} INFO - Sync 1 DAGs
[2024-10-22T08:22:12.626+0000] {logging_mixin.py:190} INFO - [2024-10-22T08:22:12.626+0000] {dag.py:4180} INFO - Setting next_dagrun for example_kubernetes_executor to None, run_after=None
[2024-10-22T08:22:12.646+0000] {processor.py:208} INFO - Processing /home/airflow/.local/lib/python3.12/site-packages/airflow/example_dags/example_kubernetes_executor.py took 0.135 seconds
[2024-10-22T08:22:43.184+0000] {processor.py:186} INFO - Started process (PID=90982) to work on /home/airflow/.local/lib/python3.12/site-packages/airflow/example_dags/example_kubernetes_executor.py
[2024-10-22T08:22:43.186+0000] {processor.py:914} INFO - Processing file /home/airflow/.local/lib/python3.12/site-packages/airflow/example_dags/example_kubernetes_executor.py for tasks to queue
[2024-10-22T08:22:43.188+0000] {logging_mixin.py:190} INFO - [2024-10-22T08:22:43.187+0000] {dagbag.py:588} INFO - Filling up the DagBag from /home/airflow/.local/lib/python3.12/site-packages/airflow/example_dags/example_kubernetes_executor.py
[2024-10-22T08:22:43.207+0000] {processor.py:925} INFO - DAG(s) 'example_kubernetes_executor' retrieved from /home/airflow/.local/lib/python3.12/site-packages/airflow/example_dags/example_kubernetes_executor.py
[2024-10-22T08:22:43.276+0000] {logging_mixin.py:190} INFO - [2024-10-22T08:22:43.275+0000] {dag.py:3239} INFO - Sync 1 DAGs
[2024-10-22T08:22:43.312+0000] {logging_mixin.py:190} INFO - [2024-10-22T08:22:43.311+0000] {dag.py:4180} INFO - Setting next_dagrun for example_kubernetes_executor to None, run_after=None
[2024-10-22T08:22:43.355+0000] {processor.py:208} INFO - Processing /home/airflow/.local/lib/python3.12/site-packages/airflow/example_dags/example_kubernetes_executor.py took 0.183 seconds
[2024-10-22T08:23:13.860+0000] {processor.py:186} INFO - Started process (PID=91049) to work on /home/airflow/.local/lib/python3.12/site-packages/airflow/example_dags/example_kubernetes_executor.py
[2024-10-22T08:23:13.861+0000] {processor.py:914} INFO - Processing file /home/airflow/.local/lib/python3.12/site-packages/airflow/example_dags/example_kubernetes_executor.py for tasks to queue
[2024-10-22T08:23:13.863+0000] {logging_mixin.py:190} INFO - [2024-10-22T08:23:13.862+0000] {dagbag.py:588} INFO - Filling up the DagBag from /home/airflow/.local/lib/python3.12/site-packages/airflow/example_dags/example_kubernetes_executor.py
[2024-10-22T08:23:13.879+0000] {processor.py:925} INFO - DAG(s) 'example_kubernetes_executor' retrieved from /home/airflow/.local/lib/python3.12/site-packages/airflow/example_dags/example_kubernetes_executor.py
[2024-10-22T08:23:13.942+0000] {logging_mixin.py:190} INFO - [2024-10-22T08:23:13.942+0000] {dag.py:3239} INFO - Sync 1 DAGs
[2024-10-22T08:23:13.959+0000] {logging_mixin.py:190} INFO - [2024-10-22T08:23:13.959+0000] {dag.py:4180} INFO - Setting next_dagrun for example_kubernetes_executor to None, run_after=None
[2024-10-22T08:23:13.981+0000] {processor.py:208} INFO - Processing /home/airflow/.local/lib/python3.12/site-packages/airflow/example_dags/example_kubernetes_executor.py took 0.129 seconds
[2024-10-22T08:23:44.316+0000] {processor.py:186} INFO - Started process (PID=91116) to work on /home/airflow/.local/lib/python3.12/site-packages/airflow/example_dags/example_kubernetes_executor.py
[2024-10-22T08:23:44.318+0000] {processor.py:914} INFO - Processing file /home/airflow/.local/lib/python3.12/site-packages/airflow/example_dags/example_kubernetes_executor.py for tasks to queue
[2024-10-22T08:23:44.320+0000] {logging_mixin.py:190} INFO - [2024-10-22T08:23:44.320+0000] {dagbag.py:588} INFO - Filling up the DagBag from /home/airflow/.local/lib/python3.12/site-packages/airflow/example_dags/example_kubernetes_executor.py
[2024-10-22T08:23:44.346+0000] {processor.py:925} INFO - DAG(s) 'example_kubernetes_executor' retrieved from /home/airflow/.local/lib/python3.12/site-packages/airflow/example_dags/example_kubernetes_executor.py
[2024-10-22T08:23:44.408+0000] {logging_mixin.py:190} INFO - [2024-10-22T08:23:44.407+0000] {dag.py:3239} INFO - Sync 1 DAGs
[2024-10-22T08:23:44.435+0000] {logging_mixin.py:190} INFO - [2024-10-22T08:23:44.435+0000] {dag.py:4180} INFO - Setting next_dagrun for example_kubernetes_executor to None, run_after=None
[2024-10-22T08:23:44.486+0000] {processor.py:208} INFO - Processing /home/airflow/.local/lib/python3.12/site-packages/airflow/example_dags/example_kubernetes_executor.py took 0.180 seconds
[2024-10-22T08:24:15.097+0000] {processor.py:186} INFO - Started process (PID=91183) to work on /home/airflow/.local/lib/python3.12/site-packages/airflow/example_dags/example_kubernetes_executor.py
[2024-10-22T08:24:15.098+0000] {processor.py:914} INFO - Processing file /home/airflow/.local/lib/python3.12/site-packages/airflow/example_dags/example_kubernetes_executor.py for tasks to queue
[2024-10-22T08:24:15.100+0000] {logging_mixin.py:190} INFO - [2024-10-22T08:24:15.099+0000] {dagbag.py:588} INFO - Filling up the DagBag from /home/airflow/.local/lib/python3.12/site-packages/airflow/example_dags/example_kubernetes_executor.py
[2024-10-22T08:24:15.115+0000] {processor.py:925} INFO - DAG(s) 'example_kubernetes_executor' retrieved from /home/airflow/.local/lib/python3.12/site-packages/airflow/example_dags/example_kubernetes_executor.py
[2024-10-22T08:24:15.172+0000] {logging_mixin.py:190} INFO - [2024-10-22T08:24:15.172+0000] {dag.py:3239} INFO - Sync 1 DAGs
[2024-10-22T08:24:15.189+0000] {logging_mixin.py:190} INFO - [2024-10-22T08:24:15.189+0000] {dag.py:4180} INFO - Setting next_dagrun for example_kubernetes_executor to None, run_after=None
[2024-10-22T08:24:15.207+0000] {processor.py:208} INFO - Processing /home/airflow/.local/lib/python3.12/site-packages/airflow/example_dags/example_kubernetes_executor.py took 0.119 seconds
[2024-10-22T08:24:45.279+0000] {processor.py:186} INFO - Started process (PID=91249) to work on /home/airflow/.local/lib/python3.12/site-packages/airflow/example_dags/example_kubernetes_executor.py
[2024-10-22T08:24:45.281+0000] {processor.py:914} INFO - Processing file /home/airflow/.local/lib/python3.12/site-packages/airflow/example_dags/example_kubernetes_executor.py for tasks to queue
[2024-10-22T08:24:45.285+0000] {logging_mixin.py:190} INFO - [2024-10-22T08:24:45.284+0000] {dagbag.py:588} INFO - Filling up the DagBag from /home/airflow/.local/lib/python3.12/site-packages/airflow/example_dags/example_kubernetes_executor.py
[2024-10-22T08:24:45.312+0000] {processor.py:925} INFO - DAG(s) 'example_kubernetes_executor' retrieved from /home/airflow/.local/lib/python3.12/site-packages/airflow/example_dags/example_kubernetes_executor.py
[2024-10-22T08:24:45.447+0000] {logging_mixin.py:190} INFO - [2024-10-22T08:24:45.446+0000] {dag.py:3239} INFO - Sync 1 DAGs
[2024-10-22T08:24:45.480+0000] {logging_mixin.py:190} INFO - [2024-10-22T08:24:45.479+0000] {dag.py:4180} INFO - Setting next_dagrun for example_kubernetes_executor to None, run_after=None
[2024-10-22T08:24:45.534+0000] {processor.py:208} INFO - Processing /home/airflow/.local/lib/python3.12/site-packages/airflow/example_dags/example_kubernetes_executor.py took 0.267 seconds
[2024-10-22T08:25:16.093+0000] {processor.py:186} INFO - Started process (PID=91316) to work on /home/airflow/.local/lib/python3.12/site-packages/airflow/example_dags/example_kubernetes_executor.py
[2024-10-22T08:25:16.095+0000] {processor.py:914} INFO - Processing file /home/airflow/.local/lib/python3.12/site-packages/airflow/example_dags/example_kubernetes_executor.py for tasks to queue
[2024-10-22T08:25:16.098+0000] {logging_mixin.py:190} INFO - [2024-10-22T08:25:16.097+0000] {dagbag.py:588} INFO - Filling up the DagBag from /home/airflow/.local/lib/python3.12/site-packages/airflow/example_dags/example_kubernetes_executor.py
[2024-10-22T08:25:16.126+0000] {processor.py:925} INFO - DAG(s) 'example_kubernetes_executor' retrieved from /home/airflow/.local/lib/python3.12/site-packages/airflow/example_dags/example_kubernetes_executor.py
[2024-10-22T08:25:16.234+0000] {logging_mixin.py:190} INFO - [2024-10-22T08:25:16.234+0000] {dag.py:3239} INFO - Sync 1 DAGs
[2024-10-22T08:25:16.267+0000] {logging_mixin.py:190} INFO - [2024-10-22T08:25:16.266+0000] {dag.py:4180} INFO - Setting next_dagrun for example_kubernetes_executor to None, run_after=None
[2024-10-22T08:25:16.303+0000] {processor.py:208} INFO - Processing /home/airflow/.local/lib/python3.12/site-packages/airflow/example_dags/example_kubernetes_executor.py took 0.227 seconds
[2024-10-22T08:25:48.618+0000] {processor.py:186} INFO - Started process (PID=91382) to work on /home/airflow/.local/lib/python3.12/site-packages/airflow/example_dags/example_kubernetes_executor.py
[2024-10-22T08:25:48.621+0000] {processor.py:914} INFO - Processing file /home/airflow/.local/lib/python3.12/site-packages/airflow/example_dags/example_kubernetes_executor.py for tasks to queue
[2024-10-22T08:25:48.625+0000] {logging_mixin.py:190} INFO - [2024-10-22T08:25:48.624+0000] {dagbag.py:588} INFO - Filling up the DagBag from /home/airflow/.local/lib/python3.12/site-packages/airflow/example_dags/example_kubernetes_executor.py
[2024-10-22T08:25:48.668+0000] {processor.py:925} INFO - DAG(s) 'example_kubernetes_executor' retrieved from /home/airflow/.local/lib/python3.12/site-packages/airflow/example_dags/example_kubernetes_executor.py
[2024-10-22T08:25:48.778+0000] {logging_mixin.py:190} INFO - [2024-10-22T08:25:48.777+0000] {dag.py:3239} INFO - Sync 1 DAGs
[2024-10-22T08:25:48.819+0000] {logging_mixin.py:190} INFO - [2024-10-22T08:25:48.819+0000] {dag.py:4180} INFO - Setting next_dagrun for example_kubernetes_executor to None, run_after=None
[2024-10-22T08:25:48.877+0000] {processor.py:208} INFO - Processing /home/airflow/.local/lib/python3.12/site-packages/airflow/example_dags/example_kubernetes_executor.py took 0.281 seconds
[2024-10-22T08:26:19.353+0000] {processor.py:186} INFO - Started process (PID=91448) to work on /home/airflow/.local/lib/python3.12/site-packages/airflow/example_dags/example_kubernetes_executor.py
[2024-10-22T08:26:19.355+0000] {processor.py:914} INFO - Processing file /home/airflow/.local/lib/python3.12/site-packages/airflow/example_dags/example_kubernetes_executor.py for tasks to queue
[2024-10-22T08:26:19.357+0000] {logging_mixin.py:190} INFO - [2024-10-22T08:26:19.357+0000] {dagbag.py:588} INFO - Filling up the DagBag from /home/airflow/.local/lib/python3.12/site-packages/airflow/example_dags/example_kubernetes_executor.py
[2024-10-22T08:26:19.382+0000] {processor.py:925} INFO - DAG(s) 'example_kubernetes_executor' retrieved from /home/airflow/.local/lib/python3.12/site-packages/airflow/example_dags/example_kubernetes_executor.py
[2024-10-22T08:26:19.473+0000] {logging_mixin.py:190} INFO - [2024-10-22T08:26:19.473+0000] {dag.py:3239} INFO - Sync 1 DAGs
[2024-10-22T08:26:19.502+0000] {logging_mixin.py:190} INFO - [2024-10-22T08:26:19.502+0000] {dag.py:4180} INFO - Setting next_dagrun for example_kubernetes_executor to None, run_after=None
[2024-10-22T08:26:19.534+0000] {processor.py:208} INFO - Processing /home/airflow/.local/lib/python3.12/site-packages/airflow/example_dags/example_kubernetes_executor.py took 0.192 seconds
[2024-10-22T08:26:49.799+0000] {processor.py:186} INFO - Started process (PID=91514) to work on /home/airflow/.local/lib/python3.12/site-packages/airflow/example_dags/example_kubernetes_executor.py
[2024-10-22T08:26:49.801+0000] {processor.py:914} INFO - Processing file /home/airflow/.local/lib/python3.12/site-packages/airflow/example_dags/example_kubernetes_executor.py for tasks to queue
[2024-10-22T08:26:49.803+0000] {logging_mixin.py:190} INFO - [2024-10-22T08:26:49.802+0000] {dagbag.py:588} INFO - Filling up the DagBag from /home/airflow/.local/lib/python3.12/site-packages/airflow/example_dags/example_kubernetes_executor.py
[2024-10-22T08:26:49.825+0000] {processor.py:925} INFO - DAG(s) 'example_kubernetes_executor' retrieved from /home/airflow/.local/lib/python3.12/site-packages/airflow/example_dags/example_kubernetes_executor.py
[2024-10-22T08:26:49.898+0000] {logging_mixin.py:190} INFO - [2024-10-22T08:26:49.898+0000] {dag.py:3239} INFO - Sync 1 DAGs
[2024-10-22T08:26:49.921+0000] {logging_mixin.py:190} INFO - [2024-10-22T08:26:49.921+0000] {dag.py:4180} INFO - Setting next_dagrun for example_kubernetes_executor to None, run_after=None
[2024-10-22T08:26:49.944+0000] {processor.py:208} INFO - Processing /home/airflow/.local/lib/python3.12/site-packages/airflow/example_dags/example_kubernetes_executor.py took 0.155 seconds
[2024-10-22T08:27:20.706+0000] {processor.py:186} INFO - Started process (PID=91581) to work on /home/airflow/.local/lib/python3.12/site-packages/airflow/example_dags/example_kubernetes_executor.py
[2024-10-22T08:27:20.707+0000] {processor.py:914} INFO - Processing file /home/airflow/.local/lib/python3.12/site-packages/airflow/example_dags/example_kubernetes_executor.py for tasks to queue
[2024-10-22T08:27:20.709+0000] {logging_mixin.py:190} INFO - [2024-10-22T08:27:20.708+0000] {dagbag.py:588} INFO - Filling up the DagBag from /home/airflow/.local/lib/python3.12/site-packages/airflow/example_dags/example_kubernetes_executor.py
[2024-10-22T08:27:20.729+0000] {processor.py:925} INFO - DAG(s) 'example_kubernetes_executor' retrieved from /home/airflow/.local/lib/python3.12/site-packages/airflow/example_dags/example_kubernetes_executor.py
[2024-10-22T08:27:20.821+0000] {logging_mixin.py:190} INFO - [2024-10-22T08:27:20.820+0000] {dag.py:3239} INFO - Sync 1 DAGs
[2024-10-22T08:27:20.847+0000] {logging_mixin.py:190} INFO - [2024-10-22T08:27:20.846+0000] {dag.py:4180} INFO - Setting next_dagrun for example_kubernetes_executor to None, run_after=None
[2024-10-22T08:27:20.874+0000] {processor.py:208} INFO - Processing /home/airflow/.local/lib/python3.12/site-packages/airflow/example_dags/example_kubernetes_executor.py took 0.179 seconds
[2024-10-22T08:27:51.044+0000] {processor.py:186} INFO - Started process (PID=91649) to work on /home/airflow/.local/lib/python3.12/site-packages/airflow/example_dags/example_kubernetes_executor.py
[2024-10-22T08:27:51.045+0000] {processor.py:914} INFO - Processing file /home/airflow/.local/lib/python3.12/site-packages/airflow/example_dags/example_kubernetes_executor.py for tasks to queue
[2024-10-22T08:27:51.047+0000] {logging_mixin.py:190} INFO - [2024-10-22T08:27:51.047+0000] {dagbag.py:588} INFO - Filling up the DagBag from /home/airflow/.local/lib/python3.12/site-packages/airflow/example_dags/example_kubernetes_executor.py
[2024-10-22T08:27:51.069+0000] {processor.py:925} INFO - DAG(s) 'example_kubernetes_executor' retrieved from /home/airflow/.local/lib/python3.12/site-packages/airflow/example_dags/example_kubernetes_executor.py
[2024-10-22T08:27:51.145+0000] {logging_mixin.py:190} INFO - [2024-10-22T08:27:51.145+0000] {dag.py:3239} INFO - Sync 1 DAGs
[2024-10-22T08:27:51.171+0000] {logging_mixin.py:190} INFO - [2024-10-22T08:27:51.170+0000] {dag.py:4180} INFO - Setting next_dagrun for example_kubernetes_executor to None, run_after=None
[2024-10-22T08:27:51.197+0000] {processor.py:208} INFO - Processing /home/airflow/.local/lib/python3.12/site-packages/airflow/example_dags/example_kubernetes_executor.py took 0.164 seconds
[2024-10-22T08:28:21.991+0000] {processor.py:186} INFO - Started process (PID=91720) to work on /home/airflow/.local/lib/python3.12/site-packages/airflow/example_dags/example_kubernetes_executor.py
[2024-10-22T08:28:21.993+0000] {processor.py:914} INFO - Processing file /home/airflow/.local/lib/python3.12/site-packages/airflow/example_dags/example_kubernetes_executor.py for tasks to queue
[2024-10-22T08:28:21.995+0000] {logging_mixin.py:190} INFO - [2024-10-22T08:28:21.994+0000] {dagbag.py:588} INFO - Filling up the DagBag from /home/airflow/.local/lib/python3.12/site-packages/airflow/example_dags/example_kubernetes_executor.py
[2024-10-22T08:28:22.019+0000] {processor.py:925} INFO - DAG(s) 'example_kubernetes_executor' retrieved from /home/airflow/.local/lib/python3.12/site-packages/airflow/example_dags/example_kubernetes_executor.py
[2024-10-22T08:28:22.106+0000] {logging_mixin.py:190} INFO - [2024-10-22T08:28:22.105+0000] {dag.py:3239} INFO - Sync 1 DAGs
[2024-10-22T08:28:22.133+0000] {logging_mixin.py:190} INFO - [2024-10-22T08:28:22.133+0000] {dag.py:4180} INFO - Setting next_dagrun for example_kubernetes_executor to None, run_after=None
[2024-10-22T08:28:22.161+0000] {processor.py:208} INFO - Processing /home/airflow/.local/lib/python3.12/site-packages/airflow/example_dags/example_kubernetes_executor.py took 0.182 seconds
[2024-10-22T08:29:02.299+0000] {processor.py:186} INFO - Started process (PID=91787) to work on /home/airflow/.local/lib/python3.12/site-packages/airflow/example_dags/example_kubernetes_executor.py
[2024-10-22T08:29:02.302+0000] {processor.py:914} INFO - Processing file /home/airflow/.local/lib/python3.12/site-packages/airflow/example_dags/example_kubernetes_executor.py for tasks to queue
[2024-10-22T08:29:02.313+0000] {logging_mixin.py:190} INFO - [2024-10-22T08:29:02.311+0000] {dagbag.py:588} INFO - Filling up the DagBag from /home/airflow/.local/lib/python3.12/site-packages/airflow/example_dags/example_kubernetes_executor.py
[2024-10-22T08:29:02.377+0000] {processor.py:925} INFO - DAG(s) 'example_kubernetes_executor' retrieved from /home/airflow/.local/lib/python3.12/site-packages/airflow/example_dags/example_kubernetes_executor.py
[2024-10-22T08:29:02.563+0000] {logging_mixin.py:190} INFO - [2024-10-22T08:29:02.562+0000] {dag.py:3239} INFO - Sync 1 DAGs
[2024-10-22T08:29:02.624+0000] {logging_mixin.py:190} INFO - [2024-10-22T08:29:02.623+0000] {dag.py:4180} INFO - Setting next_dagrun for example_kubernetes_executor to None, run_after=None
[2024-10-22T08:29:02.712+0000] {processor.py:208} INFO - Processing /home/airflow/.local/lib/python3.12/site-packages/airflow/example_dags/example_kubernetes_executor.py took 0.439 seconds
[2024-10-22T08:29:44.265+0000] {processor.py:186} INFO - Started process (PID=91859) to work on /home/airflow/.local/lib/python3.12/site-packages/airflow/example_dags/example_kubernetes_executor.py
[2024-10-22T08:29:44.276+0000] {processor.py:914} INFO - Processing file /home/airflow/.local/lib/python3.12/site-packages/airflow/example_dags/example_kubernetes_executor.py for tasks to queue
[2024-10-22T08:29:44.302+0000] {logging_mixin.py:190} INFO - [2024-10-22T08:29:44.291+0000] {dagbag.py:588} INFO - Filling up the DagBag from /home/airflow/.local/lib/python3.12/site-packages/airflow/example_dags/example_kubernetes_executor.py
[2024-10-22T08:29:44.656+0000] {processor.py:925} INFO - DAG(s) 'example_kubernetes_executor' retrieved from /home/airflow/.local/lib/python3.12/site-packages/airflow/example_dags/example_kubernetes_executor.py
[2024-10-22T08:29:44.985+0000] {logging_mixin.py:190} INFO - [2024-10-22T08:29:44.984+0000] {dag.py:3239} INFO - Sync 1 DAGs
[2024-10-22T08:29:45.065+0000] {logging_mixin.py:190} INFO - [2024-10-22T08:29:45.064+0000] {dag.py:4180} INFO - Setting next_dagrun for example_kubernetes_executor to None, run_after=None
[2024-10-22T08:29:45.259+0000] {processor.py:208} INFO - Processing /home/airflow/.local/lib/python3.12/site-packages/airflow/example_dags/example_kubernetes_executor.py took 1.066 seconds
[2024-10-22T08:30:47.492+0000] {processor.py:186} INFO - Started process (PID=91921) to work on /home/airflow/.local/lib/python3.12/site-packages/airflow/example_dags/example_kubernetes_executor.py
[2024-10-22T08:30:47.511+0000] {processor.py:914} INFO - Processing file /home/airflow/.local/lib/python3.12/site-packages/airflow/example_dags/example_kubernetes_executor.py for tasks to queue
[2024-10-22T08:30:47.522+0000] {logging_mixin.py:190} INFO - [2024-10-22T08:30:47.519+0000] {dagbag.py:588} INFO - Filling up the DagBag from /home/airflow/.local/lib/python3.12/site-packages/airflow/example_dags/example_kubernetes_executor.py
[2024-10-22T08:30:47.710+0000] {processor.py:925} INFO - DAG(s) 'example_kubernetes_executor' retrieved from /home/airflow/.local/lib/python3.12/site-packages/airflow/example_dags/example_kubernetes_executor.py
[2024-10-22T08:30:49.347+0000] {logging_mixin.py:190} INFO - [2024-10-22T08:30:49.345+0000] {dag.py:3239} INFO - Sync 1 DAGs
[2024-10-22T08:30:49.456+0000] {logging_mixin.py:190} INFO - [2024-10-22T08:30:49.455+0000] {dag.py:4180} INFO - Setting next_dagrun for example_kubernetes_executor to None, run_after=None
[2024-10-22T08:30:49.761+0000] {processor.py:208} INFO - Processing /home/airflow/.local/lib/python3.12/site-packages/airflow/example_dags/example_kubernetes_executor.py took 2.366 seconds
[2024-10-22T08:31:24.322+0000] {processor.py:186} INFO - Started process (PID=91988) to work on /home/airflow/.local/lib/python3.12/site-packages/airflow/example_dags/example_kubernetes_executor.py
[2024-10-22T08:31:24.331+0000] {processor.py:914} INFO - Processing file /home/airflow/.local/lib/python3.12/site-packages/airflow/example_dags/example_kubernetes_executor.py for tasks to queue
[2024-10-22T08:31:24.353+0000] {logging_mixin.py:190} INFO - [2024-10-22T08:31:24.351+0000] {dagbag.py:588} INFO - Filling up the DagBag from /home/airflow/.local/lib/python3.12/site-packages/airflow/example_dags/example_kubernetes_executor.py
[2024-10-22T08:31:24.489+0000] {processor.py:925} INFO - DAG(s) 'example_kubernetes_executor' retrieved from /home/airflow/.local/lib/python3.12/site-packages/airflow/example_dags/example_kubernetes_executor.py
[2024-10-22T08:31:24.793+0000] {logging_mixin.py:190} INFO - [2024-10-22T08:31:24.791+0000] {dag.py:3239} INFO - Sync 1 DAGs
[2024-10-22T08:31:24.870+0000] {logging_mixin.py:190} INFO - [2024-10-22T08:31:24.869+0000] {dag.py:4180} INFO - Setting next_dagrun for example_kubernetes_executor to None, run_after=None
[2024-10-22T08:31:24.971+0000] {processor.py:208} INFO - Processing /home/airflow/.local/lib/python3.12/site-packages/airflow/example_dags/example_kubernetes_executor.py took 0.711 seconds
[2024-10-22T08:31:56.014+0000] {processor.py:186} INFO - Started process (PID=92054) to work on /home/airflow/.local/lib/python3.12/site-packages/airflow/example_dags/example_kubernetes_executor.py
[2024-10-22T08:31:56.020+0000] {processor.py:914} INFO - Processing file /home/airflow/.local/lib/python3.12/site-packages/airflow/example_dags/example_kubernetes_executor.py for tasks to queue
[2024-10-22T08:31:56.027+0000] {logging_mixin.py:190} INFO - [2024-10-22T08:31:56.026+0000] {dagbag.py:588} INFO - Filling up the DagBag from /home/airflow/.local/lib/python3.12/site-packages/airflow/example_dags/example_kubernetes_executor.py
[2024-10-22T08:31:56.123+0000] {processor.py:925} INFO - DAG(s) 'example_kubernetes_executor' retrieved from /home/airflow/.local/lib/python3.12/site-packages/airflow/example_dags/example_kubernetes_executor.py
[2024-10-22T08:31:56.500+0000] {logging_mixin.py:190} INFO - [2024-10-22T08:31:56.499+0000] {dag.py:3239} INFO - Sync 1 DAGs
[2024-10-22T08:31:56.669+0000] {logging_mixin.py:190} INFO - [2024-10-22T08:31:56.668+0000] {dag.py:4180} INFO - Setting next_dagrun for example_kubernetes_executor to None, run_after=None
[2024-10-22T08:31:56.889+0000] {processor.py:208} INFO - Processing /home/airflow/.local/lib/python3.12/site-packages/airflow/example_dags/example_kubernetes_executor.py took 0.915 seconds
[2024-10-22T08:32:30.482+0000] {processor.py:186} INFO - Started process (PID=92125) to work on /home/airflow/.local/lib/python3.12/site-packages/airflow/example_dags/example_kubernetes_executor.py
[2024-10-22T08:32:30.489+0000] {processor.py:914} INFO - Processing file /home/airflow/.local/lib/python3.12/site-packages/airflow/example_dags/example_kubernetes_executor.py for tasks to queue
[2024-10-22T08:32:30.495+0000] {logging_mixin.py:190} INFO - [2024-10-22T08:32:30.493+0000] {dagbag.py:588} INFO - Filling up the DagBag from /home/airflow/.local/lib/python3.12/site-packages/airflow/example_dags/example_kubernetes_executor.py
[2024-10-22T08:32:30.603+0000] {processor.py:925} INFO - DAG(s) 'example_kubernetes_executor' retrieved from /home/airflow/.local/lib/python3.12/site-packages/airflow/example_dags/example_kubernetes_executor.py
[2024-10-22T08:32:31.040+0000] {logging_mixin.py:190} INFO - [2024-10-22T08:32:31.037+0000] {dag.py:3239} INFO - Sync 1 DAGs
[2024-10-22T08:32:31.245+0000] {logging_mixin.py:190} INFO - [2024-10-22T08:32:31.244+0000] {dag.py:4180} INFO - Setting next_dagrun for example_kubernetes_executor to None, run_after=None
[2024-10-22T08:32:31.346+0000] {processor.py:208} INFO - Processing /home/airflow/.local/lib/python3.12/site-packages/airflow/example_dags/example_kubernetes_executor.py took 0.917 seconds
[2024-10-22T08:33:06.852+0000] {processor.py:186} INFO - Started process (PID=92192) to work on /home/airflow/.local/lib/python3.12/site-packages/airflow/example_dags/example_kubernetes_executor.py
[2024-10-22T08:33:06.857+0000] {processor.py:914} INFO - Processing file /home/airflow/.local/lib/python3.12/site-packages/airflow/example_dags/example_kubernetes_executor.py for tasks to queue
[2024-10-22T08:33:06.863+0000] {logging_mixin.py:190} INFO - [2024-10-22T08:33:06.862+0000] {dagbag.py:588} INFO - Filling up the DagBag from /home/airflow/.local/lib/python3.12/site-packages/airflow/example_dags/example_kubernetes_executor.py
[2024-10-22T08:33:06.916+0000] {processor.py:925} INFO - DAG(s) 'example_kubernetes_executor' retrieved from /home/airflow/.local/lib/python3.12/site-packages/airflow/example_dags/example_kubernetes_executor.py
[2024-10-22T08:33:07.124+0000] {logging_mixin.py:190} INFO - [2024-10-22T08:33:07.121+0000] {dag.py:3239} INFO - Sync 1 DAGs
[2024-10-22T08:33:07.181+0000] {logging_mixin.py:190} INFO - [2024-10-22T08:33:07.180+0000] {dag.py:4180} INFO - Setting next_dagrun for example_kubernetes_executor to None, run_after=None
[2024-10-22T08:33:07.242+0000] {processor.py:208} INFO - Processing /home/airflow/.local/lib/python3.12/site-packages/airflow/example_dags/example_kubernetes_executor.py took 0.421 seconds
[2024-10-22T08:33:38.529+0000] {processor.py:186} INFO - Started process (PID=92259) to work on /home/airflow/.local/lib/python3.12/site-packages/airflow/example_dags/example_kubernetes_executor.py
[2024-10-22T08:33:38.535+0000] {processor.py:914} INFO - Processing file /home/airflow/.local/lib/python3.12/site-packages/airflow/example_dags/example_kubernetes_executor.py for tasks to queue
[2024-10-22T08:33:38.545+0000] {logging_mixin.py:190} INFO - [2024-10-22T08:33:38.540+0000] {dagbag.py:588} INFO - Filling up the DagBag from /home/airflow/.local/lib/python3.12/site-packages/airflow/example_dags/example_kubernetes_executor.py
[2024-10-22T08:33:38.624+0000] {processor.py:925} INFO - DAG(s) 'example_kubernetes_executor' retrieved from /home/airflow/.local/lib/python3.12/site-packages/airflow/example_dags/example_kubernetes_executor.py
[2024-10-22T08:33:39.543+0000] {logging_mixin.py:190} INFO - [2024-10-22T08:33:39.534+0000] {dag.py:3239} INFO - Sync 1 DAGs
[2024-10-22T08:33:39.700+0000] {logging_mixin.py:190} INFO - [2024-10-22T08:33:39.694+0000] {dag.py:4180} INFO - Setting next_dagrun for example_kubernetes_executor to None, run_after=None
[2024-10-22T08:33:39.833+0000] {processor.py:208} INFO - Processing /home/airflow/.local/lib/python3.12/site-packages/airflow/example_dags/example_kubernetes_executor.py took 1.345 seconds
[2024-10-22T08:34:10.218+0000] {processor.py:186} INFO - Started process (PID=92326) to work on /home/airflow/.local/lib/python3.12/site-packages/airflow/example_dags/example_kubernetes_executor.py
[2024-10-22T08:34:10.222+0000] {processor.py:914} INFO - Processing file /home/airflow/.local/lib/python3.12/site-packages/airflow/example_dags/example_kubernetes_executor.py for tasks to queue
[2024-10-22T08:34:10.228+0000] {logging_mixin.py:190} INFO - [2024-10-22T08:34:10.227+0000] {dagbag.py:588} INFO - Filling up the DagBag from /home/airflow/.local/lib/python3.12/site-packages/airflow/example_dags/example_kubernetes_executor.py
[2024-10-22T08:34:10.289+0000] {processor.py:925} INFO - DAG(s) 'example_kubernetes_executor' retrieved from /home/airflow/.local/lib/python3.12/site-packages/airflow/example_dags/example_kubernetes_executor.py
[2024-10-22T08:34:10.532+0000] {logging_mixin.py:190} INFO - [2024-10-22T08:34:10.529+0000] {dag.py:3239} INFO - Sync 1 DAGs
[2024-10-22T08:34:10.597+0000] {logging_mixin.py:190} INFO - [2024-10-22T08:34:10.596+0000] {dag.py:4180} INFO - Setting next_dagrun for example_kubernetes_executor to None, run_after=None
[2024-10-22T08:34:10.662+0000] {processor.py:208} INFO - Processing /home/airflow/.local/lib/python3.12/site-packages/airflow/example_dags/example_kubernetes_executor.py took 0.472 seconds
[2024-10-22T08:34:41.040+0000] {processor.py:186} INFO - Started process (PID=92393) to work on /home/airflow/.local/lib/python3.12/site-packages/airflow/example_dags/example_kubernetes_executor.py
[2024-10-22T08:34:41.046+0000] {processor.py:914} INFO - Processing file /home/airflow/.local/lib/python3.12/site-packages/airflow/example_dags/example_kubernetes_executor.py for tasks to queue
[2024-10-22T08:34:41.050+0000] {logging_mixin.py:190} INFO - [2024-10-22T08:34:41.049+0000] {dagbag.py:588} INFO - Filling up the DagBag from /home/airflow/.local/lib/python3.12/site-packages/airflow/example_dags/example_kubernetes_executor.py
[2024-10-22T08:34:41.101+0000] {processor.py:925} INFO - DAG(s) 'example_kubernetes_executor' retrieved from /home/airflow/.local/lib/python3.12/site-packages/airflow/example_dags/example_kubernetes_executor.py
[2024-10-22T08:34:41.306+0000] {logging_mixin.py:190} INFO - [2024-10-22T08:34:41.305+0000] {dag.py:3239} INFO - Sync 1 DAGs
[2024-10-22T08:34:41.373+0000] {logging_mixin.py:190} INFO - [2024-10-22T08:34:41.372+0000] {dag.py:4180} INFO - Setting next_dagrun for example_kubernetes_executor to None, run_after=None
[2024-10-22T08:34:41.444+0000] {processor.py:208} INFO - Processing /home/airflow/.local/lib/python3.12/site-packages/airflow/example_dags/example_kubernetes_executor.py took 0.427 seconds
[2024-10-22T08:35:11.992+0000] {processor.py:186} INFO - Started process (PID=92460) to work on /home/airflow/.local/lib/python3.12/site-packages/airflow/example_dags/example_kubernetes_executor.py
[2024-10-22T08:35:11.995+0000] {processor.py:914} INFO - Processing file /home/airflow/.local/lib/python3.12/site-packages/airflow/example_dags/example_kubernetes_executor.py for tasks to queue
[2024-10-22T08:35:11.999+0000] {logging_mixin.py:190} INFO - [2024-10-22T08:35:11.998+0000] {dagbag.py:588} INFO - Filling up the DagBag from /home/airflow/.local/lib/python3.12/site-packages/airflow/example_dags/example_kubernetes_executor.py
[2024-10-22T08:35:12.036+0000] {processor.py:925} INFO - DAG(s) 'example_kubernetes_executor' retrieved from /home/airflow/.local/lib/python3.12/site-packages/airflow/example_dags/example_kubernetes_executor.py
[2024-10-22T08:35:12.187+0000] {logging_mixin.py:190} INFO - [2024-10-22T08:35:12.186+0000] {dag.py:3239} INFO - Sync 1 DAGs
[2024-10-22T08:35:12.230+0000] {logging_mixin.py:190} INFO - [2024-10-22T08:35:12.229+0000] {dag.py:4180} INFO - Setting next_dagrun for example_kubernetes_executor to None, run_after=None
[2024-10-22T08:35:12.276+0000] {processor.py:208} INFO - Processing /home/airflow/.local/lib/python3.12/site-packages/airflow/example_dags/example_kubernetes_executor.py took 0.301 seconds
[2024-10-22T08:35:42.851+0000] {processor.py:186} INFO - Started process (PID=92527) to work on /home/airflow/.local/lib/python3.12/site-packages/airflow/example_dags/example_kubernetes_executor.py
[2024-10-22T08:35:42.854+0000] {processor.py:914} INFO - Processing file /home/airflow/.local/lib/python3.12/site-packages/airflow/example_dags/example_kubernetes_executor.py for tasks to queue
[2024-10-22T08:35:42.857+0000] {logging_mixin.py:190} INFO - [2024-10-22T08:35:42.856+0000] {dagbag.py:588} INFO - Filling up the DagBag from /home/airflow/.local/lib/python3.12/site-packages/airflow/example_dags/example_kubernetes_executor.py
[2024-10-22T08:35:42.898+0000] {processor.py:925} INFO - DAG(s) 'example_kubernetes_executor' retrieved from /home/airflow/.local/lib/python3.12/site-packages/airflow/example_dags/example_kubernetes_executor.py
[2024-10-22T08:35:43.045+0000] {logging_mixin.py:190} INFO - [2024-10-22T08:35:43.044+0000] {dag.py:3239} INFO - Sync 1 DAGs
[2024-10-22T08:35:43.090+0000] {logging_mixin.py:190} INFO - [2024-10-22T08:35:43.089+0000] {dag.py:4180} INFO - Setting next_dagrun for example_kubernetes_executor to None, run_after=None
[2024-10-22T08:35:43.138+0000] {processor.py:208} INFO - Processing /home/airflow/.local/lib/python3.12/site-packages/airflow/example_dags/example_kubernetes_executor.py took 0.307 seconds
[2024-10-22T08:36:13.344+0000] {processor.py:186} INFO - Started process (PID=92595) to work on /home/airflow/.local/lib/python3.12/site-packages/airflow/example_dags/example_kubernetes_executor.py
[2024-10-22T08:36:13.347+0000] {processor.py:914} INFO - Processing file /home/airflow/.local/lib/python3.12/site-packages/airflow/example_dags/example_kubernetes_executor.py for tasks to queue
[2024-10-22T08:36:13.351+0000] {logging_mixin.py:190} INFO - [2024-10-22T08:36:13.350+0000] {dagbag.py:588} INFO - Filling up the DagBag from /home/airflow/.local/lib/python3.12/site-packages/airflow/example_dags/example_kubernetes_executor.py
[2024-10-22T08:36:13.389+0000] {processor.py:925} INFO - DAG(s) 'example_kubernetes_executor' retrieved from /home/airflow/.local/lib/python3.12/site-packages/airflow/example_dags/example_kubernetes_executor.py
[2024-10-22T08:36:13.530+0000] {logging_mixin.py:190} INFO - [2024-10-22T08:36:13.529+0000] {dag.py:3239} INFO - Sync 1 DAGs
[2024-10-22T08:36:13.580+0000] {logging_mixin.py:190} INFO - [2024-10-22T08:36:13.579+0000] {dag.py:4180} INFO - Setting next_dagrun for example_kubernetes_executor to None, run_after=None
[2024-10-22T08:36:13.632+0000] {processor.py:208} INFO - Processing /home/airflow/.local/lib/python3.12/site-packages/airflow/example_dags/example_kubernetes_executor.py took 0.306 seconds
[2024-10-22T08:36:44.630+0000] {processor.py:186} INFO - Started process (PID=92662) to work on /home/airflow/.local/lib/python3.12/site-packages/airflow/example_dags/example_kubernetes_executor.py
[2024-10-22T08:36:44.634+0000] {processor.py:914} INFO - Processing file /home/airflow/.local/lib/python3.12/site-packages/airflow/example_dags/example_kubernetes_executor.py for tasks to queue
[2024-10-22T08:36:44.638+0000] {logging_mixin.py:190} INFO - [2024-10-22T08:36:44.637+0000] {dagbag.py:588} INFO - Filling up the DagBag from /home/airflow/.local/lib/python3.12/site-packages/airflow/example_dags/example_kubernetes_executor.py
[2024-10-22T08:36:44.680+0000] {processor.py:925} INFO - DAG(s) 'example_kubernetes_executor' retrieved from /home/airflow/.local/lib/python3.12/site-packages/airflow/example_dags/example_kubernetes_executor.py
[2024-10-22T08:36:44.829+0000] {logging_mixin.py:190} INFO - [2024-10-22T08:36:44.828+0000] {dag.py:3239} INFO - Sync 1 DAGs
[2024-10-22T08:36:44.876+0000] {logging_mixin.py:190} INFO - [2024-10-22T08:36:44.875+0000] {dag.py:4180} INFO - Setting next_dagrun for example_kubernetes_executor to None, run_after=None
[2024-10-22T08:36:44.929+0000] {processor.py:208} INFO - Processing /home/airflow/.local/lib/python3.12/site-packages/airflow/example_dags/example_kubernetes_executor.py took 0.325 seconds
[2024-10-22T08:37:15.111+0000] {processor.py:186} INFO - Started process (PID=92729) to work on /home/airflow/.local/lib/python3.12/site-packages/airflow/example_dags/example_kubernetes_executor.py
[2024-10-22T08:37:15.116+0000] {processor.py:914} INFO - Processing file /home/airflow/.local/lib/python3.12/site-packages/airflow/example_dags/example_kubernetes_executor.py for tasks to queue
[2024-10-22T08:37:15.119+0000] {logging_mixin.py:190} INFO - [2024-10-22T08:37:15.118+0000] {dagbag.py:588} INFO - Filling up the DagBag from /home/airflow/.local/lib/python3.12/site-packages/airflow/example_dags/example_kubernetes_executor.py
[2024-10-22T08:37:15.189+0000] {processor.py:925} INFO - DAG(s) 'example_kubernetes_executor' retrieved from /home/airflow/.local/lib/python3.12/site-packages/airflow/example_dags/example_kubernetes_executor.py
[2024-10-22T08:37:15.349+0000] {logging_mixin.py:190} INFO - [2024-10-22T08:37:15.348+0000] {dag.py:3239} INFO - Sync 1 DAGs
[2024-10-22T08:37:15.394+0000] {logging_mixin.py:190} INFO - [2024-10-22T08:37:15.394+0000] {dag.py:4180} INFO - Setting next_dagrun for example_kubernetes_executor to None, run_after=None
[2024-10-22T08:37:15.438+0000] {processor.py:208} INFO - Processing /home/airflow/.local/lib/python3.12/site-packages/airflow/example_dags/example_kubernetes_executor.py took 0.348 seconds
[2024-10-22T08:37:45.677+0000] {processor.py:186} INFO - Started process (PID=92795) to work on /home/airflow/.local/lib/python3.12/site-packages/airflow/example_dags/example_kubernetes_executor.py
[2024-10-22T08:37:45.680+0000] {processor.py:914} INFO - Processing file /home/airflow/.local/lib/python3.12/site-packages/airflow/example_dags/example_kubernetes_executor.py for tasks to queue
[2024-10-22T08:37:45.687+0000] {logging_mixin.py:190} INFO - [2024-10-22T08:37:45.686+0000] {dagbag.py:588} INFO - Filling up the DagBag from /home/airflow/.local/lib/python3.12/site-packages/airflow/example_dags/example_kubernetes_executor.py
[2024-10-22T08:37:45.730+0000] {processor.py:925} INFO - DAG(s) 'example_kubernetes_executor' retrieved from /home/airflow/.local/lib/python3.12/site-packages/airflow/example_dags/example_kubernetes_executor.py
[2024-10-22T08:37:45.894+0000] {logging_mixin.py:190} INFO - [2024-10-22T08:37:45.893+0000] {dag.py:3239} INFO - Sync 1 DAGs
[2024-10-22T08:37:45.940+0000] {logging_mixin.py:190} INFO - [2024-10-22T08:37:45.940+0000] {dag.py:4180} INFO - Setting next_dagrun for example_kubernetes_executor to None, run_after=None
[2024-10-22T08:37:45.999+0000] {processor.py:208} INFO - Processing /home/airflow/.local/lib/python3.12/site-packages/airflow/example_dags/example_kubernetes_executor.py took 0.344 seconds
[2024-10-22T08:38:16.239+0000] {processor.py:186} INFO - Started process (PID=92862) to work on /home/airflow/.local/lib/python3.12/site-packages/airflow/example_dags/example_kubernetes_executor.py
[2024-10-22T08:38:16.243+0000] {processor.py:914} INFO - Processing file /home/airflow/.local/lib/python3.12/site-packages/airflow/example_dags/example_kubernetes_executor.py for tasks to queue
[2024-10-22T08:38:16.251+0000] {logging_mixin.py:190} INFO - [2024-10-22T08:38:16.250+0000] {dagbag.py:588} INFO - Filling up the DagBag from /home/airflow/.local/lib/python3.12/site-packages/airflow/example_dags/example_kubernetes_executor.py
[2024-10-22T08:38:16.304+0000] {processor.py:925} INFO - DAG(s) 'example_kubernetes_executor' retrieved from /home/airflow/.local/lib/python3.12/site-packages/airflow/example_dags/example_kubernetes_executor.py
[2024-10-22T08:38:16.480+0000] {logging_mixin.py:190} INFO - [2024-10-22T08:38:16.480+0000] {dag.py:3239} INFO - Sync 1 DAGs
[2024-10-22T08:38:16.531+0000] {logging_mixin.py:190} INFO - [2024-10-22T08:38:16.529+0000] {dag.py:4180} INFO - Setting next_dagrun for example_kubernetes_executor to None, run_after=None
[2024-10-22T08:38:16.588+0000] {processor.py:208} INFO - Processing /home/airflow/.local/lib/python3.12/site-packages/airflow/example_dags/example_kubernetes_executor.py took 0.375 seconds
[2024-10-22T08:38:47.811+0000] {processor.py:186} INFO - Started process (PID=92929) to work on /home/airflow/.local/lib/python3.12/site-packages/airflow/example_dags/example_kubernetes_executor.py
[2024-10-22T08:38:47.818+0000] {processor.py:914} INFO - Processing file /home/airflow/.local/lib/python3.12/site-packages/airflow/example_dags/example_kubernetes_executor.py for tasks to queue
[2024-10-22T08:38:47.827+0000] {logging_mixin.py:190} INFO - [2024-10-22T08:38:47.826+0000] {dagbag.py:588} INFO - Filling up the DagBag from /home/airflow/.local/lib/python3.12/site-packages/airflow/example_dags/example_kubernetes_executor.py
[2024-10-22T08:38:47.912+0000] {processor.py:925} INFO - DAG(s) 'example_kubernetes_executor' retrieved from /home/airflow/.local/lib/python3.12/site-packages/airflow/example_dags/example_kubernetes_executor.py
[2024-10-22T08:38:48.179+0000] {logging_mixin.py:190} INFO - [2024-10-22T08:38:48.169+0000] {dag.py:3239} INFO - Sync 1 DAGs
[2024-10-22T08:38:48.243+0000] {logging_mixin.py:190} INFO - [2024-10-22T08:38:48.242+0000] {dag.py:4180} INFO - Setting next_dagrun for example_kubernetes_executor to None, run_after=None
[2024-10-22T08:38:48.313+0000] {processor.py:208} INFO - Processing /home/airflow/.local/lib/python3.12/site-packages/airflow/example_dags/example_kubernetes_executor.py took 0.701 seconds
[2024-10-22T08:39:19.106+0000] {processor.py:186} INFO - Started process (PID=92995) to work on /home/airflow/.local/lib/python3.12/site-packages/airflow/example_dags/example_kubernetes_executor.py
[2024-10-22T08:39:19.109+0000] {processor.py:914} INFO - Processing file /home/airflow/.local/lib/python3.12/site-packages/airflow/example_dags/example_kubernetes_executor.py for tasks to queue
[2024-10-22T08:39:19.114+0000] {logging_mixin.py:190} INFO - [2024-10-22T08:39:19.113+0000] {dagbag.py:588} INFO - Filling up the DagBag from /home/airflow/.local/lib/python3.12/site-packages/airflow/example_dags/example_kubernetes_executor.py
[2024-10-22T08:39:19.163+0000] {processor.py:925} INFO - DAG(s) 'example_kubernetes_executor' retrieved from /home/airflow/.local/lib/python3.12/site-packages/airflow/example_dags/example_kubernetes_executor.py
[2024-10-22T08:39:19.364+0000] {logging_mixin.py:190} INFO - [2024-10-22T08:39:19.363+0000] {dag.py:3239} INFO - Sync 1 DAGs
[2024-10-22T08:39:19.422+0000] {logging_mixin.py:190} INFO - [2024-10-22T08:39:19.421+0000] {dag.py:4180} INFO - Setting next_dagrun for example_kubernetes_executor to None, run_after=None
[2024-10-22T08:39:19.494+0000] {processor.py:208} INFO - Processing /home/airflow/.local/lib/python3.12/site-packages/airflow/example_dags/example_kubernetes_executor.py took 0.414 seconds
[2024-10-22T08:39:49.867+0000] {processor.py:186} INFO - Started process (PID=93062) to work on /home/airflow/.local/lib/python3.12/site-packages/airflow/example_dags/example_kubernetes_executor.py
[2024-10-22T08:39:49.876+0000] {processor.py:914} INFO - Processing file /home/airflow/.local/lib/python3.12/site-packages/airflow/example_dags/example_kubernetes_executor.py for tasks to queue
[2024-10-22T08:39:49.889+0000] {logging_mixin.py:190} INFO - [2024-10-22T08:39:49.880+0000] {dagbag.py:588} INFO - Filling up the DagBag from /home/airflow/.local/lib/python3.12/site-packages/airflow/example_dags/example_kubernetes_executor.py
[2024-10-22T08:39:49.941+0000] {processor.py:925} INFO - DAG(s) 'example_kubernetes_executor' retrieved from /home/airflow/.local/lib/python3.12/site-packages/airflow/example_dags/example_kubernetes_executor.py
[2024-10-22T08:39:50.169+0000] {logging_mixin.py:190} INFO - [2024-10-22T08:39:50.168+0000] {dag.py:3239} INFO - Sync 1 DAGs
[2024-10-22T08:39:50.235+0000] {logging_mixin.py:190} INFO - [2024-10-22T08:39:50.234+0000] {dag.py:4180} INFO - Setting next_dagrun for example_kubernetes_executor to None, run_after=None
[2024-10-22T08:39:50.288+0000] {processor.py:208} INFO - Processing /home/airflow/.local/lib/python3.12/site-packages/airflow/example_dags/example_kubernetes_executor.py took 0.472 seconds
[2024-10-22T08:40:20.637+0000] {processor.py:186} INFO - Started process (PID=93128) to work on /home/airflow/.local/lib/python3.12/site-packages/airflow/example_dags/example_kubernetes_executor.py
[2024-10-22T08:40:20.642+0000] {processor.py:914} INFO - Processing file /home/airflow/.local/lib/python3.12/site-packages/airflow/example_dags/example_kubernetes_executor.py for tasks to queue
[2024-10-22T08:40:20.650+0000] {logging_mixin.py:190} INFO - [2024-10-22T08:40:20.649+0000] {dagbag.py:588} INFO - Filling up the DagBag from /home/airflow/.local/lib/python3.12/site-packages/airflow/example_dags/example_kubernetes_executor.py
[2024-10-22T08:40:20.760+0000] {processor.py:925} INFO - DAG(s) 'example_kubernetes_executor' retrieved from /home/airflow/.local/lib/python3.12/site-packages/airflow/example_dags/example_kubernetes_executor.py
[2024-10-22T08:40:20.997+0000] {logging_mixin.py:190} INFO - [2024-10-22T08:40:20.996+0000] {dag.py:3239} INFO - Sync 1 DAGs
[2024-10-22T08:40:21.051+0000] {logging_mixin.py:190} INFO - [2024-10-22T08:40:21.050+0000] {dag.py:4180} INFO - Setting next_dagrun for example_kubernetes_executor to None, run_after=None
[2024-10-22T08:40:21.116+0000] {processor.py:208} INFO - Processing /home/airflow/.local/lib/python3.12/site-packages/airflow/example_dags/example_kubernetes_executor.py took 0.540 seconds
[2024-10-22T08:40:58.041+0000] {processor.py:186} INFO - Started process (PID=93197) to work on /home/airflow/.local/lib/python3.12/site-packages/airflow/example_dags/example_kubernetes_executor.py
[2024-10-22T08:40:58.048+0000] {processor.py:914} INFO - Processing file /home/airflow/.local/lib/python3.12/site-packages/airflow/example_dags/example_kubernetes_executor.py for tasks to queue
[2024-10-22T08:40:58.055+0000] {logging_mixin.py:190} INFO - [2024-10-22T08:40:58.054+0000] {dagbag.py:588} INFO - Filling up the DagBag from /home/airflow/.local/lib/python3.12/site-packages/airflow/example_dags/example_kubernetes_executor.py
[2024-10-22T08:40:58.117+0000] {processor.py:925} INFO - DAG(s) 'example_kubernetes_executor' retrieved from /home/airflow/.local/lib/python3.12/site-packages/airflow/example_dags/example_kubernetes_executor.py
[2024-10-22T08:40:58.331+0000] {logging_mixin.py:190} INFO - [2024-10-22T08:40:58.330+0000] {dag.py:3239} INFO - Sync 1 DAGs
[2024-10-22T08:40:58.395+0000] {logging_mixin.py:190} INFO - [2024-10-22T08:40:58.394+0000] {dag.py:4180} INFO - Setting next_dagrun for example_kubernetes_executor to None, run_after=None
[2024-10-22T08:40:58.462+0000] {processor.py:208} INFO - Processing /home/airflow/.local/lib/python3.12/site-packages/airflow/example_dags/example_kubernetes_executor.py took 0.465 seconds
[2024-10-22T08:41:34.055+0000] {processor.py:186} INFO - Started process (PID=93270) to work on /home/airflow/.local/lib/python3.12/site-packages/airflow/example_dags/example_kubernetes_executor.py
[2024-10-22T08:41:34.060+0000] {processor.py:914} INFO - Processing file /home/airflow/.local/lib/python3.12/site-packages/airflow/example_dags/example_kubernetes_executor.py for tasks to queue
[2024-10-22T08:41:34.070+0000] {logging_mixin.py:190} INFO - [2024-10-22T08:41:34.067+0000] {dagbag.py:588} INFO - Filling up the DagBag from /home/airflow/.local/lib/python3.12/site-packages/airflow/example_dags/example_kubernetes_executor.py
[2024-10-22T08:41:34.132+0000] {processor.py:925} INFO - DAG(s) 'example_kubernetes_executor' retrieved from /home/airflow/.local/lib/python3.12/site-packages/airflow/example_dags/example_kubernetes_executor.py
[2024-10-22T08:41:34.588+0000] {logging_mixin.py:190} INFO - [2024-10-22T08:41:34.587+0000] {dag.py:3239} INFO - Sync 1 DAGs
[2024-10-22T08:41:34.784+0000] {logging_mixin.py:190} INFO - [2024-10-22T08:41:34.780+0000] {dag.py:4180} INFO - Setting next_dagrun for example_kubernetes_executor to None, run_after=None
[2024-10-22T08:41:34.986+0000] {processor.py:208} INFO - Processing /home/airflow/.local/lib/python3.12/site-packages/airflow/example_dags/example_kubernetes_executor.py took 0.983 seconds
[2024-10-22T08:42:05.838+0000] {processor.py:186} INFO - Started process (PID=93337) to work on /home/airflow/.local/lib/python3.12/site-packages/airflow/example_dags/example_kubernetes_executor.py
[2024-10-22T08:42:05.843+0000] {processor.py:914} INFO - Processing file /home/airflow/.local/lib/python3.12/site-packages/airflow/example_dags/example_kubernetes_executor.py for tasks to queue
[2024-10-22T08:42:05.850+0000] {logging_mixin.py:190} INFO - [2024-10-22T08:42:05.847+0000] {dagbag.py:588} INFO - Filling up the DagBag from /home/airflow/.local/lib/python3.12/site-packages/airflow/example_dags/example_kubernetes_executor.py
[2024-10-22T08:42:05.912+0000] {processor.py:925} INFO - DAG(s) 'example_kubernetes_executor' retrieved from /home/airflow/.local/lib/python3.12/site-packages/airflow/example_dags/example_kubernetes_executor.py
[2024-10-22T08:42:06.195+0000] {logging_mixin.py:190} INFO - [2024-10-22T08:42:06.193+0000] {dag.py:3239} INFO - Sync 1 DAGs
[2024-10-22T08:42:06.294+0000] {logging_mixin.py:190} INFO - [2024-10-22T08:42:06.293+0000] {dag.py:4180} INFO - Setting next_dagrun for example_kubernetes_executor to None, run_after=None
[2024-10-22T08:42:06.399+0000] {processor.py:208} INFO - Processing /home/airflow/.local/lib/python3.12/site-packages/airflow/example_dags/example_kubernetes_executor.py took 0.614 seconds
[2024-10-22T08:42:36.706+0000] {processor.py:186} INFO - Started process (PID=93403) to work on /home/airflow/.local/lib/python3.12/site-packages/airflow/example_dags/example_kubernetes_executor.py
[2024-10-22T08:42:36.709+0000] {processor.py:914} INFO - Processing file /home/airflow/.local/lib/python3.12/site-packages/airflow/example_dags/example_kubernetes_executor.py for tasks to queue
[2024-10-22T08:42:36.717+0000] {logging_mixin.py:190} INFO - [2024-10-22T08:42:36.714+0000] {dagbag.py:588} INFO - Filling up the DagBag from /home/airflow/.local/lib/python3.12/site-packages/airflow/example_dags/example_kubernetes_executor.py
[2024-10-22T08:42:36.779+0000] {processor.py:925} INFO - DAG(s) 'example_kubernetes_executor' retrieved from /home/airflow/.local/lib/python3.12/site-packages/airflow/example_dags/example_kubernetes_executor.py
[2024-10-22T08:42:36.993+0000] {logging_mixin.py:190} INFO - [2024-10-22T08:42:36.992+0000] {dag.py:3239} INFO - Sync 1 DAGs
[2024-10-22T08:42:37.057+0000] {logging_mixin.py:190} INFO - [2024-10-22T08:42:37.056+0000] {dag.py:4180} INFO - Setting next_dagrun for example_kubernetes_executor to None, run_after=None
[2024-10-22T08:42:37.129+0000] {processor.py:208} INFO - Processing /home/airflow/.local/lib/python3.12/site-packages/airflow/example_dags/example_kubernetes_executor.py took 0.451 seconds
[2024-10-22T08:43:07.347+0000] {processor.py:186} INFO - Started process (PID=93470) to work on /home/airflow/.local/lib/python3.12/site-packages/airflow/example_dags/example_kubernetes_executor.py
[2024-10-22T08:43:07.372+0000] {processor.py:914} INFO - Processing file /home/airflow/.local/lib/python3.12/site-packages/airflow/example_dags/example_kubernetes_executor.py for tasks to queue
[2024-10-22T08:43:07.386+0000] {logging_mixin.py:190} INFO - [2024-10-22T08:43:07.384+0000] {dagbag.py:588} INFO - Filling up the DagBag from /home/airflow/.local/lib/python3.12/site-packages/airflow/example_dags/example_kubernetes_executor.py
[2024-10-22T08:43:07.600+0000] {processor.py:925} INFO - DAG(s) 'example_kubernetes_executor' retrieved from /home/airflow/.local/lib/python3.12/site-packages/airflow/example_dags/example_kubernetes_executor.py
[2024-10-22T08:43:08.072+0000] {logging_mixin.py:190} INFO - [2024-10-22T08:43:08.071+0000] {dag.py:3239} INFO - Sync 1 DAGs
[2024-10-22T08:43:08.131+0000] {logging_mixin.py:190} INFO - [2024-10-22T08:43:08.130+0000] {dag.py:4180} INFO - Setting next_dagrun for example_kubernetes_executor to None, run_after=None
[2024-10-22T08:43:08.187+0000] {processor.py:208} INFO - Processing /home/airflow/.local/lib/python3.12/site-packages/airflow/example_dags/example_kubernetes_executor.py took 0.908 seconds
[2024-10-22T08:43:38.983+0000] {processor.py:186} INFO - Started process (PID=93537) to work on /home/airflow/.local/lib/python3.12/site-packages/airflow/example_dags/example_kubernetes_executor.py
[2024-10-22T08:43:38.986+0000] {processor.py:914} INFO - Processing file /home/airflow/.local/lib/python3.12/site-packages/airflow/example_dags/example_kubernetes_executor.py for tasks to queue
[2024-10-22T08:43:38.989+0000] {logging_mixin.py:190} INFO - [2024-10-22T08:43:38.988+0000] {dagbag.py:588} INFO - Filling up the DagBag from /home/airflow/.local/lib/python3.12/site-packages/airflow/example_dags/example_kubernetes_executor.py
[2024-10-22T08:43:39.039+0000] {processor.py:925} INFO - DAG(s) 'example_kubernetes_executor' retrieved from /home/airflow/.local/lib/python3.12/site-packages/airflow/example_dags/example_kubernetes_executor.py
[2024-10-22T08:43:39.356+0000] {logging_mixin.py:190} INFO - [2024-10-22T08:43:39.355+0000] {dag.py:3239} INFO - Sync 1 DAGs
[2024-10-22T08:43:39.403+0000] {logging_mixin.py:190} INFO - [2024-10-22T08:43:39.402+0000] {dag.py:4180} INFO - Setting next_dagrun for example_kubernetes_executor to None, run_after=None
[2024-10-22T08:43:39.465+0000] {processor.py:208} INFO - Processing /home/airflow/.local/lib/python3.12/site-packages/airflow/example_dags/example_kubernetes_executor.py took 0.504 seconds
[2024-10-22T08:44:10.303+0000] {processor.py:186} INFO - Started process (PID=93605) to work on /home/airflow/.local/lib/python3.12/site-packages/airflow/example_dags/example_kubernetes_executor.py
[2024-10-22T08:44:10.305+0000] {processor.py:914} INFO - Processing file /home/airflow/.local/lib/python3.12/site-packages/airflow/example_dags/example_kubernetes_executor.py for tasks to queue
[2024-10-22T08:44:10.308+0000] {logging_mixin.py:190} INFO - [2024-10-22T08:44:10.307+0000] {dagbag.py:588} INFO - Filling up the DagBag from /home/airflow/.local/lib/python3.12/site-packages/airflow/example_dags/example_kubernetes_executor.py
[2024-10-22T08:44:10.333+0000] {processor.py:925} INFO - DAG(s) 'example_kubernetes_executor' retrieved from /home/airflow/.local/lib/python3.12/site-packages/airflow/example_dags/example_kubernetes_executor.py
[2024-10-22T08:44:10.426+0000] {logging_mixin.py:190} INFO - [2024-10-22T08:44:10.426+0000] {dag.py:3239} INFO - Sync 1 DAGs
[2024-10-22T08:44:10.454+0000] {logging_mixin.py:190} INFO - [2024-10-22T08:44:10.453+0000] {dag.py:4180} INFO - Setting next_dagrun for example_kubernetes_executor to None, run_after=None
[2024-10-22T08:44:10.484+0000] {processor.py:208} INFO - Processing /home/airflow/.local/lib/python3.12/site-packages/airflow/example_dags/example_kubernetes_executor.py took 0.194 seconds
[2024-10-22T08:44:41.310+0000] {processor.py:186} INFO - Started process (PID=93672) to work on /home/airflow/.local/lib/python3.12/site-packages/airflow/example_dags/example_kubernetes_executor.py
[2024-10-22T08:44:41.311+0000] {processor.py:914} INFO - Processing file /home/airflow/.local/lib/python3.12/site-packages/airflow/example_dags/example_kubernetes_executor.py for tasks to queue
[2024-10-22T08:44:41.313+0000] {logging_mixin.py:190} INFO - [2024-10-22T08:44:41.312+0000] {dagbag.py:588} INFO - Filling up the DagBag from /home/airflow/.local/lib/python3.12/site-packages/airflow/example_dags/example_kubernetes_executor.py
[2024-10-22T08:44:41.331+0000] {processor.py:925} INFO - DAG(s) 'example_kubernetes_executor' retrieved from /home/airflow/.local/lib/python3.12/site-packages/airflow/example_dags/example_kubernetes_executor.py
[2024-10-22T08:44:41.392+0000] {logging_mixin.py:190} INFO - [2024-10-22T08:44:41.392+0000] {dag.py:3239} INFO - Sync 1 DAGs
[2024-10-22T08:44:41.410+0000] {logging_mixin.py:190} INFO - [2024-10-22T08:44:41.410+0000] {dag.py:4180} INFO - Setting next_dagrun for example_kubernetes_executor to None, run_after=None
[2024-10-22T08:44:41.428+0000] {processor.py:208} INFO - Processing /home/airflow/.local/lib/python3.12/site-packages/airflow/example_dags/example_kubernetes_executor.py took 0.126 seconds
[2024-10-22T08:45:11.618+0000] {processor.py:186} INFO - Started process (PID=93739) to work on /home/airflow/.local/lib/python3.12/site-packages/airflow/example_dags/example_kubernetes_executor.py
[2024-10-22T08:45:11.620+0000] {processor.py:914} INFO - Processing file /home/airflow/.local/lib/python3.12/site-packages/airflow/example_dags/example_kubernetes_executor.py for tasks to queue
[2024-10-22T08:45:11.621+0000] {logging_mixin.py:190} INFO - [2024-10-22T08:45:11.621+0000] {dagbag.py:588} INFO - Filling up the DagBag from /home/airflow/.local/lib/python3.12/site-packages/airflow/example_dags/example_kubernetes_executor.py
[2024-10-22T08:45:11.641+0000] {processor.py:925} INFO - DAG(s) 'example_kubernetes_executor' retrieved from /home/airflow/.local/lib/python3.12/site-packages/airflow/example_dags/example_kubernetes_executor.py
[2024-10-22T08:45:11.926+0000] {logging_mixin.py:190} INFO - [2024-10-22T08:45:11.925+0000] {dag.py:3239} INFO - Sync 1 DAGs
[2024-10-22T08:45:11.943+0000] {logging_mixin.py:190} INFO - [2024-10-22T08:45:11.943+0000] {dag.py:4180} INFO - Setting next_dagrun for example_kubernetes_executor to None, run_after=None
[2024-10-22T08:45:11.965+0000] {processor.py:208} INFO - Processing /home/airflow/.local/lib/python3.12/site-packages/airflow/example_dags/example_kubernetes_executor.py took 0.359 seconds
[2024-10-22T08:45:42.343+0000] {processor.py:186} INFO - Started process (PID=93807) to work on /home/airflow/.local/lib/python3.12/site-packages/airflow/example_dags/example_kubernetes_executor.py
[2024-10-22T08:45:42.344+0000] {processor.py:914} INFO - Processing file /home/airflow/.local/lib/python3.12/site-packages/airflow/example_dags/example_kubernetes_executor.py for tasks to queue
[2024-10-22T08:45:42.348+0000] {logging_mixin.py:190} INFO - [2024-10-22T08:45:42.347+0000] {dagbag.py:588} INFO - Filling up the DagBag from /home/airflow/.local/lib/python3.12/site-packages/airflow/example_dags/example_kubernetes_executor.py
[2024-10-22T08:45:42.374+0000] {processor.py:925} INFO - DAG(s) 'example_kubernetes_executor' retrieved from /home/airflow/.local/lib/python3.12/site-packages/airflow/example_dags/example_kubernetes_executor.py
[2024-10-22T08:45:42.749+0000] {logging_mixin.py:190} INFO - [2024-10-22T08:45:42.748+0000] {dag.py:3239} INFO - Sync 1 DAGs
[2024-10-22T08:45:42.771+0000] {logging_mixin.py:190} INFO - [2024-10-22T08:45:42.770+0000] {dag.py:4180} INFO - Setting next_dagrun for example_kubernetes_executor to None, run_after=None
[2024-10-22T08:45:42.798+0000] {processor.py:208} INFO - Processing /home/airflow/.local/lib/python3.12/site-packages/airflow/example_dags/example_kubernetes_executor.py took 0.470 seconds
[2024-10-22T08:46:13.411+0000] {processor.py:186} INFO - Started process (PID=93873) to work on /home/airflow/.local/lib/python3.12/site-packages/airflow/example_dags/example_kubernetes_executor.py
[2024-10-22T08:46:13.413+0000] {processor.py:914} INFO - Processing file /home/airflow/.local/lib/python3.12/site-packages/airflow/example_dags/example_kubernetes_executor.py for tasks to queue
[2024-10-22T08:46:13.417+0000] {logging_mixin.py:190} INFO - [2024-10-22T08:46:13.417+0000] {dagbag.py:588} INFO - Filling up the DagBag from /home/airflow/.local/lib/python3.12/site-packages/airflow/example_dags/example_kubernetes_executor.py
[2024-10-22T08:46:13.446+0000] {processor.py:925} INFO - DAG(s) 'example_kubernetes_executor' retrieved from /home/airflow/.local/lib/python3.12/site-packages/airflow/example_dags/example_kubernetes_executor.py
[2024-10-22T08:46:13.564+0000] {logging_mixin.py:190} INFO - [2024-10-22T08:46:13.564+0000] {dag.py:3239} INFO - Sync 1 DAGs
[2024-10-22T08:46:13.606+0000] {logging_mixin.py:190} INFO - [2024-10-22T08:46:13.605+0000] {dag.py:4180} INFO - Setting next_dagrun for example_kubernetes_executor to None, run_after=None
[2024-10-22T08:46:13.644+0000] {processor.py:208} INFO - Processing /home/airflow/.local/lib/python3.12/site-packages/airflow/example_dags/example_kubernetes_executor.py took 0.246 seconds
[2024-10-22T08:46:44.072+0000] {processor.py:186} INFO - Started process (PID=93940) to work on /home/airflow/.local/lib/python3.12/site-packages/airflow/example_dags/example_kubernetes_executor.py
[2024-10-22T08:46:44.074+0000] {processor.py:914} INFO - Processing file /home/airflow/.local/lib/python3.12/site-packages/airflow/example_dags/example_kubernetes_executor.py for tasks to queue
[2024-10-22T08:46:44.077+0000] {logging_mixin.py:190} INFO - [2024-10-22T08:46:44.076+0000] {dagbag.py:588} INFO - Filling up the DagBag from /home/airflow/.local/lib/python3.12/site-packages/airflow/example_dags/example_kubernetes_executor.py
[2024-10-22T08:46:44.105+0000] {processor.py:925} INFO - DAG(s) 'example_kubernetes_executor' retrieved from /home/airflow/.local/lib/python3.12/site-packages/airflow/example_dags/example_kubernetes_executor.py
[2024-10-22T08:46:44.220+0000] {logging_mixin.py:190} INFO - [2024-10-22T08:46:44.219+0000] {dag.py:3239} INFO - Sync 1 DAGs
[2024-10-22T08:46:44.253+0000] {logging_mixin.py:190} INFO - [2024-10-22T08:46:44.252+0000] {dag.py:4180} INFO - Setting next_dagrun for example_kubernetes_executor to None, run_after=None
[2024-10-22T08:46:44.295+0000] {processor.py:208} INFO - Processing /home/airflow/.local/lib/python3.12/site-packages/airflow/example_dags/example_kubernetes_executor.py took 0.239 seconds
[2024-10-22T08:47:14.910+0000] {processor.py:186} INFO - Started process (PID=94008) to work on /home/airflow/.local/lib/python3.12/site-packages/airflow/example_dags/example_kubernetes_executor.py
[2024-10-22T08:47:14.912+0000] {processor.py:914} INFO - Processing file /home/airflow/.local/lib/python3.12/site-packages/airflow/example_dags/example_kubernetes_executor.py for tasks to queue
[2024-10-22T08:47:14.917+0000] {logging_mixin.py:190} INFO - [2024-10-22T08:47:14.916+0000] {dagbag.py:588} INFO - Filling up the DagBag from /home/airflow/.local/lib/python3.12/site-packages/airflow/example_dags/example_kubernetes_executor.py
[2024-10-22T08:47:14.951+0000] {processor.py:925} INFO - DAG(s) 'example_kubernetes_executor' retrieved from /home/airflow/.local/lib/python3.12/site-packages/airflow/example_dags/example_kubernetes_executor.py
[2024-10-22T08:47:15.125+0000] {logging_mixin.py:190} INFO - [2024-10-22T08:47:15.124+0000] {dag.py:3239} INFO - Sync 1 DAGs
[2024-10-22T08:47:15.170+0000] {logging_mixin.py:190} INFO - [2024-10-22T08:47:15.169+0000] {dag.py:4180} INFO - Setting next_dagrun for example_kubernetes_executor to None, run_after=None
[2024-10-22T08:47:15.211+0000] {processor.py:208} INFO - Processing /home/airflow/.local/lib/python3.12/site-packages/airflow/example_dags/example_kubernetes_executor.py took 0.318 seconds
[2024-10-22T08:47:45.320+0000] {processor.py:186} INFO - Started process (PID=94074) to work on /home/airflow/.local/lib/python3.12/site-packages/airflow/example_dags/example_kubernetes_executor.py
[2024-10-22T08:47:45.322+0000] {processor.py:914} INFO - Processing file /home/airflow/.local/lib/python3.12/site-packages/airflow/example_dags/example_kubernetes_executor.py for tasks to queue
[2024-10-22T08:47:45.325+0000] {logging_mixin.py:190} INFO - [2024-10-22T08:47:45.324+0000] {dagbag.py:588} INFO - Filling up the DagBag from /home/airflow/.local/lib/python3.12/site-packages/airflow/example_dags/example_kubernetes_executor.py
[2024-10-22T08:47:45.355+0000] {processor.py:925} INFO - DAG(s) 'example_kubernetes_executor' retrieved from /home/airflow/.local/lib/python3.12/site-packages/airflow/example_dags/example_kubernetes_executor.py
[2024-10-22T08:47:45.462+0000] {logging_mixin.py:190} INFO - [2024-10-22T08:47:45.461+0000] {dag.py:3239} INFO - Sync 1 DAGs
[2024-10-22T08:47:45.496+0000] {logging_mixin.py:190} INFO - [2024-10-22T08:47:45.496+0000] {dag.py:4180} INFO - Setting next_dagrun for example_kubernetes_executor to None, run_after=None
[2024-10-22T08:47:45.533+0000] {processor.py:208} INFO - Processing /home/airflow/.local/lib/python3.12/site-packages/airflow/example_dags/example_kubernetes_executor.py took 0.227 seconds
[2024-10-22T08:48:15.903+0000] {processor.py:186} INFO - Started process (PID=94140) to work on /home/airflow/.local/lib/python3.12/site-packages/airflow/example_dags/example_kubernetes_executor.py
[2024-10-22T08:48:15.905+0000] {processor.py:914} INFO - Processing file /home/airflow/.local/lib/python3.12/site-packages/airflow/example_dags/example_kubernetes_executor.py for tasks to queue
[2024-10-22T08:48:15.909+0000] {logging_mixin.py:190} INFO - [2024-10-22T08:48:15.908+0000] {dagbag.py:588} INFO - Filling up the DagBag from /home/airflow/.local/lib/python3.12/site-packages/airflow/example_dags/example_kubernetes_executor.py
[2024-10-22T08:48:15.940+0000] {processor.py:925} INFO - DAG(s) 'example_kubernetes_executor' retrieved from /home/airflow/.local/lib/python3.12/site-packages/airflow/example_dags/example_kubernetes_executor.py
[2024-10-22T08:48:16.057+0000] {logging_mixin.py:190} INFO - [2024-10-22T08:48:16.056+0000] {dag.py:3239} INFO - Sync 1 DAGs
[2024-10-22T08:48:16.092+0000] {logging_mixin.py:190} INFO - [2024-10-22T08:48:16.091+0000] {dag.py:4180} INFO - Setting next_dagrun for example_kubernetes_executor to None, run_after=None
[2024-10-22T08:48:16.131+0000] {processor.py:208} INFO - Processing /home/airflow/.local/lib/python3.12/site-packages/airflow/example_dags/example_kubernetes_executor.py took 0.243 seconds
[2024-10-22T08:48:46.330+0000] {processor.py:186} INFO - Started process (PID=94207) to work on /home/airflow/.local/lib/python3.12/site-packages/airflow/example_dags/example_kubernetes_executor.py
[2024-10-22T08:48:46.333+0000] {processor.py:914} INFO - Processing file /home/airflow/.local/lib/python3.12/site-packages/airflow/example_dags/example_kubernetes_executor.py for tasks to queue
[2024-10-22T08:48:46.337+0000] {logging_mixin.py:190} INFO - [2024-10-22T08:48:46.336+0000] {dagbag.py:588} INFO - Filling up the DagBag from /home/airflow/.local/lib/python3.12/site-packages/airflow/example_dags/example_kubernetes_executor.py
[2024-10-22T08:48:46.374+0000] {processor.py:925} INFO - DAG(s) 'example_kubernetes_executor' retrieved from /home/airflow/.local/lib/python3.12/site-packages/airflow/example_dags/example_kubernetes_executor.py
[2024-10-22T08:48:46.509+0000] {logging_mixin.py:190} INFO - [2024-10-22T08:48:46.508+0000] {dag.py:3239} INFO - Sync 1 DAGs
[2024-10-22T08:48:46.553+0000] {logging_mixin.py:190} INFO - [2024-10-22T08:48:46.552+0000] {dag.py:4180} INFO - Setting next_dagrun for example_kubernetes_executor to None, run_after=None
[2024-10-22T08:48:46.602+0000] {processor.py:208} INFO - Processing /home/airflow/.local/lib/python3.12/site-packages/airflow/example_dags/example_kubernetes_executor.py took 0.291 seconds
[2024-10-22T08:49:16.993+0000] {processor.py:186} INFO - Started process (PID=94274) to work on /home/airflow/.local/lib/python3.12/site-packages/airflow/example_dags/example_kubernetes_executor.py
[2024-10-22T08:49:16.996+0000] {processor.py:914} INFO - Processing file /home/airflow/.local/lib/python3.12/site-packages/airflow/example_dags/example_kubernetes_executor.py for tasks to queue
[2024-10-22T08:49:17.000+0000] {logging_mixin.py:190} INFO - [2024-10-22T08:49:16.998+0000] {dagbag.py:588} INFO - Filling up the DagBag from /home/airflow/.local/lib/python3.12/site-packages/airflow/example_dags/example_kubernetes_executor.py
[2024-10-22T08:49:17.036+0000] {processor.py:925} INFO - DAG(s) 'example_kubernetes_executor' retrieved from /home/airflow/.local/lib/python3.12/site-packages/airflow/example_dags/example_kubernetes_executor.py
[2024-10-22T08:49:17.166+0000] {logging_mixin.py:190} INFO - [2024-10-22T08:49:17.165+0000] {dag.py:3239} INFO - Sync 1 DAGs
[2024-10-22T08:49:17.205+0000] {logging_mixin.py:190} INFO - [2024-10-22T08:49:17.205+0000] {dag.py:4180} INFO - Setting next_dagrun for example_kubernetes_executor to None, run_after=None
[2024-10-22T08:49:17.246+0000] {processor.py:208} INFO - Processing /home/airflow/.local/lib/python3.12/site-packages/airflow/example_dags/example_kubernetes_executor.py took 0.271 seconds
[2024-10-22T08:49:47.322+0000] {processor.py:186} INFO - Started process (PID=94341) to work on /home/airflow/.local/lib/python3.12/site-packages/airflow/example_dags/example_kubernetes_executor.py
[2024-10-22T08:49:47.326+0000] {processor.py:914} INFO - Processing file /home/airflow/.local/lib/python3.12/site-packages/airflow/example_dags/example_kubernetes_executor.py for tasks to queue
[2024-10-22T08:49:47.332+0000] {logging_mixin.py:190} INFO - [2024-10-22T08:49:47.331+0000] {dagbag.py:588} INFO - Filling up the DagBag from /home/airflow/.local/lib/python3.12/site-packages/airflow/example_dags/example_kubernetes_executor.py
[2024-10-22T08:49:47.415+0000] {processor.py:925} INFO - DAG(s) 'example_kubernetes_executor' retrieved from /home/airflow/.local/lib/python3.12/site-packages/airflow/example_dags/example_kubernetes_executor.py
[2024-10-22T08:49:47.594+0000] {logging_mixin.py:190} INFO - [2024-10-22T08:49:47.593+0000] {dag.py:3239} INFO - Sync 1 DAGs
[2024-10-22T08:49:47.628+0000] {logging_mixin.py:190} INFO - [2024-10-22T08:49:47.628+0000] {dag.py:4180} INFO - Setting next_dagrun for example_kubernetes_executor to None, run_after=None
[2024-10-22T08:49:47.682+0000] {processor.py:208} INFO - Processing /home/airflow/.local/lib/python3.12/site-packages/airflow/example_dags/example_kubernetes_executor.py took 0.375 seconds
[2024-10-22T08:50:17.948+0000] {processor.py:186} INFO - Started process (PID=94407) to work on /home/airflow/.local/lib/python3.12/site-packages/airflow/example_dags/example_kubernetes_executor.py
[2024-10-22T08:50:17.950+0000] {processor.py:914} INFO - Processing file /home/airflow/.local/lib/python3.12/site-packages/airflow/example_dags/example_kubernetes_executor.py for tasks to queue
[2024-10-22T08:50:17.952+0000] {logging_mixin.py:190} INFO - [2024-10-22T08:50:17.951+0000] {dagbag.py:588} INFO - Filling up the DagBag from /home/airflow/.local/lib/python3.12/site-packages/airflow/example_dags/example_kubernetes_executor.py
[2024-10-22T08:50:17.973+0000] {processor.py:925} INFO - DAG(s) 'example_kubernetes_executor' retrieved from /home/airflow/.local/lib/python3.12/site-packages/airflow/example_dags/example_kubernetes_executor.py
[2024-10-22T08:50:18.050+0000] {logging_mixin.py:190} INFO - [2024-10-22T08:50:18.050+0000] {dag.py:3239} INFO - Sync 1 DAGs
[2024-10-22T08:50:18.074+0000] {logging_mixin.py:190} INFO - [2024-10-22T08:50:18.074+0000] {dag.py:4180} INFO - Setting next_dagrun for example_kubernetes_executor to None, run_after=None
[2024-10-22T08:50:18.100+0000] {processor.py:208} INFO - Processing /home/airflow/.local/lib/python3.12/site-packages/airflow/example_dags/example_kubernetes_executor.py took 0.162 seconds
[2024-10-22T08:50:48.347+0000] {processor.py:186} INFO - Started process (PID=94474) to work on /home/airflow/.local/lib/python3.12/site-packages/airflow/example_dags/example_kubernetes_executor.py
[2024-10-22T08:50:48.348+0000] {processor.py:914} INFO - Processing file /home/airflow/.local/lib/python3.12/site-packages/airflow/example_dags/example_kubernetes_executor.py for tasks to queue
[2024-10-22T08:50:48.350+0000] {logging_mixin.py:190} INFO - [2024-10-22T08:50:48.349+0000] {dagbag.py:588} INFO - Filling up the DagBag from /home/airflow/.local/lib/python3.12/site-packages/airflow/example_dags/example_kubernetes_executor.py
[2024-10-22T08:50:48.367+0000] {processor.py:925} INFO - DAG(s) 'example_kubernetes_executor' retrieved from /home/airflow/.local/lib/python3.12/site-packages/airflow/example_dags/example_kubernetes_executor.py
[2024-10-22T08:50:48.422+0000] {logging_mixin.py:190} INFO - [2024-10-22T08:50:48.421+0000] {dag.py:3239} INFO - Sync 1 DAGs
[2024-10-22T08:50:48.438+0000] {logging_mixin.py:190} INFO - [2024-10-22T08:50:48.438+0000] {dag.py:4180} INFO - Setting next_dagrun for example_kubernetes_executor to None, run_after=None
[2024-10-22T08:50:48.457+0000] {processor.py:208} INFO - Processing /home/airflow/.local/lib/python3.12/site-packages/airflow/example_dags/example_kubernetes_executor.py took 0.119 seconds
[2024-10-22T08:51:18.952+0000] {processor.py:186} INFO - Started process (PID=94541) to work on /home/airflow/.local/lib/python3.12/site-packages/airflow/example_dags/example_kubernetes_executor.py
[2024-10-22T08:51:18.953+0000] {processor.py:914} INFO - Processing file /home/airflow/.local/lib/python3.12/site-packages/airflow/example_dags/example_kubernetes_executor.py for tasks to queue
[2024-10-22T08:51:18.955+0000] {logging_mixin.py:190} INFO - [2024-10-22T08:51:18.954+0000] {dagbag.py:588} INFO - Filling up the DagBag from /home/airflow/.local/lib/python3.12/site-packages/airflow/example_dags/example_kubernetes_executor.py
[2024-10-22T08:51:18.970+0000] {processor.py:925} INFO - DAG(s) 'example_kubernetes_executor' retrieved from /home/airflow/.local/lib/python3.12/site-packages/airflow/example_dags/example_kubernetes_executor.py
[2024-10-22T08:51:19.021+0000] {logging_mixin.py:190} INFO - [2024-10-22T08:51:19.021+0000] {dag.py:3239} INFO - Sync 1 DAGs
[2024-10-22T08:51:19.037+0000] {logging_mixin.py:190} INFO - [2024-10-22T08:51:19.036+0000] {dag.py:4180} INFO - Setting next_dagrun for example_kubernetes_executor to None, run_after=None
[2024-10-22T08:51:19.054+0000] {processor.py:208} INFO - Processing /home/airflow/.local/lib/python3.12/site-packages/airflow/example_dags/example_kubernetes_executor.py took 0.110 seconds
[2024-10-22T08:51:49.791+0000] {processor.py:186} INFO - Started process (PID=94608) to work on /home/airflow/.local/lib/python3.12/site-packages/airflow/example_dags/example_kubernetes_executor.py
[2024-10-22T08:51:49.792+0000] {processor.py:914} INFO - Processing file /home/airflow/.local/lib/python3.12/site-packages/airflow/example_dags/example_kubernetes_executor.py for tasks to queue
[2024-10-22T08:51:49.793+0000] {logging_mixin.py:190} INFO - [2024-10-22T08:51:49.793+0000] {dagbag.py:588} INFO - Filling up the DagBag from /home/airflow/.local/lib/python3.12/site-packages/airflow/example_dags/example_kubernetes_executor.py
[2024-10-22T08:51:49.807+0000] {processor.py:925} INFO - DAG(s) 'example_kubernetes_executor' retrieved from /home/airflow/.local/lib/python3.12/site-packages/airflow/example_dags/example_kubernetes_executor.py
[2024-10-22T08:51:49.862+0000] {logging_mixin.py:190} INFO - [2024-10-22T08:51:49.862+0000] {dag.py:3239} INFO - Sync 1 DAGs
[2024-10-22T08:51:49.879+0000] {logging_mixin.py:190} INFO - [2024-10-22T08:51:49.879+0000] {dag.py:4180} INFO - Setting next_dagrun for example_kubernetes_executor to None, run_after=None
[2024-10-22T08:51:49.901+0000] {processor.py:208} INFO - Processing /home/airflow/.local/lib/python3.12/site-packages/airflow/example_dags/example_kubernetes_executor.py took 0.119 seconds
[2024-10-22T08:52:20.387+0000] {processor.py:186} INFO - Started process (PID=94675) to work on /home/airflow/.local/lib/python3.12/site-packages/airflow/example_dags/example_kubernetes_executor.py
[2024-10-22T08:52:20.389+0000] {processor.py:914} INFO - Processing file /home/airflow/.local/lib/python3.12/site-packages/airflow/example_dags/example_kubernetes_executor.py for tasks to queue
[2024-10-22T08:52:20.390+0000] {logging_mixin.py:190} INFO - [2024-10-22T08:52:20.390+0000] {dagbag.py:588} INFO - Filling up the DagBag from /home/airflow/.local/lib/python3.12/site-packages/airflow/example_dags/example_kubernetes_executor.py
[2024-10-22T08:52:20.409+0000] {processor.py:925} INFO - DAG(s) 'example_kubernetes_executor' retrieved from /home/airflow/.local/lib/python3.12/site-packages/airflow/example_dags/example_kubernetes_executor.py
[2024-10-22T08:52:20.472+0000] {logging_mixin.py:190} INFO - [2024-10-22T08:52:20.472+0000] {dag.py:3239} INFO - Sync 1 DAGs
[2024-10-22T08:52:20.492+0000] {logging_mixin.py:190} INFO - [2024-10-22T08:52:20.491+0000] {dag.py:4180} INFO - Setting next_dagrun for example_kubernetes_executor to None, run_after=None
[2024-10-22T08:52:20.513+0000] {processor.py:208} INFO - Processing /home/airflow/.local/lib/python3.12/site-packages/airflow/example_dags/example_kubernetes_executor.py took 0.135 seconds
[2024-10-22T08:52:51.064+0000] {processor.py:186} INFO - Started process (PID=94742) to work on /home/airflow/.local/lib/python3.12/site-packages/airflow/example_dags/example_kubernetes_executor.py
[2024-10-22T08:52:51.065+0000] {processor.py:914} INFO - Processing file /home/airflow/.local/lib/python3.12/site-packages/airflow/example_dags/example_kubernetes_executor.py for tasks to queue
[2024-10-22T08:52:51.067+0000] {logging_mixin.py:190} INFO - [2024-10-22T08:52:51.067+0000] {dagbag.py:588} INFO - Filling up the DagBag from /home/airflow/.local/lib/python3.12/site-packages/airflow/example_dags/example_kubernetes_executor.py
[2024-10-22T08:52:51.099+0000] {processor.py:925} INFO - DAG(s) 'example_kubernetes_executor' retrieved from /home/airflow/.local/lib/python3.12/site-packages/airflow/example_dags/example_kubernetes_executor.py
[2024-10-22T08:52:51.187+0000] {logging_mixin.py:190} INFO - [2024-10-22T08:52:51.186+0000] {dag.py:3239} INFO - Sync 1 DAGs
[2024-10-22T08:52:51.213+0000] {logging_mixin.py:190} INFO - [2024-10-22T08:52:51.213+0000] {dag.py:4180} INFO - Setting next_dagrun for example_kubernetes_executor to None, run_after=None
[2024-10-22T08:52:51.245+0000] {processor.py:208} INFO - Processing /home/airflow/.local/lib/python3.12/site-packages/airflow/example_dags/example_kubernetes_executor.py took 0.193 seconds
[2024-10-22T08:53:21.544+0000] {processor.py:186} INFO - Started process (PID=94809) to work on /home/airflow/.local/lib/python3.12/site-packages/airflow/example_dags/example_kubernetes_executor.py
[2024-10-22T08:53:21.546+0000] {processor.py:914} INFO - Processing file /home/airflow/.local/lib/python3.12/site-packages/airflow/example_dags/example_kubernetes_executor.py for tasks to queue
[2024-10-22T08:53:21.549+0000] {logging_mixin.py:190} INFO - [2024-10-22T08:53:21.548+0000] {dagbag.py:588} INFO - Filling up the DagBag from /home/airflow/.local/lib/python3.12/site-packages/airflow/example_dags/example_kubernetes_executor.py
[2024-10-22T08:53:21.574+0000] {processor.py:925} INFO - DAG(s) 'example_kubernetes_executor' retrieved from /home/airflow/.local/lib/python3.12/site-packages/airflow/example_dags/example_kubernetes_executor.py
[2024-10-22T08:53:21.676+0000] {logging_mixin.py:190} INFO - [2024-10-22T08:53:21.676+0000] {dag.py:3239} INFO - Sync 1 DAGs
[2024-10-22T08:53:21.709+0000] {logging_mixin.py:190} INFO - [2024-10-22T08:53:21.708+0000] {dag.py:4180} INFO - Setting next_dagrun for example_kubernetes_executor to None, run_after=None
[2024-10-22T08:53:21.746+0000] {processor.py:208} INFO - Processing /home/airflow/.local/lib/python3.12/site-packages/airflow/example_dags/example_kubernetes_executor.py took 0.216 seconds
[2024-10-22T08:53:52.429+0000] {processor.py:186} INFO - Started process (PID=94875) to work on /home/airflow/.local/lib/python3.12/site-packages/airflow/example_dags/example_kubernetes_executor.py
[2024-10-22T08:53:52.431+0000] {processor.py:914} INFO - Processing file /home/airflow/.local/lib/python3.12/site-packages/airflow/example_dags/example_kubernetes_executor.py for tasks to queue
[2024-10-22T08:53:52.434+0000] {logging_mixin.py:190} INFO - [2024-10-22T08:53:52.433+0000] {dagbag.py:588} INFO - Filling up the DagBag from /home/airflow/.local/lib/python3.12/site-packages/airflow/example_dags/example_kubernetes_executor.py
[2024-10-22T08:53:52.467+0000] {processor.py:925} INFO - DAG(s) 'example_kubernetes_executor' retrieved from /home/airflow/.local/lib/python3.12/site-packages/airflow/example_dags/example_kubernetes_executor.py
[2024-10-22T08:53:52.580+0000] {logging_mixin.py:190} INFO - [2024-10-22T08:53:52.579+0000] {dag.py:3239} INFO - Sync 1 DAGs
[2024-10-22T08:53:52.613+0000] {logging_mixin.py:190} INFO - [2024-10-22T08:53:52.612+0000] {dag.py:4180} INFO - Setting next_dagrun for example_kubernetes_executor to None, run_after=None
[2024-10-22T08:53:52.647+0000] {processor.py:208} INFO - Processing /home/airflow/.local/lib/python3.12/site-packages/airflow/example_dags/example_kubernetes_executor.py took 0.236 seconds
[2024-10-22T08:54:23.210+0000] {processor.py:186} INFO - Started process (PID=94941) to work on /home/airflow/.local/lib/python3.12/site-packages/airflow/example_dags/example_kubernetes_executor.py
[2024-10-22T08:54:23.212+0000] {processor.py:914} INFO - Processing file /home/airflow/.local/lib/python3.12/site-packages/airflow/example_dags/example_kubernetes_executor.py for tasks to queue
[2024-10-22T08:54:23.215+0000] {logging_mixin.py:190} INFO - [2024-10-22T08:54:23.214+0000] {dagbag.py:588} INFO - Filling up the DagBag from /home/airflow/.local/lib/python3.12/site-packages/airflow/example_dags/example_kubernetes_executor.py
[2024-10-22T08:54:23.244+0000] {processor.py:925} INFO - DAG(s) 'example_kubernetes_executor' retrieved from /home/airflow/.local/lib/python3.12/site-packages/airflow/example_dags/example_kubernetes_executor.py
[2024-10-22T08:54:23.350+0000] {logging_mixin.py:190} INFO - [2024-10-22T08:54:23.350+0000] {dag.py:3239} INFO - Sync 1 DAGs
[2024-10-22T08:54:23.381+0000] {logging_mixin.py:190} INFO - [2024-10-22T08:54:23.381+0000] {dag.py:4180} INFO - Setting next_dagrun for example_kubernetes_executor to None, run_after=None
[2024-10-22T08:54:23.420+0000] {processor.py:208} INFO - Processing /home/airflow/.local/lib/python3.12/site-packages/airflow/example_dags/example_kubernetes_executor.py took 0.223 seconds
[2024-10-22T08:54:54.172+0000] {processor.py:186} INFO - Started process (PID=95008) to work on /home/airflow/.local/lib/python3.12/site-packages/airflow/example_dags/example_kubernetes_executor.py
[2024-10-22T08:54:54.175+0000] {processor.py:914} INFO - Processing file /home/airflow/.local/lib/python3.12/site-packages/airflow/example_dags/example_kubernetes_executor.py for tasks to queue
[2024-10-22T08:54:54.177+0000] {logging_mixin.py:190} INFO - [2024-10-22T08:54:54.177+0000] {dagbag.py:588} INFO - Filling up the DagBag from /home/airflow/.local/lib/python3.12/site-packages/airflow/example_dags/example_kubernetes_executor.py
[2024-10-22T08:54:54.204+0000] {processor.py:925} INFO - DAG(s) 'example_kubernetes_executor' retrieved from /home/airflow/.local/lib/python3.12/site-packages/airflow/example_dags/example_kubernetes_executor.py
[2024-10-22T08:54:54.314+0000] {logging_mixin.py:190} INFO - [2024-10-22T08:54:54.314+0000] {dag.py:3239} INFO - Sync 1 DAGs
[2024-10-22T08:54:54.348+0000] {logging_mixin.py:190} INFO - [2024-10-22T08:54:54.348+0000] {dag.py:4180} INFO - Setting next_dagrun for example_kubernetes_executor to None, run_after=None
[2024-10-22T08:54:54.383+0000] {processor.py:208} INFO - Processing /home/airflow/.local/lib/python3.12/site-packages/airflow/example_dags/example_kubernetes_executor.py took 0.224 seconds
[2024-10-22T08:55:24.770+0000] {processor.py:186} INFO - Started process (PID=95075) to work on /home/airflow/.local/lib/python3.12/site-packages/airflow/example_dags/example_kubernetes_executor.py
[2024-10-22T08:55:24.773+0000] {processor.py:914} INFO - Processing file /home/airflow/.local/lib/python3.12/site-packages/airflow/example_dags/example_kubernetes_executor.py for tasks to queue
[2024-10-22T08:55:24.775+0000] {logging_mixin.py:190} INFO - [2024-10-22T08:55:24.775+0000] {dagbag.py:588} INFO - Filling up the DagBag from /home/airflow/.local/lib/python3.12/site-packages/airflow/example_dags/example_kubernetes_executor.py
[2024-10-22T08:55:24.803+0000] {processor.py:925} INFO - DAG(s) 'example_kubernetes_executor' retrieved from /home/airflow/.local/lib/python3.12/site-packages/airflow/example_dags/example_kubernetes_executor.py
[2024-10-22T08:55:24.917+0000] {logging_mixin.py:190} INFO - [2024-10-22T08:55:24.916+0000] {dag.py:3239} INFO - Sync 1 DAGs
[2024-10-22T08:55:24.949+0000] {logging_mixin.py:190} INFO - [2024-10-22T08:55:24.948+0000] {dag.py:4180} INFO - Setting next_dagrun for example_kubernetes_executor to None, run_after=None
[2024-10-22T08:55:24.984+0000] {processor.py:208} INFO - Processing /home/airflow/.local/lib/python3.12/site-packages/airflow/example_dags/example_kubernetes_executor.py took 0.231 seconds
[2024-10-22T08:55:55.216+0000] {processor.py:186} INFO - Started process (PID=95142) to work on /home/airflow/.local/lib/python3.12/site-packages/airflow/example_dags/example_kubernetes_executor.py
[2024-10-22T08:55:55.222+0000] {processor.py:914} INFO - Processing file /home/airflow/.local/lib/python3.12/site-packages/airflow/example_dags/example_kubernetes_executor.py for tasks to queue
[2024-10-22T08:55:55.234+0000] {logging_mixin.py:190} INFO - [2024-10-22T08:55:55.229+0000] {dagbag.py:588} INFO - Filling up the DagBag from /home/airflow/.local/lib/python3.12/site-packages/airflow/example_dags/example_kubernetes_executor.py
[2024-10-22T08:55:55.342+0000] {processor.py:925} INFO - DAG(s) 'example_kubernetes_executor' retrieved from /home/airflow/.local/lib/python3.12/site-packages/airflow/example_dags/example_kubernetes_executor.py
[2024-10-22T08:55:55.673+0000] {logging_mixin.py:190} INFO - [2024-10-22T08:55:55.673+0000] {dag.py:3239} INFO - Sync 1 DAGs
[2024-10-22T08:55:55.855+0000] {logging_mixin.py:190} INFO - [2024-10-22T08:55:55.854+0000] {dag.py:4180} INFO - Setting next_dagrun for example_kubernetes_executor to None, run_after=None
[2024-10-22T08:55:55.948+0000] {processor.py:208} INFO - Processing /home/airflow/.local/lib/python3.12/site-packages/airflow/example_dags/example_kubernetes_executor.py took 0.776 seconds
[2024-10-22T08:56:26.572+0000] {processor.py:186} INFO - Started process (PID=95209) to work on /home/airflow/.local/lib/python3.12/site-packages/airflow/example_dags/example_kubernetes_executor.py
[2024-10-22T08:56:26.576+0000] {processor.py:914} INFO - Processing file /home/airflow/.local/lib/python3.12/site-packages/airflow/example_dags/example_kubernetes_executor.py for tasks to queue
[2024-10-22T08:56:26.580+0000] {logging_mixin.py:190} INFO - [2024-10-22T08:56:26.579+0000] {dagbag.py:588} INFO - Filling up the DagBag from /home/airflow/.local/lib/python3.12/site-packages/airflow/example_dags/example_kubernetes_executor.py
[2024-10-22T08:56:26.622+0000] {processor.py:925} INFO - DAG(s) 'example_kubernetes_executor' retrieved from /home/airflow/.local/lib/python3.12/site-packages/airflow/example_dags/example_kubernetes_executor.py
[2024-10-22T08:56:26.802+0000] {logging_mixin.py:190} INFO - [2024-10-22T08:56:26.801+0000] {dag.py:3239} INFO - Sync 1 DAGs
[2024-10-22T08:56:26.867+0000] {logging_mixin.py:190} INFO - [2024-10-22T08:56:26.866+0000] {dag.py:4180} INFO - Setting next_dagrun for example_kubernetes_executor to None, run_after=None
[2024-10-22T08:56:26.926+0000] {processor.py:208} INFO - Processing /home/airflow/.local/lib/python3.12/site-packages/airflow/example_dags/example_kubernetes_executor.py took 0.375 seconds
[2024-10-22T08:56:57.093+0000] {processor.py:186} INFO - Started process (PID=95276) to work on /home/airflow/.local/lib/python3.12/site-packages/airflow/example_dags/example_kubernetes_executor.py
[2024-10-22T08:56:57.101+0000] {processor.py:914} INFO - Processing file /home/airflow/.local/lib/python3.12/site-packages/airflow/example_dags/example_kubernetes_executor.py for tasks to queue
[2024-10-22T08:56:57.107+0000] {logging_mixin.py:190} INFO - [2024-10-22T08:56:57.105+0000] {dagbag.py:588} INFO - Filling up the DagBag from /home/airflow/.local/lib/python3.12/site-packages/airflow/example_dags/example_kubernetes_executor.py
[2024-10-22T08:56:57.153+0000] {processor.py:925} INFO - DAG(s) 'example_kubernetes_executor' retrieved from /home/airflow/.local/lib/python3.12/site-packages/airflow/example_dags/example_kubernetes_executor.py
[2024-10-22T08:56:57.343+0000] {logging_mixin.py:190} INFO - [2024-10-22T08:56:57.342+0000] {dag.py:3239} INFO - Sync 1 DAGs
[2024-10-22T08:56:57.395+0000] {logging_mixin.py:190} INFO - [2024-10-22T08:56:57.394+0000] {dag.py:4180} INFO - Setting next_dagrun for example_kubernetes_executor to None, run_after=None
[2024-10-22T08:56:57.446+0000] {processor.py:208} INFO - Processing /home/airflow/.local/lib/python3.12/site-packages/airflow/example_dags/example_kubernetes_executor.py took 0.381 seconds
[2024-10-22T08:57:27.680+0000] {processor.py:186} INFO - Started process (PID=95343) to work on /home/airflow/.local/lib/python3.12/site-packages/airflow/example_dags/example_kubernetes_executor.py
[2024-10-22T08:57:27.683+0000] {processor.py:914} INFO - Processing file /home/airflow/.local/lib/python3.12/site-packages/airflow/example_dags/example_kubernetes_executor.py for tasks to queue
[2024-10-22T08:57:27.687+0000] {logging_mixin.py:190} INFO - [2024-10-22T08:57:27.686+0000] {dagbag.py:588} INFO - Filling up the DagBag from /home/airflow/.local/lib/python3.12/site-packages/airflow/example_dags/example_kubernetes_executor.py
[2024-10-22T08:57:27.732+0000] {processor.py:925} INFO - DAG(s) 'example_kubernetes_executor' retrieved from /home/airflow/.local/lib/python3.12/site-packages/airflow/example_dags/example_kubernetes_executor.py
[2024-10-22T08:57:27.897+0000] {logging_mixin.py:190} INFO - [2024-10-22T08:57:27.896+0000] {dag.py:3239} INFO - Sync 1 DAGs
[2024-10-22T08:57:27.947+0000] {logging_mixin.py:190} INFO - [2024-10-22T08:57:27.946+0000] {dag.py:4180} INFO - Setting next_dagrun for example_kubernetes_executor to None, run_after=None
[2024-10-22T08:57:27.997+0000] {processor.py:208} INFO - Processing /home/airflow/.local/lib/python3.12/site-packages/airflow/example_dags/example_kubernetes_executor.py took 0.342 seconds
[2024-10-22T08:57:58.272+0000] {processor.py:186} INFO - Started process (PID=95410) to work on /home/airflow/.local/lib/python3.12/site-packages/airflow/example_dags/example_kubernetes_executor.py
[2024-10-22T08:57:58.276+0000] {processor.py:914} INFO - Processing file /home/airflow/.local/lib/python3.12/site-packages/airflow/example_dags/example_kubernetes_executor.py for tasks to queue
[2024-10-22T08:57:58.281+0000] {logging_mixin.py:190} INFO - [2024-10-22T08:57:58.279+0000] {dagbag.py:588} INFO - Filling up the DagBag from /home/airflow/.local/lib/python3.12/site-packages/airflow/example_dags/example_kubernetes_executor.py
[2024-10-22T08:57:58.320+0000] {processor.py:925} INFO - DAG(s) 'example_kubernetes_executor' retrieved from /home/airflow/.local/lib/python3.12/site-packages/airflow/example_dags/example_kubernetes_executor.py
[2024-10-22T08:57:58.478+0000] {logging_mixin.py:190} INFO - [2024-10-22T08:57:58.477+0000] {dag.py:3239} INFO - Sync 1 DAGs
[2024-10-22T08:57:58.523+0000] {logging_mixin.py:190} INFO - [2024-10-22T08:57:58.522+0000] {dag.py:4180} INFO - Setting next_dagrun for example_kubernetes_executor to None, run_after=None
[2024-10-22T08:57:58.572+0000] {processor.py:208} INFO - Processing /home/airflow/.local/lib/python3.12/site-packages/airflow/example_dags/example_kubernetes_executor.py took 0.319 seconds
[2024-10-22T08:58:28.881+0000] {processor.py:186} INFO - Started process (PID=95476) to work on /home/airflow/.local/lib/python3.12/site-packages/airflow/example_dags/example_kubernetes_executor.py
[2024-10-22T08:58:28.884+0000] {processor.py:914} INFO - Processing file /home/airflow/.local/lib/python3.12/site-packages/airflow/example_dags/example_kubernetes_executor.py for tasks to queue
[2024-10-22T08:58:28.888+0000] {logging_mixin.py:190} INFO - [2024-10-22T08:58:28.887+0000] {dagbag.py:588} INFO - Filling up the DagBag from /home/airflow/.local/lib/python3.12/site-packages/airflow/example_dags/example_kubernetes_executor.py
[2024-10-22T08:58:28.925+0000] {processor.py:925} INFO - DAG(s) 'example_kubernetes_executor' retrieved from /home/airflow/.local/lib/python3.12/site-packages/airflow/example_dags/example_kubernetes_executor.py
[2024-10-22T08:58:29.072+0000] {logging_mixin.py:190} INFO - [2024-10-22T08:58:29.071+0000] {dag.py:3239} INFO - Sync 1 DAGs
[2024-10-22T08:58:29.118+0000] {logging_mixin.py:190} INFO - [2024-10-22T08:58:29.117+0000] {dag.py:4180} INFO - Setting next_dagrun for example_kubernetes_executor to None, run_after=None
[2024-10-22T08:58:29.167+0000] {processor.py:208} INFO - Processing /home/airflow/.local/lib/python3.12/site-packages/airflow/example_dags/example_kubernetes_executor.py took 0.304 seconds
[2024-10-22T08:58:59.655+0000] {processor.py:186} INFO - Started process (PID=95543) to work on /home/airflow/.local/lib/python3.12/site-packages/airflow/example_dags/example_kubernetes_executor.py
[2024-10-22T08:58:59.657+0000] {processor.py:914} INFO - Processing file /home/airflow/.local/lib/python3.12/site-packages/airflow/example_dags/example_kubernetes_executor.py for tasks to queue
[2024-10-22T08:58:59.665+0000] {logging_mixin.py:190} INFO - [2024-10-22T08:58:59.663+0000] {dagbag.py:588} INFO - Filling up the DagBag from /home/airflow/.local/lib/python3.12/site-packages/airflow/example_dags/example_kubernetes_executor.py
[2024-10-22T08:58:59.708+0000] {processor.py:925} INFO - DAG(s) 'example_kubernetes_executor' retrieved from /home/airflow/.local/lib/python3.12/site-packages/airflow/example_dags/example_kubernetes_executor.py
[2024-10-22T08:58:59.890+0000] {logging_mixin.py:190} INFO - [2024-10-22T08:58:59.890+0000] {dag.py:3239} INFO - Sync 1 DAGs
[2024-10-22T08:58:59.942+0000] {logging_mixin.py:190} INFO - [2024-10-22T08:58:59.941+0000] {dag.py:4180} INFO - Setting next_dagrun for example_kubernetes_executor to None, run_after=None
[2024-10-22T08:58:59.994+0000] {processor.py:208} INFO - Processing /home/airflow/.local/lib/python3.12/site-packages/airflow/example_dags/example_kubernetes_executor.py took 0.363 seconds
[2024-10-22T08:59:30.169+0000] {processor.py:186} INFO - Started process (PID=95610) to work on /home/airflow/.local/lib/python3.12/site-packages/airflow/example_dags/example_kubernetes_executor.py
[2024-10-22T08:59:30.171+0000] {processor.py:914} INFO - Processing file /home/airflow/.local/lib/python3.12/site-packages/airflow/example_dags/example_kubernetes_executor.py for tasks to queue
[2024-10-22T08:59:30.174+0000] {logging_mixin.py:190} INFO - [2024-10-22T08:59:30.173+0000] {dagbag.py:588} INFO - Filling up the DagBag from /home/airflow/.local/lib/python3.12/site-packages/airflow/example_dags/example_kubernetes_executor.py
[2024-10-22T08:59:30.209+0000] {processor.py:925} INFO - DAG(s) 'example_kubernetes_executor' retrieved from /home/airflow/.local/lib/python3.12/site-packages/airflow/example_dags/example_kubernetes_executor.py
[2024-10-22T08:59:30.332+0000] {logging_mixin.py:190} INFO - [2024-10-22T08:59:30.331+0000] {dag.py:3239} INFO - Sync 1 DAGs
[2024-10-22T08:59:30.369+0000] {logging_mixin.py:190} INFO - [2024-10-22T08:59:30.369+0000] {dag.py:4180} INFO - Setting next_dagrun for example_kubernetes_executor to None, run_after=None
[2024-10-22T08:59:30.408+0000] {processor.py:208} INFO - Processing /home/airflow/.local/lib/python3.12/site-packages/airflow/example_dags/example_kubernetes_executor.py took 0.256 seconds
[2024-10-22T09:00:00.705+0000] {processor.py:186} INFO - Started process (PID=95677) to work on /home/airflow/.local/lib/python3.12/site-packages/airflow/example_dags/example_kubernetes_executor.py
[2024-10-22T09:00:00.708+0000] {processor.py:914} INFO - Processing file /home/airflow/.local/lib/python3.12/site-packages/airflow/example_dags/example_kubernetes_executor.py for tasks to queue
[2024-10-22T09:00:00.714+0000] {logging_mixin.py:190} INFO - [2024-10-22T09:00:00.713+0000] {dagbag.py:588} INFO - Filling up the DagBag from /home/airflow/.local/lib/python3.12/site-packages/airflow/example_dags/example_kubernetes_executor.py
[2024-10-22T09:00:00.801+0000] {processor.py:925} INFO - DAG(s) 'example_kubernetes_executor' retrieved from /home/airflow/.local/lib/python3.12/site-packages/airflow/example_dags/example_kubernetes_executor.py
[2024-10-22T09:00:00.947+0000] {logging_mixin.py:190} INFO - [2024-10-22T09:00:00.946+0000] {dag.py:3239} INFO - Sync 1 DAGs
[2024-10-22T09:00:00.989+0000] {logging_mixin.py:190} INFO - [2024-10-22T09:00:00.989+0000] {dag.py:4180} INFO - Setting next_dagrun for example_kubernetes_executor to None, run_after=None
[2024-10-22T09:00:01.033+0000] {processor.py:208} INFO - Processing /home/airflow/.local/lib/python3.12/site-packages/airflow/example_dags/example_kubernetes_executor.py took 0.363 seconds
[2024-10-22T09:00:31.498+0000] {processor.py:186} INFO - Started process (PID=95744) to work on /home/airflow/.local/lib/python3.12/site-packages/airflow/example_dags/example_kubernetes_executor.py
[2024-10-22T09:00:31.500+0000] {processor.py:914} INFO - Processing file /home/airflow/.local/lib/python3.12/site-packages/airflow/example_dags/example_kubernetes_executor.py for tasks to queue
[2024-10-22T09:00:31.503+0000] {logging_mixin.py:190} INFO - [2024-10-22T09:00:31.502+0000] {dagbag.py:588} INFO - Filling up the DagBag from /home/airflow/.local/lib/python3.12/site-packages/airflow/example_dags/example_kubernetes_executor.py
[2024-10-22T09:00:31.542+0000] {processor.py:925} INFO - DAG(s) 'example_kubernetes_executor' retrieved from /home/airflow/.local/lib/python3.12/site-packages/airflow/example_dags/example_kubernetes_executor.py
[2024-10-22T09:00:31.670+0000] {logging_mixin.py:190} INFO - [2024-10-22T09:00:31.669+0000] {dag.py:3239} INFO - Sync 1 DAGs
[2024-10-22T09:00:31.707+0000] {logging_mixin.py:190} INFO - [2024-10-22T09:00:31.706+0000] {dag.py:4180} INFO - Setting next_dagrun for example_kubernetes_executor to None, run_after=None
[2024-10-22T09:00:31.749+0000] {processor.py:208} INFO - Processing /home/airflow/.local/lib/python3.12/site-packages/airflow/example_dags/example_kubernetes_executor.py took 0.273 seconds
[2024-10-22T09:01:02.197+0000] {processor.py:186} INFO - Started process (PID=95811) to work on /home/airflow/.local/lib/python3.12/site-packages/airflow/example_dags/example_kubernetes_executor.py
[2024-10-22T09:01:02.201+0000] {processor.py:914} INFO - Processing file /home/airflow/.local/lib/python3.12/site-packages/airflow/example_dags/example_kubernetes_executor.py for tasks to queue
[2024-10-22T09:01:02.204+0000] {logging_mixin.py:190} INFO - [2024-10-22T09:01:02.203+0000] {dagbag.py:588} INFO - Filling up the DagBag from /home/airflow/.local/lib/python3.12/site-packages/airflow/example_dags/example_kubernetes_executor.py
[2024-10-22T09:01:02.241+0000] {processor.py:925} INFO - DAG(s) 'example_kubernetes_executor' retrieved from /home/airflow/.local/lib/python3.12/site-packages/airflow/example_dags/example_kubernetes_executor.py
[2024-10-22T09:01:02.364+0000] {logging_mixin.py:190} INFO - [2024-10-22T09:01:02.364+0000] {dag.py:3239} INFO - Sync 1 DAGs
[2024-10-22T09:01:02.408+0000] {logging_mixin.py:190} INFO - [2024-10-22T09:01:02.407+0000] {dag.py:4180} INFO - Setting next_dagrun for example_kubernetes_executor to None, run_after=None
[2024-10-22T09:01:02.449+0000] {processor.py:208} INFO - Processing /home/airflow/.local/lib/python3.12/site-packages/airflow/example_dags/example_kubernetes_executor.py took 0.274 seconds
[2024-10-22T09:01:33.002+0000] {processor.py:186} INFO - Started process (PID=95878) to work on /home/airflow/.local/lib/python3.12/site-packages/airflow/example_dags/example_kubernetes_executor.py
[2024-10-22T09:01:33.005+0000] {processor.py:914} INFO - Processing file /home/airflow/.local/lib/python3.12/site-packages/airflow/example_dags/example_kubernetes_executor.py for tasks to queue
[2024-10-22T09:01:33.008+0000] {logging_mixin.py:190} INFO - [2024-10-22T09:01:33.007+0000] {dagbag.py:588} INFO - Filling up the DagBag from /home/airflow/.local/lib/python3.12/site-packages/airflow/example_dags/example_kubernetes_executor.py
[2024-10-22T09:01:33.048+0000] {processor.py:925} INFO - DAG(s) 'example_kubernetes_executor' retrieved from /home/airflow/.local/lib/python3.12/site-packages/airflow/example_dags/example_kubernetes_executor.py
[2024-10-22T09:01:33.176+0000] {logging_mixin.py:190} INFO - [2024-10-22T09:01:33.175+0000] {dag.py:3239} INFO - Sync 1 DAGs
[2024-10-22T09:01:33.215+0000] {logging_mixin.py:190} INFO - [2024-10-22T09:01:33.215+0000] {dag.py:4180} INFO - Setting next_dagrun for example_kubernetes_executor to None, run_after=None
[2024-10-22T09:01:33.268+0000] {processor.py:208} INFO - Processing /home/airflow/.local/lib/python3.12/site-packages/airflow/example_dags/example_kubernetes_executor.py took 0.286 seconds
[2024-10-22T09:02:03.547+0000] {processor.py:186} INFO - Started process (PID=95944) to work on /home/airflow/.local/lib/python3.12/site-packages/airflow/example_dags/example_kubernetes_executor.py
[2024-10-22T09:02:03.551+0000] {processor.py:914} INFO - Processing file /home/airflow/.local/lib/python3.12/site-packages/airflow/example_dags/example_kubernetes_executor.py for tasks to queue
[2024-10-22T09:02:03.554+0000] {logging_mixin.py:190} INFO - [2024-10-22T09:02:03.553+0000] {dagbag.py:588} INFO - Filling up the DagBag from /home/airflow/.local/lib/python3.12/site-packages/airflow/example_dags/example_kubernetes_executor.py
[2024-10-22T09:02:03.592+0000] {processor.py:925} INFO - DAG(s) 'example_kubernetes_executor' retrieved from /home/airflow/.local/lib/python3.12/site-packages/airflow/example_dags/example_kubernetes_executor.py
[2024-10-22T09:02:03.764+0000] {logging_mixin.py:190} INFO - [2024-10-22T09:02:03.763+0000] {dag.py:3239} INFO - Sync 1 DAGs
[2024-10-22T09:02:03.803+0000] {logging_mixin.py:190} INFO - [2024-10-22T09:02:03.803+0000] {dag.py:4180} INFO - Setting next_dagrun for example_kubernetes_executor to None, run_after=None
[2024-10-22T09:02:03.851+0000] {processor.py:208} INFO - Processing /home/airflow/.local/lib/python3.12/site-packages/airflow/example_dags/example_kubernetes_executor.py took 0.346 seconds
[2024-10-22T09:02:34.124+0000] {processor.py:186} INFO - Started process (PID=96011) to work on /home/airflow/.local/lib/python3.12/site-packages/airflow/example_dags/example_kubernetes_executor.py
[2024-10-22T09:02:34.126+0000] {processor.py:914} INFO - Processing file /home/airflow/.local/lib/python3.12/site-packages/airflow/example_dags/example_kubernetes_executor.py for tasks to queue
[2024-10-22T09:02:34.129+0000] {logging_mixin.py:190} INFO - [2024-10-22T09:02:34.128+0000] {dagbag.py:588} INFO - Filling up the DagBag from /home/airflow/.local/lib/python3.12/site-packages/airflow/example_dags/example_kubernetes_executor.py
[2024-10-22T09:02:34.181+0000] {processor.py:925} INFO - DAG(s) 'example_kubernetes_executor' retrieved from /home/airflow/.local/lib/python3.12/site-packages/airflow/example_dags/example_kubernetes_executor.py
[2024-10-22T09:02:34.286+0000] {logging_mixin.py:190} INFO - [2024-10-22T09:02:34.285+0000] {dag.py:3239} INFO - Sync 1 DAGs
[2024-10-22T09:02:34.323+0000] {logging_mixin.py:190} INFO - [2024-10-22T09:02:34.322+0000] {dag.py:4180} INFO - Setting next_dagrun for example_kubernetes_executor to None, run_after=None
[2024-10-22T09:02:34.362+0000] {processor.py:208} INFO - Processing /home/airflow/.local/lib/python3.12/site-packages/airflow/example_dags/example_kubernetes_executor.py took 0.258 seconds
[2024-10-22T09:03:04.477+0000] {processor.py:186} INFO - Started process (PID=96078) to work on /home/airflow/.local/lib/python3.12/site-packages/airflow/example_dags/example_kubernetes_executor.py
[2024-10-22T09:03:04.479+0000] {processor.py:914} INFO - Processing file /home/airflow/.local/lib/python3.12/site-packages/airflow/example_dags/example_kubernetes_executor.py for tasks to queue
[2024-10-22T09:03:04.483+0000] {logging_mixin.py:190} INFO - [2024-10-22T09:03:04.481+0000] {dagbag.py:588} INFO - Filling up the DagBag from /home/airflow/.local/lib/python3.12/site-packages/airflow/example_dags/example_kubernetes_executor.py
[2024-10-22T09:03:04.513+0000] {processor.py:925} INFO - DAG(s) 'example_kubernetes_executor' retrieved from /home/airflow/.local/lib/python3.12/site-packages/airflow/example_dags/example_kubernetes_executor.py
[2024-10-22T09:03:04.646+0000] {logging_mixin.py:190} INFO - [2024-10-22T09:03:04.645+0000] {dag.py:3239} INFO - Sync 1 DAGs
[2024-10-22T09:03:04.681+0000] {logging_mixin.py:190} INFO - [2024-10-22T09:03:04.680+0000] {dag.py:4180} INFO - Setting next_dagrun for example_kubernetes_executor to None, run_after=None
[2024-10-22T09:03:04.720+0000] {processor.py:208} INFO - Processing /home/airflow/.local/lib/python3.12/site-packages/airflow/example_dags/example_kubernetes_executor.py took 0.263 seconds
[2024-10-22T09:03:35.407+0000] {processor.py:186} INFO - Started process (PID=96144) to work on /home/airflow/.local/lib/python3.12/site-packages/airflow/example_dags/example_kubernetes_executor.py
[2024-10-22T09:03:35.409+0000] {processor.py:914} INFO - Processing file /home/airflow/.local/lib/python3.12/site-packages/airflow/example_dags/example_kubernetes_executor.py for tasks to queue
[2024-10-22T09:03:35.414+0000] {logging_mixin.py:190} INFO - [2024-10-22T09:03:35.413+0000] {dagbag.py:588} INFO - Filling up the DagBag from /home/airflow/.local/lib/python3.12/site-packages/airflow/example_dags/example_kubernetes_executor.py
[2024-10-22T09:03:35.459+0000] {processor.py:925} INFO - DAG(s) 'example_kubernetes_executor' retrieved from /home/airflow/.local/lib/python3.12/site-packages/airflow/example_dags/example_kubernetes_executor.py
[2024-10-22T09:03:35.579+0000] {logging_mixin.py:190} INFO - [2024-10-22T09:03:35.578+0000] {dag.py:3239} INFO - Sync 1 DAGs
[2024-10-22T09:03:35.613+0000] {logging_mixin.py:190} INFO - [2024-10-22T09:03:35.613+0000] {dag.py:4180} INFO - Setting next_dagrun for example_kubernetes_executor to None, run_after=None
[2024-10-22T09:03:35.655+0000] {processor.py:208} INFO - Processing /home/airflow/.local/lib/python3.12/site-packages/airflow/example_dags/example_kubernetes_executor.py took 0.271 seconds
[2024-10-22T09:04:06.139+0000] {processor.py:186} INFO - Started process (PID=96211) to work on /home/airflow/.local/lib/python3.12/site-packages/airflow/example_dags/example_kubernetes_executor.py
[2024-10-22T09:04:06.141+0000] {processor.py:914} INFO - Processing file /home/airflow/.local/lib/python3.12/site-packages/airflow/example_dags/example_kubernetes_executor.py for tasks to queue
[2024-10-22T09:04:06.144+0000] {logging_mixin.py:190} INFO - [2024-10-22T09:04:06.143+0000] {dagbag.py:588} INFO - Filling up the DagBag from /home/airflow/.local/lib/python3.12/site-packages/airflow/example_dags/example_kubernetes_executor.py
[2024-10-22T09:04:06.186+0000] {processor.py:925} INFO - DAG(s) 'example_kubernetes_executor' retrieved from /home/airflow/.local/lib/python3.12/site-packages/airflow/example_dags/example_kubernetes_executor.py
[2024-10-22T09:04:06.317+0000] {logging_mixin.py:190} INFO - [2024-10-22T09:04:06.317+0000] {dag.py:3239} INFO - Sync 1 DAGs
[2024-10-22T09:04:06.358+0000] {logging_mixin.py:190} INFO - [2024-10-22T09:04:06.357+0000] {dag.py:4180} INFO - Setting next_dagrun for example_kubernetes_executor to None, run_after=None
[2024-10-22T09:04:06.400+0000] {processor.py:208} INFO - Processing /home/airflow/.local/lib/python3.12/site-packages/airflow/example_dags/example_kubernetes_executor.py took 0.305 seconds
[2024-10-22T09:04:36.528+0000] {processor.py:186} INFO - Started process (PID=96278) to work on /home/airflow/.local/lib/python3.12/site-packages/airflow/example_dags/example_kubernetes_executor.py
[2024-10-22T09:04:36.543+0000] {processor.py:914} INFO - Processing file /home/airflow/.local/lib/python3.12/site-packages/airflow/example_dags/example_kubernetes_executor.py for tasks to queue
[2024-10-22T09:04:36.556+0000] {logging_mixin.py:190} INFO - [2024-10-22T09:04:36.551+0000] {dagbag.py:588} INFO - Filling up the DagBag from /home/airflow/.local/lib/python3.12/site-packages/airflow/example_dags/example_kubernetes_executor.py
[2024-10-22T09:04:36.661+0000] {processor.py:925} INFO - DAG(s) 'example_kubernetes_executor' retrieved from /home/airflow/.local/lib/python3.12/site-packages/airflow/example_dags/example_kubernetes_executor.py
[2024-10-22T09:04:37.028+0000] {logging_mixin.py:190} INFO - [2024-10-22T09:04:37.027+0000] {dag.py:3239} INFO - Sync 1 DAGs
[2024-10-22T09:04:37.146+0000] {logging_mixin.py:190} INFO - [2024-10-22T09:04:37.140+0000] {dag.py:4180} INFO - Setting next_dagrun for example_kubernetes_executor to None, run_after=None
[2024-10-22T09:04:37.411+0000] {processor.py:208} INFO - Processing /home/airflow/.local/lib/python3.12/site-packages/airflow/example_dags/example_kubernetes_executor.py took 0.946 seconds
[2024-10-22T09:05:07.690+0000] {processor.py:186} INFO - Started process (PID=96345) to work on /home/airflow/.local/lib/python3.12/site-packages/airflow/example_dags/example_kubernetes_executor.py
[2024-10-22T09:05:07.694+0000] {processor.py:914} INFO - Processing file /home/airflow/.local/lib/python3.12/site-packages/airflow/example_dags/example_kubernetes_executor.py for tasks to queue
[2024-10-22T09:05:07.704+0000] {logging_mixin.py:190} INFO - [2024-10-22T09:05:07.701+0000] {dagbag.py:588} INFO - Filling up the DagBag from /home/airflow/.local/lib/python3.12/site-packages/airflow/example_dags/example_kubernetes_executor.py
[2024-10-22T09:05:07.799+0000] {processor.py:925} INFO - DAG(s) 'example_kubernetes_executor' retrieved from /home/airflow/.local/lib/python3.12/site-packages/airflow/example_dags/example_kubernetes_executor.py
[2024-10-22T09:05:08.580+0000] {logging_mixin.py:190} INFO - [2024-10-22T09:05:08.578+0000] {dag.py:3239} INFO - Sync 1 DAGs
[2024-10-22T09:05:08.726+0000] {logging_mixin.py:190} INFO - [2024-10-22T09:05:08.725+0000] {dag.py:4180} INFO - Setting next_dagrun for example_kubernetes_executor to None, run_after=None
[2024-10-22T09:05:08.832+0000] {processor.py:208} INFO - Processing /home/airflow/.local/lib/python3.12/site-packages/airflow/example_dags/example_kubernetes_executor.py took 1.186 seconds
[2024-10-22T09:05:44.937+0000] {processor.py:186} INFO - Started process (PID=96414) to work on /home/airflow/.local/lib/python3.12/site-packages/airflow/example_dags/example_kubernetes_executor.py
[2024-10-22T09:05:44.946+0000] {processor.py:914} INFO - Processing file /home/airflow/.local/lib/python3.12/site-packages/airflow/example_dags/example_kubernetes_executor.py for tasks to queue
[2024-10-22T09:05:44.957+0000] {logging_mixin.py:190} INFO - [2024-10-22T09:05:44.955+0000] {dagbag.py:588} INFO - Filling up the DagBag from /home/airflow/.local/lib/python3.12/site-packages/airflow/example_dags/example_kubernetes_executor.py
[2024-10-22T09:05:45.029+0000] {processor.py:925} INFO - DAG(s) 'example_kubernetes_executor' retrieved from /home/airflow/.local/lib/python3.12/site-packages/airflow/example_dags/example_kubernetes_executor.py
[2024-10-22T09:05:45.410+0000] {logging_mixin.py:190} INFO - [2024-10-22T09:05:45.406+0000] {dag.py:3239} INFO - Sync 1 DAGs
[2024-10-22T09:05:45.558+0000] {logging_mixin.py:190} INFO - [2024-10-22T09:05:45.556+0000] {dag.py:4180} INFO - Setting next_dagrun for example_kubernetes_executor to None, run_after=None
[2024-10-22T09:05:45.857+0000] {processor.py:208} INFO - Processing /home/airflow/.local/lib/python3.12/site-packages/airflow/example_dags/example_kubernetes_executor.py took 0.983 seconds
[2024-10-22T09:06:58.035+0000] {processor.py:186} INFO - Started process (PID=96478) to work on /home/airflow/.local/lib/python3.12/site-packages/airflow/example_dags/example_kubernetes_executor.py
[2024-10-22T09:06:58.049+0000] {processor.py:914} INFO - Processing file /home/airflow/.local/lib/python3.12/site-packages/airflow/example_dags/example_kubernetes_executor.py for tasks to queue
[2024-10-22T09:06:58.060+0000] {logging_mixin.py:190} INFO - [2024-10-22T09:06:58.057+0000] {dagbag.py:588} INFO - Filling up the DagBag from /home/airflow/.local/lib/python3.12/site-packages/airflow/example_dags/example_kubernetes_executor.py
[2024-10-22T09:06:58.215+0000] {processor.py:925} INFO - DAG(s) 'example_kubernetes_executor' retrieved from /home/airflow/.local/lib/python3.12/site-packages/airflow/example_dags/example_kubernetes_executor.py
[2024-10-22T09:06:59.069+0000] {logging_mixin.py:190} INFO - [2024-10-22T09:06:59.067+0000] {dag.py:3239} INFO - Sync 1 DAGs
[2024-10-22T09:06:59.390+0000] {logging_mixin.py:190} INFO - [2024-10-22T09:06:59.383+0000] {dag.py:4180} INFO - Setting next_dagrun for example_kubernetes_executor to None, run_after=None
[2024-10-22T09:06:59.771+0000] {processor.py:208} INFO - Processing /home/airflow/.local/lib/python3.12/site-packages/airflow/example_dags/example_kubernetes_executor.py took 1.809 seconds
[2024-10-22T09:07:46.548+0000] {processor.py:186} INFO - Started process (PID=96545) to work on /home/airflow/.local/lib/python3.12/site-packages/airflow/example_dags/example_kubernetes_executor.py
[2024-10-22T09:07:46.552+0000] {processor.py:914} INFO - Processing file /home/airflow/.local/lib/python3.12/site-packages/airflow/example_dags/example_kubernetes_executor.py for tasks to queue
[2024-10-22T09:07:46.559+0000] {logging_mixin.py:190} INFO - [2024-10-22T09:07:46.556+0000] {dagbag.py:588} INFO - Filling up the DagBag from /home/airflow/.local/lib/python3.12/site-packages/airflow/example_dags/example_kubernetes_executor.py
[2024-10-22T09:07:46.619+0000] {processor.py:925} INFO - DAG(s) 'example_kubernetes_executor' retrieved from /home/airflow/.local/lib/python3.12/site-packages/airflow/example_dags/example_kubernetes_executor.py
[2024-10-22T09:07:46.891+0000] {logging_mixin.py:190} INFO - [2024-10-22T09:07:46.889+0000] {dag.py:3239} INFO - Sync 1 DAGs
[2024-10-22T09:07:46.972+0000] {logging_mixin.py:190} INFO - [2024-10-22T09:07:46.970+0000] {dag.py:4180} INFO - Setting next_dagrun for example_kubernetes_executor to None, run_after=None
[2024-10-22T09:07:47.060+0000] {processor.py:208} INFO - Processing /home/airflow/.local/lib/python3.12/site-packages/airflow/example_dags/example_kubernetes_executor.py took 0.545 seconds
[2024-10-22T09:08:17.628+0000] {processor.py:186} INFO - Started process (PID=96612) to work on /home/airflow/.local/lib/python3.12/site-packages/airflow/example_dags/example_kubernetes_executor.py
[2024-10-22T09:08:17.631+0000] {processor.py:914} INFO - Processing file /home/airflow/.local/lib/python3.12/site-packages/airflow/example_dags/example_kubernetes_executor.py for tasks to queue
[2024-10-22T09:08:17.639+0000] {logging_mixin.py:190} INFO - [2024-10-22T09:08:17.638+0000] {dagbag.py:588} INFO - Filling up the DagBag from /home/airflow/.local/lib/python3.12/site-packages/airflow/example_dags/example_kubernetes_executor.py
[2024-10-22T09:08:17.693+0000] {processor.py:925} INFO - DAG(s) 'example_kubernetes_executor' retrieved from /home/airflow/.local/lib/python3.12/site-packages/airflow/example_dags/example_kubernetes_executor.py
[2024-10-22T09:08:17.901+0000] {logging_mixin.py:190} INFO - [2024-10-22T09:08:17.901+0000] {dag.py:3239} INFO - Sync 1 DAGs
[2024-10-22T09:08:17.965+0000] {logging_mixin.py:190} INFO - [2024-10-22T09:08:17.965+0000] {dag.py:4180} INFO - Setting next_dagrun for example_kubernetes_executor to None, run_after=None
[2024-10-22T09:08:18.046+0000] {processor.py:208} INFO - Processing /home/airflow/.local/lib/python3.12/site-packages/airflow/example_dags/example_kubernetes_executor.py took 0.447 seconds
[2024-10-22T09:08:50.048+0000] {processor.py:186} INFO - Started process (PID=96680) to work on /home/airflow/.local/lib/python3.12/site-packages/airflow/example_dags/example_kubernetes_executor.py
[2024-10-22T09:08:50.057+0000] {processor.py:914} INFO - Processing file /home/airflow/.local/lib/python3.12/site-packages/airflow/example_dags/example_kubernetes_executor.py for tasks to queue
[2024-10-22T09:08:50.073+0000] {logging_mixin.py:190} INFO - [2024-10-22T09:08:50.069+0000] {dagbag.py:588} INFO - Filling up the DagBag from /home/airflow/.local/lib/python3.12/site-packages/airflow/example_dags/example_kubernetes_executor.py
[2024-10-22T09:08:50.142+0000] {processor.py:925} INFO - DAG(s) 'example_kubernetes_executor' retrieved from /home/airflow/.local/lib/python3.12/site-packages/airflow/example_dags/example_kubernetes_executor.py
[2024-10-22T09:08:50.404+0000] {logging_mixin.py:190} INFO - [2024-10-22T09:08:50.403+0000] {dag.py:3239} INFO - Sync 1 DAGs
[2024-10-22T09:08:50.458+0000] {logging_mixin.py:190} INFO - [2024-10-22T09:08:50.457+0000] {dag.py:4180} INFO - Setting next_dagrun for example_kubernetes_executor to None, run_after=None
[2024-10-22T09:08:50.548+0000] {processor.py:208} INFO - Processing /home/airflow/.local/lib/python3.12/site-packages/airflow/example_dags/example_kubernetes_executor.py took 0.546 seconds
[2024-10-22T09:09:21.400+0000] {processor.py:186} INFO - Started process (PID=96753) to work on /home/airflow/.local/lib/python3.12/site-packages/airflow/example_dags/example_kubernetes_executor.py
[2024-10-22T09:09:21.404+0000] {processor.py:914} INFO - Processing file /home/airflow/.local/lib/python3.12/site-packages/airflow/example_dags/example_kubernetes_executor.py for tasks to queue
[2024-10-22T09:09:21.413+0000] {logging_mixin.py:190} INFO - [2024-10-22T09:09:21.411+0000] {dagbag.py:588} INFO - Filling up the DagBag from /home/airflow/.local/lib/python3.12/site-packages/airflow/example_dags/example_kubernetes_executor.py
[2024-10-22T09:09:21.483+0000] {processor.py:925} INFO - DAG(s) 'example_kubernetes_executor' retrieved from /home/airflow/.local/lib/python3.12/site-packages/airflow/example_dags/example_kubernetes_executor.py
[2024-10-22T09:09:21.751+0000] {logging_mixin.py:190} INFO - [2024-10-22T09:09:21.750+0000] {dag.py:3239} INFO - Sync 1 DAGs
[2024-10-22T09:09:21.809+0000] {logging_mixin.py:190} INFO - [2024-10-22T09:09:21.808+0000] {dag.py:4180} INFO - Setting next_dagrun for example_kubernetes_executor to None, run_after=None
[2024-10-22T09:09:21.888+0000] {processor.py:208} INFO - Processing /home/airflow/.local/lib/python3.12/site-packages/airflow/example_dags/example_kubernetes_executor.py took 0.519 seconds
[2024-10-22T09:09:59.594+0000] {processor.py:186} INFO - Started process (PID=96820) to work on /home/airflow/.local/lib/python3.12/site-packages/airflow/example_dags/example_kubernetes_executor.py
[2024-10-22T09:09:59.605+0000] {processor.py:914} INFO - Processing file /home/airflow/.local/lib/python3.12/site-packages/airflow/example_dags/example_kubernetes_executor.py for tasks to queue
[2024-10-22T09:09:59.626+0000] {logging_mixin.py:190} INFO - [2024-10-22T09:09:59.612+0000] {dagbag.py:588} INFO - Filling up the DagBag from /home/airflow/.local/lib/python3.12/site-packages/airflow/example_dags/example_kubernetes_executor.py
[2024-10-22T09:09:59.889+0000] {processor.py:925} INFO - DAG(s) 'example_kubernetes_executor' retrieved from /home/airflow/.local/lib/python3.12/site-packages/airflow/example_dags/example_kubernetes_executor.py
[2024-10-22T09:10:00.796+0000] {logging_mixin.py:190} INFO - [2024-10-22T09:10:00.793+0000] {dag.py:3239} INFO - Sync 1 DAGs
[2024-10-22T09:10:01.254+0000] {logging_mixin.py:190} INFO - [2024-10-22T09:10:01.252+0000] {dag.py:4180} INFO - Setting next_dagrun for example_kubernetes_executor to None, run_after=None
[2024-10-22T09:10:01.768+0000] {processor.py:208} INFO - Processing /home/airflow/.local/lib/python3.12/site-packages/airflow/example_dags/example_kubernetes_executor.py took 2.273 seconds
[2024-10-22T09:10:34.263+0000] {processor.py:186} INFO - Started process (PID=96889) to work on /home/airflow/.local/lib/python3.12/site-packages/airflow/example_dags/example_kubernetes_executor.py
[2024-10-22T09:10:34.265+0000] {processor.py:914} INFO - Processing file /home/airflow/.local/lib/python3.12/site-packages/airflow/example_dags/example_kubernetes_executor.py for tasks to queue
[2024-10-22T09:10:34.274+0000] {logging_mixin.py:190} INFO - [2024-10-22T09:10:34.272+0000] {dagbag.py:588} INFO - Filling up the DagBag from /home/airflow/.local/lib/python3.12/site-packages/airflow/example_dags/example_kubernetes_executor.py
[2024-10-22T09:10:34.384+0000] {processor.py:925} INFO - DAG(s) 'example_kubernetes_executor' retrieved from /home/airflow/.local/lib/python3.12/site-packages/airflow/example_dags/example_kubernetes_executor.py
[2024-10-22T09:10:34.585+0000] {logging_mixin.py:190} INFO - [2024-10-22T09:10:34.584+0000] {dag.py:3239} INFO - Sync 1 DAGs
[2024-10-22T09:10:34.641+0000] {logging_mixin.py:190} INFO - [2024-10-22T09:10:34.640+0000] {dag.py:4180} INFO - Setting next_dagrun for example_kubernetes_executor to None, run_after=None
[2024-10-22T09:10:34.687+0000] {processor.py:208} INFO - Processing /home/airflow/.local/lib/python3.12/site-packages/airflow/example_dags/example_kubernetes_executor.py took 0.460 seconds
[2024-10-22T09:11:04.954+0000] {processor.py:186} INFO - Started process (PID=96955) to work on /home/airflow/.local/lib/python3.12/site-packages/airflow/example_dags/example_kubernetes_executor.py
[2024-10-22T09:11:04.956+0000] {processor.py:914} INFO - Processing file /home/airflow/.local/lib/python3.12/site-packages/airflow/example_dags/example_kubernetes_executor.py for tasks to queue
[2024-10-22T09:11:04.958+0000] {logging_mixin.py:190} INFO - [2024-10-22T09:11:04.958+0000] {dagbag.py:588} INFO - Filling up the DagBag from /home/airflow/.local/lib/python3.12/site-packages/airflow/example_dags/example_kubernetes_executor.py
[2024-10-22T09:11:04.987+0000] {processor.py:925} INFO - DAG(s) 'example_kubernetes_executor' retrieved from /home/airflow/.local/lib/python3.12/site-packages/airflow/example_dags/example_kubernetes_executor.py
[2024-10-22T09:11:05.094+0000] {logging_mixin.py:190} INFO - [2024-10-22T09:11:05.093+0000] {dag.py:3239} INFO - Sync 1 DAGs
[2024-10-22T09:11:05.130+0000] {logging_mixin.py:190} INFO - [2024-10-22T09:11:05.129+0000] {dag.py:4180} INFO - Setting next_dagrun for example_kubernetes_executor to None, run_after=None
[2024-10-22T09:11:05.164+0000] {processor.py:208} INFO - Processing /home/airflow/.local/lib/python3.12/site-packages/airflow/example_dags/example_kubernetes_executor.py took 0.225 seconds
[2024-10-22T09:11:35.254+0000] {processor.py:186} INFO - Started process (PID=97022) to work on /home/airflow/.local/lib/python3.12/site-packages/airflow/example_dags/example_kubernetes_executor.py
[2024-10-22T09:11:35.255+0000] {processor.py:914} INFO - Processing file /home/airflow/.local/lib/python3.12/site-packages/airflow/example_dags/example_kubernetes_executor.py for tasks to queue
[2024-10-22T09:11:35.257+0000] {logging_mixin.py:190} INFO - [2024-10-22T09:11:35.257+0000] {dagbag.py:588} INFO - Filling up the DagBag from /home/airflow/.local/lib/python3.12/site-packages/airflow/example_dags/example_kubernetes_executor.py
[2024-10-22T09:11:35.275+0000] {processor.py:925} INFO - DAG(s) 'example_kubernetes_executor' retrieved from /home/airflow/.local/lib/python3.12/site-packages/airflow/example_dags/example_kubernetes_executor.py
[2024-10-22T09:11:35.339+0000] {logging_mixin.py:190} INFO - [2024-10-22T09:11:35.338+0000] {dag.py:3239} INFO - Sync 1 DAGs
[2024-10-22T09:11:35.364+0000] {logging_mixin.py:190} INFO - [2024-10-22T09:11:35.364+0000] {dag.py:4180} INFO - Setting next_dagrun for example_kubernetes_executor to None, run_after=None
[2024-10-22T09:11:35.389+0000] {processor.py:208} INFO - Processing /home/airflow/.local/lib/python3.12/site-packages/airflow/example_dags/example_kubernetes_executor.py took 0.145 seconds
[2024-10-22T09:12:05.875+0000] {processor.py:186} INFO - Started process (PID=97089) to work on /home/airflow/.local/lib/python3.12/site-packages/airflow/example_dags/example_kubernetes_executor.py
[2024-10-22T09:12:05.877+0000] {processor.py:914} INFO - Processing file /home/airflow/.local/lib/python3.12/site-packages/airflow/example_dags/example_kubernetes_executor.py for tasks to queue
[2024-10-22T09:12:05.878+0000] {logging_mixin.py:190} INFO - [2024-10-22T09:12:05.878+0000] {dagbag.py:588} INFO - Filling up the DagBag from /home/airflow/.local/lib/python3.12/site-packages/airflow/example_dags/example_kubernetes_executor.py
[2024-10-22T09:12:05.894+0000] {processor.py:925} INFO - DAG(s) 'example_kubernetes_executor' retrieved from /home/airflow/.local/lib/python3.12/site-packages/airflow/example_dags/example_kubernetes_executor.py
[2024-10-22T09:12:05.947+0000] {logging_mixin.py:190} INFO - [2024-10-22T09:12:05.947+0000] {dag.py:3239} INFO - Sync 1 DAGs
[2024-10-22T09:12:05.964+0000] {logging_mixin.py:190} INFO - [2024-10-22T09:12:05.963+0000] {dag.py:4180} INFO - Setting next_dagrun for example_kubernetes_executor to None, run_after=None
[2024-10-22T09:12:05.983+0000] {processor.py:208} INFO - Processing /home/airflow/.local/lib/python3.12/site-packages/airflow/example_dags/example_kubernetes_executor.py took 0.115 seconds
[2024-10-22T09:12:36.889+0000] {processor.py:186} INFO - Started process (PID=97156) to work on /home/airflow/.local/lib/python3.12/site-packages/airflow/example_dags/example_kubernetes_executor.py
[2024-10-22T09:12:36.893+0000] {processor.py:914} INFO - Processing file /home/airflow/.local/lib/python3.12/site-packages/airflow/example_dags/example_kubernetes_executor.py for tasks to queue
[2024-10-22T09:12:36.896+0000] {logging_mixin.py:190} INFO - [2024-10-22T09:12:36.896+0000] {dagbag.py:588} INFO - Filling up the DagBag from /home/airflow/.local/lib/python3.12/site-packages/airflow/example_dags/example_kubernetes_executor.py
[2024-10-22T09:12:36.931+0000] {processor.py:925} INFO - DAG(s) 'example_kubernetes_executor' retrieved from /home/airflow/.local/lib/python3.12/site-packages/airflow/example_dags/example_kubernetes_executor.py
[2024-10-22T09:12:37.046+0000] {logging_mixin.py:190} INFO - [2024-10-22T09:12:37.046+0000] {dag.py:3239} INFO - Sync 1 DAGs
[2024-10-22T09:12:37.083+0000] {logging_mixin.py:190} INFO - [2024-10-22T09:12:37.082+0000] {dag.py:4180} INFO - Setting next_dagrun for example_kubernetes_executor to None, run_after=None
[2024-10-22T09:12:37.122+0000] {processor.py:208} INFO - Processing /home/airflow/.local/lib/python3.12/site-packages/airflow/example_dags/example_kubernetes_executor.py took 0.255 seconds
[2024-10-22T09:13:08.709+0000] {processor.py:186} INFO - Started process (PID=97225) to work on /home/airflow/.local/lib/python3.12/site-packages/airflow/example_dags/example_kubernetes_executor.py
[2024-10-22T09:13:08.714+0000] {processor.py:914} INFO - Processing file /home/airflow/.local/lib/python3.12/site-packages/airflow/example_dags/example_kubernetes_executor.py for tasks to queue
[2024-10-22T09:13:08.718+0000] {logging_mixin.py:190} INFO - [2024-10-22T09:13:08.716+0000] {dagbag.py:588} INFO - Filling up the DagBag from /home/airflow/.local/lib/python3.12/site-packages/airflow/example_dags/example_kubernetes_executor.py
[2024-10-22T09:13:08.765+0000] {processor.py:925} INFO - DAG(s) 'example_kubernetes_executor' retrieved from /home/airflow/.local/lib/python3.12/site-packages/airflow/example_dags/example_kubernetes_executor.py
[2024-10-22T09:13:08.899+0000] {logging_mixin.py:190} INFO - [2024-10-22T09:13:08.898+0000] {dag.py:3239} INFO - Sync 1 DAGs
[2024-10-22T09:13:08.947+0000] {logging_mixin.py:190} INFO - [2024-10-22T09:13:08.946+0000] {dag.py:4180} INFO - Setting next_dagrun for example_kubernetes_executor to None, run_after=None
[2024-10-22T09:13:09.001+0000] {processor.py:208} INFO - Processing /home/airflow/.local/lib/python3.12/site-packages/airflow/example_dags/example_kubernetes_executor.py took 0.324 seconds
[2024-10-22T09:13:54.594+0000] {processor.py:186} INFO - Started process (PID=97292) to work on /home/airflow/.local/lib/python3.12/site-packages/airflow/example_dags/example_kubernetes_executor.py
[2024-10-22T09:13:54.645+0000] {processor.py:914} INFO - Processing file /home/airflow/.local/lib/python3.12/site-packages/airflow/example_dags/example_kubernetes_executor.py for tasks to queue
[2024-10-22T09:13:54.694+0000] {logging_mixin.py:190} INFO - [2024-10-22T09:13:54.691+0000] {dagbag.py:588} INFO - Filling up the DagBag from /home/airflow/.local/lib/python3.12/site-packages/airflow/example_dags/example_kubernetes_executor.py
[2024-10-22T09:13:55.102+0000] {processor.py:925} INFO - DAG(s) 'example_kubernetes_executor' retrieved from /home/airflow/.local/lib/python3.12/site-packages/airflow/example_dags/example_kubernetes_executor.py
[2024-10-22T09:13:55.846+0000] {logging_mixin.py:190} INFO - [2024-10-22T09:13:55.843+0000] {dag.py:3239} INFO - Sync 1 DAGs
[2024-10-22T09:13:56.150+0000] {logging_mixin.py:190} INFO - [2024-10-22T09:13:56.138+0000] {dag.py:4180} INFO - Setting next_dagrun for example_kubernetes_executor to None, run_after=None
[2024-10-22T09:13:56.572+0000] {processor.py:208} INFO - Processing /home/airflow/.local/lib/python3.12/site-packages/airflow/example_dags/example_kubernetes_executor.py took 2.229 seconds
[2024-10-22T09:15:23.783+0000] {processor.py:186} INFO - Started process (PID=97368) to work on /home/airflow/.local/lib/python3.12/site-packages/airflow/example_dags/example_kubernetes_executor.py
[2024-10-22T09:15:23.791+0000] {processor.py:914} INFO - Processing file /home/airflow/.local/lib/python3.12/site-packages/airflow/example_dags/example_kubernetes_executor.py for tasks to queue
[2024-10-22T09:15:23.805+0000] {logging_mixin.py:190} INFO - [2024-10-22T09:15:23.804+0000] {dagbag.py:588} INFO - Filling up the DagBag from /home/airflow/.local/lib/python3.12/site-packages/airflow/example_dags/example_kubernetes_executor.py
[2024-10-22T09:15:23.966+0000] {processor.py:925} INFO - DAG(s) 'example_kubernetes_executor' retrieved from /home/airflow/.local/lib/python3.12/site-packages/airflow/example_dags/example_kubernetes_executor.py
[2024-10-22T09:15:24.232+0000] {logging_mixin.py:190} INFO - [2024-10-22T09:15:24.231+0000] {dag.py:3239} INFO - Sync 1 DAGs
[2024-10-22T09:15:24.292+0000] {logging_mixin.py:190} INFO - [2024-10-22T09:15:24.291+0000] {dag.py:4180} INFO - Setting next_dagrun for example_kubernetes_executor to None, run_after=None
[2024-10-22T09:15:24.360+0000] {processor.py:208} INFO - Processing /home/airflow/.local/lib/python3.12/site-packages/airflow/example_dags/example_kubernetes_executor.py took 0.624 seconds
[2024-10-22T09:15:54.907+0000] {processor.py:186} INFO - Started process (PID=97435) to work on /home/airflow/.local/lib/python3.12/site-packages/airflow/example_dags/example_kubernetes_executor.py
[2024-10-22T09:15:54.911+0000] {processor.py:914} INFO - Processing file /home/airflow/.local/lib/python3.12/site-packages/airflow/example_dags/example_kubernetes_executor.py for tasks to queue
[2024-10-22T09:15:54.924+0000] {logging_mixin.py:190} INFO - [2024-10-22T09:15:54.922+0000] {dagbag.py:588} INFO - Filling up the DagBag from /home/airflow/.local/lib/python3.12/site-packages/airflow/example_dags/example_kubernetes_executor.py
[2024-10-22T09:15:55.043+0000] {processor.py:925} INFO - DAG(s) 'example_kubernetes_executor' retrieved from /home/airflow/.local/lib/python3.12/site-packages/airflow/example_dags/example_kubernetes_executor.py
[2024-10-22T09:15:55.318+0000] {logging_mixin.py:190} INFO - [2024-10-22T09:15:55.317+0000] {dag.py:3239} INFO - Sync 1 DAGs
[2024-10-22T09:15:55.385+0000] {logging_mixin.py:190} INFO - [2024-10-22T09:15:55.379+0000] {dag.py:4180} INFO - Setting next_dagrun for example_kubernetes_executor to None, run_after=None
[2024-10-22T09:15:55.459+0000] {processor.py:208} INFO - Processing /home/airflow/.local/lib/python3.12/site-packages/airflow/example_dags/example_kubernetes_executor.py took 0.597 seconds
[2024-10-22T09:16:26.389+0000] {processor.py:186} INFO - Started process (PID=97501) to work on /home/airflow/.local/lib/python3.12/site-packages/airflow/example_dags/example_kubernetes_executor.py
[2024-10-22T09:16:26.394+0000] {processor.py:914} INFO - Processing file /home/airflow/.local/lib/python3.12/site-packages/airflow/example_dags/example_kubernetes_executor.py for tasks to queue
[2024-10-22T09:16:26.400+0000] {logging_mixin.py:190} INFO - [2024-10-22T09:16:26.399+0000] {dagbag.py:588} INFO - Filling up the DagBag from /home/airflow/.local/lib/python3.12/site-packages/airflow/example_dags/example_kubernetes_executor.py
[2024-10-22T09:16:26.471+0000] {processor.py:925} INFO - DAG(s) 'example_kubernetes_executor' retrieved from /home/airflow/.local/lib/python3.12/site-packages/airflow/example_dags/example_kubernetes_executor.py
[2024-10-22T09:16:26.765+0000] {logging_mixin.py:190} INFO - [2024-10-22T09:16:26.762+0000] {dag.py:3239} INFO - Sync 1 DAGs
[2024-10-22T09:16:26.856+0000] {logging_mixin.py:190} INFO - [2024-10-22T09:16:26.855+0000] {dag.py:4180} INFO - Setting next_dagrun for example_kubernetes_executor to None, run_after=None
[2024-10-22T09:16:26.942+0000] {processor.py:208} INFO - Processing /home/airflow/.local/lib/python3.12/site-packages/airflow/example_dags/example_kubernetes_executor.py took 0.598 seconds
[2024-10-22T09:18:13.572+0000] {processor.py:186} INFO - Started process (PID=97561) to work on /home/airflow/.local/lib/python3.12/site-packages/airflow/example_dags/example_kubernetes_executor.py
[2024-10-22T09:18:13.596+0000] {processor.py:914} INFO - Processing file /home/airflow/.local/lib/python3.12/site-packages/airflow/example_dags/example_kubernetes_executor.py for tasks to queue
[2024-10-22T09:18:13.620+0000] {logging_mixin.py:190} INFO - [2024-10-22T09:18:13.606+0000] {dagbag.py:588} INFO - Filling up the DagBag from /home/airflow/.local/lib/python3.12/site-packages/airflow/example_dags/example_kubernetes_executor.py
[2024-10-22T09:18:14.023+0000] {processor.py:925} INFO - DAG(s) 'example_kubernetes_executor' retrieved from /home/airflow/.local/lib/python3.12/site-packages/airflow/example_dags/example_kubernetes_executor.py
[2024-10-22T09:18:14.754+0000] {logging_mixin.py:190} INFO - [2024-10-22T09:18:14.753+0000] {dag.py:3239} INFO - Sync 1 DAGs
[2024-10-22T09:18:15.235+0000] {logging_mixin.py:190} INFO - [2024-10-22T09:18:15.215+0000] {dag.py:4180} INFO - Setting next_dagrun for example_kubernetes_executor to None, run_after=None
[2024-10-22T09:18:15.867+0000] {processor.py:208} INFO - Processing /home/airflow/.local/lib/python3.12/site-packages/airflow/example_dags/example_kubernetes_executor.py took 2.389 seconds
[2024-10-22T09:21:24.723+0000] {processor.py:186} INFO - Started process (PID=97650) to work on /home/airflow/.local/lib/python3.12/site-packages/airflow/example_dags/example_kubernetes_executor.py
[2024-10-22T09:21:24.746+0000] {processor.py:914} INFO - Processing file /home/airflow/.local/lib/python3.12/site-packages/airflow/example_dags/example_kubernetes_executor.py for tasks to queue
[2024-10-22T09:21:24.795+0000] {logging_mixin.py:190} INFO - [2024-10-22T09:21:24.783+0000] {dagbag.py:588} INFO - Filling up the DagBag from /home/airflow/.local/lib/python3.12/site-packages/airflow/example_dags/example_kubernetes_executor.py
[2024-10-22T09:21:27.248+0000] {processor.py:925} INFO - DAG(s) 'example_kubernetes_executor' retrieved from /home/airflow/.local/lib/python3.12/site-packages/airflow/example_dags/example_kubernetes_executor.py
[2024-10-22T09:21:30.221+0000] {logging_mixin.py:190} INFO - [2024-10-22T09:21:30.219+0000] {dag.py:3239} INFO - Sync 1 DAGs
[2024-10-22T09:21:31.217+0000] {logging_mixin.py:190} INFO - [2024-10-22T09:21:31.212+0000] {dag.py:4180} INFO - Setting next_dagrun for example_kubernetes_executor to None, run_after=None
[2024-10-22T09:21:32.836+0000] {processor.py:208} INFO - Processing /home/airflow/.local/lib/python3.12/site-packages/airflow/example_dags/example_kubernetes_executor.py took 8.471 seconds
[2024-10-22T09:23:44.351+0000] {processor.py:186} INFO - Started process (PID=97722) to work on /home/airflow/.local/lib/python3.12/site-packages/airflow/example_dags/example_kubernetes_executor.py
[2024-10-22T09:23:44.359+0000] {processor.py:914} INFO - Processing file /home/airflow/.local/lib/python3.12/site-packages/airflow/example_dags/example_kubernetes_executor.py for tasks to queue
[2024-10-22T09:23:44.370+0000] {logging_mixin.py:190} INFO - [2024-10-22T09:23:44.366+0000] {dagbag.py:588} INFO - Filling up the DagBag from /home/airflow/.local/lib/python3.12/site-packages/airflow/example_dags/example_kubernetes_executor.py
[2024-10-22T09:23:44.497+0000] {processor.py:925} INFO - DAG(s) 'example_kubernetes_executor' retrieved from /home/airflow/.local/lib/python3.12/site-packages/airflow/example_dags/example_kubernetes_executor.py
[2024-10-22T09:23:44.955+0000] {logging_mixin.py:190} INFO - [2024-10-22T09:23:44.954+0000] {dag.py:3239} INFO - Sync 1 DAGs
[2024-10-22T09:23:45.094+0000] {logging_mixin.py:190} INFO - [2024-10-22T09:23:45.085+0000] {dag.py:4180} INFO - Setting next_dagrun for example_kubernetes_executor to None, run_after=None
[2024-10-22T09:23:45.434+0000] {processor.py:208} INFO - Processing /home/airflow/.local/lib/python3.12/site-packages/airflow/example_dags/example_kubernetes_executor.py took 1.118 seconds
[2024-10-22T09:24:45.282+0000] {processor.py:186} INFO - Started process (PID=97795) to work on /home/airflow/.local/lib/python3.12/site-packages/airflow/example_dags/example_kubernetes_executor.py
[2024-10-22T09:24:45.288+0000] {processor.py:914} INFO - Processing file /home/airflow/.local/lib/python3.12/site-packages/airflow/example_dags/example_kubernetes_executor.py for tasks to queue
[2024-10-22T09:24:45.302+0000] {logging_mixin.py:190} INFO - [2024-10-22T09:24:45.298+0000] {dagbag.py:588} INFO - Filling up the DagBag from /home/airflow/.local/lib/python3.12/site-packages/airflow/example_dags/example_kubernetes_executor.py
[2024-10-22T09:24:45.445+0000] {processor.py:925} INFO - DAG(s) 'example_kubernetes_executor' retrieved from /home/airflow/.local/lib/python3.12/site-packages/airflow/example_dags/example_kubernetes_executor.py
[2024-10-22T09:24:46.493+0000] {logging_mixin.py:190} INFO - [2024-10-22T09:24:46.478+0000] {dag.py:3239} INFO - Sync 1 DAGs
[2024-10-22T09:24:46.918+0000] {logging_mixin.py:190} INFO - [2024-10-22T09:24:46.917+0000] {dag.py:4180} INFO - Setting next_dagrun for example_kubernetes_executor to None, run_after=None
[2024-10-22T09:24:47.333+0000] {processor.py:208} INFO - Processing /home/airflow/.local/lib/python3.12/site-packages/airflow/example_dags/example_kubernetes_executor.py took 2.126 seconds
[2024-10-22T09:25:48.398+0000] {processor.py:186} INFO - Started process (PID=97866) to work on /home/airflow/.local/lib/python3.12/site-packages/airflow/example_dags/example_kubernetes_executor.py
[2024-10-22T09:25:48.408+0000] {processor.py:914} INFO - Processing file /home/airflow/.local/lib/python3.12/site-packages/airflow/example_dags/example_kubernetes_executor.py for tasks to queue
[2024-10-22T09:25:48.428+0000] {logging_mixin.py:190} INFO - [2024-10-22T09:25:48.422+0000] {dagbag.py:588} INFO - Filling up the DagBag from /home/airflow/.local/lib/python3.12/site-packages/airflow/example_dags/example_kubernetes_executor.py
[2024-10-22T09:25:48.583+0000] {processor.py:925} INFO - DAG(s) 'example_kubernetes_executor' retrieved from /home/airflow/.local/lib/python3.12/site-packages/airflow/example_dags/example_kubernetes_executor.py
[2024-10-22T09:25:48.956+0000] {logging_mixin.py:190} INFO - [2024-10-22T09:25:48.952+0000] {dag.py:3239} INFO - Sync 1 DAGs
[2024-10-22T09:25:49.166+0000] {logging_mixin.py:190} INFO - [2024-10-22T09:25:49.159+0000] {dag.py:4180} INFO - Setting next_dagrun for example_kubernetes_executor to None, run_after=None
[2024-10-22T09:25:49.334+0000] {processor.py:208} INFO - Processing /home/airflow/.local/lib/python3.12/site-packages/airflow/example_dags/example_kubernetes_executor.py took 1.101 seconds
[2024-10-22T09:26:19.649+0000] {processor.py:186} INFO - Started process (PID=97935) to work on /home/airflow/.local/lib/python3.12/site-packages/airflow/example_dags/example_kubernetes_executor.py
[2024-10-22T09:26:19.659+0000] {processor.py:914} INFO - Processing file /home/airflow/.local/lib/python3.12/site-packages/airflow/example_dags/example_kubernetes_executor.py for tasks to queue
[2024-10-22T09:26:19.682+0000] {logging_mixin.py:190} INFO - [2024-10-22T09:26:19.675+0000] {dagbag.py:588} INFO - Filling up the DagBag from /home/airflow/.local/lib/python3.12/site-packages/airflow/example_dags/example_kubernetes_executor.py
[2024-10-22T09:26:19.769+0000] {processor.py:925} INFO - DAG(s) 'example_kubernetes_executor' retrieved from /home/airflow/.local/lib/python3.12/site-packages/airflow/example_dags/example_kubernetes_executor.py
[2024-10-22T09:26:19.989+0000] {logging_mixin.py:190} INFO - [2024-10-22T09:26:19.988+0000] {dag.py:3239} INFO - Sync 1 DAGs
[2024-10-22T09:26:20.051+0000] {logging_mixin.py:190} INFO - [2024-10-22T09:26:20.050+0000] {dag.py:4180} INFO - Setting next_dagrun for example_kubernetes_executor to None, run_after=None
[2024-10-22T09:26:20.136+0000] {processor.py:208} INFO - Processing /home/airflow/.local/lib/python3.12/site-packages/airflow/example_dags/example_kubernetes_executor.py took 0.517 seconds
[2024-10-22T09:26:50.539+0000] {processor.py:186} INFO - Started process (PID=98002) to work on /home/airflow/.local/lib/python3.12/site-packages/airflow/example_dags/example_kubernetes_executor.py
[2024-10-22T09:26:50.542+0000] {processor.py:914} INFO - Processing file /home/airflow/.local/lib/python3.12/site-packages/airflow/example_dags/example_kubernetes_executor.py for tasks to queue
[2024-10-22T09:26:50.549+0000] {logging_mixin.py:190} INFO - [2024-10-22T09:26:50.546+0000] {dagbag.py:588} INFO - Filling up the DagBag from /home/airflow/.local/lib/python3.12/site-packages/airflow/example_dags/example_kubernetes_executor.py
[2024-10-22T09:26:50.611+0000] {processor.py:925} INFO - DAG(s) 'example_kubernetes_executor' retrieved from /home/airflow/.local/lib/python3.12/site-packages/airflow/example_dags/example_kubernetes_executor.py
[2024-10-22T09:26:50.882+0000] {logging_mixin.py:190} INFO - [2024-10-22T09:26:50.881+0000] {dag.py:3239} INFO - Sync 1 DAGs
[2024-10-22T09:26:50.938+0000] {logging_mixin.py:190} INFO - [2024-10-22T09:26:50.937+0000] {dag.py:4180} INFO - Setting next_dagrun for example_kubernetes_executor to None, run_after=None
[2024-10-22T09:26:51.005+0000] {processor.py:208} INFO - Processing /home/airflow/.local/lib/python3.12/site-packages/airflow/example_dags/example_kubernetes_executor.py took 0.495 seconds
[2024-10-22T09:27:21.281+0000] {processor.py:186} INFO - Started process (PID=98068) to work on /home/airflow/.local/lib/python3.12/site-packages/airflow/example_dags/example_kubernetes_executor.py
[2024-10-22T09:27:21.286+0000] {processor.py:914} INFO - Processing file /home/airflow/.local/lib/python3.12/site-packages/airflow/example_dags/example_kubernetes_executor.py for tasks to queue
[2024-10-22T09:27:21.290+0000] {logging_mixin.py:190} INFO - [2024-10-22T09:27:21.289+0000] {dagbag.py:588} INFO - Filling up the DagBag from /home/airflow/.local/lib/python3.12/site-packages/airflow/example_dags/example_kubernetes_executor.py
[2024-10-22T09:27:21.350+0000] {processor.py:925} INFO - DAG(s) 'example_kubernetes_executor' retrieved from /home/airflow/.local/lib/python3.12/site-packages/airflow/example_dags/example_kubernetes_executor.py
[2024-10-22T09:27:21.589+0000] {logging_mixin.py:190} INFO - [2024-10-22T09:27:21.588+0000] {dag.py:3239} INFO - Sync 1 DAGs
[2024-10-22T09:27:21.649+0000] {logging_mixin.py:190} INFO - [2024-10-22T09:27:21.648+0000] {dag.py:4180} INFO - Setting next_dagrun for example_kubernetes_executor to None, run_after=None
[2024-10-22T09:27:21.720+0000] {processor.py:208} INFO - Processing /home/airflow/.local/lib/python3.12/site-packages/airflow/example_dags/example_kubernetes_executor.py took 0.467 seconds
[2024-10-22T09:27:52.283+0000] {processor.py:186} INFO - Started process (PID=98135) to work on /home/airflow/.local/lib/python3.12/site-packages/airflow/example_dags/example_kubernetes_executor.py
[2024-10-22T09:27:52.289+0000] {processor.py:914} INFO - Processing file /home/airflow/.local/lib/python3.12/site-packages/airflow/example_dags/example_kubernetes_executor.py for tasks to queue
[2024-10-22T09:27:52.303+0000] {logging_mixin.py:190} INFO - [2024-10-22T09:27:52.300+0000] {dagbag.py:588} INFO - Filling up the DagBag from /home/airflow/.local/lib/python3.12/site-packages/airflow/example_dags/example_kubernetes_executor.py
[2024-10-22T09:27:52.477+0000] {processor.py:925} INFO - DAG(s) 'example_kubernetes_executor' retrieved from /home/airflow/.local/lib/python3.12/site-packages/airflow/example_dags/example_kubernetes_executor.py
[2024-10-22T09:27:53.290+0000] {logging_mixin.py:190} INFO - [2024-10-22T09:27:53.285+0000] {dag.py:3239} INFO - Sync 1 DAGs
[2024-10-22T09:27:53.461+0000] {logging_mixin.py:190} INFO - [2024-10-22T09:27:53.459+0000] {dag.py:4180} INFO - Setting next_dagrun for example_kubernetes_executor to None, run_after=None
[2024-10-22T09:27:53.662+0000] {processor.py:208} INFO - Processing /home/airflow/.local/lib/python3.12/site-packages/airflow/example_dags/example_kubernetes_executor.py took 1.485 seconds
[2024-10-22T09:28:29.667+0000] {processor.py:186} INFO - Started process (PID=98188) to work on /home/airflow/.local/lib/python3.12/site-packages/airflow/example_dags/example_kubernetes_executor.py
[2024-10-22T09:28:29.671+0000] {processor.py:914} INFO - Processing file /home/airflow/.local/lib/python3.12/site-packages/airflow/example_dags/example_kubernetes_executor.py for tasks to queue
[2024-10-22T09:28:29.677+0000] {logging_mixin.py:190} INFO - [2024-10-22T09:28:29.676+0000] {dagbag.py:588} INFO - Filling up the DagBag from /home/airflow/.local/lib/python3.12/site-packages/airflow/example_dags/example_kubernetes_executor.py
[2024-10-22T09:28:29.744+0000] {processor.py:925} INFO - DAG(s) 'example_kubernetes_executor' retrieved from /home/airflow/.local/lib/python3.12/site-packages/airflow/example_dags/example_kubernetes_executor.py
[2024-10-22T09:28:30.043+0000] {logging_mixin.py:190} INFO - [2024-10-22T09:28:30.042+0000] {dag.py:3239} INFO - Sync 1 DAGs
[2024-10-22T09:28:30.126+0000] {logging_mixin.py:190} INFO - [2024-10-22T09:28:30.125+0000] {dag.py:4180} INFO - Setting next_dagrun for example_kubernetes_executor to None, run_after=None
[2024-10-22T09:28:30.267+0000] {processor.py:208} INFO - Processing /home/airflow/.local/lib/python3.12/site-packages/airflow/example_dags/example_kubernetes_executor.py took 0.641 seconds
[2024-10-22T09:29:01.478+0000] {processor.py:186} INFO - Started process (PID=98255) to work on /home/airflow/.local/lib/python3.12/site-packages/airflow/example_dags/example_kubernetes_executor.py
[2024-10-22T09:29:01.483+0000] {processor.py:914} INFO - Processing file /home/airflow/.local/lib/python3.12/site-packages/airflow/example_dags/example_kubernetes_executor.py for tasks to queue
[2024-10-22T09:29:01.491+0000] {logging_mixin.py:190} INFO - [2024-10-22T09:29:01.489+0000] {dagbag.py:588} INFO - Filling up the DagBag from /home/airflow/.local/lib/python3.12/site-packages/airflow/example_dags/example_kubernetes_executor.py
[2024-10-22T09:29:01.610+0000] {processor.py:925} INFO - DAG(s) 'example_kubernetes_executor' retrieved from /home/airflow/.local/lib/python3.12/site-packages/airflow/example_dags/example_kubernetes_executor.py
[2024-10-22T09:29:01.973+0000] {logging_mixin.py:190} INFO - [2024-10-22T09:29:01.972+0000] {dag.py:3239} INFO - Sync 1 DAGs
[2024-10-22T09:29:02.062+0000] {logging_mixin.py:190} INFO - [2024-10-22T09:29:02.060+0000] {dag.py:4180} INFO - Setting next_dagrun for example_kubernetes_executor to None, run_after=None
[2024-10-22T09:29:02.222+0000] {processor.py:208} INFO - Processing /home/airflow/.local/lib/python3.12/site-packages/airflow/example_dags/example_kubernetes_executor.py took 0.785 seconds
[2024-10-22T09:29:32.596+0000] {processor.py:186} INFO - Started process (PID=98322) to work on /home/airflow/.local/lib/python3.12/site-packages/airflow/example_dags/example_kubernetes_executor.py
[2024-10-22T09:29:32.599+0000] {processor.py:914} INFO - Processing file /home/airflow/.local/lib/python3.12/site-packages/airflow/example_dags/example_kubernetes_executor.py for tasks to queue
[2024-10-22T09:29:32.604+0000] {logging_mixin.py:190} INFO - [2024-10-22T09:29:32.603+0000] {dagbag.py:588} INFO - Filling up the DagBag from /home/airflow/.local/lib/python3.12/site-packages/airflow/example_dags/example_kubernetes_executor.py
[2024-10-22T09:29:32.663+0000] {processor.py:925} INFO - DAG(s) 'example_kubernetes_executor' retrieved from /home/airflow/.local/lib/python3.12/site-packages/airflow/example_dags/example_kubernetes_executor.py
[2024-10-22T09:29:32.893+0000] {logging_mixin.py:190} INFO - [2024-10-22T09:29:32.892+0000] {dag.py:3239} INFO - Sync 1 DAGs
[2024-10-22T09:29:32.976+0000] {logging_mixin.py:190} INFO - [2024-10-22T09:29:32.975+0000] {dag.py:4180} INFO - Setting next_dagrun for example_kubernetes_executor to None, run_after=None
[2024-10-22T09:29:33.052+0000] {processor.py:208} INFO - Processing /home/airflow/.local/lib/python3.12/site-packages/airflow/example_dags/example_kubernetes_executor.py took 0.488 seconds
[2024-10-22T09:30:03.490+0000] {processor.py:186} INFO - Started process (PID=98388) to work on /home/airflow/.local/lib/python3.12/site-packages/airflow/example_dags/example_kubernetes_executor.py
[2024-10-22T09:30:03.493+0000] {processor.py:914} INFO - Processing file /home/airflow/.local/lib/python3.12/site-packages/airflow/example_dags/example_kubernetes_executor.py for tasks to queue
[2024-10-22T09:30:03.499+0000] {logging_mixin.py:190} INFO - [2024-10-22T09:30:03.497+0000] {dagbag.py:588} INFO - Filling up the DagBag from /home/airflow/.local/lib/python3.12/site-packages/airflow/example_dags/example_kubernetes_executor.py
[2024-10-22T09:30:03.554+0000] {processor.py:925} INFO - DAG(s) 'example_kubernetes_executor' retrieved from /home/airflow/.local/lib/python3.12/site-packages/airflow/example_dags/example_kubernetes_executor.py
[2024-10-22T09:30:03.730+0000] {logging_mixin.py:190} INFO - [2024-10-22T09:30:03.729+0000] {dag.py:3239} INFO - Sync 1 DAGs
[2024-10-22T09:30:03.860+0000] {logging_mixin.py:190} INFO - [2024-10-22T09:30:03.860+0000] {dag.py:4180} INFO - Setting next_dagrun for example_kubernetes_executor to None, run_after=None
[2024-10-22T09:30:03.920+0000] {processor.py:208} INFO - Processing /home/airflow/.local/lib/python3.12/site-packages/airflow/example_dags/example_kubernetes_executor.py took 0.460 seconds
[2024-10-22T09:30:34.466+0000] {processor.py:186} INFO - Started process (PID=98455) to work on /home/airflow/.local/lib/python3.12/site-packages/airflow/example_dags/example_kubernetes_executor.py
[2024-10-22T09:30:34.469+0000] {processor.py:914} INFO - Processing file /home/airflow/.local/lib/python3.12/site-packages/airflow/example_dags/example_kubernetes_executor.py for tasks to queue
[2024-10-22T09:30:34.475+0000] {logging_mixin.py:190} INFO - [2024-10-22T09:30:34.473+0000] {dagbag.py:588} INFO - Filling up the DagBag from /home/airflow/.local/lib/python3.12/site-packages/airflow/example_dags/example_kubernetes_executor.py
[2024-10-22T09:30:34.538+0000] {processor.py:925} INFO - DAG(s) 'example_kubernetes_executor' retrieved from /home/airflow/.local/lib/python3.12/site-packages/airflow/example_dags/example_kubernetes_executor.py
[2024-10-22T09:30:34.691+0000] {logging_mixin.py:190} INFO - [2024-10-22T09:30:34.691+0000] {dag.py:3239} INFO - Sync 1 DAGs
[2024-10-22T09:30:34.751+0000] {logging_mixin.py:190} INFO - [2024-10-22T09:30:34.750+0000] {dag.py:4180} INFO - Setting next_dagrun for example_kubernetes_executor to None, run_after=None
[2024-10-22T09:30:34.831+0000] {processor.py:208} INFO - Processing /home/airflow/.local/lib/python3.12/site-packages/airflow/example_dags/example_kubernetes_executor.py took 0.395 seconds
[2024-10-22T09:31:05.152+0000] {processor.py:186} INFO - Started process (PID=98520) to work on /home/airflow/.local/lib/python3.12/site-packages/airflow/example_dags/example_kubernetes_executor.py
[2024-10-22T09:31:05.155+0000] {processor.py:914} INFO - Processing file /home/airflow/.local/lib/python3.12/site-packages/airflow/example_dags/example_kubernetes_executor.py for tasks to queue
[2024-10-22T09:31:05.162+0000] {logging_mixin.py:190} INFO - [2024-10-22T09:31:05.160+0000] {dagbag.py:588} INFO - Filling up the DagBag from /home/airflow/.local/lib/python3.12/site-packages/airflow/example_dags/example_kubernetes_executor.py
[2024-10-22T09:31:05.205+0000] {processor.py:925} INFO - DAG(s) 'example_kubernetes_executor' retrieved from /home/airflow/.local/lib/python3.12/site-packages/airflow/example_dags/example_kubernetes_executor.py
[2024-10-22T09:31:05.364+0000] {logging_mixin.py:190} INFO - [2024-10-22T09:31:05.363+0000] {dag.py:3239} INFO - Sync 1 DAGs
[2024-10-22T09:31:05.421+0000] {logging_mixin.py:190} INFO - [2024-10-22T09:31:05.419+0000] {dag.py:4180} INFO - Setting next_dagrun for example_kubernetes_executor to None, run_after=None
[2024-10-22T09:31:05.495+0000] {processor.py:208} INFO - Processing /home/airflow/.local/lib/python3.12/site-packages/airflow/example_dags/example_kubernetes_executor.py took 0.363 seconds
[2024-10-22T09:31:36.091+0000] {processor.py:186} INFO - Started process (PID=98586) to work on /home/airflow/.local/lib/python3.12/site-packages/airflow/example_dags/example_kubernetes_executor.py
[2024-10-22T09:31:36.095+0000] {processor.py:914} INFO - Processing file /home/airflow/.local/lib/python3.12/site-packages/airflow/example_dags/example_kubernetes_executor.py for tasks to queue
[2024-10-22T09:31:36.100+0000] {logging_mixin.py:190} INFO - [2024-10-22T09:31:36.098+0000] {dagbag.py:588} INFO - Filling up the DagBag from /home/airflow/.local/lib/python3.12/site-packages/airflow/example_dags/example_kubernetes_executor.py
[2024-10-22T09:31:36.169+0000] {processor.py:925} INFO - DAG(s) 'example_kubernetes_executor' retrieved from /home/airflow/.local/lib/python3.12/site-packages/airflow/example_dags/example_kubernetes_executor.py
[2024-10-22T09:31:36.352+0000] {logging_mixin.py:190} INFO - [2024-10-22T09:31:36.351+0000] {dag.py:3239} INFO - Sync 1 DAGs
[2024-10-22T09:31:36.413+0000] {logging_mixin.py:190} INFO - [2024-10-22T09:31:36.412+0000] {dag.py:4180} INFO - Setting next_dagrun for example_kubernetes_executor to None, run_after=None
[2024-10-22T09:31:36.465+0000] {processor.py:208} INFO - Processing /home/airflow/.local/lib/python3.12/site-packages/airflow/example_dags/example_kubernetes_executor.py took 0.396 seconds
[2024-10-22T09:32:07.200+0000] {processor.py:186} INFO - Started process (PID=98653) to work on /home/airflow/.local/lib/python3.12/site-packages/airflow/example_dags/example_kubernetes_executor.py
[2024-10-22T09:32:07.202+0000] {processor.py:914} INFO - Processing file /home/airflow/.local/lib/python3.12/site-packages/airflow/example_dags/example_kubernetes_executor.py for tasks to queue
[2024-10-22T09:32:07.207+0000] {logging_mixin.py:190} INFO - [2024-10-22T09:32:07.206+0000] {dagbag.py:588} INFO - Filling up the DagBag from /home/airflow/.local/lib/python3.12/site-packages/airflow/example_dags/example_kubernetes_executor.py
[2024-10-22T09:32:07.256+0000] {processor.py:925} INFO - DAG(s) 'example_kubernetes_executor' retrieved from /home/airflow/.local/lib/python3.12/site-packages/airflow/example_dags/example_kubernetes_executor.py
[2024-10-22T09:32:07.429+0000] {logging_mixin.py:190} INFO - [2024-10-22T09:32:07.429+0000] {dag.py:3239} INFO - Sync 1 DAGs
[2024-10-22T09:32:07.484+0000] {logging_mixin.py:190} INFO - [2024-10-22T09:32:07.483+0000] {dag.py:4180} INFO - Setting next_dagrun for example_kubernetes_executor to None, run_after=None
[2024-10-22T09:32:07.539+0000] {processor.py:208} INFO - Processing /home/airflow/.local/lib/python3.12/site-packages/airflow/example_dags/example_kubernetes_executor.py took 0.383 seconds
[2024-10-22T09:32:37.675+0000] {processor.py:186} INFO - Started process (PID=98720) to work on /home/airflow/.local/lib/python3.12/site-packages/airflow/example_dags/example_kubernetes_executor.py
[2024-10-22T09:32:37.678+0000] {processor.py:914} INFO - Processing file /home/airflow/.local/lib/python3.12/site-packages/airflow/example_dags/example_kubernetes_executor.py for tasks to queue
[2024-10-22T09:32:37.682+0000] {logging_mixin.py:190} INFO - [2024-10-22T09:32:37.681+0000] {dagbag.py:588} INFO - Filling up the DagBag from /home/airflow/.local/lib/python3.12/site-packages/airflow/example_dags/example_kubernetes_executor.py
[2024-10-22T09:32:37.723+0000] {processor.py:925} INFO - DAG(s) 'example_kubernetes_executor' retrieved from /home/airflow/.local/lib/python3.12/site-packages/airflow/example_dags/example_kubernetes_executor.py
[2024-10-22T09:32:37.895+0000] {logging_mixin.py:190} INFO - [2024-10-22T09:32:37.894+0000] {dag.py:3239} INFO - Sync 1 DAGs
[2024-10-22T09:32:37.979+0000] {logging_mixin.py:190} INFO - [2024-10-22T09:32:37.978+0000] {dag.py:4180} INFO - Setting next_dagrun for example_kubernetes_executor to None, run_after=None
[2024-10-22T09:32:38.048+0000] {processor.py:208} INFO - Processing /home/airflow/.local/lib/python3.12/site-packages/airflow/example_dags/example_kubernetes_executor.py took 0.395 seconds
[2024-10-22T09:33:18.328+0000] {processor.py:186} INFO - Started process (PID=98783) to work on /home/airflow/.local/lib/python3.12/site-packages/airflow/example_dags/example_kubernetes_executor.py
[2024-10-22T09:33:18.343+0000] {processor.py:914} INFO - Processing file /home/airflow/.local/lib/python3.12/site-packages/airflow/example_dags/example_kubernetes_executor.py for tasks to queue
[2024-10-22T09:33:18.357+0000] {logging_mixin.py:190} INFO - [2024-10-22T09:33:18.353+0000] {dagbag.py:588} INFO - Filling up the DagBag from /home/airflow/.local/lib/python3.12/site-packages/airflow/example_dags/example_kubernetes_executor.py
[2024-10-22T09:33:18.764+0000] {processor.py:925} INFO - DAG(s) 'example_kubernetes_executor' retrieved from /home/airflow/.local/lib/python3.12/site-packages/airflow/example_dags/example_kubernetes_executor.py
[2024-10-22T09:33:20.354+0000] {logging_mixin.py:190} INFO - [2024-10-22T09:33:20.312+0000] {dag.py:3239} INFO - Sync 1 DAGs
[2024-10-22T09:33:20.632+0000] {logging_mixin.py:190} INFO - [2024-10-22T09:33:20.631+0000] {dag.py:4180} INFO - Setting next_dagrun for example_kubernetes_executor to None, run_after=None
[2024-10-22T09:33:20.827+0000] {processor.py:208} INFO - Processing /home/airflow/.local/lib/python3.12/site-packages/airflow/example_dags/example_kubernetes_executor.py took 2.656 seconds
[2024-10-22T09:34:59.436+0000] {processor.py:186} INFO - Started process (PID=98867) to work on /home/airflow/.local/lib/python3.12/site-packages/airflow/example_dags/example_kubernetes_executor.py
[2024-10-22T09:34:59.451+0000] {processor.py:914} INFO - Processing file /home/airflow/.local/lib/python3.12/site-packages/airflow/example_dags/example_kubernetes_executor.py for tasks to queue
[2024-10-22T09:34:59.487+0000] {logging_mixin.py:190} INFO - [2024-10-22T09:34:59.476+0000] {dagbag.py:588} INFO - Filling up the DagBag from /home/airflow/.local/lib/python3.12/site-packages/airflow/example_dags/example_kubernetes_executor.py
[2024-10-22T09:34:59.752+0000] {processor.py:925} INFO - DAG(s) 'example_kubernetes_executor' retrieved from /home/airflow/.local/lib/python3.12/site-packages/airflow/example_dags/example_kubernetes_executor.py
[2024-10-22T09:35:02.321+0000] {logging_mixin.py:190} INFO - [2024-10-22T09:35:02.309+0000] {dag.py:3239} INFO - Sync 1 DAGs
[2024-10-22T09:35:02.668+0000] {logging_mixin.py:190} INFO - [2024-10-22T09:35:02.667+0000] {dag.py:4180} INFO - Setting next_dagrun for example_kubernetes_executor to None, run_after=None
[2024-10-22T09:35:03.058+0000] {processor.py:208} INFO - Processing /home/airflow/.local/lib/python3.12/site-packages/airflow/example_dags/example_kubernetes_executor.py took 3.792 seconds
