[2024-10-22T03:19:16.067+0000] {processor.py:186} INFO - Started process (PID=54854) to work on /home/airflow/.local/lib/python3.12/site-packages/airflow/example_dags/example_sensors.py
[2024-10-22T03:19:16.068+0000] {processor.py:914} INFO - Processing file /home/airflow/.local/lib/python3.12/site-packages/airflow/example_dags/example_sensors.py for tasks to queue
[2024-10-22T03:19:16.071+0000] {logging_mixin.py:190} INFO - [2024-10-22T03:19:16.070+0000] {dagbag.py:588} INFO - Filling up the DagBag from /home/airflow/.local/lib/python3.12/site-packages/airflow/example_dags/example_sensors.py
[2024-10-22T03:19:16.084+0000] {processor.py:925} INFO - DAG(s) 'example_sensors' retrieved from /home/airflow/.local/lib/python3.12/site-packages/airflow/example_dags/example_sensors.py
[2024-10-22T03:19:16.123+0000] {logging_mixin.py:190} INFO - [2024-10-22T03:19:16.123+0000] {dag.py:3239} INFO - Sync 1 DAGs
[2024-10-22T03:19:16.144+0000] {logging_mixin.py:190} INFO - [2024-10-22T03:19:16.144+0000] {dag.py:4180} INFO - Setting next_dagrun for example_sensors to None, run_after=None
[2024-10-22T03:19:16.172+0000] {processor.py:208} INFO - Processing /home/airflow/.local/lib/python3.12/site-packages/airflow/example_dags/example_sensors.py took 0.113 seconds
[2024-10-22T03:19:46.426+0000] {processor.py:186} INFO - Started process (PID=54922) to work on /home/airflow/.local/lib/python3.12/site-packages/airflow/example_dags/example_sensors.py
[2024-10-22T03:19:46.427+0000] {processor.py:914} INFO - Processing file /home/airflow/.local/lib/python3.12/site-packages/airflow/example_dags/example_sensors.py for tasks to queue
[2024-10-22T03:19:46.429+0000] {logging_mixin.py:190} INFO - [2024-10-22T03:19:46.429+0000] {dagbag.py:588} INFO - Filling up the DagBag from /home/airflow/.local/lib/python3.12/site-packages/airflow/example_dags/example_sensors.py
[2024-10-22T03:19:46.441+0000] {processor.py:925} INFO - DAG(s) 'example_sensors' retrieved from /home/airflow/.local/lib/python3.12/site-packages/airflow/example_dags/example_sensors.py
[2024-10-22T03:19:46.474+0000] {logging_mixin.py:190} INFO - [2024-10-22T03:19:46.474+0000] {dag.py:3239} INFO - Sync 1 DAGs
[2024-10-22T03:19:46.492+0000] {logging_mixin.py:190} INFO - [2024-10-22T03:19:46.492+0000] {dag.py:4180} INFO - Setting next_dagrun for example_sensors to None, run_after=None
[2024-10-22T03:19:46.511+0000] {processor.py:208} INFO - Processing /home/airflow/.local/lib/python3.12/site-packages/airflow/example_dags/example_sensors.py took 0.094 seconds
[2024-10-22T03:20:16.558+0000] {processor.py:186} INFO - Started process (PID=54988) to work on /home/airflow/.local/lib/python3.12/site-packages/airflow/example_dags/example_sensors.py
[2024-10-22T03:20:16.560+0000] {processor.py:914} INFO - Processing file /home/airflow/.local/lib/python3.12/site-packages/airflow/example_dags/example_sensors.py for tasks to queue
[2024-10-22T03:20:16.561+0000] {logging_mixin.py:190} INFO - [2024-10-22T03:20:16.561+0000] {dagbag.py:588} INFO - Filling up the DagBag from /home/airflow/.local/lib/python3.12/site-packages/airflow/example_dags/example_sensors.py
[2024-10-22T03:20:16.574+0000] {processor.py:925} INFO - DAG(s) 'example_sensors' retrieved from /home/airflow/.local/lib/python3.12/site-packages/airflow/example_dags/example_sensors.py
[2024-10-22T03:20:16.610+0000] {logging_mixin.py:190} INFO - [2024-10-22T03:20:16.610+0000] {dag.py:3239} INFO - Sync 1 DAGs
[2024-10-22T03:20:16.627+0000] {logging_mixin.py:190} INFO - [2024-10-22T03:20:16.626+0000] {dag.py:4180} INFO - Setting next_dagrun for example_sensors to None, run_after=None
[2024-10-22T03:20:16.646+0000] {processor.py:208} INFO - Processing /home/airflow/.local/lib/python3.12/site-packages/airflow/example_dags/example_sensors.py took 0.096 seconds
[2024-10-22T03:20:47.286+0000] {processor.py:186} INFO - Started process (PID=55056) to work on /home/airflow/.local/lib/python3.12/site-packages/airflow/example_dags/example_sensors.py
[2024-10-22T03:20:47.288+0000] {processor.py:914} INFO - Processing file /home/airflow/.local/lib/python3.12/site-packages/airflow/example_dags/example_sensors.py for tasks to queue
[2024-10-22T03:20:47.290+0000] {logging_mixin.py:190} INFO - [2024-10-22T03:20:47.289+0000] {dagbag.py:588} INFO - Filling up the DagBag from /home/airflow/.local/lib/python3.12/site-packages/airflow/example_dags/example_sensors.py
[2024-10-22T03:20:47.302+0000] {processor.py:925} INFO - DAG(s) 'example_sensors' retrieved from /home/airflow/.local/lib/python3.12/site-packages/airflow/example_dags/example_sensors.py
[2024-10-22T03:20:47.335+0000] {logging_mixin.py:190} INFO - [2024-10-22T03:20:47.335+0000] {dag.py:3239} INFO - Sync 1 DAGs
[2024-10-22T03:20:47.353+0000] {logging_mixin.py:190} INFO - [2024-10-22T03:20:47.352+0000] {dag.py:4180} INFO - Setting next_dagrun for example_sensors to None, run_after=None
[2024-10-22T03:20:47.371+0000] {processor.py:208} INFO - Processing /home/airflow/.local/lib/python3.12/site-packages/airflow/example_dags/example_sensors.py took 0.094 seconds
[2024-10-22T03:21:17.912+0000] {processor.py:186} INFO - Started process (PID=55122) to work on /home/airflow/.local/lib/python3.12/site-packages/airflow/example_dags/example_sensors.py
[2024-10-22T03:21:17.913+0000] {processor.py:914} INFO - Processing file /home/airflow/.local/lib/python3.12/site-packages/airflow/example_dags/example_sensors.py for tasks to queue
[2024-10-22T03:21:17.915+0000] {logging_mixin.py:190} INFO - [2024-10-22T03:21:17.914+0000] {dagbag.py:588} INFO - Filling up the DagBag from /home/airflow/.local/lib/python3.12/site-packages/airflow/example_dags/example_sensors.py
[2024-10-22T03:21:17.930+0000] {processor.py:925} INFO - DAG(s) 'example_sensors' retrieved from /home/airflow/.local/lib/python3.12/site-packages/airflow/example_dags/example_sensors.py
[2024-10-22T03:21:17.962+0000] {logging_mixin.py:190} INFO - [2024-10-22T03:21:17.962+0000] {dag.py:3239} INFO - Sync 1 DAGs
[2024-10-22T03:21:17.980+0000] {logging_mixin.py:190} INFO - [2024-10-22T03:21:17.980+0000] {dag.py:4180} INFO - Setting next_dagrun for example_sensors to None, run_after=None
[2024-10-22T03:21:18.000+0000] {processor.py:208} INFO - Processing /home/airflow/.local/lib/python3.12/site-packages/airflow/example_dags/example_sensors.py took 0.096 seconds
[2024-10-22T03:21:48.341+0000] {processor.py:186} INFO - Started process (PID=55189) to work on /home/airflow/.local/lib/python3.12/site-packages/airflow/example_dags/example_sensors.py
[2024-10-22T03:21:48.343+0000] {processor.py:914} INFO - Processing file /home/airflow/.local/lib/python3.12/site-packages/airflow/example_dags/example_sensors.py for tasks to queue
[2024-10-22T03:21:48.344+0000] {logging_mixin.py:190} INFO - [2024-10-22T03:21:48.344+0000] {dagbag.py:588} INFO - Filling up the DagBag from /home/airflow/.local/lib/python3.12/site-packages/airflow/example_dags/example_sensors.py
[2024-10-22T03:21:48.358+0000] {processor.py:925} INFO - DAG(s) 'example_sensors' retrieved from /home/airflow/.local/lib/python3.12/site-packages/airflow/example_dags/example_sensors.py
[2024-10-22T03:21:48.389+0000] {logging_mixin.py:190} INFO - [2024-10-22T03:21:48.389+0000] {dag.py:3239} INFO - Sync 1 DAGs
[2024-10-22T03:21:48.405+0000] {logging_mixin.py:190} INFO - [2024-10-22T03:21:48.405+0000] {dag.py:4180} INFO - Setting next_dagrun for example_sensors to None, run_after=None
[2024-10-22T03:21:48.424+0000] {processor.py:208} INFO - Processing /home/airflow/.local/lib/python3.12/site-packages/airflow/example_dags/example_sensors.py took 0.090 seconds
[2024-10-22T03:22:18.577+0000] {processor.py:186} INFO - Started process (PID=55255) to work on /home/airflow/.local/lib/python3.12/site-packages/airflow/example_dags/example_sensors.py
[2024-10-22T03:22:18.578+0000] {processor.py:914} INFO - Processing file /home/airflow/.local/lib/python3.12/site-packages/airflow/example_dags/example_sensors.py for tasks to queue
[2024-10-22T03:22:18.580+0000] {logging_mixin.py:190} INFO - [2024-10-22T03:22:18.579+0000] {dagbag.py:588} INFO - Filling up the DagBag from /home/airflow/.local/lib/python3.12/site-packages/airflow/example_dags/example_sensors.py
[2024-10-22T03:22:18.593+0000] {processor.py:925} INFO - DAG(s) 'example_sensors' retrieved from /home/airflow/.local/lib/python3.12/site-packages/airflow/example_dags/example_sensors.py
[2024-10-22T03:22:18.628+0000] {logging_mixin.py:190} INFO - [2024-10-22T03:22:18.628+0000] {dag.py:3239} INFO - Sync 1 DAGs
[2024-10-22T03:22:18.648+0000] {logging_mixin.py:190} INFO - [2024-10-22T03:22:18.648+0000] {dag.py:4180} INFO - Setting next_dagrun for example_sensors to None, run_after=None
[2024-10-22T03:22:18.666+0000] {processor.py:208} INFO - Processing /home/airflow/.local/lib/python3.12/site-packages/airflow/example_dags/example_sensors.py took 0.097 seconds
[2024-10-22T03:22:49.333+0000] {processor.py:186} INFO - Started process (PID=55322) to work on /home/airflow/.local/lib/python3.12/site-packages/airflow/example_dags/example_sensors.py
[2024-10-22T03:22:49.334+0000] {processor.py:914} INFO - Processing file /home/airflow/.local/lib/python3.12/site-packages/airflow/example_dags/example_sensors.py for tasks to queue
[2024-10-22T03:22:49.335+0000] {logging_mixin.py:190} INFO - [2024-10-22T03:22:49.335+0000] {dagbag.py:588} INFO - Filling up the DagBag from /home/airflow/.local/lib/python3.12/site-packages/airflow/example_dags/example_sensors.py
[2024-10-22T03:22:49.350+0000] {processor.py:925} INFO - DAG(s) 'example_sensors' retrieved from /home/airflow/.local/lib/python3.12/site-packages/airflow/example_dags/example_sensors.py
[2024-10-22T03:22:49.383+0000] {logging_mixin.py:190} INFO - [2024-10-22T03:22:49.382+0000] {dag.py:3239} INFO - Sync 1 DAGs
[2024-10-22T03:22:49.401+0000] {logging_mixin.py:190} INFO - [2024-10-22T03:22:49.401+0000] {dag.py:4180} INFO - Setting next_dagrun for example_sensors to None, run_after=None
[2024-10-22T03:22:49.420+0000] {processor.py:208} INFO - Processing /home/airflow/.local/lib/python3.12/site-packages/airflow/example_dags/example_sensors.py took 0.094 seconds
[2024-10-22T03:23:20.531+0000] {processor.py:186} INFO - Started process (PID=55389) to work on /home/airflow/.local/lib/python3.12/site-packages/airflow/example_dags/example_sensors.py
[2024-10-22T03:23:20.532+0000] {processor.py:914} INFO - Processing file /home/airflow/.local/lib/python3.12/site-packages/airflow/example_dags/example_sensors.py for tasks to queue
[2024-10-22T03:23:20.536+0000] {logging_mixin.py:190} INFO - [2024-10-22T03:23:20.536+0000] {dagbag.py:588} INFO - Filling up the DagBag from /home/airflow/.local/lib/python3.12/site-packages/airflow/example_dags/example_sensors.py
[2024-10-22T03:23:20.550+0000] {processor.py:925} INFO - DAG(s) 'example_sensors' retrieved from /home/airflow/.local/lib/python3.12/site-packages/airflow/example_dags/example_sensors.py
[2024-10-22T03:23:20.580+0000] {logging_mixin.py:190} INFO - [2024-10-22T03:23:20.580+0000] {dag.py:3239} INFO - Sync 1 DAGs
[2024-10-22T03:23:20.597+0000] {logging_mixin.py:190} INFO - [2024-10-22T03:23:20.597+0000] {dag.py:4180} INFO - Setting next_dagrun for example_sensors to None, run_after=None
[2024-10-22T03:23:20.620+0000] {processor.py:208} INFO - Processing /home/airflow/.local/lib/python3.12/site-packages/airflow/example_dags/example_sensors.py took 0.096 seconds
[2024-10-22T03:23:51.498+0000] {processor.py:186} INFO - Started process (PID=55456) to work on /home/airflow/.local/lib/python3.12/site-packages/airflow/example_dags/example_sensors.py
[2024-10-22T03:23:51.500+0000] {processor.py:914} INFO - Processing file /home/airflow/.local/lib/python3.12/site-packages/airflow/example_dags/example_sensors.py for tasks to queue
[2024-10-22T03:23:51.501+0000] {logging_mixin.py:190} INFO - [2024-10-22T03:23:51.501+0000] {dagbag.py:588} INFO - Filling up the DagBag from /home/airflow/.local/lib/python3.12/site-packages/airflow/example_dags/example_sensors.py
[2024-10-22T03:23:51.515+0000] {processor.py:925} INFO - DAG(s) 'example_sensors' retrieved from /home/airflow/.local/lib/python3.12/site-packages/airflow/example_dags/example_sensors.py
[2024-10-22T03:23:51.568+0000] {logging_mixin.py:190} INFO - [2024-10-22T03:23:51.568+0000] {dag.py:3239} INFO - Sync 1 DAGs
[2024-10-22T03:23:51.589+0000] {logging_mixin.py:190} INFO - [2024-10-22T03:23:51.589+0000] {dag.py:4180} INFO - Setting next_dagrun for example_sensors to None, run_after=None
[2024-10-22T03:23:51.609+0000] {processor.py:208} INFO - Processing /home/airflow/.local/lib/python3.12/site-packages/airflow/example_dags/example_sensors.py took 0.124 seconds
[2024-10-22T03:24:22.239+0000] {processor.py:186} INFO - Started process (PID=55523) to work on /home/airflow/.local/lib/python3.12/site-packages/airflow/example_dags/example_sensors.py
[2024-10-22T03:24:22.240+0000] {processor.py:914} INFO - Processing file /home/airflow/.local/lib/python3.12/site-packages/airflow/example_dags/example_sensors.py for tasks to queue
[2024-10-22T03:24:22.242+0000] {logging_mixin.py:190} INFO - [2024-10-22T03:24:22.242+0000] {dagbag.py:588} INFO - Filling up the DagBag from /home/airflow/.local/lib/python3.12/site-packages/airflow/example_dags/example_sensors.py
[2024-10-22T03:24:22.255+0000] {processor.py:925} INFO - DAG(s) 'example_sensors' retrieved from /home/airflow/.local/lib/python3.12/site-packages/airflow/example_dags/example_sensors.py
[2024-10-22T03:24:22.289+0000] {logging_mixin.py:190} INFO - [2024-10-22T03:24:22.289+0000] {dag.py:3239} INFO - Sync 1 DAGs
[2024-10-22T03:24:22.305+0000] {logging_mixin.py:190} INFO - [2024-10-22T03:24:22.305+0000] {dag.py:4180} INFO - Setting next_dagrun for example_sensors to None, run_after=None
[2024-10-22T03:24:22.325+0000] {processor.py:208} INFO - Processing /home/airflow/.local/lib/python3.12/site-packages/airflow/example_dags/example_sensors.py took 0.095 seconds
[2024-10-22T03:24:52.937+0000] {processor.py:186} INFO - Started process (PID=55590) to work on /home/airflow/.local/lib/python3.12/site-packages/airflow/example_dags/example_sensors.py
[2024-10-22T03:24:52.939+0000] {processor.py:914} INFO - Processing file /home/airflow/.local/lib/python3.12/site-packages/airflow/example_dags/example_sensors.py for tasks to queue
[2024-10-22T03:24:52.940+0000] {logging_mixin.py:190} INFO - [2024-10-22T03:24:52.939+0000] {dagbag.py:588} INFO - Filling up the DagBag from /home/airflow/.local/lib/python3.12/site-packages/airflow/example_dags/example_sensors.py
[2024-10-22T03:24:52.951+0000] {processor.py:925} INFO - DAG(s) 'example_sensors' retrieved from /home/airflow/.local/lib/python3.12/site-packages/airflow/example_dags/example_sensors.py
[2024-10-22T03:24:52.984+0000] {logging_mixin.py:190} INFO - [2024-10-22T03:24:52.984+0000] {dag.py:3239} INFO - Sync 1 DAGs
[2024-10-22T03:24:53.002+0000] {logging_mixin.py:190} INFO - [2024-10-22T03:24:53.002+0000] {dag.py:4180} INFO - Setting next_dagrun for example_sensors to None, run_after=None
[2024-10-22T03:24:53.026+0000] {processor.py:208} INFO - Processing /home/airflow/.local/lib/python3.12/site-packages/airflow/example_dags/example_sensors.py took 0.096 seconds
[2024-10-22T03:25:23.444+0000] {processor.py:186} INFO - Started process (PID=55657) to work on /home/airflow/.local/lib/python3.12/site-packages/airflow/example_dags/example_sensors.py
[2024-10-22T03:25:23.446+0000] {processor.py:914} INFO - Processing file /home/airflow/.local/lib/python3.12/site-packages/airflow/example_dags/example_sensors.py for tasks to queue
[2024-10-22T03:25:23.447+0000] {logging_mixin.py:190} INFO - [2024-10-22T03:25:23.447+0000] {dagbag.py:588} INFO - Filling up the DagBag from /home/airflow/.local/lib/python3.12/site-packages/airflow/example_dags/example_sensors.py
[2024-10-22T03:25:23.460+0000] {processor.py:925} INFO - DAG(s) 'example_sensors' retrieved from /home/airflow/.local/lib/python3.12/site-packages/airflow/example_dags/example_sensors.py
[2024-10-22T03:25:23.493+0000] {logging_mixin.py:190} INFO - [2024-10-22T03:25:23.493+0000] {dag.py:3239} INFO - Sync 1 DAGs
[2024-10-22T03:25:23.514+0000] {logging_mixin.py:190} INFO - [2024-10-22T03:25:23.514+0000] {dag.py:4180} INFO - Setting next_dagrun for example_sensors to None, run_after=None
[2024-10-22T03:25:23.537+0000] {processor.py:208} INFO - Processing /home/airflow/.local/lib/python3.12/site-packages/airflow/example_dags/example_sensors.py took 0.102 seconds
[2024-10-22T03:25:53.953+0000] {processor.py:186} INFO - Started process (PID=55724) to work on /home/airflow/.local/lib/python3.12/site-packages/airflow/example_dags/example_sensors.py
[2024-10-22T03:25:53.954+0000] {processor.py:914} INFO - Processing file /home/airflow/.local/lib/python3.12/site-packages/airflow/example_dags/example_sensors.py for tasks to queue
[2024-10-22T03:25:53.956+0000] {logging_mixin.py:190} INFO - [2024-10-22T03:25:53.955+0000] {dagbag.py:588} INFO - Filling up the DagBag from /home/airflow/.local/lib/python3.12/site-packages/airflow/example_dags/example_sensors.py
[2024-10-22T03:25:53.968+0000] {processor.py:925} INFO - DAG(s) 'example_sensors' retrieved from /home/airflow/.local/lib/python3.12/site-packages/airflow/example_dags/example_sensors.py
[2024-10-22T03:25:54.000+0000] {logging_mixin.py:190} INFO - [2024-10-22T03:25:54.000+0000] {dag.py:3239} INFO - Sync 1 DAGs
[2024-10-22T03:25:54.018+0000] {logging_mixin.py:190} INFO - [2024-10-22T03:25:54.018+0000] {dag.py:4180} INFO - Setting next_dagrun for example_sensors to None, run_after=None
[2024-10-22T03:25:54.041+0000] {processor.py:208} INFO - Processing /home/airflow/.local/lib/python3.12/site-packages/airflow/example_dags/example_sensors.py took 0.097 seconds
[2024-10-22T03:26:24.369+0000] {processor.py:186} INFO - Started process (PID=55790) to work on /home/airflow/.local/lib/python3.12/site-packages/airflow/example_dags/example_sensors.py
[2024-10-22T03:26:24.371+0000] {processor.py:914} INFO - Processing file /home/airflow/.local/lib/python3.12/site-packages/airflow/example_dags/example_sensors.py for tasks to queue
[2024-10-22T03:26:24.373+0000] {logging_mixin.py:190} INFO - [2024-10-22T03:26:24.373+0000] {dagbag.py:588} INFO - Filling up the DagBag from /home/airflow/.local/lib/python3.12/site-packages/airflow/example_dags/example_sensors.py
[2024-10-22T03:26:24.405+0000] {processor.py:925} INFO - DAG(s) 'example_sensors' retrieved from /home/airflow/.local/lib/python3.12/site-packages/airflow/example_dags/example_sensors.py
[2024-10-22T03:26:24.491+0000] {logging_mixin.py:190} INFO - [2024-10-22T03:26:24.490+0000] {dag.py:3239} INFO - Sync 1 DAGs
[2024-10-22T03:26:24.532+0000] {logging_mixin.py:190} INFO - [2024-10-22T03:26:24.531+0000] {dag.py:4180} INFO - Setting next_dagrun for example_sensors to None, run_after=None
[2024-10-22T03:26:24.568+0000] {processor.py:208} INFO - Processing /home/airflow/.local/lib/python3.12/site-packages/airflow/example_dags/example_sensors.py took 0.228 seconds
[2024-10-22T03:26:54.607+0000] {processor.py:186} INFO - Started process (PID=55857) to work on /home/airflow/.local/lib/python3.12/site-packages/airflow/example_dags/example_sensors.py
[2024-10-22T03:26:54.608+0000] {processor.py:914} INFO - Processing file /home/airflow/.local/lib/python3.12/site-packages/airflow/example_dags/example_sensors.py for tasks to queue
[2024-10-22T03:26:54.609+0000] {logging_mixin.py:190} INFO - [2024-10-22T03:26:54.609+0000] {dagbag.py:588} INFO - Filling up the DagBag from /home/airflow/.local/lib/python3.12/site-packages/airflow/example_dags/example_sensors.py
[2024-10-22T03:26:54.622+0000] {processor.py:925} INFO - DAG(s) 'example_sensors' retrieved from /home/airflow/.local/lib/python3.12/site-packages/airflow/example_dags/example_sensors.py
[2024-10-22T03:26:54.654+0000] {logging_mixin.py:190} INFO - [2024-10-22T03:26:54.654+0000] {dag.py:3239} INFO - Sync 1 DAGs
[2024-10-22T03:26:54.671+0000] {logging_mixin.py:190} INFO - [2024-10-22T03:26:54.670+0000] {dag.py:4180} INFO - Setting next_dagrun for example_sensors to None, run_after=None
[2024-10-22T03:26:54.691+0000] {processor.py:208} INFO - Processing /home/airflow/.local/lib/python3.12/site-packages/airflow/example_dags/example_sensors.py took 0.092 seconds
[2024-10-22T03:27:25.159+0000] {processor.py:186} INFO - Started process (PID=55924) to work on /home/airflow/.local/lib/python3.12/site-packages/airflow/example_dags/example_sensors.py
[2024-10-22T03:27:25.161+0000] {processor.py:914} INFO - Processing file /home/airflow/.local/lib/python3.12/site-packages/airflow/example_dags/example_sensors.py for tasks to queue
[2024-10-22T03:27:25.162+0000] {logging_mixin.py:190} INFO - [2024-10-22T03:27:25.162+0000] {dagbag.py:588} INFO - Filling up the DagBag from /home/airflow/.local/lib/python3.12/site-packages/airflow/example_dags/example_sensors.py
[2024-10-22T03:27:25.179+0000] {processor.py:925} INFO - DAG(s) 'example_sensors' retrieved from /home/airflow/.local/lib/python3.12/site-packages/airflow/example_dags/example_sensors.py
[2024-10-22T03:27:25.209+0000] {logging_mixin.py:190} INFO - [2024-10-22T03:27:25.208+0000] {dag.py:3239} INFO - Sync 1 DAGs
[2024-10-22T03:27:25.225+0000] {logging_mixin.py:190} INFO - [2024-10-22T03:27:25.225+0000] {dag.py:4180} INFO - Setting next_dagrun for example_sensors to None, run_after=None
[2024-10-22T03:27:25.243+0000] {processor.py:208} INFO - Processing /home/airflow/.local/lib/python3.12/site-packages/airflow/example_dags/example_sensors.py took 0.092 seconds
[2024-10-22T03:27:55.710+0000] {processor.py:186} INFO - Started process (PID=55991) to work on /home/airflow/.local/lib/python3.12/site-packages/airflow/example_dags/example_sensors.py
[2024-10-22T03:27:55.712+0000] {processor.py:914} INFO - Processing file /home/airflow/.local/lib/python3.12/site-packages/airflow/example_dags/example_sensors.py for tasks to queue
[2024-10-22T03:27:55.714+0000] {logging_mixin.py:190} INFO - [2024-10-22T03:27:55.713+0000] {dagbag.py:588} INFO - Filling up the DagBag from /home/airflow/.local/lib/python3.12/site-packages/airflow/example_dags/example_sensors.py
[2024-10-22T03:27:55.730+0000] {processor.py:925} INFO - DAG(s) 'example_sensors' retrieved from /home/airflow/.local/lib/python3.12/site-packages/airflow/example_dags/example_sensors.py
[2024-10-22T03:27:55.769+0000] {logging_mixin.py:190} INFO - [2024-10-22T03:27:55.769+0000] {dag.py:3239} INFO - Sync 1 DAGs
[2024-10-22T03:27:55.792+0000] {logging_mixin.py:190} INFO - [2024-10-22T03:27:55.792+0000] {dag.py:4180} INFO - Setting next_dagrun for example_sensors to None, run_after=None
[2024-10-22T03:27:55.817+0000] {processor.py:208} INFO - Processing /home/airflow/.local/lib/python3.12/site-packages/airflow/example_dags/example_sensors.py took 0.117 seconds
[2024-10-22T03:28:26.515+0000] {processor.py:186} INFO - Started process (PID=56058) to work on /home/airflow/.local/lib/python3.12/site-packages/airflow/example_dags/example_sensors.py
[2024-10-22T03:28:26.516+0000] {processor.py:914} INFO - Processing file /home/airflow/.local/lib/python3.12/site-packages/airflow/example_dags/example_sensors.py for tasks to queue
[2024-10-22T03:28:26.517+0000] {logging_mixin.py:190} INFO - [2024-10-22T03:28:26.517+0000] {dagbag.py:588} INFO - Filling up the DagBag from /home/airflow/.local/lib/python3.12/site-packages/airflow/example_dags/example_sensors.py
[2024-10-22T03:28:26.531+0000] {processor.py:925} INFO - DAG(s) 'example_sensors' retrieved from /home/airflow/.local/lib/python3.12/site-packages/airflow/example_dags/example_sensors.py
[2024-10-22T03:28:26.563+0000] {logging_mixin.py:190} INFO - [2024-10-22T03:28:26.562+0000] {dag.py:3239} INFO - Sync 1 DAGs
[2024-10-22T03:28:26.580+0000] {logging_mixin.py:190} INFO - [2024-10-22T03:28:26.579+0000] {dag.py:4180} INFO - Setting next_dagrun for example_sensors to None, run_after=None
[2024-10-22T03:28:26.603+0000] {processor.py:208} INFO - Processing /home/airflow/.local/lib/python3.12/site-packages/airflow/example_dags/example_sensors.py took 0.096 seconds
[2024-10-22T03:28:57.159+0000] {processor.py:186} INFO - Started process (PID=56124) to work on /home/airflow/.local/lib/python3.12/site-packages/airflow/example_dags/example_sensors.py
[2024-10-22T03:28:57.160+0000] {processor.py:914} INFO - Processing file /home/airflow/.local/lib/python3.12/site-packages/airflow/example_dags/example_sensors.py for tasks to queue
[2024-10-22T03:28:57.162+0000] {logging_mixin.py:190} INFO - [2024-10-22T03:28:57.162+0000] {dagbag.py:588} INFO - Filling up the DagBag from /home/airflow/.local/lib/python3.12/site-packages/airflow/example_dags/example_sensors.py
[2024-10-22T03:28:57.179+0000] {processor.py:925} INFO - DAG(s) 'example_sensors' retrieved from /home/airflow/.local/lib/python3.12/site-packages/airflow/example_dags/example_sensors.py
[2024-10-22T03:28:57.217+0000] {logging_mixin.py:190} INFO - [2024-10-22T03:28:57.217+0000] {dag.py:3239} INFO - Sync 1 DAGs
[2024-10-22T03:28:57.238+0000] {logging_mixin.py:190} INFO - [2024-10-22T03:28:57.237+0000] {dag.py:4180} INFO - Setting next_dagrun for example_sensors to None, run_after=None
[2024-10-22T03:28:57.269+0000] {processor.py:208} INFO - Processing /home/airflow/.local/lib/python3.12/site-packages/airflow/example_dags/example_sensors.py took 0.120 seconds
[2024-10-22T03:29:27.542+0000] {processor.py:186} INFO - Started process (PID=56191) to work on /home/airflow/.local/lib/python3.12/site-packages/airflow/example_dags/example_sensors.py
[2024-10-22T03:29:27.543+0000] {processor.py:914} INFO - Processing file /home/airflow/.local/lib/python3.12/site-packages/airflow/example_dags/example_sensors.py for tasks to queue
[2024-10-22T03:29:27.545+0000] {logging_mixin.py:190} INFO - [2024-10-22T03:29:27.544+0000] {dagbag.py:588} INFO - Filling up the DagBag from /home/airflow/.local/lib/python3.12/site-packages/airflow/example_dags/example_sensors.py
[2024-10-22T03:29:27.559+0000] {processor.py:925} INFO - DAG(s) 'example_sensors' retrieved from /home/airflow/.local/lib/python3.12/site-packages/airflow/example_dags/example_sensors.py
[2024-10-22T03:29:27.589+0000] {logging_mixin.py:190} INFO - [2024-10-22T03:29:27.588+0000] {dag.py:3239} INFO - Sync 1 DAGs
[2024-10-22T03:29:27.609+0000] {logging_mixin.py:190} INFO - [2024-10-22T03:29:27.608+0000] {dag.py:4180} INFO - Setting next_dagrun for example_sensors to None, run_after=None
[2024-10-22T03:29:27.628+0000] {processor.py:208} INFO - Processing /home/airflow/.local/lib/python3.12/site-packages/airflow/example_dags/example_sensors.py took 0.094 seconds
[2024-10-22T03:29:57.935+0000] {processor.py:186} INFO - Started process (PID=56258) to work on /home/airflow/.local/lib/python3.12/site-packages/airflow/example_dags/example_sensors.py
[2024-10-22T03:29:57.936+0000] {processor.py:914} INFO - Processing file /home/airflow/.local/lib/python3.12/site-packages/airflow/example_dags/example_sensors.py for tasks to queue
[2024-10-22T03:29:57.938+0000] {logging_mixin.py:190} INFO - [2024-10-22T03:29:57.938+0000] {dagbag.py:588} INFO - Filling up the DagBag from /home/airflow/.local/lib/python3.12/site-packages/airflow/example_dags/example_sensors.py
[2024-10-22T03:29:57.951+0000] {processor.py:925} INFO - DAG(s) 'example_sensors' retrieved from /home/airflow/.local/lib/python3.12/site-packages/airflow/example_dags/example_sensors.py
[2024-10-22T03:29:57.984+0000] {logging_mixin.py:190} INFO - [2024-10-22T03:29:57.984+0000] {dag.py:3239} INFO - Sync 1 DAGs
[2024-10-22T03:29:58.003+0000] {logging_mixin.py:190} INFO - [2024-10-22T03:29:58.002+0000] {dag.py:4180} INFO - Setting next_dagrun for example_sensors to None, run_after=None
[2024-10-22T03:29:58.023+0000] {processor.py:208} INFO - Processing /home/airflow/.local/lib/python3.12/site-packages/airflow/example_dags/example_sensors.py took 0.097 seconds
[2024-10-22T03:30:28.126+0000] {processor.py:186} INFO - Started process (PID=56325) to work on /home/airflow/.local/lib/python3.12/site-packages/airflow/example_dags/example_sensors.py
[2024-10-22T03:30:28.127+0000] {processor.py:914} INFO - Processing file /home/airflow/.local/lib/python3.12/site-packages/airflow/example_dags/example_sensors.py for tasks to queue
[2024-10-22T03:30:28.129+0000] {logging_mixin.py:190} INFO - [2024-10-22T03:30:28.128+0000] {dagbag.py:588} INFO - Filling up the DagBag from /home/airflow/.local/lib/python3.12/site-packages/airflow/example_dags/example_sensors.py
[2024-10-22T03:30:28.141+0000] {processor.py:925} INFO - DAG(s) 'example_sensors' retrieved from /home/airflow/.local/lib/python3.12/site-packages/airflow/example_dags/example_sensors.py
[2024-10-22T03:30:28.170+0000] {logging_mixin.py:190} INFO - [2024-10-22T03:30:28.170+0000] {dag.py:3239} INFO - Sync 1 DAGs
[2024-10-22T03:30:28.186+0000] {logging_mixin.py:190} INFO - [2024-10-22T03:30:28.186+0000] {dag.py:4180} INFO - Setting next_dagrun for example_sensors to None, run_after=None
[2024-10-22T03:30:28.203+0000] {processor.py:208} INFO - Processing /home/airflow/.local/lib/python3.12/site-packages/airflow/example_dags/example_sensors.py took 0.085 seconds
[2024-10-22T03:30:58.427+0000] {processor.py:186} INFO - Started process (PID=56392) to work on /home/airflow/.local/lib/python3.12/site-packages/airflow/example_dags/example_sensors.py
[2024-10-22T03:30:58.428+0000] {processor.py:914} INFO - Processing file /home/airflow/.local/lib/python3.12/site-packages/airflow/example_dags/example_sensors.py for tasks to queue
[2024-10-22T03:30:58.429+0000] {logging_mixin.py:190} INFO - [2024-10-22T03:30:58.429+0000] {dagbag.py:588} INFO - Filling up the DagBag from /home/airflow/.local/lib/python3.12/site-packages/airflow/example_dags/example_sensors.py
[2024-10-22T03:30:58.442+0000] {processor.py:925} INFO - DAG(s) 'example_sensors' retrieved from /home/airflow/.local/lib/python3.12/site-packages/airflow/example_dags/example_sensors.py
[2024-10-22T03:30:58.473+0000] {logging_mixin.py:190} INFO - [2024-10-22T03:30:58.473+0000] {dag.py:3239} INFO - Sync 1 DAGs
[2024-10-22T03:30:58.489+0000] {logging_mixin.py:190} INFO - [2024-10-22T03:30:58.489+0000] {dag.py:4180} INFO - Setting next_dagrun for example_sensors to None, run_after=None
[2024-10-22T03:30:58.507+0000] {processor.py:208} INFO - Processing /home/airflow/.local/lib/python3.12/site-packages/airflow/example_dags/example_sensors.py took 0.087 seconds
[2024-10-22T03:31:29.345+0000] {processor.py:186} INFO - Started process (PID=56459) to work on /home/airflow/.local/lib/python3.12/site-packages/airflow/example_dags/example_sensors.py
[2024-10-22T03:31:29.346+0000] {processor.py:914} INFO - Processing file /home/airflow/.local/lib/python3.12/site-packages/airflow/example_dags/example_sensors.py for tasks to queue
[2024-10-22T03:31:29.347+0000] {logging_mixin.py:190} INFO - [2024-10-22T03:31:29.347+0000] {dagbag.py:588} INFO - Filling up the DagBag from /home/airflow/.local/lib/python3.12/site-packages/airflow/example_dags/example_sensors.py
[2024-10-22T03:31:29.360+0000] {processor.py:925} INFO - DAG(s) 'example_sensors' retrieved from /home/airflow/.local/lib/python3.12/site-packages/airflow/example_dags/example_sensors.py
[2024-10-22T03:31:29.393+0000] {logging_mixin.py:190} INFO - [2024-10-22T03:31:29.393+0000] {dag.py:3239} INFO - Sync 1 DAGs
[2024-10-22T03:31:29.409+0000] {logging_mixin.py:190} INFO - [2024-10-22T03:31:29.408+0000] {dag.py:4180} INFO - Setting next_dagrun for example_sensors to None, run_after=None
[2024-10-22T03:31:29.424+0000] {processor.py:208} INFO - Processing /home/airflow/.local/lib/python3.12/site-packages/airflow/example_dags/example_sensors.py took 0.087 seconds
[2024-10-22T03:31:59.932+0000] {processor.py:186} INFO - Started process (PID=56525) to work on /home/airflow/.local/lib/python3.12/site-packages/airflow/example_dags/example_sensors.py
[2024-10-22T03:31:59.933+0000] {processor.py:914} INFO - Processing file /home/airflow/.local/lib/python3.12/site-packages/airflow/example_dags/example_sensors.py for tasks to queue
[2024-10-22T03:31:59.935+0000] {logging_mixin.py:190} INFO - [2024-10-22T03:31:59.934+0000] {dagbag.py:588} INFO - Filling up the DagBag from /home/airflow/.local/lib/python3.12/site-packages/airflow/example_dags/example_sensors.py
[2024-10-22T03:31:59.946+0000] {processor.py:925} INFO - DAG(s) 'example_sensors' retrieved from /home/airflow/.local/lib/python3.12/site-packages/airflow/example_dags/example_sensors.py
[2024-10-22T03:31:59.976+0000] {logging_mixin.py:190} INFO - [2024-10-22T03:31:59.976+0000] {dag.py:3239} INFO - Sync 1 DAGs
[2024-10-22T03:31:59.993+0000] {logging_mixin.py:190} INFO - [2024-10-22T03:31:59.993+0000] {dag.py:4180} INFO - Setting next_dagrun for example_sensors to None, run_after=None
[2024-10-22T03:32:00.012+0000] {processor.py:208} INFO - Processing /home/airflow/.local/lib/python3.12/site-packages/airflow/example_dags/example_sensors.py took 0.087 seconds
[2024-10-22T03:32:30.353+0000] {processor.py:186} INFO - Started process (PID=56591) to work on /home/airflow/.local/lib/python3.12/site-packages/airflow/example_dags/example_sensors.py
[2024-10-22T03:32:30.355+0000] {processor.py:914} INFO - Processing file /home/airflow/.local/lib/python3.12/site-packages/airflow/example_dags/example_sensors.py for tasks to queue
[2024-10-22T03:32:30.358+0000] {logging_mixin.py:190} INFO - [2024-10-22T03:32:30.357+0000] {dagbag.py:588} INFO - Filling up the DagBag from /home/airflow/.local/lib/python3.12/site-packages/airflow/example_dags/example_sensors.py
[2024-10-22T03:32:30.376+0000] {processor.py:925} INFO - DAG(s) 'example_sensors' retrieved from /home/airflow/.local/lib/python3.12/site-packages/airflow/example_dags/example_sensors.py
[2024-10-22T03:32:30.416+0000] {logging_mixin.py:190} INFO - [2024-10-22T03:32:30.415+0000] {dag.py:3239} INFO - Sync 1 DAGs
[2024-10-22T03:32:30.442+0000] {logging_mixin.py:190} INFO - [2024-10-22T03:32:30.442+0000] {dag.py:4180} INFO - Setting next_dagrun for example_sensors to None, run_after=None
[2024-10-22T03:32:30.466+0000] {processor.py:208} INFO - Processing /home/airflow/.local/lib/python3.12/site-packages/airflow/example_dags/example_sensors.py took 0.126 seconds
[2024-10-22T03:33:01.282+0000] {processor.py:186} INFO - Started process (PID=56657) to work on /home/airflow/.local/lib/python3.12/site-packages/airflow/example_dags/example_sensors.py
[2024-10-22T03:33:01.283+0000] {processor.py:914} INFO - Processing file /home/airflow/.local/lib/python3.12/site-packages/airflow/example_dags/example_sensors.py for tasks to queue
[2024-10-22T03:33:01.285+0000] {logging_mixin.py:190} INFO - [2024-10-22T03:33:01.284+0000] {dagbag.py:588} INFO - Filling up the DagBag from /home/airflow/.local/lib/python3.12/site-packages/airflow/example_dags/example_sensors.py
[2024-10-22T03:33:01.297+0000] {processor.py:925} INFO - DAG(s) 'example_sensors' retrieved from /home/airflow/.local/lib/python3.12/site-packages/airflow/example_dags/example_sensors.py
[2024-10-22T03:33:01.328+0000] {logging_mixin.py:190} INFO - [2024-10-22T03:33:01.328+0000] {dag.py:3239} INFO - Sync 1 DAGs
[2024-10-22T03:33:01.345+0000] {logging_mixin.py:190} INFO - [2024-10-22T03:33:01.345+0000] {dag.py:4180} INFO - Setting next_dagrun for example_sensors to None, run_after=None
[2024-10-22T03:33:01.364+0000] {processor.py:208} INFO - Processing /home/airflow/.local/lib/python3.12/site-packages/airflow/example_dags/example_sensors.py took 0.090 seconds
[2024-10-22T03:33:32.285+0000] {processor.py:186} INFO - Started process (PID=56723) to work on /home/airflow/.local/lib/python3.12/site-packages/airflow/example_dags/example_sensors.py
[2024-10-22T03:33:32.286+0000] {processor.py:914} INFO - Processing file /home/airflow/.local/lib/python3.12/site-packages/airflow/example_dags/example_sensors.py for tasks to queue
[2024-10-22T03:33:32.288+0000] {logging_mixin.py:190} INFO - [2024-10-22T03:33:32.288+0000] {dagbag.py:588} INFO - Filling up the DagBag from /home/airflow/.local/lib/python3.12/site-packages/airflow/example_dags/example_sensors.py
[2024-10-22T03:33:32.301+0000] {processor.py:925} INFO - DAG(s) 'example_sensors' retrieved from /home/airflow/.local/lib/python3.12/site-packages/airflow/example_dags/example_sensors.py
[2024-10-22T03:33:32.334+0000] {logging_mixin.py:190} INFO - [2024-10-22T03:33:32.333+0000] {dag.py:3239} INFO - Sync 1 DAGs
[2024-10-22T03:33:32.356+0000] {logging_mixin.py:190} INFO - [2024-10-22T03:33:32.356+0000] {dag.py:4180} INFO - Setting next_dagrun for example_sensors to None, run_after=None
[2024-10-22T03:33:32.375+0000] {processor.py:208} INFO - Processing /home/airflow/.local/lib/python3.12/site-packages/airflow/example_dags/example_sensors.py took 0.097 seconds
[2024-10-22T03:34:02.710+0000] {processor.py:186} INFO - Started process (PID=56789) to work on /home/airflow/.local/lib/python3.12/site-packages/airflow/example_dags/example_sensors.py
[2024-10-22T03:34:02.711+0000] {processor.py:914} INFO - Processing file /home/airflow/.local/lib/python3.12/site-packages/airflow/example_dags/example_sensors.py for tasks to queue
[2024-10-22T03:34:02.713+0000] {logging_mixin.py:190} INFO - [2024-10-22T03:34:02.712+0000] {dagbag.py:588} INFO - Filling up the DagBag from /home/airflow/.local/lib/python3.12/site-packages/airflow/example_dags/example_sensors.py
[2024-10-22T03:34:02.725+0000] {processor.py:925} INFO - DAG(s) 'example_sensors' retrieved from /home/airflow/.local/lib/python3.12/site-packages/airflow/example_dags/example_sensors.py
[2024-10-22T03:34:02.758+0000] {logging_mixin.py:190} INFO - [2024-10-22T03:34:02.758+0000] {dag.py:3239} INFO - Sync 1 DAGs
[2024-10-22T03:34:02.775+0000] {logging_mixin.py:190} INFO - [2024-10-22T03:34:02.775+0000] {dag.py:4180} INFO - Setting next_dagrun for example_sensors to None, run_after=None
[2024-10-22T03:34:02.795+0000] {processor.py:208} INFO - Processing /home/airflow/.local/lib/python3.12/site-packages/airflow/example_dags/example_sensors.py took 0.093 seconds
[2024-10-22T03:34:33.307+0000] {processor.py:186} INFO - Started process (PID=56855) to work on /home/airflow/.local/lib/python3.12/site-packages/airflow/example_dags/example_sensors.py
[2024-10-22T03:34:33.308+0000] {processor.py:914} INFO - Processing file /home/airflow/.local/lib/python3.12/site-packages/airflow/example_dags/example_sensors.py for tasks to queue
[2024-10-22T03:34:33.310+0000] {logging_mixin.py:190} INFO - [2024-10-22T03:34:33.309+0000] {dagbag.py:588} INFO - Filling up the DagBag from /home/airflow/.local/lib/python3.12/site-packages/airflow/example_dags/example_sensors.py
[2024-10-22T03:34:33.323+0000] {processor.py:925} INFO - DAG(s) 'example_sensors' retrieved from /home/airflow/.local/lib/python3.12/site-packages/airflow/example_dags/example_sensors.py
[2024-10-22T03:34:33.359+0000] {logging_mixin.py:190} INFO - [2024-10-22T03:34:33.359+0000] {dag.py:3239} INFO - Sync 1 DAGs
[2024-10-22T03:34:33.376+0000] {logging_mixin.py:190} INFO - [2024-10-22T03:34:33.376+0000] {dag.py:4180} INFO - Setting next_dagrun for example_sensors to None, run_after=None
[2024-10-22T03:34:33.396+0000] {processor.py:208} INFO - Processing /home/airflow/.local/lib/python3.12/site-packages/airflow/example_dags/example_sensors.py took 0.096 seconds
[2024-10-22T03:35:03.546+0000] {processor.py:186} INFO - Started process (PID=56922) to work on /home/airflow/.local/lib/python3.12/site-packages/airflow/example_dags/example_sensors.py
[2024-10-22T03:35:03.547+0000] {processor.py:914} INFO - Processing file /home/airflow/.local/lib/python3.12/site-packages/airflow/example_dags/example_sensors.py for tasks to queue
[2024-10-22T03:35:03.549+0000] {logging_mixin.py:190} INFO - [2024-10-22T03:35:03.549+0000] {dagbag.py:588} INFO - Filling up the DagBag from /home/airflow/.local/lib/python3.12/site-packages/airflow/example_dags/example_sensors.py
[2024-10-22T03:35:03.562+0000] {processor.py:925} INFO - DAG(s) 'example_sensors' retrieved from /home/airflow/.local/lib/python3.12/site-packages/airflow/example_dags/example_sensors.py
[2024-10-22T03:35:03.595+0000] {logging_mixin.py:190} INFO - [2024-10-22T03:35:03.594+0000] {dag.py:3239} INFO - Sync 1 DAGs
[2024-10-22T03:35:03.612+0000] {logging_mixin.py:190} INFO - [2024-10-22T03:35:03.611+0000] {dag.py:4180} INFO - Setting next_dagrun for example_sensors to None, run_after=None
[2024-10-22T03:35:03.631+0000] {processor.py:208} INFO - Processing /home/airflow/.local/lib/python3.12/site-packages/airflow/example_dags/example_sensors.py took 0.093 seconds
[2024-10-22T03:35:34.085+0000] {processor.py:186} INFO - Started process (PID=56995) to work on /home/airflow/.local/lib/python3.12/site-packages/airflow/example_dags/example_sensors.py
[2024-10-22T03:35:34.087+0000] {processor.py:914} INFO - Processing file /home/airflow/.local/lib/python3.12/site-packages/airflow/example_dags/example_sensors.py for tasks to queue
[2024-10-22T03:35:34.089+0000] {logging_mixin.py:190} INFO - [2024-10-22T03:35:34.089+0000] {dagbag.py:588} INFO - Filling up the DagBag from /home/airflow/.local/lib/python3.12/site-packages/airflow/example_dags/example_sensors.py
[2024-10-22T03:35:34.102+0000] {processor.py:925} INFO - DAG(s) 'example_sensors' retrieved from /home/airflow/.local/lib/python3.12/site-packages/airflow/example_dags/example_sensors.py
[2024-10-22T03:35:34.135+0000] {logging_mixin.py:190} INFO - [2024-10-22T03:35:34.134+0000] {dag.py:3239} INFO - Sync 1 DAGs
[2024-10-22T03:35:34.156+0000] {logging_mixin.py:190} INFO - [2024-10-22T03:35:34.156+0000] {dag.py:4180} INFO - Setting next_dagrun for example_sensors to None, run_after=None
[2024-10-22T03:35:34.175+0000] {processor.py:208} INFO - Processing /home/airflow/.local/lib/python3.12/site-packages/airflow/example_dags/example_sensors.py took 0.099 seconds
[2024-10-22T03:36:04.441+0000] {processor.py:186} INFO - Started process (PID=57062) to work on /home/airflow/.local/lib/python3.12/site-packages/airflow/example_dags/example_sensors.py
[2024-10-22T03:36:04.442+0000] {processor.py:914} INFO - Processing file /home/airflow/.local/lib/python3.12/site-packages/airflow/example_dags/example_sensors.py for tasks to queue
[2024-10-22T03:36:04.443+0000] {logging_mixin.py:190} INFO - [2024-10-22T03:36:04.443+0000] {dagbag.py:588} INFO - Filling up the DagBag from /home/airflow/.local/lib/python3.12/site-packages/airflow/example_dags/example_sensors.py
[2024-10-22T03:36:04.456+0000] {processor.py:925} INFO - DAG(s) 'example_sensors' retrieved from /home/airflow/.local/lib/python3.12/site-packages/airflow/example_dags/example_sensors.py
[2024-10-22T03:36:04.487+0000] {logging_mixin.py:190} INFO - [2024-10-22T03:36:04.487+0000] {dag.py:3239} INFO - Sync 1 DAGs
[2024-10-22T03:36:04.503+0000] {logging_mixin.py:190} INFO - [2024-10-22T03:36:04.502+0000] {dag.py:4180} INFO - Setting next_dagrun for example_sensors to None, run_after=None
[2024-10-22T03:36:04.520+0000] {processor.py:208} INFO - Processing /home/airflow/.local/lib/python3.12/site-packages/airflow/example_dags/example_sensors.py took 0.087 seconds
[2024-10-22T03:36:34.903+0000] {processor.py:186} INFO - Started process (PID=57129) to work on /home/airflow/.local/lib/python3.12/site-packages/airflow/example_dags/example_sensors.py
[2024-10-22T03:36:34.904+0000] {processor.py:914} INFO - Processing file /home/airflow/.local/lib/python3.12/site-packages/airflow/example_dags/example_sensors.py for tasks to queue
[2024-10-22T03:36:34.906+0000] {logging_mixin.py:190} INFO - [2024-10-22T03:36:34.906+0000] {dagbag.py:588} INFO - Filling up the DagBag from /home/airflow/.local/lib/python3.12/site-packages/airflow/example_dags/example_sensors.py
[2024-10-22T03:36:34.918+0000] {processor.py:925} INFO - DAG(s) 'example_sensors' retrieved from /home/airflow/.local/lib/python3.12/site-packages/airflow/example_dags/example_sensors.py
[2024-10-22T03:36:34.949+0000] {logging_mixin.py:190} INFO - [2024-10-22T03:36:34.948+0000] {dag.py:3239} INFO - Sync 1 DAGs
[2024-10-22T03:36:34.966+0000] {logging_mixin.py:190} INFO - [2024-10-22T03:36:34.965+0000] {dag.py:4180} INFO - Setting next_dagrun for example_sensors to None, run_after=None
[2024-10-22T03:36:34.983+0000] {processor.py:208} INFO - Processing /home/airflow/.local/lib/python3.12/site-packages/airflow/example_dags/example_sensors.py took 0.087 seconds
[2024-10-22T03:37:05.672+0000] {processor.py:186} INFO - Started process (PID=57196) to work on /home/airflow/.local/lib/python3.12/site-packages/airflow/example_dags/example_sensors.py
[2024-10-22T03:37:05.674+0000] {processor.py:914} INFO - Processing file /home/airflow/.local/lib/python3.12/site-packages/airflow/example_dags/example_sensors.py for tasks to queue
[2024-10-22T03:37:05.675+0000] {logging_mixin.py:190} INFO - [2024-10-22T03:37:05.675+0000] {dagbag.py:588} INFO - Filling up the DagBag from /home/airflow/.local/lib/python3.12/site-packages/airflow/example_dags/example_sensors.py
[2024-10-22T03:37:05.687+0000] {processor.py:925} INFO - DAG(s) 'example_sensors' retrieved from /home/airflow/.local/lib/python3.12/site-packages/airflow/example_dags/example_sensors.py
[2024-10-22T03:37:05.722+0000] {logging_mixin.py:190} INFO - [2024-10-22T03:37:05.721+0000] {dag.py:3239} INFO - Sync 1 DAGs
[2024-10-22T03:37:05.739+0000] {logging_mixin.py:190} INFO - [2024-10-22T03:37:05.739+0000] {dag.py:4180} INFO - Setting next_dagrun for example_sensors to None, run_after=None
[2024-10-22T03:37:05.762+0000] {processor.py:208} INFO - Processing /home/airflow/.local/lib/python3.12/site-packages/airflow/example_dags/example_sensors.py took 0.097 seconds
[2024-10-22T03:37:36.344+0000] {processor.py:186} INFO - Started process (PID=57263) to work on /home/airflow/.local/lib/python3.12/site-packages/airflow/example_dags/example_sensors.py
[2024-10-22T03:37:36.345+0000] {processor.py:914} INFO - Processing file /home/airflow/.local/lib/python3.12/site-packages/airflow/example_dags/example_sensors.py for tasks to queue
[2024-10-22T03:37:36.346+0000] {logging_mixin.py:190} INFO - [2024-10-22T03:37:36.346+0000] {dagbag.py:588} INFO - Filling up the DagBag from /home/airflow/.local/lib/python3.12/site-packages/airflow/example_dags/example_sensors.py
[2024-10-22T03:37:36.359+0000] {processor.py:925} INFO - DAG(s) 'example_sensors' retrieved from /home/airflow/.local/lib/python3.12/site-packages/airflow/example_dags/example_sensors.py
[2024-10-22T03:37:36.391+0000] {logging_mixin.py:190} INFO - [2024-10-22T03:37:36.391+0000] {dag.py:3239} INFO - Sync 1 DAGs
[2024-10-22T03:37:36.421+0000] {logging_mixin.py:190} INFO - [2024-10-22T03:37:36.420+0000] {dag.py:4180} INFO - Setting next_dagrun for example_sensors to None, run_after=None
[2024-10-22T03:37:36.444+0000] {processor.py:208} INFO - Processing /home/airflow/.local/lib/python3.12/site-packages/airflow/example_dags/example_sensors.py took 0.108 seconds
[2024-10-22T03:38:06.977+0000] {processor.py:186} INFO - Started process (PID=57330) to work on /home/airflow/.local/lib/python3.12/site-packages/airflow/example_dags/example_sensors.py
[2024-10-22T03:38:06.978+0000] {processor.py:914} INFO - Processing file /home/airflow/.local/lib/python3.12/site-packages/airflow/example_dags/example_sensors.py for tasks to queue
[2024-10-22T03:38:06.980+0000] {logging_mixin.py:190} INFO - [2024-10-22T03:38:06.979+0000] {dagbag.py:588} INFO - Filling up the DagBag from /home/airflow/.local/lib/python3.12/site-packages/airflow/example_dags/example_sensors.py
[2024-10-22T03:38:06.991+0000] {processor.py:925} INFO - DAG(s) 'example_sensors' retrieved from /home/airflow/.local/lib/python3.12/site-packages/airflow/example_dags/example_sensors.py
[2024-10-22T03:38:07.022+0000] {logging_mixin.py:190} INFO - [2024-10-22T03:38:07.022+0000] {dag.py:3239} INFO - Sync 1 DAGs
[2024-10-22T03:38:07.038+0000] {logging_mixin.py:190} INFO - [2024-10-22T03:38:07.038+0000] {dag.py:4180} INFO - Setting next_dagrun for example_sensors to None, run_after=None
[2024-10-22T03:38:07.057+0000] {processor.py:208} INFO - Processing /home/airflow/.local/lib/python3.12/site-packages/airflow/example_dags/example_sensors.py took 0.087 seconds
[2024-10-22T03:38:37.334+0000] {processor.py:186} INFO - Started process (PID=57397) to work on /home/airflow/.local/lib/python3.12/site-packages/airflow/example_dags/example_sensors.py
[2024-10-22T03:38:37.335+0000] {processor.py:914} INFO - Processing file /home/airflow/.local/lib/python3.12/site-packages/airflow/example_dags/example_sensors.py for tasks to queue
[2024-10-22T03:38:37.337+0000] {logging_mixin.py:190} INFO - [2024-10-22T03:38:37.336+0000] {dagbag.py:588} INFO - Filling up the DagBag from /home/airflow/.local/lib/python3.12/site-packages/airflow/example_dags/example_sensors.py
[2024-10-22T03:38:37.349+0000] {processor.py:925} INFO - DAG(s) 'example_sensors' retrieved from /home/airflow/.local/lib/python3.12/site-packages/airflow/example_dags/example_sensors.py
[2024-10-22T03:38:37.387+0000] {logging_mixin.py:190} INFO - [2024-10-22T03:38:37.387+0000] {dag.py:3239} INFO - Sync 1 DAGs
[2024-10-22T03:38:37.406+0000] {logging_mixin.py:190} INFO - [2024-10-22T03:38:37.406+0000] {dag.py:4180} INFO - Setting next_dagrun for example_sensors to None, run_after=None
[2024-10-22T03:38:37.427+0000] {processor.py:208} INFO - Processing /home/airflow/.local/lib/python3.12/site-packages/airflow/example_dags/example_sensors.py took 0.100 seconds
[2024-10-22T03:39:07.508+0000] {processor.py:186} INFO - Started process (PID=57464) to work on /home/airflow/.local/lib/python3.12/site-packages/airflow/example_dags/example_sensors.py
[2024-10-22T03:39:07.509+0000] {processor.py:914} INFO - Processing file /home/airflow/.local/lib/python3.12/site-packages/airflow/example_dags/example_sensors.py for tasks to queue
[2024-10-22T03:39:07.511+0000] {logging_mixin.py:190} INFO - [2024-10-22T03:39:07.510+0000] {dagbag.py:588} INFO - Filling up the DagBag from /home/airflow/.local/lib/python3.12/site-packages/airflow/example_dags/example_sensors.py
[2024-10-22T03:39:07.522+0000] {processor.py:925} INFO - DAG(s) 'example_sensors' retrieved from /home/airflow/.local/lib/python3.12/site-packages/airflow/example_dags/example_sensors.py
[2024-10-22T03:39:07.553+0000] {logging_mixin.py:190} INFO - [2024-10-22T03:39:07.553+0000] {dag.py:3239} INFO - Sync 1 DAGs
[2024-10-22T03:39:07.569+0000] {logging_mixin.py:190} INFO - [2024-10-22T03:39:07.569+0000] {dag.py:4180} INFO - Setting next_dagrun for example_sensors to None, run_after=None
[2024-10-22T03:39:07.587+0000] {processor.py:208} INFO - Processing /home/airflow/.local/lib/python3.12/site-packages/airflow/example_dags/example_sensors.py took 0.086 seconds
[2024-10-22T03:39:37.918+0000] {processor.py:186} INFO - Started process (PID=57531) to work on /home/airflow/.local/lib/python3.12/site-packages/airflow/example_dags/example_sensors.py
[2024-10-22T03:39:37.919+0000] {processor.py:914} INFO - Processing file /home/airflow/.local/lib/python3.12/site-packages/airflow/example_dags/example_sensors.py for tasks to queue
[2024-10-22T03:39:37.920+0000] {logging_mixin.py:190} INFO - [2024-10-22T03:39:37.920+0000] {dagbag.py:588} INFO - Filling up the DagBag from /home/airflow/.local/lib/python3.12/site-packages/airflow/example_dags/example_sensors.py
[2024-10-22T03:39:37.934+0000] {processor.py:925} INFO - DAG(s) 'example_sensors' retrieved from /home/airflow/.local/lib/python3.12/site-packages/airflow/example_dags/example_sensors.py
[2024-10-22T03:39:37.967+0000] {logging_mixin.py:190} INFO - [2024-10-22T03:39:37.967+0000] {dag.py:3239} INFO - Sync 1 DAGs
[2024-10-22T03:39:37.983+0000] {logging_mixin.py:190} INFO - [2024-10-22T03:39:37.983+0000] {dag.py:4180} INFO - Setting next_dagrun for example_sensors to None, run_after=None
[2024-10-22T03:39:37.999+0000] {processor.py:208} INFO - Processing /home/airflow/.local/lib/python3.12/site-packages/airflow/example_dags/example_sensors.py took 0.089 seconds
[2024-10-22T03:40:08.125+0000] {processor.py:186} INFO - Started process (PID=57598) to work on /home/airflow/.local/lib/python3.12/site-packages/airflow/example_dags/example_sensors.py
[2024-10-22T03:40:08.127+0000] {processor.py:914} INFO - Processing file /home/airflow/.local/lib/python3.12/site-packages/airflow/example_dags/example_sensors.py for tasks to queue
[2024-10-22T03:40:08.128+0000] {logging_mixin.py:190} INFO - [2024-10-22T03:40:08.128+0000] {dagbag.py:588} INFO - Filling up the DagBag from /home/airflow/.local/lib/python3.12/site-packages/airflow/example_dags/example_sensors.py
[2024-10-22T03:40:08.140+0000] {processor.py:925} INFO - DAG(s) 'example_sensors' retrieved from /home/airflow/.local/lib/python3.12/site-packages/airflow/example_dags/example_sensors.py
[2024-10-22T03:40:08.178+0000] {logging_mixin.py:190} INFO - [2024-10-22T03:40:08.177+0000] {dag.py:3239} INFO - Sync 1 DAGs
[2024-10-22T03:40:08.194+0000] {logging_mixin.py:190} INFO - [2024-10-22T03:40:08.193+0000] {dag.py:4180} INFO - Setting next_dagrun for example_sensors to None, run_after=None
[2024-10-22T03:40:08.212+0000] {processor.py:208} INFO - Processing /home/airflow/.local/lib/python3.12/site-packages/airflow/example_dags/example_sensors.py took 0.095 seconds
[2024-10-22T03:40:38.422+0000] {processor.py:186} INFO - Started process (PID=57665) to work on /home/airflow/.local/lib/python3.12/site-packages/airflow/example_dags/example_sensors.py
[2024-10-22T03:40:38.423+0000] {processor.py:914} INFO - Processing file /home/airflow/.local/lib/python3.12/site-packages/airflow/example_dags/example_sensors.py for tasks to queue
[2024-10-22T03:40:38.424+0000] {logging_mixin.py:190} INFO - [2024-10-22T03:40:38.424+0000] {dagbag.py:588} INFO - Filling up the DagBag from /home/airflow/.local/lib/python3.12/site-packages/airflow/example_dags/example_sensors.py
[2024-10-22T03:40:38.436+0000] {processor.py:925} INFO - DAG(s) 'example_sensors' retrieved from /home/airflow/.local/lib/python3.12/site-packages/airflow/example_dags/example_sensors.py
[2024-10-22T03:40:38.466+0000] {logging_mixin.py:190} INFO - [2024-10-22T03:40:38.465+0000] {dag.py:3239} INFO - Sync 1 DAGs
[2024-10-22T03:40:38.482+0000] {logging_mixin.py:190} INFO - [2024-10-22T03:40:38.481+0000] {dag.py:4180} INFO - Setting next_dagrun for example_sensors to None, run_after=None
[2024-10-22T03:40:38.500+0000] {processor.py:208} INFO - Processing /home/airflow/.local/lib/python3.12/site-packages/airflow/example_dags/example_sensors.py took 0.086 seconds
[2024-10-22T03:41:09.632+0000] {processor.py:186} INFO - Started process (PID=57732) to work on /home/airflow/.local/lib/python3.12/site-packages/airflow/example_dags/example_sensors.py
[2024-10-22T03:41:09.633+0000] {processor.py:914} INFO - Processing file /home/airflow/.local/lib/python3.12/site-packages/airflow/example_dags/example_sensors.py for tasks to queue
[2024-10-22T03:41:09.634+0000] {logging_mixin.py:190} INFO - [2024-10-22T03:41:09.634+0000] {dagbag.py:588} INFO - Filling up the DagBag from /home/airflow/.local/lib/python3.12/site-packages/airflow/example_dags/example_sensors.py
[2024-10-22T03:41:09.647+0000] {processor.py:925} INFO - DAG(s) 'example_sensors' retrieved from /home/airflow/.local/lib/python3.12/site-packages/airflow/example_dags/example_sensors.py
[2024-10-22T03:41:09.677+0000] {logging_mixin.py:190} INFO - [2024-10-22T03:41:09.676+0000] {dag.py:3239} INFO - Sync 1 DAGs
[2024-10-22T03:41:09.697+0000] {logging_mixin.py:190} INFO - [2024-10-22T03:41:09.696+0000] {dag.py:4180} INFO - Setting next_dagrun for example_sensors to None, run_after=None
[2024-10-22T03:41:09.718+0000] {processor.py:208} INFO - Processing /home/airflow/.local/lib/python3.12/site-packages/airflow/example_dags/example_sensors.py took 0.094 seconds
[2024-10-22T03:41:41.093+0000] {processor.py:186} INFO - Started process (PID=57799) to work on /home/airflow/.local/lib/python3.12/site-packages/airflow/example_dags/example_sensors.py
[2024-10-22T03:41:41.094+0000] {processor.py:914} INFO - Processing file /home/airflow/.local/lib/python3.12/site-packages/airflow/example_dags/example_sensors.py for tasks to queue
[2024-10-22T03:41:41.096+0000] {logging_mixin.py:190} INFO - [2024-10-22T03:41:41.095+0000] {dagbag.py:588} INFO - Filling up the DagBag from /home/airflow/.local/lib/python3.12/site-packages/airflow/example_dags/example_sensors.py
[2024-10-22T03:41:41.111+0000] {processor.py:925} INFO - DAG(s) 'example_sensors' retrieved from /home/airflow/.local/lib/python3.12/site-packages/airflow/example_dags/example_sensors.py
[2024-10-22T03:41:41.148+0000] {logging_mixin.py:190} INFO - [2024-10-22T03:41:41.148+0000] {dag.py:3239} INFO - Sync 1 DAGs
[2024-10-22T03:41:41.180+0000] {logging_mixin.py:190} INFO - [2024-10-22T03:41:41.180+0000] {dag.py:4180} INFO - Setting next_dagrun for example_sensors to None, run_after=None
[2024-10-22T03:41:41.202+0000] {processor.py:208} INFO - Processing /home/airflow/.local/lib/python3.12/site-packages/airflow/example_dags/example_sensors.py took 0.119 seconds
[2024-10-22T03:42:11.682+0000] {processor.py:186} INFO - Started process (PID=57866) to work on /home/airflow/.local/lib/python3.12/site-packages/airflow/example_dags/example_sensors.py
[2024-10-22T03:42:11.684+0000] {processor.py:914} INFO - Processing file /home/airflow/.local/lib/python3.12/site-packages/airflow/example_dags/example_sensors.py for tasks to queue
[2024-10-22T03:42:11.685+0000] {logging_mixin.py:190} INFO - [2024-10-22T03:42:11.685+0000] {dagbag.py:588} INFO - Filling up the DagBag from /home/airflow/.local/lib/python3.12/site-packages/airflow/example_dags/example_sensors.py
[2024-10-22T03:42:11.699+0000] {processor.py:925} INFO - DAG(s) 'example_sensors' retrieved from /home/airflow/.local/lib/python3.12/site-packages/airflow/example_dags/example_sensors.py
[2024-10-22T03:42:11.730+0000] {logging_mixin.py:190} INFO - [2024-10-22T03:42:11.730+0000] {dag.py:3239} INFO - Sync 1 DAGs
[2024-10-22T03:42:11.746+0000] {logging_mixin.py:190} INFO - [2024-10-22T03:42:11.746+0000] {dag.py:4180} INFO - Setting next_dagrun for example_sensors to None, run_after=None
[2024-10-22T03:42:11.765+0000] {processor.py:208} INFO - Processing /home/airflow/.local/lib/python3.12/site-packages/airflow/example_dags/example_sensors.py took 0.092 seconds
[2024-10-22T03:42:42.567+0000] {processor.py:186} INFO - Started process (PID=57933) to work on /home/airflow/.local/lib/python3.12/site-packages/airflow/example_dags/example_sensors.py
[2024-10-22T03:42:42.568+0000] {processor.py:914} INFO - Processing file /home/airflow/.local/lib/python3.12/site-packages/airflow/example_dags/example_sensors.py for tasks to queue
[2024-10-22T03:42:42.570+0000] {logging_mixin.py:190} INFO - [2024-10-22T03:42:42.569+0000] {dagbag.py:588} INFO - Filling up the DagBag from /home/airflow/.local/lib/python3.12/site-packages/airflow/example_dags/example_sensors.py
[2024-10-22T03:42:42.583+0000] {processor.py:925} INFO - DAG(s) 'example_sensors' retrieved from /home/airflow/.local/lib/python3.12/site-packages/airflow/example_dags/example_sensors.py
[2024-10-22T03:42:42.614+0000] {logging_mixin.py:190} INFO - [2024-10-22T03:42:42.614+0000] {dag.py:3239} INFO - Sync 1 DAGs
[2024-10-22T03:42:42.633+0000] {logging_mixin.py:190} INFO - [2024-10-22T03:42:42.632+0000] {dag.py:4180} INFO - Setting next_dagrun for example_sensors to None, run_after=None
[2024-10-22T03:42:42.652+0000] {processor.py:208} INFO - Processing /home/airflow/.local/lib/python3.12/site-packages/airflow/example_dags/example_sensors.py took 0.092 seconds
[2024-10-22T03:43:13.162+0000] {processor.py:186} INFO - Started process (PID=58000) to work on /home/airflow/.local/lib/python3.12/site-packages/airflow/example_dags/example_sensors.py
[2024-10-22T03:43:13.163+0000] {processor.py:914} INFO - Processing file /home/airflow/.local/lib/python3.12/site-packages/airflow/example_dags/example_sensors.py for tasks to queue
[2024-10-22T03:43:13.168+0000] {logging_mixin.py:190} INFO - [2024-10-22T03:43:13.167+0000] {dagbag.py:588} INFO - Filling up the DagBag from /home/airflow/.local/lib/python3.12/site-packages/airflow/example_dags/example_sensors.py
[2024-10-22T03:43:13.188+0000] {processor.py:925} INFO - DAG(s) 'example_sensors' retrieved from /home/airflow/.local/lib/python3.12/site-packages/airflow/example_dags/example_sensors.py
[2024-10-22T03:43:13.219+0000] {logging_mixin.py:190} INFO - [2024-10-22T03:43:13.219+0000] {dag.py:3239} INFO - Sync 1 DAGs
[2024-10-22T03:43:13.235+0000] {logging_mixin.py:190} INFO - [2024-10-22T03:43:13.235+0000] {dag.py:4180} INFO - Setting next_dagrun for example_sensors to None, run_after=None
[2024-10-22T03:43:13.254+0000] {processor.py:208} INFO - Processing /home/airflow/.local/lib/python3.12/site-packages/airflow/example_dags/example_sensors.py took 0.099 seconds
[2024-10-22T03:43:43.755+0000] {processor.py:186} INFO - Started process (PID=58067) to work on /home/airflow/.local/lib/python3.12/site-packages/airflow/example_dags/example_sensors.py
[2024-10-22T03:43:43.756+0000] {processor.py:914} INFO - Processing file /home/airflow/.local/lib/python3.12/site-packages/airflow/example_dags/example_sensors.py for tasks to queue
[2024-10-22T03:43:43.758+0000] {logging_mixin.py:190} INFO - [2024-10-22T03:43:43.757+0000] {dagbag.py:588} INFO - Filling up the DagBag from /home/airflow/.local/lib/python3.12/site-packages/airflow/example_dags/example_sensors.py
[2024-10-22T03:43:43.770+0000] {processor.py:925} INFO - DAG(s) 'example_sensors' retrieved from /home/airflow/.local/lib/python3.12/site-packages/airflow/example_dags/example_sensors.py
[2024-10-22T03:43:43.801+0000] {logging_mixin.py:190} INFO - [2024-10-22T03:43:43.801+0000] {dag.py:3239} INFO - Sync 1 DAGs
[2024-10-22T03:43:43.817+0000] {logging_mixin.py:190} INFO - [2024-10-22T03:43:43.817+0000] {dag.py:4180} INFO - Setting next_dagrun for example_sensors to None, run_after=None
[2024-10-22T03:43:43.837+0000] {processor.py:208} INFO - Processing /home/airflow/.local/lib/python3.12/site-packages/airflow/example_dags/example_sensors.py took 0.089 seconds
[2024-10-22T03:44:14.399+0000] {processor.py:186} INFO - Started process (PID=58134) to work on /home/airflow/.local/lib/python3.12/site-packages/airflow/example_dags/example_sensors.py
[2024-10-22T03:44:14.401+0000] {processor.py:914} INFO - Processing file /home/airflow/.local/lib/python3.12/site-packages/airflow/example_dags/example_sensors.py for tasks to queue
[2024-10-22T03:44:14.402+0000] {logging_mixin.py:190} INFO - [2024-10-22T03:44:14.402+0000] {dagbag.py:588} INFO - Filling up the DagBag from /home/airflow/.local/lib/python3.12/site-packages/airflow/example_dags/example_sensors.py
[2024-10-22T03:44:14.414+0000] {processor.py:925} INFO - DAG(s) 'example_sensors' retrieved from /home/airflow/.local/lib/python3.12/site-packages/airflow/example_dags/example_sensors.py
[2024-10-22T03:44:14.446+0000] {logging_mixin.py:190} INFO - [2024-10-22T03:44:14.446+0000] {dag.py:3239} INFO - Sync 1 DAGs
[2024-10-22T03:44:14.463+0000] {logging_mixin.py:190} INFO - [2024-10-22T03:44:14.463+0000] {dag.py:4180} INFO - Setting next_dagrun for example_sensors to None, run_after=None
[2024-10-22T03:44:14.481+0000] {processor.py:208} INFO - Processing /home/airflow/.local/lib/python3.12/site-packages/airflow/example_dags/example_sensors.py took 0.089 seconds
[2024-10-22T03:44:44.827+0000] {processor.py:186} INFO - Started process (PID=58201) to work on /home/airflow/.local/lib/python3.12/site-packages/airflow/example_dags/example_sensors.py
[2024-10-22T03:44:44.829+0000] {processor.py:914} INFO - Processing file /home/airflow/.local/lib/python3.12/site-packages/airflow/example_dags/example_sensors.py for tasks to queue
[2024-10-22T03:44:44.830+0000] {logging_mixin.py:190} INFO - [2024-10-22T03:44:44.830+0000] {dagbag.py:588} INFO - Filling up the DagBag from /home/airflow/.local/lib/python3.12/site-packages/airflow/example_dags/example_sensors.py
[2024-10-22T03:44:44.842+0000] {processor.py:925} INFO - DAG(s) 'example_sensors' retrieved from /home/airflow/.local/lib/python3.12/site-packages/airflow/example_dags/example_sensors.py
[2024-10-22T03:44:44.873+0000] {logging_mixin.py:190} INFO - [2024-10-22T03:44:44.873+0000] {dag.py:3239} INFO - Sync 1 DAGs
[2024-10-22T03:44:44.889+0000] {logging_mixin.py:190} INFO - [2024-10-22T03:44:44.889+0000] {dag.py:4180} INFO - Setting next_dagrun for example_sensors to None, run_after=None
[2024-10-22T03:44:44.907+0000] {processor.py:208} INFO - Processing /home/airflow/.local/lib/python3.12/site-packages/airflow/example_dags/example_sensors.py took 0.087 seconds
[2024-10-22T03:45:15.221+0000] {processor.py:186} INFO - Started process (PID=58268) to work on /home/airflow/.local/lib/python3.12/site-packages/airflow/example_dags/example_sensors.py
[2024-10-22T03:45:15.222+0000] {processor.py:914} INFO - Processing file /home/airflow/.local/lib/python3.12/site-packages/airflow/example_dags/example_sensors.py for tasks to queue
[2024-10-22T03:45:15.223+0000] {logging_mixin.py:190} INFO - [2024-10-22T03:45:15.223+0000] {dagbag.py:588} INFO - Filling up the DagBag from /home/airflow/.local/lib/python3.12/site-packages/airflow/example_dags/example_sensors.py
[2024-10-22T03:45:15.250+0000] {processor.py:925} INFO - DAG(s) 'example_sensors' retrieved from /home/airflow/.local/lib/python3.12/site-packages/airflow/example_dags/example_sensors.py
[2024-10-22T03:45:15.281+0000] {logging_mixin.py:190} INFO - [2024-10-22T03:45:15.281+0000] {dag.py:3239} INFO - Sync 1 DAGs
[2024-10-22T03:45:15.299+0000] {logging_mixin.py:190} INFO - [2024-10-22T03:45:15.299+0000] {dag.py:4180} INFO - Setting next_dagrun for example_sensors to None, run_after=None
[2024-10-22T03:45:15.317+0000] {processor.py:208} INFO - Processing /home/airflow/.local/lib/python3.12/site-packages/airflow/example_dags/example_sensors.py took 0.104 seconds
[2024-10-22T03:45:45.551+0000] {processor.py:186} INFO - Started process (PID=58334) to work on /home/airflow/.local/lib/python3.12/site-packages/airflow/example_dags/example_sensors.py
[2024-10-22T03:45:45.552+0000] {processor.py:914} INFO - Processing file /home/airflow/.local/lib/python3.12/site-packages/airflow/example_dags/example_sensors.py for tasks to queue
[2024-10-22T03:45:45.554+0000] {logging_mixin.py:190} INFO - [2024-10-22T03:45:45.554+0000] {dagbag.py:588} INFO - Filling up the DagBag from /home/airflow/.local/lib/python3.12/site-packages/airflow/example_dags/example_sensors.py
[2024-10-22T03:45:45.568+0000] {processor.py:925} INFO - DAG(s) 'example_sensors' retrieved from /home/airflow/.local/lib/python3.12/site-packages/airflow/example_dags/example_sensors.py
[2024-10-22T03:45:45.603+0000] {logging_mixin.py:190} INFO - [2024-10-22T03:45:45.603+0000] {dag.py:3239} INFO - Sync 1 DAGs
[2024-10-22T03:45:45.619+0000] {logging_mixin.py:190} INFO - [2024-10-22T03:45:45.619+0000] {dag.py:4180} INFO - Setting next_dagrun for example_sensors to None, run_after=None
[2024-10-22T03:45:45.637+0000] {processor.py:208} INFO - Processing /home/airflow/.local/lib/python3.12/site-packages/airflow/example_dags/example_sensors.py took 0.095 seconds
[2024-10-22T03:46:15.763+0000] {processor.py:186} INFO - Started process (PID=58401) to work on /home/airflow/.local/lib/python3.12/site-packages/airflow/example_dags/example_sensors.py
[2024-10-22T03:46:15.764+0000] {processor.py:914} INFO - Processing file /home/airflow/.local/lib/python3.12/site-packages/airflow/example_dags/example_sensors.py for tasks to queue
[2024-10-22T03:46:15.765+0000] {logging_mixin.py:190} INFO - [2024-10-22T03:46:15.765+0000] {dagbag.py:588} INFO - Filling up the DagBag from /home/airflow/.local/lib/python3.12/site-packages/airflow/example_dags/example_sensors.py
[2024-10-22T03:46:15.777+0000] {processor.py:925} INFO - DAG(s) 'example_sensors' retrieved from /home/airflow/.local/lib/python3.12/site-packages/airflow/example_dags/example_sensors.py
[2024-10-22T03:46:15.815+0000] {logging_mixin.py:190} INFO - [2024-10-22T03:46:15.815+0000] {dag.py:3239} INFO - Sync 1 DAGs
[2024-10-22T03:46:15.831+0000] {logging_mixin.py:190} INFO - [2024-10-22T03:46:15.831+0000] {dag.py:4180} INFO - Setting next_dagrun for example_sensors to None, run_after=None
[2024-10-22T03:46:15.848+0000] {processor.py:208} INFO - Processing /home/airflow/.local/lib/python3.12/site-packages/airflow/example_dags/example_sensors.py took 0.093 seconds
[2024-10-22T03:46:46.257+0000] {processor.py:186} INFO - Started process (PID=58468) to work on /home/airflow/.local/lib/python3.12/site-packages/airflow/example_dags/example_sensors.py
[2024-10-22T03:46:46.258+0000] {processor.py:914} INFO - Processing file /home/airflow/.local/lib/python3.12/site-packages/airflow/example_dags/example_sensors.py for tasks to queue
[2024-10-22T03:46:46.260+0000] {logging_mixin.py:190} INFO - [2024-10-22T03:46:46.259+0000] {dagbag.py:588} INFO - Filling up the DagBag from /home/airflow/.local/lib/python3.12/site-packages/airflow/example_dags/example_sensors.py
[2024-10-22T03:46:46.271+0000] {processor.py:925} INFO - DAG(s) 'example_sensors' retrieved from /home/airflow/.local/lib/python3.12/site-packages/airflow/example_dags/example_sensors.py
[2024-10-22T03:46:46.302+0000] {logging_mixin.py:190} INFO - [2024-10-22T03:46:46.302+0000] {dag.py:3239} INFO - Sync 1 DAGs
[2024-10-22T03:46:46.318+0000] {logging_mixin.py:190} INFO - [2024-10-22T03:46:46.317+0000] {dag.py:4180} INFO - Setting next_dagrun for example_sensors to None, run_after=None
[2024-10-22T03:46:46.335+0000] {processor.py:208} INFO - Processing /home/airflow/.local/lib/python3.12/site-packages/airflow/example_dags/example_sensors.py took 0.085 seconds
[2024-10-22T03:47:16.497+0000] {processor.py:186} INFO - Started process (PID=58535) to work on /home/airflow/.local/lib/python3.12/site-packages/airflow/example_dags/example_sensors.py
[2024-10-22T03:47:16.498+0000] {processor.py:914} INFO - Processing file /home/airflow/.local/lib/python3.12/site-packages/airflow/example_dags/example_sensors.py for tasks to queue
[2024-10-22T03:47:16.499+0000] {logging_mixin.py:190} INFO - [2024-10-22T03:47:16.499+0000] {dagbag.py:588} INFO - Filling up the DagBag from /home/airflow/.local/lib/python3.12/site-packages/airflow/example_dags/example_sensors.py
[2024-10-22T03:47:16.510+0000] {processor.py:925} INFO - DAG(s) 'example_sensors' retrieved from /home/airflow/.local/lib/python3.12/site-packages/airflow/example_dags/example_sensors.py
[2024-10-22T03:47:16.542+0000] {logging_mixin.py:190} INFO - [2024-10-22T03:47:16.542+0000] {dag.py:3239} INFO - Sync 1 DAGs
[2024-10-22T03:47:16.558+0000] {logging_mixin.py:190} INFO - [2024-10-22T03:47:16.557+0000] {dag.py:4180} INFO - Setting next_dagrun for example_sensors to None, run_after=None
[2024-10-22T03:47:16.575+0000] {processor.py:208} INFO - Processing /home/airflow/.local/lib/python3.12/site-packages/airflow/example_dags/example_sensors.py took 0.086 seconds
[2024-10-22T03:47:47.245+0000] {processor.py:186} INFO - Started process (PID=58602) to work on /home/airflow/.local/lib/python3.12/site-packages/airflow/example_dags/example_sensors.py
[2024-10-22T03:47:47.246+0000] {processor.py:914} INFO - Processing file /home/airflow/.local/lib/python3.12/site-packages/airflow/example_dags/example_sensors.py for tasks to queue
[2024-10-22T03:47:47.248+0000] {logging_mixin.py:190} INFO - [2024-10-22T03:47:47.247+0000] {dagbag.py:588} INFO - Filling up the DagBag from /home/airflow/.local/lib/python3.12/site-packages/airflow/example_dags/example_sensors.py
[2024-10-22T03:47:47.260+0000] {processor.py:925} INFO - DAG(s) 'example_sensors' retrieved from /home/airflow/.local/lib/python3.12/site-packages/airflow/example_dags/example_sensors.py
[2024-10-22T03:47:47.291+0000] {logging_mixin.py:190} INFO - [2024-10-22T03:47:47.291+0000] {dag.py:3239} INFO - Sync 1 DAGs
[2024-10-22T03:47:47.308+0000] {logging_mixin.py:190} INFO - [2024-10-22T03:47:47.308+0000] {dag.py:4180} INFO - Setting next_dagrun for example_sensors to None, run_after=None
[2024-10-22T03:47:47.326+0000] {processor.py:208} INFO - Processing /home/airflow/.local/lib/python3.12/site-packages/airflow/example_dags/example_sensors.py took 0.089 seconds
[2024-10-22T03:48:18.056+0000] {processor.py:186} INFO - Started process (PID=58668) to work on /home/airflow/.local/lib/python3.12/site-packages/airflow/example_dags/example_sensors.py
[2024-10-22T03:48:18.057+0000] {processor.py:914} INFO - Processing file /home/airflow/.local/lib/python3.12/site-packages/airflow/example_dags/example_sensors.py for tasks to queue
[2024-10-22T03:48:18.058+0000] {logging_mixin.py:190} INFO - [2024-10-22T03:48:18.058+0000] {dagbag.py:588} INFO - Filling up the DagBag from /home/airflow/.local/lib/python3.12/site-packages/airflow/example_dags/example_sensors.py
[2024-10-22T03:48:18.071+0000] {processor.py:925} INFO - DAG(s) 'example_sensors' retrieved from /home/airflow/.local/lib/python3.12/site-packages/airflow/example_dags/example_sensors.py
[2024-10-22T03:48:18.107+0000] {logging_mixin.py:190} INFO - [2024-10-22T03:48:18.107+0000] {dag.py:3239} INFO - Sync 1 DAGs
[2024-10-22T03:48:18.129+0000] {logging_mixin.py:190} INFO - [2024-10-22T03:48:18.129+0000] {dag.py:4180} INFO - Setting next_dagrun for example_sensors to None, run_after=None
[2024-10-22T03:48:18.148+0000] {processor.py:208} INFO - Processing /home/airflow/.local/lib/python3.12/site-packages/airflow/example_dags/example_sensors.py took 0.100 seconds
[2024-10-22T03:48:48.549+0000] {processor.py:186} INFO - Started process (PID=58735) to work on /home/airflow/.local/lib/python3.12/site-packages/airflow/example_dags/example_sensors.py
[2024-10-22T03:48:48.551+0000] {processor.py:914} INFO - Processing file /home/airflow/.local/lib/python3.12/site-packages/airflow/example_dags/example_sensors.py for tasks to queue
[2024-10-22T03:48:48.552+0000] {logging_mixin.py:190} INFO - [2024-10-22T03:48:48.551+0000] {dagbag.py:588} INFO - Filling up the DagBag from /home/airflow/.local/lib/python3.12/site-packages/airflow/example_dags/example_sensors.py
[2024-10-22T03:48:48.564+0000] {processor.py:925} INFO - DAG(s) 'example_sensors' retrieved from /home/airflow/.local/lib/python3.12/site-packages/airflow/example_dags/example_sensors.py
[2024-10-22T03:48:48.595+0000] {logging_mixin.py:190} INFO - [2024-10-22T03:48:48.594+0000] {dag.py:3239} INFO - Sync 1 DAGs
[2024-10-22T03:48:48.612+0000] {logging_mixin.py:190} INFO - [2024-10-22T03:48:48.611+0000] {dag.py:4180} INFO - Setting next_dagrun for example_sensors to None, run_after=None
[2024-10-22T03:48:48.632+0000] {processor.py:208} INFO - Processing /home/airflow/.local/lib/python3.12/site-packages/airflow/example_dags/example_sensors.py took 0.090 seconds
[2024-10-22T03:49:19.284+0000] {processor.py:186} INFO - Started process (PID=58802) to work on /home/airflow/.local/lib/python3.12/site-packages/airflow/example_dags/example_sensors.py
[2024-10-22T03:49:19.286+0000] {processor.py:914} INFO - Processing file /home/airflow/.local/lib/python3.12/site-packages/airflow/example_dags/example_sensors.py for tasks to queue
[2024-10-22T03:49:19.287+0000] {logging_mixin.py:190} INFO - [2024-10-22T03:49:19.287+0000] {dagbag.py:588} INFO - Filling up the DagBag from /home/airflow/.local/lib/python3.12/site-packages/airflow/example_dags/example_sensors.py
[2024-10-22T03:49:19.299+0000] {processor.py:925} INFO - DAG(s) 'example_sensors' retrieved from /home/airflow/.local/lib/python3.12/site-packages/airflow/example_dags/example_sensors.py
[2024-10-22T03:49:19.329+0000] {logging_mixin.py:190} INFO - [2024-10-22T03:49:19.329+0000] {dag.py:3239} INFO - Sync 1 DAGs
[2024-10-22T03:49:19.345+0000] {logging_mixin.py:190} INFO - [2024-10-22T03:49:19.345+0000] {dag.py:4180} INFO - Setting next_dagrun for example_sensors to None, run_after=None
[2024-10-22T03:49:19.364+0000] {processor.py:208} INFO - Processing /home/airflow/.local/lib/python3.12/site-packages/airflow/example_dags/example_sensors.py took 0.087 seconds
[2024-10-22T03:49:49.797+0000] {processor.py:186} INFO - Started process (PID=58869) to work on /home/airflow/.local/lib/python3.12/site-packages/airflow/example_dags/example_sensors.py
[2024-10-22T03:49:49.799+0000] {processor.py:914} INFO - Processing file /home/airflow/.local/lib/python3.12/site-packages/airflow/example_dags/example_sensors.py for tasks to queue
[2024-10-22T03:49:49.800+0000] {logging_mixin.py:190} INFO - [2024-10-22T03:49:49.800+0000] {dagbag.py:588} INFO - Filling up the DagBag from /home/airflow/.local/lib/python3.12/site-packages/airflow/example_dags/example_sensors.py
[2024-10-22T03:49:49.812+0000] {processor.py:925} INFO - DAG(s) 'example_sensors' retrieved from /home/airflow/.local/lib/python3.12/site-packages/airflow/example_dags/example_sensors.py
[2024-10-22T03:49:49.843+0000] {logging_mixin.py:190} INFO - [2024-10-22T03:49:49.842+0000] {dag.py:3239} INFO - Sync 1 DAGs
[2024-10-22T03:49:49.859+0000] {logging_mixin.py:190} INFO - [2024-10-22T03:49:49.859+0000] {dag.py:4180} INFO - Setting next_dagrun for example_sensors to None, run_after=None
[2024-10-22T03:49:49.881+0000] {processor.py:208} INFO - Processing /home/airflow/.local/lib/python3.12/site-packages/airflow/example_dags/example_sensors.py took 0.091 seconds
[2024-10-22T03:50:20.287+0000] {processor.py:186} INFO - Started process (PID=58936) to work on /home/airflow/.local/lib/python3.12/site-packages/airflow/example_dags/example_sensors.py
[2024-10-22T03:50:20.288+0000] {processor.py:914} INFO - Processing file /home/airflow/.local/lib/python3.12/site-packages/airflow/example_dags/example_sensors.py for tasks to queue
[2024-10-22T03:50:20.290+0000] {logging_mixin.py:190} INFO - [2024-10-22T03:50:20.289+0000] {dagbag.py:588} INFO - Filling up the DagBag from /home/airflow/.local/lib/python3.12/site-packages/airflow/example_dags/example_sensors.py
[2024-10-22T03:50:20.302+0000] {processor.py:925} INFO - DAG(s) 'example_sensors' retrieved from /home/airflow/.local/lib/python3.12/site-packages/airflow/example_dags/example_sensors.py
[2024-10-22T03:50:20.336+0000] {logging_mixin.py:190} INFO - [2024-10-22T03:50:20.335+0000] {dag.py:3239} INFO - Sync 1 DAGs
[2024-10-22T03:50:20.351+0000] {logging_mixin.py:190} INFO - [2024-10-22T03:50:20.351+0000] {dag.py:4180} INFO - Setting next_dagrun for example_sensors to None, run_after=None
[2024-10-22T03:50:20.369+0000] {processor.py:208} INFO - Processing /home/airflow/.local/lib/python3.12/site-packages/airflow/example_dags/example_sensors.py took 0.089 seconds
[2024-10-22T03:50:51.268+0000] {processor.py:186} INFO - Started process (PID=59003) to work on /home/airflow/.local/lib/python3.12/site-packages/airflow/example_dags/example_sensors.py
[2024-10-22T03:50:51.270+0000] {processor.py:914} INFO - Processing file /home/airflow/.local/lib/python3.12/site-packages/airflow/example_dags/example_sensors.py for tasks to queue
[2024-10-22T03:50:51.271+0000] {logging_mixin.py:190} INFO - [2024-10-22T03:50:51.271+0000] {dagbag.py:588} INFO - Filling up the DagBag from /home/airflow/.local/lib/python3.12/site-packages/airflow/example_dags/example_sensors.py
[2024-10-22T03:50:51.283+0000] {processor.py:925} INFO - DAG(s) 'example_sensors' retrieved from /home/airflow/.local/lib/python3.12/site-packages/airflow/example_dags/example_sensors.py
[2024-10-22T03:50:51.311+0000] {logging_mixin.py:190} INFO - [2024-10-22T03:50:51.310+0000] {dag.py:3239} INFO - Sync 1 DAGs
[2024-10-22T03:50:51.328+0000] {logging_mixin.py:190} INFO - [2024-10-22T03:50:51.327+0000] {dag.py:4180} INFO - Setting next_dagrun for example_sensors to None, run_after=None
[2024-10-22T03:50:51.345+0000] {processor.py:208} INFO - Processing /home/airflow/.local/lib/python3.12/site-packages/airflow/example_dags/example_sensors.py took 0.084 seconds
[2024-10-22T03:51:21.921+0000] {processor.py:186} INFO - Started process (PID=59070) to work on /home/airflow/.local/lib/python3.12/site-packages/airflow/example_dags/example_sensors.py
[2024-10-22T03:51:21.923+0000] {processor.py:914} INFO - Processing file /home/airflow/.local/lib/python3.12/site-packages/airflow/example_dags/example_sensors.py for tasks to queue
[2024-10-22T03:51:21.924+0000] {logging_mixin.py:190} INFO - [2024-10-22T03:51:21.924+0000] {dagbag.py:588} INFO - Filling up the DagBag from /home/airflow/.local/lib/python3.12/site-packages/airflow/example_dags/example_sensors.py
[2024-10-22T03:51:21.936+0000] {processor.py:925} INFO - DAG(s) 'example_sensors' retrieved from /home/airflow/.local/lib/python3.12/site-packages/airflow/example_dags/example_sensors.py
[2024-10-22T03:51:21.966+0000] {logging_mixin.py:190} INFO - [2024-10-22T03:51:21.966+0000] {dag.py:3239} INFO - Sync 1 DAGs
[2024-10-22T03:51:21.982+0000] {logging_mixin.py:190} INFO - [2024-10-22T03:51:21.982+0000] {dag.py:4180} INFO - Setting next_dagrun for example_sensors to None, run_after=None
[2024-10-22T03:51:22.000+0000] {processor.py:208} INFO - Processing /home/airflow/.local/lib/python3.12/site-packages/airflow/example_dags/example_sensors.py took 0.085 seconds
[2024-10-22T03:51:52.446+0000] {processor.py:186} INFO - Started process (PID=59137) to work on /home/airflow/.local/lib/python3.12/site-packages/airflow/example_dags/example_sensors.py
[2024-10-22T03:51:52.447+0000] {processor.py:914} INFO - Processing file /home/airflow/.local/lib/python3.12/site-packages/airflow/example_dags/example_sensors.py for tasks to queue
[2024-10-22T03:51:52.448+0000] {logging_mixin.py:190} INFO - [2024-10-22T03:51:52.448+0000] {dagbag.py:588} INFO - Filling up the DagBag from /home/airflow/.local/lib/python3.12/site-packages/airflow/example_dags/example_sensors.py
[2024-10-22T03:51:52.461+0000] {processor.py:925} INFO - DAG(s) 'example_sensors' retrieved from /home/airflow/.local/lib/python3.12/site-packages/airflow/example_dags/example_sensors.py
[2024-10-22T03:51:52.492+0000] {logging_mixin.py:190} INFO - [2024-10-22T03:51:52.492+0000] {dag.py:3239} INFO - Sync 1 DAGs
[2024-10-22T03:51:52.508+0000] {logging_mixin.py:190} INFO - [2024-10-22T03:51:52.508+0000] {dag.py:4180} INFO - Setting next_dagrun for example_sensors to None, run_after=None
[2024-10-22T03:51:52.527+0000] {processor.py:208} INFO - Processing /home/airflow/.local/lib/python3.12/site-packages/airflow/example_dags/example_sensors.py took 0.089 seconds
[2024-10-22T03:52:22.886+0000] {processor.py:186} INFO - Started process (PID=59204) to work on /home/airflow/.local/lib/python3.12/site-packages/airflow/example_dags/example_sensors.py
[2024-10-22T03:52:22.887+0000] {processor.py:914} INFO - Processing file /home/airflow/.local/lib/python3.12/site-packages/airflow/example_dags/example_sensors.py for tasks to queue
[2024-10-22T03:52:22.888+0000] {logging_mixin.py:190} INFO - [2024-10-22T03:52:22.888+0000] {dagbag.py:588} INFO - Filling up the DagBag from /home/airflow/.local/lib/python3.12/site-packages/airflow/example_dags/example_sensors.py
[2024-10-22T03:52:22.900+0000] {processor.py:925} INFO - DAG(s) 'example_sensors' retrieved from /home/airflow/.local/lib/python3.12/site-packages/airflow/example_dags/example_sensors.py
[2024-10-22T03:52:22.933+0000] {logging_mixin.py:190} INFO - [2024-10-22T03:52:22.933+0000] {dag.py:3239} INFO - Sync 1 DAGs
[2024-10-22T03:52:22.956+0000] {logging_mixin.py:190} INFO - [2024-10-22T03:52:22.955+0000] {dag.py:4180} INFO - Setting next_dagrun for example_sensors to None, run_after=None
[2024-10-22T03:52:22.979+0000] {processor.py:208} INFO - Processing /home/airflow/.local/lib/python3.12/site-packages/airflow/example_dags/example_sensors.py took 0.101 seconds
[2024-10-22T03:52:53.508+0000] {processor.py:186} INFO - Started process (PID=59270) to work on /home/airflow/.local/lib/python3.12/site-packages/airflow/example_dags/example_sensors.py
[2024-10-22T03:52:53.508+0000] {processor.py:914} INFO - Processing file /home/airflow/.local/lib/python3.12/site-packages/airflow/example_dags/example_sensors.py for tasks to queue
[2024-10-22T03:52:53.510+0000] {logging_mixin.py:190} INFO - [2024-10-22T03:52:53.509+0000] {dagbag.py:588} INFO - Filling up the DagBag from /home/airflow/.local/lib/python3.12/site-packages/airflow/example_dags/example_sensors.py
[2024-10-22T03:52:53.522+0000] {processor.py:925} INFO - DAG(s) 'example_sensors' retrieved from /home/airflow/.local/lib/python3.12/site-packages/airflow/example_dags/example_sensors.py
[2024-10-22T03:52:53.554+0000] {logging_mixin.py:190} INFO - [2024-10-22T03:52:53.553+0000] {dag.py:3239} INFO - Sync 1 DAGs
[2024-10-22T03:52:53.571+0000] {logging_mixin.py:190} INFO - [2024-10-22T03:52:53.571+0000] {dag.py:4180} INFO - Setting next_dagrun for example_sensors to None, run_after=None
[2024-10-22T03:52:53.589+0000] {processor.py:208} INFO - Processing /home/airflow/.local/lib/python3.12/site-packages/airflow/example_dags/example_sensors.py took 0.089 seconds
[2024-10-22T03:53:24.056+0000] {processor.py:186} INFO - Started process (PID=59337) to work on /home/airflow/.local/lib/python3.12/site-packages/airflow/example_dags/example_sensors.py
[2024-10-22T03:53:24.058+0000] {processor.py:914} INFO - Processing file /home/airflow/.local/lib/python3.12/site-packages/airflow/example_dags/example_sensors.py for tasks to queue
[2024-10-22T03:53:24.059+0000] {logging_mixin.py:190} INFO - [2024-10-22T03:53:24.059+0000] {dagbag.py:588} INFO - Filling up the DagBag from /home/airflow/.local/lib/python3.12/site-packages/airflow/example_dags/example_sensors.py
[2024-10-22T03:53:24.072+0000] {processor.py:925} INFO - DAG(s) 'example_sensors' retrieved from /home/airflow/.local/lib/python3.12/site-packages/airflow/example_dags/example_sensors.py
[2024-10-22T03:53:24.105+0000] {logging_mixin.py:190} INFO - [2024-10-22T03:53:24.105+0000] {dag.py:3239} INFO - Sync 1 DAGs
[2024-10-22T03:53:24.123+0000] {logging_mixin.py:190} INFO - [2024-10-22T03:53:24.123+0000] {dag.py:4180} INFO - Setting next_dagrun for example_sensors to None, run_after=None
[2024-10-22T03:53:24.142+0000] {processor.py:208} INFO - Processing /home/airflow/.local/lib/python3.12/site-packages/airflow/example_dags/example_sensors.py took 0.094 seconds
[2024-10-22T03:53:54.569+0000] {processor.py:186} INFO - Started process (PID=59404) to work on /home/airflow/.local/lib/python3.12/site-packages/airflow/example_dags/example_sensors.py
[2024-10-22T03:53:54.571+0000] {processor.py:914} INFO - Processing file /home/airflow/.local/lib/python3.12/site-packages/airflow/example_dags/example_sensors.py for tasks to queue
[2024-10-22T03:53:54.573+0000] {logging_mixin.py:190} INFO - [2024-10-22T03:53:54.572+0000] {dagbag.py:588} INFO - Filling up the DagBag from /home/airflow/.local/lib/python3.12/site-packages/airflow/example_dags/example_sensors.py
[2024-10-22T03:53:54.588+0000] {processor.py:925} INFO - DAG(s) 'example_sensors' retrieved from /home/airflow/.local/lib/python3.12/site-packages/airflow/example_dags/example_sensors.py
[2024-10-22T03:53:54.626+0000] {logging_mixin.py:190} INFO - [2024-10-22T03:53:54.626+0000] {dag.py:3239} INFO - Sync 1 DAGs
[2024-10-22T03:53:54.647+0000] {logging_mixin.py:190} INFO - [2024-10-22T03:53:54.646+0000] {dag.py:4180} INFO - Setting next_dagrun for example_sensors to None, run_after=None
[2024-10-22T03:53:54.668+0000] {processor.py:208} INFO - Processing /home/airflow/.local/lib/python3.12/site-packages/airflow/example_dags/example_sensors.py took 0.108 seconds
[2024-10-22T03:54:26.868+0000] {processor.py:186} INFO - Started process (PID=59472) to work on /home/airflow/.local/lib/python3.12/site-packages/airflow/example_dags/example_sensors.py
[2024-10-22T03:54:26.871+0000] {processor.py:914} INFO - Processing file /home/airflow/.local/lib/python3.12/site-packages/airflow/example_dags/example_sensors.py for tasks to queue
[2024-10-22T03:54:26.873+0000] {logging_mixin.py:190} INFO - [2024-10-22T03:54:26.872+0000] {dagbag.py:588} INFO - Filling up the DagBag from /home/airflow/.local/lib/python3.12/site-packages/airflow/example_dags/example_sensors.py
[2024-10-22T03:54:26.900+0000] {processor.py:925} INFO - DAG(s) 'example_sensors' retrieved from /home/airflow/.local/lib/python3.12/site-packages/airflow/example_dags/example_sensors.py
[2024-10-22T03:54:26.957+0000] {logging_mixin.py:190} INFO - [2024-10-22T03:54:26.957+0000] {dag.py:3239} INFO - Sync 1 DAGs
[2024-10-22T03:54:26.983+0000] {logging_mixin.py:190} INFO - [2024-10-22T03:54:26.982+0000] {dag.py:4180} INFO - Setting next_dagrun for example_sensors to None, run_after=None
[2024-10-22T03:54:27.014+0000] {processor.py:208} INFO - Processing /home/airflow/.local/lib/python3.12/site-packages/airflow/example_dags/example_sensors.py took 0.164 seconds
[2024-10-22T03:54:57.570+0000] {processor.py:186} INFO - Started process (PID=59539) to work on /home/airflow/.local/lib/python3.12/site-packages/airflow/example_dags/example_sensors.py
[2024-10-22T03:54:57.571+0000] {processor.py:914} INFO - Processing file /home/airflow/.local/lib/python3.12/site-packages/airflow/example_dags/example_sensors.py for tasks to queue
[2024-10-22T03:54:57.573+0000] {logging_mixin.py:190} INFO - [2024-10-22T03:54:57.572+0000] {dagbag.py:588} INFO - Filling up the DagBag from /home/airflow/.local/lib/python3.12/site-packages/airflow/example_dags/example_sensors.py
[2024-10-22T03:54:57.590+0000] {processor.py:925} INFO - DAG(s) 'example_sensors' retrieved from /home/airflow/.local/lib/python3.12/site-packages/airflow/example_dags/example_sensors.py
[2024-10-22T03:54:57.634+0000] {logging_mixin.py:190} INFO - [2024-10-22T03:54:57.633+0000] {dag.py:3239} INFO - Sync 1 DAGs
[2024-10-22T03:54:57.656+0000] {logging_mixin.py:190} INFO - [2024-10-22T03:54:57.656+0000] {dag.py:4180} INFO - Setting next_dagrun for example_sensors to None, run_after=None
[2024-10-22T03:54:57.684+0000] {processor.py:208} INFO - Processing /home/airflow/.local/lib/python3.12/site-packages/airflow/example_dags/example_sensors.py took 0.124 seconds
[2024-10-22T03:55:28.568+0000] {processor.py:186} INFO - Started process (PID=59606) to work on /home/airflow/.local/lib/python3.12/site-packages/airflow/example_dags/example_sensors.py
[2024-10-22T03:55:28.570+0000] {processor.py:914} INFO - Processing file /home/airflow/.local/lib/python3.12/site-packages/airflow/example_dags/example_sensors.py for tasks to queue
[2024-10-22T03:55:28.571+0000] {logging_mixin.py:190} INFO - [2024-10-22T03:55:28.571+0000] {dagbag.py:588} INFO - Filling up the DagBag from /home/airflow/.local/lib/python3.12/site-packages/airflow/example_dags/example_sensors.py
[2024-10-22T03:55:28.584+0000] {processor.py:925} INFO - DAG(s) 'example_sensors' retrieved from /home/airflow/.local/lib/python3.12/site-packages/airflow/example_dags/example_sensors.py
[2024-10-22T03:55:28.621+0000] {logging_mixin.py:190} INFO - [2024-10-22T03:55:28.621+0000] {dag.py:3239} INFO - Sync 1 DAGs
[2024-10-22T03:55:28.641+0000] {logging_mixin.py:190} INFO - [2024-10-22T03:55:28.641+0000] {dag.py:4180} INFO - Setting next_dagrun for example_sensors to None, run_after=None
[2024-10-22T03:55:28.664+0000] {processor.py:208} INFO - Processing /home/airflow/.local/lib/python3.12/site-packages/airflow/example_dags/example_sensors.py took 0.104 seconds
[2024-10-22T03:55:59.020+0000] {processor.py:186} INFO - Started process (PID=59671) to work on /home/airflow/.local/lib/python3.12/site-packages/airflow/example_dags/example_sensors.py
[2024-10-22T03:55:59.022+0000] {processor.py:914} INFO - Processing file /home/airflow/.local/lib/python3.12/site-packages/airflow/example_dags/example_sensors.py for tasks to queue
[2024-10-22T03:55:59.024+0000] {logging_mixin.py:190} INFO - [2024-10-22T03:55:59.023+0000] {dagbag.py:588} INFO - Filling up the DagBag from /home/airflow/.local/lib/python3.12/site-packages/airflow/example_dags/example_sensors.py
[2024-10-22T03:55:59.065+0000] {processor.py:925} INFO - DAG(s) 'example_sensors' retrieved from /home/airflow/.local/lib/python3.12/site-packages/airflow/example_dags/example_sensors.py
[2024-10-22T03:55:59.125+0000] {logging_mixin.py:190} INFO - [2024-10-22T03:55:59.125+0000] {dag.py:3239} INFO - Sync 1 DAGs
[2024-10-22T03:55:59.148+0000] {logging_mixin.py:190} INFO - [2024-10-22T03:55:59.148+0000] {dag.py:4180} INFO - Setting next_dagrun for example_sensors to None, run_after=None
[2024-10-22T03:55:59.177+0000] {processor.py:208} INFO - Processing /home/airflow/.local/lib/python3.12/site-packages/airflow/example_dags/example_sensors.py took 0.169 seconds
[2024-10-22T03:56:29.757+0000] {processor.py:186} INFO - Started process (PID=59738) to work on /home/airflow/.local/lib/python3.12/site-packages/airflow/example_dags/example_sensors.py
[2024-10-22T03:56:29.758+0000] {processor.py:914} INFO - Processing file /home/airflow/.local/lib/python3.12/site-packages/airflow/example_dags/example_sensors.py for tasks to queue
[2024-10-22T03:56:29.760+0000] {logging_mixin.py:190} INFO - [2024-10-22T03:56:29.759+0000] {dagbag.py:588} INFO - Filling up the DagBag from /home/airflow/.local/lib/python3.12/site-packages/airflow/example_dags/example_sensors.py
[2024-10-22T03:56:29.773+0000] {processor.py:925} INFO - DAG(s) 'example_sensors' retrieved from /home/airflow/.local/lib/python3.12/site-packages/airflow/example_dags/example_sensors.py
[2024-10-22T03:56:29.812+0000] {logging_mixin.py:190} INFO - [2024-10-22T03:56:29.812+0000] {dag.py:3239} INFO - Sync 1 DAGs
[2024-10-22T03:56:29.834+0000] {logging_mixin.py:190} INFO - [2024-10-22T03:56:29.834+0000] {dag.py:4180} INFO - Setting next_dagrun for example_sensors to None, run_after=None
[2024-10-22T03:56:29.855+0000] {processor.py:208} INFO - Processing /home/airflow/.local/lib/python3.12/site-packages/airflow/example_dags/example_sensors.py took 0.106 seconds
[2024-10-22T03:57:00.004+0000] {processor.py:186} INFO - Started process (PID=59805) to work on /home/airflow/.local/lib/python3.12/site-packages/airflow/example_dags/example_sensors.py
[2024-10-22T03:57:00.006+0000] {processor.py:914} INFO - Processing file /home/airflow/.local/lib/python3.12/site-packages/airflow/example_dags/example_sensors.py for tasks to queue
[2024-10-22T03:57:00.007+0000] {logging_mixin.py:190} INFO - [2024-10-22T03:57:00.007+0000] {dagbag.py:588} INFO - Filling up the DagBag from /home/airflow/.local/lib/python3.12/site-packages/airflow/example_dags/example_sensors.py
[2024-10-22T03:57:00.022+0000] {processor.py:925} INFO - DAG(s) 'example_sensors' retrieved from /home/airflow/.local/lib/python3.12/site-packages/airflow/example_dags/example_sensors.py
[2024-10-22T03:57:00.070+0000] {logging_mixin.py:190} INFO - [2024-10-22T03:57:00.069+0000] {dag.py:3239} INFO - Sync 1 DAGs
[2024-10-22T03:57:00.093+0000] {logging_mixin.py:190} INFO - [2024-10-22T03:57:00.093+0000] {dag.py:4180} INFO - Setting next_dagrun for example_sensors to None, run_after=None
[2024-10-22T03:57:00.115+0000] {processor.py:208} INFO - Processing /home/airflow/.local/lib/python3.12/site-packages/airflow/example_dags/example_sensors.py took 0.119 seconds
[2024-10-22T03:57:30.724+0000] {processor.py:186} INFO - Started process (PID=59871) to work on /home/airflow/.local/lib/python3.12/site-packages/airflow/example_dags/example_sensors.py
[2024-10-22T03:57:30.725+0000] {processor.py:914} INFO - Processing file /home/airflow/.local/lib/python3.12/site-packages/airflow/example_dags/example_sensors.py for tasks to queue
[2024-10-22T03:57:30.727+0000] {logging_mixin.py:190} INFO - [2024-10-22T03:57:30.726+0000] {dagbag.py:588} INFO - Filling up the DagBag from /home/airflow/.local/lib/python3.12/site-packages/airflow/example_dags/example_sensors.py
[2024-10-22T03:57:30.738+0000] {processor.py:925} INFO - DAG(s) 'example_sensors' retrieved from /home/airflow/.local/lib/python3.12/site-packages/airflow/example_dags/example_sensors.py
[2024-10-22T03:57:30.776+0000] {logging_mixin.py:190} INFO - [2024-10-22T03:57:30.775+0000] {dag.py:3239} INFO - Sync 1 DAGs
[2024-10-22T03:57:30.799+0000] {logging_mixin.py:190} INFO - [2024-10-22T03:57:30.799+0000] {dag.py:4180} INFO - Setting next_dagrun for example_sensors to None, run_after=None
[2024-10-22T03:57:30.819+0000] {processor.py:208} INFO - Processing /home/airflow/.local/lib/python3.12/site-packages/airflow/example_dags/example_sensors.py took 0.102 seconds
[2024-10-22T03:58:01.824+0000] {processor.py:186} INFO - Started process (PID=59939) to work on /home/airflow/.local/lib/python3.12/site-packages/airflow/example_dags/example_sensors.py
[2024-10-22T03:58:01.825+0000] {processor.py:914} INFO - Processing file /home/airflow/.local/lib/python3.12/site-packages/airflow/example_dags/example_sensors.py for tasks to queue
[2024-10-22T03:58:01.827+0000] {logging_mixin.py:190} INFO - [2024-10-22T03:58:01.826+0000] {dagbag.py:588} INFO - Filling up the DagBag from /home/airflow/.local/lib/python3.12/site-packages/airflow/example_dags/example_sensors.py
[2024-10-22T03:58:01.839+0000] {processor.py:925} INFO - DAG(s) 'example_sensors' retrieved from /home/airflow/.local/lib/python3.12/site-packages/airflow/example_dags/example_sensors.py
[2024-10-22T03:58:01.868+0000] {logging_mixin.py:190} INFO - [2024-10-22T03:58:01.868+0000] {dag.py:3239} INFO - Sync 1 DAGs
[2024-10-22T03:58:01.883+0000] {logging_mixin.py:190} INFO - [2024-10-22T03:58:01.883+0000] {dag.py:4180} INFO - Setting next_dagrun for example_sensors to None, run_after=None
[2024-10-22T03:58:01.904+0000] {processor.py:208} INFO - Processing /home/airflow/.local/lib/python3.12/site-packages/airflow/example_dags/example_sensors.py took 0.088 seconds
[2024-10-22T03:58:32.580+0000] {processor.py:186} INFO - Started process (PID=60006) to work on /home/airflow/.local/lib/python3.12/site-packages/airflow/example_dags/example_sensors.py
[2024-10-22T03:58:32.581+0000] {processor.py:914} INFO - Processing file /home/airflow/.local/lib/python3.12/site-packages/airflow/example_dags/example_sensors.py for tasks to queue
[2024-10-22T03:58:32.583+0000] {logging_mixin.py:190} INFO - [2024-10-22T03:58:32.582+0000] {dagbag.py:588} INFO - Filling up the DagBag from /home/airflow/.local/lib/python3.12/site-packages/airflow/example_dags/example_sensors.py
[2024-10-22T03:58:32.595+0000] {processor.py:925} INFO - DAG(s) 'example_sensors' retrieved from /home/airflow/.local/lib/python3.12/site-packages/airflow/example_dags/example_sensors.py
[2024-10-22T03:58:32.626+0000] {logging_mixin.py:190} INFO - [2024-10-22T03:58:32.626+0000] {dag.py:3239} INFO - Sync 1 DAGs
[2024-10-22T03:58:32.642+0000] {logging_mixin.py:190} INFO - [2024-10-22T03:58:32.641+0000] {dag.py:4180} INFO - Setting next_dagrun for example_sensors to None, run_after=None
[2024-10-22T03:58:32.663+0000] {processor.py:208} INFO - Processing /home/airflow/.local/lib/python3.12/site-packages/airflow/example_dags/example_sensors.py took 0.090 seconds
[2024-10-22T03:59:03.502+0000] {processor.py:186} INFO - Started process (PID=60073) to work on /home/airflow/.local/lib/python3.12/site-packages/airflow/example_dags/example_sensors.py
[2024-10-22T03:59:03.504+0000] {processor.py:914} INFO - Processing file /home/airflow/.local/lib/python3.12/site-packages/airflow/example_dags/example_sensors.py for tasks to queue
[2024-10-22T03:59:03.505+0000] {logging_mixin.py:190} INFO - [2024-10-22T03:59:03.505+0000] {dagbag.py:588} INFO - Filling up the DagBag from /home/airflow/.local/lib/python3.12/site-packages/airflow/example_dags/example_sensors.py
[2024-10-22T03:59:03.719+0000] {processor.py:925} INFO - DAG(s) 'example_sensors' retrieved from /home/airflow/.local/lib/python3.12/site-packages/airflow/example_dags/example_sensors.py
[2024-10-22T03:59:03.759+0000] {logging_mixin.py:190} INFO - [2024-10-22T03:59:03.758+0000] {dag.py:3239} INFO - Sync 1 DAGs
[2024-10-22T03:59:03.775+0000] {logging_mixin.py:190} INFO - [2024-10-22T03:59:03.775+0000] {dag.py:4180} INFO - Setting next_dagrun for example_sensors to None, run_after=None
[2024-10-22T03:59:03.791+0000] {processor.py:208} INFO - Processing /home/airflow/.local/lib/python3.12/site-packages/airflow/example_dags/example_sensors.py took 0.296 seconds
[2024-10-22T03:59:33.894+0000] {processor.py:186} INFO - Started process (PID=60140) to work on /home/airflow/.local/lib/python3.12/site-packages/airflow/example_dags/example_sensors.py
[2024-10-22T03:59:33.895+0000] {processor.py:914} INFO - Processing file /home/airflow/.local/lib/python3.12/site-packages/airflow/example_dags/example_sensors.py for tasks to queue
[2024-10-22T03:59:33.896+0000] {logging_mixin.py:190} INFO - [2024-10-22T03:59:33.896+0000] {dagbag.py:588} INFO - Filling up the DagBag from /home/airflow/.local/lib/python3.12/site-packages/airflow/example_dags/example_sensors.py
[2024-10-22T03:59:33.910+0000] {processor.py:925} INFO - DAG(s) 'example_sensors' retrieved from /home/airflow/.local/lib/python3.12/site-packages/airflow/example_dags/example_sensors.py
[2024-10-22T03:59:33.938+0000] {logging_mixin.py:190} INFO - [2024-10-22T03:59:33.938+0000] {dag.py:3239} INFO - Sync 1 DAGs
[2024-10-22T03:59:33.955+0000] {logging_mixin.py:190} INFO - [2024-10-22T03:59:33.955+0000] {dag.py:4180} INFO - Setting next_dagrun for example_sensors to None, run_after=None
[2024-10-22T03:59:33.977+0000] {processor.py:208} INFO - Processing /home/airflow/.local/lib/python3.12/site-packages/airflow/example_dags/example_sensors.py took 0.092 seconds
[2024-10-22T04:00:04.317+0000] {processor.py:186} INFO - Started process (PID=60207) to work on /home/airflow/.local/lib/python3.12/site-packages/airflow/example_dags/example_sensors.py
[2024-10-22T04:00:04.318+0000] {processor.py:914} INFO - Processing file /home/airflow/.local/lib/python3.12/site-packages/airflow/example_dags/example_sensors.py for tasks to queue
[2024-10-22T04:00:04.320+0000] {logging_mixin.py:190} INFO - [2024-10-22T04:00:04.319+0000] {dagbag.py:588} INFO - Filling up the DagBag from /home/airflow/.local/lib/python3.12/site-packages/airflow/example_dags/example_sensors.py
[2024-10-22T04:00:04.333+0000] {processor.py:925} INFO - DAG(s) 'example_sensors' retrieved from /home/airflow/.local/lib/python3.12/site-packages/airflow/example_dags/example_sensors.py
[2024-10-22T04:00:04.372+0000] {logging_mixin.py:190} INFO - [2024-10-22T04:00:04.371+0000] {dag.py:3239} INFO - Sync 1 DAGs
[2024-10-22T04:00:04.390+0000] {logging_mixin.py:190} INFO - [2024-10-22T04:00:04.389+0000] {dag.py:4180} INFO - Setting next_dagrun for example_sensors to None, run_after=None
[2024-10-22T04:00:04.407+0000] {processor.py:208} INFO - Processing /home/airflow/.local/lib/python3.12/site-packages/airflow/example_dags/example_sensors.py took 0.100 seconds
[2024-10-22T04:00:35.262+0000] {processor.py:186} INFO - Started process (PID=60274) to work on /home/airflow/.local/lib/python3.12/site-packages/airflow/example_dags/example_sensors.py
[2024-10-22T04:00:35.263+0000] {processor.py:914} INFO - Processing file /home/airflow/.local/lib/python3.12/site-packages/airflow/example_dags/example_sensors.py for tasks to queue
[2024-10-22T04:00:35.264+0000] {logging_mixin.py:190} INFO - [2024-10-22T04:00:35.264+0000] {dagbag.py:588} INFO - Filling up the DagBag from /home/airflow/.local/lib/python3.12/site-packages/airflow/example_dags/example_sensors.py
[2024-10-22T04:00:35.276+0000] {processor.py:925} INFO - DAG(s) 'example_sensors' retrieved from /home/airflow/.local/lib/python3.12/site-packages/airflow/example_dags/example_sensors.py
[2024-10-22T04:00:35.306+0000] {logging_mixin.py:190} INFO - [2024-10-22T04:00:35.305+0000] {dag.py:3239} INFO - Sync 1 DAGs
[2024-10-22T04:00:35.329+0000] {logging_mixin.py:190} INFO - [2024-10-22T04:00:35.329+0000] {dag.py:4180} INFO - Setting next_dagrun for example_sensors to None, run_after=None
[2024-10-22T04:00:35.347+0000] {processor.py:208} INFO - Processing /home/airflow/.local/lib/python3.12/site-packages/airflow/example_dags/example_sensors.py took 0.093 seconds
[2024-10-22T04:01:05.980+0000] {processor.py:186} INFO - Started process (PID=60341) to work on /home/airflow/.local/lib/python3.12/site-packages/airflow/example_dags/example_sensors.py
[2024-10-22T04:01:05.981+0000] {processor.py:914} INFO - Processing file /home/airflow/.local/lib/python3.12/site-packages/airflow/example_dags/example_sensors.py for tasks to queue
[2024-10-22T04:01:05.983+0000] {logging_mixin.py:190} INFO - [2024-10-22T04:01:05.982+0000] {dagbag.py:588} INFO - Filling up the DagBag from /home/airflow/.local/lib/python3.12/site-packages/airflow/example_dags/example_sensors.py
[2024-10-22T04:01:05.994+0000] {processor.py:925} INFO - DAG(s) 'example_sensors' retrieved from /home/airflow/.local/lib/python3.12/site-packages/airflow/example_dags/example_sensors.py
[2024-10-22T04:01:06.023+0000] {logging_mixin.py:190} INFO - [2024-10-22T04:01:06.023+0000] {dag.py:3239} INFO - Sync 1 DAGs
[2024-10-22T04:01:06.040+0000] {logging_mixin.py:190} INFO - [2024-10-22T04:01:06.040+0000] {dag.py:4180} INFO - Setting next_dagrun for example_sensors to None, run_after=None
[2024-10-22T04:01:06.059+0000] {processor.py:208} INFO - Processing /home/airflow/.local/lib/python3.12/site-packages/airflow/example_dags/example_sensors.py took 0.086 seconds
[2024-10-22T04:01:36.711+0000] {processor.py:186} INFO - Started process (PID=60408) to work on /home/airflow/.local/lib/python3.12/site-packages/airflow/example_dags/example_sensors.py
[2024-10-22T04:01:36.712+0000] {processor.py:914} INFO - Processing file /home/airflow/.local/lib/python3.12/site-packages/airflow/example_dags/example_sensors.py for tasks to queue
[2024-10-22T04:01:36.714+0000] {logging_mixin.py:190} INFO - [2024-10-22T04:01:36.713+0000] {dagbag.py:588} INFO - Filling up the DagBag from /home/airflow/.local/lib/python3.12/site-packages/airflow/example_dags/example_sensors.py
[2024-10-22T04:01:36.726+0000] {processor.py:925} INFO - DAG(s) 'example_sensors' retrieved from /home/airflow/.local/lib/python3.12/site-packages/airflow/example_dags/example_sensors.py
[2024-10-22T04:01:36.756+0000] {logging_mixin.py:190} INFO - [2024-10-22T04:01:36.756+0000] {dag.py:3239} INFO - Sync 1 DAGs
[2024-10-22T04:01:36.773+0000] {logging_mixin.py:190} INFO - [2024-10-22T04:01:36.772+0000] {dag.py:4180} INFO - Setting next_dagrun for example_sensors to None, run_after=None
[2024-10-22T04:01:36.790+0000] {processor.py:208} INFO - Processing /home/airflow/.local/lib/python3.12/site-packages/airflow/example_dags/example_sensors.py took 0.086 seconds
[2024-10-22T04:02:07.563+0000] {processor.py:186} INFO - Started process (PID=60475) to work on /home/airflow/.local/lib/python3.12/site-packages/airflow/example_dags/example_sensors.py
[2024-10-22T04:02:07.564+0000] {processor.py:914} INFO - Processing file /home/airflow/.local/lib/python3.12/site-packages/airflow/example_dags/example_sensors.py for tasks to queue
[2024-10-22T04:02:07.565+0000] {logging_mixin.py:190} INFO - [2024-10-22T04:02:07.565+0000] {dagbag.py:588} INFO - Filling up the DagBag from /home/airflow/.local/lib/python3.12/site-packages/airflow/example_dags/example_sensors.py
[2024-10-22T04:02:07.577+0000] {processor.py:925} INFO - DAG(s) 'example_sensors' retrieved from /home/airflow/.local/lib/python3.12/site-packages/airflow/example_dags/example_sensors.py
[2024-10-22T04:02:07.606+0000] {logging_mixin.py:190} INFO - [2024-10-22T04:02:07.606+0000] {dag.py:3239} INFO - Sync 1 DAGs
[2024-10-22T04:02:07.622+0000] {logging_mixin.py:190} INFO - [2024-10-22T04:02:07.622+0000] {dag.py:4180} INFO - Setting next_dagrun for example_sensors to None, run_after=None
[2024-10-22T04:02:07.640+0000] {processor.py:208} INFO - Processing /home/airflow/.local/lib/python3.12/site-packages/airflow/example_dags/example_sensors.py took 0.085 seconds
[2024-10-22T04:02:38.174+0000] {processor.py:186} INFO - Started process (PID=60547) to work on /home/airflow/.local/lib/python3.12/site-packages/airflow/example_dags/example_sensors.py
[2024-10-22T04:02:38.175+0000] {processor.py:914} INFO - Processing file /home/airflow/.local/lib/python3.12/site-packages/airflow/example_dags/example_sensors.py for tasks to queue
[2024-10-22T04:02:38.176+0000] {logging_mixin.py:190} INFO - [2024-10-22T04:02:38.176+0000] {dagbag.py:588} INFO - Filling up the DagBag from /home/airflow/.local/lib/python3.12/site-packages/airflow/example_dags/example_sensors.py
[2024-10-22T04:02:38.188+0000] {processor.py:925} INFO - DAG(s) 'example_sensors' retrieved from /home/airflow/.local/lib/python3.12/site-packages/airflow/example_dags/example_sensors.py
[2024-10-22T04:02:38.220+0000] {logging_mixin.py:190} INFO - [2024-10-22T04:02:38.219+0000] {dag.py:3239} INFO - Sync 1 DAGs
[2024-10-22T04:02:38.235+0000] {logging_mixin.py:190} INFO - [2024-10-22T04:02:38.235+0000] {dag.py:4180} INFO - Setting next_dagrun for example_sensors to None, run_after=None
[2024-10-22T04:02:38.253+0000] {processor.py:208} INFO - Processing /home/airflow/.local/lib/python3.12/site-packages/airflow/example_dags/example_sensors.py took 0.087 seconds
[2024-10-22T04:03:09.125+0000] {processor.py:186} INFO - Started process (PID=60614) to work on /home/airflow/.local/lib/python3.12/site-packages/airflow/example_dags/example_sensors.py
[2024-10-22T04:03:09.126+0000] {processor.py:914} INFO - Processing file /home/airflow/.local/lib/python3.12/site-packages/airflow/example_dags/example_sensors.py for tasks to queue
[2024-10-22T04:03:09.128+0000] {logging_mixin.py:190} INFO - [2024-10-22T04:03:09.128+0000] {dagbag.py:588} INFO - Filling up the DagBag from /home/airflow/.local/lib/python3.12/site-packages/airflow/example_dags/example_sensors.py
[2024-10-22T04:03:09.140+0000] {processor.py:925} INFO - DAG(s) 'example_sensors' retrieved from /home/airflow/.local/lib/python3.12/site-packages/airflow/example_dags/example_sensors.py
[2024-10-22T04:03:09.176+0000] {logging_mixin.py:190} INFO - [2024-10-22T04:03:09.175+0000] {dag.py:3239} INFO - Sync 1 DAGs
[2024-10-22T04:03:09.192+0000] {logging_mixin.py:190} INFO - [2024-10-22T04:03:09.192+0000] {dag.py:4180} INFO - Setting next_dagrun for example_sensors to None, run_after=None
[2024-10-22T04:03:09.211+0000] {processor.py:208} INFO - Processing /home/airflow/.local/lib/python3.12/site-packages/airflow/example_dags/example_sensors.py took 0.094 seconds
[2024-10-22T04:03:39.276+0000] {processor.py:186} INFO - Started process (PID=60681) to work on /home/airflow/.local/lib/python3.12/site-packages/airflow/example_dags/example_sensors.py
[2024-10-22T04:03:39.277+0000] {processor.py:914} INFO - Processing file /home/airflow/.local/lib/python3.12/site-packages/airflow/example_dags/example_sensors.py for tasks to queue
[2024-10-22T04:03:39.278+0000] {logging_mixin.py:190} INFO - [2024-10-22T04:03:39.278+0000] {dagbag.py:588} INFO - Filling up the DagBag from /home/airflow/.local/lib/python3.12/site-packages/airflow/example_dags/example_sensors.py
[2024-10-22T04:03:39.290+0000] {processor.py:925} INFO - DAG(s) 'example_sensors' retrieved from /home/airflow/.local/lib/python3.12/site-packages/airflow/example_dags/example_sensors.py
[2024-10-22T04:03:39.320+0000] {logging_mixin.py:190} INFO - [2024-10-22T04:03:39.320+0000] {dag.py:3239} INFO - Sync 1 DAGs
[2024-10-22T04:03:39.336+0000] {logging_mixin.py:190} INFO - [2024-10-22T04:03:39.336+0000] {dag.py:4180} INFO - Setting next_dagrun for example_sensors to None, run_after=None
[2024-10-22T04:03:39.355+0000] {processor.py:208} INFO - Processing /home/airflow/.local/lib/python3.12/site-packages/airflow/example_dags/example_sensors.py took 0.086 seconds
[2024-10-22T04:04:09.429+0000] {processor.py:186} INFO - Started process (PID=60747) to work on /home/airflow/.local/lib/python3.12/site-packages/airflow/example_dags/example_sensors.py
[2024-10-22T04:04:09.431+0000] {processor.py:914} INFO - Processing file /home/airflow/.local/lib/python3.12/site-packages/airflow/example_dags/example_sensors.py for tasks to queue
[2024-10-22T04:04:09.432+0000] {logging_mixin.py:190} INFO - [2024-10-22T04:04:09.432+0000] {dagbag.py:588} INFO - Filling up the DagBag from /home/airflow/.local/lib/python3.12/site-packages/airflow/example_dags/example_sensors.py
[2024-10-22T04:04:09.443+0000] {processor.py:925} INFO - DAG(s) 'example_sensors' retrieved from /home/airflow/.local/lib/python3.12/site-packages/airflow/example_dags/example_sensors.py
[2024-10-22T04:04:09.475+0000] {logging_mixin.py:190} INFO - [2024-10-22T04:04:09.474+0000] {dag.py:3239} INFO - Sync 1 DAGs
[2024-10-22T04:04:09.492+0000] {logging_mixin.py:190} INFO - [2024-10-22T04:04:09.492+0000] {dag.py:4180} INFO - Setting next_dagrun for example_sensors to None, run_after=None
[2024-10-22T04:04:09.510+0000] {processor.py:208} INFO - Processing /home/airflow/.local/lib/python3.12/site-packages/airflow/example_dags/example_sensors.py took 0.088 seconds
[2024-10-22T04:04:40.374+0000] {processor.py:186} INFO - Started process (PID=60815) to work on /home/airflow/.local/lib/python3.12/site-packages/airflow/example_dags/example_sensors.py
[2024-10-22T04:04:40.375+0000] {processor.py:914} INFO - Processing file /home/airflow/.local/lib/python3.12/site-packages/airflow/example_dags/example_sensors.py for tasks to queue
[2024-10-22T04:04:40.376+0000] {logging_mixin.py:190} INFO - [2024-10-22T04:04:40.376+0000] {dagbag.py:588} INFO - Filling up the DagBag from /home/airflow/.local/lib/python3.12/site-packages/airflow/example_dags/example_sensors.py
[2024-10-22T04:04:40.388+0000] {processor.py:925} INFO - DAG(s) 'example_sensors' retrieved from /home/airflow/.local/lib/python3.12/site-packages/airflow/example_dags/example_sensors.py
[2024-10-22T04:04:40.417+0000] {logging_mixin.py:190} INFO - [2024-10-22T04:04:40.417+0000] {dag.py:3239} INFO - Sync 1 DAGs
[2024-10-22T04:04:40.433+0000] {logging_mixin.py:190} INFO - [2024-10-22T04:04:40.433+0000] {dag.py:4180} INFO - Setting next_dagrun for example_sensors to None, run_after=None
[2024-10-22T04:04:40.451+0000] {processor.py:208} INFO - Processing /home/airflow/.local/lib/python3.12/site-packages/airflow/example_dags/example_sensors.py took 0.084 seconds
[2024-10-22T04:05:11.336+0000] {processor.py:186} INFO - Started process (PID=60882) to work on /home/airflow/.local/lib/python3.12/site-packages/airflow/example_dags/example_sensors.py
[2024-10-22T04:05:11.337+0000] {processor.py:914} INFO - Processing file /home/airflow/.local/lib/python3.12/site-packages/airflow/example_dags/example_sensors.py for tasks to queue
[2024-10-22T04:05:11.339+0000] {logging_mixin.py:190} INFO - [2024-10-22T04:05:11.339+0000] {dagbag.py:588} INFO - Filling up the DagBag from /home/airflow/.local/lib/python3.12/site-packages/airflow/example_dags/example_sensors.py
[2024-10-22T04:05:11.351+0000] {processor.py:925} INFO - DAG(s) 'example_sensors' retrieved from /home/airflow/.local/lib/python3.12/site-packages/airflow/example_dags/example_sensors.py
[2024-10-22T04:05:11.381+0000] {logging_mixin.py:190} INFO - [2024-10-22T04:05:11.380+0000] {dag.py:3239} INFO - Sync 1 DAGs
[2024-10-22T04:05:11.397+0000] {logging_mixin.py:190} INFO - [2024-10-22T04:05:11.396+0000] {dag.py:4180} INFO - Setting next_dagrun for example_sensors to None, run_after=None
[2024-10-22T04:05:11.414+0000] {processor.py:208} INFO - Processing /home/airflow/.local/lib/python3.12/site-packages/airflow/example_dags/example_sensors.py took 0.085 seconds
[2024-10-22T04:05:41.723+0000] {processor.py:186} INFO - Started process (PID=60949) to work on /home/airflow/.local/lib/python3.12/site-packages/airflow/example_dags/example_sensors.py
[2024-10-22T04:05:41.724+0000] {processor.py:914} INFO - Processing file /home/airflow/.local/lib/python3.12/site-packages/airflow/example_dags/example_sensors.py for tasks to queue
[2024-10-22T04:05:41.725+0000] {logging_mixin.py:190} INFO - [2024-10-22T04:05:41.725+0000] {dagbag.py:588} INFO - Filling up the DagBag from /home/airflow/.local/lib/python3.12/site-packages/airflow/example_dags/example_sensors.py
[2024-10-22T04:05:41.737+0000] {processor.py:925} INFO - DAG(s) 'example_sensors' retrieved from /home/airflow/.local/lib/python3.12/site-packages/airflow/example_dags/example_sensors.py
[2024-10-22T04:05:41.766+0000] {logging_mixin.py:190} INFO - [2024-10-22T04:05:41.766+0000] {dag.py:3239} INFO - Sync 1 DAGs
[2024-10-22T04:05:41.782+0000] {logging_mixin.py:190} INFO - [2024-10-22T04:05:41.782+0000] {dag.py:4180} INFO - Setting next_dagrun for example_sensors to None, run_after=None
[2024-10-22T04:05:41.800+0000] {processor.py:208} INFO - Processing /home/airflow/.local/lib/python3.12/site-packages/airflow/example_dags/example_sensors.py took 0.085 seconds
[2024-10-22T04:06:12.012+0000] {processor.py:186} INFO - Started process (PID=61016) to work on /home/airflow/.local/lib/python3.12/site-packages/airflow/example_dags/example_sensors.py
[2024-10-22T04:06:12.013+0000] {processor.py:914} INFO - Processing file /home/airflow/.local/lib/python3.12/site-packages/airflow/example_dags/example_sensors.py for tasks to queue
[2024-10-22T04:06:12.015+0000] {logging_mixin.py:190} INFO - [2024-10-22T04:06:12.015+0000] {dagbag.py:588} INFO - Filling up the DagBag from /home/airflow/.local/lib/python3.12/site-packages/airflow/example_dags/example_sensors.py
[2024-10-22T04:06:12.033+0000] {processor.py:925} INFO - DAG(s) 'example_sensors' retrieved from /home/airflow/.local/lib/python3.12/site-packages/airflow/example_dags/example_sensors.py
[2024-10-22T04:06:12.078+0000] {logging_mixin.py:190} INFO - [2024-10-22T04:06:12.078+0000] {dag.py:3239} INFO - Sync 1 DAGs
[2024-10-22T04:06:12.096+0000] {logging_mixin.py:190} INFO - [2024-10-22T04:06:12.096+0000] {dag.py:4180} INFO - Setting next_dagrun for example_sensors to None, run_after=None
[2024-10-22T04:06:12.115+0000] {processor.py:208} INFO - Processing /home/airflow/.local/lib/python3.12/site-packages/airflow/example_dags/example_sensors.py took 0.112 seconds
[2024-10-22T04:06:42.640+0000] {processor.py:186} INFO - Started process (PID=61083) to work on /home/airflow/.local/lib/python3.12/site-packages/airflow/example_dags/example_sensors.py
[2024-10-22T04:06:42.641+0000] {processor.py:914} INFO - Processing file /home/airflow/.local/lib/python3.12/site-packages/airflow/example_dags/example_sensors.py for tasks to queue
[2024-10-22T04:06:42.643+0000] {logging_mixin.py:190} INFO - [2024-10-22T04:06:42.642+0000] {dagbag.py:588} INFO - Filling up the DagBag from /home/airflow/.local/lib/python3.12/site-packages/airflow/example_dags/example_sensors.py
[2024-10-22T04:06:42.657+0000] {processor.py:925} INFO - DAG(s) 'example_sensors' retrieved from /home/airflow/.local/lib/python3.12/site-packages/airflow/example_dags/example_sensors.py
[2024-10-22T04:06:42.691+0000] {logging_mixin.py:190} INFO - [2024-10-22T04:06:42.691+0000] {dag.py:3239} INFO - Sync 1 DAGs
[2024-10-22T04:06:42.708+0000] {logging_mixin.py:190} INFO - [2024-10-22T04:06:42.708+0000] {dag.py:4180} INFO - Setting next_dagrun for example_sensors to None, run_after=None
[2024-10-22T04:06:42.727+0000] {processor.py:208} INFO - Processing /home/airflow/.local/lib/python3.12/site-packages/airflow/example_dags/example_sensors.py took 0.095 seconds
[2024-10-22T04:07:13.066+0000] {processor.py:186} INFO - Started process (PID=61151) to work on /home/airflow/.local/lib/python3.12/site-packages/airflow/example_dags/example_sensors.py
[2024-10-22T04:07:13.067+0000] {processor.py:914} INFO - Processing file /home/airflow/.local/lib/python3.12/site-packages/airflow/example_dags/example_sensors.py for tasks to queue
[2024-10-22T04:07:13.069+0000] {logging_mixin.py:190} INFO - [2024-10-22T04:07:13.068+0000] {dagbag.py:588} INFO - Filling up the DagBag from /home/airflow/.local/lib/python3.12/site-packages/airflow/example_dags/example_sensors.py
[2024-10-22T04:07:13.080+0000] {processor.py:925} INFO - DAG(s) 'example_sensors' retrieved from /home/airflow/.local/lib/python3.12/site-packages/airflow/example_dags/example_sensors.py
[2024-10-22T04:07:13.110+0000] {logging_mixin.py:190} INFO - [2024-10-22T04:07:13.109+0000] {dag.py:3239} INFO - Sync 1 DAGs
[2024-10-22T04:07:13.126+0000] {logging_mixin.py:190} INFO - [2024-10-22T04:07:13.125+0000] {dag.py:4180} INFO - Setting next_dagrun for example_sensors to None, run_after=None
[2024-10-22T04:07:13.143+0000] {processor.py:208} INFO - Processing /home/airflow/.local/lib/python3.12/site-packages/airflow/example_dags/example_sensors.py took 0.085 seconds
[2024-10-22T04:07:43.500+0000] {processor.py:186} INFO - Started process (PID=61218) to work on /home/airflow/.local/lib/python3.12/site-packages/airflow/example_dags/example_sensors.py
[2024-10-22T04:07:43.501+0000] {processor.py:914} INFO - Processing file /home/airflow/.local/lib/python3.12/site-packages/airflow/example_dags/example_sensors.py for tasks to queue
[2024-10-22T04:07:43.502+0000] {logging_mixin.py:190} INFO - [2024-10-22T04:07:43.502+0000] {dagbag.py:588} INFO - Filling up the DagBag from /home/airflow/.local/lib/python3.12/site-packages/airflow/example_dags/example_sensors.py
[2024-10-22T04:07:43.514+0000] {processor.py:925} INFO - DAG(s) 'example_sensors' retrieved from /home/airflow/.local/lib/python3.12/site-packages/airflow/example_dags/example_sensors.py
[2024-10-22T04:07:43.543+0000] {logging_mixin.py:190} INFO - [2024-10-22T04:07:43.543+0000] {dag.py:3239} INFO - Sync 1 DAGs
[2024-10-22T04:07:43.559+0000] {logging_mixin.py:190} INFO - [2024-10-22T04:07:43.558+0000] {dag.py:4180} INFO - Setting next_dagrun for example_sensors to None, run_after=None
[2024-10-22T04:07:43.575+0000] {processor.py:208} INFO - Processing /home/airflow/.local/lib/python3.12/site-packages/airflow/example_dags/example_sensors.py took 0.082 seconds
[2024-10-22T04:08:14.136+0000] {processor.py:186} INFO - Started process (PID=61285) to work on /home/airflow/.local/lib/python3.12/site-packages/airflow/example_dags/example_sensors.py
[2024-10-22T04:08:14.137+0000] {processor.py:914} INFO - Processing file /home/airflow/.local/lib/python3.12/site-packages/airflow/example_dags/example_sensors.py for tasks to queue
[2024-10-22T04:08:14.139+0000] {logging_mixin.py:190} INFO - [2024-10-22T04:08:14.138+0000] {dagbag.py:588} INFO - Filling up the DagBag from /home/airflow/.local/lib/python3.12/site-packages/airflow/example_dags/example_sensors.py
[2024-10-22T04:08:14.151+0000] {processor.py:925} INFO - DAG(s) 'example_sensors' retrieved from /home/airflow/.local/lib/python3.12/site-packages/airflow/example_dags/example_sensors.py
[2024-10-22T04:08:14.180+0000] {logging_mixin.py:190} INFO - [2024-10-22T04:08:14.180+0000] {dag.py:3239} INFO - Sync 1 DAGs
[2024-10-22T04:08:14.196+0000] {logging_mixin.py:190} INFO - [2024-10-22T04:08:14.196+0000] {dag.py:4180} INFO - Setting next_dagrun for example_sensors to None, run_after=None
[2024-10-22T04:08:14.214+0000] {processor.py:208} INFO - Processing /home/airflow/.local/lib/python3.12/site-packages/airflow/example_dags/example_sensors.py took 0.085 seconds
[2024-10-22T04:08:44.770+0000] {processor.py:186} INFO - Started process (PID=61351) to work on /home/airflow/.local/lib/python3.12/site-packages/airflow/example_dags/example_sensors.py
[2024-10-22T04:08:44.771+0000] {processor.py:914} INFO - Processing file /home/airflow/.local/lib/python3.12/site-packages/airflow/example_dags/example_sensors.py for tasks to queue
[2024-10-22T04:08:44.772+0000] {logging_mixin.py:190} INFO - [2024-10-22T04:08:44.772+0000] {dagbag.py:588} INFO - Filling up the DagBag from /home/airflow/.local/lib/python3.12/site-packages/airflow/example_dags/example_sensors.py
[2024-10-22T04:08:44.785+0000] {processor.py:925} INFO - DAG(s) 'example_sensors' retrieved from /home/airflow/.local/lib/python3.12/site-packages/airflow/example_dags/example_sensors.py
[2024-10-22T04:08:44.816+0000] {logging_mixin.py:190} INFO - [2024-10-22T04:08:44.815+0000] {dag.py:3239} INFO - Sync 1 DAGs
[2024-10-22T04:08:44.833+0000] {logging_mixin.py:190} INFO - [2024-10-22T04:08:44.832+0000] {dag.py:4180} INFO - Setting next_dagrun for example_sensors to None, run_after=None
[2024-10-22T04:08:44.855+0000] {processor.py:208} INFO - Processing /home/airflow/.local/lib/python3.12/site-packages/airflow/example_dags/example_sensors.py took 0.093 seconds
[2024-10-22T04:09:15.379+0000] {processor.py:186} INFO - Started process (PID=61418) to work on /home/airflow/.local/lib/python3.12/site-packages/airflow/example_dags/example_sensors.py
[2024-10-22T04:09:15.381+0000] {processor.py:914} INFO - Processing file /home/airflow/.local/lib/python3.12/site-packages/airflow/example_dags/example_sensors.py for tasks to queue
[2024-10-22T04:09:15.382+0000] {logging_mixin.py:190} INFO - [2024-10-22T04:09:15.382+0000] {dagbag.py:588} INFO - Filling up the DagBag from /home/airflow/.local/lib/python3.12/site-packages/airflow/example_dags/example_sensors.py
[2024-10-22T04:09:15.394+0000] {processor.py:925} INFO - DAG(s) 'example_sensors' retrieved from /home/airflow/.local/lib/python3.12/site-packages/airflow/example_dags/example_sensors.py
[2024-10-22T04:09:15.427+0000] {logging_mixin.py:190} INFO - [2024-10-22T04:09:15.425+0000] {dag.py:3239} INFO - Sync 1 DAGs
[2024-10-22T04:09:15.443+0000] {logging_mixin.py:190} INFO - [2024-10-22T04:09:15.443+0000] {dag.py:4180} INFO - Setting next_dagrun for example_sensors to None, run_after=None
[2024-10-22T04:09:15.460+0000] {processor.py:208} INFO - Processing /home/airflow/.local/lib/python3.12/site-packages/airflow/example_dags/example_sensors.py took 0.089 seconds
[2024-10-22T04:09:45.604+0000] {processor.py:186} INFO - Started process (PID=61485) to work on /home/airflow/.local/lib/python3.12/site-packages/airflow/example_dags/example_sensors.py
[2024-10-22T04:09:45.605+0000] {processor.py:914} INFO - Processing file /home/airflow/.local/lib/python3.12/site-packages/airflow/example_dags/example_sensors.py for tasks to queue
[2024-10-22T04:09:45.607+0000] {logging_mixin.py:190} INFO - [2024-10-22T04:09:45.606+0000] {dagbag.py:588} INFO - Filling up the DagBag from /home/airflow/.local/lib/python3.12/site-packages/airflow/example_dags/example_sensors.py
[2024-10-22T04:09:45.620+0000] {processor.py:925} INFO - DAG(s) 'example_sensors' retrieved from /home/airflow/.local/lib/python3.12/site-packages/airflow/example_dags/example_sensors.py
[2024-10-22T04:09:45.653+0000] {logging_mixin.py:190} INFO - [2024-10-22T04:09:45.652+0000] {dag.py:3239} INFO - Sync 1 DAGs
[2024-10-22T04:09:45.670+0000] {logging_mixin.py:190} INFO - [2024-10-22T04:09:45.669+0000] {dag.py:4180} INFO - Setting next_dagrun for example_sensors to None, run_after=None
[2024-10-22T04:09:45.689+0000] {processor.py:208} INFO - Processing /home/airflow/.local/lib/python3.12/site-packages/airflow/example_dags/example_sensors.py took 0.093 seconds
[2024-10-22T04:10:15.744+0000] {processor.py:186} INFO - Started process (PID=61551) to work on /home/airflow/.local/lib/python3.12/site-packages/airflow/example_dags/example_sensors.py
[2024-10-22T04:10:15.745+0000] {processor.py:914} INFO - Processing file /home/airflow/.local/lib/python3.12/site-packages/airflow/example_dags/example_sensors.py for tasks to queue
[2024-10-22T04:10:15.747+0000] {logging_mixin.py:190} INFO - [2024-10-22T04:10:15.746+0000] {dagbag.py:588} INFO - Filling up the DagBag from /home/airflow/.local/lib/python3.12/site-packages/airflow/example_dags/example_sensors.py
[2024-10-22T04:10:15.758+0000] {processor.py:925} INFO - DAG(s) 'example_sensors' retrieved from /home/airflow/.local/lib/python3.12/site-packages/airflow/example_dags/example_sensors.py
[2024-10-22T04:10:15.789+0000] {logging_mixin.py:190} INFO - [2024-10-22T04:10:15.788+0000] {dag.py:3239} INFO - Sync 1 DAGs
[2024-10-22T04:10:15.805+0000] {logging_mixin.py:190} INFO - [2024-10-22T04:10:15.804+0000] {dag.py:4180} INFO - Setting next_dagrun for example_sensors to None, run_after=None
[2024-10-22T04:10:15.822+0000] {processor.py:208} INFO - Processing /home/airflow/.local/lib/python3.12/site-packages/airflow/example_dags/example_sensors.py took 0.085 seconds
[2024-10-22T04:10:46.007+0000] {processor.py:186} INFO - Started process (PID=61618) to work on /home/airflow/.local/lib/python3.12/site-packages/airflow/example_dags/example_sensors.py
[2024-10-22T04:10:46.008+0000] {processor.py:914} INFO - Processing file /home/airflow/.local/lib/python3.12/site-packages/airflow/example_dags/example_sensors.py for tasks to queue
[2024-10-22T04:10:46.009+0000] {logging_mixin.py:190} INFO - [2024-10-22T04:10:46.009+0000] {dagbag.py:588} INFO - Filling up the DagBag from /home/airflow/.local/lib/python3.12/site-packages/airflow/example_dags/example_sensors.py
[2024-10-22T04:10:46.021+0000] {processor.py:925} INFO - DAG(s) 'example_sensors' retrieved from /home/airflow/.local/lib/python3.12/site-packages/airflow/example_dags/example_sensors.py
[2024-10-22T04:10:46.055+0000] {logging_mixin.py:190} INFO - [2024-10-22T04:10:46.054+0000] {dag.py:3239} INFO - Sync 1 DAGs
[2024-10-22T04:10:46.072+0000] {logging_mixin.py:190} INFO - [2024-10-22T04:10:46.071+0000] {dag.py:4180} INFO - Setting next_dagrun for example_sensors to None, run_after=None
[2024-10-22T04:10:46.092+0000] {processor.py:208} INFO - Processing /home/airflow/.local/lib/python3.12/site-packages/airflow/example_dags/example_sensors.py took 0.093 seconds
[2024-10-22T04:11:16.451+0000] {processor.py:186} INFO - Started process (PID=61685) to work on /home/airflow/.local/lib/python3.12/site-packages/airflow/example_dags/example_sensors.py
[2024-10-22T04:11:16.452+0000] {processor.py:914} INFO - Processing file /home/airflow/.local/lib/python3.12/site-packages/airflow/example_dags/example_sensors.py for tasks to queue
[2024-10-22T04:11:16.453+0000] {logging_mixin.py:190} INFO - [2024-10-22T04:11:16.453+0000] {dagbag.py:588} INFO - Filling up the DagBag from /home/airflow/.local/lib/python3.12/site-packages/airflow/example_dags/example_sensors.py
[2024-10-22T04:11:16.465+0000] {processor.py:925} INFO - DAG(s) 'example_sensors' retrieved from /home/airflow/.local/lib/python3.12/site-packages/airflow/example_dags/example_sensors.py
[2024-10-22T04:11:16.496+0000] {logging_mixin.py:190} INFO - [2024-10-22T04:11:16.496+0000] {dag.py:3239} INFO - Sync 1 DAGs
[2024-10-22T04:11:16.512+0000] {logging_mixin.py:190} INFO - [2024-10-22T04:11:16.512+0000] {dag.py:4180} INFO - Setting next_dagrun for example_sensors to None, run_after=None
[2024-10-22T04:11:16.532+0000] {processor.py:208} INFO - Processing /home/airflow/.local/lib/python3.12/site-packages/airflow/example_dags/example_sensors.py took 0.089 seconds
[2024-10-22T04:11:47.494+0000] {processor.py:186} INFO - Started process (PID=61752) to work on /home/airflow/.local/lib/python3.12/site-packages/airflow/example_dags/example_sensors.py
[2024-10-22T04:11:47.495+0000] {processor.py:914} INFO - Processing file /home/airflow/.local/lib/python3.12/site-packages/airflow/example_dags/example_sensors.py for tasks to queue
[2024-10-22T04:11:47.497+0000] {logging_mixin.py:190} INFO - [2024-10-22T04:11:47.497+0000] {dagbag.py:588} INFO - Filling up the DagBag from /home/airflow/.local/lib/python3.12/site-packages/airflow/example_dags/example_sensors.py
[2024-10-22T04:11:47.510+0000] {processor.py:925} INFO - DAG(s) 'example_sensors' retrieved from /home/airflow/.local/lib/python3.12/site-packages/airflow/example_dags/example_sensors.py
[2024-10-22T04:11:47.540+0000] {logging_mixin.py:190} INFO - [2024-10-22T04:11:47.540+0000] {dag.py:3239} INFO - Sync 1 DAGs
[2024-10-22T04:11:47.556+0000] {logging_mixin.py:190} INFO - [2024-10-22T04:11:47.556+0000] {dag.py:4180} INFO - Setting next_dagrun for example_sensors to None, run_after=None
[2024-10-22T04:11:47.574+0000] {processor.py:208} INFO - Processing /home/airflow/.local/lib/python3.12/site-packages/airflow/example_dags/example_sensors.py took 0.087 seconds
[2024-10-22T04:12:17.910+0000] {processor.py:186} INFO - Started process (PID=61819) to work on /home/airflow/.local/lib/python3.12/site-packages/airflow/example_dags/example_sensors.py
[2024-10-22T04:12:17.911+0000] {processor.py:914} INFO - Processing file /home/airflow/.local/lib/python3.12/site-packages/airflow/example_dags/example_sensors.py for tasks to queue
[2024-10-22T04:12:17.913+0000] {logging_mixin.py:190} INFO - [2024-10-22T04:12:17.912+0000] {dagbag.py:588} INFO - Filling up the DagBag from /home/airflow/.local/lib/python3.12/site-packages/airflow/example_dags/example_sensors.py
[2024-10-22T04:12:17.924+0000] {processor.py:925} INFO - DAG(s) 'example_sensors' retrieved from /home/airflow/.local/lib/python3.12/site-packages/airflow/example_dags/example_sensors.py
[2024-10-22T04:12:17.957+0000] {logging_mixin.py:190} INFO - [2024-10-22T04:12:17.957+0000] {dag.py:3239} INFO - Sync 1 DAGs
[2024-10-22T04:12:17.974+0000] {logging_mixin.py:190} INFO - [2024-10-22T04:12:17.973+0000] {dag.py:4180} INFO - Setting next_dagrun for example_sensors to None, run_after=None
[2024-10-22T04:12:17.992+0000] {processor.py:208} INFO - Processing /home/airflow/.local/lib/python3.12/site-packages/airflow/example_dags/example_sensors.py took 0.090 seconds
[2024-10-22T04:12:48.221+0000] {processor.py:186} INFO - Started process (PID=61886) to work on /home/airflow/.local/lib/python3.12/site-packages/airflow/example_dags/example_sensors.py
[2024-10-22T04:12:48.222+0000] {processor.py:914} INFO - Processing file /home/airflow/.local/lib/python3.12/site-packages/airflow/example_dags/example_sensors.py for tasks to queue
[2024-10-22T04:12:48.223+0000] {logging_mixin.py:190} INFO - [2024-10-22T04:12:48.223+0000] {dagbag.py:588} INFO - Filling up the DagBag from /home/airflow/.local/lib/python3.12/site-packages/airflow/example_dags/example_sensors.py
[2024-10-22T04:12:48.238+0000] {processor.py:925} INFO - DAG(s) 'example_sensors' retrieved from /home/airflow/.local/lib/python3.12/site-packages/airflow/example_dags/example_sensors.py
[2024-10-22T04:12:48.288+0000] {logging_mixin.py:190} INFO - [2024-10-22T04:12:48.287+0000] {dag.py:3239} INFO - Sync 1 DAGs
[2024-10-22T04:12:48.307+0000] {logging_mixin.py:190} INFO - [2024-10-22T04:12:48.306+0000] {dag.py:4180} INFO - Setting next_dagrun for example_sensors to None, run_after=None
[2024-10-22T04:12:48.330+0000] {processor.py:208} INFO - Processing /home/airflow/.local/lib/python3.12/site-packages/airflow/example_dags/example_sensors.py took 0.118 seconds
[2024-10-22T04:13:18.535+0000] {processor.py:186} INFO - Started process (PID=61952) to work on /home/airflow/.local/lib/python3.12/site-packages/airflow/example_dags/example_sensors.py
[2024-10-22T04:13:18.537+0000] {processor.py:914} INFO - Processing file /home/airflow/.local/lib/python3.12/site-packages/airflow/example_dags/example_sensors.py for tasks to queue
[2024-10-22T04:13:18.538+0000] {logging_mixin.py:190} INFO - [2024-10-22T04:13:18.538+0000] {dagbag.py:588} INFO - Filling up the DagBag from /home/airflow/.local/lib/python3.12/site-packages/airflow/example_dags/example_sensors.py
[2024-10-22T04:13:18.552+0000] {processor.py:925} INFO - DAG(s) 'example_sensors' retrieved from /home/airflow/.local/lib/python3.12/site-packages/airflow/example_dags/example_sensors.py
[2024-10-22T04:13:18.584+0000] {logging_mixin.py:190} INFO - [2024-10-22T04:13:18.584+0000] {dag.py:3239} INFO - Sync 1 DAGs
[2024-10-22T04:13:18.602+0000] {logging_mixin.py:190} INFO - [2024-10-22T04:13:18.602+0000] {dag.py:4180} INFO - Setting next_dagrun for example_sensors to None, run_after=None
[2024-10-22T04:13:18.625+0000] {processor.py:208} INFO - Processing /home/airflow/.local/lib/python3.12/site-packages/airflow/example_dags/example_sensors.py took 0.098 seconds
[2024-10-22T04:13:48.871+0000] {processor.py:186} INFO - Started process (PID=62019) to work on /home/airflow/.local/lib/python3.12/site-packages/airflow/example_dags/example_sensors.py
[2024-10-22T04:13:48.872+0000] {processor.py:914} INFO - Processing file /home/airflow/.local/lib/python3.12/site-packages/airflow/example_dags/example_sensors.py for tasks to queue
[2024-10-22T04:13:48.875+0000] {logging_mixin.py:190} INFO - [2024-10-22T04:13:48.874+0000] {dagbag.py:588} INFO - Filling up the DagBag from /home/airflow/.local/lib/python3.12/site-packages/airflow/example_dags/example_sensors.py
[2024-10-22T04:13:48.887+0000] {processor.py:925} INFO - DAG(s) 'example_sensors' retrieved from /home/airflow/.local/lib/python3.12/site-packages/airflow/example_dags/example_sensors.py
[2024-10-22T04:13:48.918+0000] {logging_mixin.py:190} INFO - [2024-10-22T04:13:48.917+0000] {dag.py:3239} INFO - Sync 1 DAGs
[2024-10-22T04:13:48.935+0000] {logging_mixin.py:190} INFO - [2024-10-22T04:13:48.935+0000] {dag.py:4180} INFO - Setting next_dagrun for example_sensors to None, run_after=None
[2024-10-22T04:13:48.953+0000] {processor.py:208} INFO - Processing /home/airflow/.local/lib/python3.12/site-packages/airflow/example_dags/example_sensors.py took 0.090 seconds
[2024-10-22T04:14:19.524+0000] {processor.py:186} INFO - Started process (PID=62086) to work on /home/airflow/.local/lib/python3.12/site-packages/airflow/example_dags/example_sensors.py
[2024-10-22T04:14:19.525+0000] {processor.py:914} INFO - Processing file /home/airflow/.local/lib/python3.12/site-packages/airflow/example_dags/example_sensors.py for tasks to queue
[2024-10-22T04:14:19.526+0000] {logging_mixin.py:190} INFO - [2024-10-22T04:14:19.526+0000] {dagbag.py:588} INFO - Filling up the DagBag from /home/airflow/.local/lib/python3.12/site-packages/airflow/example_dags/example_sensors.py
[2024-10-22T04:14:19.539+0000] {processor.py:925} INFO - DAG(s) 'example_sensors' retrieved from /home/airflow/.local/lib/python3.12/site-packages/airflow/example_dags/example_sensors.py
[2024-10-22T04:14:19.573+0000] {logging_mixin.py:190} INFO - [2024-10-22T04:14:19.573+0000] {dag.py:3239} INFO - Sync 1 DAGs
[2024-10-22T04:14:19.592+0000] {logging_mixin.py:190} INFO - [2024-10-22T04:14:19.591+0000] {dag.py:4180} INFO - Setting next_dagrun for example_sensors to None, run_after=None
[2024-10-22T04:14:19.609+0000] {processor.py:208} INFO - Processing /home/airflow/.local/lib/python3.12/site-packages/airflow/example_dags/example_sensors.py took 0.093 seconds
