[2024-10-22T03:19:14.263+0000] {processor.py:186} INFO - Started process (PID=54836) to work on /home/airflow/.local/lib/python3.12/site-packages/airflow/example_dags/tutorial_taskflow_api_virtualenv.py
[2024-10-22T03:19:14.265+0000] {processor.py:914} INFO - Processing file /home/airflow/.local/lib/python3.12/site-packages/airflow/example_dags/tutorial_taskflow_api_virtualenv.py for tasks to queue
[2024-10-22T03:19:14.267+0000] {logging_mixin.py:190} INFO - [2024-10-22T03:19:14.267+0000] {dagbag.py:588} INFO - Filling up the DagBag from /home/airflow/.local/lib/python3.12/site-packages/airflow/example_dags/tutorial_taskflow_api_virtualenv.py
[2024-10-22T03:19:14.284+0000] {processor.py:925} INFO - DAG(s) 'tutorial_taskflow_api_virtualenv' retrieved from /home/airflow/.local/lib/python3.12/site-packages/airflow/example_dags/tutorial_taskflow_api_virtualenv.py
[2024-10-22T03:19:14.318+0000] {logging_mixin.py:190} INFO - [2024-10-22T03:19:14.318+0000] {dag.py:3239} INFO - Sync 1 DAGs
[2024-10-22T03:19:14.340+0000] {logging_mixin.py:190} INFO - [2024-10-22T03:19:14.339+0000] {dag.py:4180} INFO - Setting next_dagrun for tutorial_taskflow_api_virtualenv to None, run_after=None
[2024-10-22T03:19:14.367+0000] {processor.py:208} INFO - Processing /home/airflow/.local/lib/python3.12/site-packages/airflow/example_dags/tutorial_taskflow_api_virtualenv.py took 0.131 seconds
[2024-10-22T03:19:44.784+0000] {processor.py:186} INFO - Started process (PID=54904) to work on /home/airflow/.local/lib/python3.12/site-packages/airflow/example_dags/tutorial_taskflow_api_virtualenv.py
[2024-10-22T03:19:44.785+0000] {processor.py:914} INFO - Processing file /home/airflow/.local/lib/python3.12/site-packages/airflow/example_dags/tutorial_taskflow_api_virtualenv.py for tasks to queue
[2024-10-22T03:19:44.787+0000] {logging_mixin.py:190} INFO - [2024-10-22T03:19:44.787+0000] {dagbag.py:588} INFO - Filling up the DagBag from /home/airflow/.local/lib/python3.12/site-packages/airflow/example_dags/tutorial_taskflow_api_virtualenv.py
[2024-10-22T03:19:44.799+0000] {processor.py:925} INFO - DAG(s) 'tutorial_taskflow_api_virtualenv' retrieved from /home/airflow/.local/lib/python3.12/site-packages/airflow/example_dags/tutorial_taskflow_api_virtualenv.py
[2024-10-22T03:19:44.824+0000] {logging_mixin.py:190} INFO - [2024-10-22T03:19:44.824+0000] {dag.py:3239} INFO - Sync 1 DAGs
[2024-10-22T03:19:44.841+0000] {logging_mixin.py:190} INFO - [2024-10-22T03:19:44.840+0000] {dag.py:4180} INFO - Setting next_dagrun for tutorial_taskflow_api_virtualenv to None, run_after=None
[2024-10-22T03:19:44.859+0000] {processor.py:208} INFO - Processing /home/airflow/.local/lib/python3.12/site-packages/airflow/example_dags/tutorial_taskflow_api_virtualenv.py took 0.083 seconds
[2024-10-22T03:20:15.324+0000] {processor.py:186} INFO - Started process (PID=54971) to work on /home/airflow/.local/lib/python3.12/site-packages/airflow/example_dags/tutorial_taskflow_api_virtualenv.py
[2024-10-22T03:20:15.325+0000] {processor.py:914} INFO - Processing file /home/airflow/.local/lib/python3.12/site-packages/airflow/example_dags/tutorial_taskflow_api_virtualenv.py for tasks to queue
[2024-10-22T03:20:15.326+0000] {logging_mixin.py:190} INFO - [2024-10-22T03:20:15.326+0000] {dagbag.py:588} INFO - Filling up the DagBag from /home/airflow/.local/lib/python3.12/site-packages/airflow/example_dags/tutorial_taskflow_api_virtualenv.py
[2024-10-22T03:20:15.338+0000] {processor.py:925} INFO - DAG(s) 'tutorial_taskflow_api_virtualenv' retrieved from /home/airflow/.local/lib/python3.12/site-packages/airflow/example_dags/tutorial_taskflow_api_virtualenv.py
[2024-10-22T03:20:15.361+0000] {logging_mixin.py:190} INFO - [2024-10-22T03:20:15.361+0000] {dag.py:3239} INFO - Sync 1 DAGs
[2024-10-22T03:20:15.381+0000] {logging_mixin.py:190} INFO - [2024-10-22T03:20:15.380+0000] {dag.py:4180} INFO - Setting next_dagrun for tutorial_taskflow_api_virtualenv to None, run_after=None
[2024-10-22T03:20:15.399+0000] {processor.py:208} INFO - Processing /home/airflow/.local/lib/python3.12/site-packages/airflow/example_dags/tutorial_taskflow_api_virtualenv.py took 0.083 seconds
[2024-10-22T03:20:46.062+0000] {processor.py:186} INFO - Started process (PID=55038) to work on /home/airflow/.local/lib/python3.12/site-packages/airflow/example_dags/tutorial_taskflow_api_virtualenv.py
[2024-10-22T03:20:46.063+0000] {processor.py:914} INFO - Processing file /home/airflow/.local/lib/python3.12/site-packages/airflow/example_dags/tutorial_taskflow_api_virtualenv.py for tasks to queue
[2024-10-22T03:20:46.064+0000] {logging_mixin.py:190} INFO - [2024-10-22T03:20:46.064+0000] {dagbag.py:588} INFO - Filling up the DagBag from /home/airflow/.local/lib/python3.12/site-packages/airflow/example_dags/tutorial_taskflow_api_virtualenv.py
[2024-10-22T03:20:46.076+0000] {processor.py:925} INFO - DAG(s) 'tutorial_taskflow_api_virtualenv' retrieved from /home/airflow/.local/lib/python3.12/site-packages/airflow/example_dags/tutorial_taskflow_api_virtualenv.py
[2024-10-22T03:20:46.099+0000] {logging_mixin.py:190} INFO - [2024-10-22T03:20:46.099+0000] {dag.py:3239} INFO - Sync 1 DAGs
[2024-10-22T03:20:46.116+0000] {logging_mixin.py:190} INFO - [2024-10-22T03:20:46.116+0000] {dag.py:4180} INFO - Setting next_dagrun for tutorial_taskflow_api_virtualenv to None, run_after=None
[2024-10-22T03:20:46.133+0000] {processor.py:208} INFO - Processing /home/airflow/.local/lib/python3.12/site-packages/airflow/example_dags/tutorial_taskflow_api_virtualenv.py took 0.079 seconds
[2024-10-22T03:21:16.652+0000] {processor.py:186} INFO - Started process (PID=55104) to work on /home/airflow/.local/lib/python3.12/site-packages/airflow/example_dags/tutorial_taskflow_api_virtualenv.py
[2024-10-22T03:21:16.653+0000] {processor.py:914} INFO - Processing file /home/airflow/.local/lib/python3.12/site-packages/airflow/example_dags/tutorial_taskflow_api_virtualenv.py for tasks to queue
[2024-10-22T03:21:16.654+0000] {logging_mixin.py:190} INFO - [2024-10-22T03:21:16.654+0000] {dagbag.py:588} INFO - Filling up the DagBag from /home/airflow/.local/lib/python3.12/site-packages/airflow/example_dags/tutorial_taskflow_api_virtualenv.py
[2024-10-22T03:21:16.666+0000] {processor.py:925} INFO - DAG(s) 'tutorial_taskflow_api_virtualenv' retrieved from /home/airflow/.local/lib/python3.12/site-packages/airflow/example_dags/tutorial_taskflow_api_virtualenv.py
[2024-10-22T03:21:16.689+0000] {logging_mixin.py:190} INFO - [2024-10-22T03:21:16.689+0000] {dag.py:3239} INFO - Sync 1 DAGs
[2024-10-22T03:21:16.706+0000] {logging_mixin.py:190} INFO - [2024-10-22T03:21:16.706+0000] {dag.py:4180} INFO - Setting next_dagrun for tutorial_taskflow_api_virtualenv to None, run_after=None
[2024-10-22T03:21:16.728+0000] {processor.py:208} INFO - Processing /home/airflow/.local/lib/python3.12/site-packages/airflow/example_dags/tutorial_taskflow_api_virtualenv.py took 0.084 seconds
[2024-10-22T03:21:47.074+0000] {processor.py:186} INFO - Started process (PID=55171) to work on /home/airflow/.local/lib/python3.12/site-packages/airflow/example_dags/tutorial_taskflow_api_virtualenv.py
[2024-10-22T03:21:47.075+0000] {processor.py:914} INFO - Processing file /home/airflow/.local/lib/python3.12/site-packages/airflow/example_dags/tutorial_taskflow_api_virtualenv.py for tasks to queue
[2024-10-22T03:21:47.076+0000] {logging_mixin.py:190} INFO - [2024-10-22T03:21:47.076+0000] {dagbag.py:588} INFO - Filling up the DagBag from /home/airflow/.local/lib/python3.12/site-packages/airflow/example_dags/tutorial_taskflow_api_virtualenv.py
[2024-10-22T03:21:47.088+0000] {processor.py:925} INFO - DAG(s) 'tutorial_taskflow_api_virtualenv' retrieved from /home/airflow/.local/lib/python3.12/site-packages/airflow/example_dags/tutorial_taskflow_api_virtualenv.py
[2024-10-22T03:21:47.111+0000] {logging_mixin.py:190} INFO - [2024-10-22T03:21:47.111+0000] {dag.py:3239} INFO - Sync 1 DAGs
[2024-10-22T03:21:47.129+0000] {logging_mixin.py:190} INFO - [2024-10-22T03:21:47.129+0000] {dag.py:4180} INFO - Setting next_dagrun for tutorial_taskflow_api_virtualenv to None, run_after=None
[2024-10-22T03:21:47.147+0000] {processor.py:208} INFO - Processing /home/airflow/.local/lib/python3.12/site-packages/airflow/example_dags/tutorial_taskflow_api_virtualenv.py took 0.082 seconds
[2024-10-22T03:22:17.417+0000] {processor.py:186} INFO - Started process (PID=55237) to work on /home/airflow/.local/lib/python3.12/site-packages/airflow/example_dags/tutorial_taskflow_api_virtualenv.py
[2024-10-22T03:22:17.418+0000] {processor.py:914} INFO - Processing file /home/airflow/.local/lib/python3.12/site-packages/airflow/example_dags/tutorial_taskflow_api_virtualenv.py for tasks to queue
[2024-10-22T03:22:17.420+0000] {logging_mixin.py:190} INFO - [2024-10-22T03:22:17.419+0000] {dagbag.py:588} INFO - Filling up the DagBag from /home/airflow/.local/lib/python3.12/site-packages/airflow/example_dags/tutorial_taskflow_api_virtualenv.py
[2024-10-22T03:22:17.433+0000] {processor.py:925} INFO - DAG(s) 'tutorial_taskflow_api_virtualenv' retrieved from /home/airflow/.local/lib/python3.12/site-packages/airflow/example_dags/tutorial_taskflow_api_virtualenv.py
[2024-10-22T03:22:17.456+0000] {logging_mixin.py:190} INFO - [2024-10-22T03:22:17.456+0000] {dag.py:3239} INFO - Sync 1 DAGs
[2024-10-22T03:22:17.474+0000] {logging_mixin.py:190} INFO - [2024-10-22T03:22:17.474+0000] {dag.py:4180} INFO - Setting next_dagrun for tutorial_taskflow_api_virtualenv to None, run_after=None
[2024-10-22T03:22:17.492+0000] {processor.py:208} INFO - Processing /home/airflow/.local/lib/python3.12/site-packages/airflow/example_dags/tutorial_taskflow_api_virtualenv.py took 0.082 seconds
[2024-10-22T03:22:48.054+0000] {processor.py:186} INFO - Started process (PID=55304) to work on /home/airflow/.local/lib/python3.12/site-packages/airflow/example_dags/tutorial_taskflow_api_virtualenv.py
[2024-10-22T03:22:48.055+0000] {processor.py:914} INFO - Processing file /home/airflow/.local/lib/python3.12/site-packages/airflow/example_dags/tutorial_taskflow_api_virtualenv.py for tasks to queue
[2024-10-22T03:22:48.056+0000] {logging_mixin.py:190} INFO - [2024-10-22T03:22:48.056+0000] {dagbag.py:588} INFO - Filling up the DagBag from /home/airflow/.local/lib/python3.12/site-packages/airflow/example_dags/tutorial_taskflow_api_virtualenv.py
[2024-10-22T03:22:48.068+0000] {processor.py:925} INFO - DAG(s) 'tutorial_taskflow_api_virtualenv' retrieved from /home/airflow/.local/lib/python3.12/site-packages/airflow/example_dags/tutorial_taskflow_api_virtualenv.py
[2024-10-22T03:22:48.092+0000] {logging_mixin.py:190} INFO - [2024-10-22T03:22:48.091+0000] {dag.py:3239} INFO - Sync 1 DAGs
[2024-10-22T03:22:48.110+0000] {logging_mixin.py:190} INFO - [2024-10-22T03:22:48.110+0000] {dag.py:4180} INFO - Setting next_dagrun for tutorial_taskflow_api_virtualenv to None, run_after=None
[2024-10-22T03:22:48.128+0000] {processor.py:208} INFO - Processing /home/airflow/.local/lib/python3.12/site-packages/airflow/example_dags/tutorial_taskflow_api_virtualenv.py took 0.081 seconds
[2024-10-22T03:23:18.915+0000] {processor.py:186} INFO - Started process (PID=55371) to work on /home/airflow/.local/lib/python3.12/site-packages/airflow/example_dags/tutorial_taskflow_api_virtualenv.py
[2024-10-22T03:23:18.916+0000] {processor.py:914} INFO - Processing file /home/airflow/.local/lib/python3.12/site-packages/airflow/example_dags/tutorial_taskflow_api_virtualenv.py for tasks to queue
[2024-10-22T03:23:18.919+0000] {logging_mixin.py:190} INFO - [2024-10-22T03:23:18.917+0000] {dagbag.py:588} INFO - Filling up the DagBag from /home/airflow/.local/lib/python3.12/site-packages/airflow/example_dags/tutorial_taskflow_api_virtualenv.py
[2024-10-22T03:23:18.939+0000] {processor.py:925} INFO - DAG(s) 'tutorial_taskflow_api_virtualenv' retrieved from /home/airflow/.local/lib/python3.12/site-packages/airflow/example_dags/tutorial_taskflow_api_virtualenv.py
[2024-10-22T03:23:18.975+0000] {logging_mixin.py:190} INFO - [2024-10-22T03:23:18.975+0000] {dag.py:3239} INFO - Sync 1 DAGs
[2024-10-22T03:23:19.001+0000] {logging_mixin.py:190} INFO - [2024-10-22T03:23:19.000+0000] {dag.py:4180} INFO - Setting next_dagrun for tutorial_taskflow_api_virtualenv to None, run_after=None
[2024-10-22T03:23:19.025+0000] {processor.py:208} INFO - Processing /home/airflow/.local/lib/python3.12/site-packages/airflow/example_dags/tutorial_taskflow_api_virtualenv.py took 0.119 seconds
[2024-10-22T03:23:49.545+0000] {processor.py:186} INFO - Started process (PID=55438) to work on /home/airflow/.local/lib/python3.12/site-packages/airflow/example_dags/tutorial_taskflow_api_virtualenv.py
[2024-10-22T03:23:49.546+0000] {processor.py:914} INFO - Processing file /home/airflow/.local/lib/python3.12/site-packages/airflow/example_dags/tutorial_taskflow_api_virtualenv.py for tasks to queue
[2024-10-22T03:23:49.548+0000] {logging_mixin.py:190} INFO - [2024-10-22T03:23:49.547+0000] {dagbag.py:588} INFO - Filling up the DagBag from /home/airflow/.local/lib/python3.12/site-packages/airflow/example_dags/tutorial_taskflow_api_virtualenv.py
[2024-10-22T03:23:49.560+0000] {processor.py:925} INFO - DAG(s) 'tutorial_taskflow_api_virtualenv' retrieved from /home/airflow/.local/lib/python3.12/site-packages/airflow/example_dags/tutorial_taskflow_api_virtualenv.py
[2024-10-22T03:23:49.584+0000] {logging_mixin.py:190} INFO - [2024-10-22T03:23:49.584+0000] {dag.py:3239} INFO - Sync 1 DAGs
[2024-10-22T03:23:49.606+0000] {logging_mixin.py:190} INFO - [2024-10-22T03:23:49.605+0000] {dag.py:4180} INFO - Setting next_dagrun for tutorial_taskflow_api_virtualenv to None, run_after=None
[2024-10-22T03:23:49.625+0000] {processor.py:208} INFO - Processing /home/airflow/.local/lib/python3.12/site-packages/airflow/example_dags/tutorial_taskflow_api_virtualenv.py took 0.087 seconds
[2024-10-22T03:24:19.980+0000] {processor.py:186} INFO - Started process (PID=55505) to work on /home/airflow/.local/lib/python3.12/site-packages/airflow/example_dags/tutorial_taskflow_api_virtualenv.py
[2024-10-22T03:24:19.981+0000] {processor.py:914} INFO - Processing file /home/airflow/.local/lib/python3.12/site-packages/airflow/example_dags/tutorial_taskflow_api_virtualenv.py for tasks to queue
[2024-10-22T03:24:19.983+0000] {logging_mixin.py:190} INFO - [2024-10-22T03:24:19.982+0000] {dagbag.py:588} INFO - Filling up the DagBag from /home/airflow/.local/lib/python3.12/site-packages/airflow/example_dags/tutorial_taskflow_api_virtualenv.py
[2024-10-22T03:24:19.995+0000] {processor.py:925} INFO - DAG(s) 'tutorial_taskflow_api_virtualenv' retrieved from /home/airflow/.local/lib/python3.12/site-packages/airflow/example_dags/tutorial_taskflow_api_virtualenv.py
[2024-10-22T03:24:20.019+0000] {logging_mixin.py:190} INFO - [2024-10-22T03:24:20.019+0000] {dag.py:3239} INFO - Sync 1 DAGs
[2024-10-22T03:24:20.036+0000] {logging_mixin.py:190} INFO - [2024-10-22T03:24:20.035+0000] {dag.py:4180} INFO - Setting next_dagrun for tutorial_taskflow_api_virtualenv to None, run_after=None
[2024-10-22T03:24:20.057+0000] {processor.py:208} INFO - Processing /home/airflow/.local/lib/python3.12/site-packages/airflow/example_dags/tutorial_taskflow_api_virtualenv.py took 0.084 seconds
[2024-10-22T03:24:50.762+0000] {processor.py:186} INFO - Started process (PID=55572) to work on /home/airflow/.local/lib/python3.12/site-packages/airflow/example_dags/tutorial_taskflow_api_virtualenv.py
[2024-10-22T03:24:50.763+0000] {processor.py:914} INFO - Processing file /home/airflow/.local/lib/python3.12/site-packages/airflow/example_dags/tutorial_taskflow_api_virtualenv.py for tasks to queue
[2024-10-22T03:24:50.764+0000] {logging_mixin.py:190} INFO - [2024-10-22T03:24:50.764+0000] {dagbag.py:588} INFO - Filling up the DagBag from /home/airflow/.local/lib/python3.12/site-packages/airflow/example_dags/tutorial_taskflow_api_virtualenv.py
[2024-10-22T03:24:50.777+0000] {processor.py:925} INFO - DAG(s) 'tutorial_taskflow_api_virtualenv' retrieved from /home/airflow/.local/lib/python3.12/site-packages/airflow/example_dags/tutorial_taskflow_api_virtualenv.py
[2024-10-22T03:24:50.801+0000] {logging_mixin.py:190} INFO - [2024-10-22T03:24:50.801+0000] {dag.py:3239} INFO - Sync 1 DAGs
[2024-10-22T03:24:50.817+0000] {logging_mixin.py:190} INFO - [2024-10-22T03:24:50.817+0000] {dag.py:4180} INFO - Setting next_dagrun for tutorial_taskflow_api_virtualenv to None, run_after=None
[2024-10-22T03:24:50.836+0000] {processor.py:208} INFO - Processing /home/airflow/.local/lib/python3.12/site-packages/airflow/example_dags/tutorial_taskflow_api_virtualenv.py took 0.082 seconds
[2024-10-22T03:25:21.298+0000] {processor.py:186} INFO - Started process (PID=55639) to work on /home/airflow/.local/lib/python3.12/site-packages/airflow/example_dags/tutorial_taskflow_api_virtualenv.py
[2024-10-22T03:25:21.299+0000] {processor.py:914} INFO - Processing file /home/airflow/.local/lib/python3.12/site-packages/airflow/example_dags/tutorial_taskflow_api_virtualenv.py for tasks to queue
[2024-10-22T03:25:21.301+0000] {logging_mixin.py:190} INFO - [2024-10-22T03:25:21.300+0000] {dagbag.py:588} INFO - Filling up the DagBag from /home/airflow/.local/lib/python3.12/site-packages/airflow/example_dags/tutorial_taskflow_api_virtualenv.py
[2024-10-22T03:25:21.314+0000] {processor.py:925} INFO - DAG(s) 'tutorial_taskflow_api_virtualenv' retrieved from /home/airflow/.local/lib/python3.12/site-packages/airflow/example_dags/tutorial_taskflow_api_virtualenv.py
[2024-10-22T03:25:21.339+0000] {logging_mixin.py:190} INFO - [2024-10-22T03:25:21.339+0000] {dag.py:3239} INFO - Sync 1 DAGs
[2024-10-22T03:25:21.358+0000] {logging_mixin.py:190} INFO - [2024-10-22T03:25:21.357+0000] {dag.py:4180} INFO - Setting next_dagrun for tutorial_taskflow_api_virtualenv to None, run_after=None
[2024-10-22T03:25:21.377+0000] {processor.py:208} INFO - Processing /home/airflow/.local/lib/python3.12/site-packages/airflow/example_dags/tutorial_taskflow_api_virtualenv.py took 0.086 seconds
[2024-10-22T03:25:51.715+0000] {processor.py:186} INFO - Started process (PID=55706) to work on /home/airflow/.local/lib/python3.12/site-packages/airflow/example_dags/tutorial_taskflow_api_virtualenv.py
[2024-10-22T03:25:51.717+0000] {processor.py:914} INFO - Processing file /home/airflow/.local/lib/python3.12/site-packages/airflow/example_dags/tutorial_taskflow_api_virtualenv.py for tasks to queue
[2024-10-22T03:25:51.718+0000] {logging_mixin.py:190} INFO - [2024-10-22T03:25:51.718+0000] {dagbag.py:588} INFO - Filling up the DagBag from /home/airflow/.local/lib/python3.12/site-packages/airflow/example_dags/tutorial_taskflow_api_virtualenv.py
[2024-10-22T03:25:51.730+0000] {processor.py:925} INFO - DAG(s) 'tutorial_taskflow_api_virtualenv' retrieved from /home/airflow/.local/lib/python3.12/site-packages/airflow/example_dags/tutorial_taskflow_api_virtualenv.py
[2024-10-22T03:25:51.758+0000] {logging_mixin.py:190} INFO - [2024-10-22T03:25:51.758+0000] {dag.py:3239} INFO - Sync 1 DAGs
[2024-10-22T03:25:51.776+0000] {logging_mixin.py:190} INFO - [2024-10-22T03:25:51.775+0000] {dag.py:4180} INFO - Setting next_dagrun for tutorial_taskflow_api_virtualenv to None, run_after=None
[2024-10-22T03:25:51.795+0000] {processor.py:208} INFO - Processing /home/airflow/.local/lib/python3.12/site-packages/airflow/example_dags/tutorial_taskflow_api_virtualenv.py took 0.087 seconds
[2024-10-22T03:26:22.646+0000] {processor.py:186} INFO - Started process (PID=55772) to work on /home/airflow/.local/lib/python3.12/site-packages/airflow/example_dags/tutorial_taskflow_api_virtualenv.py
[2024-10-22T03:26:22.647+0000] {processor.py:914} INFO - Processing file /home/airflow/.local/lib/python3.12/site-packages/airflow/example_dags/tutorial_taskflow_api_virtualenv.py for tasks to queue
[2024-10-22T03:26:22.649+0000] {logging_mixin.py:190} INFO - [2024-10-22T03:26:22.648+0000] {dagbag.py:588} INFO - Filling up the DagBag from /home/airflow/.local/lib/python3.12/site-packages/airflow/example_dags/tutorial_taskflow_api_virtualenv.py
[2024-10-22T03:26:22.664+0000] {processor.py:925} INFO - DAG(s) 'tutorial_taskflow_api_virtualenv' retrieved from /home/airflow/.local/lib/python3.12/site-packages/airflow/example_dags/tutorial_taskflow_api_virtualenv.py
[2024-10-22T03:26:22.694+0000] {logging_mixin.py:190} INFO - [2024-10-22T03:26:22.693+0000] {dag.py:3239} INFO - Sync 1 DAGs
[2024-10-22T03:26:22.714+0000] {logging_mixin.py:190} INFO - [2024-10-22T03:26:22.714+0000] {dag.py:4180} INFO - Setting next_dagrun for tutorial_taskflow_api_virtualenv to None, run_after=None
[2024-10-22T03:26:22.740+0000] {processor.py:208} INFO - Processing /home/airflow/.local/lib/python3.12/site-packages/airflow/example_dags/tutorial_taskflow_api_virtualenv.py took 0.103 seconds
[2024-10-22T03:26:53.172+0000] {processor.py:186} INFO - Started process (PID=55839) to work on /home/airflow/.local/lib/python3.12/site-packages/airflow/example_dags/tutorial_taskflow_api_virtualenv.py
[2024-10-22T03:26:53.173+0000] {processor.py:914} INFO - Processing file /home/airflow/.local/lib/python3.12/site-packages/airflow/example_dags/tutorial_taskflow_api_virtualenv.py for tasks to queue
[2024-10-22T03:26:53.174+0000] {logging_mixin.py:190} INFO - [2024-10-22T03:26:53.174+0000] {dagbag.py:588} INFO - Filling up the DagBag from /home/airflow/.local/lib/python3.12/site-packages/airflow/example_dags/tutorial_taskflow_api_virtualenv.py
[2024-10-22T03:26:53.188+0000] {processor.py:925} INFO - DAG(s) 'tutorial_taskflow_api_virtualenv' retrieved from /home/airflow/.local/lib/python3.12/site-packages/airflow/example_dags/tutorial_taskflow_api_virtualenv.py
[2024-10-22T03:26:53.230+0000] {logging_mixin.py:190} INFO - [2024-10-22T03:26:53.230+0000] {dag.py:3239} INFO - Sync 1 DAGs
[2024-10-22T03:26:53.248+0000] {logging_mixin.py:190} INFO - [2024-10-22T03:26:53.248+0000] {dag.py:4180} INFO - Setting next_dagrun for tutorial_taskflow_api_virtualenv to None, run_after=None
[2024-10-22T03:26:53.270+0000] {processor.py:208} INFO - Processing /home/airflow/.local/lib/python3.12/site-packages/airflow/example_dags/tutorial_taskflow_api_virtualenv.py took 0.107 seconds
[2024-10-22T03:27:23.819+0000] {processor.py:186} INFO - Started process (PID=55906) to work on /home/airflow/.local/lib/python3.12/site-packages/airflow/example_dags/tutorial_taskflow_api_virtualenv.py
[2024-10-22T03:27:23.820+0000] {processor.py:914} INFO - Processing file /home/airflow/.local/lib/python3.12/site-packages/airflow/example_dags/tutorial_taskflow_api_virtualenv.py for tasks to queue
[2024-10-22T03:27:23.822+0000] {logging_mixin.py:190} INFO - [2024-10-22T03:27:23.822+0000] {dagbag.py:588} INFO - Filling up the DagBag from /home/airflow/.local/lib/python3.12/site-packages/airflow/example_dags/tutorial_taskflow_api_virtualenv.py
[2024-10-22T03:27:23.838+0000] {processor.py:925} INFO - DAG(s) 'tutorial_taskflow_api_virtualenv' retrieved from /home/airflow/.local/lib/python3.12/site-packages/airflow/example_dags/tutorial_taskflow_api_virtualenv.py
[2024-10-22T03:27:23.863+0000] {logging_mixin.py:190} INFO - [2024-10-22T03:27:23.863+0000] {dag.py:3239} INFO - Sync 1 DAGs
[2024-10-22T03:27:23.882+0000] {logging_mixin.py:190} INFO - [2024-10-22T03:27:23.882+0000] {dag.py:4180} INFO - Setting next_dagrun for tutorial_taskflow_api_virtualenv to None, run_after=None
[2024-10-22T03:27:23.903+0000] {processor.py:208} INFO - Processing /home/airflow/.local/lib/python3.12/site-packages/airflow/example_dags/tutorial_taskflow_api_virtualenv.py took 0.091 seconds
[2024-10-22T03:27:54.359+0000] {processor.py:186} INFO - Started process (PID=55973) to work on /home/airflow/.local/lib/python3.12/site-packages/airflow/example_dags/tutorial_taskflow_api_virtualenv.py
[2024-10-22T03:27:54.360+0000] {processor.py:914} INFO - Processing file /home/airflow/.local/lib/python3.12/site-packages/airflow/example_dags/tutorial_taskflow_api_virtualenv.py for tasks to queue
[2024-10-22T03:27:54.361+0000] {logging_mixin.py:190} INFO - [2024-10-22T03:27:54.361+0000] {dagbag.py:588} INFO - Filling up the DagBag from /home/airflow/.local/lib/python3.12/site-packages/airflow/example_dags/tutorial_taskflow_api_virtualenv.py
[2024-10-22T03:27:54.373+0000] {processor.py:925} INFO - DAG(s) 'tutorial_taskflow_api_virtualenv' retrieved from /home/airflow/.local/lib/python3.12/site-packages/airflow/example_dags/tutorial_taskflow_api_virtualenv.py
[2024-10-22T03:27:54.397+0000] {logging_mixin.py:190} INFO - [2024-10-22T03:27:54.397+0000] {dag.py:3239} INFO - Sync 1 DAGs
[2024-10-22T03:27:54.415+0000] {logging_mixin.py:190} INFO - [2024-10-22T03:27:54.415+0000] {dag.py:4180} INFO - Setting next_dagrun for tutorial_taskflow_api_virtualenv to None, run_after=None
[2024-10-22T03:27:54.434+0000] {processor.py:208} INFO - Processing /home/airflow/.local/lib/python3.12/site-packages/airflow/example_dags/tutorial_taskflow_api_virtualenv.py took 0.082 seconds
[2024-10-22T03:28:25.192+0000] {processor.py:186} INFO - Started process (PID=56040) to work on /home/airflow/.local/lib/python3.12/site-packages/airflow/example_dags/tutorial_taskflow_api_virtualenv.py
[2024-10-22T03:28:25.193+0000] {processor.py:914} INFO - Processing file /home/airflow/.local/lib/python3.12/site-packages/airflow/example_dags/tutorial_taskflow_api_virtualenv.py for tasks to queue
[2024-10-22T03:28:25.194+0000] {logging_mixin.py:190} INFO - [2024-10-22T03:28:25.194+0000] {dagbag.py:588} INFO - Filling up the DagBag from /home/airflow/.local/lib/python3.12/site-packages/airflow/example_dags/tutorial_taskflow_api_virtualenv.py
[2024-10-22T03:28:25.212+0000] {processor.py:925} INFO - DAG(s) 'tutorial_taskflow_api_virtualenv' retrieved from /home/airflow/.local/lib/python3.12/site-packages/airflow/example_dags/tutorial_taskflow_api_virtualenv.py
[2024-10-22T03:28:25.237+0000] {logging_mixin.py:190} INFO - [2024-10-22T03:28:25.237+0000] {dag.py:3239} INFO - Sync 1 DAGs
[2024-10-22T03:28:25.255+0000] {logging_mixin.py:190} INFO - [2024-10-22T03:28:25.255+0000] {dag.py:4180} INFO - Setting next_dagrun for tutorial_taskflow_api_virtualenv to None, run_after=None
[2024-10-22T03:28:25.272+0000] {processor.py:208} INFO - Processing /home/airflow/.local/lib/python3.12/site-packages/airflow/example_dags/tutorial_taskflow_api_virtualenv.py took 0.088 seconds
[2024-10-22T03:28:55.875+0000] {processor.py:186} INFO - Started process (PID=56106) to work on /home/airflow/.local/lib/python3.12/site-packages/airflow/example_dags/tutorial_taskflow_api_virtualenv.py
[2024-10-22T03:28:55.876+0000] {processor.py:914} INFO - Processing file /home/airflow/.local/lib/python3.12/site-packages/airflow/example_dags/tutorial_taskflow_api_virtualenv.py for tasks to queue
[2024-10-22T03:28:55.878+0000] {logging_mixin.py:190} INFO - [2024-10-22T03:28:55.877+0000] {dagbag.py:588} INFO - Filling up the DagBag from /home/airflow/.local/lib/python3.12/site-packages/airflow/example_dags/tutorial_taskflow_api_virtualenv.py
[2024-10-22T03:28:55.890+0000] {processor.py:925} INFO - DAG(s) 'tutorial_taskflow_api_virtualenv' retrieved from /home/airflow/.local/lib/python3.12/site-packages/airflow/example_dags/tutorial_taskflow_api_virtualenv.py
[2024-10-22T03:28:55.914+0000] {logging_mixin.py:190} INFO - [2024-10-22T03:28:55.913+0000] {dag.py:3239} INFO - Sync 1 DAGs
[2024-10-22T03:28:55.930+0000] {logging_mixin.py:190} INFO - [2024-10-22T03:28:55.930+0000] {dag.py:4180} INFO - Setting next_dagrun for tutorial_taskflow_api_virtualenv to None, run_after=None
[2024-10-22T03:28:55.948+0000] {processor.py:208} INFO - Processing /home/airflow/.local/lib/python3.12/site-packages/airflow/example_dags/tutorial_taskflow_api_virtualenv.py took 0.081 seconds
[2024-10-22T03:29:26.312+0000] {processor.py:186} INFO - Started process (PID=56173) to work on /home/airflow/.local/lib/python3.12/site-packages/airflow/example_dags/tutorial_taskflow_api_virtualenv.py
[2024-10-22T03:29:26.314+0000] {processor.py:914} INFO - Processing file /home/airflow/.local/lib/python3.12/site-packages/airflow/example_dags/tutorial_taskflow_api_virtualenv.py for tasks to queue
[2024-10-22T03:29:26.315+0000] {logging_mixin.py:190} INFO - [2024-10-22T03:29:26.315+0000] {dagbag.py:588} INFO - Filling up the DagBag from /home/airflow/.local/lib/python3.12/site-packages/airflow/example_dags/tutorial_taskflow_api_virtualenv.py
[2024-10-22T03:29:26.328+0000] {processor.py:925} INFO - DAG(s) 'tutorial_taskflow_api_virtualenv' retrieved from /home/airflow/.local/lib/python3.12/site-packages/airflow/example_dags/tutorial_taskflow_api_virtualenv.py
[2024-10-22T03:29:26.361+0000] {logging_mixin.py:190} INFO - [2024-10-22T03:29:26.360+0000] {dag.py:3239} INFO - Sync 1 DAGs
[2024-10-22T03:29:26.382+0000] {logging_mixin.py:190} INFO - [2024-10-22T03:29:26.381+0000] {dag.py:4180} INFO - Setting next_dagrun for tutorial_taskflow_api_virtualenv to None, run_after=None
[2024-10-22T03:29:26.405+0000] {processor.py:208} INFO - Processing /home/airflow/.local/lib/python3.12/site-packages/airflow/example_dags/tutorial_taskflow_api_virtualenv.py took 0.100 seconds
[2024-10-22T03:29:56.532+0000] {processor.py:186} INFO - Started process (PID=56240) to work on /home/airflow/.local/lib/python3.12/site-packages/airflow/example_dags/tutorial_taskflow_api_virtualenv.py
[2024-10-22T03:29:56.534+0000] {processor.py:914} INFO - Processing file /home/airflow/.local/lib/python3.12/site-packages/airflow/example_dags/tutorial_taskflow_api_virtualenv.py for tasks to queue
[2024-10-22T03:29:56.535+0000] {logging_mixin.py:190} INFO - [2024-10-22T03:29:56.535+0000] {dagbag.py:588} INFO - Filling up the DagBag from /home/airflow/.local/lib/python3.12/site-packages/airflow/example_dags/tutorial_taskflow_api_virtualenv.py
[2024-10-22T03:29:56.547+0000] {processor.py:925} INFO - DAG(s) 'tutorial_taskflow_api_virtualenv' retrieved from /home/airflow/.local/lib/python3.12/site-packages/airflow/example_dags/tutorial_taskflow_api_virtualenv.py
[2024-10-22T03:29:56.569+0000] {logging_mixin.py:190} INFO - [2024-10-22T03:29:56.569+0000] {dag.py:3239} INFO - Sync 1 DAGs
[2024-10-22T03:29:56.585+0000] {logging_mixin.py:190} INFO - [2024-10-22T03:29:56.585+0000] {dag.py:4180} INFO - Setting next_dagrun for tutorial_taskflow_api_virtualenv to None, run_after=None
[2024-10-22T03:29:56.603+0000] {processor.py:208} INFO - Processing /home/airflow/.local/lib/python3.12/site-packages/airflow/example_dags/tutorial_taskflow_api_virtualenv.py took 0.078 seconds
[2024-10-22T03:30:26.924+0000] {processor.py:186} INFO - Started process (PID=56307) to work on /home/airflow/.local/lib/python3.12/site-packages/airflow/example_dags/tutorial_taskflow_api_virtualenv.py
[2024-10-22T03:30:26.925+0000] {processor.py:914} INFO - Processing file /home/airflow/.local/lib/python3.12/site-packages/airflow/example_dags/tutorial_taskflow_api_virtualenv.py for tasks to queue
[2024-10-22T03:30:26.926+0000] {logging_mixin.py:190} INFO - [2024-10-22T03:30:26.926+0000] {dagbag.py:588} INFO - Filling up the DagBag from /home/airflow/.local/lib/python3.12/site-packages/airflow/example_dags/tutorial_taskflow_api_virtualenv.py
[2024-10-22T03:30:26.940+0000] {processor.py:925} INFO - DAG(s) 'tutorial_taskflow_api_virtualenv' retrieved from /home/airflow/.local/lib/python3.12/site-packages/airflow/example_dags/tutorial_taskflow_api_virtualenv.py
[2024-10-22T03:30:26.962+0000] {logging_mixin.py:190} INFO - [2024-10-22T03:30:26.962+0000] {dag.py:3239} INFO - Sync 1 DAGs
[2024-10-22T03:30:26.981+0000] {logging_mixin.py:190} INFO - [2024-10-22T03:30:26.980+0000] {dag.py:4180} INFO - Setting next_dagrun for tutorial_taskflow_api_virtualenv to None, run_after=None
[2024-10-22T03:30:26.998+0000] {processor.py:208} INFO - Processing /home/airflow/.local/lib/python3.12/site-packages/airflow/example_dags/tutorial_taskflow_api_virtualenv.py took 0.084 seconds
[2024-10-22T03:30:57.310+0000] {processor.py:186} INFO - Started process (PID=56374) to work on /home/airflow/.local/lib/python3.12/site-packages/airflow/example_dags/tutorial_taskflow_api_virtualenv.py
[2024-10-22T03:30:57.311+0000] {processor.py:914} INFO - Processing file /home/airflow/.local/lib/python3.12/site-packages/airflow/example_dags/tutorial_taskflow_api_virtualenv.py for tasks to queue
[2024-10-22T03:30:57.312+0000] {logging_mixin.py:190} INFO - [2024-10-22T03:30:57.312+0000] {dagbag.py:588} INFO - Filling up the DagBag from /home/airflow/.local/lib/python3.12/site-packages/airflow/example_dags/tutorial_taskflow_api_virtualenv.py
[2024-10-22T03:30:57.325+0000] {processor.py:925} INFO - DAG(s) 'tutorial_taskflow_api_virtualenv' retrieved from /home/airflow/.local/lib/python3.12/site-packages/airflow/example_dags/tutorial_taskflow_api_virtualenv.py
[2024-10-22T03:30:57.347+0000] {logging_mixin.py:190} INFO - [2024-10-22T03:30:57.347+0000] {dag.py:3239} INFO - Sync 1 DAGs
[2024-10-22T03:30:57.363+0000] {logging_mixin.py:190} INFO - [2024-10-22T03:30:57.362+0000] {dag.py:4180} INFO - Setting next_dagrun for tutorial_taskflow_api_virtualenv to None, run_after=None
[2024-10-22T03:30:57.380+0000] {processor.py:208} INFO - Processing /home/airflow/.local/lib/python3.12/site-packages/airflow/example_dags/tutorial_taskflow_api_virtualenv.py took 0.078 seconds
[2024-10-22T03:31:27.967+0000] {processor.py:186} INFO - Started process (PID=56441) to work on /home/airflow/.local/lib/python3.12/site-packages/airflow/example_dags/tutorial_taskflow_api_virtualenv.py
[2024-10-22T03:31:27.969+0000] {processor.py:914} INFO - Processing file /home/airflow/.local/lib/python3.12/site-packages/airflow/example_dags/tutorial_taskflow_api_virtualenv.py for tasks to queue
[2024-10-22T03:31:27.971+0000] {logging_mixin.py:190} INFO - [2024-10-22T03:31:27.970+0000] {dagbag.py:588} INFO - Filling up the DagBag from /home/airflow/.local/lib/python3.12/site-packages/airflow/example_dags/tutorial_taskflow_api_virtualenv.py
[2024-10-22T03:31:27.984+0000] {processor.py:925} INFO - DAG(s) 'tutorial_taskflow_api_virtualenv' retrieved from /home/airflow/.local/lib/python3.12/site-packages/airflow/example_dags/tutorial_taskflow_api_virtualenv.py
[2024-10-22T03:31:28.010+0000] {logging_mixin.py:190} INFO - [2024-10-22T03:31:28.010+0000] {dag.py:3239} INFO - Sync 1 DAGs
[2024-10-22T03:31:28.027+0000] {logging_mixin.py:190} INFO - [2024-10-22T03:31:28.027+0000] {dag.py:4180} INFO - Setting next_dagrun for tutorial_taskflow_api_virtualenv to None, run_after=None
[2024-10-22T03:31:28.046+0000] {processor.py:208} INFO - Processing /home/airflow/.local/lib/python3.12/site-packages/airflow/example_dags/tutorial_taskflow_api_virtualenv.py took 0.086 seconds
[2024-10-22T03:31:58.599+0000] {processor.py:186} INFO - Started process (PID=56507) to work on /home/airflow/.local/lib/python3.12/site-packages/airflow/example_dags/tutorial_taskflow_api_virtualenv.py
[2024-10-22T03:31:58.600+0000] {processor.py:914} INFO - Processing file /home/airflow/.local/lib/python3.12/site-packages/airflow/example_dags/tutorial_taskflow_api_virtualenv.py for tasks to queue
[2024-10-22T03:31:58.601+0000] {logging_mixin.py:190} INFO - [2024-10-22T03:31:58.601+0000] {dagbag.py:588} INFO - Filling up the DagBag from /home/airflow/.local/lib/python3.12/site-packages/airflow/example_dags/tutorial_taskflow_api_virtualenv.py
[2024-10-22T03:31:58.615+0000] {processor.py:925} INFO - DAG(s) 'tutorial_taskflow_api_virtualenv' retrieved from /home/airflow/.local/lib/python3.12/site-packages/airflow/example_dags/tutorial_taskflow_api_virtualenv.py
[2024-10-22T03:31:58.640+0000] {logging_mixin.py:190} INFO - [2024-10-22T03:31:58.640+0000] {dag.py:3239} INFO - Sync 1 DAGs
[2024-10-22T03:31:58.659+0000] {logging_mixin.py:190} INFO - [2024-10-22T03:31:58.658+0000] {dag.py:4180} INFO - Setting next_dagrun for tutorial_taskflow_api_virtualenv to None, run_after=None
[2024-10-22T03:31:58.684+0000] {processor.py:208} INFO - Processing /home/airflow/.local/lib/python3.12/site-packages/airflow/example_dags/tutorial_taskflow_api_virtualenv.py took 0.094 seconds
[2024-10-22T03:32:28.982+0000] {processor.py:186} INFO - Started process (PID=56573) to work on /home/airflow/.local/lib/python3.12/site-packages/airflow/example_dags/tutorial_taskflow_api_virtualenv.py
[2024-10-22T03:32:28.983+0000] {processor.py:914} INFO - Processing file /home/airflow/.local/lib/python3.12/site-packages/airflow/example_dags/tutorial_taskflow_api_virtualenv.py for tasks to queue
[2024-10-22T03:32:28.984+0000] {logging_mixin.py:190} INFO - [2024-10-22T03:32:28.984+0000] {dagbag.py:588} INFO - Filling up the DagBag from /home/airflow/.local/lib/python3.12/site-packages/airflow/example_dags/tutorial_taskflow_api_virtualenv.py
[2024-10-22T03:32:28.997+0000] {processor.py:925} INFO - DAG(s) 'tutorial_taskflow_api_virtualenv' retrieved from /home/airflow/.local/lib/python3.12/site-packages/airflow/example_dags/tutorial_taskflow_api_virtualenv.py
[2024-10-22T03:32:29.019+0000] {logging_mixin.py:190} INFO - [2024-10-22T03:32:29.019+0000] {dag.py:3239} INFO - Sync 1 DAGs
[2024-10-22T03:32:29.035+0000] {logging_mixin.py:190} INFO - [2024-10-22T03:32:29.035+0000] {dag.py:4180} INFO - Setting next_dagrun for tutorial_taskflow_api_virtualenv to None, run_after=None
[2024-10-22T03:32:29.055+0000] {processor.py:208} INFO - Processing /home/airflow/.local/lib/python3.12/site-packages/airflow/example_dags/tutorial_taskflow_api_virtualenv.py took 0.081 seconds
[2024-10-22T03:32:59.220+0000] {processor.py:186} INFO - Started process (PID=56639) to work on /home/airflow/.local/lib/python3.12/site-packages/airflow/example_dags/tutorial_taskflow_api_virtualenv.py
[2024-10-22T03:32:59.221+0000] {processor.py:914} INFO - Processing file /home/airflow/.local/lib/python3.12/site-packages/airflow/example_dags/tutorial_taskflow_api_virtualenv.py for tasks to queue
[2024-10-22T03:32:59.223+0000] {logging_mixin.py:190} INFO - [2024-10-22T03:32:59.222+0000] {dagbag.py:588} INFO - Filling up the DagBag from /home/airflow/.local/lib/python3.12/site-packages/airflow/example_dags/tutorial_taskflow_api_virtualenv.py
[2024-10-22T03:32:59.234+0000] {processor.py:925} INFO - DAG(s) 'tutorial_taskflow_api_virtualenv' retrieved from /home/airflow/.local/lib/python3.12/site-packages/airflow/example_dags/tutorial_taskflow_api_virtualenv.py
[2024-10-22T03:32:59.257+0000] {logging_mixin.py:190} INFO - [2024-10-22T03:32:59.257+0000] {dag.py:3239} INFO - Sync 1 DAGs
[2024-10-22T03:32:59.273+0000] {logging_mixin.py:190} INFO - [2024-10-22T03:32:59.272+0000] {dag.py:4180} INFO - Setting next_dagrun for tutorial_taskflow_api_virtualenv to None, run_after=None
[2024-10-22T03:32:59.291+0000] {processor.py:208} INFO - Processing /home/airflow/.local/lib/python3.12/site-packages/airflow/example_dags/tutorial_taskflow_api_virtualenv.py took 0.078 seconds
[2024-10-22T03:33:30.154+0000] {processor.py:186} INFO - Started process (PID=56705) to work on /home/airflow/.local/lib/python3.12/site-packages/airflow/example_dags/tutorial_taskflow_api_virtualenv.py
[2024-10-22T03:33:30.155+0000] {processor.py:914} INFO - Processing file /home/airflow/.local/lib/python3.12/site-packages/airflow/example_dags/tutorial_taskflow_api_virtualenv.py for tasks to queue
[2024-10-22T03:33:30.157+0000] {logging_mixin.py:190} INFO - [2024-10-22T03:33:30.156+0000] {dagbag.py:588} INFO - Filling up the DagBag from /home/airflow/.local/lib/python3.12/site-packages/airflow/example_dags/tutorial_taskflow_api_virtualenv.py
[2024-10-22T03:33:30.170+0000] {processor.py:925} INFO - DAG(s) 'tutorial_taskflow_api_virtualenv' retrieved from /home/airflow/.local/lib/python3.12/site-packages/airflow/example_dags/tutorial_taskflow_api_virtualenv.py
[2024-10-22T03:33:30.193+0000] {logging_mixin.py:190} INFO - [2024-10-22T03:33:30.193+0000] {dag.py:3239} INFO - Sync 1 DAGs
[2024-10-22T03:33:30.212+0000] {logging_mixin.py:190} INFO - [2024-10-22T03:33:30.212+0000] {dag.py:4180} INFO - Setting next_dagrun for tutorial_taskflow_api_virtualenv to None, run_after=None
[2024-10-22T03:33:30.230+0000] {processor.py:208} INFO - Processing /home/airflow/.local/lib/python3.12/site-packages/airflow/example_dags/tutorial_taskflow_api_virtualenv.py took 0.083 seconds
[2024-10-22T03:34:00.600+0000] {processor.py:186} INFO - Started process (PID=56771) to work on /home/airflow/.local/lib/python3.12/site-packages/airflow/example_dags/tutorial_taskflow_api_virtualenv.py
[2024-10-22T03:34:00.601+0000] {processor.py:914} INFO - Processing file /home/airflow/.local/lib/python3.12/site-packages/airflow/example_dags/tutorial_taskflow_api_virtualenv.py for tasks to queue
[2024-10-22T03:34:00.602+0000] {logging_mixin.py:190} INFO - [2024-10-22T03:34:00.602+0000] {dagbag.py:588} INFO - Filling up the DagBag from /home/airflow/.local/lib/python3.12/site-packages/airflow/example_dags/tutorial_taskflow_api_virtualenv.py
[2024-10-22T03:34:00.615+0000] {processor.py:925} INFO - DAG(s) 'tutorial_taskflow_api_virtualenv' retrieved from /home/airflow/.local/lib/python3.12/site-packages/airflow/example_dags/tutorial_taskflow_api_virtualenv.py
[2024-10-22T03:34:00.647+0000] {logging_mixin.py:190} INFO - [2024-10-22T03:34:00.647+0000] {dag.py:3239} INFO - Sync 1 DAGs
[2024-10-22T03:34:00.664+0000] {logging_mixin.py:190} INFO - [2024-10-22T03:34:00.664+0000] {dag.py:4180} INFO - Setting next_dagrun for tutorial_taskflow_api_virtualenv to None, run_after=None
[2024-10-22T03:34:00.684+0000] {processor.py:208} INFO - Processing /home/airflow/.local/lib/python3.12/site-packages/airflow/example_dags/tutorial_taskflow_api_virtualenv.py took 0.091 seconds
[2024-10-22T03:34:31.210+0000] {processor.py:186} INFO - Started process (PID=56837) to work on /home/airflow/.local/lib/python3.12/site-packages/airflow/example_dags/tutorial_taskflow_api_virtualenv.py
[2024-10-22T03:34:31.211+0000] {processor.py:914} INFO - Processing file /home/airflow/.local/lib/python3.12/site-packages/airflow/example_dags/tutorial_taskflow_api_virtualenv.py for tasks to queue
[2024-10-22T03:34:31.213+0000] {logging_mixin.py:190} INFO - [2024-10-22T03:34:31.212+0000] {dagbag.py:588} INFO - Filling up the DagBag from /home/airflow/.local/lib/python3.12/site-packages/airflow/example_dags/tutorial_taskflow_api_virtualenv.py
[2024-10-22T03:34:31.225+0000] {processor.py:925} INFO - DAG(s) 'tutorial_taskflow_api_virtualenv' retrieved from /home/airflow/.local/lib/python3.12/site-packages/airflow/example_dags/tutorial_taskflow_api_virtualenv.py
[2024-10-22T03:34:31.247+0000] {logging_mixin.py:190} INFO - [2024-10-22T03:34:31.247+0000] {dag.py:3239} INFO - Sync 1 DAGs
[2024-10-22T03:34:31.263+0000] {logging_mixin.py:190} INFO - [2024-10-22T03:34:31.263+0000] {dag.py:4180} INFO - Setting next_dagrun for tutorial_taskflow_api_virtualenv to None, run_after=None
[2024-10-22T03:34:31.281+0000] {processor.py:208} INFO - Processing /home/airflow/.local/lib/python3.12/site-packages/airflow/example_dags/tutorial_taskflow_api_virtualenv.py took 0.078 seconds
[2024-10-22T03:35:02.344+0000] {processor.py:186} INFO - Started process (PID=56904) to work on /home/airflow/.local/lib/python3.12/site-packages/airflow/example_dags/tutorial_taskflow_api_virtualenv.py
[2024-10-22T03:35:02.345+0000] {processor.py:914} INFO - Processing file /home/airflow/.local/lib/python3.12/site-packages/airflow/example_dags/tutorial_taskflow_api_virtualenv.py for tasks to queue
[2024-10-22T03:35:02.347+0000] {logging_mixin.py:190} INFO - [2024-10-22T03:35:02.347+0000] {dagbag.py:588} INFO - Filling up the DagBag from /home/airflow/.local/lib/python3.12/site-packages/airflow/example_dags/tutorial_taskflow_api_virtualenv.py
[2024-10-22T03:35:02.376+0000] {processor.py:925} INFO - DAG(s) 'tutorial_taskflow_api_virtualenv' retrieved from /home/airflow/.local/lib/python3.12/site-packages/airflow/example_dags/tutorial_taskflow_api_virtualenv.py
[2024-10-22T03:35:02.402+0000] {logging_mixin.py:190} INFO - [2024-10-22T03:35:02.401+0000] {dag.py:3239} INFO - Sync 1 DAGs
[2024-10-22T03:35:02.418+0000] {logging_mixin.py:190} INFO - [2024-10-22T03:35:02.417+0000] {dag.py:4180} INFO - Setting next_dagrun for tutorial_taskflow_api_virtualenv to None, run_after=None
[2024-10-22T03:35:02.435+0000] {processor.py:208} INFO - Processing /home/airflow/.local/lib/python3.12/site-packages/airflow/example_dags/tutorial_taskflow_api_virtualenv.py took 0.100 seconds
[2024-10-22T03:35:32.756+0000] {processor.py:186} INFO - Started process (PID=56971) to work on /home/airflow/.local/lib/python3.12/site-packages/airflow/example_dags/tutorial_taskflow_api_virtualenv.py
[2024-10-22T03:35:32.757+0000] {processor.py:914} INFO - Processing file /home/airflow/.local/lib/python3.12/site-packages/airflow/example_dags/tutorial_taskflow_api_virtualenv.py for tasks to queue
[2024-10-22T03:35:32.758+0000] {logging_mixin.py:190} INFO - [2024-10-22T03:35:32.758+0000] {dagbag.py:588} INFO - Filling up the DagBag from /home/airflow/.local/lib/python3.12/site-packages/airflow/example_dags/tutorial_taskflow_api_virtualenv.py
[2024-10-22T03:35:32.771+0000] {processor.py:925} INFO - DAG(s) 'tutorial_taskflow_api_virtualenv' retrieved from /home/airflow/.local/lib/python3.12/site-packages/airflow/example_dags/tutorial_taskflow_api_virtualenv.py
[2024-10-22T03:35:32.792+0000] {logging_mixin.py:190} INFO - [2024-10-22T03:35:32.792+0000] {dag.py:3239} INFO - Sync 1 DAGs
[2024-10-22T03:35:32.808+0000] {logging_mixin.py:190} INFO - [2024-10-22T03:35:32.808+0000] {dag.py:4180} INFO - Setting next_dagrun for tutorial_taskflow_api_virtualenv to None, run_after=None
[2024-10-22T03:35:32.824+0000] {processor.py:208} INFO - Processing /home/airflow/.local/lib/python3.12/site-packages/airflow/example_dags/tutorial_taskflow_api_virtualenv.py took 0.078 seconds
[2024-10-22T03:36:03.103+0000] {processor.py:186} INFO - Started process (PID=57038) to work on /home/airflow/.local/lib/python3.12/site-packages/airflow/example_dags/tutorial_taskflow_api_virtualenv.py
[2024-10-22T03:36:03.105+0000] {processor.py:914} INFO - Processing file /home/airflow/.local/lib/python3.12/site-packages/airflow/example_dags/tutorial_taskflow_api_virtualenv.py for tasks to queue
[2024-10-22T03:36:03.106+0000] {logging_mixin.py:190} INFO - [2024-10-22T03:36:03.106+0000] {dagbag.py:588} INFO - Filling up the DagBag from /home/airflow/.local/lib/python3.12/site-packages/airflow/example_dags/tutorial_taskflow_api_virtualenv.py
[2024-10-22T03:36:03.119+0000] {processor.py:925} INFO - DAG(s) 'tutorial_taskflow_api_virtualenv' retrieved from /home/airflow/.local/lib/python3.12/site-packages/airflow/example_dags/tutorial_taskflow_api_virtualenv.py
[2024-10-22T03:36:03.143+0000] {logging_mixin.py:190} INFO - [2024-10-22T03:36:03.143+0000] {dag.py:3239} INFO - Sync 1 DAGs
[2024-10-22T03:36:03.160+0000] {logging_mixin.py:190} INFO - [2024-10-22T03:36:03.160+0000] {dag.py:4180} INFO - Setting next_dagrun for tutorial_taskflow_api_virtualenv to None, run_after=None
[2024-10-22T03:36:03.180+0000] {processor.py:208} INFO - Processing /home/airflow/.local/lib/python3.12/site-packages/airflow/example_dags/tutorial_taskflow_api_virtualenv.py took 0.085 seconds
[2024-10-22T03:36:33.628+0000] {processor.py:186} INFO - Started process (PID=57105) to work on /home/airflow/.local/lib/python3.12/site-packages/airflow/example_dags/tutorial_taskflow_api_virtualenv.py
[2024-10-22T03:36:33.629+0000] {processor.py:914} INFO - Processing file /home/airflow/.local/lib/python3.12/site-packages/airflow/example_dags/tutorial_taskflow_api_virtualenv.py for tasks to queue
[2024-10-22T03:36:33.630+0000] {logging_mixin.py:190} INFO - [2024-10-22T03:36:33.630+0000] {dagbag.py:588} INFO - Filling up the DagBag from /home/airflow/.local/lib/python3.12/site-packages/airflow/example_dags/tutorial_taskflow_api_virtualenv.py
[2024-10-22T03:36:33.645+0000] {processor.py:925} INFO - DAG(s) 'tutorial_taskflow_api_virtualenv' retrieved from /home/airflow/.local/lib/python3.12/site-packages/airflow/example_dags/tutorial_taskflow_api_virtualenv.py
[2024-10-22T03:36:33.667+0000] {logging_mixin.py:190} INFO - [2024-10-22T03:36:33.667+0000] {dag.py:3239} INFO - Sync 1 DAGs
[2024-10-22T03:36:33.684+0000] {logging_mixin.py:190} INFO - [2024-10-22T03:36:33.684+0000] {dag.py:4180} INFO - Setting next_dagrun for tutorial_taskflow_api_virtualenv to None, run_after=None
[2024-10-22T03:36:33.702+0000] {processor.py:208} INFO - Processing /home/airflow/.local/lib/python3.12/site-packages/airflow/example_dags/tutorial_taskflow_api_virtualenv.py took 0.084 seconds
[2024-10-22T03:37:04.443+0000] {processor.py:186} INFO - Started process (PID=57178) to work on /home/airflow/.local/lib/python3.12/site-packages/airflow/example_dags/tutorial_taskflow_api_virtualenv.py
[2024-10-22T03:37:04.443+0000] {processor.py:914} INFO - Processing file /home/airflow/.local/lib/python3.12/site-packages/airflow/example_dags/tutorial_taskflow_api_virtualenv.py for tasks to queue
[2024-10-22T03:37:04.445+0000] {logging_mixin.py:190} INFO - [2024-10-22T03:37:04.444+0000] {dagbag.py:588} INFO - Filling up the DagBag from /home/airflow/.local/lib/python3.12/site-packages/airflow/example_dags/tutorial_taskflow_api_virtualenv.py
[2024-10-22T03:37:04.461+0000] {processor.py:925} INFO - DAG(s) 'tutorial_taskflow_api_virtualenv' retrieved from /home/airflow/.local/lib/python3.12/site-packages/airflow/example_dags/tutorial_taskflow_api_virtualenv.py
[2024-10-22T03:37:04.487+0000] {logging_mixin.py:190} INFO - [2024-10-22T03:37:04.486+0000] {dag.py:3239} INFO - Sync 1 DAGs
[2024-10-22T03:37:04.508+0000] {logging_mixin.py:190} INFO - [2024-10-22T03:37:04.508+0000] {dag.py:4180} INFO - Setting next_dagrun for tutorial_taskflow_api_virtualenv to None, run_after=None
[2024-10-22T03:37:04.528+0000] {processor.py:208} INFO - Processing /home/airflow/.local/lib/python3.12/site-packages/airflow/example_dags/tutorial_taskflow_api_virtualenv.py took 0.093 seconds
[2024-10-22T03:37:35.110+0000] {processor.py:186} INFO - Started process (PID=57245) to work on /home/airflow/.local/lib/python3.12/site-packages/airflow/example_dags/tutorial_taskflow_api_virtualenv.py
[2024-10-22T03:37:35.111+0000] {processor.py:914} INFO - Processing file /home/airflow/.local/lib/python3.12/site-packages/airflow/example_dags/tutorial_taskflow_api_virtualenv.py for tasks to queue
[2024-10-22T03:37:35.113+0000] {logging_mixin.py:190} INFO - [2024-10-22T03:37:35.112+0000] {dagbag.py:588} INFO - Filling up the DagBag from /home/airflow/.local/lib/python3.12/site-packages/airflow/example_dags/tutorial_taskflow_api_virtualenv.py
[2024-10-22T03:37:35.127+0000] {processor.py:925} INFO - DAG(s) 'tutorial_taskflow_api_virtualenv' retrieved from /home/airflow/.local/lib/python3.12/site-packages/airflow/example_dags/tutorial_taskflow_api_virtualenv.py
[2024-10-22T03:37:35.151+0000] {logging_mixin.py:190} INFO - [2024-10-22T03:37:35.151+0000] {dag.py:3239} INFO - Sync 1 DAGs
[2024-10-22T03:37:35.169+0000] {logging_mixin.py:190} INFO - [2024-10-22T03:37:35.169+0000] {dag.py:4180} INFO - Setting next_dagrun for tutorial_taskflow_api_virtualenv to None, run_after=None
[2024-10-22T03:37:35.200+0000] {processor.py:208} INFO - Processing /home/airflow/.local/lib/python3.12/site-packages/airflow/example_dags/tutorial_taskflow_api_virtualenv.py took 0.098 seconds
[2024-10-22T03:38:05.783+0000] {processor.py:186} INFO - Started process (PID=57312) to work on /home/airflow/.local/lib/python3.12/site-packages/airflow/example_dags/tutorial_taskflow_api_virtualenv.py
[2024-10-22T03:38:05.783+0000] {processor.py:914} INFO - Processing file /home/airflow/.local/lib/python3.12/site-packages/airflow/example_dags/tutorial_taskflow_api_virtualenv.py for tasks to queue
[2024-10-22T03:38:05.785+0000] {logging_mixin.py:190} INFO - [2024-10-22T03:38:05.784+0000] {dagbag.py:588} INFO - Filling up the DagBag from /home/airflow/.local/lib/python3.12/site-packages/airflow/example_dags/tutorial_taskflow_api_virtualenv.py
[2024-10-22T03:38:05.798+0000] {processor.py:925} INFO - DAG(s) 'tutorial_taskflow_api_virtualenv' retrieved from /home/airflow/.local/lib/python3.12/site-packages/airflow/example_dags/tutorial_taskflow_api_virtualenv.py
[2024-10-22T03:38:05.820+0000] {logging_mixin.py:190} INFO - [2024-10-22T03:38:05.820+0000] {dag.py:3239} INFO - Sync 1 DAGs
[2024-10-22T03:38:05.837+0000] {logging_mixin.py:190} INFO - [2024-10-22T03:38:05.837+0000] {dag.py:4180} INFO - Setting next_dagrun for tutorial_taskflow_api_virtualenv to None, run_after=None
[2024-10-22T03:38:05.857+0000] {processor.py:208} INFO - Processing /home/airflow/.local/lib/python3.12/site-packages/airflow/example_dags/tutorial_taskflow_api_virtualenv.py took 0.081 seconds
[2024-10-22T03:38:36.040+0000] {processor.py:186} INFO - Started process (PID=57379) to work on /home/airflow/.local/lib/python3.12/site-packages/airflow/example_dags/tutorial_taskflow_api_virtualenv.py
[2024-10-22T03:38:36.041+0000] {processor.py:914} INFO - Processing file /home/airflow/.local/lib/python3.12/site-packages/airflow/example_dags/tutorial_taskflow_api_virtualenv.py for tasks to queue
[2024-10-22T03:38:36.043+0000] {logging_mixin.py:190} INFO - [2024-10-22T03:38:36.042+0000] {dagbag.py:588} INFO - Filling up the DagBag from /home/airflow/.local/lib/python3.12/site-packages/airflow/example_dags/tutorial_taskflow_api_virtualenv.py
[2024-10-22T03:38:36.055+0000] {processor.py:925} INFO - DAG(s) 'tutorial_taskflow_api_virtualenv' retrieved from /home/airflow/.local/lib/python3.12/site-packages/airflow/example_dags/tutorial_taskflow_api_virtualenv.py
[2024-10-22T03:38:36.078+0000] {logging_mixin.py:190} INFO - [2024-10-22T03:38:36.078+0000] {dag.py:3239} INFO - Sync 1 DAGs
[2024-10-22T03:38:36.095+0000] {logging_mixin.py:190} INFO - [2024-10-22T03:38:36.095+0000] {dag.py:4180} INFO - Setting next_dagrun for tutorial_taskflow_api_virtualenv to None, run_after=None
[2024-10-22T03:38:36.112+0000] {processor.py:208} INFO - Processing /home/airflow/.local/lib/python3.12/site-packages/airflow/example_dags/tutorial_taskflow_api_virtualenv.py took 0.081 seconds
[2024-10-22T03:39:06.376+0000] {processor.py:186} INFO - Started process (PID=57446) to work on /home/airflow/.local/lib/python3.12/site-packages/airflow/example_dags/tutorial_taskflow_api_virtualenv.py
[2024-10-22T03:39:06.377+0000] {processor.py:914} INFO - Processing file /home/airflow/.local/lib/python3.12/site-packages/airflow/example_dags/tutorial_taskflow_api_virtualenv.py for tasks to queue
[2024-10-22T03:39:06.379+0000] {logging_mixin.py:190} INFO - [2024-10-22T03:39:06.378+0000] {dagbag.py:588} INFO - Filling up the DagBag from /home/airflow/.local/lib/python3.12/site-packages/airflow/example_dags/tutorial_taskflow_api_virtualenv.py
[2024-10-22T03:39:06.391+0000] {processor.py:925} INFO - DAG(s) 'tutorial_taskflow_api_virtualenv' retrieved from /home/airflow/.local/lib/python3.12/site-packages/airflow/example_dags/tutorial_taskflow_api_virtualenv.py
[2024-10-22T03:39:06.415+0000] {logging_mixin.py:190} INFO - [2024-10-22T03:39:06.415+0000] {dag.py:3239} INFO - Sync 1 DAGs
[2024-10-22T03:39:06.432+0000] {logging_mixin.py:190} INFO - [2024-10-22T03:39:06.432+0000] {dag.py:4180} INFO - Setting next_dagrun for tutorial_taskflow_api_virtualenv to None, run_after=None
[2024-10-22T03:39:06.450+0000] {processor.py:208} INFO - Processing /home/airflow/.local/lib/python3.12/site-packages/airflow/example_dags/tutorial_taskflow_api_virtualenv.py took 0.082 seconds
[2024-10-22T03:39:36.832+0000] {processor.py:186} INFO - Started process (PID=57513) to work on /home/airflow/.local/lib/python3.12/site-packages/airflow/example_dags/tutorial_taskflow_api_virtualenv.py
[2024-10-22T03:39:36.834+0000] {processor.py:914} INFO - Processing file /home/airflow/.local/lib/python3.12/site-packages/airflow/example_dags/tutorial_taskflow_api_virtualenv.py for tasks to queue
[2024-10-22T03:39:36.835+0000] {logging_mixin.py:190} INFO - [2024-10-22T03:39:36.835+0000] {dagbag.py:588} INFO - Filling up the DagBag from /home/airflow/.local/lib/python3.12/site-packages/airflow/example_dags/tutorial_taskflow_api_virtualenv.py
[2024-10-22T03:39:36.847+0000] {processor.py:925} INFO - DAG(s) 'tutorial_taskflow_api_virtualenv' retrieved from /home/airflow/.local/lib/python3.12/site-packages/airflow/example_dags/tutorial_taskflow_api_virtualenv.py
[2024-10-22T03:39:36.870+0000] {logging_mixin.py:190} INFO - [2024-10-22T03:39:36.869+0000] {dag.py:3239} INFO - Sync 1 DAGs
[2024-10-22T03:39:36.886+0000] {logging_mixin.py:190} INFO - [2024-10-22T03:39:36.886+0000] {dag.py:4180} INFO - Setting next_dagrun for tutorial_taskflow_api_virtualenv to None, run_after=None
[2024-10-22T03:39:36.904+0000] {processor.py:208} INFO - Processing /home/airflow/.local/lib/python3.12/site-packages/airflow/example_dags/tutorial_taskflow_api_virtualenv.py took 0.079 seconds
[2024-10-22T03:40:06.961+0000] {processor.py:186} INFO - Started process (PID=57580) to work on /home/airflow/.local/lib/python3.12/site-packages/airflow/example_dags/tutorial_taskflow_api_virtualenv.py
[2024-10-22T03:40:06.962+0000] {processor.py:914} INFO - Processing file /home/airflow/.local/lib/python3.12/site-packages/airflow/example_dags/tutorial_taskflow_api_virtualenv.py for tasks to queue
[2024-10-22T03:40:06.964+0000] {logging_mixin.py:190} INFO - [2024-10-22T03:40:06.963+0000] {dagbag.py:588} INFO - Filling up the DagBag from /home/airflow/.local/lib/python3.12/site-packages/airflow/example_dags/tutorial_taskflow_api_virtualenv.py
[2024-10-22T03:40:06.976+0000] {processor.py:925} INFO - DAG(s) 'tutorial_taskflow_api_virtualenv' retrieved from /home/airflow/.local/lib/python3.12/site-packages/airflow/example_dags/tutorial_taskflow_api_virtualenv.py
[2024-10-22T03:40:06.999+0000] {logging_mixin.py:190} INFO - [2024-10-22T03:40:06.999+0000] {dag.py:3239} INFO - Sync 1 DAGs
[2024-10-22T03:40:07.016+0000] {logging_mixin.py:190} INFO - [2024-10-22T03:40:07.016+0000] {dag.py:4180} INFO - Setting next_dagrun for tutorial_taskflow_api_virtualenv to None, run_after=None
[2024-10-22T03:40:07.033+0000] {processor.py:208} INFO - Processing /home/airflow/.local/lib/python3.12/site-packages/airflow/example_dags/tutorial_taskflow_api_virtualenv.py took 0.080 seconds
[2024-10-22T03:40:37.319+0000] {processor.py:186} INFO - Started process (PID=57647) to work on /home/airflow/.local/lib/python3.12/site-packages/airflow/example_dags/tutorial_taskflow_api_virtualenv.py
[2024-10-22T03:40:37.320+0000] {processor.py:914} INFO - Processing file /home/airflow/.local/lib/python3.12/site-packages/airflow/example_dags/tutorial_taskflow_api_virtualenv.py for tasks to queue
[2024-10-22T03:40:37.322+0000] {logging_mixin.py:190} INFO - [2024-10-22T03:40:37.321+0000] {dagbag.py:588} INFO - Filling up the DagBag from /home/airflow/.local/lib/python3.12/site-packages/airflow/example_dags/tutorial_taskflow_api_virtualenv.py
[2024-10-22T03:40:37.334+0000] {processor.py:925} INFO - DAG(s) 'tutorial_taskflow_api_virtualenv' retrieved from /home/airflow/.local/lib/python3.12/site-packages/airflow/example_dags/tutorial_taskflow_api_virtualenv.py
[2024-10-22T03:40:37.359+0000] {logging_mixin.py:190} INFO - [2024-10-22T03:40:37.359+0000] {dag.py:3239} INFO - Sync 1 DAGs
[2024-10-22T03:40:37.375+0000] {logging_mixin.py:190} INFO - [2024-10-22T03:40:37.374+0000] {dag.py:4180} INFO - Setting next_dagrun for tutorial_taskflow_api_virtualenv to None, run_after=None
[2024-10-22T03:40:37.394+0000] {processor.py:208} INFO - Processing /home/airflow/.local/lib/python3.12/site-packages/airflow/example_dags/tutorial_taskflow_api_virtualenv.py took 0.082 seconds
[2024-10-22T03:41:08.175+0000] {processor.py:186} INFO - Started process (PID=57714) to work on /home/airflow/.local/lib/python3.12/site-packages/airflow/example_dags/tutorial_taskflow_api_virtualenv.py
[2024-10-22T03:41:08.176+0000] {processor.py:914} INFO - Processing file /home/airflow/.local/lib/python3.12/site-packages/airflow/example_dags/tutorial_taskflow_api_virtualenv.py for tasks to queue
[2024-10-22T03:41:08.178+0000] {logging_mixin.py:190} INFO - [2024-10-22T03:41:08.178+0000] {dagbag.py:588} INFO - Filling up the DagBag from /home/airflow/.local/lib/python3.12/site-packages/airflow/example_dags/tutorial_taskflow_api_virtualenv.py
[2024-10-22T03:41:08.198+0000] {processor.py:925} INFO - DAG(s) 'tutorial_taskflow_api_virtualenv' retrieved from /home/airflow/.local/lib/python3.12/site-packages/airflow/example_dags/tutorial_taskflow_api_virtualenv.py
[2024-10-22T03:41:08.223+0000] {logging_mixin.py:190} INFO - [2024-10-22T03:41:08.223+0000] {dag.py:3239} INFO - Sync 1 DAGs
[2024-10-22T03:41:08.241+0000] {logging_mixin.py:190} INFO - [2024-10-22T03:41:08.241+0000] {dag.py:4180} INFO - Setting next_dagrun for tutorial_taskflow_api_virtualenv to None, run_after=None
[2024-10-22T03:41:08.266+0000] {processor.py:208} INFO - Processing /home/airflow/.local/lib/python3.12/site-packages/airflow/example_dags/tutorial_taskflow_api_virtualenv.py took 0.099 seconds
[2024-10-22T03:41:39.240+0000] {processor.py:186} INFO - Started process (PID=57781) to work on /home/airflow/.local/lib/python3.12/site-packages/airflow/example_dags/tutorial_taskflow_api_virtualenv.py
[2024-10-22T03:41:39.241+0000] {processor.py:914} INFO - Processing file /home/airflow/.local/lib/python3.12/site-packages/airflow/example_dags/tutorial_taskflow_api_virtualenv.py for tasks to queue
[2024-10-22T03:41:39.244+0000] {logging_mixin.py:190} INFO - [2024-10-22T03:41:39.243+0000] {dagbag.py:588} INFO - Filling up the DagBag from /home/airflow/.local/lib/python3.12/site-packages/airflow/example_dags/tutorial_taskflow_api_virtualenv.py
[2024-10-22T03:41:39.258+0000] {processor.py:925} INFO - DAG(s) 'tutorial_taskflow_api_virtualenv' retrieved from /home/airflow/.local/lib/python3.12/site-packages/airflow/example_dags/tutorial_taskflow_api_virtualenv.py
[2024-10-22T03:41:39.284+0000] {logging_mixin.py:190} INFO - [2024-10-22T03:41:39.283+0000] {dag.py:3239} INFO - Sync 1 DAGs
[2024-10-22T03:41:39.302+0000] {logging_mixin.py:190} INFO - [2024-10-22T03:41:39.301+0000] {dag.py:4180} INFO - Setting next_dagrun for tutorial_taskflow_api_virtualenv to None, run_after=None
[2024-10-22T03:41:39.321+0000] {processor.py:208} INFO - Processing /home/airflow/.local/lib/python3.12/site-packages/airflow/example_dags/tutorial_taskflow_api_virtualenv.py took 0.090 seconds
[2024-10-22T03:42:09.588+0000] {processor.py:186} INFO - Started process (PID=57848) to work on /home/airflow/.local/lib/python3.12/site-packages/airflow/example_dags/tutorial_taskflow_api_virtualenv.py
[2024-10-22T03:42:09.589+0000] {processor.py:914} INFO - Processing file /home/airflow/.local/lib/python3.12/site-packages/airflow/example_dags/tutorial_taskflow_api_virtualenv.py for tasks to queue
[2024-10-22T03:42:09.591+0000] {logging_mixin.py:190} INFO - [2024-10-22T03:42:09.590+0000] {dagbag.py:588} INFO - Filling up the DagBag from /home/airflow/.local/lib/python3.12/site-packages/airflow/example_dags/tutorial_taskflow_api_virtualenv.py
[2024-10-22T03:42:09.605+0000] {processor.py:925} INFO - DAG(s) 'tutorial_taskflow_api_virtualenv' retrieved from /home/airflow/.local/lib/python3.12/site-packages/airflow/example_dags/tutorial_taskflow_api_virtualenv.py
[2024-10-22T03:42:09.630+0000] {logging_mixin.py:190} INFO - [2024-10-22T03:42:09.630+0000] {dag.py:3239} INFO - Sync 1 DAGs
[2024-10-22T03:42:09.647+0000] {logging_mixin.py:190} INFO - [2024-10-22T03:42:09.646+0000] {dag.py:4180} INFO - Setting next_dagrun for tutorial_taskflow_api_virtualenv to None, run_after=None
[2024-10-22T03:42:09.663+0000] {processor.py:208} INFO - Processing /home/airflow/.local/lib/python3.12/site-packages/airflow/example_dags/tutorial_taskflow_api_virtualenv.py took 0.083 seconds
[2024-10-22T03:42:40.218+0000] {processor.py:186} INFO - Started process (PID=57915) to work on /home/airflow/.local/lib/python3.12/site-packages/airflow/example_dags/tutorial_taskflow_api_virtualenv.py
[2024-10-22T03:42:40.219+0000] {processor.py:914} INFO - Processing file /home/airflow/.local/lib/python3.12/site-packages/airflow/example_dags/tutorial_taskflow_api_virtualenv.py for tasks to queue
[2024-10-22T03:42:40.221+0000] {logging_mixin.py:190} INFO - [2024-10-22T03:42:40.221+0000] {dagbag.py:588} INFO - Filling up the DagBag from /home/airflow/.local/lib/python3.12/site-packages/airflow/example_dags/tutorial_taskflow_api_virtualenv.py
[2024-10-22T03:42:40.238+0000] {processor.py:925} INFO - DAG(s) 'tutorial_taskflow_api_virtualenv' retrieved from /home/airflow/.local/lib/python3.12/site-packages/airflow/example_dags/tutorial_taskflow_api_virtualenv.py
[2024-10-22T03:42:40.270+0000] {logging_mixin.py:190} INFO - [2024-10-22T03:42:40.270+0000] {dag.py:3239} INFO - Sync 1 DAGs
[2024-10-22T03:42:40.290+0000] {logging_mixin.py:190} INFO - [2024-10-22T03:42:40.290+0000] {dag.py:4180} INFO - Setting next_dagrun for tutorial_taskflow_api_virtualenv to None, run_after=None
[2024-10-22T03:42:40.313+0000] {processor.py:208} INFO - Processing /home/airflow/.local/lib/python3.12/site-packages/airflow/example_dags/tutorial_taskflow_api_virtualenv.py took 0.103 seconds
[2024-10-22T03:43:10.922+0000] {processor.py:186} INFO - Started process (PID=57982) to work on /home/airflow/.local/lib/python3.12/site-packages/airflow/example_dags/tutorial_taskflow_api_virtualenv.py
[2024-10-22T03:43:10.923+0000] {processor.py:914} INFO - Processing file /home/airflow/.local/lib/python3.12/site-packages/airflow/example_dags/tutorial_taskflow_api_virtualenv.py for tasks to queue
[2024-10-22T03:43:10.924+0000] {logging_mixin.py:190} INFO - [2024-10-22T03:43:10.924+0000] {dagbag.py:588} INFO - Filling up the DagBag from /home/airflow/.local/lib/python3.12/site-packages/airflow/example_dags/tutorial_taskflow_api_virtualenv.py
[2024-10-22T03:43:10.936+0000] {processor.py:925} INFO - DAG(s) 'tutorial_taskflow_api_virtualenv' retrieved from /home/airflow/.local/lib/python3.12/site-packages/airflow/example_dags/tutorial_taskflow_api_virtualenv.py
[2024-10-22T03:43:10.960+0000] {logging_mixin.py:190} INFO - [2024-10-22T03:43:10.960+0000] {dag.py:3239} INFO - Sync 1 DAGs
[2024-10-22T03:43:10.976+0000] {logging_mixin.py:190} INFO - [2024-10-22T03:43:10.976+0000] {dag.py:4180} INFO - Setting next_dagrun for tutorial_taskflow_api_virtualenv to None, run_after=None
[2024-10-22T03:43:10.993+0000] {processor.py:208} INFO - Processing /home/airflow/.local/lib/python3.12/site-packages/airflow/example_dags/tutorial_taskflow_api_virtualenv.py took 0.079 seconds
[2024-10-22T03:43:41.515+0000] {processor.py:186} INFO - Started process (PID=58049) to work on /home/airflow/.local/lib/python3.12/site-packages/airflow/example_dags/tutorial_taskflow_api_virtualenv.py
[2024-10-22T03:43:41.516+0000] {processor.py:914} INFO - Processing file /home/airflow/.local/lib/python3.12/site-packages/airflow/example_dags/tutorial_taskflow_api_virtualenv.py for tasks to queue
[2024-10-22T03:43:41.518+0000] {logging_mixin.py:190} INFO - [2024-10-22T03:43:41.517+0000] {dagbag.py:588} INFO - Filling up the DagBag from /home/airflow/.local/lib/python3.12/site-packages/airflow/example_dags/tutorial_taskflow_api_virtualenv.py
[2024-10-22T03:43:41.533+0000] {processor.py:925} INFO - DAG(s) 'tutorial_taskflow_api_virtualenv' retrieved from /home/airflow/.local/lib/python3.12/site-packages/airflow/example_dags/tutorial_taskflow_api_virtualenv.py
[2024-10-22T03:43:41.557+0000] {logging_mixin.py:190} INFO - [2024-10-22T03:43:41.557+0000] {dag.py:3239} INFO - Sync 1 DAGs
[2024-10-22T03:43:41.575+0000] {logging_mixin.py:190} INFO - [2024-10-22T03:43:41.575+0000] {dag.py:4180} INFO - Setting next_dagrun for tutorial_taskflow_api_virtualenv to None, run_after=None
[2024-10-22T03:43:41.600+0000] {processor.py:208} INFO - Processing /home/airflow/.local/lib/python3.12/site-packages/airflow/example_dags/tutorial_taskflow_api_virtualenv.py took 0.093 seconds
[2024-10-22T03:44:12.315+0000] {processor.py:186} INFO - Started process (PID=58116) to work on /home/airflow/.local/lib/python3.12/site-packages/airflow/example_dags/tutorial_taskflow_api_virtualenv.py
[2024-10-22T03:44:12.316+0000] {processor.py:914} INFO - Processing file /home/airflow/.local/lib/python3.12/site-packages/airflow/example_dags/tutorial_taskflow_api_virtualenv.py for tasks to queue
[2024-10-22T03:44:12.317+0000] {logging_mixin.py:190} INFO - [2024-10-22T03:44:12.317+0000] {dagbag.py:588} INFO - Filling up the DagBag from /home/airflow/.local/lib/python3.12/site-packages/airflow/example_dags/tutorial_taskflow_api_virtualenv.py
[2024-10-22T03:44:12.330+0000] {processor.py:925} INFO - DAG(s) 'tutorial_taskflow_api_virtualenv' retrieved from /home/airflow/.local/lib/python3.12/site-packages/airflow/example_dags/tutorial_taskflow_api_virtualenv.py
[2024-10-22T03:44:12.352+0000] {logging_mixin.py:190} INFO - [2024-10-22T03:44:12.352+0000] {dag.py:3239} INFO - Sync 1 DAGs
[2024-10-22T03:44:12.368+0000] {logging_mixin.py:190} INFO - [2024-10-22T03:44:12.368+0000] {dag.py:4180} INFO - Setting next_dagrun for tutorial_taskflow_api_virtualenv to None, run_after=None
[2024-10-22T03:44:12.387+0000] {processor.py:208} INFO - Processing /home/airflow/.local/lib/python3.12/site-packages/airflow/example_dags/tutorial_taskflow_api_virtualenv.py took 0.079 seconds
[2024-10-22T03:44:42.729+0000] {processor.py:186} INFO - Started process (PID=58183) to work on /home/airflow/.local/lib/python3.12/site-packages/airflow/example_dags/tutorial_taskflow_api_virtualenv.py
[2024-10-22T03:44:42.730+0000] {processor.py:914} INFO - Processing file /home/airflow/.local/lib/python3.12/site-packages/airflow/example_dags/tutorial_taskflow_api_virtualenv.py for tasks to queue
[2024-10-22T03:44:42.732+0000] {logging_mixin.py:190} INFO - [2024-10-22T03:44:42.731+0000] {dagbag.py:588} INFO - Filling up the DagBag from /home/airflow/.local/lib/python3.12/site-packages/airflow/example_dags/tutorial_taskflow_api_virtualenv.py
[2024-10-22T03:44:42.744+0000] {processor.py:925} INFO - DAG(s) 'tutorial_taskflow_api_virtualenv' retrieved from /home/airflow/.local/lib/python3.12/site-packages/airflow/example_dags/tutorial_taskflow_api_virtualenv.py
[2024-10-22T03:44:42.766+0000] {logging_mixin.py:190} INFO - [2024-10-22T03:44:42.766+0000] {dag.py:3239} INFO - Sync 1 DAGs
[2024-10-22T03:44:42.782+0000] {logging_mixin.py:190} INFO - [2024-10-22T03:44:42.782+0000] {dag.py:4180} INFO - Setting next_dagrun for tutorial_taskflow_api_virtualenv to None, run_after=None
[2024-10-22T03:44:42.802+0000] {processor.py:208} INFO - Processing /home/airflow/.local/lib/python3.12/site-packages/airflow/example_dags/tutorial_taskflow_api_virtualenv.py took 0.080 seconds
[2024-10-22T03:45:13.078+0000] {processor.py:186} INFO - Started process (PID=58250) to work on /home/airflow/.local/lib/python3.12/site-packages/airflow/example_dags/tutorial_taskflow_api_virtualenv.py
[2024-10-22T03:45:13.079+0000] {processor.py:914} INFO - Processing file /home/airflow/.local/lib/python3.12/site-packages/airflow/example_dags/tutorial_taskflow_api_virtualenv.py for tasks to queue
[2024-10-22T03:45:13.083+0000] {logging_mixin.py:190} INFO - [2024-10-22T03:45:13.083+0000] {dagbag.py:588} INFO - Filling up the DagBag from /home/airflow/.local/lib/python3.12/site-packages/airflow/example_dags/tutorial_taskflow_api_virtualenv.py
[2024-10-22T03:45:13.100+0000] {processor.py:925} INFO - DAG(s) 'tutorial_taskflow_api_virtualenv' retrieved from /home/airflow/.local/lib/python3.12/site-packages/airflow/example_dags/tutorial_taskflow_api_virtualenv.py
[2024-10-22T03:45:13.125+0000] {logging_mixin.py:190} INFO - [2024-10-22T03:45:13.125+0000] {dag.py:3239} INFO - Sync 1 DAGs
[2024-10-22T03:45:13.141+0000] {logging_mixin.py:190} INFO - [2024-10-22T03:45:13.141+0000] {dag.py:4180} INFO - Setting next_dagrun for tutorial_taskflow_api_virtualenv to None, run_after=None
[2024-10-22T03:45:13.159+0000] {processor.py:208} INFO - Processing /home/airflow/.local/lib/python3.12/site-packages/airflow/example_dags/tutorial_taskflow_api_virtualenv.py took 0.090 seconds
[2024-10-22T03:45:43.502+0000] {processor.py:186} INFO - Started process (PID=58316) to work on /home/airflow/.local/lib/python3.12/site-packages/airflow/example_dags/tutorial_taskflow_api_virtualenv.py
[2024-10-22T03:45:43.503+0000] {processor.py:914} INFO - Processing file /home/airflow/.local/lib/python3.12/site-packages/airflow/example_dags/tutorial_taskflow_api_virtualenv.py for tasks to queue
[2024-10-22T03:45:43.505+0000] {logging_mixin.py:190} INFO - [2024-10-22T03:45:43.504+0000] {dagbag.py:588} INFO - Filling up the DagBag from /home/airflow/.local/lib/python3.12/site-packages/airflow/example_dags/tutorial_taskflow_api_virtualenv.py
[2024-10-22T03:45:43.517+0000] {processor.py:925} INFO - DAG(s) 'tutorial_taskflow_api_virtualenv' retrieved from /home/airflow/.local/lib/python3.12/site-packages/airflow/example_dags/tutorial_taskflow_api_virtualenv.py
[2024-10-22T03:45:43.539+0000] {logging_mixin.py:190} INFO - [2024-10-22T03:45:43.539+0000] {dag.py:3239} INFO - Sync 1 DAGs
[2024-10-22T03:45:43.555+0000] {logging_mixin.py:190} INFO - [2024-10-22T03:45:43.555+0000] {dag.py:4180} INFO - Setting next_dagrun for tutorial_taskflow_api_virtualenv to None, run_after=None
[2024-10-22T03:45:43.572+0000] {processor.py:208} INFO - Processing /home/airflow/.local/lib/python3.12/site-packages/airflow/example_dags/tutorial_taskflow_api_virtualenv.py took 0.077 seconds
[2024-10-22T03:46:14.567+0000] {processor.py:186} INFO - Started process (PID=58383) to work on /home/airflow/.local/lib/python3.12/site-packages/airflow/example_dags/tutorial_taskflow_api_virtualenv.py
[2024-10-22T03:46:14.568+0000] {processor.py:914} INFO - Processing file /home/airflow/.local/lib/python3.12/site-packages/airflow/example_dags/tutorial_taskflow_api_virtualenv.py for tasks to queue
[2024-10-22T03:46:14.570+0000] {logging_mixin.py:190} INFO - [2024-10-22T03:46:14.569+0000] {dagbag.py:588} INFO - Filling up the DagBag from /home/airflow/.local/lib/python3.12/site-packages/airflow/example_dags/tutorial_taskflow_api_virtualenv.py
[2024-10-22T03:46:14.582+0000] {processor.py:925} INFO - DAG(s) 'tutorial_taskflow_api_virtualenv' retrieved from /home/airflow/.local/lib/python3.12/site-packages/airflow/example_dags/tutorial_taskflow_api_virtualenv.py
[2024-10-22T03:46:14.604+0000] {logging_mixin.py:190} INFO - [2024-10-22T03:46:14.604+0000] {dag.py:3239} INFO - Sync 1 DAGs
[2024-10-22T03:46:14.620+0000] {logging_mixin.py:190} INFO - [2024-10-22T03:46:14.619+0000] {dag.py:4180} INFO - Setting next_dagrun for tutorial_taskflow_api_virtualenv to None, run_after=None
[2024-10-22T03:46:14.637+0000] {processor.py:208} INFO - Processing /home/airflow/.local/lib/python3.12/site-packages/airflow/example_dags/tutorial_taskflow_api_virtualenv.py took 0.078 seconds
[2024-10-22T03:46:45.131+0000] {processor.py:186} INFO - Started process (PID=58450) to work on /home/airflow/.local/lib/python3.12/site-packages/airflow/example_dags/tutorial_taskflow_api_virtualenv.py
[2024-10-22T03:46:45.132+0000] {processor.py:914} INFO - Processing file /home/airflow/.local/lib/python3.12/site-packages/airflow/example_dags/tutorial_taskflow_api_virtualenv.py for tasks to queue
[2024-10-22T03:46:45.134+0000] {logging_mixin.py:190} INFO - [2024-10-22T03:46:45.133+0000] {dagbag.py:588} INFO - Filling up the DagBag from /home/airflow/.local/lib/python3.12/site-packages/airflow/example_dags/tutorial_taskflow_api_virtualenv.py
[2024-10-22T03:46:45.145+0000] {processor.py:925} INFO - DAG(s) 'tutorial_taskflow_api_virtualenv' retrieved from /home/airflow/.local/lib/python3.12/site-packages/airflow/example_dags/tutorial_taskflow_api_virtualenv.py
[2024-10-22T03:46:45.169+0000] {logging_mixin.py:190} INFO - [2024-10-22T03:46:45.168+0000] {dag.py:3239} INFO - Sync 1 DAGs
[2024-10-22T03:46:45.185+0000] {logging_mixin.py:190} INFO - [2024-10-22T03:46:45.185+0000] {dag.py:4180} INFO - Setting next_dagrun for tutorial_taskflow_api_virtualenv to None, run_after=None
[2024-10-22T03:46:45.203+0000] {processor.py:208} INFO - Processing /home/airflow/.local/lib/python3.12/site-packages/airflow/example_dags/tutorial_taskflow_api_virtualenv.py took 0.079 seconds
[2024-10-22T03:47:15.375+0000] {processor.py:186} INFO - Started process (PID=58517) to work on /home/airflow/.local/lib/python3.12/site-packages/airflow/example_dags/tutorial_taskflow_api_virtualenv.py
[2024-10-22T03:47:15.376+0000] {processor.py:914} INFO - Processing file /home/airflow/.local/lib/python3.12/site-packages/airflow/example_dags/tutorial_taskflow_api_virtualenv.py for tasks to queue
[2024-10-22T03:47:15.377+0000] {logging_mixin.py:190} INFO - [2024-10-22T03:47:15.377+0000] {dagbag.py:588} INFO - Filling up the DagBag from /home/airflow/.local/lib/python3.12/site-packages/airflow/example_dags/tutorial_taskflow_api_virtualenv.py
[2024-10-22T03:47:15.389+0000] {processor.py:925} INFO - DAG(s) 'tutorial_taskflow_api_virtualenv' retrieved from /home/airflow/.local/lib/python3.12/site-packages/airflow/example_dags/tutorial_taskflow_api_virtualenv.py
[2024-10-22T03:47:15.413+0000] {logging_mixin.py:190} INFO - [2024-10-22T03:47:15.413+0000] {dag.py:3239} INFO - Sync 1 DAGs
[2024-10-22T03:47:15.429+0000] {logging_mixin.py:190} INFO - [2024-10-22T03:47:15.428+0000] {dag.py:4180} INFO - Setting next_dagrun for tutorial_taskflow_api_virtualenv to None, run_after=None
[2024-10-22T03:47:15.446+0000] {processor.py:208} INFO - Processing /home/airflow/.local/lib/python3.12/site-packages/airflow/example_dags/tutorial_taskflow_api_virtualenv.py took 0.078 seconds
[2024-10-22T03:47:45.940+0000] {processor.py:186} INFO - Started process (PID=58584) to work on /home/airflow/.local/lib/python3.12/site-packages/airflow/example_dags/tutorial_taskflow_api_virtualenv.py
[2024-10-22T03:47:45.942+0000] {processor.py:914} INFO - Processing file /home/airflow/.local/lib/python3.12/site-packages/airflow/example_dags/tutorial_taskflow_api_virtualenv.py for tasks to queue
[2024-10-22T03:47:45.943+0000] {logging_mixin.py:190} INFO - [2024-10-22T03:47:45.943+0000] {dagbag.py:588} INFO - Filling up the DagBag from /home/airflow/.local/lib/python3.12/site-packages/airflow/example_dags/tutorial_taskflow_api_virtualenv.py
[2024-10-22T03:47:45.956+0000] {processor.py:925} INFO - DAG(s) 'tutorial_taskflow_api_virtualenv' retrieved from /home/airflow/.local/lib/python3.12/site-packages/airflow/example_dags/tutorial_taskflow_api_virtualenv.py
[2024-10-22T03:47:45.979+0000] {logging_mixin.py:190} INFO - [2024-10-22T03:47:45.979+0000] {dag.py:3239} INFO - Sync 1 DAGs
[2024-10-22T03:47:45.997+0000] {logging_mixin.py:190} INFO - [2024-10-22T03:47:45.997+0000] {dag.py:4180} INFO - Setting next_dagrun for tutorial_taskflow_api_virtualenv to None, run_after=None
[2024-10-22T03:47:46.014+0000] {processor.py:208} INFO - Processing /home/airflow/.local/lib/python3.12/site-packages/airflow/example_dags/tutorial_taskflow_api_virtualenv.py took 0.082 seconds
[2024-10-22T03:48:16.676+0000] {processor.py:186} INFO - Started process (PID=58650) to work on /home/airflow/.local/lib/python3.12/site-packages/airflow/example_dags/tutorial_taskflow_api_virtualenv.py
[2024-10-22T03:48:16.678+0000] {processor.py:914} INFO - Processing file /home/airflow/.local/lib/python3.12/site-packages/airflow/example_dags/tutorial_taskflow_api_virtualenv.py for tasks to queue
[2024-10-22T03:48:16.681+0000] {logging_mixin.py:190} INFO - [2024-10-22T03:48:16.681+0000] {dagbag.py:588} INFO - Filling up the DagBag from /home/airflow/.local/lib/python3.12/site-packages/airflow/example_dags/tutorial_taskflow_api_virtualenv.py
[2024-10-22T03:48:16.694+0000] {processor.py:925} INFO - DAG(s) 'tutorial_taskflow_api_virtualenv' retrieved from /home/airflow/.local/lib/python3.12/site-packages/airflow/example_dags/tutorial_taskflow_api_virtualenv.py
[2024-10-22T03:48:16.716+0000] {logging_mixin.py:190} INFO - [2024-10-22T03:48:16.715+0000] {dag.py:3239} INFO - Sync 1 DAGs
[2024-10-22T03:48:16.732+0000] {logging_mixin.py:190} INFO - [2024-10-22T03:48:16.732+0000] {dag.py:4180} INFO - Setting next_dagrun for tutorial_taskflow_api_virtualenv to None, run_after=None
[2024-10-22T03:48:16.754+0000] {processor.py:208} INFO - Processing /home/airflow/.local/lib/python3.12/site-packages/airflow/example_dags/tutorial_taskflow_api_virtualenv.py took 0.086 seconds
[2024-10-22T03:48:46.873+0000] {processor.py:186} INFO - Started process (PID=58717) to work on /home/airflow/.local/lib/python3.12/site-packages/airflow/example_dags/tutorial_taskflow_api_virtualenv.py
[2024-10-22T03:48:46.874+0000] {processor.py:914} INFO - Processing file /home/airflow/.local/lib/python3.12/site-packages/airflow/example_dags/tutorial_taskflow_api_virtualenv.py for tasks to queue
[2024-10-22T03:48:46.876+0000] {logging_mixin.py:190} INFO - [2024-10-22T03:48:46.876+0000] {dagbag.py:588} INFO - Filling up the DagBag from /home/airflow/.local/lib/python3.12/site-packages/airflow/example_dags/tutorial_taskflow_api_virtualenv.py
[2024-10-22T03:48:46.889+0000] {processor.py:925} INFO - DAG(s) 'tutorial_taskflow_api_virtualenv' retrieved from /home/airflow/.local/lib/python3.12/site-packages/airflow/example_dags/tutorial_taskflow_api_virtualenv.py
[2024-10-22T03:48:46.918+0000] {logging_mixin.py:190} INFO - [2024-10-22T03:48:46.918+0000] {dag.py:3239} INFO - Sync 1 DAGs
[2024-10-22T03:48:46.939+0000] {logging_mixin.py:190} INFO - [2024-10-22T03:48:46.939+0000] {dag.py:4180} INFO - Setting next_dagrun for tutorial_taskflow_api_virtualenv to None, run_after=None
[2024-10-22T03:48:46.959+0000] {processor.py:208} INFO - Processing /home/airflow/.local/lib/python3.12/site-packages/airflow/example_dags/tutorial_taskflow_api_virtualenv.py took 0.095 seconds
[2024-10-22T03:49:17.032+0000] {processor.py:186} INFO - Started process (PID=58783) to work on /home/airflow/.local/lib/python3.12/site-packages/airflow/example_dags/tutorial_taskflow_api_virtualenv.py
[2024-10-22T03:49:17.033+0000] {processor.py:914} INFO - Processing file /home/airflow/.local/lib/python3.12/site-packages/airflow/example_dags/tutorial_taskflow_api_virtualenv.py for tasks to queue
[2024-10-22T03:49:17.034+0000] {logging_mixin.py:190} INFO - [2024-10-22T03:49:17.034+0000] {dagbag.py:588} INFO - Filling up the DagBag from /home/airflow/.local/lib/python3.12/site-packages/airflow/example_dags/tutorial_taskflow_api_virtualenv.py
[2024-10-22T03:49:17.049+0000] {processor.py:925} INFO - DAG(s) 'tutorial_taskflow_api_virtualenv' retrieved from /home/airflow/.local/lib/python3.12/site-packages/airflow/example_dags/tutorial_taskflow_api_virtualenv.py
[2024-10-22T03:49:17.073+0000] {logging_mixin.py:190} INFO - [2024-10-22T03:49:17.072+0000] {dag.py:3239} INFO - Sync 1 DAGs
[2024-10-22T03:49:17.089+0000] {logging_mixin.py:190} INFO - [2024-10-22T03:49:17.089+0000] {dag.py:4180} INFO - Setting next_dagrun for tutorial_taskflow_api_virtualenv to None, run_after=None
[2024-10-22T03:49:17.107+0000] {processor.py:208} INFO - Processing /home/airflow/.local/lib/python3.12/site-packages/airflow/example_dags/tutorial_taskflow_api_virtualenv.py took 0.082 seconds
[2024-10-22T03:49:47.375+0000] {processor.py:186} INFO - Started process (PID=58850) to work on /home/airflow/.local/lib/python3.12/site-packages/airflow/example_dags/tutorial_taskflow_api_virtualenv.py
[2024-10-22T03:49:47.376+0000] {processor.py:914} INFO - Processing file /home/airflow/.local/lib/python3.12/site-packages/airflow/example_dags/tutorial_taskflow_api_virtualenv.py for tasks to queue
[2024-10-22T03:49:47.378+0000] {logging_mixin.py:190} INFO - [2024-10-22T03:49:47.377+0000] {dagbag.py:588} INFO - Filling up the DagBag from /home/airflow/.local/lib/python3.12/site-packages/airflow/example_dags/tutorial_taskflow_api_virtualenv.py
[2024-10-22T03:49:47.390+0000] {processor.py:925} INFO - DAG(s) 'tutorial_taskflow_api_virtualenv' retrieved from /home/airflow/.local/lib/python3.12/site-packages/airflow/example_dags/tutorial_taskflow_api_virtualenv.py
[2024-10-22T03:49:47.413+0000] {logging_mixin.py:190} INFO - [2024-10-22T03:49:47.413+0000] {dag.py:3239} INFO - Sync 1 DAGs
[2024-10-22T03:49:47.430+0000] {logging_mixin.py:190} INFO - [2024-10-22T03:49:47.429+0000] {dag.py:4180} INFO - Setting next_dagrun for tutorial_taskflow_api_virtualenv to None, run_after=None
[2024-10-22T03:49:47.447+0000] {processor.py:208} INFO - Processing /home/airflow/.local/lib/python3.12/site-packages/airflow/example_dags/tutorial_taskflow_api_virtualenv.py took 0.080 seconds
[2024-10-22T03:50:17.815+0000] {processor.py:186} INFO - Started process (PID=58917) to work on /home/airflow/.local/lib/python3.12/site-packages/airflow/example_dags/tutorial_taskflow_api_virtualenv.py
[2024-10-22T03:50:17.816+0000] {processor.py:914} INFO - Processing file /home/airflow/.local/lib/python3.12/site-packages/airflow/example_dags/tutorial_taskflow_api_virtualenv.py for tasks to queue
[2024-10-22T03:50:17.817+0000] {logging_mixin.py:190} INFO - [2024-10-22T03:50:17.817+0000] {dagbag.py:588} INFO - Filling up the DagBag from /home/airflow/.local/lib/python3.12/site-packages/airflow/example_dags/tutorial_taskflow_api_virtualenv.py
[2024-10-22T03:50:17.829+0000] {processor.py:925} INFO - DAG(s) 'tutorial_taskflow_api_virtualenv' retrieved from /home/airflow/.local/lib/python3.12/site-packages/airflow/example_dags/tutorial_taskflow_api_virtualenv.py
[2024-10-22T03:50:17.852+0000] {logging_mixin.py:190} INFO - [2024-10-22T03:50:17.851+0000] {dag.py:3239} INFO - Sync 1 DAGs
[2024-10-22T03:50:17.868+0000] {logging_mixin.py:190} INFO - [2024-10-22T03:50:17.868+0000] {dag.py:4180} INFO - Setting next_dagrun for tutorial_taskflow_api_virtualenv to None, run_after=None
[2024-10-22T03:50:17.886+0000] {processor.py:208} INFO - Processing /home/airflow/.local/lib/python3.12/site-packages/airflow/example_dags/tutorial_taskflow_api_virtualenv.py took 0.079 seconds
[2024-10-22T03:50:48.824+0000] {processor.py:186} INFO - Started process (PID=58984) to work on /home/airflow/.local/lib/python3.12/site-packages/airflow/example_dags/tutorial_taskflow_api_virtualenv.py
[2024-10-22T03:50:48.825+0000] {processor.py:914} INFO - Processing file /home/airflow/.local/lib/python3.12/site-packages/airflow/example_dags/tutorial_taskflow_api_virtualenv.py for tasks to queue
[2024-10-22T03:50:48.828+0000] {logging_mixin.py:190} INFO - [2024-10-22T03:50:48.828+0000] {dagbag.py:588} INFO - Filling up the DagBag from /home/airflow/.local/lib/python3.12/site-packages/airflow/example_dags/tutorial_taskflow_api_virtualenv.py
[2024-10-22T03:50:48.841+0000] {processor.py:925} INFO - DAG(s) 'tutorial_taskflow_api_virtualenv' retrieved from /home/airflow/.local/lib/python3.12/site-packages/airflow/example_dags/tutorial_taskflow_api_virtualenv.py
[2024-10-22T03:50:48.865+0000] {logging_mixin.py:190} INFO - [2024-10-22T03:50:48.865+0000] {dag.py:3239} INFO - Sync 1 DAGs
[2024-10-22T03:50:48.884+0000] {logging_mixin.py:190} INFO - [2024-10-22T03:50:48.884+0000] {dag.py:4180} INFO - Setting next_dagrun for tutorial_taskflow_api_virtualenv to None, run_after=None
[2024-10-22T03:50:48.908+0000] {processor.py:208} INFO - Processing /home/airflow/.local/lib/python3.12/site-packages/airflow/example_dags/tutorial_taskflow_api_virtualenv.py took 0.091 seconds
[2024-10-22T03:51:19.410+0000] {processor.py:186} INFO - Started process (PID=59051) to work on /home/airflow/.local/lib/python3.12/site-packages/airflow/example_dags/tutorial_taskflow_api_virtualenv.py
[2024-10-22T03:51:19.411+0000] {processor.py:914} INFO - Processing file /home/airflow/.local/lib/python3.12/site-packages/airflow/example_dags/tutorial_taskflow_api_virtualenv.py for tasks to queue
[2024-10-22T03:51:19.412+0000] {logging_mixin.py:190} INFO - [2024-10-22T03:51:19.412+0000] {dagbag.py:588} INFO - Filling up the DagBag from /home/airflow/.local/lib/python3.12/site-packages/airflow/example_dags/tutorial_taskflow_api_virtualenv.py
[2024-10-22T03:51:19.424+0000] {processor.py:925} INFO - DAG(s) 'tutorial_taskflow_api_virtualenv' retrieved from /home/airflow/.local/lib/python3.12/site-packages/airflow/example_dags/tutorial_taskflow_api_virtualenv.py
[2024-10-22T03:51:19.448+0000] {logging_mixin.py:190} INFO - [2024-10-22T03:51:19.447+0000] {dag.py:3239} INFO - Sync 1 DAGs
[2024-10-22T03:51:19.464+0000] {logging_mixin.py:190} INFO - [2024-10-22T03:51:19.464+0000] {dag.py:4180} INFO - Setting next_dagrun for tutorial_taskflow_api_virtualenv to None, run_after=None
[2024-10-22T03:51:19.483+0000] {processor.py:208} INFO - Processing /home/airflow/.local/lib/python3.12/site-packages/airflow/example_dags/tutorial_taskflow_api_virtualenv.py took 0.081 seconds
[2024-10-22T03:51:49.924+0000] {processor.py:186} INFO - Started process (PID=59118) to work on /home/airflow/.local/lib/python3.12/site-packages/airflow/example_dags/tutorial_taskflow_api_virtualenv.py
[2024-10-22T03:51:49.925+0000] {processor.py:914} INFO - Processing file /home/airflow/.local/lib/python3.12/site-packages/airflow/example_dags/tutorial_taskflow_api_virtualenv.py for tasks to queue
[2024-10-22T03:51:49.926+0000] {logging_mixin.py:190} INFO - [2024-10-22T03:51:49.926+0000] {dagbag.py:588} INFO - Filling up the DagBag from /home/airflow/.local/lib/python3.12/site-packages/airflow/example_dags/tutorial_taskflow_api_virtualenv.py
[2024-10-22T03:51:49.939+0000] {processor.py:925} INFO - DAG(s) 'tutorial_taskflow_api_virtualenv' retrieved from /home/airflow/.local/lib/python3.12/site-packages/airflow/example_dags/tutorial_taskflow_api_virtualenv.py
[2024-10-22T03:51:49.965+0000] {logging_mixin.py:190} INFO - [2024-10-22T03:51:49.965+0000] {dag.py:3239} INFO - Sync 1 DAGs
[2024-10-22T03:51:49.982+0000] {logging_mixin.py:190} INFO - [2024-10-22T03:51:49.981+0000] {dag.py:4180} INFO - Setting next_dagrun for tutorial_taskflow_api_virtualenv to None, run_after=None
[2024-10-22T03:51:50.000+0000] {processor.py:208} INFO - Processing /home/airflow/.local/lib/python3.12/site-packages/airflow/example_dags/tutorial_taskflow_api_virtualenv.py took 0.084 seconds
[2024-10-22T03:52:20.314+0000] {processor.py:186} INFO - Started process (PID=59185) to work on /home/airflow/.local/lib/python3.12/site-packages/airflow/example_dags/tutorial_taskflow_api_virtualenv.py
[2024-10-22T03:52:20.315+0000] {processor.py:914} INFO - Processing file /home/airflow/.local/lib/python3.12/site-packages/airflow/example_dags/tutorial_taskflow_api_virtualenv.py for tasks to queue
[2024-10-22T03:52:20.317+0000] {logging_mixin.py:190} INFO - [2024-10-22T03:52:20.316+0000] {dagbag.py:588} INFO - Filling up the DagBag from /home/airflow/.local/lib/python3.12/site-packages/airflow/example_dags/tutorial_taskflow_api_virtualenv.py
[2024-10-22T03:52:20.332+0000] {processor.py:925} INFO - DAG(s) 'tutorial_taskflow_api_virtualenv' retrieved from /home/airflow/.local/lib/python3.12/site-packages/airflow/example_dags/tutorial_taskflow_api_virtualenv.py
[2024-10-22T03:52:20.363+0000] {logging_mixin.py:190} INFO - [2024-10-22T03:52:20.362+0000] {dag.py:3239} INFO - Sync 1 DAGs
[2024-10-22T03:52:20.383+0000] {logging_mixin.py:190} INFO - [2024-10-22T03:52:20.382+0000] {dag.py:4180} INFO - Setting next_dagrun for tutorial_taskflow_api_virtualenv to None, run_after=None
[2024-10-22T03:52:20.403+0000] {processor.py:208} INFO - Processing /home/airflow/.local/lib/python3.12/site-packages/airflow/example_dags/tutorial_taskflow_api_virtualenv.py took 0.099 seconds
[2024-10-22T03:52:51.194+0000] {processor.py:186} INFO - Started process (PID=59252) to work on /home/airflow/.local/lib/python3.12/site-packages/airflow/example_dags/tutorial_taskflow_api_virtualenv.py
[2024-10-22T03:52:51.195+0000] {processor.py:914} INFO - Processing file /home/airflow/.local/lib/python3.12/site-packages/airflow/example_dags/tutorial_taskflow_api_virtualenv.py for tasks to queue
[2024-10-22T03:52:51.197+0000] {logging_mixin.py:190} INFO - [2024-10-22T03:52:51.196+0000] {dagbag.py:588} INFO - Filling up the DagBag from /home/airflow/.local/lib/python3.12/site-packages/airflow/example_dags/tutorial_taskflow_api_virtualenv.py
[2024-10-22T03:52:51.209+0000] {processor.py:925} INFO - DAG(s) 'tutorial_taskflow_api_virtualenv' retrieved from /home/airflow/.local/lib/python3.12/site-packages/airflow/example_dags/tutorial_taskflow_api_virtualenv.py
[2024-10-22T03:52:51.236+0000] {logging_mixin.py:190} INFO - [2024-10-22T03:52:51.235+0000] {dag.py:3239} INFO - Sync 1 DAGs
[2024-10-22T03:52:51.255+0000] {logging_mixin.py:190} INFO - [2024-10-22T03:52:51.254+0000] {dag.py:4180} INFO - Setting next_dagrun for tutorial_taskflow_api_virtualenv to None, run_after=None
[2024-10-22T03:52:51.272+0000] {processor.py:208} INFO - Processing /home/airflow/.local/lib/python3.12/site-packages/airflow/example_dags/tutorial_taskflow_api_virtualenv.py took 0.085 seconds
[2024-10-22T03:53:22.355+0000] {processor.py:186} INFO - Started process (PID=59319) to work on /home/airflow/.local/lib/python3.12/site-packages/airflow/example_dags/tutorial_taskflow_api_virtualenv.py
[2024-10-22T03:53:22.357+0000] {processor.py:914} INFO - Processing file /home/airflow/.local/lib/python3.12/site-packages/airflow/example_dags/tutorial_taskflow_api_virtualenv.py for tasks to queue
[2024-10-22T03:53:22.359+0000] {logging_mixin.py:190} INFO - [2024-10-22T03:53:22.359+0000] {dagbag.py:588} INFO - Filling up the DagBag from /home/airflow/.local/lib/python3.12/site-packages/airflow/example_dags/tutorial_taskflow_api_virtualenv.py
[2024-10-22T03:53:22.376+0000] {processor.py:925} INFO - DAG(s) 'tutorial_taskflow_api_virtualenv' retrieved from /home/airflow/.local/lib/python3.12/site-packages/airflow/example_dags/tutorial_taskflow_api_virtualenv.py
[2024-10-22T03:53:22.412+0000] {logging_mixin.py:190} INFO - [2024-10-22T03:53:22.411+0000] {dag.py:3239} INFO - Sync 1 DAGs
[2024-10-22T03:53:22.436+0000] {logging_mixin.py:190} INFO - [2024-10-22T03:53:22.436+0000] {dag.py:4180} INFO - Setting next_dagrun for tutorial_taskflow_api_virtualenv to None, run_after=None
[2024-10-22T03:53:22.457+0000] {processor.py:208} INFO - Processing /home/airflow/.local/lib/python3.12/site-packages/airflow/example_dags/tutorial_taskflow_api_virtualenv.py took 0.114 seconds
[2024-10-22T03:53:53.004+0000] {processor.py:186} INFO - Started process (PID=59386) to work on /home/airflow/.local/lib/python3.12/site-packages/airflow/example_dags/tutorial_taskflow_api_virtualenv.py
[2024-10-22T03:53:53.006+0000] {processor.py:914} INFO - Processing file /home/airflow/.local/lib/python3.12/site-packages/airflow/example_dags/tutorial_taskflow_api_virtualenv.py for tasks to queue
[2024-10-22T03:53:53.008+0000] {logging_mixin.py:190} INFO - [2024-10-22T03:53:53.008+0000] {dagbag.py:588} INFO - Filling up the DagBag from /home/airflow/.local/lib/python3.12/site-packages/airflow/example_dags/tutorial_taskflow_api_virtualenv.py
[2024-10-22T03:53:53.027+0000] {processor.py:925} INFO - DAG(s) 'tutorial_taskflow_api_virtualenv' retrieved from /home/airflow/.local/lib/python3.12/site-packages/airflow/example_dags/tutorial_taskflow_api_virtualenv.py
[2024-10-22T03:53:53.060+0000] {logging_mixin.py:190} INFO - [2024-10-22T03:53:53.059+0000] {dag.py:3239} INFO - Sync 1 DAGs
[2024-10-22T03:53:53.079+0000] {logging_mixin.py:190} INFO - [2024-10-22T03:53:53.078+0000] {dag.py:4180} INFO - Setting next_dagrun for tutorial_taskflow_api_virtualenv to None, run_after=None
[2024-10-22T03:53:53.098+0000] {processor.py:208} INFO - Processing /home/airflow/.local/lib/python3.12/site-packages/airflow/example_dags/tutorial_taskflow_api_virtualenv.py took 0.102 seconds
[2024-10-22T03:54:23.765+0000] {processor.py:186} INFO - Started process (PID=59453) to work on /home/airflow/.local/lib/python3.12/site-packages/airflow/example_dags/tutorial_taskflow_api_virtualenv.py
[2024-10-22T03:54:23.768+0000] {processor.py:914} INFO - Processing file /home/airflow/.local/lib/python3.12/site-packages/airflow/example_dags/tutorial_taskflow_api_virtualenv.py for tasks to queue
[2024-10-22T03:54:23.770+0000] {logging_mixin.py:190} INFO - [2024-10-22T03:54:23.769+0000] {dagbag.py:588} INFO - Filling up the DagBag from /home/airflow/.local/lib/python3.12/site-packages/airflow/example_dags/tutorial_taskflow_api_virtualenv.py
[2024-10-22T03:54:23.793+0000] {processor.py:925} INFO - DAG(s) 'tutorial_taskflow_api_virtualenv' retrieved from /home/airflow/.local/lib/python3.12/site-packages/airflow/example_dags/tutorial_taskflow_api_virtualenv.py
[2024-10-22T03:54:23.839+0000] {logging_mixin.py:190} INFO - [2024-10-22T03:54:23.839+0000] {dag.py:3239} INFO - Sync 1 DAGs
[2024-10-22T03:54:23.865+0000] {logging_mixin.py:190} INFO - [2024-10-22T03:54:23.865+0000] {dag.py:4180} INFO - Setting next_dagrun for tutorial_taskflow_api_virtualenv to None, run_after=None
[2024-10-22T03:54:23.893+0000] {processor.py:208} INFO - Processing /home/airflow/.local/lib/python3.12/site-packages/airflow/example_dags/tutorial_taskflow_api_virtualenv.py took 0.139 seconds
[2024-10-22T03:54:54.218+0000] {processor.py:186} INFO - Started process (PID=59520) to work on /home/airflow/.local/lib/python3.12/site-packages/airflow/example_dags/tutorial_taskflow_api_virtualenv.py
[2024-10-22T03:54:54.219+0000] {processor.py:914} INFO - Processing file /home/airflow/.local/lib/python3.12/site-packages/airflow/example_dags/tutorial_taskflow_api_virtualenv.py for tasks to queue
[2024-10-22T03:54:54.221+0000] {logging_mixin.py:190} INFO - [2024-10-22T03:54:54.221+0000] {dagbag.py:588} INFO - Filling up the DagBag from /home/airflow/.local/lib/python3.12/site-packages/airflow/example_dags/tutorial_taskflow_api_virtualenv.py
[2024-10-22T03:54:54.238+0000] {processor.py:925} INFO - DAG(s) 'tutorial_taskflow_api_virtualenv' retrieved from /home/airflow/.local/lib/python3.12/site-packages/airflow/example_dags/tutorial_taskflow_api_virtualenv.py
[2024-10-22T03:54:54.273+0000] {logging_mixin.py:190} INFO - [2024-10-22T03:54:54.273+0000] {dag.py:3239} INFO - Sync 1 DAGs
[2024-10-22T03:54:54.298+0000] {logging_mixin.py:190} INFO - [2024-10-22T03:54:54.297+0000] {dag.py:4180} INFO - Setting next_dagrun for tutorial_taskflow_api_virtualenv to None, run_after=None
[2024-10-22T03:54:54.336+0000] {processor.py:208} INFO - Processing /home/airflow/.local/lib/python3.12/site-packages/airflow/example_dags/tutorial_taskflow_api_virtualenv.py took 0.129 seconds
[2024-10-22T03:55:24.383+0000] {processor.py:186} INFO - Started process (PID=59587) to work on /home/airflow/.local/lib/python3.12/site-packages/airflow/example_dags/tutorial_taskflow_api_virtualenv.py
[2024-10-22T03:55:24.385+0000] {processor.py:914} INFO - Processing file /home/airflow/.local/lib/python3.12/site-packages/airflow/example_dags/tutorial_taskflow_api_virtualenv.py for tasks to queue
[2024-10-22T03:55:24.386+0000] {logging_mixin.py:190} INFO - [2024-10-22T03:55:24.386+0000] {dagbag.py:588} INFO - Filling up the DagBag from /home/airflow/.local/lib/python3.12/site-packages/airflow/example_dags/tutorial_taskflow_api_virtualenv.py
[2024-10-22T03:55:24.400+0000] {processor.py:925} INFO - DAG(s) 'tutorial_taskflow_api_virtualenv' retrieved from /home/airflow/.local/lib/python3.12/site-packages/airflow/example_dags/tutorial_taskflow_api_virtualenv.py
[2024-10-22T03:55:24.426+0000] {logging_mixin.py:190} INFO - [2024-10-22T03:55:24.426+0000] {dag.py:3239} INFO - Sync 1 DAGs
[2024-10-22T03:55:24.444+0000] {logging_mixin.py:190} INFO - [2024-10-22T03:55:24.444+0000] {dag.py:4180} INFO - Setting next_dagrun for tutorial_taskflow_api_virtualenv to None, run_after=None
[2024-10-22T03:55:24.465+0000] {processor.py:208} INFO - Processing /home/airflow/.local/lib/python3.12/site-packages/airflow/example_dags/tutorial_taskflow_api_virtualenv.py took 0.089 seconds
[2024-10-22T03:55:54.643+0000] {processor.py:186} INFO - Started process (PID=59652) to work on /home/airflow/.local/lib/python3.12/site-packages/airflow/example_dags/tutorial_taskflow_api_virtualenv.py
[2024-10-22T03:55:54.644+0000] {processor.py:914} INFO - Processing file /home/airflow/.local/lib/python3.12/site-packages/airflow/example_dags/tutorial_taskflow_api_virtualenv.py for tasks to queue
[2024-10-22T03:55:54.646+0000] {logging_mixin.py:190} INFO - [2024-10-22T03:55:54.646+0000] {dagbag.py:588} INFO - Filling up the DagBag from /home/airflow/.local/lib/python3.12/site-packages/airflow/example_dags/tutorial_taskflow_api_virtualenv.py
[2024-10-22T03:55:54.662+0000] {processor.py:925} INFO - DAG(s) 'tutorial_taskflow_api_virtualenv' retrieved from /home/airflow/.local/lib/python3.12/site-packages/airflow/example_dags/tutorial_taskflow_api_virtualenv.py
[2024-10-22T03:55:54.691+0000] {logging_mixin.py:190} INFO - [2024-10-22T03:55:54.690+0000] {dag.py:3239} INFO - Sync 1 DAGs
[2024-10-22T03:55:54.713+0000] {logging_mixin.py:190} INFO - [2024-10-22T03:55:54.712+0000] {dag.py:4180} INFO - Setting next_dagrun for tutorial_taskflow_api_virtualenv to None, run_after=None
[2024-10-22T03:55:54.734+0000] {processor.py:208} INFO - Processing /home/airflow/.local/lib/python3.12/site-packages/airflow/example_dags/tutorial_taskflow_api_virtualenv.py took 0.100 seconds
[2024-10-22T03:56:25.566+0000] {processor.py:186} INFO - Started process (PID=59719) to work on /home/airflow/.local/lib/python3.12/site-packages/airflow/example_dags/tutorial_taskflow_api_virtualenv.py
[2024-10-22T03:56:25.568+0000] {processor.py:914} INFO - Processing file /home/airflow/.local/lib/python3.12/site-packages/airflow/example_dags/tutorial_taskflow_api_virtualenv.py for tasks to queue
[2024-10-22T03:56:25.570+0000] {logging_mixin.py:190} INFO - [2024-10-22T03:56:25.569+0000] {dagbag.py:588} INFO - Filling up the DagBag from /home/airflow/.local/lib/python3.12/site-packages/airflow/example_dags/tutorial_taskflow_api_virtualenv.py
[2024-10-22T03:56:25.586+0000] {processor.py:925} INFO - DAG(s) 'tutorial_taskflow_api_virtualenv' retrieved from /home/airflow/.local/lib/python3.12/site-packages/airflow/example_dags/tutorial_taskflow_api_virtualenv.py
[2024-10-22T03:56:25.618+0000] {logging_mixin.py:190} INFO - [2024-10-22T03:56:25.618+0000] {dag.py:3239} INFO - Sync 1 DAGs
[2024-10-22T03:56:25.643+0000] {logging_mixin.py:190} INFO - [2024-10-22T03:56:25.643+0000] {dag.py:4180} INFO - Setting next_dagrun for tutorial_taskflow_api_virtualenv to None, run_after=None
[2024-10-22T03:56:25.671+0000] {processor.py:208} INFO - Processing /home/airflow/.local/lib/python3.12/site-packages/airflow/example_dags/tutorial_taskflow_api_virtualenv.py took 0.115 seconds
[2024-10-22T03:56:56.220+0000] {processor.py:186} INFO - Started process (PID=59786) to work on /home/airflow/.local/lib/python3.12/site-packages/airflow/example_dags/tutorial_taskflow_api_virtualenv.py
[2024-10-22T03:56:56.221+0000] {processor.py:914} INFO - Processing file /home/airflow/.local/lib/python3.12/site-packages/airflow/example_dags/tutorial_taskflow_api_virtualenv.py for tasks to queue
[2024-10-22T03:56:56.223+0000] {logging_mixin.py:190} INFO - [2024-10-22T03:56:56.222+0000] {dagbag.py:588} INFO - Filling up the DagBag from /home/airflow/.local/lib/python3.12/site-packages/airflow/example_dags/tutorial_taskflow_api_virtualenv.py
[2024-10-22T03:56:56.238+0000] {processor.py:925} INFO - DAG(s) 'tutorial_taskflow_api_virtualenv' retrieved from /home/airflow/.local/lib/python3.12/site-packages/airflow/example_dags/tutorial_taskflow_api_virtualenv.py
[2024-10-22T03:56:56.266+0000] {logging_mixin.py:190} INFO - [2024-10-22T03:56:56.266+0000] {dag.py:3239} INFO - Sync 1 DAGs
[2024-10-22T03:56:56.286+0000] {logging_mixin.py:190} INFO - [2024-10-22T03:56:56.285+0000] {dag.py:4180} INFO - Setting next_dagrun for tutorial_taskflow_api_virtualenv to None, run_after=None
[2024-10-22T03:56:56.308+0000] {processor.py:208} INFO - Processing /home/airflow/.local/lib/python3.12/site-packages/airflow/example_dags/tutorial_taskflow_api_virtualenv.py took 0.099 seconds
[2024-10-22T03:57:26.430+0000] {processor.py:186} INFO - Started process (PID=59853) to work on /home/airflow/.local/lib/python3.12/site-packages/airflow/example_dags/tutorial_taskflow_api_virtualenv.py
[2024-10-22T03:57:26.431+0000] {processor.py:914} INFO - Processing file /home/airflow/.local/lib/python3.12/site-packages/airflow/example_dags/tutorial_taskflow_api_virtualenv.py for tasks to queue
[2024-10-22T03:57:26.433+0000] {logging_mixin.py:190} INFO - [2024-10-22T03:57:26.432+0000] {dagbag.py:588} INFO - Filling up the DagBag from /home/airflow/.local/lib/python3.12/site-packages/airflow/example_dags/tutorial_taskflow_api_virtualenv.py
[2024-10-22T03:57:26.445+0000] {processor.py:925} INFO - DAG(s) 'tutorial_taskflow_api_virtualenv' retrieved from /home/airflow/.local/lib/python3.12/site-packages/airflow/example_dags/tutorial_taskflow_api_virtualenv.py
[2024-10-22T03:57:26.468+0000] {logging_mixin.py:190} INFO - [2024-10-22T03:57:26.468+0000] {dag.py:3239} INFO - Sync 1 DAGs
[2024-10-22T03:57:26.485+0000] {logging_mixin.py:190} INFO - [2024-10-22T03:57:26.485+0000] {dag.py:4180} INFO - Setting next_dagrun for tutorial_taskflow_api_virtualenv to None, run_after=None
[2024-10-22T03:57:26.502+0000] {processor.py:208} INFO - Processing /home/airflow/.local/lib/python3.12/site-packages/airflow/example_dags/tutorial_taskflow_api_virtualenv.py took 0.079 seconds
[2024-10-22T03:57:57.388+0000] {processor.py:186} INFO - Started process (PID=59920) to work on /home/airflow/.local/lib/python3.12/site-packages/airflow/example_dags/tutorial_taskflow_api_virtualenv.py
[2024-10-22T03:57:57.389+0000] {processor.py:914} INFO - Processing file /home/airflow/.local/lib/python3.12/site-packages/airflow/example_dags/tutorial_taskflow_api_virtualenv.py for tasks to queue
[2024-10-22T03:57:57.390+0000] {logging_mixin.py:190} INFO - [2024-10-22T03:57:57.390+0000] {dagbag.py:588} INFO - Filling up the DagBag from /home/airflow/.local/lib/python3.12/site-packages/airflow/example_dags/tutorial_taskflow_api_virtualenv.py
[2024-10-22T03:57:57.403+0000] {processor.py:925} INFO - DAG(s) 'tutorial_taskflow_api_virtualenv' retrieved from /home/airflow/.local/lib/python3.12/site-packages/airflow/example_dags/tutorial_taskflow_api_virtualenv.py
[2024-10-22T03:57:57.426+0000] {logging_mixin.py:190} INFO - [2024-10-22T03:57:57.426+0000] {dag.py:3239} INFO - Sync 1 DAGs
[2024-10-22T03:57:57.442+0000] {logging_mixin.py:190} INFO - [2024-10-22T03:57:57.442+0000] {dag.py:4180} INFO - Setting next_dagrun for tutorial_taskflow_api_virtualenv to None, run_after=None
[2024-10-22T03:57:57.460+0000] {processor.py:208} INFO - Processing /home/airflow/.local/lib/python3.12/site-packages/airflow/example_dags/tutorial_taskflow_api_virtualenv.py took 0.080 seconds
[2024-10-22T03:58:28.023+0000] {processor.py:186} INFO - Started process (PID=59987) to work on /home/airflow/.local/lib/python3.12/site-packages/airflow/example_dags/tutorial_taskflow_api_virtualenv.py
[2024-10-22T03:58:28.024+0000] {processor.py:914} INFO - Processing file /home/airflow/.local/lib/python3.12/site-packages/airflow/example_dags/tutorial_taskflow_api_virtualenv.py for tasks to queue
[2024-10-22T03:58:28.025+0000] {logging_mixin.py:190} INFO - [2024-10-22T03:58:28.025+0000] {dagbag.py:588} INFO - Filling up the DagBag from /home/airflow/.local/lib/python3.12/site-packages/airflow/example_dags/tutorial_taskflow_api_virtualenv.py
[2024-10-22T03:58:28.037+0000] {processor.py:925} INFO - DAG(s) 'tutorial_taskflow_api_virtualenv' retrieved from /home/airflow/.local/lib/python3.12/site-packages/airflow/example_dags/tutorial_taskflow_api_virtualenv.py
[2024-10-22T03:58:28.069+0000] {logging_mixin.py:190} INFO - [2024-10-22T03:58:28.068+0000] {dag.py:3239} INFO - Sync 1 DAGs
[2024-10-22T03:58:28.285+0000] {logging_mixin.py:190} INFO - [2024-10-22T03:58:28.285+0000] {dag.py:4180} INFO - Setting next_dagrun for tutorial_taskflow_api_virtualenv to None, run_after=None
[2024-10-22T03:58:28.305+0000] {processor.py:208} INFO - Processing /home/airflow/.local/lib/python3.12/site-packages/airflow/example_dags/tutorial_taskflow_api_virtualenv.py took 0.289 seconds
[2024-10-22T03:58:59.004+0000] {processor.py:186} INFO - Started process (PID=60054) to work on /home/airflow/.local/lib/python3.12/site-packages/airflow/example_dags/tutorial_taskflow_api_virtualenv.py
[2024-10-22T03:58:59.004+0000] {processor.py:914} INFO - Processing file /home/airflow/.local/lib/python3.12/site-packages/airflow/example_dags/tutorial_taskflow_api_virtualenv.py for tasks to queue
[2024-10-22T03:58:59.006+0000] {logging_mixin.py:190} INFO - [2024-10-22T03:58:59.005+0000] {dagbag.py:588} INFO - Filling up the DagBag from /home/airflow/.local/lib/python3.12/site-packages/airflow/example_dags/tutorial_taskflow_api_virtualenv.py
[2024-10-22T03:58:59.019+0000] {processor.py:925} INFO - DAG(s) 'tutorial_taskflow_api_virtualenv' retrieved from /home/airflow/.local/lib/python3.12/site-packages/airflow/example_dags/tutorial_taskflow_api_virtualenv.py
[2024-10-22T03:58:59.044+0000] {logging_mixin.py:190} INFO - [2024-10-22T03:58:59.044+0000] {dag.py:3239} INFO - Sync 1 DAGs
[2024-10-22T03:58:59.270+0000] {logging_mixin.py:190} INFO - [2024-10-22T03:58:59.269+0000] {dag.py:4180} INFO - Setting next_dagrun for tutorial_taskflow_api_virtualenv to None, run_after=None
[2024-10-22T03:58:59.291+0000] {processor.py:208} INFO - Processing /home/airflow/.local/lib/python3.12/site-packages/airflow/example_dags/tutorial_taskflow_api_virtualenv.py took 0.295 seconds
[2024-10-22T03:59:30.423+0000] {processor.py:186} INFO - Started process (PID=60121) to work on /home/airflow/.local/lib/python3.12/site-packages/airflow/example_dags/tutorial_taskflow_api_virtualenv.py
[2024-10-22T03:59:30.424+0000] {processor.py:914} INFO - Processing file /home/airflow/.local/lib/python3.12/site-packages/airflow/example_dags/tutorial_taskflow_api_virtualenv.py for tasks to queue
[2024-10-22T03:59:30.425+0000] {logging_mixin.py:190} INFO - [2024-10-22T03:59:30.425+0000] {dagbag.py:588} INFO - Filling up the DagBag from /home/airflow/.local/lib/python3.12/site-packages/airflow/example_dags/tutorial_taskflow_api_virtualenv.py
[2024-10-22T03:59:30.439+0000] {processor.py:925} INFO - DAG(s) 'tutorial_taskflow_api_virtualenv' retrieved from /home/airflow/.local/lib/python3.12/site-packages/airflow/example_dags/tutorial_taskflow_api_virtualenv.py
[2024-10-22T03:59:30.463+0000] {logging_mixin.py:190} INFO - [2024-10-22T03:59:30.463+0000] {dag.py:3239} INFO - Sync 1 DAGs
[2024-10-22T03:59:30.481+0000] {logging_mixin.py:190} INFO - [2024-10-22T03:59:30.480+0000] {dag.py:4180} INFO - Setting next_dagrun for tutorial_taskflow_api_virtualenv to None, run_after=None
[2024-10-22T03:59:30.499+0000] {processor.py:208} INFO - Processing /home/airflow/.local/lib/python3.12/site-packages/airflow/example_dags/tutorial_taskflow_api_virtualenv.py took 0.084 seconds
[2024-10-22T04:00:00.821+0000] {processor.py:186} INFO - Started process (PID=60188) to work on /home/airflow/.local/lib/python3.12/site-packages/airflow/example_dags/tutorial_taskflow_api_virtualenv.py
[2024-10-22T04:00:00.822+0000] {processor.py:914} INFO - Processing file /home/airflow/.local/lib/python3.12/site-packages/airflow/example_dags/tutorial_taskflow_api_virtualenv.py for tasks to queue
[2024-10-22T04:00:00.823+0000] {logging_mixin.py:190} INFO - [2024-10-22T04:00:00.823+0000] {dagbag.py:588} INFO - Filling up the DagBag from /home/airflow/.local/lib/python3.12/site-packages/airflow/example_dags/tutorial_taskflow_api_virtualenv.py
[2024-10-22T04:00:00.835+0000] {processor.py:925} INFO - DAG(s) 'tutorial_taskflow_api_virtualenv' retrieved from /home/airflow/.local/lib/python3.12/site-packages/airflow/example_dags/tutorial_taskflow_api_virtualenv.py
[2024-10-22T04:00:00.858+0000] {logging_mixin.py:190} INFO - [2024-10-22T04:00:00.858+0000] {dag.py:3239} INFO - Sync 1 DAGs
[2024-10-22T04:00:00.874+0000] {logging_mixin.py:190} INFO - [2024-10-22T04:00:00.874+0000] {dag.py:4180} INFO - Setting next_dagrun for tutorial_taskflow_api_virtualenv to None, run_after=None
[2024-10-22T04:00:00.891+0000] {processor.py:208} INFO - Processing /home/airflow/.local/lib/python3.12/site-packages/airflow/example_dags/tutorial_taskflow_api_virtualenv.py took 0.077 seconds
[2024-10-22T04:00:31.011+0000] {processor.py:186} INFO - Started process (PID=60255) to work on /home/airflow/.local/lib/python3.12/site-packages/airflow/example_dags/tutorial_taskflow_api_virtualenv.py
[2024-10-22T04:00:31.012+0000] {processor.py:914} INFO - Processing file /home/airflow/.local/lib/python3.12/site-packages/airflow/example_dags/tutorial_taskflow_api_virtualenv.py for tasks to queue
[2024-10-22T04:00:31.014+0000] {logging_mixin.py:190} INFO - [2024-10-22T04:00:31.013+0000] {dagbag.py:588} INFO - Filling up the DagBag from /home/airflow/.local/lib/python3.12/site-packages/airflow/example_dags/tutorial_taskflow_api_virtualenv.py
[2024-10-22T04:00:31.026+0000] {processor.py:925} INFO - DAG(s) 'tutorial_taskflow_api_virtualenv' retrieved from /home/airflow/.local/lib/python3.12/site-packages/airflow/example_dags/tutorial_taskflow_api_virtualenv.py
[2024-10-22T04:00:31.050+0000] {logging_mixin.py:190} INFO - [2024-10-22T04:00:31.049+0000] {dag.py:3239} INFO - Sync 1 DAGs
[2024-10-22T04:00:31.065+0000] {logging_mixin.py:190} INFO - [2024-10-22T04:00:31.065+0000] {dag.py:4180} INFO - Setting next_dagrun for tutorial_taskflow_api_virtualenv to None, run_after=None
[2024-10-22T04:00:31.085+0000] {processor.py:208} INFO - Processing /home/airflow/.local/lib/python3.12/site-packages/airflow/example_dags/tutorial_taskflow_api_virtualenv.py took 0.081 seconds
[2024-10-22T04:01:01.723+0000] {processor.py:186} INFO - Started process (PID=60322) to work on /home/airflow/.local/lib/python3.12/site-packages/airflow/example_dags/tutorial_taskflow_api_virtualenv.py
[2024-10-22T04:01:01.724+0000] {processor.py:914} INFO - Processing file /home/airflow/.local/lib/python3.12/site-packages/airflow/example_dags/tutorial_taskflow_api_virtualenv.py for tasks to queue
[2024-10-22T04:01:01.725+0000] {logging_mixin.py:190} INFO - [2024-10-22T04:01:01.725+0000] {dagbag.py:588} INFO - Filling up the DagBag from /home/airflow/.local/lib/python3.12/site-packages/airflow/example_dags/tutorial_taskflow_api_virtualenv.py
[2024-10-22T04:01:01.737+0000] {processor.py:925} INFO - DAG(s) 'tutorial_taskflow_api_virtualenv' retrieved from /home/airflow/.local/lib/python3.12/site-packages/airflow/example_dags/tutorial_taskflow_api_virtualenv.py
[2024-10-22T04:01:01.760+0000] {logging_mixin.py:190} INFO - [2024-10-22T04:01:01.760+0000] {dag.py:3239} INFO - Sync 1 DAGs
[2024-10-22T04:01:01.775+0000] {logging_mixin.py:190} INFO - [2024-10-22T04:01:01.775+0000] {dag.py:4180} INFO - Setting next_dagrun for tutorial_taskflow_api_virtualenv to None, run_after=None
[2024-10-22T04:01:01.793+0000] {processor.py:208} INFO - Processing /home/airflow/.local/lib/python3.12/site-packages/airflow/example_dags/tutorial_taskflow_api_virtualenv.py took 0.077 seconds
[2024-10-22T04:01:32.419+0000] {processor.py:186} INFO - Started process (PID=60389) to work on /home/airflow/.local/lib/python3.12/site-packages/airflow/example_dags/tutorial_taskflow_api_virtualenv.py
[2024-10-22T04:01:32.420+0000] {processor.py:914} INFO - Processing file /home/airflow/.local/lib/python3.12/site-packages/airflow/example_dags/tutorial_taskflow_api_virtualenv.py for tasks to queue
[2024-10-22T04:01:32.421+0000] {logging_mixin.py:190} INFO - [2024-10-22T04:01:32.421+0000] {dagbag.py:588} INFO - Filling up the DagBag from /home/airflow/.local/lib/python3.12/site-packages/airflow/example_dags/tutorial_taskflow_api_virtualenv.py
[2024-10-22T04:01:32.433+0000] {processor.py:925} INFO - DAG(s) 'tutorial_taskflow_api_virtualenv' retrieved from /home/airflow/.local/lib/python3.12/site-packages/airflow/example_dags/tutorial_taskflow_api_virtualenv.py
[2024-10-22T04:01:32.455+0000] {logging_mixin.py:190} INFO - [2024-10-22T04:01:32.455+0000] {dag.py:3239} INFO - Sync 1 DAGs
[2024-10-22T04:01:32.471+0000] {logging_mixin.py:190} INFO - [2024-10-22T04:01:32.471+0000] {dag.py:4180} INFO - Setting next_dagrun for tutorial_taskflow_api_virtualenv to None, run_after=None
[2024-10-22T04:01:32.488+0000] {processor.py:208} INFO - Processing /home/airflow/.local/lib/python3.12/site-packages/airflow/example_dags/tutorial_taskflow_api_virtualenv.py took 0.077 seconds
[2024-10-22T04:02:03.273+0000] {processor.py:186} INFO - Started process (PID=60456) to work on /home/airflow/.local/lib/python3.12/site-packages/airflow/example_dags/tutorial_taskflow_api_virtualenv.py
[2024-10-22T04:02:03.274+0000] {processor.py:914} INFO - Processing file /home/airflow/.local/lib/python3.12/site-packages/airflow/example_dags/tutorial_taskflow_api_virtualenv.py for tasks to queue
[2024-10-22T04:02:03.275+0000] {logging_mixin.py:190} INFO - [2024-10-22T04:02:03.275+0000] {dagbag.py:588} INFO - Filling up the DagBag from /home/airflow/.local/lib/python3.12/site-packages/airflow/example_dags/tutorial_taskflow_api_virtualenv.py
[2024-10-22T04:02:03.287+0000] {processor.py:925} INFO - DAG(s) 'tutorial_taskflow_api_virtualenv' retrieved from /home/airflow/.local/lib/python3.12/site-packages/airflow/example_dags/tutorial_taskflow_api_virtualenv.py
[2024-10-22T04:02:03.310+0000] {logging_mixin.py:190} INFO - [2024-10-22T04:02:03.310+0000] {dag.py:3239} INFO - Sync 1 DAGs
[2024-10-22T04:02:03.326+0000] {logging_mixin.py:190} INFO - [2024-10-22T04:02:03.326+0000] {dag.py:4180} INFO - Setting next_dagrun for tutorial_taskflow_api_virtualenv to None, run_after=None
[2024-10-22T04:02:03.343+0000] {processor.py:208} INFO - Processing /home/airflow/.local/lib/python3.12/site-packages/airflow/example_dags/tutorial_taskflow_api_virtualenv.py took 0.078 seconds
[2024-10-22T04:02:34.009+0000] {processor.py:186} INFO - Started process (PID=60523) to work on /home/airflow/.local/lib/python3.12/site-packages/airflow/example_dags/tutorial_taskflow_api_virtualenv.py
[2024-10-22T04:02:34.010+0000] {processor.py:914} INFO - Processing file /home/airflow/.local/lib/python3.12/site-packages/airflow/example_dags/tutorial_taskflow_api_virtualenv.py for tasks to queue
[2024-10-22T04:02:34.012+0000] {logging_mixin.py:190} INFO - [2024-10-22T04:02:34.011+0000] {dagbag.py:588} INFO - Filling up the DagBag from /home/airflow/.local/lib/python3.12/site-packages/airflow/example_dags/tutorial_taskflow_api_virtualenv.py
[2024-10-22T04:02:34.024+0000] {processor.py:925} INFO - DAG(s) 'tutorial_taskflow_api_virtualenv' retrieved from /home/airflow/.local/lib/python3.12/site-packages/airflow/example_dags/tutorial_taskflow_api_virtualenv.py
[2024-10-22T04:02:34.047+0000] {logging_mixin.py:190} INFO - [2024-10-22T04:02:34.047+0000] {dag.py:3239} INFO - Sync 1 DAGs
[2024-10-22T04:02:34.065+0000] {logging_mixin.py:190} INFO - [2024-10-22T04:02:34.064+0000] {dag.py:4180} INFO - Setting next_dagrun for tutorial_taskflow_api_virtualenv to None, run_after=None
[2024-10-22T04:02:34.082+0000] {processor.py:208} INFO - Processing /home/airflow/.local/lib/python3.12/site-packages/airflow/example_dags/tutorial_taskflow_api_virtualenv.py took 0.080 seconds
[2024-10-22T04:03:04.826+0000] {processor.py:186} INFO - Started process (PID=60589) to work on /home/airflow/.local/lib/python3.12/site-packages/airflow/example_dags/tutorial_taskflow_api_virtualenv.py
[2024-10-22T04:03:04.827+0000] {processor.py:914} INFO - Processing file /home/airflow/.local/lib/python3.12/site-packages/airflow/example_dags/tutorial_taskflow_api_virtualenv.py for tasks to queue
[2024-10-22T04:03:04.829+0000] {logging_mixin.py:190} INFO - [2024-10-22T04:03:04.828+0000] {dagbag.py:588} INFO - Filling up the DagBag from /home/airflow/.local/lib/python3.12/site-packages/airflow/example_dags/tutorial_taskflow_api_virtualenv.py
[2024-10-22T04:03:04.840+0000] {processor.py:925} INFO - DAG(s) 'tutorial_taskflow_api_virtualenv' retrieved from /home/airflow/.local/lib/python3.12/site-packages/airflow/example_dags/tutorial_taskflow_api_virtualenv.py
[2024-10-22T04:03:04.863+0000] {logging_mixin.py:190} INFO - [2024-10-22T04:03:04.863+0000] {dag.py:3239} INFO - Sync 1 DAGs
[2024-10-22T04:03:04.879+0000] {logging_mixin.py:190} INFO - [2024-10-22T04:03:04.879+0000] {dag.py:4180} INFO - Setting next_dagrun for tutorial_taskflow_api_virtualenv to None, run_after=None
[2024-10-22T04:03:04.897+0000] {processor.py:208} INFO - Processing /home/airflow/.local/lib/python3.12/site-packages/airflow/example_dags/tutorial_taskflow_api_virtualenv.py took 0.077 seconds
[2024-10-22T04:03:35.047+0000] {processor.py:186} INFO - Started process (PID=60656) to work on /home/airflow/.local/lib/python3.12/site-packages/airflow/example_dags/tutorial_taskflow_api_virtualenv.py
[2024-10-22T04:03:35.048+0000] {processor.py:914} INFO - Processing file /home/airflow/.local/lib/python3.12/site-packages/airflow/example_dags/tutorial_taskflow_api_virtualenv.py for tasks to queue
[2024-10-22T04:03:35.050+0000] {logging_mixin.py:190} INFO - [2024-10-22T04:03:35.049+0000] {dagbag.py:588} INFO - Filling up the DagBag from /home/airflow/.local/lib/python3.12/site-packages/airflow/example_dags/tutorial_taskflow_api_virtualenv.py
[2024-10-22T04:03:35.062+0000] {processor.py:925} INFO - DAG(s) 'tutorial_taskflow_api_virtualenv' retrieved from /home/airflow/.local/lib/python3.12/site-packages/airflow/example_dags/tutorial_taskflow_api_virtualenv.py
[2024-10-22T04:03:35.085+0000] {logging_mixin.py:190} INFO - [2024-10-22T04:03:35.084+0000] {dag.py:3239} INFO - Sync 1 DAGs
[2024-10-22T04:03:35.101+0000] {logging_mixin.py:190} INFO - [2024-10-22T04:03:35.101+0000] {dag.py:4180} INFO - Setting next_dagrun for tutorial_taskflow_api_virtualenv to None, run_after=None
[2024-10-22T04:03:35.119+0000] {processor.py:208} INFO - Processing /home/airflow/.local/lib/python3.12/site-packages/airflow/example_dags/tutorial_taskflow_api_virtualenv.py took 0.084 seconds
[2024-10-22T04:04:05.227+0000] {processor.py:186} INFO - Started process (PID=60723) to work on /home/airflow/.local/lib/python3.12/site-packages/airflow/example_dags/tutorial_taskflow_api_virtualenv.py
[2024-10-22T04:04:05.228+0000] {processor.py:914} INFO - Processing file /home/airflow/.local/lib/python3.12/site-packages/airflow/example_dags/tutorial_taskflow_api_virtualenv.py for tasks to queue
[2024-10-22T04:04:05.230+0000] {logging_mixin.py:190} INFO - [2024-10-22T04:04:05.229+0000] {dagbag.py:588} INFO - Filling up the DagBag from /home/airflow/.local/lib/python3.12/site-packages/airflow/example_dags/tutorial_taskflow_api_virtualenv.py
[2024-10-22T04:04:05.242+0000] {processor.py:925} INFO - DAG(s) 'tutorial_taskflow_api_virtualenv' retrieved from /home/airflow/.local/lib/python3.12/site-packages/airflow/example_dags/tutorial_taskflow_api_virtualenv.py
[2024-10-22T04:04:05.264+0000] {logging_mixin.py:190} INFO - [2024-10-22T04:04:05.264+0000] {dag.py:3239} INFO - Sync 1 DAGs
[2024-10-22T04:04:05.280+0000] {logging_mixin.py:190} INFO - [2024-10-22T04:04:05.280+0000] {dag.py:4180} INFO - Setting next_dagrun for tutorial_taskflow_api_virtualenv to None, run_after=None
[2024-10-22T04:04:05.299+0000] {processor.py:208} INFO - Processing /home/airflow/.local/lib/python3.12/site-packages/airflow/example_dags/tutorial_taskflow_api_virtualenv.py took 0.079 seconds
[2024-10-22T04:04:36.135+0000] {processor.py:186} INFO - Started process (PID=60790) to work on /home/airflow/.local/lib/python3.12/site-packages/airflow/example_dags/tutorial_taskflow_api_virtualenv.py
[2024-10-22T04:04:36.136+0000] {processor.py:914} INFO - Processing file /home/airflow/.local/lib/python3.12/site-packages/airflow/example_dags/tutorial_taskflow_api_virtualenv.py for tasks to queue
[2024-10-22T04:04:36.138+0000] {logging_mixin.py:190} INFO - [2024-10-22T04:04:36.137+0000] {dagbag.py:588} INFO - Filling up the DagBag from /home/airflow/.local/lib/python3.12/site-packages/airflow/example_dags/tutorial_taskflow_api_virtualenv.py
[2024-10-22T04:04:36.150+0000] {processor.py:925} INFO - DAG(s) 'tutorial_taskflow_api_virtualenv' retrieved from /home/airflow/.local/lib/python3.12/site-packages/airflow/example_dags/tutorial_taskflow_api_virtualenv.py
[2024-10-22T04:04:36.173+0000] {logging_mixin.py:190} INFO - [2024-10-22T04:04:36.173+0000] {dag.py:3239} INFO - Sync 1 DAGs
[2024-10-22T04:04:36.190+0000] {logging_mixin.py:190} INFO - [2024-10-22T04:04:36.189+0000] {dag.py:4180} INFO - Setting next_dagrun for tutorial_taskflow_api_virtualenv to None, run_after=None
[2024-10-22T04:04:36.207+0000] {processor.py:208} INFO - Processing /home/airflow/.local/lib/python3.12/site-packages/airflow/example_dags/tutorial_taskflow_api_virtualenv.py took 0.080 seconds
[2024-10-22T04:05:06.865+0000] {processor.py:186} INFO - Started process (PID=60857) to work on /home/airflow/.local/lib/python3.12/site-packages/airflow/example_dags/tutorial_taskflow_api_virtualenv.py
[2024-10-22T04:05:06.866+0000] {processor.py:914} INFO - Processing file /home/airflow/.local/lib/python3.12/site-packages/airflow/example_dags/tutorial_taskflow_api_virtualenv.py for tasks to queue
[2024-10-22T04:05:06.868+0000] {logging_mixin.py:190} INFO - [2024-10-22T04:05:06.867+0000] {dagbag.py:588} INFO - Filling up the DagBag from /home/airflow/.local/lib/python3.12/site-packages/airflow/example_dags/tutorial_taskflow_api_virtualenv.py
[2024-10-22T04:05:06.879+0000] {processor.py:925} INFO - DAG(s) 'tutorial_taskflow_api_virtualenv' retrieved from /home/airflow/.local/lib/python3.12/site-packages/airflow/example_dags/tutorial_taskflow_api_virtualenv.py
[2024-10-22T04:05:06.902+0000] {logging_mixin.py:190} INFO - [2024-10-22T04:05:06.901+0000] {dag.py:3239} INFO - Sync 1 DAGs
[2024-10-22T04:05:06.927+0000] {logging_mixin.py:190} INFO - [2024-10-22T04:05:06.927+0000] {dag.py:4180} INFO - Setting next_dagrun for tutorial_taskflow_api_virtualenv to None, run_after=None
[2024-10-22T04:05:06.946+0000] {processor.py:208} INFO - Processing /home/airflow/.local/lib/python3.12/site-packages/airflow/example_dags/tutorial_taskflow_api_virtualenv.py took 0.088 seconds
[2024-10-22T04:05:37.450+0000] {processor.py:186} INFO - Started process (PID=60924) to work on /home/airflow/.local/lib/python3.12/site-packages/airflow/example_dags/tutorial_taskflow_api_virtualenv.py
[2024-10-22T04:05:37.451+0000] {processor.py:914} INFO - Processing file /home/airflow/.local/lib/python3.12/site-packages/airflow/example_dags/tutorial_taskflow_api_virtualenv.py for tasks to queue
[2024-10-22T04:05:37.453+0000] {logging_mixin.py:190} INFO - [2024-10-22T04:05:37.452+0000] {dagbag.py:588} INFO - Filling up the DagBag from /home/airflow/.local/lib/python3.12/site-packages/airflow/example_dags/tutorial_taskflow_api_virtualenv.py
[2024-10-22T04:05:37.465+0000] {processor.py:925} INFO - DAG(s) 'tutorial_taskflow_api_virtualenv' retrieved from /home/airflow/.local/lib/python3.12/site-packages/airflow/example_dags/tutorial_taskflow_api_virtualenv.py
[2024-10-22T04:05:37.488+0000] {logging_mixin.py:190} INFO - [2024-10-22T04:05:37.487+0000] {dag.py:3239} INFO - Sync 1 DAGs
[2024-10-22T04:05:37.504+0000] {logging_mixin.py:190} INFO - [2024-10-22T04:05:37.503+0000] {dag.py:4180} INFO - Setting next_dagrun for tutorial_taskflow_api_virtualenv to None, run_after=None
[2024-10-22T04:05:37.521+0000] {processor.py:208} INFO - Processing /home/airflow/.local/lib/python3.12/site-packages/airflow/example_dags/tutorial_taskflow_api_virtualenv.py took 0.078 seconds
[2024-10-22T04:06:07.686+0000] {processor.py:186} INFO - Started process (PID=60991) to work on /home/airflow/.local/lib/python3.12/site-packages/airflow/example_dags/tutorial_taskflow_api_virtualenv.py
[2024-10-22T04:06:07.687+0000] {processor.py:914} INFO - Processing file /home/airflow/.local/lib/python3.12/site-packages/airflow/example_dags/tutorial_taskflow_api_virtualenv.py for tasks to queue
[2024-10-22T04:06:07.690+0000] {logging_mixin.py:190} INFO - [2024-10-22T04:06:07.689+0000] {dagbag.py:588} INFO - Filling up the DagBag from /home/airflow/.local/lib/python3.12/site-packages/airflow/example_dags/tutorial_taskflow_api_virtualenv.py
[2024-10-22T04:06:07.707+0000] {processor.py:925} INFO - DAG(s) 'tutorial_taskflow_api_virtualenv' retrieved from /home/airflow/.local/lib/python3.12/site-packages/airflow/example_dags/tutorial_taskflow_api_virtualenv.py
[2024-10-22T04:06:07.733+0000] {logging_mixin.py:190} INFO - [2024-10-22T04:06:07.733+0000] {dag.py:3239} INFO - Sync 1 DAGs
[2024-10-22T04:06:07.750+0000] {logging_mixin.py:190} INFO - [2024-10-22T04:06:07.750+0000] {dag.py:4180} INFO - Setting next_dagrun for tutorial_taskflow_api_virtualenv to None, run_after=None
[2024-10-22T04:06:07.771+0000] {processor.py:208} INFO - Processing /home/airflow/.local/lib/python3.12/site-packages/airflow/example_dags/tutorial_taskflow_api_virtualenv.py took 0.092 seconds
[2024-10-22T04:06:38.165+0000] {processor.py:186} INFO - Started process (PID=61058) to work on /home/airflow/.local/lib/python3.12/site-packages/airflow/example_dags/tutorial_taskflow_api_virtualenv.py
[2024-10-22T04:06:38.166+0000] {processor.py:914} INFO - Processing file /home/airflow/.local/lib/python3.12/site-packages/airflow/example_dags/tutorial_taskflow_api_virtualenv.py for tasks to queue
[2024-10-22T04:06:38.168+0000] {logging_mixin.py:190} INFO - [2024-10-22T04:06:38.167+0000] {dagbag.py:588} INFO - Filling up the DagBag from /home/airflow/.local/lib/python3.12/site-packages/airflow/example_dags/tutorial_taskflow_api_virtualenv.py
[2024-10-22T04:06:38.181+0000] {processor.py:925} INFO - DAG(s) 'tutorial_taskflow_api_virtualenv' retrieved from /home/airflow/.local/lib/python3.12/site-packages/airflow/example_dags/tutorial_taskflow_api_virtualenv.py
[2024-10-22T04:06:38.202+0000] {logging_mixin.py:190} INFO - [2024-10-22T04:06:38.202+0000] {dag.py:3239} INFO - Sync 1 DAGs
[2024-10-22T04:06:38.219+0000] {logging_mixin.py:190} INFO - [2024-10-22T04:06:38.218+0000] {dag.py:4180} INFO - Setting next_dagrun for tutorial_taskflow_api_virtualenv to None, run_after=None
[2024-10-22T04:06:38.236+0000] {processor.py:208} INFO - Processing /home/airflow/.local/lib/python3.12/site-packages/airflow/example_dags/tutorial_taskflow_api_virtualenv.py took 0.080 seconds
[2024-10-22T04:07:08.655+0000] {processor.py:186} INFO - Started process (PID=61132) to work on /home/airflow/.local/lib/python3.12/site-packages/airflow/example_dags/tutorial_taskflow_api_virtualenv.py
[2024-10-22T04:07:08.656+0000] {processor.py:914} INFO - Processing file /home/airflow/.local/lib/python3.12/site-packages/airflow/example_dags/tutorial_taskflow_api_virtualenv.py for tasks to queue
[2024-10-22T04:07:08.657+0000] {logging_mixin.py:190} INFO - [2024-10-22T04:07:08.657+0000] {dagbag.py:588} INFO - Filling up the DagBag from /home/airflow/.local/lib/python3.12/site-packages/airflow/example_dags/tutorial_taskflow_api_virtualenv.py
[2024-10-22T04:07:08.674+0000] {processor.py:925} INFO - DAG(s) 'tutorial_taskflow_api_virtualenv' retrieved from /home/airflow/.local/lib/python3.12/site-packages/airflow/example_dags/tutorial_taskflow_api_virtualenv.py
[2024-10-22T04:07:08.700+0000] {logging_mixin.py:190} INFO - [2024-10-22T04:07:08.699+0000] {dag.py:3239} INFO - Sync 1 DAGs
[2024-10-22T04:07:08.717+0000] {logging_mixin.py:190} INFO - [2024-10-22T04:07:08.717+0000] {dag.py:4180} INFO - Setting next_dagrun for tutorial_taskflow_api_virtualenv to None, run_after=None
[2024-10-22T04:07:08.738+0000] {processor.py:208} INFO - Processing /home/airflow/.local/lib/python3.12/site-packages/airflow/example_dags/tutorial_taskflow_api_virtualenv.py took 0.093 seconds
[2024-10-22T04:07:38.994+0000] {processor.py:186} INFO - Started process (PID=61199) to work on /home/airflow/.local/lib/python3.12/site-packages/airflow/example_dags/tutorial_taskflow_api_virtualenv.py
[2024-10-22T04:07:38.995+0000] {processor.py:914} INFO - Processing file /home/airflow/.local/lib/python3.12/site-packages/airflow/example_dags/tutorial_taskflow_api_virtualenv.py for tasks to queue
[2024-10-22T04:07:38.997+0000] {logging_mixin.py:190} INFO - [2024-10-22T04:07:38.996+0000] {dagbag.py:588} INFO - Filling up the DagBag from /home/airflow/.local/lib/python3.12/site-packages/airflow/example_dags/tutorial_taskflow_api_virtualenv.py
[2024-10-22T04:07:39.009+0000] {processor.py:925} INFO - DAG(s) 'tutorial_taskflow_api_virtualenv' retrieved from /home/airflow/.local/lib/python3.12/site-packages/airflow/example_dags/tutorial_taskflow_api_virtualenv.py
[2024-10-22T04:07:39.033+0000] {logging_mixin.py:190} INFO - [2024-10-22T04:07:39.033+0000] {dag.py:3239} INFO - Sync 1 DAGs
[2024-10-22T04:07:39.049+0000] {logging_mixin.py:190} INFO - [2024-10-22T04:07:39.049+0000] {dag.py:4180} INFO - Setting next_dagrun for tutorial_taskflow_api_virtualenv to None, run_after=None
[2024-10-22T04:07:39.066+0000] {processor.py:208} INFO - Processing /home/airflow/.local/lib/python3.12/site-packages/airflow/example_dags/tutorial_taskflow_api_virtualenv.py took 0.080 seconds
[2024-10-22T04:08:09.808+0000] {processor.py:186} INFO - Started process (PID=61266) to work on /home/airflow/.local/lib/python3.12/site-packages/airflow/example_dags/tutorial_taskflow_api_virtualenv.py
[2024-10-22T04:08:09.809+0000] {processor.py:914} INFO - Processing file /home/airflow/.local/lib/python3.12/site-packages/airflow/example_dags/tutorial_taskflow_api_virtualenv.py for tasks to queue
[2024-10-22T04:08:09.810+0000] {logging_mixin.py:190} INFO - [2024-10-22T04:08:09.810+0000] {dagbag.py:588} INFO - Filling up the DagBag from /home/airflow/.local/lib/python3.12/site-packages/airflow/example_dags/tutorial_taskflow_api_virtualenv.py
[2024-10-22T04:08:09.823+0000] {processor.py:925} INFO - DAG(s) 'tutorial_taskflow_api_virtualenv' retrieved from /home/airflow/.local/lib/python3.12/site-packages/airflow/example_dags/tutorial_taskflow_api_virtualenv.py
[2024-10-22T04:08:09.848+0000] {logging_mixin.py:190} INFO - [2024-10-22T04:08:09.848+0000] {dag.py:3239} INFO - Sync 1 DAGs
[2024-10-22T04:08:09.866+0000] {logging_mixin.py:190} INFO - [2024-10-22T04:08:09.866+0000] {dag.py:4180} INFO - Setting next_dagrun for tutorial_taskflow_api_virtualenv to None, run_after=None
[2024-10-22T04:08:09.885+0000] {processor.py:208} INFO - Processing /home/airflow/.local/lib/python3.12/site-packages/airflow/example_dags/tutorial_taskflow_api_virtualenv.py took 0.084 seconds
[2024-10-22T04:08:40.132+0000] {processor.py:186} INFO - Started process (PID=61332) to work on /home/airflow/.local/lib/python3.12/site-packages/airflow/example_dags/tutorial_taskflow_api_virtualenv.py
[2024-10-22T04:08:40.133+0000] {processor.py:914} INFO - Processing file /home/airflow/.local/lib/python3.12/site-packages/airflow/example_dags/tutorial_taskflow_api_virtualenv.py for tasks to queue
[2024-10-22T04:08:40.135+0000] {logging_mixin.py:190} INFO - [2024-10-22T04:08:40.134+0000] {dagbag.py:588} INFO - Filling up the DagBag from /home/airflow/.local/lib/python3.12/site-packages/airflow/example_dags/tutorial_taskflow_api_virtualenv.py
[2024-10-22T04:08:40.149+0000] {processor.py:925} INFO - DAG(s) 'tutorial_taskflow_api_virtualenv' retrieved from /home/airflow/.local/lib/python3.12/site-packages/airflow/example_dags/tutorial_taskflow_api_virtualenv.py
[2024-10-22T04:08:40.175+0000] {logging_mixin.py:190} INFO - [2024-10-22T04:08:40.174+0000] {dag.py:3239} INFO - Sync 1 DAGs
[2024-10-22T04:08:40.197+0000] {logging_mixin.py:190} INFO - [2024-10-22T04:08:40.196+0000] {dag.py:4180} INFO - Setting next_dagrun for tutorial_taskflow_api_virtualenv to None, run_after=None
[2024-10-22T04:08:40.216+0000] {processor.py:208} INFO - Processing /home/airflow/.local/lib/python3.12/site-packages/airflow/example_dags/tutorial_taskflow_api_virtualenv.py took 0.092 seconds
[2024-10-22T04:09:10.803+0000] {processor.py:186} INFO - Started process (PID=61399) to work on /home/airflow/.local/lib/python3.12/site-packages/airflow/example_dags/tutorial_taskflow_api_virtualenv.py
[2024-10-22T04:09:10.805+0000] {processor.py:914} INFO - Processing file /home/airflow/.local/lib/python3.12/site-packages/airflow/example_dags/tutorial_taskflow_api_virtualenv.py for tasks to queue
[2024-10-22T04:09:10.807+0000] {logging_mixin.py:190} INFO - [2024-10-22T04:09:10.806+0000] {dagbag.py:588} INFO - Filling up the DagBag from /home/airflow/.local/lib/python3.12/site-packages/airflow/example_dags/tutorial_taskflow_api_virtualenv.py
[2024-10-22T04:09:10.828+0000] {processor.py:925} INFO - DAG(s) 'tutorial_taskflow_api_virtualenv' retrieved from /home/airflow/.local/lib/python3.12/site-packages/airflow/example_dags/tutorial_taskflow_api_virtualenv.py
[2024-10-22T04:09:10.870+0000] {logging_mixin.py:190} INFO - [2024-10-22T04:09:10.870+0000] {dag.py:3239} INFO - Sync 1 DAGs
[2024-10-22T04:09:10.895+0000] {logging_mixin.py:190} INFO - [2024-10-22T04:09:10.894+0000] {dag.py:4180} INFO - Setting next_dagrun for tutorial_taskflow_api_virtualenv to None, run_after=None
[2024-10-22T04:09:10.919+0000] {processor.py:208} INFO - Processing /home/airflow/.local/lib/python3.12/site-packages/airflow/example_dags/tutorial_taskflow_api_virtualenv.py took 0.129 seconds
[2024-10-22T04:09:41.059+0000] {processor.py:186} INFO - Started process (PID=61466) to work on /home/airflow/.local/lib/python3.12/site-packages/airflow/example_dags/tutorial_taskflow_api_virtualenv.py
[2024-10-22T04:09:41.060+0000] {processor.py:914} INFO - Processing file /home/airflow/.local/lib/python3.12/site-packages/airflow/example_dags/tutorial_taskflow_api_virtualenv.py for tasks to queue
[2024-10-22T04:09:41.062+0000] {logging_mixin.py:190} INFO - [2024-10-22T04:09:41.061+0000] {dagbag.py:588} INFO - Filling up the DagBag from /home/airflow/.local/lib/python3.12/site-packages/airflow/example_dags/tutorial_taskflow_api_virtualenv.py
[2024-10-22T04:09:41.077+0000] {processor.py:925} INFO - DAG(s) 'tutorial_taskflow_api_virtualenv' retrieved from /home/airflow/.local/lib/python3.12/site-packages/airflow/example_dags/tutorial_taskflow_api_virtualenv.py
[2024-10-22T04:09:41.103+0000] {logging_mixin.py:190} INFO - [2024-10-22T04:09:41.103+0000] {dag.py:3239} INFO - Sync 1 DAGs
[2024-10-22T04:09:41.119+0000] {logging_mixin.py:190} INFO - [2024-10-22T04:09:41.119+0000] {dag.py:4180} INFO - Setting next_dagrun for tutorial_taskflow_api_virtualenv to None, run_after=None
[2024-10-22T04:09:41.137+0000] {processor.py:208} INFO - Processing /home/airflow/.local/lib/python3.12/site-packages/airflow/example_dags/tutorial_taskflow_api_virtualenv.py took 0.086 seconds
[2024-10-22T04:10:11.491+0000] {processor.py:186} INFO - Started process (PID=61533) to work on /home/airflow/.local/lib/python3.12/site-packages/airflow/example_dags/tutorial_taskflow_api_virtualenv.py
[2024-10-22T04:10:11.492+0000] {processor.py:914} INFO - Processing file /home/airflow/.local/lib/python3.12/site-packages/airflow/example_dags/tutorial_taskflow_api_virtualenv.py for tasks to queue
[2024-10-22T04:10:11.494+0000] {logging_mixin.py:190} INFO - [2024-10-22T04:10:11.493+0000] {dagbag.py:588} INFO - Filling up the DagBag from /home/airflow/.local/lib/python3.12/site-packages/airflow/example_dags/tutorial_taskflow_api_virtualenv.py
[2024-10-22T04:10:11.507+0000] {processor.py:925} INFO - DAG(s) 'tutorial_taskflow_api_virtualenv' retrieved from /home/airflow/.local/lib/python3.12/site-packages/airflow/example_dags/tutorial_taskflow_api_virtualenv.py
[2024-10-22T04:10:11.532+0000] {logging_mixin.py:190} INFO - [2024-10-22T04:10:11.532+0000] {dag.py:3239} INFO - Sync 1 DAGs
[2024-10-22T04:10:11.552+0000] {logging_mixin.py:190} INFO - [2024-10-22T04:10:11.552+0000] {dag.py:4180} INFO - Setting next_dagrun for tutorial_taskflow_api_virtualenv to None, run_after=None
[2024-10-22T04:10:11.573+0000] {processor.py:208} INFO - Processing /home/airflow/.local/lib/python3.12/site-packages/airflow/example_dags/tutorial_taskflow_api_virtualenv.py took 0.089 seconds
[2024-10-22T04:10:41.701+0000] {processor.py:186} INFO - Started process (PID=61600) to work on /home/airflow/.local/lib/python3.12/site-packages/airflow/example_dags/tutorial_taskflow_api_virtualenv.py
[2024-10-22T04:10:41.702+0000] {processor.py:914} INFO - Processing file /home/airflow/.local/lib/python3.12/site-packages/airflow/example_dags/tutorial_taskflow_api_virtualenv.py for tasks to queue
[2024-10-22T04:10:41.703+0000] {logging_mixin.py:190} INFO - [2024-10-22T04:10:41.703+0000] {dagbag.py:588} INFO - Filling up the DagBag from /home/airflow/.local/lib/python3.12/site-packages/airflow/example_dags/tutorial_taskflow_api_virtualenv.py
[2024-10-22T04:10:41.716+0000] {processor.py:925} INFO - DAG(s) 'tutorial_taskflow_api_virtualenv' retrieved from /home/airflow/.local/lib/python3.12/site-packages/airflow/example_dags/tutorial_taskflow_api_virtualenv.py
[2024-10-22T04:10:41.739+0000] {logging_mixin.py:190} INFO - [2024-10-22T04:10:41.739+0000] {dag.py:3239} INFO - Sync 1 DAGs
[2024-10-22T04:10:41.756+0000] {logging_mixin.py:190} INFO - [2024-10-22T04:10:41.756+0000] {dag.py:4180} INFO - Setting next_dagrun for tutorial_taskflow_api_virtualenv to None, run_after=None
[2024-10-22T04:10:41.774+0000] {processor.py:208} INFO - Processing /home/airflow/.local/lib/python3.12/site-packages/airflow/example_dags/tutorial_taskflow_api_virtualenv.py took 0.081 seconds
[2024-10-22T04:11:12.010+0000] {processor.py:186} INFO - Started process (PID=61667) to work on /home/airflow/.local/lib/python3.12/site-packages/airflow/example_dags/tutorial_taskflow_api_virtualenv.py
[2024-10-22T04:11:12.011+0000] {processor.py:914} INFO - Processing file /home/airflow/.local/lib/python3.12/site-packages/airflow/example_dags/tutorial_taskflow_api_virtualenv.py for tasks to queue
[2024-10-22T04:11:12.013+0000] {logging_mixin.py:190} INFO - [2024-10-22T04:11:12.013+0000] {dagbag.py:588} INFO - Filling up the DagBag from /home/airflow/.local/lib/python3.12/site-packages/airflow/example_dags/tutorial_taskflow_api_virtualenv.py
[2024-10-22T04:11:12.025+0000] {processor.py:925} INFO - DAG(s) 'tutorial_taskflow_api_virtualenv' retrieved from /home/airflow/.local/lib/python3.12/site-packages/airflow/example_dags/tutorial_taskflow_api_virtualenv.py
[2024-10-22T04:11:12.048+0000] {logging_mixin.py:190} INFO - [2024-10-22T04:11:12.047+0000] {dag.py:3239} INFO - Sync 1 DAGs
[2024-10-22T04:11:12.064+0000] {logging_mixin.py:190} INFO - [2024-10-22T04:11:12.063+0000] {dag.py:4180} INFO - Setting next_dagrun for tutorial_taskflow_api_virtualenv to None, run_after=None
[2024-10-22T04:11:12.081+0000] {processor.py:208} INFO - Processing /home/airflow/.local/lib/python3.12/site-packages/airflow/example_dags/tutorial_taskflow_api_virtualenv.py took 0.078 seconds
[2024-10-22T04:11:42.353+0000] {processor.py:186} INFO - Started process (PID=61734) to work on /home/airflow/.local/lib/python3.12/site-packages/airflow/example_dags/tutorial_taskflow_api_virtualenv.py
[2024-10-22T04:11:42.354+0000] {processor.py:914} INFO - Processing file /home/airflow/.local/lib/python3.12/site-packages/airflow/example_dags/tutorial_taskflow_api_virtualenv.py for tasks to queue
[2024-10-22T04:11:42.355+0000] {logging_mixin.py:190} INFO - [2024-10-22T04:11:42.355+0000] {dagbag.py:588} INFO - Filling up the DagBag from /home/airflow/.local/lib/python3.12/site-packages/airflow/example_dags/tutorial_taskflow_api_virtualenv.py
[2024-10-22T04:11:42.368+0000] {processor.py:925} INFO - DAG(s) 'tutorial_taskflow_api_virtualenv' retrieved from /home/airflow/.local/lib/python3.12/site-packages/airflow/example_dags/tutorial_taskflow_api_virtualenv.py
[2024-10-22T04:11:42.390+0000] {logging_mixin.py:190} INFO - [2024-10-22T04:11:42.389+0000] {dag.py:3239} INFO - Sync 1 DAGs
[2024-10-22T04:11:42.408+0000] {logging_mixin.py:190} INFO - [2024-10-22T04:11:42.407+0000] {dag.py:4180} INFO - Setting next_dagrun for tutorial_taskflow_api_virtualenv to None, run_after=None
[2024-10-22T04:11:42.427+0000] {processor.py:208} INFO - Processing /home/airflow/.local/lib/python3.12/site-packages/airflow/example_dags/tutorial_taskflow_api_virtualenv.py took 0.082 seconds
[2024-10-22T04:12:12.529+0000] {processor.py:186} INFO - Started process (PID=61801) to work on /home/airflow/.local/lib/python3.12/site-packages/airflow/example_dags/tutorial_taskflow_api_virtualenv.py
[2024-10-22T04:12:12.530+0000] {processor.py:914} INFO - Processing file /home/airflow/.local/lib/python3.12/site-packages/airflow/example_dags/tutorial_taskflow_api_virtualenv.py for tasks to queue
[2024-10-22T04:12:12.532+0000] {logging_mixin.py:190} INFO - [2024-10-22T04:12:12.531+0000] {dagbag.py:588} INFO - Filling up the DagBag from /home/airflow/.local/lib/python3.12/site-packages/airflow/example_dags/tutorial_taskflow_api_virtualenv.py
[2024-10-22T04:12:12.544+0000] {processor.py:925} INFO - DAG(s) 'tutorial_taskflow_api_virtualenv' retrieved from /home/airflow/.local/lib/python3.12/site-packages/airflow/example_dags/tutorial_taskflow_api_virtualenv.py
[2024-10-22T04:12:12.567+0000] {logging_mixin.py:190} INFO - [2024-10-22T04:12:12.567+0000] {dag.py:3239} INFO - Sync 1 DAGs
[2024-10-22T04:12:12.582+0000] {logging_mixin.py:190} INFO - [2024-10-22T04:12:12.582+0000] {dag.py:4180} INFO - Setting next_dagrun for tutorial_taskflow_api_virtualenv to None, run_after=None
[2024-10-22T04:12:12.600+0000] {processor.py:208} INFO - Processing /home/airflow/.local/lib/python3.12/site-packages/airflow/example_dags/tutorial_taskflow_api_virtualenv.py took 0.079 seconds
[2024-10-22T04:12:42.770+0000] {processor.py:186} INFO - Started process (PID=61868) to work on /home/airflow/.local/lib/python3.12/site-packages/airflow/example_dags/tutorial_taskflow_api_virtualenv.py
[2024-10-22T04:12:42.771+0000] {processor.py:914} INFO - Processing file /home/airflow/.local/lib/python3.12/site-packages/airflow/example_dags/tutorial_taskflow_api_virtualenv.py for tasks to queue
[2024-10-22T04:12:42.773+0000] {logging_mixin.py:190} INFO - [2024-10-22T04:12:42.773+0000] {dagbag.py:588} INFO - Filling up the DagBag from /home/airflow/.local/lib/python3.12/site-packages/airflow/example_dags/tutorial_taskflow_api_virtualenv.py
[2024-10-22T04:12:42.787+0000] {processor.py:925} INFO - DAG(s) 'tutorial_taskflow_api_virtualenv' retrieved from /home/airflow/.local/lib/python3.12/site-packages/airflow/example_dags/tutorial_taskflow_api_virtualenv.py
[2024-10-22T04:12:42.811+0000] {logging_mixin.py:190} INFO - [2024-10-22T04:12:42.811+0000] {dag.py:3239} INFO - Sync 1 DAGs
[2024-10-22T04:12:42.827+0000] {logging_mixin.py:190} INFO - [2024-10-22T04:12:42.827+0000] {dag.py:4180} INFO - Setting next_dagrun for tutorial_taskflow_api_virtualenv to None, run_after=None
[2024-10-22T04:12:42.844+0000] {processor.py:208} INFO - Processing /home/airflow/.local/lib/python3.12/site-packages/airflow/example_dags/tutorial_taskflow_api_virtualenv.py took 0.106 seconds
[2024-10-22T04:13:13.196+0000] {processor.py:186} INFO - Started process (PID=61934) to work on /home/airflow/.local/lib/python3.12/site-packages/airflow/example_dags/tutorial_taskflow_api_virtualenv.py
[2024-10-22T04:13:13.197+0000] {processor.py:914} INFO - Processing file /home/airflow/.local/lib/python3.12/site-packages/airflow/example_dags/tutorial_taskflow_api_virtualenv.py for tasks to queue
[2024-10-22T04:13:13.199+0000] {logging_mixin.py:190} INFO - [2024-10-22T04:13:13.198+0000] {dagbag.py:588} INFO - Filling up the DagBag from /home/airflow/.local/lib/python3.12/site-packages/airflow/example_dags/tutorial_taskflow_api_virtualenv.py
[2024-10-22T04:13:13.211+0000] {processor.py:925} INFO - DAG(s) 'tutorial_taskflow_api_virtualenv' retrieved from /home/airflow/.local/lib/python3.12/site-packages/airflow/example_dags/tutorial_taskflow_api_virtualenv.py
[2024-10-22T04:13:13.235+0000] {logging_mixin.py:190} INFO - [2024-10-22T04:13:13.234+0000] {dag.py:3239} INFO - Sync 1 DAGs
[2024-10-22T04:13:13.251+0000] {logging_mixin.py:190} INFO - [2024-10-22T04:13:13.250+0000] {dag.py:4180} INFO - Setting next_dagrun for tutorial_taskflow_api_virtualenv to None, run_after=None
[2024-10-22T04:13:13.268+0000] {processor.py:208} INFO - Processing /home/airflow/.local/lib/python3.12/site-packages/airflow/example_dags/tutorial_taskflow_api_virtualenv.py took 0.079 seconds
[2024-10-22T04:13:43.762+0000] {processor.py:186} INFO - Started process (PID=62001) to work on /home/airflow/.local/lib/python3.12/site-packages/airflow/example_dags/tutorial_taskflow_api_virtualenv.py
[2024-10-22T04:13:43.763+0000] {processor.py:914} INFO - Processing file /home/airflow/.local/lib/python3.12/site-packages/airflow/example_dags/tutorial_taskflow_api_virtualenv.py for tasks to queue
[2024-10-22T04:13:43.765+0000] {logging_mixin.py:190} INFO - [2024-10-22T04:13:43.764+0000] {dagbag.py:588} INFO - Filling up the DagBag from /home/airflow/.local/lib/python3.12/site-packages/airflow/example_dags/tutorial_taskflow_api_virtualenv.py
[2024-10-22T04:13:43.778+0000] {processor.py:925} INFO - DAG(s) 'tutorial_taskflow_api_virtualenv' retrieved from /home/airflow/.local/lib/python3.12/site-packages/airflow/example_dags/tutorial_taskflow_api_virtualenv.py
[2024-10-22T04:13:43.802+0000] {logging_mixin.py:190} INFO - [2024-10-22T04:13:43.801+0000] {dag.py:3239} INFO - Sync 1 DAGs
[2024-10-22T04:13:43.818+0000] {logging_mixin.py:190} INFO - [2024-10-22T04:13:43.818+0000] {dag.py:4180} INFO - Setting next_dagrun for tutorial_taskflow_api_virtualenv to None, run_after=None
[2024-10-22T04:13:43.836+0000] {processor.py:208} INFO - Processing /home/airflow/.local/lib/python3.12/site-packages/airflow/example_dags/tutorial_taskflow_api_virtualenv.py took 0.082 seconds
[2024-10-22T04:14:14.132+0000] {processor.py:186} INFO - Started process (PID=62068) to work on /home/airflow/.local/lib/python3.12/site-packages/airflow/example_dags/tutorial_taskflow_api_virtualenv.py
[2024-10-22T04:14:14.133+0000] {processor.py:914} INFO - Processing file /home/airflow/.local/lib/python3.12/site-packages/airflow/example_dags/tutorial_taskflow_api_virtualenv.py for tasks to queue
[2024-10-22T04:14:14.134+0000] {logging_mixin.py:190} INFO - [2024-10-22T04:14:14.134+0000] {dagbag.py:588} INFO - Filling up the DagBag from /home/airflow/.local/lib/python3.12/site-packages/airflow/example_dags/tutorial_taskflow_api_virtualenv.py
[2024-10-22T04:14:14.147+0000] {processor.py:925} INFO - DAG(s) 'tutorial_taskflow_api_virtualenv' retrieved from /home/airflow/.local/lib/python3.12/site-packages/airflow/example_dags/tutorial_taskflow_api_virtualenv.py
[2024-10-22T04:14:14.171+0000] {logging_mixin.py:190} INFO - [2024-10-22T04:14:14.170+0000] {dag.py:3239} INFO - Sync 1 DAGs
[2024-10-22T04:14:14.188+0000] {logging_mixin.py:190} INFO - [2024-10-22T04:14:14.188+0000] {dag.py:4180} INFO - Setting next_dagrun for tutorial_taskflow_api_virtualenv to None, run_after=None
[2024-10-22T04:14:14.207+0000] {processor.py:208} INFO - Processing /home/airflow/.local/lib/python3.12/site-packages/airflow/example_dags/tutorial_taskflow_api_virtualenv.py took 0.083 seconds
[2024-10-22T04:14:44.470+0000] {processor.py:186} INFO - Started process (PID=62135) to work on /home/airflow/.local/lib/python3.12/site-packages/airflow/example_dags/tutorial_taskflow_api_virtualenv.py
[2024-10-22T04:14:44.471+0000] {processor.py:914} INFO - Processing file /home/airflow/.local/lib/python3.12/site-packages/airflow/example_dags/tutorial_taskflow_api_virtualenv.py for tasks to queue
[2024-10-22T04:14:44.473+0000] {logging_mixin.py:190} INFO - [2024-10-22T04:14:44.473+0000] {dagbag.py:588} INFO - Filling up the DagBag from /home/airflow/.local/lib/python3.12/site-packages/airflow/example_dags/tutorial_taskflow_api_virtualenv.py
[2024-10-22T04:14:44.500+0000] {processor.py:925} INFO - DAG(s) 'tutorial_taskflow_api_virtualenv' retrieved from /home/airflow/.local/lib/python3.12/site-packages/airflow/example_dags/tutorial_taskflow_api_virtualenv.py
[2024-10-22T04:14:44.529+0000] {logging_mixin.py:190} INFO - [2024-10-22T04:14:44.529+0000] {dag.py:3239} INFO - Sync 1 DAGs
[2024-10-22T04:14:44.554+0000] {logging_mixin.py:190} INFO - [2024-10-22T04:14:44.554+0000] {dag.py:4180} INFO - Setting next_dagrun for tutorial_taskflow_api_virtualenv to None, run_after=None
[2024-10-22T04:14:44.579+0000] {processor.py:208} INFO - Processing /home/airflow/.local/lib/python3.12/site-packages/airflow/example_dags/tutorial_taskflow_api_virtualenv.py took 0.117 seconds
[2024-10-22T04:15:15.163+0000] {processor.py:186} INFO - Started process (PID=62202) to work on /home/airflow/.local/lib/python3.12/site-packages/airflow/example_dags/tutorial_taskflow_api_virtualenv.py
[2024-10-22T04:15:15.164+0000] {processor.py:914} INFO - Processing file /home/airflow/.local/lib/python3.12/site-packages/airflow/example_dags/tutorial_taskflow_api_virtualenv.py for tasks to queue
[2024-10-22T04:15:15.166+0000] {logging_mixin.py:190} INFO - [2024-10-22T04:15:15.165+0000] {dagbag.py:588} INFO - Filling up the DagBag from /home/airflow/.local/lib/python3.12/site-packages/airflow/example_dags/tutorial_taskflow_api_virtualenv.py
[2024-10-22T04:15:15.179+0000] {processor.py:925} INFO - DAG(s) 'tutorial_taskflow_api_virtualenv' retrieved from /home/airflow/.local/lib/python3.12/site-packages/airflow/example_dags/tutorial_taskflow_api_virtualenv.py
[2024-10-22T04:15:15.204+0000] {logging_mixin.py:190} INFO - [2024-10-22T04:15:15.204+0000] {dag.py:3239} INFO - Sync 1 DAGs
[2024-10-22T04:15:15.225+0000] {logging_mixin.py:190} INFO - [2024-10-22T04:15:15.224+0000] {dag.py:4180} INFO - Setting next_dagrun for tutorial_taskflow_api_virtualenv to None, run_after=None
[2024-10-22T04:15:15.243+0000] {processor.py:208} INFO - Processing /home/airflow/.local/lib/python3.12/site-packages/airflow/example_dags/tutorial_taskflow_api_virtualenv.py took 0.088 seconds
[2024-10-22T04:15:45.643+0000] {processor.py:186} INFO - Started process (PID=62268) to work on /home/airflow/.local/lib/python3.12/site-packages/airflow/example_dags/tutorial_taskflow_api_virtualenv.py
[2024-10-22T04:15:45.644+0000] {processor.py:914} INFO - Processing file /home/airflow/.local/lib/python3.12/site-packages/airflow/example_dags/tutorial_taskflow_api_virtualenv.py for tasks to queue
[2024-10-22T04:15:45.645+0000] {logging_mixin.py:190} INFO - [2024-10-22T04:15:45.645+0000] {dagbag.py:588} INFO - Filling up the DagBag from /home/airflow/.local/lib/python3.12/site-packages/airflow/example_dags/tutorial_taskflow_api_virtualenv.py
[2024-10-22T04:15:45.658+0000] {processor.py:925} INFO - DAG(s) 'tutorial_taskflow_api_virtualenv' retrieved from /home/airflow/.local/lib/python3.12/site-packages/airflow/example_dags/tutorial_taskflow_api_virtualenv.py
[2024-10-22T04:15:45.685+0000] {logging_mixin.py:190} INFO - [2024-10-22T04:15:45.685+0000] {dag.py:3239} INFO - Sync 1 DAGs
[2024-10-22T04:15:45.701+0000] {logging_mixin.py:190} INFO - [2024-10-22T04:15:45.701+0000] {dag.py:4180} INFO - Setting next_dagrun for tutorial_taskflow_api_virtualenv to None, run_after=None
[2024-10-22T04:15:45.722+0000] {processor.py:208} INFO - Processing /home/airflow/.local/lib/python3.12/site-packages/airflow/example_dags/tutorial_taskflow_api_virtualenv.py took 0.087 seconds
[2024-10-22T04:16:16.284+0000] {processor.py:186} INFO - Started process (PID=62336) to work on /home/airflow/.local/lib/python3.12/site-packages/airflow/example_dags/tutorial_taskflow_api_virtualenv.py
[2024-10-22T04:16:16.285+0000] {processor.py:914} INFO - Processing file /home/airflow/.local/lib/python3.12/site-packages/airflow/example_dags/tutorial_taskflow_api_virtualenv.py for tasks to queue
[2024-10-22T04:16:16.287+0000] {logging_mixin.py:190} INFO - [2024-10-22T04:16:16.286+0000] {dagbag.py:588} INFO - Filling up the DagBag from /home/airflow/.local/lib/python3.12/site-packages/airflow/example_dags/tutorial_taskflow_api_virtualenv.py
[2024-10-22T04:16:16.301+0000] {processor.py:925} INFO - DAG(s) 'tutorial_taskflow_api_virtualenv' retrieved from /home/airflow/.local/lib/python3.12/site-packages/airflow/example_dags/tutorial_taskflow_api_virtualenv.py
[2024-10-22T04:16:16.328+0000] {logging_mixin.py:190} INFO - [2024-10-22T04:16:16.327+0000] {dag.py:3239} INFO - Sync 1 DAGs
[2024-10-22T04:16:16.348+0000] {logging_mixin.py:190} INFO - [2024-10-22T04:16:16.348+0000] {dag.py:4180} INFO - Setting next_dagrun for tutorial_taskflow_api_virtualenv to None, run_after=None
[2024-10-22T04:16:16.369+0000] {processor.py:208} INFO - Processing /home/airflow/.local/lib/python3.12/site-packages/airflow/example_dags/tutorial_taskflow_api_virtualenv.py took 0.093 seconds
[2024-10-22T04:16:47.045+0000] {processor.py:186} INFO - Started process (PID=62403) to work on /home/airflow/.local/lib/python3.12/site-packages/airflow/example_dags/tutorial_taskflow_api_virtualenv.py
[2024-10-22T04:16:47.046+0000] {processor.py:914} INFO - Processing file /home/airflow/.local/lib/python3.12/site-packages/airflow/example_dags/tutorial_taskflow_api_virtualenv.py for tasks to queue
[2024-10-22T04:16:47.047+0000] {logging_mixin.py:190} INFO - [2024-10-22T04:16:47.047+0000] {dagbag.py:588} INFO - Filling up the DagBag from /home/airflow/.local/lib/python3.12/site-packages/airflow/example_dags/tutorial_taskflow_api_virtualenv.py
[2024-10-22T04:16:47.060+0000] {processor.py:925} INFO - DAG(s) 'tutorial_taskflow_api_virtualenv' retrieved from /home/airflow/.local/lib/python3.12/site-packages/airflow/example_dags/tutorial_taskflow_api_virtualenv.py
[2024-10-22T04:16:47.088+0000] {logging_mixin.py:190} INFO - [2024-10-22T04:16:47.088+0000] {dag.py:3239} INFO - Sync 1 DAGs
[2024-10-22T04:16:47.105+0000] {logging_mixin.py:190} INFO - [2024-10-22T04:16:47.105+0000] {dag.py:4180} INFO - Setting next_dagrun for tutorial_taskflow_api_virtualenv to None, run_after=None
[2024-10-22T04:16:47.122+0000] {processor.py:208} INFO - Processing /home/airflow/.local/lib/python3.12/site-packages/airflow/example_dags/tutorial_taskflow_api_virtualenv.py took 0.085 seconds
[2024-10-22T04:17:17.967+0000] {processor.py:186} INFO - Started process (PID=62470) to work on /home/airflow/.local/lib/python3.12/site-packages/airflow/example_dags/tutorial_taskflow_api_virtualenv.py
[2024-10-22T04:17:17.968+0000] {processor.py:914} INFO - Processing file /home/airflow/.local/lib/python3.12/site-packages/airflow/example_dags/tutorial_taskflow_api_virtualenv.py for tasks to queue
[2024-10-22T04:17:17.970+0000] {logging_mixin.py:190} INFO - [2024-10-22T04:17:17.970+0000] {dagbag.py:588} INFO - Filling up the DagBag from /home/airflow/.local/lib/python3.12/site-packages/airflow/example_dags/tutorial_taskflow_api_virtualenv.py
[2024-10-22T04:17:17.982+0000] {processor.py:925} INFO - DAG(s) 'tutorial_taskflow_api_virtualenv' retrieved from /home/airflow/.local/lib/python3.12/site-packages/airflow/example_dags/tutorial_taskflow_api_virtualenv.py
[2024-10-22T04:17:18.004+0000] {logging_mixin.py:190} INFO - [2024-10-22T04:17:18.004+0000] {dag.py:3239} INFO - Sync 1 DAGs
[2024-10-22T04:17:18.020+0000] {logging_mixin.py:190} INFO - [2024-10-22T04:17:18.020+0000] {dag.py:4180} INFO - Setting next_dagrun for tutorial_taskflow_api_virtualenv to None, run_after=None
[2024-10-22T04:17:18.037+0000] {processor.py:208} INFO - Processing /home/airflow/.local/lib/python3.12/site-packages/airflow/example_dags/tutorial_taskflow_api_virtualenv.py took 0.077 seconds
[2024-10-22T04:17:48.792+0000] {processor.py:186} INFO - Started process (PID=62537) to work on /home/airflow/.local/lib/python3.12/site-packages/airflow/example_dags/tutorial_taskflow_api_virtualenv.py
[2024-10-22T04:17:48.794+0000] {processor.py:914} INFO - Processing file /home/airflow/.local/lib/python3.12/site-packages/airflow/example_dags/tutorial_taskflow_api_virtualenv.py for tasks to queue
[2024-10-22T04:17:48.795+0000] {logging_mixin.py:190} INFO - [2024-10-22T04:17:48.795+0000] {dagbag.py:588} INFO - Filling up the DagBag from /home/airflow/.local/lib/python3.12/site-packages/airflow/example_dags/tutorial_taskflow_api_virtualenv.py
[2024-10-22T04:17:48.807+0000] {processor.py:925} INFO - DAG(s) 'tutorial_taskflow_api_virtualenv' retrieved from /home/airflow/.local/lib/python3.12/site-packages/airflow/example_dags/tutorial_taskflow_api_virtualenv.py
[2024-10-22T04:17:48.831+0000] {logging_mixin.py:190} INFO - [2024-10-22T04:17:48.831+0000] {dag.py:3239} INFO - Sync 1 DAGs
[2024-10-22T04:17:48.850+0000] {logging_mixin.py:190} INFO - [2024-10-22T04:17:48.850+0000] {dag.py:4180} INFO - Setting next_dagrun for tutorial_taskflow_api_virtualenv to None, run_after=None
[2024-10-22T04:17:48.869+0000] {processor.py:208} INFO - Processing /home/airflow/.local/lib/python3.12/site-packages/airflow/example_dags/tutorial_taskflow_api_virtualenv.py took 0.085 seconds
[2024-10-22T04:18:19.764+0000] {processor.py:186} INFO - Started process (PID=62604) to work on /home/airflow/.local/lib/python3.12/site-packages/airflow/example_dags/tutorial_taskflow_api_virtualenv.py
[2024-10-22T04:18:19.766+0000] {processor.py:914} INFO - Processing file /home/airflow/.local/lib/python3.12/site-packages/airflow/example_dags/tutorial_taskflow_api_virtualenv.py for tasks to queue
[2024-10-22T04:18:19.767+0000] {logging_mixin.py:190} INFO - [2024-10-22T04:18:19.767+0000] {dagbag.py:588} INFO - Filling up the DagBag from /home/airflow/.local/lib/python3.12/site-packages/airflow/example_dags/tutorial_taskflow_api_virtualenv.py
[2024-10-22T04:18:19.783+0000] {processor.py:925} INFO - DAG(s) 'tutorial_taskflow_api_virtualenv' retrieved from /home/airflow/.local/lib/python3.12/site-packages/airflow/example_dags/tutorial_taskflow_api_virtualenv.py
[2024-10-22T04:18:19.807+0000] {logging_mixin.py:190} INFO - [2024-10-22T04:18:19.807+0000] {dag.py:3239} INFO - Sync 1 DAGs
[2024-10-22T04:18:19.825+0000] {logging_mixin.py:190} INFO - [2024-10-22T04:18:19.825+0000] {dag.py:4180} INFO - Setting next_dagrun for tutorial_taskflow_api_virtualenv to None, run_after=None
[2024-10-22T04:18:19.868+0000] {processor.py:208} INFO - Processing /home/airflow/.local/lib/python3.12/site-packages/airflow/example_dags/tutorial_taskflow_api_virtualenv.py took 0.111 seconds
[2024-10-22T04:18:50.266+0000] {processor.py:186} INFO - Started process (PID=62671) to work on /home/airflow/.local/lib/python3.12/site-packages/airflow/example_dags/tutorial_taskflow_api_virtualenv.py
[2024-10-22T04:18:50.266+0000] {processor.py:914} INFO - Processing file /home/airflow/.local/lib/python3.12/site-packages/airflow/example_dags/tutorial_taskflow_api_virtualenv.py for tasks to queue
[2024-10-22T04:18:50.268+0000] {logging_mixin.py:190} INFO - [2024-10-22T04:18:50.267+0000] {dagbag.py:588} INFO - Filling up the DagBag from /home/airflow/.local/lib/python3.12/site-packages/airflow/example_dags/tutorial_taskflow_api_virtualenv.py
[2024-10-22T04:18:50.282+0000] {processor.py:925} INFO - DAG(s) 'tutorial_taskflow_api_virtualenv' retrieved from /home/airflow/.local/lib/python3.12/site-packages/airflow/example_dags/tutorial_taskflow_api_virtualenv.py
[2024-10-22T04:18:50.307+0000] {logging_mixin.py:190} INFO - [2024-10-22T04:18:50.306+0000] {dag.py:3239} INFO - Sync 1 DAGs
[2024-10-22T04:18:50.328+0000] {logging_mixin.py:190} INFO - [2024-10-22T04:18:50.328+0000] {dag.py:4180} INFO - Setting next_dagrun for tutorial_taskflow_api_virtualenv to None, run_after=None
[2024-10-22T04:18:50.362+0000] {processor.py:208} INFO - Processing /home/airflow/.local/lib/python3.12/site-packages/airflow/example_dags/tutorial_taskflow_api_virtualenv.py took 0.103 seconds
[2024-10-22T04:19:20.832+0000] {processor.py:186} INFO - Started process (PID=62738) to work on /home/airflow/.local/lib/python3.12/site-packages/airflow/example_dags/tutorial_taskflow_api_virtualenv.py
[2024-10-22T04:19:20.833+0000] {processor.py:914} INFO - Processing file /home/airflow/.local/lib/python3.12/site-packages/airflow/example_dags/tutorial_taskflow_api_virtualenv.py for tasks to queue
[2024-10-22T04:19:20.835+0000] {logging_mixin.py:190} INFO - [2024-10-22T04:19:20.834+0000] {dagbag.py:588} INFO - Filling up the DagBag from /home/airflow/.local/lib/python3.12/site-packages/airflow/example_dags/tutorial_taskflow_api_virtualenv.py
[2024-10-22T04:19:20.846+0000] {processor.py:925} INFO - DAG(s) 'tutorial_taskflow_api_virtualenv' retrieved from /home/airflow/.local/lib/python3.12/site-packages/airflow/example_dags/tutorial_taskflow_api_virtualenv.py
[2024-10-22T04:19:20.870+0000] {logging_mixin.py:190} INFO - [2024-10-22T04:19:20.869+0000] {dag.py:3239} INFO - Sync 1 DAGs
[2024-10-22T04:19:20.886+0000] {logging_mixin.py:190} INFO - [2024-10-22T04:19:20.885+0000] {dag.py:4180} INFO - Setting next_dagrun for tutorial_taskflow_api_virtualenv to None, run_after=None
[2024-10-22T04:19:20.905+0000] {processor.py:208} INFO - Processing /home/airflow/.local/lib/python3.12/site-packages/airflow/example_dags/tutorial_taskflow_api_virtualenv.py took 0.080 seconds
[2024-10-22T04:19:51.274+0000] {processor.py:186} INFO - Started process (PID=62804) to work on /home/airflow/.local/lib/python3.12/site-packages/airflow/example_dags/tutorial_taskflow_api_virtualenv.py
[2024-10-22T04:19:51.275+0000] {processor.py:914} INFO - Processing file /home/airflow/.local/lib/python3.12/site-packages/airflow/example_dags/tutorial_taskflow_api_virtualenv.py for tasks to queue
[2024-10-22T04:19:51.276+0000] {logging_mixin.py:190} INFO - [2024-10-22T04:19:51.276+0000] {dagbag.py:588} INFO - Filling up the DagBag from /home/airflow/.local/lib/python3.12/site-packages/airflow/example_dags/tutorial_taskflow_api_virtualenv.py
[2024-10-22T04:19:51.288+0000] {processor.py:925} INFO - DAG(s) 'tutorial_taskflow_api_virtualenv' retrieved from /home/airflow/.local/lib/python3.12/site-packages/airflow/example_dags/tutorial_taskflow_api_virtualenv.py
[2024-10-22T04:19:51.310+0000] {logging_mixin.py:190} INFO - [2024-10-22T04:19:51.310+0000] {dag.py:3239} INFO - Sync 1 DAGs
[2024-10-22T04:19:51.345+0000] {logging_mixin.py:190} INFO - [2024-10-22T04:19:51.344+0000] {dag.py:4180} INFO - Setting next_dagrun for tutorial_taskflow_api_virtualenv to None, run_after=None
[2024-10-22T04:19:51.368+0000] {processor.py:208} INFO - Processing /home/airflow/.local/lib/python3.12/site-packages/airflow/example_dags/tutorial_taskflow_api_virtualenv.py took 0.101 seconds
[2024-10-22T04:20:22.200+0000] {processor.py:186} INFO - Started process (PID=62871) to work on /home/airflow/.local/lib/python3.12/site-packages/airflow/example_dags/tutorial_taskflow_api_virtualenv.py
[2024-10-22T04:20:22.201+0000] {processor.py:914} INFO - Processing file /home/airflow/.local/lib/python3.12/site-packages/airflow/example_dags/tutorial_taskflow_api_virtualenv.py for tasks to queue
[2024-10-22T04:20:22.203+0000] {logging_mixin.py:190} INFO - [2024-10-22T04:20:22.202+0000] {dagbag.py:588} INFO - Filling up the DagBag from /home/airflow/.local/lib/python3.12/site-packages/airflow/example_dags/tutorial_taskflow_api_virtualenv.py
[2024-10-22T04:20:22.217+0000] {processor.py:925} INFO - DAG(s) 'tutorial_taskflow_api_virtualenv' retrieved from /home/airflow/.local/lib/python3.12/site-packages/airflow/example_dags/tutorial_taskflow_api_virtualenv.py
[2024-10-22T04:20:22.246+0000] {logging_mixin.py:190} INFO - [2024-10-22T04:20:22.246+0000] {dag.py:3239} INFO - Sync 1 DAGs
[2024-10-22T04:20:22.266+0000] {logging_mixin.py:190} INFO - [2024-10-22T04:20:22.266+0000] {dag.py:4180} INFO - Setting next_dagrun for tutorial_taskflow_api_virtualenv to None, run_after=None
[2024-10-22T04:20:22.288+0000] {processor.py:208} INFO - Processing /home/airflow/.local/lib/python3.12/site-packages/airflow/example_dags/tutorial_taskflow_api_virtualenv.py took 0.097 seconds
[2024-10-22T04:20:52.625+0000] {processor.py:186} INFO - Started process (PID=62939) to work on /home/airflow/.local/lib/python3.12/site-packages/airflow/example_dags/tutorial_taskflow_api_virtualenv.py
[2024-10-22T04:20:52.626+0000] {processor.py:914} INFO - Processing file /home/airflow/.local/lib/python3.12/site-packages/airflow/example_dags/tutorial_taskflow_api_virtualenv.py for tasks to queue
[2024-10-22T04:20:52.628+0000] {logging_mixin.py:190} INFO - [2024-10-22T04:20:52.627+0000] {dagbag.py:588} INFO - Filling up the DagBag from /home/airflow/.local/lib/python3.12/site-packages/airflow/example_dags/tutorial_taskflow_api_virtualenv.py
[2024-10-22T04:20:52.643+0000] {processor.py:925} INFO - DAG(s) 'tutorial_taskflow_api_virtualenv' retrieved from /home/airflow/.local/lib/python3.12/site-packages/airflow/example_dags/tutorial_taskflow_api_virtualenv.py
[2024-10-22T04:20:52.673+0000] {logging_mixin.py:190} INFO - [2024-10-22T04:20:52.673+0000] {dag.py:3239} INFO - Sync 1 DAGs
[2024-10-22T04:20:52.693+0000] {logging_mixin.py:190} INFO - [2024-10-22T04:20:52.693+0000] {dag.py:4180} INFO - Setting next_dagrun for tutorial_taskflow_api_virtualenv to None, run_after=None
[2024-10-22T04:20:52.716+0000] {processor.py:208} INFO - Processing /home/airflow/.local/lib/python3.12/site-packages/airflow/example_dags/tutorial_taskflow_api_virtualenv.py took 0.101 seconds
[2024-10-22T04:21:22.875+0000] {processor.py:186} INFO - Started process (PID=63006) to work on /home/airflow/.local/lib/python3.12/site-packages/airflow/example_dags/tutorial_taskflow_api_virtualenv.py
[2024-10-22T04:21:22.877+0000] {processor.py:914} INFO - Processing file /home/airflow/.local/lib/python3.12/site-packages/airflow/example_dags/tutorial_taskflow_api_virtualenv.py for tasks to queue
[2024-10-22T04:21:22.879+0000] {logging_mixin.py:190} INFO - [2024-10-22T04:21:22.878+0000] {dagbag.py:588} INFO - Filling up the DagBag from /home/airflow/.local/lib/python3.12/site-packages/airflow/example_dags/tutorial_taskflow_api_virtualenv.py
[2024-10-22T04:21:22.894+0000] {processor.py:925} INFO - DAG(s) 'tutorial_taskflow_api_virtualenv' retrieved from /home/airflow/.local/lib/python3.12/site-packages/airflow/example_dags/tutorial_taskflow_api_virtualenv.py
[2024-10-22T04:21:22.919+0000] {logging_mixin.py:190} INFO - [2024-10-22T04:21:22.919+0000] {dag.py:3239} INFO - Sync 1 DAGs
[2024-10-22T04:21:22.936+0000] {logging_mixin.py:190} INFO - [2024-10-22T04:21:22.936+0000] {dag.py:4180} INFO - Setting next_dagrun for tutorial_taskflow_api_virtualenv to None, run_after=None
[2024-10-22T04:21:22.955+0000] {processor.py:208} INFO - Processing /home/airflow/.local/lib/python3.12/site-packages/airflow/example_dags/tutorial_taskflow_api_virtualenv.py took 0.089 seconds
[2024-10-22T04:21:53.180+0000] {processor.py:186} INFO - Started process (PID=63073) to work on /home/airflow/.local/lib/python3.12/site-packages/airflow/example_dags/tutorial_taskflow_api_virtualenv.py
[2024-10-22T04:21:53.181+0000] {processor.py:914} INFO - Processing file /home/airflow/.local/lib/python3.12/site-packages/airflow/example_dags/tutorial_taskflow_api_virtualenv.py for tasks to queue
[2024-10-22T04:21:53.183+0000] {logging_mixin.py:190} INFO - [2024-10-22T04:21:53.182+0000] {dagbag.py:588} INFO - Filling up the DagBag from /home/airflow/.local/lib/python3.12/site-packages/airflow/example_dags/tutorial_taskflow_api_virtualenv.py
[2024-10-22T04:21:53.195+0000] {processor.py:925} INFO - DAG(s) 'tutorial_taskflow_api_virtualenv' retrieved from /home/airflow/.local/lib/python3.12/site-packages/airflow/example_dags/tutorial_taskflow_api_virtualenv.py
[2024-10-22T04:21:53.219+0000] {logging_mixin.py:190} INFO - [2024-10-22T04:21:53.219+0000] {dag.py:3239} INFO - Sync 1 DAGs
[2024-10-22T04:21:53.236+0000] {logging_mixin.py:190} INFO - [2024-10-22T04:21:53.236+0000] {dag.py:4180} INFO - Setting next_dagrun for tutorial_taskflow_api_virtualenv to None, run_after=None
[2024-10-22T04:21:53.255+0000] {processor.py:208} INFO - Processing /home/airflow/.local/lib/python3.12/site-packages/airflow/example_dags/tutorial_taskflow_api_virtualenv.py took 0.083 seconds
[2024-10-22T04:22:23.967+0000] {processor.py:186} INFO - Started process (PID=63140) to work on /home/airflow/.local/lib/python3.12/site-packages/airflow/example_dags/tutorial_taskflow_api_virtualenv.py
[2024-10-22T04:22:23.968+0000] {processor.py:914} INFO - Processing file /home/airflow/.local/lib/python3.12/site-packages/airflow/example_dags/tutorial_taskflow_api_virtualenv.py for tasks to queue
[2024-10-22T04:22:23.970+0000] {logging_mixin.py:190} INFO - [2024-10-22T04:22:23.970+0000] {dagbag.py:588} INFO - Filling up the DagBag from /home/airflow/.local/lib/python3.12/site-packages/airflow/example_dags/tutorial_taskflow_api_virtualenv.py
[2024-10-22T04:22:23.989+0000] {processor.py:925} INFO - DAG(s) 'tutorial_taskflow_api_virtualenv' retrieved from /home/airflow/.local/lib/python3.12/site-packages/airflow/example_dags/tutorial_taskflow_api_virtualenv.py
[2024-10-22T04:22:24.021+0000] {logging_mixin.py:190} INFO - [2024-10-22T04:22:24.021+0000] {dag.py:3239} INFO - Sync 1 DAGs
[2024-10-22T04:22:24.045+0000] {logging_mixin.py:190} INFO - [2024-10-22T04:22:24.044+0000] {dag.py:4180} INFO - Setting next_dagrun for tutorial_taskflow_api_virtualenv to None, run_after=None
[2024-10-22T04:22:24.068+0000] {processor.py:208} INFO - Processing /home/airflow/.local/lib/python3.12/site-packages/airflow/example_dags/tutorial_taskflow_api_virtualenv.py took 0.112 seconds
[2024-10-22T04:22:55.244+0000] {processor.py:186} INFO - Started process (PID=63206) to work on /home/airflow/.local/lib/python3.12/site-packages/airflow/example_dags/tutorial_taskflow_api_virtualenv.py
[2024-10-22T04:22:55.246+0000] {processor.py:914} INFO - Processing file /home/airflow/.local/lib/python3.12/site-packages/airflow/example_dags/tutorial_taskflow_api_virtualenv.py for tasks to queue
[2024-10-22T04:22:55.248+0000] {logging_mixin.py:190} INFO - [2024-10-22T04:22:55.248+0000] {dagbag.py:588} INFO - Filling up the DagBag from /home/airflow/.local/lib/python3.12/site-packages/airflow/example_dags/tutorial_taskflow_api_virtualenv.py
[2024-10-22T04:22:55.271+0000] {processor.py:925} INFO - DAG(s) 'tutorial_taskflow_api_virtualenv' retrieved from /home/airflow/.local/lib/python3.12/site-packages/airflow/example_dags/tutorial_taskflow_api_virtualenv.py
[2024-10-22T04:22:55.311+0000] {logging_mixin.py:190} INFO - [2024-10-22T04:22:55.310+0000] {dag.py:3239} INFO - Sync 1 DAGs
[2024-10-22T04:22:55.336+0000] {logging_mixin.py:190} INFO - [2024-10-22T04:22:55.336+0000] {dag.py:4180} INFO - Setting next_dagrun for tutorial_taskflow_api_virtualenv to None, run_after=None
[2024-10-22T04:22:55.364+0000] {processor.py:208} INFO - Processing /home/airflow/.local/lib/python3.12/site-packages/airflow/example_dags/tutorial_taskflow_api_virtualenv.py took 0.134 seconds
[2024-10-22T04:23:26.481+0000] {processor.py:186} INFO - Started process (PID=63272) to work on /home/airflow/.local/lib/python3.12/site-packages/airflow/example_dags/tutorial_taskflow_api_virtualenv.py
[2024-10-22T04:23:26.484+0000] {processor.py:914} INFO - Processing file /home/airflow/.local/lib/python3.12/site-packages/airflow/example_dags/tutorial_taskflow_api_virtualenv.py for tasks to queue
[2024-10-22T04:23:26.488+0000] {logging_mixin.py:190} INFO - [2024-10-22T04:23:26.487+0000] {dagbag.py:588} INFO - Filling up the DagBag from /home/airflow/.local/lib/python3.12/site-packages/airflow/example_dags/tutorial_taskflow_api_virtualenv.py
[2024-10-22T04:23:26.520+0000] {processor.py:925} INFO - DAG(s) 'tutorial_taskflow_api_virtualenv' retrieved from /home/airflow/.local/lib/python3.12/site-packages/airflow/example_dags/tutorial_taskflow_api_virtualenv.py
[2024-10-22T04:23:26.575+0000] {logging_mixin.py:190} INFO - [2024-10-22T04:23:26.574+0000] {dag.py:3239} INFO - Sync 1 DAGs
[2024-10-22T04:23:26.615+0000] {logging_mixin.py:190} INFO - [2024-10-22T04:23:26.615+0000] {dag.py:4180} INFO - Setting next_dagrun for tutorial_taskflow_api_virtualenv to None, run_after=None
[2024-10-22T04:23:26.654+0000] {processor.py:208} INFO - Processing /home/airflow/.local/lib/python3.12/site-packages/airflow/example_dags/tutorial_taskflow_api_virtualenv.py took 0.217 seconds
[2024-10-22T04:23:57.849+0000] {processor.py:186} INFO - Started process (PID=63339) to work on /home/airflow/.local/lib/python3.12/site-packages/airflow/example_dags/tutorial_taskflow_api_virtualenv.py
[2024-10-22T04:23:57.854+0000] {processor.py:914} INFO - Processing file /home/airflow/.local/lib/python3.12/site-packages/airflow/example_dags/tutorial_taskflow_api_virtualenv.py for tasks to queue
[2024-10-22T04:23:57.859+0000] {logging_mixin.py:190} INFO - [2024-10-22T04:23:57.857+0000] {dagbag.py:588} INFO - Filling up the DagBag from /home/airflow/.local/lib/python3.12/site-packages/airflow/example_dags/tutorial_taskflow_api_virtualenv.py
[2024-10-22T04:23:57.972+0000] {processor.py:925} INFO - DAG(s) 'tutorial_taskflow_api_virtualenv' retrieved from /home/airflow/.local/lib/python3.12/site-packages/airflow/example_dags/tutorial_taskflow_api_virtualenv.py
[2024-10-22T04:23:58.121+0000] {logging_mixin.py:190} INFO - [2024-10-22T04:23:58.118+0000] {dag.py:3239} INFO - Sync 1 DAGs
[2024-10-22T04:23:58.213+0000] {logging_mixin.py:190} INFO - [2024-10-22T04:23:58.212+0000] {dag.py:4180} INFO - Setting next_dagrun for tutorial_taskflow_api_virtualenv to None, run_after=None
[2024-10-22T04:23:58.296+0000] {processor.py:208} INFO - Processing /home/airflow/.local/lib/python3.12/site-packages/airflow/example_dags/tutorial_taskflow_api_virtualenv.py took 0.482 seconds
[2024-10-22T04:24:30.993+0000] {processor.py:186} INFO - Started process (PID=63405) to work on /home/airflow/.local/lib/python3.12/site-packages/airflow/example_dags/tutorial_taskflow_api_virtualenv.py
[2024-10-22T04:24:31.001+0000] {processor.py:914} INFO - Processing file /home/airflow/.local/lib/python3.12/site-packages/airflow/example_dags/tutorial_taskflow_api_virtualenv.py for tasks to queue
[2024-10-22T04:24:31.009+0000] {logging_mixin.py:190} INFO - [2024-10-22T04:24:31.007+0000] {dagbag.py:588} INFO - Filling up the DagBag from /home/airflow/.local/lib/python3.12/site-packages/airflow/example_dags/tutorial_taskflow_api_virtualenv.py
[2024-10-22T04:24:31.069+0000] {processor.py:925} INFO - DAG(s) 'tutorial_taskflow_api_virtualenv' retrieved from /home/airflow/.local/lib/python3.12/site-packages/airflow/example_dags/tutorial_taskflow_api_virtualenv.py
[2024-10-22T04:24:31.194+0000] {logging_mixin.py:190} INFO - [2024-10-22T04:24:31.192+0000] {dag.py:3239} INFO - Sync 1 DAGs
[2024-10-22T04:24:31.305+0000] {logging_mixin.py:190} INFO - [2024-10-22T04:24:31.304+0000] {dag.py:4180} INFO - Setting next_dagrun for tutorial_taskflow_api_virtualenv to None, run_after=None
[2024-10-22T04:24:31.479+0000] {processor.py:208} INFO - Processing /home/airflow/.local/lib/python3.12/site-packages/airflow/example_dags/tutorial_taskflow_api_virtualenv.py took 0.544 seconds
[2024-10-22T04:25:02.005+0000] {processor.py:186} INFO - Started process (PID=63472) to work on /home/airflow/.local/lib/python3.12/site-packages/airflow/example_dags/tutorial_taskflow_api_virtualenv.py
[2024-10-22T04:25:02.009+0000] {processor.py:914} INFO - Processing file /home/airflow/.local/lib/python3.12/site-packages/airflow/example_dags/tutorial_taskflow_api_virtualenv.py for tasks to queue
[2024-10-22T04:25:02.015+0000] {logging_mixin.py:190} INFO - [2024-10-22T04:25:02.014+0000] {dagbag.py:588} INFO - Filling up the DagBag from /home/airflow/.local/lib/python3.12/site-packages/airflow/example_dags/tutorial_taskflow_api_virtualenv.py
[2024-10-22T04:25:02.064+0000] {processor.py:925} INFO - DAG(s) 'tutorial_taskflow_api_virtualenv' retrieved from /home/airflow/.local/lib/python3.12/site-packages/airflow/example_dags/tutorial_taskflow_api_virtualenv.py
[2024-10-22T04:25:02.148+0000] {logging_mixin.py:190} INFO - [2024-10-22T04:25:02.147+0000] {dag.py:3239} INFO - Sync 1 DAGs
[2024-10-22T04:25:02.219+0000] {logging_mixin.py:190} INFO - [2024-10-22T04:25:02.218+0000] {dag.py:4180} INFO - Setting next_dagrun for tutorial_taskflow_api_virtualenv to None, run_after=None
[2024-10-22T04:25:02.327+0000] {processor.py:208} INFO - Processing /home/airflow/.local/lib/python3.12/site-packages/airflow/example_dags/tutorial_taskflow_api_virtualenv.py took 0.366 seconds
[2024-10-22T04:25:33.097+0000] {processor.py:186} INFO - Started process (PID=63539) to work on /home/airflow/.local/lib/python3.12/site-packages/airflow/example_dags/tutorial_taskflow_api_virtualenv.py
[2024-10-22T04:25:33.100+0000] {processor.py:914} INFO - Processing file /home/airflow/.local/lib/python3.12/site-packages/airflow/example_dags/tutorial_taskflow_api_virtualenv.py for tasks to queue
[2024-10-22T04:25:33.103+0000] {logging_mixin.py:190} INFO - [2024-10-22T04:25:33.102+0000] {dagbag.py:588} INFO - Filling up the DagBag from /home/airflow/.local/lib/python3.12/site-packages/airflow/example_dags/tutorial_taskflow_api_virtualenv.py
[2024-10-22T04:25:33.137+0000] {processor.py:925} INFO - DAG(s) 'tutorial_taskflow_api_virtualenv' retrieved from /home/airflow/.local/lib/python3.12/site-packages/airflow/example_dags/tutorial_taskflow_api_virtualenv.py
[2024-10-22T04:25:33.198+0000] {logging_mixin.py:190} INFO - [2024-10-22T04:25:33.197+0000] {dag.py:3239} INFO - Sync 1 DAGs
[2024-10-22T04:25:33.239+0000] {logging_mixin.py:190} INFO - [2024-10-22T04:25:33.238+0000] {dag.py:4180} INFO - Setting next_dagrun for tutorial_taskflow_api_virtualenv to None, run_after=None
[2024-10-22T04:25:33.281+0000] {processor.py:208} INFO - Processing /home/airflow/.local/lib/python3.12/site-packages/airflow/example_dags/tutorial_taskflow_api_virtualenv.py took 0.201 seconds
[2024-10-22T04:26:04.064+0000] {processor.py:186} INFO - Started process (PID=63606) to work on /home/airflow/.local/lib/python3.12/site-packages/airflow/example_dags/tutorial_taskflow_api_virtualenv.py
[2024-10-22T04:26:04.066+0000] {processor.py:914} INFO - Processing file /home/airflow/.local/lib/python3.12/site-packages/airflow/example_dags/tutorial_taskflow_api_virtualenv.py for tasks to queue
[2024-10-22T04:26:04.069+0000] {logging_mixin.py:190} INFO - [2024-10-22T04:26:04.068+0000] {dagbag.py:588} INFO - Filling up the DagBag from /home/airflow/.local/lib/python3.12/site-packages/airflow/example_dags/tutorial_taskflow_api_virtualenv.py
[2024-10-22T04:26:04.093+0000] {processor.py:925} INFO - DAG(s) 'tutorial_taskflow_api_virtualenv' retrieved from /home/airflow/.local/lib/python3.12/site-packages/airflow/example_dags/tutorial_taskflow_api_virtualenv.py
[2024-10-22T04:26:04.131+0000] {logging_mixin.py:190} INFO - [2024-10-22T04:26:04.130+0000] {dag.py:3239} INFO - Sync 1 DAGs
[2024-10-22T04:26:04.161+0000] {logging_mixin.py:190} INFO - [2024-10-22T04:26:04.161+0000] {dag.py:4180} INFO - Setting next_dagrun for tutorial_taskflow_api_virtualenv to None, run_after=None
[2024-10-22T04:26:04.194+0000] {processor.py:208} INFO - Processing /home/airflow/.local/lib/python3.12/site-packages/airflow/example_dags/tutorial_taskflow_api_virtualenv.py took 0.145 seconds
[2024-10-22T04:26:34.604+0000] {processor.py:186} INFO - Started process (PID=63672) to work on /home/airflow/.local/lib/python3.12/site-packages/airflow/example_dags/tutorial_taskflow_api_virtualenv.py
[2024-10-22T04:26:34.607+0000] {processor.py:914} INFO - Processing file /home/airflow/.local/lib/python3.12/site-packages/airflow/example_dags/tutorial_taskflow_api_virtualenv.py for tasks to queue
[2024-10-22T04:26:34.610+0000] {logging_mixin.py:190} INFO - [2024-10-22T04:26:34.609+0000] {dagbag.py:588} INFO - Filling up the DagBag from /home/airflow/.local/lib/python3.12/site-packages/airflow/example_dags/tutorial_taskflow_api_virtualenv.py
[2024-10-22T04:26:34.636+0000] {processor.py:925} INFO - DAG(s) 'tutorial_taskflow_api_virtualenv' retrieved from /home/airflow/.local/lib/python3.12/site-packages/airflow/example_dags/tutorial_taskflow_api_virtualenv.py
[2024-10-22T04:26:34.685+0000] {logging_mixin.py:190} INFO - [2024-10-22T04:26:34.684+0000] {dag.py:3239} INFO - Sync 1 DAGs
[2024-10-22T04:26:34.739+0000] {logging_mixin.py:190} INFO - [2024-10-22T04:26:34.738+0000] {dag.py:4180} INFO - Setting next_dagrun for tutorial_taskflow_api_virtualenv to None, run_after=None
[2024-10-22T04:26:34.851+0000] {processor.py:208} INFO - Processing /home/airflow/.local/lib/python3.12/site-packages/airflow/example_dags/tutorial_taskflow_api_virtualenv.py took 0.267 seconds
[2024-10-22T04:27:04.950+0000] {processor.py:186} INFO - Started process (PID=63739) to work on /home/airflow/.local/lib/python3.12/site-packages/airflow/example_dags/tutorial_taskflow_api_virtualenv.py
[2024-10-22T04:27:04.951+0000] {processor.py:914} INFO - Processing file /home/airflow/.local/lib/python3.12/site-packages/airflow/example_dags/tutorial_taskflow_api_virtualenv.py for tasks to queue
[2024-10-22T04:27:04.954+0000] {logging_mixin.py:190} INFO - [2024-10-22T04:27:04.953+0000] {dagbag.py:588} INFO - Filling up the DagBag from /home/airflow/.local/lib/python3.12/site-packages/airflow/example_dags/tutorial_taskflow_api_virtualenv.py
[2024-10-22T04:27:04.976+0000] {processor.py:925} INFO - DAG(s) 'tutorial_taskflow_api_virtualenv' retrieved from /home/airflow/.local/lib/python3.12/site-packages/airflow/example_dags/tutorial_taskflow_api_virtualenv.py
[2024-10-22T04:27:05.016+0000] {logging_mixin.py:190} INFO - [2024-10-22T04:27:05.015+0000] {dag.py:3239} INFO - Sync 1 DAGs
[2024-10-22T04:27:05.045+0000] {logging_mixin.py:190} INFO - [2024-10-22T04:27:05.045+0000] {dag.py:4180} INFO - Setting next_dagrun for tutorial_taskflow_api_virtualenv to None, run_after=None
[2024-10-22T04:27:05.076+0000] {processor.py:208} INFO - Processing /home/airflow/.local/lib/python3.12/site-packages/airflow/example_dags/tutorial_taskflow_api_virtualenv.py took 0.140 seconds
[2024-10-22T04:27:36.026+0000] {processor.py:186} INFO - Started process (PID=63806) to work on /home/airflow/.local/lib/python3.12/site-packages/airflow/example_dags/tutorial_taskflow_api_virtualenv.py
[2024-10-22T04:27:36.028+0000] {processor.py:914} INFO - Processing file /home/airflow/.local/lib/python3.12/site-packages/airflow/example_dags/tutorial_taskflow_api_virtualenv.py for tasks to queue
[2024-10-22T04:27:36.031+0000] {logging_mixin.py:190} INFO - [2024-10-22T04:27:36.030+0000] {dagbag.py:588} INFO - Filling up the DagBag from /home/airflow/.local/lib/python3.12/site-packages/airflow/example_dags/tutorial_taskflow_api_virtualenv.py
[2024-10-22T04:27:36.055+0000] {processor.py:925} INFO - DAG(s) 'tutorial_taskflow_api_virtualenv' retrieved from /home/airflow/.local/lib/python3.12/site-packages/airflow/example_dags/tutorial_taskflow_api_virtualenv.py
[2024-10-22T04:27:36.095+0000] {logging_mixin.py:190} INFO - [2024-10-22T04:27:36.095+0000] {dag.py:3239} INFO - Sync 1 DAGs
[2024-10-22T04:27:36.130+0000] {logging_mixin.py:190} INFO - [2024-10-22T04:27:36.130+0000] {dag.py:4180} INFO - Setting next_dagrun for tutorial_taskflow_api_virtualenv to None, run_after=None
[2024-10-22T04:27:36.163+0000] {processor.py:208} INFO - Processing /home/airflow/.local/lib/python3.12/site-packages/airflow/example_dags/tutorial_taskflow_api_virtualenv.py took 0.151 seconds
[2024-10-22T04:28:06.235+0000] {processor.py:186} INFO - Started process (PID=63873) to work on /home/airflow/.local/lib/python3.12/site-packages/airflow/example_dags/tutorial_taskflow_api_virtualenv.py
[2024-10-22T04:28:06.237+0000] {processor.py:914} INFO - Processing file /home/airflow/.local/lib/python3.12/site-packages/airflow/example_dags/tutorial_taskflow_api_virtualenv.py for tasks to queue
[2024-10-22T04:28:06.239+0000] {logging_mixin.py:190} INFO - [2024-10-22T04:28:06.238+0000] {dagbag.py:588} INFO - Filling up the DagBag from /home/airflow/.local/lib/python3.12/site-packages/airflow/example_dags/tutorial_taskflow_api_virtualenv.py
[2024-10-22T04:28:06.261+0000] {processor.py:925} INFO - DAG(s) 'tutorial_taskflow_api_virtualenv' retrieved from /home/airflow/.local/lib/python3.12/site-packages/airflow/example_dags/tutorial_taskflow_api_virtualenv.py
[2024-10-22T04:28:06.299+0000] {logging_mixin.py:190} INFO - [2024-10-22T04:28:06.298+0000] {dag.py:3239} INFO - Sync 1 DAGs
[2024-10-22T04:28:06.323+0000] {logging_mixin.py:190} INFO - [2024-10-22T04:28:06.323+0000] {dag.py:4180} INFO - Setting next_dagrun for tutorial_taskflow_api_virtualenv to None, run_after=None
[2024-10-22T04:28:06.351+0000] {processor.py:208} INFO - Processing /home/airflow/.local/lib/python3.12/site-packages/airflow/example_dags/tutorial_taskflow_api_virtualenv.py took 0.130 seconds
[2024-10-22T04:28:37.028+0000] {processor.py:186} INFO - Started process (PID=63940) to work on /home/airflow/.local/lib/python3.12/site-packages/airflow/example_dags/tutorial_taskflow_api_virtualenv.py
[2024-10-22T04:28:37.029+0000] {processor.py:914} INFO - Processing file /home/airflow/.local/lib/python3.12/site-packages/airflow/example_dags/tutorial_taskflow_api_virtualenv.py for tasks to queue
[2024-10-22T04:28:37.031+0000] {logging_mixin.py:190} INFO - [2024-10-22T04:28:37.031+0000] {dagbag.py:588} INFO - Filling up the DagBag from /home/airflow/.local/lib/python3.12/site-packages/airflow/example_dags/tutorial_taskflow_api_virtualenv.py
[2024-10-22T04:28:37.045+0000] {processor.py:925} INFO - DAG(s) 'tutorial_taskflow_api_virtualenv' retrieved from /home/airflow/.local/lib/python3.12/site-packages/airflow/example_dags/tutorial_taskflow_api_virtualenv.py
[2024-10-22T04:28:37.072+0000] {logging_mixin.py:190} INFO - [2024-10-22T04:28:37.072+0000] {dag.py:3239} INFO - Sync 1 DAGs
[2024-10-22T04:28:37.093+0000] {logging_mixin.py:190} INFO - [2024-10-22T04:28:37.092+0000] {dag.py:4180} INFO - Setting next_dagrun for tutorial_taskflow_api_virtualenv to None, run_after=None
[2024-10-22T04:28:37.114+0000] {processor.py:208} INFO - Processing /home/airflow/.local/lib/python3.12/site-packages/airflow/example_dags/tutorial_taskflow_api_virtualenv.py took 0.095 seconds
[2024-10-22T04:29:07.290+0000] {processor.py:186} INFO - Started process (PID=64007) to work on /home/airflow/.local/lib/python3.12/site-packages/airflow/example_dags/tutorial_taskflow_api_virtualenv.py
[2024-10-22T04:29:07.291+0000] {processor.py:914} INFO - Processing file /home/airflow/.local/lib/python3.12/site-packages/airflow/example_dags/tutorial_taskflow_api_virtualenv.py for tasks to queue
[2024-10-22T04:29:07.293+0000] {logging_mixin.py:190} INFO - [2024-10-22T04:29:07.292+0000] {dagbag.py:588} INFO - Filling up the DagBag from /home/airflow/.local/lib/python3.12/site-packages/airflow/example_dags/tutorial_taskflow_api_virtualenv.py
[2024-10-22T04:29:07.306+0000] {processor.py:925} INFO - DAG(s) 'tutorial_taskflow_api_virtualenv' retrieved from /home/airflow/.local/lib/python3.12/site-packages/airflow/example_dags/tutorial_taskflow_api_virtualenv.py
[2024-10-22T04:29:07.330+0000] {logging_mixin.py:190} INFO - [2024-10-22T04:29:07.329+0000] {dag.py:3239} INFO - Sync 1 DAGs
[2024-10-22T04:29:07.347+0000] {logging_mixin.py:190} INFO - [2024-10-22T04:29:07.346+0000] {dag.py:4180} INFO - Setting next_dagrun for tutorial_taskflow_api_virtualenv to None, run_after=None
[2024-10-22T04:29:07.367+0000] {processor.py:208} INFO - Processing /home/airflow/.local/lib/python3.12/site-packages/airflow/example_dags/tutorial_taskflow_api_virtualenv.py took 0.086 seconds
[2024-10-22T04:29:37.535+0000] {processor.py:186} INFO - Started process (PID=64074) to work on /home/airflow/.local/lib/python3.12/site-packages/airflow/example_dags/tutorial_taskflow_api_virtualenv.py
[2024-10-22T04:29:37.536+0000] {processor.py:914} INFO - Processing file /home/airflow/.local/lib/python3.12/site-packages/airflow/example_dags/tutorial_taskflow_api_virtualenv.py for tasks to queue
[2024-10-22T04:29:37.538+0000] {logging_mixin.py:190} INFO - [2024-10-22T04:29:37.538+0000] {dagbag.py:588} INFO - Filling up the DagBag from /home/airflow/.local/lib/python3.12/site-packages/airflow/example_dags/tutorial_taskflow_api_virtualenv.py
[2024-10-22T04:29:37.552+0000] {processor.py:925} INFO - DAG(s) 'tutorial_taskflow_api_virtualenv' retrieved from /home/airflow/.local/lib/python3.12/site-packages/airflow/example_dags/tutorial_taskflow_api_virtualenv.py
[2024-10-22T04:29:37.575+0000] {logging_mixin.py:190} INFO - [2024-10-22T04:29:37.575+0000] {dag.py:3239} INFO - Sync 1 DAGs
[2024-10-22T04:29:37.592+0000] {logging_mixin.py:190} INFO - [2024-10-22T04:29:37.592+0000] {dag.py:4180} INFO - Setting next_dagrun for tutorial_taskflow_api_virtualenv to None, run_after=None
[2024-10-22T04:29:37.614+0000] {processor.py:208} INFO - Processing /home/airflow/.local/lib/python3.12/site-packages/airflow/example_dags/tutorial_taskflow_api_virtualenv.py took 0.090 seconds
[2024-10-22T04:30:07.678+0000] {processor.py:186} INFO - Started process (PID=64140) to work on /home/airflow/.local/lib/python3.12/site-packages/airflow/example_dags/tutorial_taskflow_api_virtualenv.py
[2024-10-22T04:30:07.679+0000] {processor.py:914} INFO - Processing file /home/airflow/.local/lib/python3.12/site-packages/airflow/example_dags/tutorial_taskflow_api_virtualenv.py for tasks to queue
[2024-10-22T04:30:07.680+0000] {logging_mixin.py:190} INFO - [2024-10-22T04:30:07.680+0000] {dagbag.py:588} INFO - Filling up the DagBag from /home/airflow/.local/lib/python3.12/site-packages/airflow/example_dags/tutorial_taskflow_api_virtualenv.py
[2024-10-22T04:30:07.694+0000] {processor.py:925} INFO - DAG(s) 'tutorial_taskflow_api_virtualenv' retrieved from /home/airflow/.local/lib/python3.12/site-packages/airflow/example_dags/tutorial_taskflow_api_virtualenv.py
[2024-10-22T04:30:07.717+0000] {logging_mixin.py:190} INFO - [2024-10-22T04:30:07.716+0000] {dag.py:3239} INFO - Sync 1 DAGs
[2024-10-22T04:30:07.733+0000] {logging_mixin.py:190} INFO - [2024-10-22T04:30:07.733+0000] {dag.py:4180} INFO - Setting next_dagrun for tutorial_taskflow_api_virtualenv to None, run_after=None
[2024-10-22T04:30:07.751+0000] {processor.py:208} INFO - Processing /home/airflow/.local/lib/python3.12/site-packages/airflow/example_dags/tutorial_taskflow_api_virtualenv.py took 0.081 seconds
[2024-10-22T04:30:38.111+0000] {processor.py:186} INFO - Started process (PID=64207) to work on /home/airflow/.local/lib/python3.12/site-packages/airflow/example_dags/tutorial_taskflow_api_virtualenv.py
[2024-10-22T04:30:38.113+0000] {processor.py:914} INFO - Processing file /home/airflow/.local/lib/python3.12/site-packages/airflow/example_dags/tutorial_taskflow_api_virtualenv.py for tasks to queue
[2024-10-22T04:30:38.114+0000] {logging_mixin.py:190} INFO - [2024-10-22T04:30:38.114+0000] {dagbag.py:588} INFO - Filling up the DagBag from /home/airflow/.local/lib/python3.12/site-packages/airflow/example_dags/tutorial_taskflow_api_virtualenv.py
[2024-10-22T04:30:38.128+0000] {processor.py:925} INFO - DAG(s) 'tutorial_taskflow_api_virtualenv' retrieved from /home/airflow/.local/lib/python3.12/site-packages/airflow/example_dags/tutorial_taskflow_api_virtualenv.py
[2024-10-22T04:30:38.151+0000] {logging_mixin.py:190} INFO - [2024-10-22T04:30:38.151+0000] {dag.py:3239} INFO - Sync 1 DAGs
[2024-10-22T04:30:38.171+0000] {logging_mixin.py:190} INFO - [2024-10-22T04:30:38.171+0000] {dag.py:4180} INFO - Setting next_dagrun for tutorial_taskflow_api_virtualenv to None, run_after=None
[2024-10-22T04:30:38.192+0000] {processor.py:208} INFO - Processing /home/airflow/.local/lib/python3.12/site-packages/airflow/example_dags/tutorial_taskflow_api_virtualenv.py took 0.090 seconds
[2024-10-22T04:31:09.341+0000] {processor.py:186} INFO - Started process (PID=64274) to work on /home/airflow/.local/lib/python3.12/site-packages/airflow/example_dags/tutorial_taskflow_api_virtualenv.py
[2024-10-22T04:31:09.344+0000] {processor.py:914} INFO - Processing file /home/airflow/.local/lib/python3.12/site-packages/airflow/example_dags/tutorial_taskflow_api_virtualenv.py for tasks to queue
[2024-10-22T04:31:09.348+0000] {logging_mixin.py:190} INFO - [2024-10-22T04:31:09.347+0000] {dagbag.py:588} INFO - Filling up the DagBag from /home/airflow/.local/lib/python3.12/site-packages/airflow/example_dags/tutorial_taskflow_api_virtualenv.py
[2024-10-22T04:31:09.372+0000] {processor.py:925} INFO - DAG(s) 'tutorial_taskflow_api_virtualenv' retrieved from /home/airflow/.local/lib/python3.12/site-packages/airflow/example_dags/tutorial_taskflow_api_virtualenv.py
[2024-10-22T04:31:09.408+0000] {logging_mixin.py:190} INFO - [2024-10-22T04:31:09.408+0000] {dag.py:3239} INFO - Sync 1 DAGs
[2024-10-22T04:31:09.441+0000] {logging_mixin.py:190} INFO - [2024-10-22T04:31:09.441+0000] {dag.py:4180} INFO - Setting next_dagrun for tutorial_taskflow_api_virtualenv to None, run_after=None
[2024-10-22T04:31:09.478+0000] {processor.py:208} INFO - Processing /home/airflow/.local/lib/python3.12/site-packages/airflow/example_dags/tutorial_taskflow_api_virtualenv.py took 0.157 seconds
[2024-10-22T04:31:40.234+0000] {processor.py:186} INFO - Started process (PID=64340) to work on /home/airflow/.local/lib/python3.12/site-packages/airflow/example_dags/tutorial_taskflow_api_virtualenv.py
[2024-10-22T04:31:40.237+0000] {processor.py:914} INFO - Processing file /home/airflow/.local/lib/python3.12/site-packages/airflow/example_dags/tutorial_taskflow_api_virtualenv.py for tasks to queue
[2024-10-22T04:31:40.240+0000] {logging_mixin.py:190} INFO - [2024-10-22T04:31:40.239+0000] {dagbag.py:588} INFO - Filling up the DagBag from /home/airflow/.local/lib/python3.12/site-packages/airflow/example_dags/tutorial_taskflow_api_virtualenv.py
[2024-10-22T04:31:40.277+0000] {processor.py:925} INFO - DAG(s) 'tutorial_taskflow_api_virtualenv' retrieved from /home/airflow/.local/lib/python3.12/site-packages/airflow/example_dags/tutorial_taskflow_api_virtualenv.py
[2024-10-22T04:31:40.334+0000] {logging_mixin.py:190} INFO - [2024-10-22T04:31:40.334+0000] {dag.py:3239} INFO - Sync 1 DAGs
[2024-10-22T04:31:40.376+0000] {logging_mixin.py:190} INFO - [2024-10-22T04:31:40.375+0000] {dag.py:4180} INFO - Setting next_dagrun for tutorial_taskflow_api_virtualenv to None, run_after=None
[2024-10-22T04:31:40.419+0000] {processor.py:208} INFO - Processing /home/airflow/.local/lib/python3.12/site-packages/airflow/example_dags/tutorial_taskflow_api_virtualenv.py took 0.206 seconds
[2024-10-22T04:32:11.682+0000] {processor.py:186} INFO - Started process (PID=64407) to work on /home/airflow/.local/lib/python3.12/site-packages/airflow/example_dags/tutorial_taskflow_api_virtualenv.py
[2024-10-22T04:32:11.686+0000] {processor.py:914} INFO - Processing file /home/airflow/.local/lib/python3.12/site-packages/airflow/example_dags/tutorial_taskflow_api_virtualenv.py for tasks to queue
[2024-10-22T04:32:11.691+0000] {logging_mixin.py:190} INFO - [2024-10-22T04:32:11.690+0000] {dagbag.py:588} INFO - Filling up the DagBag from /home/airflow/.local/lib/python3.12/site-packages/airflow/example_dags/tutorial_taskflow_api_virtualenv.py
[2024-10-22T04:32:11.743+0000] {processor.py:925} INFO - DAG(s) 'tutorial_taskflow_api_virtualenv' retrieved from /home/airflow/.local/lib/python3.12/site-packages/airflow/example_dags/tutorial_taskflow_api_virtualenv.py
[2024-10-22T04:32:11.837+0000] {logging_mixin.py:190} INFO - [2024-10-22T04:32:11.837+0000] {dag.py:3239} INFO - Sync 1 DAGs
[2024-10-22T04:32:11.900+0000] {logging_mixin.py:190} INFO - [2024-10-22T04:32:11.899+0000] {dag.py:4180} INFO - Setting next_dagrun for tutorial_taskflow_api_virtualenv to None, run_after=None
[2024-10-22T04:32:11.965+0000] {processor.py:208} INFO - Processing /home/airflow/.local/lib/python3.12/site-packages/airflow/example_dags/tutorial_taskflow_api_virtualenv.py took 0.311 seconds
[2024-10-22T04:32:43.474+0000] {processor.py:186} INFO - Started process (PID=64474) to work on /home/airflow/.local/lib/python3.12/site-packages/airflow/example_dags/tutorial_taskflow_api_virtualenv.py
[2024-10-22T04:32:43.479+0000] {processor.py:914} INFO - Processing file /home/airflow/.local/lib/python3.12/site-packages/airflow/example_dags/tutorial_taskflow_api_virtualenv.py for tasks to queue
[2024-10-22T04:32:43.486+0000] {logging_mixin.py:190} INFO - [2024-10-22T04:32:43.485+0000] {dagbag.py:588} INFO - Filling up the DagBag from /home/airflow/.local/lib/python3.12/site-packages/airflow/example_dags/tutorial_taskflow_api_virtualenv.py
[2024-10-22T04:32:43.549+0000] {processor.py:925} INFO - DAG(s) 'tutorial_taskflow_api_virtualenv' retrieved from /home/airflow/.local/lib/python3.12/site-packages/airflow/example_dags/tutorial_taskflow_api_virtualenv.py
[2024-10-22T04:32:43.752+0000] {logging_mixin.py:190} INFO - [2024-10-22T04:32:43.751+0000] {dag.py:3239} INFO - Sync 1 DAGs
[2024-10-22T04:32:43.835+0000] {logging_mixin.py:190} INFO - [2024-10-22T04:32:43.834+0000] {dag.py:4180} INFO - Setting next_dagrun for tutorial_taskflow_api_virtualenv to None, run_after=None
[2024-10-22T04:32:44.112+0000] {processor.py:208} INFO - Processing /home/airflow/.local/lib/python3.12/site-packages/airflow/example_dags/tutorial_taskflow_api_virtualenv.py took 0.724 seconds
[2024-10-22T04:33:15.097+0000] {processor.py:186} INFO - Started process (PID=64541) to work on /home/airflow/.local/lib/python3.12/site-packages/airflow/example_dags/tutorial_taskflow_api_virtualenv.py
[2024-10-22T04:33:15.122+0000] {processor.py:914} INFO - Processing file /home/airflow/.local/lib/python3.12/site-packages/airflow/example_dags/tutorial_taskflow_api_virtualenv.py for tasks to queue
[2024-10-22T04:33:15.143+0000] {logging_mixin.py:190} INFO - [2024-10-22T04:33:15.137+0000] {dagbag.py:588} INFO - Filling up the DagBag from /home/airflow/.local/lib/python3.12/site-packages/airflow/example_dags/tutorial_taskflow_api_virtualenv.py
[2024-10-22T04:33:15.330+0000] {processor.py:925} INFO - DAG(s) 'tutorial_taskflow_api_virtualenv' retrieved from /home/airflow/.local/lib/python3.12/site-packages/airflow/example_dags/tutorial_taskflow_api_virtualenv.py
[2024-10-22T04:33:15.552+0000] {logging_mixin.py:190} INFO - [2024-10-22T04:33:15.551+0000] {dag.py:3239} INFO - Sync 1 DAGs
[2024-10-22T04:33:15.638+0000] {logging_mixin.py:190} INFO - [2024-10-22T04:33:15.637+0000] {dag.py:4180} INFO - Setting next_dagrun for tutorial_taskflow_api_virtualenv to None, run_after=None
[2024-10-22T04:33:15.716+0000] {processor.py:208} INFO - Processing /home/airflow/.local/lib/python3.12/site-packages/airflow/example_dags/tutorial_taskflow_api_virtualenv.py took 0.721 seconds
[2024-10-22T04:34:08.109+0000] {processor.py:186} INFO - Started process (PID=64616) to work on /home/airflow/.local/lib/python3.12/site-packages/airflow/example_dags/tutorial_taskflow_api_virtualenv.py
[2024-10-22T04:34:08.119+0000] {processor.py:914} INFO - Processing file /home/airflow/.local/lib/python3.12/site-packages/airflow/example_dags/tutorial_taskflow_api_virtualenv.py for tasks to queue
[2024-10-22T04:34:08.130+0000] {logging_mixin.py:190} INFO - [2024-10-22T04:34:08.127+0000] {dagbag.py:588} INFO - Filling up the DagBag from /home/airflow/.local/lib/python3.12/site-packages/airflow/example_dags/tutorial_taskflow_api_virtualenv.py
[2024-10-22T04:34:08.216+0000] {processor.py:925} INFO - DAG(s) 'tutorial_taskflow_api_virtualenv' retrieved from /home/airflow/.local/lib/python3.12/site-packages/airflow/example_dags/tutorial_taskflow_api_virtualenv.py
[2024-10-22T04:34:08.354+0000] {logging_mixin.py:190} INFO - [2024-10-22T04:34:08.352+0000] {dag.py:3239} INFO - Sync 1 DAGs
[2024-10-22T04:34:08.464+0000] {logging_mixin.py:190} INFO - [2024-10-22T04:34:08.462+0000] {dag.py:4180} INFO - Setting next_dagrun for tutorial_taskflow_api_virtualenv to None, run_after=None
[2024-10-22T04:34:08.541+0000] {processor.py:208} INFO - Processing /home/airflow/.local/lib/python3.12/site-packages/airflow/example_dags/tutorial_taskflow_api_virtualenv.py took 0.479 seconds
[2024-10-22T04:34:38.967+0000] {processor.py:186} INFO - Started process (PID=64683) to work on /home/airflow/.local/lib/python3.12/site-packages/airflow/example_dags/tutorial_taskflow_api_virtualenv.py
[2024-10-22T04:34:38.971+0000] {processor.py:914} INFO - Processing file /home/airflow/.local/lib/python3.12/site-packages/airflow/example_dags/tutorial_taskflow_api_virtualenv.py for tasks to queue
[2024-10-22T04:34:38.979+0000] {logging_mixin.py:190} INFO - [2024-10-22T04:34:38.976+0000] {dagbag.py:588} INFO - Filling up the DagBag from /home/airflow/.local/lib/python3.12/site-packages/airflow/example_dags/tutorial_taskflow_api_virtualenv.py
[2024-10-22T04:34:39.029+0000] {processor.py:925} INFO - DAG(s) 'tutorial_taskflow_api_virtualenv' retrieved from /home/airflow/.local/lib/python3.12/site-packages/airflow/example_dags/tutorial_taskflow_api_virtualenv.py
[2024-10-22T04:34:39.129+0000] {logging_mixin.py:190} INFO - [2024-10-22T04:34:39.128+0000] {dag.py:3239} INFO - Sync 1 DAGs
[2024-10-22T04:34:39.210+0000] {logging_mixin.py:190} INFO - [2024-10-22T04:34:39.209+0000] {dag.py:4180} INFO - Setting next_dagrun for tutorial_taskflow_api_virtualenv to None, run_after=None
[2024-10-22T04:34:39.297+0000] {processor.py:208} INFO - Processing /home/airflow/.local/lib/python3.12/site-packages/airflow/example_dags/tutorial_taskflow_api_virtualenv.py took 0.357 seconds
[2024-10-22T04:35:09.855+0000] {processor.py:186} INFO - Started process (PID=64750) to work on /home/airflow/.local/lib/python3.12/site-packages/airflow/example_dags/tutorial_taskflow_api_virtualenv.py
[2024-10-22T04:35:09.859+0000] {processor.py:914} INFO - Processing file /home/airflow/.local/lib/python3.12/site-packages/airflow/example_dags/tutorial_taskflow_api_virtualenv.py for tasks to queue
[2024-10-22T04:35:09.865+0000] {logging_mixin.py:190} INFO - [2024-10-22T04:35:09.863+0000] {dagbag.py:588} INFO - Filling up the DagBag from /home/airflow/.local/lib/python3.12/site-packages/airflow/example_dags/tutorial_taskflow_api_virtualenv.py
[2024-10-22T04:35:09.911+0000] {processor.py:925} INFO - DAG(s) 'tutorial_taskflow_api_virtualenv' retrieved from /home/airflow/.local/lib/python3.12/site-packages/airflow/example_dags/tutorial_taskflow_api_virtualenv.py
[2024-10-22T04:35:10.027+0000] {logging_mixin.py:190} INFO - [2024-10-22T04:35:10.026+0000] {dag.py:3239} INFO - Sync 1 DAGs
[2024-10-22T04:35:10.100+0000] {logging_mixin.py:190} INFO - [2024-10-22T04:35:10.099+0000] {dag.py:4180} INFO - Setting next_dagrun for tutorial_taskflow_api_virtualenv to None, run_after=None
[2024-10-22T04:35:10.189+0000] {processor.py:208} INFO - Processing /home/airflow/.local/lib/python3.12/site-packages/airflow/example_dags/tutorial_taskflow_api_virtualenv.py took 0.364 seconds
[2024-10-22T04:35:41.385+0000] {processor.py:186} INFO - Started process (PID=64817) to work on /home/airflow/.local/lib/python3.12/site-packages/airflow/example_dags/tutorial_taskflow_api_virtualenv.py
[2024-10-22T04:35:41.389+0000] {processor.py:914} INFO - Processing file /home/airflow/.local/lib/python3.12/site-packages/airflow/example_dags/tutorial_taskflow_api_virtualenv.py for tasks to queue
[2024-10-22T04:35:41.394+0000] {logging_mixin.py:190} INFO - [2024-10-22T04:35:41.392+0000] {dagbag.py:588} INFO - Filling up the DagBag from /home/airflow/.local/lib/python3.12/site-packages/airflow/example_dags/tutorial_taskflow_api_virtualenv.py
[2024-10-22T04:35:41.436+0000] {processor.py:925} INFO - DAG(s) 'tutorial_taskflow_api_virtualenv' retrieved from /home/airflow/.local/lib/python3.12/site-packages/airflow/example_dags/tutorial_taskflow_api_virtualenv.py
[2024-10-22T04:35:41.522+0000] {logging_mixin.py:190} INFO - [2024-10-22T04:35:41.521+0000] {dag.py:3239} INFO - Sync 1 DAGs
[2024-10-22T04:35:41.582+0000] {logging_mixin.py:190} INFO - [2024-10-22T04:35:41.581+0000] {dag.py:4180} INFO - Setting next_dagrun for tutorial_taskflow_api_virtualenv to None, run_after=None
[2024-10-22T04:35:41.657+0000] {processor.py:208} INFO - Processing /home/airflow/.local/lib/python3.12/site-packages/airflow/example_dags/tutorial_taskflow_api_virtualenv.py took 0.300 seconds
[2024-10-22T04:36:13.921+0000] {processor.py:186} INFO - Started process (PID=64884) to work on /home/airflow/.local/lib/python3.12/site-packages/airflow/example_dags/tutorial_taskflow_api_virtualenv.py
[2024-10-22T04:36:13.925+0000] {processor.py:914} INFO - Processing file /home/airflow/.local/lib/python3.12/site-packages/airflow/example_dags/tutorial_taskflow_api_virtualenv.py for tasks to queue
[2024-10-22T04:36:13.931+0000] {logging_mixin.py:190} INFO - [2024-10-22T04:36:13.929+0000] {dagbag.py:588} INFO - Filling up the DagBag from /home/airflow/.local/lib/python3.12/site-packages/airflow/example_dags/tutorial_taskflow_api_virtualenv.py
[2024-10-22T04:36:13.987+0000] {processor.py:925} INFO - DAG(s) 'tutorial_taskflow_api_virtualenv' retrieved from /home/airflow/.local/lib/python3.12/site-packages/airflow/example_dags/tutorial_taskflow_api_virtualenv.py
[2024-10-22T04:36:14.120+0000] {logging_mixin.py:190} INFO - [2024-10-22T04:36:14.119+0000] {dag.py:3239} INFO - Sync 1 DAGs
[2024-10-22T04:36:14.189+0000] {logging_mixin.py:190} INFO - [2024-10-22T04:36:14.188+0000] {dag.py:4180} INFO - Setting next_dagrun for tutorial_taskflow_api_virtualenv to None, run_after=None
[2024-10-22T04:36:14.255+0000] {processor.py:208} INFO - Processing /home/airflow/.local/lib/python3.12/site-packages/airflow/example_dags/tutorial_taskflow_api_virtualenv.py took 0.383 seconds
[2024-10-22T04:36:47.702+0000] {processor.py:186} INFO - Started process (PID=64952) to work on /home/airflow/.local/lib/python3.12/site-packages/airflow/example_dags/tutorial_taskflow_api_virtualenv.py
[2024-10-22T04:36:47.707+0000] {processor.py:914} INFO - Processing file /home/airflow/.local/lib/python3.12/site-packages/airflow/example_dags/tutorial_taskflow_api_virtualenv.py for tasks to queue
[2024-10-22T04:36:47.714+0000] {logging_mixin.py:190} INFO - [2024-10-22T04:36:47.713+0000] {dagbag.py:588} INFO - Filling up the DagBag from /home/airflow/.local/lib/python3.12/site-packages/airflow/example_dags/tutorial_taskflow_api_virtualenv.py
[2024-10-22T04:36:47.752+0000] {processor.py:925} INFO - DAG(s) 'tutorial_taskflow_api_virtualenv' retrieved from /home/airflow/.local/lib/python3.12/site-packages/airflow/example_dags/tutorial_taskflow_api_virtualenv.py
[2024-10-22T04:36:47.815+0000] {logging_mixin.py:190} INFO - [2024-10-22T04:36:47.814+0000] {dag.py:3239} INFO - Sync 1 DAGs
[2024-10-22T04:36:47.864+0000] {logging_mixin.py:190} INFO - [2024-10-22T04:36:47.863+0000] {dag.py:4180} INFO - Setting next_dagrun for tutorial_taskflow_api_virtualenv to None, run_after=None
[2024-10-22T04:36:47.924+0000] {processor.py:208} INFO - Processing /home/airflow/.local/lib/python3.12/site-packages/airflow/example_dags/tutorial_taskflow_api_virtualenv.py took 0.258 seconds
[2024-10-22T04:37:18.632+0000] {processor.py:186} INFO - Started process (PID=65019) to work on /home/airflow/.local/lib/python3.12/site-packages/airflow/example_dags/tutorial_taskflow_api_virtualenv.py
[2024-10-22T04:37:18.635+0000] {processor.py:914} INFO - Processing file /home/airflow/.local/lib/python3.12/site-packages/airflow/example_dags/tutorial_taskflow_api_virtualenv.py for tasks to queue
[2024-10-22T04:37:18.638+0000] {logging_mixin.py:190} INFO - [2024-10-22T04:37:18.637+0000] {dagbag.py:588} INFO - Filling up the DagBag from /home/airflow/.local/lib/python3.12/site-packages/airflow/example_dags/tutorial_taskflow_api_virtualenv.py
[2024-10-22T04:37:18.678+0000] {processor.py:925} INFO - DAG(s) 'tutorial_taskflow_api_virtualenv' retrieved from /home/airflow/.local/lib/python3.12/site-packages/airflow/example_dags/tutorial_taskflow_api_virtualenv.py
[2024-10-22T04:37:18.732+0000] {logging_mixin.py:190} INFO - [2024-10-22T04:37:18.732+0000] {dag.py:3239} INFO - Sync 1 DAGs
[2024-10-22T04:37:18.775+0000] {logging_mixin.py:190} INFO - [2024-10-22T04:37:18.774+0000] {dag.py:4180} INFO - Setting next_dagrun for tutorial_taskflow_api_virtualenv to None, run_after=None
[2024-10-22T04:37:18.818+0000] {processor.py:208} INFO - Processing /home/airflow/.local/lib/python3.12/site-packages/airflow/example_dags/tutorial_taskflow_api_virtualenv.py took 0.206 seconds
[2024-10-22T04:37:49.231+0000] {processor.py:186} INFO - Started process (PID=65086) to work on /home/airflow/.local/lib/python3.12/site-packages/airflow/example_dags/tutorial_taskflow_api_virtualenv.py
[2024-10-22T04:37:49.233+0000] {processor.py:914} INFO - Processing file /home/airflow/.local/lib/python3.12/site-packages/airflow/example_dags/tutorial_taskflow_api_virtualenv.py for tasks to queue
[2024-10-22T04:37:49.237+0000] {logging_mixin.py:190} INFO - [2024-10-22T04:37:49.236+0000] {dagbag.py:588} INFO - Filling up the DagBag from /home/airflow/.local/lib/python3.12/site-packages/airflow/example_dags/tutorial_taskflow_api_virtualenv.py
[2024-10-22T04:37:49.263+0000] {processor.py:925} INFO - DAG(s) 'tutorial_taskflow_api_virtualenv' retrieved from /home/airflow/.local/lib/python3.12/site-packages/airflow/example_dags/tutorial_taskflow_api_virtualenv.py
[2024-10-22T04:37:49.311+0000] {logging_mixin.py:190} INFO - [2024-10-22T04:37:49.310+0000] {dag.py:3239} INFO - Sync 1 DAGs
[2024-10-22T04:37:49.343+0000] {logging_mixin.py:190} INFO - [2024-10-22T04:37:49.343+0000] {dag.py:4180} INFO - Setting next_dagrun for tutorial_taskflow_api_virtualenv to None, run_after=None
[2024-10-22T04:37:49.382+0000] {processor.py:208} INFO - Processing /home/airflow/.local/lib/python3.12/site-packages/airflow/example_dags/tutorial_taskflow_api_virtualenv.py took 0.165 seconds
[2024-10-22T04:38:19.788+0000] {processor.py:186} INFO - Started process (PID=65153) to work on /home/airflow/.local/lib/python3.12/site-packages/airflow/example_dags/tutorial_taskflow_api_virtualenv.py
[2024-10-22T04:38:19.789+0000] {processor.py:914} INFO - Processing file /home/airflow/.local/lib/python3.12/site-packages/airflow/example_dags/tutorial_taskflow_api_virtualenv.py for tasks to queue
[2024-10-22T04:38:19.791+0000] {logging_mixin.py:190} INFO - [2024-10-22T04:38:19.791+0000] {dagbag.py:588} INFO - Filling up the DagBag from /home/airflow/.local/lib/python3.12/site-packages/airflow/example_dags/tutorial_taskflow_api_virtualenv.py
[2024-10-22T04:38:19.810+0000] {processor.py:925} INFO - DAG(s) 'tutorial_taskflow_api_virtualenv' retrieved from /home/airflow/.local/lib/python3.12/site-packages/airflow/example_dags/tutorial_taskflow_api_virtualenv.py
[2024-10-22T04:38:19.848+0000] {logging_mixin.py:190} INFO - [2024-10-22T04:38:19.848+0000] {dag.py:3239} INFO - Sync 1 DAGs
[2024-10-22T04:38:19.874+0000] {logging_mixin.py:190} INFO - [2024-10-22T04:38:19.874+0000] {dag.py:4180} INFO - Setting next_dagrun for tutorial_taskflow_api_virtualenv to None, run_after=None
[2024-10-22T04:38:19.903+0000] {processor.py:208} INFO - Processing /home/airflow/.local/lib/python3.12/site-packages/airflow/example_dags/tutorial_taskflow_api_virtualenv.py took 0.126 seconds
[2024-10-22T04:38:50.238+0000] {processor.py:186} INFO - Started process (PID=65220) to work on /home/airflow/.local/lib/python3.12/site-packages/airflow/example_dags/tutorial_taskflow_api_virtualenv.py
[2024-10-22T04:38:50.240+0000] {processor.py:914} INFO - Processing file /home/airflow/.local/lib/python3.12/site-packages/airflow/example_dags/tutorial_taskflow_api_virtualenv.py for tasks to queue
[2024-10-22T04:38:50.241+0000] {logging_mixin.py:190} INFO - [2024-10-22T04:38:50.241+0000] {dagbag.py:588} INFO - Filling up the DagBag from /home/airflow/.local/lib/python3.12/site-packages/airflow/example_dags/tutorial_taskflow_api_virtualenv.py
[2024-10-22T04:38:50.255+0000] {processor.py:925} INFO - DAG(s) 'tutorial_taskflow_api_virtualenv' retrieved from /home/airflow/.local/lib/python3.12/site-packages/airflow/example_dags/tutorial_taskflow_api_virtualenv.py
[2024-10-22T04:38:50.283+0000] {logging_mixin.py:190} INFO - [2024-10-22T04:38:50.283+0000] {dag.py:3239} INFO - Sync 1 DAGs
[2024-10-22T04:38:50.302+0000] {logging_mixin.py:190} INFO - [2024-10-22T04:38:50.301+0000] {dag.py:4180} INFO - Setting next_dagrun for tutorial_taskflow_api_virtualenv to None, run_after=None
[2024-10-22T04:38:50.322+0000] {processor.py:208} INFO - Processing /home/airflow/.local/lib/python3.12/site-packages/airflow/example_dags/tutorial_taskflow_api_virtualenv.py took 0.092 seconds
[2024-10-22T04:39:20.419+0000] {processor.py:186} INFO - Started process (PID=65287) to work on /home/airflow/.local/lib/python3.12/site-packages/airflow/example_dags/tutorial_taskflow_api_virtualenv.py
[2024-10-22T04:39:20.420+0000] {processor.py:914} INFO - Processing file /home/airflow/.local/lib/python3.12/site-packages/airflow/example_dags/tutorial_taskflow_api_virtualenv.py for tasks to queue
[2024-10-22T04:39:20.421+0000] {logging_mixin.py:190} INFO - [2024-10-22T04:39:20.421+0000] {dagbag.py:588} INFO - Filling up the DagBag from /home/airflow/.local/lib/python3.12/site-packages/airflow/example_dags/tutorial_taskflow_api_virtualenv.py
[2024-10-22T04:39:20.435+0000] {processor.py:925} INFO - DAG(s) 'tutorial_taskflow_api_virtualenv' retrieved from /home/airflow/.local/lib/python3.12/site-packages/airflow/example_dags/tutorial_taskflow_api_virtualenv.py
[2024-10-22T04:39:20.460+0000] {logging_mixin.py:190} INFO - [2024-10-22T04:39:20.460+0000] {dag.py:3239} INFO - Sync 1 DAGs
[2024-10-22T04:39:20.482+0000] {logging_mixin.py:190} INFO - [2024-10-22T04:39:20.481+0000] {dag.py:4180} INFO - Setting next_dagrun for tutorial_taskflow_api_virtualenv to None, run_after=None
[2024-10-22T04:39:20.502+0000] {processor.py:208} INFO - Processing /home/airflow/.local/lib/python3.12/site-packages/airflow/example_dags/tutorial_taskflow_api_virtualenv.py took 0.092 seconds
[2024-10-22T04:39:50.581+0000] {processor.py:186} INFO - Started process (PID=65353) to work on /home/airflow/.local/lib/python3.12/site-packages/airflow/example_dags/tutorial_taskflow_api_virtualenv.py
[2024-10-22T04:39:50.583+0000] {processor.py:914} INFO - Processing file /home/airflow/.local/lib/python3.12/site-packages/airflow/example_dags/tutorial_taskflow_api_virtualenv.py for tasks to queue
[2024-10-22T04:39:50.585+0000] {logging_mixin.py:190} INFO - [2024-10-22T04:39:50.584+0000] {dagbag.py:588} INFO - Filling up the DagBag from /home/airflow/.local/lib/python3.12/site-packages/airflow/example_dags/tutorial_taskflow_api_virtualenv.py
[2024-10-22T04:39:50.609+0000] {processor.py:925} INFO - DAG(s) 'tutorial_taskflow_api_virtualenv' retrieved from /home/airflow/.local/lib/python3.12/site-packages/airflow/example_dags/tutorial_taskflow_api_virtualenv.py
[2024-10-22T04:39:50.633+0000] {logging_mixin.py:190} INFO - [2024-10-22T04:39:50.632+0000] {dag.py:3239} INFO - Sync 1 DAGs
[2024-10-22T04:39:50.653+0000] {logging_mixin.py:190} INFO - [2024-10-22T04:39:50.653+0000] {dag.py:4180} INFO - Setting next_dagrun for tutorial_taskflow_api_virtualenv to None, run_after=None
[2024-10-22T04:39:50.678+0000] {processor.py:208} INFO - Processing /home/airflow/.local/lib/python3.12/site-packages/airflow/example_dags/tutorial_taskflow_api_virtualenv.py took 0.106 seconds
[2024-10-22T04:40:21.612+0000] {processor.py:186} INFO - Started process (PID=65427) to work on /home/airflow/.local/lib/python3.12/site-packages/airflow/example_dags/tutorial_taskflow_api_virtualenv.py
[2024-10-22T04:40:21.613+0000] {processor.py:914} INFO - Processing file /home/airflow/.local/lib/python3.12/site-packages/airflow/example_dags/tutorial_taskflow_api_virtualenv.py for tasks to queue
[2024-10-22T04:40:21.614+0000] {logging_mixin.py:190} INFO - [2024-10-22T04:40:21.614+0000] {dagbag.py:588} INFO - Filling up the DagBag from /home/airflow/.local/lib/python3.12/site-packages/airflow/example_dags/tutorial_taskflow_api_virtualenv.py
[2024-10-22T04:40:21.628+0000] {processor.py:925} INFO - DAG(s) 'tutorial_taskflow_api_virtualenv' retrieved from /home/airflow/.local/lib/python3.12/site-packages/airflow/example_dags/tutorial_taskflow_api_virtualenv.py
[2024-10-22T04:40:21.655+0000] {logging_mixin.py:190} INFO - [2024-10-22T04:40:21.654+0000] {dag.py:3239} INFO - Sync 1 DAGs
[2024-10-22T04:40:21.674+0000] {logging_mixin.py:190} INFO - [2024-10-22T04:40:21.674+0000] {dag.py:4180} INFO - Setting next_dagrun for tutorial_taskflow_api_virtualenv to None, run_after=None
[2024-10-22T04:40:21.697+0000] {processor.py:208} INFO - Processing /home/airflow/.local/lib/python3.12/site-packages/airflow/example_dags/tutorial_taskflow_api_virtualenv.py took 0.093 seconds
[2024-10-22T04:40:51.879+0000] {processor.py:186} INFO - Started process (PID=65494) to work on /home/airflow/.local/lib/python3.12/site-packages/airflow/example_dags/tutorial_taskflow_api_virtualenv.py
[2024-10-22T04:40:51.880+0000] {processor.py:914} INFO - Processing file /home/airflow/.local/lib/python3.12/site-packages/airflow/example_dags/tutorial_taskflow_api_virtualenv.py for tasks to queue
[2024-10-22T04:40:51.882+0000] {logging_mixin.py:190} INFO - [2024-10-22T04:40:51.882+0000] {dagbag.py:588} INFO - Filling up the DagBag from /home/airflow/.local/lib/python3.12/site-packages/airflow/example_dags/tutorial_taskflow_api_virtualenv.py
[2024-10-22T04:40:51.900+0000] {processor.py:925} INFO - DAG(s) 'tutorial_taskflow_api_virtualenv' retrieved from /home/airflow/.local/lib/python3.12/site-packages/airflow/example_dags/tutorial_taskflow_api_virtualenv.py
[2024-10-22T04:40:51.932+0000] {logging_mixin.py:190} INFO - [2024-10-22T04:40:51.932+0000] {dag.py:3239} INFO - Sync 1 DAGs
[2024-10-22T04:40:51.962+0000] {logging_mixin.py:190} INFO - [2024-10-22T04:40:51.962+0000] {dag.py:4180} INFO - Setting next_dagrun for tutorial_taskflow_api_virtualenv to None, run_after=None
[2024-10-22T04:40:51.987+0000] {processor.py:208} INFO - Processing /home/airflow/.local/lib/python3.12/site-packages/airflow/example_dags/tutorial_taskflow_api_virtualenv.py took 0.119 seconds
[2024-10-22T04:41:22.464+0000] {processor.py:186} INFO - Started process (PID=65559) to work on /home/airflow/.local/lib/python3.12/site-packages/airflow/example_dags/tutorial_taskflow_api_virtualenv.py
[2024-10-22T04:41:22.467+0000] {processor.py:914} INFO - Processing file /home/airflow/.local/lib/python3.12/site-packages/airflow/example_dags/tutorial_taskflow_api_virtualenv.py for tasks to queue
[2024-10-22T04:41:22.469+0000] {logging_mixin.py:190} INFO - [2024-10-22T04:41:22.468+0000] {dagbag.py:588} INFO - Filling up the DagBag from /home/airflow/.local/lib/python3.12/site-packages/airflow/example_dags/tutorial_taskflow_api_virtualenv.py
[2024-10-22T04:41:22.515+0000] {processor.py:925} INFO - DAG(s) 'tutorial_taskflow_api_virtualenv' retrieved from /home/airflow/.local/lib/python3.12/site-packages/airflow/example_dags/tutorial_taskflow_api_virtualenv.py
[2024-10-22T04:41:22.546+0000] {logging_mixin.py:190} INFO - [2024-10-22T04:41:22.546+0000] {dag.py:3239} INFO - Sync 1 DAGs
[2024-10-22T04:41:22.569+0000] {logging_mixin.py:190} INFO - [2024-10-22T04:41:22.569+0000] {dag.py:4180} INFO - Setting next_dagrun for tutorial_taskflow_api_virtualenv to None, run_after=None
[2024-10-22T04:41:22.596+0000] {processor.py:208} INFO - Processing /home/airflow/.local/lib/python3.12/site-packages/airflow/example_dags/tutorial_taskflow_api_virtualenv.py took 0.144 seconds
[2024-10-22T04:41:52.764+0000] {processor.py:186} INFO - Started process (PID=65626) to work on /home/airflow/.local/lib/python3.12/site-packages/airflow/example_dags/tutorial_taskflow_api_virtualenv.py
[2024-10-22T04:41:52.765+0000] {processor.py:914} INFO - Processing file /home/airflow/.local/lib/python3.12/site-packages/airflow/example_dags/tutorial_taskflow_api_virtualenv.py for tasks to queue
[2024-10-22T04:41:52.767+0000] {logging_mixin.py:190} INFO - [2024-10-22T04:41:52.767+0000] {dagbag.py:588} INFO - Filling up the DagBag from /home/airflow/.local/lib/python3.12/site-packages/airflow/example_dags/tutorial_taskflow_api_virtualenv.py
[2024-10-22T04:41:52.781+0000] {processor.py:925} INFO - DAG(s) 'tutorial_taskflow_api_virtualenv' retrieved from /home/airflow/.local/lib/python3.12/site-packages/airflow/example_dags/tutorial_taskflow_api_virtualenv.py
[2024-10-22T04:41:52.809+0000] {logging_mixin.py:190} INFO - [2024-10-22T04:41:52.808+0000] {dag.py:3239} INFO - Sync 1 DAGs
[2024-10-22T04:41:52.828+0000] {logging_mixin.py:190} INFO - [2024-10-22T04:41:52.828+0000] {dag.py:4180} INFO - Setting next_dagrun for tutorial_taskflow_api_virtualenv to None, run_after=None
[2024-10-22T04:41:52.850+0000] {processor.py:208} INFO - Processing /home/airflow/.local/lib/python3.12/site-packages/airflow/example_dags/tutorial_taskflow_api_virtualenv.py took 0.093 seconds
[2024-10-22T04:42:23.326+0000] {processor.py:186} INFO - Started process (PID=65693) to work on /home/airflow/.local/lib/python3.12/site-packages/airflow/example_dags/tutorial_taskflow_api_virtualenv.py
[2024-10-22T04:42:23.327+0000] {processor.py:914} INFO - Processing file /home/airflow/.local/lib/python3.12/site-packages/airflow/example_dags/tutorial_taskflow_api_virtualenv.py for tasks to queue
[2024-10-22T04:42:23.329+0000] {logging_mixin.py:190} INFO - [2024-10-22T04:42:23.328+0000] {dagbag.py:588} INFO - Filling up the DagBag from /home/airflow/.local/lib/python3.12/site-packages/airflow/example_dags/tutorial_taskflow_api_virtualenv.py
[2024-10-22T04:42:23.346+0000] {processor.py:925} INFO - DAG(s) 'tutorial_taskflow_api_virtualenv' retrieved from /home/airflow/.local/lib/python3.12/site-packages/airflow/example_dags/tutorial_taskflow_api_virtualenv.py
[2024-10-22T04:42:23.381+0000] {logging_mixin.py:190} INFO - [2024-10-22T04:42:23.381+0000] {dag.py:3239} INFO - Sync 1 DAGs
[2024-10-22T04:42:23.404+0000] {logging_mixin.py:190} INFO - [2024-10-22T04:42:23.403+0000] {dag.py:4180} INFO - Setting next_dagrun for tutorial_taskflow_api_virtualenv to None, run_after=None
[2024-10-22T04:42:23.430+0000] {processor.py:208} INFO - Processing /home/airflow/.local/lib/python3.12/site-packages/airflow/example_dags/tutorial_taskflow_api_virtualenv.py took 0.114 seconds
[2024-10-22T04:42:54.303+0000] {processor.py:186} INFO - Started process (PID=65759) to work on /home/airflow/.local/lib/python3.12/site-packages/airflow/example_dags/tutorial_taskflow_api_virtualenv.py
[2024-10-22T04:42:54.307+0000] {processor.py:914} INFO - Processing file /home/airflow/.local/lib/python3.12/site-packages/airflow/example_dags/tutorial_taskflow_api_virtualenv.py for tasks to queue
[2024-10-22T04:42:54.310+0000] {logging_mixin.py:190} INFO - [2024-10-22T04:42:54.309+0000] {dagbag.py:588} INFO - Filling up the DagBag from /home/airflow/.local/lib/python3.12/site-packages/airflow/example_dags/tutorial_taskflow_api_virtualenv.py
[2024-10-22T04:42:54.337+0000] {processor.py:925} INFO - DAG(s) 'tutorial_taskflow_api_virtualenv' retrieved from /home/airflow/.local/lib/python3.12/site-packages/airflow/example_dags/tutorial_taskflow_api_virtualenv.py
[2024-10-22T04:42:54.395+0000] {logging_mixin.py:190} INFO - [2024-10-22T04:42:54.394+0000] {dag.py:3239} INFO - Sync 1 DAGs
[2024-10-22T04:42:54.440+0000] {logging_mixin.py:190} INFO - [2024-10-22T04:42:54.439+0000] {dag.py:4180} INFO - Setting next_dagrun for tutorial_taskflow_api_virtualenv to None, run_after=None
[2024-10-22T04:42:54.474+0000] {processor.py:208} INFO - Processing /home/airflow/.local/lib/python3.12/site-packages/airflow/example_dags/tutorial_taskflow_api_virtualenv.py took 0.188 seconds
[2024-10-22T04:43:24.587+0000] {processor.py:186} INFO - Started process (PID=65826) to work on /home/airflow/.local/lib/python3.12/site-packages/airflow/example_dags/tutorial_taskflow_api_virtualenv.py
[2024-10-22T04:43:24.589+0000] {processor.py:914} INFO - Processing file /home/airflow/.local/lib/python3.12/site-packages/airflow/example_dags/tutorial_taskflow_api_virtualenv.py for tasks to queue
[2024-10-22T04:43:24.592+0000] {logging_mixin.py:190} INFO - [2024-10-22T04:43:24.591+0000] {dagbag.py:588} INFO - Filling up the DagBag from /home/airflow/.local/lib/python3.12/site-packages/airflow/example_dags/tutorial_taskflow_api_virtualenv.py
[2024-10-22T04:43:24.639+0000] {processor.py:925} INFO - DAG(s) 'tutorial_taskflow_api_virtualenv' retrieved from /home/airflow/.local/lib/python3.12/site-packages/airflow/example_dags/tutorial_taskflow_api_virtualenv.py
[2024-10-22T04:43:24.726+0000] {logging_mixin.py:190} INFO - [2024-10-22T04:43:24.725+0000] {dag.py:3239} INFO - Sync 1 DAGs
[2024-10-22T04:43:24.799+0000] {logging_mixin.py:190} INFO - [2024-10-22T04:43:24.796+0000] {dag.py:4180} INFO - Setting next_dagrun for tutorial_taskflow_api_virtualenv to None, run_after=None
[2024-10-22T04:43:24.877+0000] {processor.py:208} INFO - Processing /home/airflow/.local/lib/python3.12/site-packages/airflow/example_dags/tutorial_taskflow_api_virtualenv.py took 0.306 seconds
[2024-10-22T04:43:56.017+0000] {processor.py:186} INFO - Started process (PID=65894) to work on /home/airflow/.local/lib/python3.12/site-packages/airflow/example_dags/tutorial_taskflow_api_virtualenv.py
[2024-10-22T04:43:56.020+0000] {processor.py:914} INFO - Processing file /home/airflow/.local/lib/python3.12/site-packages/airflow/example_dags/tutorial_taskflow_api_virtualenv.py for tasks to queue
[2024-10-22T04:43:56.022+0000] {logging_mixin.py:190} INFO - [2024-10-22T04:43:56.021+0000] {dagbag.py:588} INFO - Filling up the DagBag from /home/airflow/.local/lib/python3.12/site-packages/airflow/example_dags/tutorial_taskflow_api_virtualenv.py
[2024-10-22T04:43:56.055+0000] {processor.py:925} INFO - DAG(s) 'tutorial_taskflow_api_virtualenv' retrieved from /home/airflow/.local/lib/python3.12/site-packages/airflow/example_dags/tutorial_taskflow_api_virtualenv.py
[2024-10-22T04:43:56.100+0000] {logging_mixin.py:190} INFO - [2024-10-22T04:43:56.099+0000] {dag.py:3239} INFO - Sync 1 DAGs
[2024-10-22T04:43:56.148+0000] {logging_mixin.py:190} INFO - [2024-10-22T04:43:56.147+0000] {dag.py:4180} INFO - Setting next_dagrun for tutorial_taskflow_api_virtualenv to None, run_after=None
[2024-10-22T04:43:56.204+0000] {processor.py:208} INFO - Processing /home/airflow/.local/lib/python3.12/site-packages/airflow/example_dags/tutorial_taskflow_api_virtualenv.py took 0.203 seconds
[2024-10-22T04:44:26.413+0000] {processor.py:186} INFO - Started process (PID=65959) to work on /home/airflow/.local/lib/python3.12/site-packages/airflow/example_dags/tutorial_taskflow_api_virtualenv.py
[2024-10-22T04:44:26.414+0000] {processor.py:914} INFO - Processing file /home/airflow/.local/lib/python3.12/site-packages/airflow/example_dags/tutorial_taskflow_api_virtualenv.py for tasks to queue
[2024-10-22T04:44:26.416+0000] {logging_mixin.py:190} INFO - [2024-10-22T04:44:26.416+0000] {dagbag.py:588} INFO - Filling up the DagBag from /home/airflow/.local/lib/python3.12/site-packages/airflow/example_dags/tutorial_taskflow_api_virtualenv.py
[2024-10-22T04:44:26.436+0000] {processor.py:925} INFO - DAG(s) 'tutorial_taskflow_api_virtualenv' retrieved from /home/airflow/.local/lib/python3.12/site-packages/airflow/example_dags/tutorial_taskflow_api_virtualenv.py
[2024-10-22T04:44:26.472+0000] {logging_mixin.py:190} INFO - [2024-10-22T04:44:26.472+0000] {dag.py:3239} INFO - Sync 1 DAGs
[2024-10-22T04:44:26.502+0000] {logging_mixin.py:190} INFO - [2024-10-22T04:44:26.502+0000] {dag.py:4180} INFO - Setting next_dagrun for tutorial_taskflow_api_virtualenv to None, run_after=None
[2024-10-22T04:44:26.530+0000] {processor.py:208} INFO - Processing /home/airflow/.local/lib/python3.12/site-packages/airflow/example_dags/tutorial_taskflow_api_virtualenv.py took 0.130 seconds
[2024-10-22T04:44:56.739+0000] {processor.py:186} INFO - Started process (PID=66026) to work on /home/airflow/.local/lib/python3.12/site-packages/airflow/example_dags/tutorial_taskflow_api_virtualenv.py
[2024-10-22T04:44:56.741+0000] {processor.py:914} INFO - Processing file /home/airflow/.local/lib/python3.12/site-packages/airflow/example_dags/tutorial_taskflow_api_virtualenv.py for tasks to queue
[2024-10-22T04:44:56.743+0000] {logging_mixin.py:190} INFO - [2024-10-22T04:44:56.742+0000] {dagbag.py:588} INFO - Filling up the DagBag from /home/airflow/.local/lib/python3.12/site-packages/airflow/example_dags/tutorial_taskflow_api_virtualenv.py
[2024-10-22T04:44:56.757+0000] {processor.py:925} INFO - DAG(s) 'tutorial_taskflow_api_virtualenv' retrieved from /home/airflow/.local/lib/python3.12/site-packages/airflow/example_dags/tutorial_taskflow_api_virtualenv.py
[2024-10-22T04:44:56.790+0000] {logging_mixin.py:190} INFO - [2024-10-22T04:44:56.790+0000] {dag.py:3239} INFO - Sync 1 DAGs
[2024-10-22T04:44:56.810+0000] {logging_mixin.py:190} INFO - [2024-10-22T04:44:56.810+0000] {dag.py:4180} INFO - Setting next_dagrun for tutorial_taskflow_api_virtualenv to None, run_after=None
[2024-10-22T04:44:56.831+0000] {processor.py:208} INFO - Processing /home/airflow/.local/lib/python3.12/site-packages/airflow/example_dags/tutorial_taskflow_api_virtualenv.py took 0.101 seconds
[2024-10-22T04:45:27.526+0000] {processor.py:186} INFO - Started process (PID=66094) to work on /home/airflow/.local/lib/python3.12/site-packages/airflow/example_dags/tutorial_taskflow_api_virtualenv.py
[2024-10-22T04:45:27.528+0000] {processor.py:914} INFO - Processing file /home/airflow/.local/lib/python3.12/site-packages/airflow/example_dags/tutorial_taskflow_api_virtualenv.py for tasks to queue
[2024-10-22T04:45:27.530+0000] {logging_mixin.py:190} INFO - [2024-10-22T04:45:27.529+0000] {dagbag.py:588} INFO - Filling up the DagBag from /home/airflow/.local/lib/python3.12/site-packages/airflow/example_dags/tutorial_taskflow_api_virtualenv.py
[2024-10-22T04:45:27.542+0000] {processor.py:925} INFO - DAG(s) 'tutorial_taskflow_api_virtualenv' retrieved from /home/airflow/.local/lib/python3.12/site-packages/airflow/example_dags/tutorial_taskflow_api_virtualenv.py
[2024-10-22T04:45:27.567+0000] {logging_mixin.py:190} INFO - [2024-10-22T04:45:27.567+0000] {dag.py:3239} INFO - Sync 1 DAGs
[2024-10-22T04:45:27.587+0000] {logging_mixin.py:190} INFO - [2024-10-22T04:45:27.586+0000] {dag.py:4180} INFO - Setting next_dagrun for tutorial_taskflow_api_virtualenv to None, run_after=None
[2024-10-22T04:45:27.611+0000] {processor.py:208} INFO - Processing /home/airflow/.local/lib/python3.12/site-packages/airflow/example_dags/tutorial_taskflow_api_virtualenv.py took 0.094 seconds
[2024-10-22T04:45:57.760+0000] {processor.py:186} INFO - Started process (PID=66162) to work on /home/airflow/.local/lib/python3.12/site-packages/airflow/example_dags/tutorial_taskflow_api_virtualenv.py
[2024-10-22T04:45:57.765+0000] {processor.py:914} INFO - Processing file /home/airflow/.local/lib/python3.12/site-packages/airflow/example_dags/tutorial_taskflow_api_virtualenv.py for tasks to queue
[2024-10-22T04:45:57.771+0000] {logging_mixin.py:190} INFO - [2024-10-22T04:45:57.770+0000] {dagbag.py:588} INFO - Filling up the DagBag from /home/airflow/.local/lib/python3.12/site-packages/airflow/example_dags/tutorial_taskflow_api_virtualenv.py
[2024-10-22T04:45:57.795+0000] {processor.py:925} INFO - DAG(s) 'tutorial_taskflow_api_virtualenv' retrieved from /home/airflow/.local/lib/python3.12/site-packages/airflow/example_dags/tutorial_taskflow_api_virtualenv.py
[2024-10-22T04:45:57.839+0000] {logging_mixin.py:190} INFO - [2024-10-22T04:45:57.838+0000] {dag.py:3239} INFO - Sync 1 DAGs
[2024-10-22T04:45:57.890+0000] {logging_mixin.py:190} INFO - [2024-10-22T04:45:57.889+0000] {dag.py:4180} INFO - Setting next_dagrun for tutorial_taskflow_api_virtualenv to None, run_after=None
[2024-10-22T04:45:57.931+0000] {processor.py:208} INFO - Processing /home/airflow/.local/lib/python3.12/site-packages/airflow/example_dags/tutorial_taskflow_api_virtualenv.py took 0.190 seconds
[2024-10-22T04:46:28.463+0000] {processor.py:186} INFO - Started process (PID=66229) to work on /home/airflow/.local/lib/python3.12/site-packages/airflow/example_dags/tutorial_taskflow_api_virtualenv.py
[2024-10-22T04:46:28.464+0000] {processor.py:914} INFO - Processing file /home/airflow/.local/lib/python3.12/site-packages/airflow/example_dags/tutorial_taskflow_api_virtualenv.py for tasks to queue
[2024-10-22T04:46:28.467+0000] {logging_mixin.py:190} INFO - [2024-10-22T04:46:28.466+0000] {dagbag.py:588} INFO - Filling up the DagBag from /home/airflow/.local/lib/python3.12/site-packages/airflow/example_dags/tutorial_taskflow_api_virtualenv.py
[2024-10-22T04:46:28.488+0000] {processor.py:925} INFO - DAG(s) 'tutorial_taskflow_api_virtualenv' retrieved from /home/airflow/.local/lib/python3.12/site-packages/airflow/example_dags/tutorial_taskflow_api_virtualenv.py
[2024-10-22T04:46:28.536+0000] {logging_mixin.py:190} INFO - [2024-10-22T04:46:28.535+0000] {dag.py:3239} INFO - Sync 1 DAGs
[2024-10-22T04:46:28.566+0000] {logging_mixin.py:190} INFO - [2024-10-22T04:46:28.565+0000] {dag.py:4180} INFO - Setting next_dagrun for tutorial_taskflow_api_virtualenv to None, run_after=None
[2024-10-22T04:46:28.595+0000] {processor.py:208} INFO - Processing /home/airflow/.local/lib/python3.12/site-packages/airflow/example_dags/tutorial_taskflow_api_virtualenv.py took 0.148 seconds
[2024-10-22T04:46:58.796+0000] {processor.py:186} INFO - Started process (PID=66296) to work on /home/airflow/.local/lib/python3.12/site-packages/airflow/example_dags/tutorial_taskflow_api_virtualenv.py
[2024-10-22T04:46:58.797+0000] {processor.py:914} INFO - Processing file /home/airflow/.local/lib/python3.12/site-packages/airflow/example_dags/tutorial_taskflow_api_virtualenv.py for tasks to queue
[2024-10-22T04:46:58.799+0000] {logging_mixin.py:190} INFO - [2024-10-22T04:46:58.799+0000] {dagbag.py:588} INFO - Filling up the DagBag from /home/airflow/.local/lib/python3.12/site-packages/airflow/example_dags/tutorial_taskflow_api_virtualenv.py
[2024-10-22T04:46:58.815+0000] {processor.py:925} INFO - DAG(s) 'tutorial_taskflow_api_virtualenv' retrieved from /home/airflow/.local/lib/python3.12/site-packages/airflow/example_dags/tutorial_taskflow_api_virtualenv.py
[2024-10-22T04:46:58.850+0000] {logging_mixin.py:190} INFO - [2024-10-22T04:46:58.850+0000] {dag.py:3239} INFO - Sync 1 DAGs
[2024-10-22T04:46:58.871+0000] {logging_mixin.py:190} INFO - [2024-10-22T04:46:58.871+0000] {dag.py:4180} INFO - Setting next_dagrun for tutorial_taskflow_api_virtualenv to None, run_after=None
[2024-10-22T04:46:58.896+0000] {processor.py:208} INFO - Processing /home/airflow/.local/lib/python3.12/site-packages/airflow/example_dags/tutorial_taskflow_api_virtualenv.py took 0.110 seconds
[2024-10-22T04:47:29.367+0000] {processor.py:186} INFO - Started process (PID=66363) to work on /home/airflow/.local/lib/python3.12/site-packages/airflow/example_dags/tutorial_taskflow_api_virtualenv.py
[2024-10-22T04:47:29.368+0000] {processor.py:914} INFO - Processing file /home/airflow/.local/lib/python3.12/site-packages/airflow/example_dags/tutorial_taskflow_api_virtualenv.py for tasks to queue
[2024-10-22T04:47:29.370+0000] {logging_mixin.py:190} INFO - [2024-10-22T04:47:29.370+0000] {dagbag.py:588} INFO - Filling up the DagBag from /home/airflow/.local/lib/python3.12/site-packages/airflow/example_dags/tutorial_taskflow_api_virtualenv.py
[2024-10-22T04:47:29.385+0000] {processor.py:925} INFO - DAG(s) 'tutorial_taskflow_api_virtualenv' retrieved from /home/airflow/.local/lib/python3.12/site-packages/airflow/example_dags/tutorial_taskflow_api_virtualenv.py
[2024-10-22T04:47:29.412+0000] {logging_mixin.py:190} INFO - [2024-10-22T04:47:29.412+0000] {dag.py:3239} INFO - Sync 1 DAGs
[2024-10-22T04:47:29.433+0000] {logging_mixin.py:190} INFO - [2024-10-22T04:47:29.433+0000] {dag.py:4180} INFO - Setting next_dagrun for tutorial_taskflow_api_virtualenv to None, run_after=None
[2024-10-22T04:47:29.454+0000] {processor.py:208} INFO - Processing /home/airflow/.local/lib/python3.12/site-packages/airflow/example_dags/tutorial_taskflow_api_virtualenv.py took 0.096 seconds
[2024-10-22T04:48:00.174+0000] {processor.py:186} INFO - Started process (PID=66430) to work on /home/airflow/.local/lib/python3.12/site-packages/airflow/example_dags/tutorial_taskflow_api_virtualenv.py
[2024-10-22T04:48:00.175+0000] {processor.py:914} INFO - Processing file /home/airflow/.local/lib/python3.12/site-packages/airflow/example_dags/tutorial_taskflow_api_virtualenv.py for tasks to queue
[2024-10-22T04:48:00.177+0000] {logging_mixin.py:190} INFO - [2024-10-22T04:48:00.177+0000] {dagbag.py:588} INFO - Filling up the DagBag from /home/airflow/.local/lib/python3.12/site-packages/airflow/example_dags/tutorial_taskflow_api_virtualenv.py
[2024-10-22T04:48:00.190+0000] {processor.py:925} INFO - DAG(s) 'tutorial_taskflow_api_virtualenv' retrieved from /home/airflow/.local/lib/python3.12/site-packages/airflow/example_dags/tutorial_taskflow_api_virtualenv.py
[2024-10-22T04:48:00.215+0000] {logging_mixin.py:190} INFO - [2024-10-22T04:48:00.215+0000] {dag.py:3239} INFO - Sync 1 DAGs
[2024-10-22T04:48:00.232+0000] {logging_mixin.py:190} INFO - [2024-10-22T04:48:00.232+0000] {dag.py:4180} INFO - Setting next_dagrun for tutorial_taskflow_api_virtualenv to None, run_after=None
[2024-10-22T04:48:00.256+0000] {processor.py:208} INFO - Processing /home/airflow/.local/lib/python3.12/site-packages/airflow/example_dags/tutorial_taskflow_api_virtualenv.py took 0.089 seconds
[2024-10-22T04:48:30.468+0000] {processor.py:186} INFO - Started process (PID=66496) to work on /home/airflow/.local/lib/python3.12/site-packages/airflow/example_dags/tutorial_taskflow_api_virtualenv.py
[2024-10-22T04:48:30.469+0000] {processor.py:914} INFO - Processing file /home/airflow/.local/lib/python3.12/site-packages/airflow/example_dags/tutorial_taskflow_api_virtualenv.py for tasks to queue
[2024-10-22T04:48:30.470+0000] {logging_mixin.py:190} INFO - [2024-10-22T04:48:30.470+0000] {dagbag.py:588} INFO - Filling up the DagBag from /home/airflow/.local/lib/python3.12/site-packages/airflow/example_dags/tutorial_taskflow_api_virtualenv.py
[2024-10-22T04:48:30.482+0000] {processor.py:925} INFO - DAG(s) 'tutorial_taskflow_api_virtualenv' retrieved from /home/airflow/.local/lib/python3.12/site-packages/airflow/example_dags/tutorial_taskflow_api_virtualenv.py
[2024-10-22T04:48:30.504+0000] {logging_mixin.py:190} INFO - [2024-10-22T04:48:30.504+0000] {dag.py:3239} INFO - Sync 1 DAGs
[2024-10-22T04:48:30.520+0000] {logging_mixin.py:190} INFO - [2024-10-22T04:48:30.520+0000] {dag.py:4180} INFO - Setting next_dagrun for tutorial_taskflow_api_virtualenv to None, run_after=None
[2024-10-22T04:48:30.538+0000] {processor.py:208} INFO - Processing /home/airflow/.local/lib/python3.12/site-packages/airflow/example_dags/tutorial_taskflow_api_virtualenv.py took 0.079 seconds
[2024-10-22T04:49:00.597+0000] {processor.py:186} INFO - Started process (PID=66562) to work on /home/airflow/.local/lib/python3.12/site-packages/airflow/example_dags/tutorial_taskflow_api_virtualenv.py
[2024-10-22T04:49:00.598+0000] {processor.py:914} INFO - Processing file /home/airflow/.local/lib/python3.12/site-packages/airflow/example_dags/tutorial_taskflow_api_virtualenv.py for tasks to queue
[2024-10-22T04:49:00.600+0000] {logging_mixin.py:190} INFO - [2024-10-22T04:49:00.599+0000] {dagbag.py:588} INFO - Filling up the DagBag from /home/airflow/.local/lib/python3.12/site-packages/airflow/example_dags/tutorial_taskflow_api_virtualenv.py
[2024-10-22T04:49:00.615+0000] {processor.py:925} INFO - DAG(s) 'tutorial_taskflow_api_virtualenv' retrieved from /home/airflow/.local/lib/python3.12/site-packages/airflow/example_dags/tutorial_taskflow_api_virtualenv.py
[2024-10-22T04:49:00.638+0000] {logging_mixin.py:190} INFO - [2024-10-22T04:49:00.638+0000] {dag.py:3239} INFO - Sync 1 DAGs
[2024-10-22T04:49:00.655+0000] {logging_mixin.py:190} INFO - [2024-10-22T04:49:00.655+0000] {dag.py:4180} INFO - Setting next_dagrun for tutorial_taskflow_api_virtualenv to None, run_after=None
[2024-10-22T04:49:00.672+0000] {processor.py:208} INFO - Processing /home/airflow/.local/lib/python3.12/site-packages/airflow/example_dags/tutorial_taskflow_api_virtualenv.py took 0.085 seconds
[2024-10-22T04:49:31.149+0000] {processor.py:186} INFO - Started process (PID=66630) to work on /home/airflow/.local/lib/python3.12/site-packages/airflow/example_dags/tutorial_taskflow_api_virtualenv.py
[2024-10-22T04:49:31.151+0000] {processor.py:914} INFO - Processing file /home/airflow/.local/lib/python3.12/site-packages/airflow/example_dags/tutorial_taskflow_api_virtualenv.py for tasks to queue
[2024-10-22T04:49:31.152+0000] {logging_mixin.py:190} INFO - [2024-10-22T04:49:31.152+0000] {dagbag.py:588} INFO - Filling up the DagBag from /home/airflow/.local/lib/python3.12/site-packages/airflow/example_dags/tutorial_taskflow_api_virtualenv.py
[2024-10-22T04:49:31.165+0000] {processor.py:925} INFO - DAG(s) 'tutorial_taskflow_api_virtualenv' retrieved from /home/airflow/.local/lib/python3.12/site-packages/airflow/example_dags/tutorial_taskflow_api_virtualenv.py
[2024-10-22T04:49:31.190+0000] {logging_mixin.py:190} INFO - [2024-10-22T04:49:31.190+0000] {dag.py:3239} INFO - Sync 1 DAGs
[2024-10-22T04:49:31.207+0000] {logging_mixin.py:190} INFO - [2024-10-22T04:49:31.206+0000] {dag.py:4180} INFO - Setting next_dagrun for tutorial_taskflow_api_virtualenv to None, run_after=None
[2024-10-22T04:49:31.226+0000] {processor.py:208} INFO - Processing /home/airflow/.local/lib/python3.12/site-packages/airflow/example_dags/tutorial_taskflow_api_virtualenv.py took 0.084 seconds
[2024-10-22T04:50:01.963+0000] {processor.py:186} INFO - Started process (PID=66697) to work on /home/airflow/.local/lib/python3.12/site-packages/airflow/example_dags/tutorial_taskflow_api_virtualenv.py
[2024-10-22T04:50:01.964+0000] {processor.py:914} INFO - Processing file /home/airflow/.local/lib/python3.12/site-packages/airflow/example_dags/tutorial_taskflow_api_virtualenv.py for tasks to queue
[2024-10-22T04:50:01.966+0000] {logging_mixin.py:190} INFO - [2024-10-22T04:50:01.965+0000] {dagbag.py:588} INFO - Filling up the DagBag from /home/airflow/.local/lib/python3.12/site-packages/airflow/example_dags/tutorial_taskflow_api_virtualenv.py
[2024-10-22T04:50:01.979+0000] {processor.py:925} INFO - DAG(s) 'tutorial_taskflow_api_virtualenv' retrieved from /home/airflow/.local/lib/python3.12/site-packages/airflow/example_dags/tutorial_taskflow_api_virtualenv.py
[2024-10-22T04:50:02.001+0000] {logging_mixin.py:190} INFO - [2024-10-22T04:50:02.001+0000] {dag.py:3239} INFO - Sync 1 DAGs
[2024-10-22T04:50:02.018+0000] {logging_mixin.py:190} INFO - [2024-10-22T04:50:02.018+0000] {dag.py:4180} INFO - Setting next_dagrun for tutorial_taskflow_api_virtualenv to None, run_after=None
[2024-10-22T04:50:02.036+0000] {processor.py:208} INFO - Processing /home/airflow/.local/lib/python3.12/site-packages/airflow/example_dags/tutorial_taskflow_api_virtualenv.py took 0.082 seconds
[2024-10-22T04:50:32.419+0000] {processor.py:186} INFO - Started process (PID=66764) to work on /home/airflow/.local/lib/python3.12/site-packages/airflow/example_dags/tutorial_taskflow_api_virtualenv.py
[2024-10-22T04:50:32.421+0000] {processor.py:914} INFO - Processing file /home/airflow/.local/lib/python3.12/site-packages/airflow/example_dags/tutorial_taskflow_api_virtualenv.py for tasks to queue
[2024-10-22T04:50:32.422+0000] {logging_mixin.py:190} INFO - [2024-10-22T04:50:32.422+0000] {dagbag.py:588} INFO - Filling up the DagBag from /home/airflow/.local/lib/python3.12/site-packages/airflow/example_dags/tutorial_taskflow_api_virtualenv.py
[2024-10-22T04:50:32.436+0000] {processor.py:925} INFO - DAG(s) 'tutorial_taskflow_api_virtualenv' retrieved from /home/airflow/.local/lib/python3.12/site-packages/airflow/example_dags/tutorial_taskflow_api_virtualenv.py
[2024-10-22T04:50:32.459+0000] {logging_mixin.py:190} INFO - [2024-10-22T04:50:32.459+0000] {dag.py:3239} INFO - Sync 1 DAGs
[2024-10-22T04:50:32.475+0000] {logging_mixin.py:190} INFO - [2024-10-22T04:50:32.475+0000] {dag.py:4180} INFO - Setting next_dagrun for tutorial_taskflow_api_virtualenv to None, run_after=None
[2024-10-22T04:50:32.492+0000] {processor.py:208} INFO - Processing /home/airflow/.local/lib/python3.12/site-packages/airflow/example_dags/tutorial_taskflow_api_virtualenv.py took 0.082 seconds
[2024-10-22T04:51:03.027+0000] {processor.py:186} INFO - Started process (PID=66831) to work on /home/airflow/.local/lib/python3.12/site-packages/airflow/example_dags/tutorial_taskflow_api_virtualenv.py
[2024-10-22T04:51:03.029+0000] {processor.py:914} INFO - Processing file /home/airflow/.local/lib/python3.12/site-packages/airflow/example_dags/tutorial_taskflow_api_virtualenv.py for tasks to queue
[2024-10-22T04:51:03.031+0000] {logging_mixin.py:190} INFO - [2024-10-22T04:51:03.030+0000] {dagbag.py:588} INFO - Filling up the DagBag from /home/airflow/.local/lib/python3.12/site-packages/airflow/example_dags/tutorial_taskflow_api_virtualenv.py
[2024-10-22T04:51:03.044+0000] {processor.py:925} INFO - DAG(s) 'tutorial_taskflow_api_virtualenv' retrieved from /home/airflow/.local/lib/python3.12/site-packages/airflow/example_dags/tutorial_taskflow_api_virtualenv.py
[2024-10-22T04:51:03.067+0000] {logging_mixin.py:190} INFO - [2024-10-22T04:51:03.067+0000] {dag.py:3239} INFO - Sync 1 DAGs
[2024-10-22T04:51:03.085+0000] {logging_mixin.py:190} INFO - [2024-10-22T04:51:03.084+0000] {dag.py:4180} INFO - Setting next_dagrun for tutorial_taskflow_api_virtualenv to None, run_after=None
[2024-10-22T04:51:03.131+0000] {processor.py:208} INFO - Processing /home/airflow/.local/lib/python3.12/site-packages/airflow/example_dags/tutorial_taskflow_api_virtualenv.py took 0.112 seconds
[2024-10-22T04:51:34.115+0000] {processor.py:186} INFO - Started process (PID=66898) to work on /home/airflow/.local/lib/python3.12/site-packages/airflow/example_dags/tutorial_taskflow_api_virtualenv.py
[2024-10-22T04:51:34.116+0000] {processor.py:914} INFO - Processing file /home/airflow/.local/lib/python3.12/site-packages/airflow/example_dags/tutorial_taskflow_api_virtualenv.py for tasks to queue
[2024-10-22T04:51:34.119+0000] {logging_mixin.py:190} INFO - [2024-10-22T04:51:34.118+0000] {dagbag.py:588} INFO - Filling up the DagBag from /home/airflow/.local/lib/python3.12/site-packages/airflow/example_dags/tutorial_taskflow_api_virtualenv.py
[2024-10-22T04:51:34.139+0000] {processor.py:925} INFO - DAG(s) 'tutorial_taskflow_api_virtualenv' retrieved from /home/airflow/.local/lib/python3.12/site-packages/airflow/example_dags/tutorial_taskflow_api_virtualenv.py
[2024-10-22T04:51:34.175+0000] {logging_mixin.py:190} INFO - [2024-10-22T04:51:34.175+0000] {dag.py:3239} INFO - Sync 1 DAGs
[2024-10-22T04:51:34.199+0000] {logging_mixin.py:190} INFO - [2024-10-22T04:51:34.198+0000] {dag.py:4180} INFO - Setting next_dagrun for tutorial_taskflow_api_virtualenv to None, run_after=None
[2024-10-22T04:51:34.232+0000] {processor.py:208} INFO - Processing /home/airflow/.local/lib/python3.12/site-packages/airflow/example_dags/tutorial_taskflow_api_virtualenv.py took 0.126 seconds
[2024-10-22T04:52:04.757+0000] {processor.py:186} INFO - Started process (PID=66965) to work on /home/airflow/.local/lib/python3.12/site-packages/airflow/example_dags/tutorial_taskflow_api_virtualenv.py
[2024-10-22T04:52:04.758+0000] {processor.py:914} INFO - Processing file /home/airflow/.local/lib/python3.12/site-packages/airflow/example_dags/tutorial_taskflow_api_virtualenv.py for tasks to queue
[2024-10-22T04:52:04.760+0000] {logging_mixin.py:190} INFO - [2024-10-22T04:52:04.760+0000] {dagbag.py:588} INFO - Filling up the DagBag from /home/airflow/.local/lib/python3.12/site-packages/airflow/example_dags/tutorial_taskflow_api_virtualenv.py
[2024-10-22T04:52:04.781+0000] {processor.py:925} INFO - DAG(s) 'tutorial_taskflow_api_virtualenv' retrieved from /home/airflow/.local/lib/python3.12/site-packages/airflow/example_dags/tutorial_taskflow_api_virtualenv.py
[2024-10-22T04:52:04.815+0000] {logging_mixin.py:190} INFO - [2024-10-22T04:52:04.815+0000] {dag.py:3239} INFO - Sync 1 DAGs
[2024-10-22T04:52:04.840+0000] {logging_mixin.py:190} INFO - [2024-10-22T04:52:04.839+0000] {dag.py:4180} INFO - Setting next_dagrun for tutorial_taskflow_api_virtualenv to None, run_after=None
[2024-10-22T04:52:04.879+0000] {processor.py:208} INFO - Processing /home/airflow/.local/lib/python3.12/site-packages/airflow/example_dags/tutorial_taskflow_api_virtualenv.py took 0.133 seconds
[2024-10-22T04:52:35.551+0000] {processor.py:186} INFO - Started process (PID=67032) to work on /home/airflow/.local/lib/python3.12/site-packages/airflow/example_dags/tutorial_taskflow_api_virtualenv.py
[2024-10-22T04:52:35.554+0000] {processor.py:914} INFO - Processing file /home/airflow/.local/lib/python3.12/site-packages/airflow/example_dags/tutorial_taskflow_api_virtualenv.py for tasks to queue
[2024-10-22T04:52:35.558+0000] {logging_mixin.py:190} INFO - [2024-10-22T04:52:35.557+0000] {dagbag.py:588} INFO - Filling up the DagBag from /home/airflow/.local/lib/python3.12/site-packages/airflow/example_dags/tutorial_taskflow_api_virtualenv.py
[2024-10-22T04:52:35.597+0000] {processor.py:925} INFO - DAG(s) 'tutorial_taskflow_api_virtualenv' retrieved from /home/airflow/.local/lib/python3.12/site-packages/airflow/example_dags/tutorial_taskflow_api_virtualenv.py
[2024-10-22T04:52:35.658+0000] {logging_mixin.py:190} INFO - [2024-10-22T04:52:35.657+0000] {dag.py:3239} INFO - Sync 1 DAGs
[2024-10-22T04:52:35.709+0000] {logging_mixin.py:190} INFO - [2024-10-22T04:52:35.709+0000] {dag.py:4180} INFO - Setting next_dagrun for tutorial_taskflow_api_virtualenv to None, run_after=None
[2024-10-22T04:52:35.761+0000] {processor.py:208} INFO - Processing /home/airflow/.local/lib/python3.12/site-packages/airflow/example_dags/tutorial_taskflow_api_virtualenv.py took 0.233 seconds
[2024-10-22T04:53:15.387+0000] {processor.py:186} INFO - Started process (PID=67097) to work on /home/airflow/.local/lib/python3.12/site-packages/airflow/example_dags/tutorial_taskflow_api_virtualenv.py
[2024-10-22T04:53:15.393+0000] {processor.py:914} INFO - Processing file /home/airflow/.local/lib/python3.12/site-packages/airflow/example_dags/tutorial_taskflow_api_virtualenv.py for tasks to queue
[2024-10-22T04:53:15.399+0000] {logging_mixin.py:190} INFO - [2024-10-22T04:53:15.398+0000] {dagbag.py:588} INFO - Filling up the DagBag from /home/airflow/.local/lib/python3.12/site-packages/airflow/example_dags/tutorial_taskflow_api_virtualenv.py
[2024-10-22T04:53:15.457+0000] {processor.py:925} INFO - DAG(s) 'tutorial_taskflow_api_virtualenv' retrieved from /home/airflow/.local/lib/python3.12/site-packages/airflow/example_dags/tutorial_taskflow_api_virtualenv.py
[2024-10-22T04:53:15.551+0000] {logging_mixin.py:190} INFO - [2024-10-22T04:53:15.549+0000] {dag.py:3239} INFO - Sync 1 DAGs
[2024-10-22T04:53:15.621+0000] {logging_mixin.py:190} INFO - [2024-10-22T04:53:15.619+0000] {dag.py:4180} INFO - Setting next_dagrun for tutorial_taskflow_api_virtualenv to None, run_after=None
[2024-10-22T04:53:15.700+0000] {processor.py:208} INFO - Processing /home/airflow/.local/lib/python3.12/site-packages/airflow/example_dags/tutorial_taskflow_api_virtualenv.py took 0.343 seconds
[2024-10-22T04:53:47.147+0000] {processor.py:186} INFO - Started process (PID=67164) to work on /home/airflow/.local/lib/python3.12/site-packages/airflow/example_dags/tutorial_taskflow_api_virtualenv.py
[2024-10-22T04:53:47.149+0000] {processor.py:914} INFO - Processing file /home/airflow/.local/lib/python3.12/site-packages/airflow/example_dags/tutorial_taskflow_api_virtualenv.py for tasks to queue
[2024-10-22T04:53:47.154+0000] {logging_mixin.py:190} INFO - [2024-10-22T04:53:47.152+0000] {dagbag.py:588} INFO - Filling up the DagBag from /home/airflow/.local/lib/python3.12/site-packages/airflow/example_dags/tutorial_taskflow_api_virtualenv.py
[2024-10-22T04:53:47.187+0000] {processor.py:925} INFO - DAG(s) 'tutorial_taskflow_api_virtualenv' retrieved from /home/airflow/.local/lib/python3.12/site-packages/airflow/example_dags/tutorial_taskflow_api_virtualenv.py
[2024-10-22T04:53:47.252+0000] {logging_mixin.py:190} INFO - [2024-10-22T04:53:47.251+0000] {dag.py:3239} INFO - Sync 1 DAGs
[2024-10-22T04:53:47.324+0000] {logging_mixin.py:190} INFO - [2024-10-22T04:53:47.323+0000] {dag.py:4180} INFO - Setting next_dagrun for tutorial_taskflow_api_virtualenv to None, run_after=None
[2024-10-22T04:53:47.381+0000] {processor.py:208} INFO - Processing /home/airflow/.local/lib/python3.12/site-packages/airflow/example_dags/tutorial_taskflow_api_virtualenv.py took 0.268 seconds
[2024-10-22T04:54:18.295+0000] {processor.py:186} INFO - Started process (PID=67230) to work on /home/airflow/.local/lib/python3.12/site-packages/airflow/example_dags/tutorial_taskflow_api_virtualenv.py
[2024-10-22T04:54:18.299+0000] {processor.py:914} INFO - Processing file /home/airflow/.local/lib/python3.12/site-packages/airflow/example_dags/tutorial_taskflow_api_virtualenv.py for tasks to queue
[2024-10-22T04:54:18.305+0000] {logging_mixin.py:190} INFO - [2024-10-22T04:54:18.304+0000] {dagbag.py:588} INFO - Filling up the DagBag from /home/airflow/.local/lib/python3.12/site-packages/airflow/example_dags/tutorial_taskflow_api_virtualenv.py
[2024-10-22T04:54:18.348+0000] {processor.py:925} INFO - DAG(s) 'tutorial_taskflow_api_virtualenv' retrieved from /home/airflow/.local/lib/python3.12/site-packages/airflow/example_dags/tutorial_taskflow_api_virtualenv.py
[2024-10-22T04:54:18.445+0000] {logging_mixin.py:190} INFO - [2024-10-22T04:54:18.445+0000] {dag.py:3239} INFO - Sync 1 DAGs
[2024-10-22T04:54:18.521+0000] {logging_mixin.py:190} INFO - [2024-10-22T04:54:18.520+0000] {dag.py:4180} INFO - Setting next_dagrun for tutorial_taskflow_api_virtualenv to None, run_after=None
[2024-10-22T04:54:18.608+0000] {processor.py:208} INFO - Processing /home/airflow/.local/lib/python3.12/site-packages/airflow/example_dags/tutorial_taskflow_api_virtualenv.py took 0.346 seconds
[2024-10-22T04:54:57.540+0000] {processor.py:186} INFO - Started process (PID=67303) to work on /home/airflow/.local/lib/python3.12/site-packages/airflow/example_dags/tutorial_taskflow_api_virtualenv.py
[2024-10-22T04:54:57.547+0000] {processor.py:914} INFO - Processing file /home/airflow/.local/lib/python3.12/site-packages/airflow/example_dags/tutorial_taskflow_api_virtualenv.py for tasks to queue
[2024-10-22T04:54:57.568+0000] {logging_mixin.py:190} INFO - [2024-10-22T04:54:57.561+0000] {dagbag.py:588} INFO - Filling up the DagBag from /home/airflow/.local/lib/python3.12/site-packages/airflow/example_dags/tutorial_taskflow_api_virtualenv.py
[2024-10-22T04:54:57.754+0000] {processor.py:925} INFO - DAG(s) 'tutorial_taskflow_api_virtualenv' retrieved from /home/airflow/.local/lib/python3.12/site-packages/airflow/example_dags/tutorial_taskflow_api_virtualenv.py
[2024-10-22T04:54:58.040+0000] {logging_mixin.py:190} INFO - [2024-10-22T04:54:58.029+0000] {dag.py:3239} INFO - Sync 1 DAGs
[2024-10-22T04:54:58.235+0000] {logging_mixin.py:190} INFO - [2024-10-22T04:54:58.229+0000] {dag.py:4180} INFO - Setting next_dagrun for tutorial_taskflow_api_virtualenv to None, run_after=None
[2024-10-22T04:54:58.409+0000] {processor.py:208} INFO - Processing /home/airflow/.local/lib/python3.12/site-packages/airflow/example_dags/tutorial_taskflow_api_virtualenv.py took 0.938 seconds
[2024-10-22T04:55:51.923+0000] {processor.py:186} INFO - Started process (PID=67363) to work on /home/airflow/.local/lib/python3.12/site-packages/airflow/example_dags/tutorial_taskflow_api_virtualenv.py
[2024-10-22T04:55:51.935+0000] {processor.py:914} INFO - Processing file /home/airflow/.local/lib/python3.12/site-packages/airflow/example_dags/tutorial_taskflow_api_virtualenv.py for tasks to queue
[2024-10-22T04:55:51.944+0000] {logging_mixin.py:190} INFO - [2024-10-22T04:55:51.941+0000] {dagbag.py:588} INFO - Filling up the DagBag from /home/airflow/.local/lib/python3.12/site-packages/airflow/example_dags/tutorial_taskflow_api_virtualenv.py
[2024-10-22T04:55:52.110+0000] {processor.py:925} INFO - DAG(s) 'tutorial_taskflow_api_virtualenv' retrieved from /home/airflow/.local/lib/python3.12/site-packages/airflow/example_dags/tutorial_taskflow_api_virtualenv.py
[2024-10-22T04:55:52.402+0000] {logging_mixin.py:190} INFO - [2024-10-22T04:55:52.399+0000] {dag.py:3239} INFO - Sync 1 DAGs
[2024-10-22T04:55:52.610+0000] {logging_mixin.py:190} INFO - [2024-10-22T04:55:52.609+0000] {dag.py:4180} INFO - Setting next_dagrun for tutorial_taskflow_api_virtualenv to None, run_after=None
[2024-10-22T04:55:52.812+0000] {processor.py:208} INFO - Processing /home/airflow/.local/lib/python3.12/site-packages/airflow/example_dags/tutorial_taskflow_api_virtualenv.py took 1.043 seconds
[2024-10-22T04:56:43.853+0000] {processor.py:186} INFO - Started process (PID=67435) to work on /home/airflow/.local/lib/python3.12/site-packages/airflow/example_dags/tutorial_taskflow_api_virtualenv.py
[2024-10-22T04:56:43.859+0000] {processor.py:914} INFO - Processing file /home/airflow/.local/lib/python3.12/site-packages/airflow/example_dags/tutorial_taskflow_api_virtualenv.py for tasks to queue
[2024-10-22T04:56:43.866+0000] {logging_mixin.py:190} INFO - [2024-10-22T04:56:43.864+0000] {dagbag.py:588} INFO - Filling up the DagBag from /home/airflow/.local/lib/python3.12/site-packages/airflow/example_dags/tutorial_taskflow_api_virtualenv.py
[2024-10-22T04:56:43.923+0000] {processor.py:925} INFO - DAG(s) 'tutorial_taskflow_api_virtualenv' retrieved from /home/airflow/.local/lib/python3.12/site-packages/airflow/example_dags/tutorial_taskflow_api_virtualenv.py
[2024-10-22T04:56:44.018+0000] {logging_mixin.py:190} INFO - [2024-10-22T04:56:44.017+0000] {dag.py:3239} INFO - Sync 1 DAGs
[2024-10-22T04:56:44.092+0000] {logging_mixin.py:190} INFO - [2024-10-22T04:56:44.091+0000] {dag.py:4180} INFO - Setting next_dagrun for tutorial_taskflow_api_virtualenv to None, run_after=None
[2024-10-22T04:56:44.172+0000] {processor.py:208} INFO - Processing /home/airflow/.local/lib/python3.12/site-packages/airflow/example_dags/tutorial_taskflow_api_virtualenv.py took 0.364 seconds
[2024-10-22T04:57:14.683+0000] {processor.py:186} INFO - Started process (PID=67501) to work on /home/airflow/.local/lib/python3.12/site-packages/airflow/example_dags/tutorial_taskflow_api_virtualenv.py
[2024-10-22T04:57:14.685+0000] {processor.py:914} INFO - Processing file /home/airflow/.local/lib/python3.12/site-packages/airflow/example_dags/tutorial_taskflow_api_virtualenv.py for tasks to queue
[2024-10-22T04:57:14.688+0000] {logging_mixin.py:190} INFO - [2024-10-22T04:57:14.687+0000] {dagbag.py:588} INFO - Filling up the DagBag from /home/airflow/.local/lib/python3.12/site-packages/airflow/example_dags/tutorial_taskflow_api_virtualenv.py
[2024-10-22T04:57:14.719+0000] {processor.py:925} INFO - DAG(s) 'tutorial_taskflow_api_virtualenv' retrieved from /home/airflow/.local/lib/python3.12/site-packages/airflow/example_dags/tutorial_taskflow_api_virtualenv.py
[2024-10-22T04:57:14.781+0000] {logging_mixin.py:190} INFO - [2024-10-22T04:57:14.781+0000] {dag.py:3239} INFO - Sync 1 DAGs
[2024-10-22T04:57:14.827+0000] {logging_mixin.py:190} INFO - [2024-10-22T04:57:14.827+0000] {dag.py:4180} INFO - Setting next_dagrun for tutorial_taskflow_api_virtualenv to None, run_after=None
[2024-10-22T04:57:14.879+0000] {processor.py:208} INFO - Processing /home/airflow/.local/lib/python3.12/site-packages/airflow/example_dags/tutorial_taskflow_api_virtualenv.py took 0.216 seconds
[2024-10-22T04:57:45.356+0000] {processor.py:186} INFO - Started process (PID=67567) to work on /home/airflow/.local/lib/python3.12/site-packages/airflow/example_dags/tutorial_taskflow_api_virtualenv.py
[2024-10-22T04:57:45.358+0000] {processor.py:914} INFO - Processing file /home/airflow/.local/lib/python3.12/site-packages/airflow/example_dags/tutorial_taskflow_api_virtualenv.py for tasks to queue
[2024-10-22T04:57:45.361+0000] {logging_mixin.py:190} INFO - [2024-10-22T04:57:45.360+0000] {dagbag.py:588} INFO - Filling up the DagBag from /home/airflow/.local/lib/python3.12/site-packages/airflow/example_dags/tutorial_taskflow_api_virtualenv.py
[2024-10-22T04:57:45.386+0000] {processor.py:925} INFO - DAG(s) 'tutorial_taskflow_api_virtualenv' retrieved from /home/airflow/.local/lib/python3.12/site-packages/airflow/example_dags/tutorial_taskflow_api_virtualenv.py
[2024-10-22T04:57:45.429+0000] {logging_mixin.py:190} INFO - [2024-10-22T04:57:45.428+0000] {dag.py:3239} INFO - Sync 1 DAGs
[2024-10-22T04:57:45.460+0000] {logging_mixin.py:190} INFO - [2024-10-22T04:57:45.460+0000] {dag.py:4180} INFO - Setting next_dagrun for tutorial_taskflow_api_virtualenv to None, run_after=None
[2024-10-22T04:57:45.494+0000] {processor.py:208} INFO - Processing /home/airflow/.local/lib/python3.12/site-packages/airflow/example_dags/tutorial_taskflow_api_virtualenv.py took 0.154 seconds
[2024-10-22T04:58:16.268+0000] {processor.py:186} INFO - Started process (PID=67634) to work on /home/airflow/.local/lib/python3.12/site-packages/airflow/example_dags/tutorial_taskflow_api_virtualenv.py
[2024-10-22T04:58:16.270+0000] {processor.py:914} INFO - Processing file /home/airflow/.local/lib/python3.12/site-packages/airflow/example_dags/tutorial_taskflow_api_virtualenv.py for tasks to queue
[2024-10-22T04:58:16.272+0000] {logging_mixin.py:190} INFO - [2024-10-22T04:58:16.271+0000] {dagbag.py:588} INFO - Filling up the DagBag from /home/airflow/.local/lib/python3.12/site-packages/airflow/example_dags/tutorial_taskflow_api_virtualenv.py
[2024-10-22T04:58:16.290+0000] {processor.py:925} INFO - DAG(s) 'tutorial_taskflow_api_virtualenv' retrieved from /home/airflow/.local/lib/python3.12/site-packages/airflow/example_dags/tutorial_taskflow_api_virtualenv.py
[2024-10-22T04:58:16.323+0000] {logging_mixin.py:190} INFO - [2024-10-22T04:58:16.323+0000] {dag.py:3239} INFO - Sync 1 DAGs
[2024-10-22T04:58:16.347+0000] {logging_mixin.py:190} INFO - [2024-10-22T04:58:16.347+0000] {dag.py:4180} INFO - Setting next_dagrun for tutorial_taskflow_api_virtualenv to None, run_after=None
[2024-10-22T04:58:16.375+0000] {processor.py:208} INFO - Processing /home/airflow/.local/lib/python3.12/site-packages/airflow/example_dags/tutorial_taskflow_api_virtualenv.py took 0.118 seconds
[2024-10-22T04:58:46.577+0000] {processor.py:186} INFO - Started process (PID=67701) to work on /home/airflow/.local/lib/python3.12/site-packages/airflow/example_dags/tutorial_taskflow_api_virtualenv.py
[2024-10-22T04:58:46.579+0000] {processor.py:914} INFO - Processing file /home/airflow/.local/lib/python3.12/site-packages/airflow/example_dags/tutorial_taskflow_api_virtualenv.py for tasks to queue
[2024-10-22T04:58:46.581+0000] {logging_mixin.py:190} INFO - [2024-10-22T04:58:46.580+0000] {dagbag.py:588} INFO - Filling up the DagBag from /home/airflow/.local/lib/python3.12/site-packages/airflow/example_dags/tutorial_taskflow_api_virtualenv.py
[2024-10-22T04:58:46.596+0000] {processor.py:925} INFO - DAG(s) 'tutorial_taskflow_api_virtualenv' retrieved from /home/airflow/.local/lib/python3.12/site-packages/airflow/example_dags/tutorial_taskflow_api_virtualenv.py
[2024-10-22T04:58:46.625+0000] {logging_mixin.py:190} INFO - [2024-10-22T04:58:46.624+0000] {dag.py:3239} INFO - Sync 1 DAGs
[2024-10-22T04:58:46.644+0000] {logging_mixin.py:190} INFO - [2024-10-22T04:58:46.644+0000] {dag.py:4180} INFO - Setting next_dagrun for tutorial_taskflow_api_virtualenv to None, run_after=None
[2024-10-22T04:58:46.667+0000] {processor.py:208} INFO - Processing /home/airflow/.local/lib/python3.12/site-packages/airflow/example_dags/tutorial_taskflow_api_virtualenv.py took 0.099 seconds
[2024-10-22T04:59:18.489+0000] {processor.py:186} INFO - Started process (PID=67768) to work on /home/airflow/.local/lib/python3.12/site-packages/airflow/example_dags/tutorial_taskflow_api_virtualenv.py
[2024-10-22T04:59:18.494+0000] {processor.py:914} INFO - Processing file /home/airflow/.local/lib/python3.12/site-packages/airflow/example_dags/tutorial_taskflow_api_virtualenv.py for tasks to queue
[2024-10-22T04:59:18.503+0000] {logging_mixin.py:190} INFO - [2024-10-22T04:59:18.502+0000] {dagbag.py:588} INFO - Filling up the DagBag from /home/airflow/.local/lib/python3.12/site-packages/airflow/example_dags/tutorial_taskflow_api_virtualenv.py
[2024-10-22T04:59:18.560+0000] {processor.py:925} INFO - DAG(s) 'tutorial_taskflow_api_virtualenv' retrieved from /home/airflow/.local/lib/python3.12/site-packages/airflow/example_dags/tutorial_taskflow_api_virtualenv.py
[2024-10-22T04:59:18.627+0000] {logging_mixin.py:190} INFO - [2024-10-22T04:59:18.626+0000] {dag.py:3239} INFO - Sync 1 DAGs
[2024-10-22T04:59:18.688+0000] {logging_mixin.py:190} INFO - [2024-10-22T04:59:18.688+0000] {dag.py:4180} INFO - Setting next_dagrun for tutorial_taskflow_api_virtualenv to None, run_after=None
[2024-10-22T04:59:18.740+0000] {processor.py:208} INFO - Processing /home/airflow/.local/lib/python3.12/site-packages/airflow/example_dags/tutorial_taskflow_api_virtualenv.py took 0.272 seconds
[2024-10-22T04:59:50.364+0000] {processor.py:186} INFO - Started process (PID=67834) to work on /home/airflow/.local/lib/python3.12/site-packages/airflow/example_dags/tutorial_taskflow_api_virtualenv.py
[2024-10-22T04:59:50.385+0000] {processor.py:914} INFO - Processing file /home/airflow/.local/lib/python3.12/site-packages/airflow/example_dags/tutorial_taskflow_api_virtualenv.py for tasks to queue
[2024-10-22T04:59:50.429+0000] {logging_mixin.py:190} INFO - [2024-10-22T04:59:50.415+0000] {dagbag.py:588} INFO - Filling up the DagBag from /home/airflow/.local/lib/python3.12/site-packages/airflow/example_dags/tutorial_taskflow_api_virtualenv.py
[2024-10-22T04:59:50.581+0000] {processor.py:925} INFO - DAG(s) 'tutorial_taskflow_api_virtualenv' retrieved from /home/airflow/.local/lib/python3.12/site-packages/airflow/example_dags/tutorial_taskflow_api_virtualenv.py
[2024-10-22T04:59:50.788+0000] {logging_mixin.py:190} INFO - [2024-10-22T04:59:50.787+0000] {dag.py:3239} INFO - Sync 1 DAGs
[2024-10-22T04:59:50.948+0000] {logging_mixin.py:190} INFO - [2024-10-22T04:59:50.945+0000] {dag.py:4180} INFO - Setting next_dagrun for tutorial_taskflow_api_virtualenv to None, run_after=None
[2024-10-22T04:59:51.039+0000] {processor.py:208} INFO - Processing /home/airflow/.local/lib/python3.12/site-packages/airflow/example_dags/tutorial_taskflow_api_virtualenv.py took 0.739 seconds
[2024-10-22T05:00:29.597+0000] {processor.py:186} INFO - Started process (PID=67902) to work on /home/airflow/.local/lib/python3.12/site-packages/airflow/example_dags/tutorial_taskflow_api_virtualenv.py
[2024-10-22T05:00:29.604+0000] {processor.py:914} INFO - Processing file /home/airflow/.local/lib/python3.12/site-packages/airflow/example_dags/tutorial_taskflow_api_virtualenv.py for tasks to queue
[2024-10-22T05:00:29.620+0000] {logging_mixin.py:190} INFO - [2024-10-22T05:00:29.615+0000] {dagbag.py:588} INFO - Filling up the DagBag from /home/airflow/.local/lib/python3.12/site-packages/airflow/example_dags/tutorial_taskflow_api_virtualenv.py
[2024-10-22T05:00:29.771+0000] {processor.py:925} INFO - DAG(s) 'tutorial_taskflow_api_virtualenv' retrieved from /home/airflow/.local/lib/python3.12/site-packages/airflow/example_dags/tutorial_taskflow_api_virtualenv.py
[2024-10-22T05:00:29.952+0000] {logging_mixin.py:190} INFO - [2024-10-22T05:00:29.951+0000] {dag.py:3239} INFO - Sync 1 DAGs
[2024-10-22T05:00:30.191+0000] {logging_mixin.py:190} INFO - [2024-10-22T05:00:30.190+0000] {dag.py:4180} INFO - Setting next_dagrun for tutorial_taskflow_api_virtualenv to None, run_after=None
[2024-10-22T05:00:30.340+0000] {processor.py:208} INFO - Processing /home/airflow/.local/lib/python3.12/site-packages/airflow/example_dags/tutorial_taskflow_api_virtualenv.py took 0.799 seconds
[2024-10-22T05:01:29.158+0000] {processor.py:186} INFO - Started process (PID=67966) to work on /home/airflow/.local/lib/python3.12/site-packages/airflow/example_dags/tutorial_taskflow_api_virtualenv.py
[2024-10-22T05:01:29.185+0000] {processor.py:914} INFO - Processing file /home/airflow/.local/lib/python3.12/site-packages/airflow/example_dags/tutorial_taskflow_api_virtualenv.py for tasks to queue
[2024-10-22T05:01:29.248+0000] {logging_mixin.py:190} INFO - [2024-10-22T05:01:29.211+0000] {dagbag.py:588} INFO - Filling up the DagBag from /home/airflow/.local/lib/python3.12/site-packages/airflow/example_dags/tutorial_taskflow_api_virtualenv.py
[2024-10-22T05:01:29.527+0000] {processor.py:925} INFO - DAG(s) 'tutorial_taskflow_api_virtualenv' retrieved from /home/airflow/.local/lib/python3.12/site-packages/airflow/example_dags/tutorial_taskflow_api_virtualenv.py
[2024-10-22T05:01:29.894+0000] {logging_mixin.py:190} INFO - [2024-10-22T05:01:29.892+0000] {dag.py:3239} INFO - Sync 1 DAGs
[2024-10-22T05:01:30.116+0000] {logging_mixin.py:190} INFO - [2024-10-22T05:01:30.114+0000] {dag.py:4180} INFO - Setting next_dagrun for tutorial_taskflow_api_virtualenv to None, run_after=None
[2024-10-22T05:01:30.397+0000] {processor.py:208} INFO - Processing /home/airflow/.local/lib/python3.12/site-packages/airflow/example_dags/tutorial_taskflow_api_virtualenv.py took 1.374 seconds
[2024-10-22T05:02:21.379+0000] {processor.py:186} INFO - Started process (PID=68038) to work on /home/airflow/.local/lib/python3.12/site-packages/airflow/example_dags/tutorial_taskflow_api_virtualenv.py
[2024-10-22T05:02:21.383+0000] {processor.py:914} INFO - Processing file /home/airflow/.local/lib/python3.12/site-packages/airflow/example_dags/tutorial_taskflow_api_virtualenv.py for tasks to queue
[2024-10-22T05:02:21.392+0000] {logging_mixin.py:190} INFO - [2024-10-22T05:02:21.386+0000] {dagbag.py:588} INFO - Filling up the DagBag from /home/airflow/.local/lib/python3.12/site-packages/airflow/example_dags/tutorial_taskflow_api_virtualenv.py
[2024-10-22T05:02:21.453+0000] {processor.py:925} INFO - DAG(s) 'tutorial_taskflow_api_virtualenv' retrieved from /home/airflow/.local/lib/python3.12/site-packages/airflow/example_dags/tutorial_taskflow_api_virtualenv.py
[2024-10-22T05:02:21.683+0000] {logging_mixin.py:190} INFO - [2024-10-22T05:02:21.682+0000] {dag.py:3239} INFO - Sync 1 DAGs
[2024-10-22T05:02:21.776+0000] {logging_mixin.py:190} INFO - [2024-10-22T05:02:21.776+0000] {dag.py:4180} INFO - Setting next_dagrun for tutorial_taskflow_api_virtualenv to None, run_after=None
[2024-10-22T05:02:21.840+0000] {processor.py:208} INFO - Processing /home/airflow/.local/lib/python3.12/site-packages/airflow/example_dags/tutorial_taskflow_api_virtualenv.py took 0.491 seconds
[2024-10-22T05:02:52.813+0000] {processor.py:186} INFO - Started process (PID=68105) to work on /home/airflow/.local/lib/python3.12/site-packages/airflow/example_dags/tutorial_taskflow_api_virtualenv.py
[2024-10-22T05:02:52.817+0000] {processor.py:914} INFO - Processing file /home/airflow/.local/lib/python3.12/site-packages/airflow/example_dags/tutorial_taskflow_api_virtualenv.py for tasks to queue
[2024-10-22T05:02:52.822+0000] {logging_mixin.py:190} INFO - [2024-10-22T05:02:52.820+0000] {dagbag.py:588} INFO - Filling up the DagBag from /home/airflow/.local/lib/python3.12/site-packages/airflow/example_dags/tutorial_taskflow_api_virtualenv.py
[2024-10-22T05:02:52.875+0000] {processor.py:925} INFO - DAG(s) 'tutorial_taskflow_api_virtualenv' retrieved from /home/airflow/.local/lib/python3.12/site-packages/airflow/example_dags/tutorial_taskflow_api_virtualenv.py
[2024-10-22T05:02:52.988+0000] {logging_mixin.py:190} INFO - [2024-10-22T05:02:52.987+0000] {dag.py:3239} INFO - Sync 1 DAGs
[2024-10-22T05:02:53.036+0000] {logging_mixin.py:190} INFO - [2024-10-22T05:02:53.036+0000] {dag.py:4180} INFO - Setting next_dagrun for tutorial_taskflow_api_virtualenv to None, run_after=None
[2024-10-22T05:02:53.087+0000] {processor.py:208} INFO - Processing /home/airflow/.local/lib/python3.12/site-packages/airflow/example_dags/tutorial_taskflow_api_virtualenv.py took 0.299 seconds
[2024-10-22T05:03:23.416+0000] {processor.py:186} INFO - Started process (PID=68172) to work on /home/airflow/.local/lib/python3.12/site-packages/airflow/example_dags/tutorial_taskflow_api_virtualenv.py
[2024-10-22T05:03:23.419+0000] {processor.py:914} INFO - Processing file /home/airflow/.local/lib/python3.12/site-packages/airflow/example_dags/tutorial_taskflow_api_virtualenv.py for tasks to queue
[2024-10-22T05:03:23.422+0000] {logging_mixin.py:190} INFO - [2024-10-22T05:03:23.421+0000] {dagbag.py:588} INFO - Filling up the DagBag from /home/airflow/.local/lib/python3.12/site-packages/airflow/example_dags/tutorial_taskflow_api_virtualenv.py
[2024-10-22T05:03:23.447+0000] {processor.py:925} INFO - DAG(s) 'tutorial_taskflow_api_virtualenv' retrieved from /home/airflow/.local/lib/python3.12/site-packages/airflow/example_dags/tutorial_taskflow_api_virtualenv.py
[2024-10-22T05:03:23.496+0000] {logging_mixin.py:190} INFO - [2024-10-22T05:03:23.496+0000] {dag.py:3239} INFO - Sync 1 DAGs
[2024-10-22T05:03:23.531+0000] {logging_mixin.py:190} INFO - [2024-10-22T05:03:23.530+0000] {dag.py:4180} INFO - Setting next_dagrun for tutorial_taskflow_api_virtualenv to None, run_after=None
[2024-10-22T05:03:23.566+0000] {processor.py:208} INFO - Processing /home/airflow/.local/lib/python3.12/site-packages/airflow/example_dags/tutorial_taskflow_api_virtualenv.py took 0.166 seconds
[2024-10-22T05:03:53.883+0000] {processor.py:186} INFO - Started process (PID=68237) to work on /home/airflow/.local/lib/python3.12/site-packages/airflow/example_dags/tutorial_taskflow_api_virtualenv.py
[2024-10-22T05:03:53.885+0000] {processor.py:914} INFO - Processing file /home/airflow/.local/lib/python3.12/site-packages/airflow/example_dags/tutorial_taskflow_api_virtualenv.py for tasks to queue
[2024-10-22T05:03:53.888+0000] {logging_mixin.py:190} INFO - [2024-10-22T05:03:53.887+0000] {dagbag.py:588} INFO - Filling up the DagBag from /home/airflow/.local/lib/python3.12/site-packages/airflow/example_dags/tutorial_taskflow_api_virtualenv.py
[2024-10-22T05:03:53.917+0000] {processor.py:925} INFO - DAG(s) 'tutorial_taskflow_api_virtualenv' retrieved from /home/airflow/.local/lib/python3.12/site-packages/airflow/example_dags/tutorial_taskflow_api_virtualenv.py
[2024-10-22T05:03:54.032+0000] {logging_mixin.py:190} INFO - [2024-10-22T05:03:54.032+0000] {dag.py:3239} INFO - Sync 1 DAGs
[2024-10-22T05:03:54.072+0000] {logging_mixin.py:190} INFO - [2024-10-22T05:03:54.071+0000] {dag.py:4180} INFO - Setting next_dagrun for tutorial_taskflow_api_virtualenv to None, run_after=None
[2024-10-22T05:03:54.112+0000] {processor.py:208} INFO - Processing /home/airflow/.local/lib/python3.12/site-packages/airflow/example_dags/tutorial_taskflow_api_virtualenv.py took 0.248 seconds
[2024-10-22T05:04:24.328+0000] {processor.py:186} INFO - Started process (PID=68304) to work on /home/airflow/.local/lib/python3.12/site-packages/airflow/example_dags/tutorial_taskflow_api_virtualenv.py
[2024-10-22T05:04:24.330+0000] {processor.py:914} INFO - Processing file /home/airflow/.local/lib/python3.12/site-packages/airflow/example_dags/tutorial_taskflow_api_virtualenv.py for tasks to queue
[2024-10-22T05:04:24.333+0000] {logging_mixin.py:190} INFO - [2024-10-22T05:04:24.332+0000] {dagbag.py:588} INFO - Filling up the DagBag from /home/airflow/.local/lib/python3.12/site-packages/airflow/example_dags/tutorial_taskflow_api_virtualenv.py
[2024-10-22T05:04:24.361+0000] {processor.py:925} INFO - DAG(s) 'tutorial_taskflow_api_virtualenv' retrieved from /home/airflow/.local/lib/python3.12/site-packages/airflow/example_dags/tutorial_taskflow_api_virtualenv.py
[2024-10-22T05:04:24.409+0000] {logging_mixin.py:190} INFO - [2024-10-22T05:04:24.408+0000] {dag.py:3239} INFO - Sync 1 DAGs
[2024-10-22T05:04:24.449+0000] {logging_mixin.py:190} INFO - [2024-10-22T05:04:24.448+0000] {dag.py:4180} INFO - Setting next_dagrun for tutorial_taskflow_api_virtualenv to None, run_after=None
[2024-10-22T05:04:24.494+0000] {processor.py:208} INFO - Processing /home/airflow/.local/lib/python3.12/site-packages/airflow/example_dags/tutorial_taskflow_api_virtualenv.py took 0.182 seconds
[2024-10-22T05:04:54.849+0000] {processor.py:186} INFO - Started process (PID=68371) to work on /home/airflow/.local/lib/python3.12/site-packages/airflow/example_dags/tutorial_taskflow_api_virtualenv.py
[2024-10-22T05:04:54.851+0000] {processor.py:914} INFO - Processing file /home/airflow/.local/lib/python3.12/site-packages/airflow/example_dags/tutorial_taskflow_api_virtualenv.py for tasks to queue
[2024-10-22T05:04:54.855+0000] {logging_mixin.py:190} INFO - [2024-10-22T05:04:54.854+0000] {dagbag.py:588} INFO - Filling up the DagBag from /home/airflow/.local/lib/python3.12/site-packages/airflow/example_dags/tutorial_taskflow_api_virtualenv.py
[2024-10-22T05:04:54.887+0000] {processor.py:925} INFO - DAG(s) 'tutorial_taskflow_api_virtualenv' retrieved from /home/airflow/.local/lib/python3.12/site-packages/airflow/example_dags/tutorial_taskflow_api_virtualenv.py
[2024-10-22T05:04:54.942+0000] {logging_mixin.py:190} INFO - [2024-10-22T05:04:54.941+0000] {dag.py:3239} INFO - Sync 1 DAGs
[2024-10-22T05:04:55.007+0000] {logging_mixin.py:190} INFO - [2024-10-22T05:04:55.006+0000] {dag.py:4180} INFO - Setting next_dagrun for tutorial_taskflow_api_virtualenv to None, run_after=None
[2024-10-22T05:04:55.074+0000] {processor.py:208} INFO - Processing /home/airflow/.local/lib/python3.12/site-packages/airflow/example_dags/tutorial_taskflow_api_virtualenv.py took 0.244 seconds
[2024-10-22T05:05:26.119+0000] {processor.py:186} INFO - Started process (PID=68437) to work on /home/airflow/.local/lib/python3.12/site-packages/airflow/example_dags/tutorial_taskflow_api_virtualenv.py
[2024-10-22T05:05:26.123+0000] {processor.py:914} INFO - Processing file /home/airflow/.local/lib/python3.12/site-packages/airflow/example_dags/tutorial_taskflow_api_virtualenv.py for tasks to queue
[2024-10-22T05:05:26.127+0000] {logging_mixin.py:190} INFO - [2024-10-22T05:05:26.126+0000] {dagbag.py:588} INFO - Filling up the DagBag from /home/airflow/.local/lib/python3.12/site-packages/airflow/example_dags/tutorial_taskflow_api_virtualenv.py
[2024-10-22T05:05:26.166+0000] {processor.py:925} INFO - DAG(s) 'tutorial_taskflow_api_virtualenv' retrieved from /home/airflow/.local/lib/python3.12/site-packages/airflow/example_dags/tutorial_taskflow_api_virtualenv.py
[2024-10-22T05:05:26.269+0000] {logging_mixin.py:190} INFO - [2024-10-22T05:05:26.266+0000] {dag.py:3239} INFO - Sync 1 DAGs
[2024-10-22T05:05:26.353+0000] {logging_mixin.py:190} INFO - [2024-10-22T05:05:26.352+0000] {dag.py:4180} INFO - Setting next_dagrun for tutorial_taskflow_api_virtualenv to None, run_after=None
[2024-10-22T05:05:26.397+0000] {processor.py:208} INFO - Processing /home/airflow/.local/lib/python3.12/site-packages/airflow/example_dags/tutorial_taskflow_api_virtualenv.py took 0.302 seconds
[2024-10-22T05:05:57.025+0000] {processor.py:186} INFO - Started process (PID=68503) to work on /home/airflow/.local/lib/python3.12/site-packages/airflow/example_dags/tutorial_taskflow_api_virtualenv.py
[2024-10-22T05:05:57.028+0000] {processor.py:914} INFO - Processing file /home/airflow/.local/lib/python3.12/site-packages/airflow/example_dags/tutorial_taskflow_api_virtualenv.py for tasks to queue
[2024-10-22T05:05:57.033+0000] {logging_mixin.py:190} INFO - [2024-10-22T05:05:57.032+0000] {dagbag.py:588} INFO - Filling up the DagBag from /home/airflow/.local/lib/python3.12/site-packages/airflow/example_dags/tutorial_taskflow_api_virtualenv.py
[2024-10-22T05:05:57.066+0000] {processor.py:925} INFO - DAG(s) 'tutorial_taskflow_api_virtualenv' retrieved from /home/airflow/.local/lib/python3.12/site-packages/airflow/example_dags/tutorial_taskflow_api_virtualenv.py
[2024-10-22T05:05:57.193+0000] {logging_mixin.py:190} INFO - [2024-10-22T05:05:57.193+0000] {dag.py:3239} INFO - Sync 1 DAGs
[2024-10-22T05:05:57.242+0000] {logging_mixin.py:190} INFO - [2024-10-22T05:05:57.242+0000] {dag.py:4180} INFO - Setting next_dagrun for tutorial_taskflow_api_virtualenv to None, run_after=None
[2024-10-22T05:05:57.291+0000] {processor.py:208} INFO - Processing /home/airflow/.local/lib/python3.12/site-packages/airflow/example_dags/tutorial_taskflow_api_virtualenv.py took 0.294 seconds
[2024-10-22T05:06:27.423+0000] {processor.py:186} INFO - Started process (PID=68569) to work on /home/airflow/.local/lib/python3.12/site-packages/airflow/example_dags/tutorial_taskflow_api_virtualenv.py
[2024-10-22T05:06:27.425+0000] {processor.py:914} INFO - Processing file /home/airflow/.local/lib/python3.12/site-packages/airflow/example_dags/tutorial_taskflow_api_virtualenv.py for tasks to queue
[2024-10-22T05:06:27.429+0000] {logging_mixin.py:190} INFO - [2024-10-22T05:06:27.428+0000] {dagbag.py:588} INFO - Filling up the DagBag from /home/airflow/.local/lib/python3.12/site-packages/airflow/example_dags/tutorial_taskflow_api_virtualenv.py
[2024-10-22T05:06:27.461+0000] {processor.py:925} INFO - DAG(s) 'tutorial_taskflow_api_virtualenv' retrieved from /home/airflow/.local/lib/python3.12/site-packages/airflow/example_dags/tutorial_taskflow_api_virtualenv.py
[2024-10-22T05:06:27.576+0000] {logging_mixin.py:190} INFO - [2024-10-22T05:06:27.574+0000] {dag.py:3239} INFO - Sync 1 DAGs
[2024-10-22T05:06:27.639+0000] {logging_mixin.py:190} INFO - [2024-10-22T05:06:27.638+0000] {dag.py:4180} INFO - Setting next_dagrun for tutorial_taskflow_api_virtualenv to None, run_after=None
[2024-10-22T05:06:27.686+0000] {processor.py:208} INFO - Processing /home/airflow/.local/lib/python3.12/site-packages/airflow/example_dags/tutorial_taskflow_api_virtualenv.py took 0.285 seconds
[2024-10-22T05:06:58.732+0000] {processor.py:186} INFO - Started process (PID=68636) to work on /home/airflow/.local/lib/python3.12/site-packages/airflow/example_dags/tutorial_taskflow_api_virtualenv.py
[2024-10-22T05:06:58.735+0000] {processor.py:914} INFO - Processing file /home/airflow/.local/lib/python3.12/site-packages/airflow/example_dags/tutorial_taskflow_api_virtualenv.py for tasks to queue
[2024-10-22T05:06:58.740+0000] {logging_mixin.py:190} INFO - [2024-10-22T05:06:58.737+0000] {dagbag.py:588} INFO - Filling up the DagBag from /home/airflow/.local/lib/python3.12/site-packages/airflow/example_dags/tutorial_taskflow_api_virtualenv.py
[2024-10-22T05:06:58.780+0000] {processor.py:925} INFO - DAG(s) 'tutorial_taskflow_api_virtualenv' retrieved from /home/airflow/.local/lib/python3.12/site-packages/airflow/example_dags/tutorial_taskflow_api_virtualenv.py
[2024-10-22T05:06:58.881+0000] {logging_mixin.py:190} INFO - [2024-10-22T05:06:58.880+0000] {dag.py:3239} INFO - Sync 1 DAGs
[2024-10-22T05:06:59.018+0000] {logging_mixin.py:190} INFO - [2024-10-22T05:06:59.018+0000] {dag.py:4180} INFO - Setting next_dagrun for tutorial_taskflow_api_virtualenv to None, run_after=None
[2024-10-22T05:06:59.078+0000] {processor.py:208} INFO - Processing /home/airflow/.local/lib/python3.12/site-packages/airflow/example_dags/tutorial_taskflow_api_virtualenv.py took 0.364 seconds
[2024-10-22T05:07:29.859+0000] {processor.py:186} INFO - Started process (PID=68701) to work on /home/airflow/.local/lib/python3.12/site-packages/airflow/example_dags/tutorial_taskflow_api_virtualenv.py
[2024-10-22T05:07:29.863+0000] {processor.py:914} INFO - Processing file /home/airflow/.local/lib/python3.12/site-packages/airflow/example_dags/tutorial_taskflow_api_virtualenv.py for tasks to queue
[2024-10-22T05:07:29.867+0000] {logging_mixin.py:190} INFO - [2024-10-22T05:07:29.865+0000] {dagbag.py:588} INFO - Filling up the DagBag from /home/airflow/.local/lib/python3.12/site-packages/airflow/example_dags/tutorial_taskflow_api_virtualenv.py
[2024-10-22T05:07:29.919+0000] {processor.py:925} INFO - DAG(s) 'tutorial_taskflow_api_virtualenv' retrieved from /home/airflow/.local/lib/python3.12/site-packages/airflow/example_dags/tutorial_taskflow_api_virtualenv.py
[2024-10-22T05:07:30.043+0000] {logging_mixin.py:190} INFO - [2024-10-22T05:07:30.042+0000] {dag.py:3239} INFO - Sync 1 DAGs
[2024-10-22T05:07:30.153+0000] {logging_mixin.py:190} INFO - [2024-10-22T05:07:30.152+0000] {dag.py:4180} INFO - Setting next_dagrun for tutorial_taskflow_api_virtualenv to None, run_after=None
[2024-10-22T05:07:30.266+0000] {processor.py:208} INFO - Processing /home/airflow/.local/lib/python3.12/site-packages/airflow/example_dags/tutorial_taskflow_api_virtualenv.py took 0.430 seconds
[2024-10-22T05:08:00.942+0000] {processor.py:186} INFO - Started process (PID=68768) to work on /home/airflow/.local/lib/python3.12/site-packages/airflow/example_dags/tutorial_taskflow_api_virtualenv.py
[2024-10-22T05:08:00.945+0000] {processor.py:914} INFO - Processing file /home/airflow/.local/lib/python3.12/site-packages/airflow/example_dags/tutorial_taskflow_api_virtualenv.py for tasks to queue
[2024-10-22T05:08:00.949+0000] {logging_mixin.py:190} INFO - [2024-10-22T05:08:00.948+0000] {dagbag.py:588} INFO - Filling up the DagBag from /home/airflow/.local/lib/python3.12/site-packages/airflow/example_dags/tutorial_taskflow_api_virtualenv.py
[2024-10-22T05:08:01.034+0000] {processor.py:925} INFO - DAG(s) 'tutorial_taskflow_api_virtualenv' retrieved from /home/airflow/.local/lib/python3.12/site-packages/airflow/example_dags/tutorial_taskflow_api_virtualenv.py
[2024-10-22T05:08:01.121+0000] {logging_mixin.py:190} INFO - [2024-10-22T05:08:01.120+0000] {dag.py:3239} INFO - Sync 1 DAGs
[2024-10-22T05:08:01.173+0000] {logging_mixin.py:190} INFO - [2024-10-22T05:08:01.172+0000] {dag.py:4180} INFO - Setting next_dagrun for tutorial_taskflow_api_virtualenv to None, run_after=None
[2024-10-22T05:08:01.222+0000] {processor.py:208} INFO - Processing /home/airflow/.local/lib/python3.12/site-packages/airflow/example_dags/tutorial_taskflow_api_virtualenv.py took 0.299 seconds
[2024-10-22T05:08:31.691+0000] {processor.py:186} INFO - Started process (PID=68835) to work on /home/airflow/.local/lib/python3.12/site-packages/airflow/example_dags/tutorial_taskflow_api_virtualenv.py
[2024-10-22T05:08:31.694+0000] {processor.py:914} INFO - Processing file /home/airflow/.local/lib/python3.12/site-packages/airflow/example_dags/tutorial_taskflow_api_virtualenv.py for tasks to queue
[2024-10-22T05:08:31.700+0000] {logging_mixin.py:190} INFO - [2024-10-22T05:08:31.698+0000] {dagbag.py:588} INFO - Filling up the DagBag from /home/airflow/.local/lib/python3.12/site-packages/airflow/example_dags/tutorial_taskflow_api_virtualenv.py
[2024-10-22T05:08:31.729+0000] {processor.py:925} INFO - DAG(s) 'tutorial_taskflow_api_virtualenv' retrieved from /home/airflow/.local/lib/python3.12/site-packages/airflow/example_dags/tutorial_taskflow_api_virtualenv.py
[2024-10-22T05:08:31.786+0000] {logging_mixin.py:190} INFO - [2024-10-22T05:08:31.786+0000] {dag.py:3239} INFO - Sync 1 DAGs
[2024-10-22T05:08:31.825+0000] {logging_mixin.py:190} INFO - [2024-10-22T05:08:31.824+0000] {dag.py:4180} INFO - Setting next_dagrun for tutorial_taskflow_api_virtualenv to None, run_after=None
[2024-10-22T05:08:31.876+0000] {processor.py:208} INFO - Processing /home/airflow/.local/lib/python3.12/site-packages/airflow/example_dags/tutorial_taskflow_api_virtualenv.py took 0.207 seconds
[2024-10-22T05:09:02.126+0000] {processor.py:186} INFO - Started process (PID=68902) to work on /home/airflow/.local/lib/python3.12/site-packages/airflow/example_dags/tutorial_taskflow_api_virtualenv.py
[2024-10-22T05:09:02.129+0000] {processor.py:914} INFO - Processing file /home/airflow/.local/lib/python3.12/site-packages/airflow/example_dags/tutorial_taskflow_api_virtualenv.py for tasks to queue
[2024-10-22T05:09:02.133+0000] {logging_mixin.py:190} INFO - [2024-10-22T05:09:02.132+0000] {dagbag.py:588} INFO - Filling up the DagBag from /home/airflow/.local/lib/python3.12/site-packages/airflow/example_dags/tutorial_taskflow_api_virtualenv.py
[2024-10-22T05:09:02.172+0000] {processor.py:925} INFO - DAG(s) 'tutorial_taskflow_api_virtualenv' retrieved from /home/airflow/.local/lib/python3.12/site-packages/airflow/example_dags/tutorial_taskflow_api_virtualenv.py
[2024-10-22T05:09:02.226+0000] {logging_mixin.py:190} INFO - [2024-10-22T05:09:02.225+0000] {dag.py:3239} INFO - Sync 1 DAGs
[2024-10-22T05:09:02.263+0000] {logging_mixin.py:190} INFO - [2024-10-22T05:09:02.262+0000] {dag.py:4180} INFO - Setting next_dagrun for tutorial_taskflow_api_virtualenv to None, run_after=None
[2024-10-22T05:09:02.307+0000] {processor.py:208} INFO - Processing /home/airflow/.local/lib/python3.12/site-packages/airflow/example_dags/tutorial_taskflow_api_virtualenv.py took 0.199 seconds
[2024-10-22T05:09:33.204+0000] {processor.py:186} INFO - Started process (PID=68968) to work on /home/airflow/.local/lib/python3.12/site-packages/airflow/example_dags/tutorial_taskflow_api_virtualenv.py
[2024-10-22T05:09:33.206+0000] {processor.py:914} INFO - Processing file /home/airflow/.local/lib/python3.12/site-packages/airflow/example_dags/tutorial_taskflow_api_virtualenv.py for tasks to queue
[2024-10-22T05:09:33.209+0000] {logging_mixin.py:190} INFO - [2024-10-22T05:09:33.208+0000] {dagbag.py:588} INFO - Filling up the DagBag from /home/airflow/.local/lib/python3.12/site-packages/airflow/example_dags/tutorial_taskflow_api_virtualenv.py
[2024-10-22T05:09:33.236+0000] {processor.py:925} INFO - DAG(s) 'tutorial_taskflow_api_virtualenv' retrieved from /home/airflow/.local/lib/python3.12/site-packages/airflow/example_dags/tutorial_taskflow_api_virtualenv.py
[2024-10-22T05:09:33.293+0000] {logging_mixin.py:190} INFO - [2024-10-22T05:09:33.292+0000] {dag.py:3239} INFO - Sync 1 DAGs
[2024-10-22T05:09:33.335+0000] {logging_mixin.py:190} INFO - [2024-10-22T05:09:33.334+0000] {dag.py:4180} INFO - Setting next_dagrun for tutorial_taskflow_api_virtualenv to None, run_after=None
[2024-10-22T05:09:33.381+0000] {processor.py:208} INFO - Processing /home/airflow/.local/lib/python3.12/site-packages/airflow/example_dags/tutorial_taskflow_api_virtualenv.py took 0.194 seconds
[2024-10-22T05:10:04.758+0000] {processor.py:186} INFO - Started process (PID=69035) to work on /home/airflow/.local/lib/python3.12/site-packages/airflow/example_dags/tutorial_taskflow_api_virtualenv.py
[2024-10-22T05:10:04.761+0000] {processor.py:914} INFO - Processing file /home/airflow/.local/lib/python3.12/site-packages/airflow/example_dags/tutorial_taskflow_api_virtualenv.py for tasks to queue
[2024-10-22T05:10:04.765+0000] {logging_mixin.py:190} INFO - [2024-10-22T05:10:04.764+0000] {dagbag.py:588} INFO - Filling up the DagBag from /home/airflow/.local/lib/python3.12/site-packages/airflow/example_dags/tutorial_taskflow_api_virtualenv.py
[2024-10-22T05:10:04.818+0000] {processor.py:925} INFO - DAG(s) 'tutorial_taskflow_api_virtualenv' retrieved from /home/airflow/.local/lib/python3.12/site-packages/airflow/example_dags/tutorial_taskflow_api_virtualenv.py
[2024-10-22T05:10:04.869+0000] {logging_mixin.py:190} INFO - [2024-10-22T05:10:04.868+0000] {dag.py:3239} INFO - Sync 1 DAGs
[2024-10-22T05:10:04.915+0000] {logging_mixin.py:190} INFO - [2024-10-22T05:10:04.914+0000] {dag.py:4180} INFO - Setting next_dagrun for tutorial_taskflow_api_virtualenv to None, run_after=None
[2024-10-22T05:10:04.961+0000] {processor.py:208} INFO - Processing /home/airflow/.local/lib/python3.12/site-packages/airflow/example_dags/tutorial_taskflow_api_virtualenv.py took 0.222 seconds
[2024-10-22T05:10:35.429+0000] {processor.py:186} INFO - Started process (PID=69101) to work on /home/airflow/.local/lib/python3.12/site-packages/airflow/example_dags/tutorial_taskflow_api_virtualenv.py
[2024-10-22T05:10:35.433+0000] {processor.py:914} INFO - Processing file /home/airflow/.local/lib/python3.12/site-packages/airflow/example_dags/tutorial_taskflow_api_virtualenv.py for tasks to queue
[2024-10-22T05:10:35.436+0000] {logging_mixin.py:190} INFO - [2024-10-22T05:10:35.435+0000] {dagbag.py:588} INFO - Filling up the DagBag from /home/airflow/.local/lib/python3.12/site-packages/airflow/example_dags/tutorial_taskflow_api_virtualenv.py
[2024-10-22T05:10:35.464+0000] {processor.py:925} INFO - DAG(s) 'tutorial_taskflow_api_virtualenv' retrieved from /home/airflow/.local/lib/python3.12/site-packages/airflow/example_dags/tutorial_taskflow_api_virtualenv.py
[2024-10-22T05:10:35.606+0000] {logging_mixin.py:190} INFO - [2024-10-22T05:10:35.606+0000] {dag.py:3239} INFO - Sync 1 DAGs
[2024-10-22T05:10:35.653+0000] {logging_mixin.py:190} INFO - [2024-10-22T05:10:35.652+0000] {dag.py:4180} INFO - Setting next_dagrun for tutorial_taskflow_api_virtualenv to None, run_after=None
[2024-10-22T05:10:35.707+0000] {processor.py:208} INFO - Processing /home/airflow/.local/lib/python3.12/site-packages/airflow/example_dags/tutorial_taskflow_api_virtualenv.py took 0.298 seconds
[2024-10-22T05:11:05.923+0000] {processor.py:186} INFO - Started process (PID=69167) to work on /home/airflow/.local/lib/python3.12/site-packages/airflow/example_dags/tutorial_taskflow_api_virtualenv.py
[2024-10-22T05:11:05.925+0000] {processor.py:914} INFO - Processing file /home/airflow/.local/lib/python3.12/site-packages/airflow/example_dags/tutorial_taskflow_api_virtualenv.py for tasks to queue
[2024-10-22T05:11:05.928+0000] {logging_mixin.py:190} INFO - [2024-10-22T05:11:05.927+0000] {dagbag.py:588} INFO - Filling up the DagBag from /home/airflow/.local/lib/python3.12/site-packages/airflow/example_dags/tutorial_taskflow_api_virtualenv.py
[2024-10-22T05:11:05.962+0000] {processor.py:925} INFO - DAG(s) 'tutorial_taskflow_api_virtualenv' retrieved from /home/airflow/.local/lib/python3.12/site-packages/airflow/example_dags/tutorial_taskflow_api_virtualenv.py
[2024-10-22T05:11:06.013+0000] {logging_mixin.py:190} INFO - [2024-10-22T05:11:06.013+0000] {dag.py:3239} INFO - Sync 1 DAGs
[2024-10-22T05:11:06.051+0000] {logging_mixin.py:190} INFO - [2024-10-22T05:11:06.050+0000] {dag.py:4180} INFO - Setting next_dagrun for tutorial_taskflow_api_virtualenv to None, run_after=None
[2024-10-22T05:11:06.128+0000] {processor.py:208} INFO - Processing /home/airflow/.local/lib/python3.12/site-packages/airflow/example_dags/tutorial_taskflow_api_virtualenv.py took 0.231 seconds
[2024-10-22T05:11:36.604+0000] {processor.py:186} INFO - Started process (PID=69234) to work on /home/airflow/.local/lib/python3.12/site-packages/airflow/example_dags/tutorial_taskflow_api_virtualenv.py
[2024-10-22T05:11:36.606+0000] {processor.py:914} INFO - Processing file /home/airflow/.local/lib/python3.12/site-packages/airflow/example_dags/tutorial_taskflow_api_virtualenv.py for tasks to queue
[2024-10-22T05:11:36.611+0000] {logging_mixin.py:190} INFO - [2024-10-22T05:11:36.610+0000] {dagbag.py:588} INFO - Filling up the DagBag from /home/airflow/.local/lib/python3.12/site-packages/airflow/example_dags/tutorial_taskflow_api_virtualenv.py
[2024-10-22T05:11:36.654+0000] {processor.py:925} INFO - DAG(s) 'tutorial_taskflow_api_virtualenv' retrieved from /home/airflow/.local/lib/python3.12/site-packages/airflow/example_dags/tutorial_taskflow_api_virtualenv.py
[2024-10-22T05:11:36.728+0000] {logging_mixin.py:190} INFO - [2024-10-22T05:11:36.727+0000] {dag.py:3239} INFO - Sync 1 DAGs
[2024-10-22T05:11:36.778+0000] {logging_mixin.py:190} INFO - [2024-10-22T05:11:36.778+0000] {dag.py:4180} INFO - Setting next_dagrun for tutorial_taskflow_api_virtualenv to None, run_after=None
[2024-10-22T05:11:36.833+0000] {processor.py:208} INFO - Processing /home/airflow/.local/lib/python3.12/site-packages/airflow/example_dags/tutorial_taskflow_api_virtualenv.py took 0.287 seconds
[2024-10-22T05:12:07.577+0000] {processor.py:186} INFO - Started process (PID=69300) to work on /home/airflow/.local/lib/python3.12/site-packages/airflow/example_dags/tutorial_taskflow_api_virtualenv.py
[2024-10-22T05:12:07.579+0000] {processor.py:914} INFO - Processing file /home/airflow/.local/lib/python3.12/site-packages/airflow/example_dags/tutorial_taskflow_api_virtualenv.py for tasks to queue
[2024-10-22T05:12:07.582+0000] {logging_mixin.py:190} INFO - [2024-10-22T05:12:07.581+0000] {dagbag.py:588} INFO - Filling up the DagBag from /home/airflow/.local/lib/python3.12/site-packages/airflow/example_dags/tutorial_taskflow_api_virtualenv.py
[2024-10-22T05:12:07.614+0000] {processor.py:925} INFO - DAG(s) 'tutorial_taskflow_api_virtualenv' retrieved from /home/airflow/.local/lib/python3.12/site-packages/airflow/example_dags/tutorial_taskflow_api_virtualenv.py
[2024-10-22T05:12:07.660+0000] {logging_mixin.py:190} INFO - [2024-10-22T05:12:07.660+0000] {dag.py:3239} INFO - Sync 1 DAGs
[2024-10-22T05:12:07.719+0000] {logging_mixin.py:190} INFO - [2024-10-22T05:12:07.718+0000] {dag.py:4180} INFO - Setting next_dagrun for tutorial_taskflow_api_virtualenv to None, run_after=None
[2024-10-22T05:12:07.809+0000] {processor.py:208} INFO - Processing /home/airflow/.local/lib/python3.12/site-packages/airflow/example_dags/tutorial_taskflow_api_virtualenv.py took 0.250 seconds
[2024-10-22T05:12:38.262+0000] {processor.py:186} INFO - Started process (PID=69367) to work on /home/airflow/.local/lib/python3.12/site-packages/airflow/example_dags/tutorial_taskflow_api_virtualenv.py
[2024-10-22T05:12:38.264+0000] {processor.py:914} INFO - Processing file /home/airflow/.local/lib/python3.12/site-packages/airflow/example_dags/tutorial_taskflow_api_virtualenv.py for tasks to queue
[2024-10-22T05:12:38.267+0000] {logging_mixin.py:190} INFO - [2024-10-22T05:12:38.266+0000] {dagbag.py:588} INFO - Filling up the DagBag from /home/airflow/.local/lib/python3.12/site-packages/airflow/example_dags/tutorial_taskflow_api_virtualenv.py
[2024-10-22T05:12:38.298+0000] {processor.py:925} INFO - DAG(s) 'tutorial_taskflow_api_virtualenv' retrieved from /home/airflow/.local/lib/python3.12/site-packages/airflow/example_dags/tutorial_taskflow_api_virtualenv.py
[2024-10-22T05:12:38.492+0000] {logging_mixin.py:190} INFO - [2024-10-22T05:12:38.491+0000] {dag.py:3239} INFO - Sync 1 DAGs
[2024-10-22T05:12:38.554+0000] {logging_mixin.py:190} INFO - [2024-10-22T05:12:38.554+0000] {dag.py:4180} INFO - Setting next_dagrun for tutorial_taskflow_api_virtualenv to None, run_after=None
[2024-10-22T05:12:38.602+0000] {processor.py:208} INFO - Processing /home/airflow/.local/lib/python3.12/site-packages/airflow/example_dags/tutorial_taskflow_api_virtualenv.py took 0.359 seconds
[2024-10-22T05:13:09.031+0000] {processor.py:186} INFO - Started process (PID=69434) to work on /home/airflow/.local/lib/python3.12/site-packages/airflow/example_dags/tutorial_taskflow_api_virtualenv.py
[2024-10-22T05:13:09.034+0000] {processor.py:914} INFO - Processing file /home/airflow/.local/lib/python3.12/site-packages/airflow/example_dags/tutorial_taskflow_api_virtualenv.py for tasks to queue
[2024-10-22T05:13:09.039+0000] {logging_mixin.py:190} INFO - [2024-10-22T05:13:09.038+0000] {dagbag.py:588} INFO - Filling up the DagBag from /home/airflow/.local/lib/python3.12/site-packages/airflow/example_dags/tutorial_taskflow_api_virtualenv.py
[2024-10-22T05:13:09.069+0000] {processor.py:925} INFO - DAG(s) 'tutorial_taskflow_api_virtualenv' retrieved from /home/airflow/.local/lib/python3.12/site-packages/airflow/example_dags/tutorial_taskflow_api_virtualenv.py
[2024-10-22T05:13:09.123+0000] {logging_mixin.py:190} INFO - [2024-10-22T05:13:09.122+0000] {dag.py:3239} INFO - Sync 1 DAGs
[2024-10-22T05:13:09.159+0000] {logging_mixin.py:190} INFO - [2024-10-22T05:13:09.158+0000] {dag.py:4180} INFO - Setting next_dagrun for tutorial_taskflow_api_virtualenv to None, run_after=None
[2024-10-22T05:13:09.213+0000] {processor.py:208} INFO - Processing /home/airflow/.local/lib/python3.12/site-packages/airflow/example_dags/tutorial_taskflow_api_virtualenv.py took 0.198 seconds
[2024-10-22T05:13:39.612+0000] {processor.py:186} INFO - Started process (PID=69500) to work on /home/airflow/.local/lib/python3.12/site-packages/airflow/example_dags/tutorial_taskflow_api_virtualenv.py
[2024-10-22T05:13:39.614+0000] {processor.py:914} INFO - Processing file /home/airflow/.local/lib/python3.12/site-packages/airflow/example_dags/tutorial_taskflow_api_virtualenv.py for tasks to queue
[2024-10-22T05:13:39.617+0000] {logging_mixin.py:190} INFO - [2024-10-22T05:13:39.616+0000] {dagbag.py:588} INFO - Filling up the DagBag from /home/airflow/.local/lib/python3.12/site-packages/airflow/example_dags/tutorial_taskflow_api_virtualenv.py
[2024-10-22T05:13:39.655+0000] {processor.py:925} INFO - DAG(s) 'tutorial_taskflow_api_virtualenv' retrieved from /home/airflow/.local/lib/python3.12/site-packages/airflow/example_dags/tutorial_taskflow_api_virtualenv.py
[2024-10-22T05:13:39.706+0000] {logging_mixin.py:190} INFO - [2024-10-22T05:13:39.706+0000] {dag.py:3239} INFO - Sync 1 DAGs
[2024-10-22T05:13:39.747+0000] {logging_mixin.py:190} INFO - [2024-10-22T05:13:39.747+0000] {dag.py:4180} INFO - Setting next_dagrun for tutorial_taskflow_api_virtualenv to None, run_after=None
[2024-10-22T05:13:39.786+0000] {processor.py:208} INFO - Processing /home/airflow/.local/lib/python3.12/site-packages/airflow/example_dags/tutorial_taskflow_api_virtualenv.py took 0.189 seconds
[2024-10-22T05:14:10.307+0000] {processor.py:186} INFO - Started process (PID=69567) to work on /home/airflow/.local/lib/python3.12/site-packages/airflow/example_dags/tutorial_taskflow_api_virtualenv.py
[2024-10-22T05:14:10.309+0000] {processor.py:914} INFO - Processing file /home/airflow/.local/lib/python3.12/site-packages/airflow/example_dags/tutorial_taskflow_api_virtualenv.py for tasks to queue
[2024-10-22T05:14:10.312+0000] {logging_mixin.py:190} INFO - [2024-10-22T05:14:10.312+0000] {dagbag.py:588} INFO - Filling up the DagBag from /home/airflow/.local/lib/python3.12/site-packages/airflow/example_dags/tutorial_taskflow_api_virtualenv.py
[2024-10-22T05:14:10.353+0000] {processor.py:925} INFO - DAG(s) 'tutorial_taskflow_api_virtualenv' retrieved from /home/airflow/.local/lib/python3.12/site-packages/airflow/example_dags/tutorial_taskflow_api_virtualenv.py
[2024-10-22T05:14:10.408+0000] {logging_mixin.py:190} INFO - [2024-10-22T05:14:10.408+0000] {dag.py:3239} INFO - Sync 1 DAGs
[2024-10-22T05:14:10.453+0000] {logging_mixin.py:190} INFO - [2024-10-22T05:14:10.453+0000] {dag.py:4180} INFO - Setting next_dagrun for tutorial_taskflow_api_virtualenv to None, run_after=None
[2024-10-22T05:14:10.498+0000] {processor.py:208} INFO - Processing /home/airflow/.local/lib/python3.12/site-packages/airflow/example_dags/tutorial_taskflow_api_virtualenv.py took 0.250 seconds
[2024-10-22T05:14:41.193+0000] {processor.py:186} INFO - Started process (PID=69633) to work on /home/airflow/.local/lib/python3.12/site-packages/airflow/example_dags/tutorial_taskflow_api_virtualenv.py
[2024-10-22T05:14:41.196+0000] {processor.py:914} INFO - Processing file /home/airflow/.local/lib/python3.12/site-packages/airflow/example_dags/tutorial_taskflow_api_virtualenv.py for tasks to queue
[2024-10-22T05:14:41.201+0000] {logging_mixin.py:190} INFO - [2024-10-22T05:14:41.200+0000] {dagbag.py:588} INFO - Filling up the DagBag from /home/airflow/.local/lib/python3.12/site-packages/airflow/example_dags/tutorial_taskflow_api_virtualenv.py
[2024-10-22T05:14:41.229+0000] {processor.py:925} INFO - DAG(s) 'tutorial_taskflow_api_virtualenv' retrieved from /home/airflow/.local/lib/python3.12/site-packages/airflow/example_dags/tutorial_taskflow_api_virtualenv.py
[2024-10-22T05:14:41.280+0000] {logging_mixin.py:190} INFO - [2024-10-22T05:14:41.280+0000] {dag.py:3239} INFO - Sync 1 DAGs
[2024-10-22T05:14:41.319+0000] {logging_mixin.py:190} INFO - [2024-10-22T05:14:41.318+0000] {dag.py:4180} INFO - Setting next_dagrun for tutorial_taskflow_api_virtualenv to None, run_after=None
[2024-10-22T05:14:41.361+0000] {processor.py:208} INFO - Processing /home/airflow/.local/lib/python3.12/site-packages/airflow/example_dags/tutorial_taskflow_api_virtualenv.py took 0.185 seconds
[2024-10-22T05:15:12.178+0000] {processor.py:186} INFO - Started process (PID=69700) to work on /home/airflow/.local/lib/python3.12/site-packages/airflow/example_dags/tutorial_taskflow_api_virtualenv.py
[2024-10-22T05:15:12.180+0000] {processor.py:914} INFO - Processing file /home/airflow/.local/lib/python3.12/site-packages/airflow/example_dags/tutorial_taskflow_api_virtualenv.py for tasks to queue
[2024-10-22T05:15:12.183+0000] {logging_mixin.py:190} INFO - [2024-10-22T05:15:12.182+0000] {dagbag.py:588} INFO - Filling up the DagBag from /home/airflow/.local/lib/python3.12/site-packages/airflow/example_dags/tutorial_taskflow_api_virtualenv.py
[2024-10-22T05:15:12.212+0000] {processor.py:925} INFO - DAG(s) 'tutorial_taskflow_api_virtualenv' retrieved from /home/airflow/.local/lib/python3.12/site-packages/airflow/example_dags/tutorial_taskflow_api_virtualenv.py
[2024-10-22T05:15:12.272+0000] {logging_mixin.py:190} INFO - [2024-10-22T05:15:12.272+0000] {dag.py:3239} INFO - Sync 1 DAGs
[2024-10-22T05:15:12.317+0000] {logging_mixin.py:190} INFO - [2024-10-22T05:15:12.317+0000] {dag.py:4180} INFO - Setting next_dagrun for tutorial_taskflow_api_virtualenv to None, run_after=None
[2024-10-22T05:15:12.390+0000] {processor.py:208} INFO - Processing /home/airflow/.local/lib/python3.12/site-packages/airflow/example_dags/tutorial_taskflow_api_virtualenv.py took 0.230 seconds
[2024-10-22T05:15:42.927+0000] {processor.py:186} INFO - Started process (PID=69767) to work on /home/airflow/.local/lib/python3.12/site-packages/airflow/example_dags/tutorial_taskflow_api_virtualenv.py
[2024-10-22T05:15:42.930+0000] {processor.py:914} INFO - Processing file /home/airflow/.local/lib/python3.12/site-packages/airflow/example_dags/tutorial_taskflow_api_virtualenv.py for tasks to queue
[2024-10-22T05:15:42.933+0000] {logging_mixin.py:190} INFO - [2024-10-22T05:15:42.932+0000] {dagbag.py:588} INFO - Filling up the DagBag from /home/airflow/.local/lib/python3.12/site-packages/airflow/example_dags/tutorial_taskflow_api_virtualenv.py
[2024-10-22T05:15:42.961+0000] {processor.py:925} INFO - DAG(s) 'tutorial_taskflow_api_virtualenv' retrieved from /home/airflow/.local/lib/python3.12/site-packages/airflow/example_dags/tutorial_taskflow_api_virtualenv.py
[2024-10-22T05:15:43.056+0000] {logging_mixin.py:190} INFO - [2024-10-22T05:15:43.055+0000] {dag.py:3239} INFO - Sync 1 DAGs
[2024-10-22T05:15:43.098+0000] {logging_mixin.py:190} INFO - [2024-10-22T05:15:43.098+0000] {dag.py:4180} INFO - Setting next_dagrun for tutorial_taskflow_api_virtualenv to None, run_after=None
[2024-10-22T05:15:43.139+0000] {processor.py:208} INFO - Processing /home/airflow/.local/lib/python3.12/site-packages/airflow/example_dags/tutorial_taskflow_api_virtualenv.py took 0.255 seconds
[2024-10-22T05:16:13.849+0000] {processor.py:186} INFO - Started process (PID=69834) to work on /home/airflow/.local/lib/python3.12/site-packages/airflow/example_dags/tutorial_taskflow_api_virtualenv.py
[2024-10-22T05:16:13.852+0000] {processor.py:914} INFO - Processing file /home/airflow/.local/lib/python3.12/site-packages/airflow/example_dags/tutorial_taskflow_api_virtualenv.py for tasks to queue
[2024-10-22T05:16:13.855+0000] {logging_mixin.py:190} INFO - [2024-10-22T05:16:13.854+0000] {dagbag.py:588} INFO - Filling up the DagBag from /home/airflow/.local/lib/python3.12/site-packages/airflow/example_dags/tutorial_taskflow_api_virtualenv.py
[2024-10-22T05:16:13.883+0000] {processor.py:925} INFO - DAG(s) 'tutorial_taskflow_api_virtualenv' retrieved from /home/airflow/.local/lib/python3.12/site-packages/airflow/example_dags/tutorial_taskflow_api_virtualenv.py
[2024-10-22T05:16:13.939+0000] {logging_mixin.py:190} INFO - [2024-10-22T05:16:13.938+0000] {dag.py:3239} INFO - Sync 1 DAGs
[2024-10-22T05:16:14.039+0000] {logging_mixin.py:190} INFO - [2024-10-22T05:16:14.039+0000] {dag.py:4180} INFO - Setting next_dagrun for tutorial_taskflow_api_virtualenv to None, run_after=None
[2024-10-22T05:16:14.100+0000] {processor.py:208} INFO - Processing /home/airflow/.local/lib/python3.12/site-packages/airflow/example_dags/tutorial_taskflow_api_virtualenv.py took 0.272 seconds
[2024-10-22T05:16:45.342+0000] {processor.py:186} INFO - Started process (PID=69907) to work on /home/airflow/.local/lib/python3.12/site-packages/airflow/example_dags/tutorial_taskflow_api_virtualenv.py
[2024-10-22T05:16:45.344+0000] {processor.py:914} INFO - Processing file /home/airflow/.local/lib/python3.12/site-packages/airflow/example_dags/tutorial_taskflow_api_virtualenv.py for tasks to queue
[2024-10-22T05:16:45.347+0000] {logging_mixin.py:190} INFO - [2024-10-22T05:16:45.347+0000] {dagbag.py:588} INFO - Filling up the DagBag from /home/airflow/.local/lib/python3.12/site-packages/airflow/example_dags/tutorial_taskflow_api_virtualenv.py
[2024-10-22T05:16:45.374+0000] {processor.py:925} INFO - DAG(s) 'tutorial_taskflow_api_virtualenv' retrieved from /home/airflow/.local/lib/python3.12/site-packages/airflow/example_dags/tutorial_taskflow_api_virtualenv.py
[2024-10-22T05:16:45.495+0000] {logging_mixin.py:190} INFO - [2024-10-22T05:16:45.494+0000] {dag.py:3239} INFO - Sync 1 DAGs
[2024-10-22T05:16:45.536+0000] {logging_mixin.py:190} INFO - [2024-10-22T05:16:45.535+0000] {dag.py:4180} INFO - Setting next_dagrun for tutorial_taskflow_api_virtualenv to None, run_after=None
[2024-10-22T05:16:45.576+0000] {processor.py:208} INFO - Processing /home/airflow/.local/lib/python3.12/site-packages/airflow/example_dags/tutorial_taskflow_api_virtualenv.py took 0.250 seconds
[2024-10-22T05:17:16.395+0000] {processor.py:186} INFO - Started process (PID=69975) to work on /home/airflow/.local/lib/python3.12/site-packages/airflow/example_dags/tutorial_taskflow_api_virtualenv.py
[2024-10-22T05:17:16.399+0000] {processor.py:914} INFO - Processing file /home/airflow/.local/lib/python3.12/site-packages/airflow/example_dags/tutorial_taskflow_api_virtualenv.py for tasks to queue
[2024-10-22T05:17:16.403+0000] {logging_mixin.py:190} INFO - [2024-10-22T05:17:16.402+0000] {dagbag.py:588} INFO - Filling up the DagBag from /home/airflow/.local/lib/python3.12/site-packages/airflow/example_dags/tutorial_taskflow_api_virtualenv.py
[2024-10-22T05:17:16.429+0000] {processor.py:925} INFO - DAG(s) 'tutorial_taskflow_api_virtualenv' retrieved from /home/airflow/.local/lib/python3.12/site-packages/airflow/example_dags/tutorial_taskflow_api_virtualenv.py
[2024-10-22T05:17:16.487+0000] {logging_mixin.py:190} INFO - [2024-10-22T05:17:16.487+0000] {dag.py:3239} INFO - Sync 1 DAGs
[2024-10-22T05:17:16.531+0000] {logging_mixin.py:190} INFO - [2024-10-22T05:17:16.530+0000] {dag.py:4180} INFO - Setting next_dagrun for tutorial_taskflow_api_virtualenv to None, run_after=None
[2024-10-22T05:17:16.597+0000] {processor.py:208} INFO - Processing /home/airflow/.local/lib/python3.12/site-packages/airflow/example_dags/tutorial_taskflow_api_virtualenv.py took 0.217 seconds
[2024-10-22T05:17:46.778+0000] {processor.py:186} INFO - Started process (PID=70042) to work on /home/airflow/.local/lib/python3.12/site-packages/airflow/example_dags/tutorial_taskflow_api_virtualenv.py
[2024-10-22T05:17:46.780+0000] {processor.py:914} INFO - Processing file /home/airflow/.local/lib/python3.12/site-packages/airflow/example_dags/tutorial_taskflow_api_virtualenv.py for tasks to queue
[2024-10-22T05:17:46.785+0000] {logging_mixin.py:190} INFO - [2024-10-22T05:17:46.784+0000] {dagbag.py:588} INFO - Filling up the DagBag from /home/airflow/.local/lib/python3.12/site-packages/airflow/example_dags/tutorial_taskflow_api_virtualenv.py
[2024-10-22T05:17:46.818+0000] {processor.py:925} INFO - DAG(s) 'tutorial_taskflow_api_virtualenv' retrieved from /home/airflow/.local/lib/python3.12/site-packages/airflow/example_dags/tutorial_taskflow_api_virtualenv.py
[2024-10-22T05:17:46.896+0000] {logging_mixin.py:190} INFO - [2024-10-22T05:17:46.895+0000] {dag.py:3239} INFO - Sync 1 DAGs
[2024-10-22T05:17:46.945+0000] {logging_mixin.py:190} INFO - [2024-10-22T05:17:46.944+0000] {dag.py:4180} INFO - Setting next_dagrun for tutorial_taskflow_api_virtualenv to None, run_after=None
[2024-10-22T05:17:46.992+0000] {processor.py:208} INFO - Processing /home/airflow/.local/lib/python3.12/site-packages/airflow/example_dags/tutorial_taskflow_api_virtualenv.py took 0.238 seconds
[2024-10-22T05:18:17.205+0000] {processor.py:186} INFO - Started process (PID=70108) to work on /home/airflow/.local/lib/python3.12/site-packages/airflow/example_dags/tutorial_taskflow_api_virtualenv.py
[2024-10-22T05:18:17.209+0000] {processor.py:914} INFO - Processing file /home/airflow/.local/lib/python3.12/site-packages/airflow/example_dags/tutorial_taskflow_api_virtualenv.py for tasks to queue
[2024-10-22T05:18:17.213+0000] {logging_mixin.py:190} INFO - [2024-10-22T05:18:17.211+0000] {dagbag.py:588} INFO - Filling up the DagBag from /home/airflow/.local/lib/python3.12/site-packages/airflow/example_dags/tutorial_taskflow_api_virtualenv.py
[2024-10-22T05:18:17.253+0000] {processor.py:925} INFO - DAG(s) 'tutorial_taskflow_api_virtualenv' retrieved from /home/airflow/.local/lib/python3.12/site-packages/airflow/example_dags/tutorial_taskflow_api_virtualenv.py
[2024-10-22T05:18:17.308+0000] {logging_mixin.py:190} INFO - [2024-10-22T05:18:17.307+0000] {dag.py:3239} INFO - Sync 1 DAGs
[2024-10-22T05:18:17.345+0000] {logging_mixin.py:190} INFO - [2024-10-22T05:18:17.345+0000] {dag.py:4180} INFO - Setting next_dagrun for tutorial_taskflow_api_virtualenv to None, run_after=None
[2024-10-22T05:18:17.384+0000] {processor.py:208} INFO - Processing /home/airflow/.local/lib/python3.12/site-packages/airflow/example_dags/tutorial_taskflow_api_virtualenv.py took 0.201 seconds
[2024-10-22T05:18:47.915+0000] {processor.py:186} INFO - Started process (PID=70174) to work on /home/airflow/.local/lib/python3.12/site-packages/airflow/example_dags/tutorial_taskflow_api_virtualenv.py
[2024-10-22T05:18:47.917+0000] {processor.py:914} INFO - Processing file /home/airflow/.local/lib/python3.12/site-packages/airflow/example_dags/tutorial_taskflow_api_virtualenv.py for tasks to queue
[2024-10-22T05:18:47.920+0000] {logging_mixin.py:190} INFO - [2024-10-22T05:18:47.919+0000] {dagbag.py:588} INFO - Filling up the DagBag from /home/airflow/.local/lib/python3.12/site-packages/airflow/example_dags/tutorial_taskflow_api_virtualenv.py
[2024-10-22T05:18:47.944+0000] {processor.py:925} INFO - DAG(s) 'tutorial_taskflow_api_virtualenv' retrieved from /home/airflow/.local/lib/python3.12/site-packages/airflow/example_dags/tutorial_taskflow_api_virtualenv.py
[2024-10-22T05:18:48.009+0000] {logging_mixin.py:190} INFO - [2024-10-22T05:18:48.009+0000] {dag.py:3239} INFO - Sync 1 DAGs
[2024-10-22T05:18:48.083+0000] {logging_mixin.py:190} INFO - [2024-10-22T05:18:48.082+0000] {dag.py:4180} INFO - Setting next_dagrun for tutorial_taskflow_api_virtualenv to None, run_after=None
[2024-10-22T05:18:48.148+0000] {processor.py:208} INFO - Processing /home/airflow/.local/lib/python3.12/site-packages/airflow/example_dags/tutorial_taskflow_api_virtualenv.py took 0.254 seconds
[2024-10-22T05:19:18.413+0000] {processor.py:186} INFO - Started process (PID=70241) to work on /home/airflow/.local/lib/python3.12/site-packages/airflow/example_dags/tutorial_taskflow_api_virtualenv.py
[2024-10-22T05:19:18.415+0000] {processor.py:914} INFO - Processing file /home/airflow/.local/lib/python3.12/site-packages/airflow/example_dags/tutorial_taskflow_api_virtualenv.py for tasks to queue
[2024-10-22T05:19:18.418+0000] {logging_mixin.py:190} INFO - [2024-10-22T05:19:18.417+0000] {dagbag.py:588} INFO - Filling up the DagBag from /home/airflow/.local/lib/python3.12/site-packages/airflow/example_dags/tutorial_taskflow_api_virtualenv.py
[2024-10-22T05:19:18.506+0000] {processor.py:925} INFO - DAG(s) 'tutorial_taskflow_api_virtualenv' retrieved from /home/airflow/.local/lib/python3.12/site-packages/airflow/example_dags/tutorial_taskflow_api_virtualenv.py
[2024-10-22T05:19:18.582+0000] {logging_mixin.py:190} INFO - [2024-10-22T05:19:18.581+0000] {dag.py:3239} INFO - Sync 1 DAGs
[2024-10-22T05:19:18.627+0000] {logging_mixin.py:190} INFO - [2024-10-22T05:19:18.626+0000] {dag.py:4180} INFO - Setting next_dagrun for tutorial_taskflow_api_virtualenv to None, run_after=None
[2024-10-22T05:19:18.669+0000] {processor.py:208} INFO - Processing /home/airflow/.local/lib/python3.12/site-packages/airflow/example_dags/tutorial_taskflow_api_virtualenv.py took 0.270 seconds
[2024-10-22T05:19:49.680+0000] {processor.py:186} INFO - Started process (PID=70308) to work on /home/airflow/.local/lib/python3.12/site-packages/airflow/example_dags/tutorial_taskflow_api_virtualenv.py
[2024-10-22T05:19:49.684+0000] {processor.py:914} INFO - Processing file /home/airflow/.local/lib/python3.12/site-packages/airflow/example_dags/tutorial_taskflow_api_virtualenv.py for tasks to queue
[2024-10-22T05:19:49.687+0000] {logging_mixin.py:190} INFO - [2024-10-22T05:19:49.687+0000] {dagbag.py:588} INFO - Filling up the DagBag from /home/airflow/.local/lib/python3.12/site-packages/airflow/example_dags/tutorial_taskflow_api_virtualenv.py
[2024-10-22T05:19:49.719+0000] {processor.py:925} INFO - DAG(s) 'tutorial_taskflow_api_virtualenv' retrieved from /home/airflow/.local/lib/python3.12/site-packages/airflow/example_dags/tutorial_taskflow_api_virtualenv.py
[2024-10-22T05:19:49.779+0000] {logging_mixin.py:190} INFO - [2024-10-22T05:19:49.778+0000] {dag.py:3239} INFO - Sync 1 DAGs
[2024-10-22T05:19:49.827+0000] {logging_mixin.py:190} INFO - [2024-10-22T05:19:49.826+0000] {dag.py:4180} INFO - Setting next_dagrun for tutorial_taskflow_api_virtualenv to None, run_after=None
[2024-10-22T05:19:49.882+0000] {processor.py:208} INFO - Processing /home/airflow/.local/lib/python3.12/site-packages/airflow/example_dags/tutorial_taskflow_api_virtualenv.py took 0.223 seconds
[2024-10-22T05:20:20.057+0000] {processor.py:186} INFO - Started process (PID=70375) to work on /home/airflow/.local/lib/python3.12/site-packages/airflow/example_dags/tutorial_taskflow_api_virtualenv.py
[2024-10-22T05:20:20.058+0000] {processor.py:914} INFO - Processing file /home/airflow/.local/lib/python3.12/site-packages/airflow/example_dags/tutorial_taskflow_api_virtualenv.py for tasks to queue
[2024-10-22T05:20:20.061+0000] {logging_mixin.py:190} INFO - [2024-10-22T05:20:20.060+0000] {dagbag.py:588} INFO - Filling up the DagBag from /home/airflow/.local/lib/python3.12/site-packages/airflow/example_dags/tutorial_taskflow_api_virtualenv.py
[2024-10-22T05:20:20.095+0000] {processor.py:925} INFO - DAG(s) 'tutorial_taskflow_api_virtualenv' retrieved from /home/airflow/.local/lib/python3.12/site-packages/airflow/example_dags/tutorial_taskflow_api_virtualenv.py
[2024-10-22T05:20:20.155+0000] {logging_mixin.py:190} INFO - [2024-10-22T05:20:20.154+0000] {dag.py:3239} INFO - Sync 1 DAGs
[2024-10-22T05:20:20.196+0000] {logging_mixin.py:190} INFO - [2024-10-22T05:20:20.195+0000] {dag.py:4180} INFO - Setting next_dagrun for tutorial_taskflow_api_virtualenv to None, run_after=None
[2024-10-22T05:20:20.240+0000] {processor.py:208} INFO - Processing /home/airflow/.local/lib/python3.12/site-packages/airflow/example_dags/tutorial_taskflow_api_virtualenv.py took 0.206 seconds
[2024-10-22T05:20:50.916+0000] {processor.py:186} INFO - Started process (PID=70443) to work on /home/airflow/.local/lib/python3.12/site-packages/airflow/example_dags/tutorial_taskflow_api_virtualenv.py
[2024-10-22T05:20:50.918+0000] {processor.py:914} INFO - Processing file /home/airflow/.local/lib/python3.12/site-packages/airflow/example_dags/tutorial_taskflow_api_virtualenv.py for tasks to queue
[2024-10-22T05:20:50.921+0000] {logging_mixin.py:190} INFO - [2024-10-22T05:20:50.920+0000] {dagbag.py:588} INFO - Filling up the DagBag from /home/airflow/.local/lib/python3.12/site-packages/airflow/example_dags/tutorial_taskflow_api_virtualenv.py
[2024-10-22T05:20:50.950+0000] {processor.py:925} INFO - DAG(s) 'tutorial_taskflow_api_virtualenv' retrieved from /home/airflow/.local/lib/python3.12/site-packages/airflow/example_dags/tutorial_taskflow_api_virtualenv.py
[2024-10-22T05:20:51.004+0000] {logging_mixin.py:190} INFO - [2024-10-22T05:20:51.003+0000] {dag.py:3239} INFO - Sync 1 DAGs
[2024-10-22T05:20:51.041+0000] {logging_mixin.py:190} INFO - [2024-10-22T05:20:51.040+0000] {dag.py:4180} INFO - Setting next_dagrun for tutorial_taskflow_api_virtualenv to None, run_after=None
[2024-10-22T05:20:51.083+0000] {processor.py:208} INFO - Processing /home/airflow/.local/lib/python3.12/site-packages/airflow/example_dags/tutorial_taskflow_api_virtualenv.py took 0.186 seconds
[2024-10-22T05:21:21.517+0000] {processor.py:186} INFO - Started process (PID=70509) to work on /home/airflow/.local/lib/python3.12/site-packages/airflow/example_dags/tutorial_taskflow_api_virtualenv.py
[2024-10-22T05:21:21.519+0000] {processor.py:914} INFO - Processing file /home/airflow/.local/lib/python3.12/site-packages/airflow/example_dags/tutorial_taskflow_api_virtualenv.py for tasks to queue
[2024-10-22T05:21:21.523+0000] {logging_mixin.py:190} INFO - [2024-10-22T05:21:21.522+0000] {dagbag.py:588} INFO - Filling up the DagBag from /home/airflow/.local/lib/python3.12/site-packages/airflow/example_dags/tutorial_taskflow_api_virtualenv.py
[2024-10-22T05:21:21.559+0000] {processor.py:925} INFO - DAG(s) 'tutorial_taskflow_api_virtualenv' retrieved from /home/airflow/.local/lib/python3.12/site-packages/airflow/example_dags/tutorial_taskflow_api_virtualenv.py
[2024-10-22T05:21:21.619+0000] {logging_mixin.py:190} INFO - [2024-10-22T05:21:21.618+0000] {dag.py:3239} INFO - Sync 1 DAGs
[2024-10-22T05:21:21.664+0000] {logging_mixin.py:190} INFO - [2024-10-22T05:21:21.663+0000] {dag.py:4180} INFO - Setting next_dagrun for tutorial_taskflow_api_virtualenv to None, run_after=None
[2024-10-22T05:21:21.712+0000] {processor.py:208} INFO - Processing /home/airflow/.local/lib/python3.12/site-packages/airflow/example_dags/tutorial_taskflow_api_virtualenv.py took 0.214 seconds
[2024-10-22T05:21:52.018+0000] {processor.py:186} INFO - Started process (PID=70577) to work on /home/airflow/.local/lib/python3.12/site-packages/airflow/example_dags/tutorial_taskflow_api_virtualenv.py
[2024-10-22T05:21:52.021+0000] {processor.py:914} INFO - Processing file /home/airflow/.local/lib/python3.12/site-packages/airflow/example_dags/tutorial_taskflow_api_virtualenv.py for tasks to queue
[2024-10-22T05:21:52.024+0000] {logging_mixin.py:190} INFO - [2024-10-22T05:21:52.023+0000] {dagbag.py:588} INFO - Filling up the DagBag from /home/airflow/.local/lib/python3.12/site-packages/airflow/example_dags/tutorial_taskflow_api_virtualenv.py
[2024-10-22T05:21:52.053+0000] {processor.py:925} INFO - DAG(s) 'tutorial_taskflow_api_virtualenv' retrieved from /home/airflow/.local/lib/python3.12/site-packages/airflow/example_dags/tutorial_taskflow_api_virtualenv.py
[2024-10-22T05:21:52.113+0000] {logging_mixin.py:190} INFO - [2024-10-22T05:21:52.112+0000] {dag.py:3239} INFO - Sync 1 DAGs
[2024-10-22T05:21:52.182+0000] {logging_mixin.py:190} INFO - [2024-10-22T05:21:52.181+0000] {dag.py:4180} INFO - Setting next_dagrun for tutorial_taskflow_api_virtualenv to None, run_after=None
[2024-10-22T05:21:52.236+0000] {processor.py:208} INFO - Processing /home/airflow/.local/lib/python3.12/site-packages/airflow/example_dags/tutorial_taskflow_api_virtualenv.py took 0.279 seconds
[2024-10-22T05:22:22.851+0000] {processor.py:186} INFO - Started process (PID=70644) to work on /home/airflow/.local/lib/python3.12/site-packages/airflow/example_dags/tutorial_taskflow_api_virtualenv.py
[2024-10-22T05:22:22.854+0000] {processor.py:914} INFO - Processing file /home/airflow/.local/lib/python3.12/site-packages/airflow/example_dags/tutorial_taskflow_api_virtualenv.py for tasks to queue
[2024-10-22T05:22:22.859+0000] {logging_mixin.py:190} INFO - [2024-10-22T05:22:22.858+0000] {dagbag.py:588} INFO - Filling up the DagBag from /home/airflow/.local/lib/python3.12/site-packages/airflow/example_dags/tutorial_taskflow_api_virtualenv.py
[2024-10-22T05:22:22.889+0000] {processor.py:925} INFO - DAG(s) 'tutorial_taskflow_api_virtualenv' retrieved from /home/airflow/.local/lib/python3.12/site-packages/airflow/example_dags/tutorial_taskflow_api_virtualenv.py
[2024-10-22T05:22:22.948+0000] {logging_mixin.py:190} INFO - [2024-10-22T05:22:22.948+0000] {dag.py:3239} INFO - Sync 1 DAGs
[2024-10-22T05:22:22.986+0000] {logging_mixin.py:190} INFO - [2024-10-22T05:22:22.986+0000] {dag.py:4180} INFO - Setting next_dagrun for tutorial_taskflow_api_virtualenv to None, run_after=None
[2024-10-22T05:22:23.034+0000] {processor.py:208} INFO - Processing /home/airflow/.local/lib/python3.12/site-packages/airflow/example_dags/tutorial_taskflow_api_virtualenv.py took 0.201 seconds
[2024-10-22T05:22:53.740+0000] {processor.py:186} INFO - Started process (PID=70711) to work on /home/airflow/.local/lib/python3.12/site-packages/airflow/example_dags/tutorial_taskflow_api_virtualenv.py
[2024-10-22T05:22:53.777+0000] {processor.py:914} INFO - Processing file /home/airflow/.local/lib/python3.12/site-packages/airflow/example_dags/tutorial_taskflow_api_virtualenv.py for tasks to queue
[2024-10-22T05:22:53.784+0000] {logging_mixin.py:190} INFO - [2024-10-22T05:22:53.783+0000] {dagbag.py:588} INFO - Filling up the DagBag from /home/airflow/.local/lib/python3.12/site-packages/airflow/example_dags/tutorial_taskflow_api_virtualenv.py
[2024-10-22T05:22:53.842+0000] {processor.py:925} INFO - DAG(s) 'tutorial_taskflow_api_virtualenv' retrieved from /home/airflow/.local/lib/python3.12/site-packages/airflow/example_dags/tutorial_taskflow_api_virtualenv.py
[2024-10-22T05:22:53.904+0000] {logging_mixin.py:190} INFO - [2024-10-22T05:22:53.903+0000] {dag.py:3239} INFO - Sync 1 DAGs
[2024-10-22T05:22:53.956+0000] {logging_mixin.py:190} INFO - [2024-10-22T05:22:53.956+0000] {dag.py:4180} INFO - Setting next_dagrun for tutorial_taskflow_api_virtualenv to None, run_after=None
[2024-10-22T05:22:54.009+0000] {processor.py:208} INFO - Processing /home/airflow/.local/lib/python3.12/site-packages/airflow/example_dags/tutorial_taskflow_api_virtualenv.py took 0.295 seconds
[2024-10-22T05:23:24.424+0000] {processor.py:186} INFO - Started process (PID=70778) to work on /home/airflow/.local/lib/python3.12/site-packages/airflow/example_dags/tutorial_taskflow_api_virtualenv.py
[2024-10-22T05:23:24.426+0000] {processor.py:914} INFO - Processing file /home/airflow/.local/lib/python3.12/site-packages/airflow/example_dags/tutorial_taskflow_api_virtualenv.py for tasks to queue
[2024-10-22T05:23:24.430+0000] {logging_mixin.py:190} INFO - [2024-10-22T05:23:24.429+0000] {dagbag.py:588} INFO - Filling up the DagBag from /home/airflow/.local/lib/python3.12/site-packages/airflow/example_dags/tutorial_taskflow_api_virtualenv.py
[2024-10-22T05:23:24.460+0000] {processor.py:925} INFO - DAG(s) 'tutorial_taskflow_api_virtualenv' retrieved from /home/airflow/.local/lib/python3.12/site-packages/airflow/example_dags/tutorial_taskflow_api_virtualenv.py
[2024-10-22T05:23:24.568+0000] {logging_mixin.py:190} INFO - [2024-10-22T05:23:24.567+0000] {dag.py:3239} INFO - Sync 1 DAGs
[2024-10-22T05:23:24.619+0000] {logging_mixin.py:190} INFO - [2024-10-22T05:23:24.618+0000] {dag.py:4180} INFO - Setting next_dagrun for tutorial_taskflow_api_virtualenv to None, run_after=None
[2024-10-22T05:23:24.707+0000] {processor.py:208} INFO - Processing /home/airflow/.local/lib/python3.12/site-packages/airflow/example_dags/tutorial_taskflow_api_virtualenv.py took 0.304 seconds
[2024-10-22T05:23:54.919+0000] {processor.py:186} INFO - Started process (PID=70845) to work on /home/airflow/.local/lib/python3.12/site-packages/airflow/example_dags/tutorial_taskflow_api_virtualenv.py
[2024-10-22T05:23:54.921+0000] {processor.py:914} INFO - Processing file /home/airflow/.local/lib/python3.12/site-packages/airflow/example_dags/tutorial_taskflow_api_virtualenv.py for tasks to queue
[2024-10-22T05:23:54.923+0000] {logging_mixin.py:190} INFO - [2024-10-22T05:23:54.922+0000] {dagbag.py:588} INFO - Filling up the DagBag from /home/airflow/.local/lib/python3.12/site-packages/airflow/example_dags/tutorial_taskflow_api_virtualenv.py
[2024-10-22T05:23:54.951+0000] {processor.py:925} INFO - DAG(s) 'tutorial_taskflow_api_virtualenv' retrieved from /home/airflow/.local/lib/python3.12/site-packages/airflow/example_dags/tutorial_taskflow_api_virtualenv.py
[2024-10-22T05:23:55.003+0000] {logging_mixin.py:190} INFO - [2024-10-22T05:23:55.002+0000] {dag.py:3239} INFO - Sync 1 DAGs
[2024-10-22T05:23:55.039+0000] {logging_mixin.py:190} INFO - [2024-10-22T05:23:55.038+0000] {dag.py:4180} INFO - Setting next_dagrun for tutorial_taskflow_api_virtualenv to None, run_after=None
[2024-10-22T05:23:55.074+0000] {processor.py:208} INFO - Processing /home/airflow/.local/lib/python3.12/site-packages/airflow/example_dags/tutorial_taskflow_api_virtualenv.py took 0.173 seconds
[2024-10-22T05:24:25.356+0000] {processor.py:186} INFO - Started process (PID=70912) to work on /home/airflow/.local/lib/python3.12/site-packages/airflow/example_dags/tutorial_taskflow_api_virtualenv.py
[2024-10-22T05:24:25.359+0000] {processor.py:914} INFO - Processing file /home/airflow/.local/lib/python3.12/site-packages/airflow/example_dags/tutorial_taskflow_api_virtualenv.py for tasks to queue
[2024-10-22T05:24:25.362+0000] {logging_mixin.py:190} INFO - [2024-10-22T05:24:25.361+0000] {dagbag.py:588} INFO - Filling up the DagBag from /home/airflow/.local/lib/python3.12/site-packages/airflow/example_dags/tutorial_taskflow_api_virtualenv.py
[2024-10-22T05:24:25.387+0000] {processor.py:925} INFO - DAG(s) 'tutorial_taskflow_api_virtualenv' retrieved from /home/airflow/.local/lib/python3.12/site-packages/airflow/example_dags/tutorial_taskflow_api_virtualenv.py
[2024-10-22T05:24:25.438+0000] {logging_mixin.py:190} INFO - [2024-10-22T05:24:25.438+0000] {dag.py:3239} INFO - Sync 1 DAGs
[2024-10-22T05:24:25.471+0000] {logging_mixin.py:190} INFO - [2024-10-22T05:24:25.471+0000] {dag.py:4180} INFO - Setting next_dagrun for tutorial_taskflow_api_virtualenv to None, run_after=None
[2024-10-22T05:24:25.519+0000] {processor.py:208} INFO - Processing /home/airflow/.local/lib/python3.12/site-packages/airflow/example_dags/tutorial_taskflow_api_virtualenv.py took 0.179 seconds
[2024-10-22T05:24:56.044+0000] {processor.py:186} INFO - Started process (PID=70979) to work on /home/airflow/.local/lib/python3.12/site-packages/airflow/example_dags/tutorial_taskflow_api_virtualenv.py
[2024-10-22T05:24:56.046+0000] {processor.py:914} INFO - Processing file /home/airflow/.local/lib/python3.12/site-packages/airflow/example_dags/tutorial_taskflow_api_virtualenv.py for tasks to queue
[2024-10-22T05:24:56.049+0000] {logging_mixin.py:190} INFO - [2024-10-22T05:24:56.048+0000] {dagbag.py:588} INFO - Filling up the DagBag from /home/airflow/.local/lib/python3.12/site-packages/airflow/example_dags/tutorial_taskflow_api_virtualenv.py
[2024-10-22T05:24:56.106+0000] {processor.py:925} INFO - DAG(s) 'tutorial_taskflow_api_virtualenv' retrieved from /home/airflow/.local/lib/python3.12/site-packages/airflow/example_dags/tutorial_taskflow_api_virtualenv.py
[2024-10-22T05:24:56.160+0000] {logging_mixin.py:190} INFO - [2024-10-22T05:24:56.160+0000] {dag.py:3239} INFO - Sync 1 DAGs
[2024-10-22T05:24:56.192+0000] {logging_mixin.py:190} INFO - [2024-10-22T05:24:56.192+0000] {dag.py:4180} INFO - Setting next_dagrun for tutorial_taskflow_api_virtualenv to None, run_after=None
[2024-10-22T05:24:56.231+0000] {processor.py:208} INFO - Processing /home/airflow/.local/lib/python3.12/site-packages/airflow/example_dags/tutorial_taskflow_api_virtualenv.py took 0.203 seconds
[2024-10-22T05:25:26.452+0000] {processor.py:186} INFO - Started process (PID=71046) to work on /home/airflow/.local/lib/python3.12/site-packages/airflow/example_dags/tutorial_taskflow_api_virtualenv.py
[2024-10-22T05:25:26.454+0000] {processor.py:914} INFO - Processing file /home/airflow/.local/lib/python3.12/site-packages/airflow/example_dags/tutorial_taskflow_api_virtualenv.py for tasks to queue
[2024-10-22T05:25:26.460+0000] {logging_mixin.py:190} INFO - [2024-10-22T05:25:26.458+0000] {dagbag.py:588} INFO - Filling up the DagBag from /home/airflow/.local/lib/python3.12/site-packages/airflow/example_dags/tutorial_taskflow_api_virtualenv.py
[2024-10-22T05:25:26.521+0000] {processor.py:925} INFO - DAG(s) 'tutorial_taskflow_api_virtualenv' retrieved from /home/airflow/.local/lib/python3.12/site-packages/airflow/example_dags/tutorial_taskflow_api_virtualenv.py
[2024-10-22T05:25:26.593+0000] {logging_mixin.py:190} INFO - [2024-10-22T05:25:26.592+0000] {dag.py:3239} INFO - Sync 1 DAGs
[2024-10-22T05:25:26.677+0000] {logging_mixin.py:190} INFO - [2024-10-22T05:25:26.676+0000] {dag.py:4180} INFO - Setting next_dagrun for tutorial_taskflow_api_virtualenv to None, run_after=None
[2024-10-22T05:25:26.713+0000] {processor.py:208} INFO - Processing /home/airflow/.local/lib/python3.12/site-packages/airflow/example_dags/tutorial_taskflow_api_virtualenv.py took 0.274 seconds
[2024-10-22T05:25:57.226+0000] {processor.py:186} INFO - Started process (PID=71113) to work on /home/airflow/.local/lib/python3.12/site-packages/airflow/example_dags/tutorial_taskflow_api_virtualenv.py
[2024-10-22T05:25:57.228+0000] {processor.py:914} INFO - Processing file /home/airflow/.local/lib/python3.12/site-packages/airflow/example_dags/tutorial_taskflow_api_virtualenv.py for tasks to queue
[2024-10-22T05:25:57.232+0000] {logging_mixin.py:190} INFO - [2024-10-22T05:25:57.231+0000] {dagbag.py:588} INFO - Filling up the DagBag from /home/airflow/.local/lib/python3.12/site-packages/airflow/example_dags/tutorial_taskflow_api_virtualenv.py
[2024-10-22T05:25:57.256+0000] {processor.py:925} INFO - DAG(s) 'tutorial_taskflow_api_virtualenv' retrieved from /home/airflow/.local/lib/python3.12/site-packages/airflow/example_dags/tutorial_taskflow_api_virtualenv.py
[2024-10-22T05:25:57.355+0000] {logging_mixin.py:190} INFO - [2024-10-22T05:25:57.354+0000] {dag.py:3239} INFO - Sync 1 DAGs
[2024-10-22T05:25:57.385+0000] {logging_mixin.py:190} INFO - [2024-10-22T05:25:57.384+0000] {dag.py:4180} INFO - Setting next_dagrun for tutorial_taskflow_api_virtualenv to None, run_after=None
[2024-10-22T05:25:57.422+0000] {processor.py:208} INFO - Processing /home/airflow/.local/lib/python3.12/site-packages/airflow/example_dags/tutorial_taskflow_api_virtualenv.py took 0.214 seconds
[2024-10-22T05:26:27.624+0000] {processor.py:186} INFO - Started process (PID=71180) to work on /home/airflow/.local/lib/python3.12/site-packages/airflow/example_dags/tutorial_taskflow_api_virtualenv.py
[2024-10-22T05:26:27.626+0000] {processor.py:914} INFO - Processing file /home/airflow/.local/lib/python3.12/site-packages/airflow/example_dags/tutorial_taskflow_api_virtualenv.py for tasks to queue
[2024-10-22T05:26:27.628+0000] {logging_mixin.py:190} INFO - [2024-10-22T05:26:27.628+0000] {dagbag.py:588} INFO - Filling up the DagBag from /home/airflow/.local/lib/python3.12/site-packages/airflow/example_dags/tutorial_taskflow_api_virtualenv.py
[2024-10-22T05:26:27.651+0000] {processor.py:925} INFO - DAG(s) 'tutorial_taskflow_api_virtualenv' retrieved from /home/airflow/.local/lib/python3.12/site-packages/airflow/example_dags/tutorial_taskflow_api_virtualenv.py
[2024-10-22T05:26:27.701+0000] {logging_mixin.py:190} INFO - [2024-10-22T05:26:27.701+0000] {dag.py:3239} INFO - Sync 1 DAGs
[2024-10-22T05:26:27.734+0000] {logging_mixin.py:190} INFO - [2024-10-22T05:26:27.733+0000] {dag.py:4180} INFO - Setting next_dagrun for tutorial_taskflow_api_virtualenv to None, run_after=None
[2024-10-22T05:26:27.817+0000] {processor.py:208} INFO - Processing /home/airflow/.local/lib/python3.12/site-packages/airflow/example_dags/tutorial_taskflow_api_virtualenv.py took 0.207 seconds
[2024-10-22T05:26:58.051+0000] {processor.py:186} INFO - Started process (PID=71247) to work on /home/airflow/.local/lib/python3.12/site-packages/airflow/example_dags/tutorial_taskflow_api_virtualenv.py
[2024-10-22T05:26:58.063+0000] {processor.py:914} INFO - Processing file /home/airflow/.local/lib/python3.12/site-packages/airflow/example_dags/tutorial_taskflow_api_virtualenv.py for tasks to queue
[2024-10-22T05:26:58.067+0000] {logging_mixin.py:190} INFO - [2024-10-22T05:26:58.066+0000] {dagbag.py:588} INFO - Filling up the DagBag from /home/airflow/.local/lib/python3.12/site-packages/airflow/example_dags/tutorial_taskflow_api_virtualenv.py
[2024-10-22T05:26:58.107+0000] {processor.py:925} INFO - DAG(s) 'tutorial_taskflow_api_virtualenv' retrieved from /home/airflow/.local/lib/python3.12/site-packages/airflow/example_dags/tutorial_taskflow_api_virtualenv.py
[2024-10-22T05:26:58.152+0000] {logging_mixin.py:190} INFO - [2024-10-22T05:26:58.150+0000] {dag.py:3239} INFO - Sync 1 DAGs
[2024-10-22T05:26:58.185+0000] {logging_mixin.py:190} INFO - [2024-10-22T05:26:58.184+0000] {dag.py:4180} INFO - Setting next_dagrun for tutorial_taskflow_api_virtualenv to None, run_after=None
[2024-10-22T05:26:58.220+0000] {processor.py:208} INFO - Processing /home/airflow/.local/lib/python3.12/site-packages/airflow/example_dags/tutorial_taskflow_api_virtualenv.py took 0.196 seconds
[2024-10-22T05:27:28.508+0000] {processor.py:186} INFO - Started process (PID=71314) to work on /home/airflow/.local/lib/python3.12/site-packages/airflow/example_dags/tutorial_taskflow_api_virtualenv.py
[2024-10-22T05:27:28.510+0000] {processor.py:914} INFO - Processing file /home/airflow/.local/lib/python3.12/site-packages/airflow/example_dags/tutorial_taskflow_api_virtualenv.py for tasks to queue
[2024-10-22T05:27:28.512+0000] {logging_mixin.py:190} INFO - [2024-10-22T05:27:28.512+0000] {dagbag.py:588} INFO - Filling up the DagBag from /home/airflow/.local/lib/python3.12/site-packages/airflow/example_dags/tutorial_taskflow_api_virtualenv.py
[2024-10-22T05:27:28.537+0000] {processor.py:925} INFO - DAG(s) 'tutorial_taskflow_api_virtualenv' retrieved from /home/airflow/.local/lib/python3.12/site-packages/airflow/example_dags/tutorial_taskflow_api_virtualenv.py
[2024-10-22T05:27:28.586+0000] {logging_mixin.py:190} INFO - [2024-10-22T05:27:28.586+0000] {dag.py:3239} INFO - Sync 1 DAGs
[2024-10-22T05:27:28.617+0000] {logging_mixin.py:190} INFO - [2024-10-22T05:27:28.617+0000] {dag.py:4180} INFO - Setting next_dagrun for tutorial_taskflow_api_virtualenv to None, run_after=None
[2024-10-22T05:27:28.650+0000] {processor.py:208} INFO - Processing /home/airflow/.local/lib/python3.12/site-packages/airflow/example_dags/tutorial_taskflow_api_virtualenv.py took 0.162 seconds
[2024-10-22T05:27:59.251+0000] {processor.py:186} INFO - Started process (PID=71381) to work on /home/airflow/.local/lib/python3.12/site-packages/airflow/example_dags/tutorial_taskflow_api_virtualenv.py
[2024-10-22T05:27:59.253+0000] {processor.py:914} INFO - Processing file /home/airflow/.local/lib/python3.12/site-packages/airflow/example_dags/tutorial_taskflow_api_virtualenv.py for tasks to queue
[2024-10-22T05:27:59.255+0000] {logging_mixin.py:190} INFO - [2024-10-22T05:27:59.255+0000] {dagbag.py:588} INFO - Filling up the DagBag from /home/airflow/.local/lib/python3.12/site-packages/airflow/example_dags/tutorial_taskflow_api_virtualenv.py
[2024-10-22T05:27:59.277+0000] {processor.py:925} INFO - DAG(s) 'tutorial_taskflow_api_virtualenv' retrieved from /home/airflow/.local/lib/python3.12/site-packages/airflow/example_dags/tutorial_taskflow_api_virtualenv.py
[2024-10-22T05:27:59.319+0000] {logging_mixin.py:190} INFO - [2024-10-22T05:27:59.319+0000] {dag.py:3239} INFO - Sync 1 DAGs
[2024-10-22T05:27:59.357+0000] {logging_mixin.py:190} INFO - [2024-10-22T05:27:59.356+0000] {dag.py:4180} INFO - Setting next_dagrun for tutorial_taskflow_api_virtualenv to None, run_after=None
[2024-10-22T05:27:59.387+0000] {processor.py:208} INFO - Processing /home/airflow/.local/lib/python3.12/site-packages/airflow/example_dags/tutorial_taskflow_api_virtualenv.py took 0.149 seconds
[2024-10-22T05:28:29.955+0000] {processor.py:186} INFO - Started process (PID=71448) to work on /home/airflow/.local/lib/python3.12/site-packages/airflow/example_dags/tutorial_taskflow_api_virtualenv.py
[2024-10-22T05:28:29.957+0000] {processor.py:914} INFO - Processing file /home/airflow/.local/lib/python3.12/site-packages/airflow/example_dags/tutorial_taskflow_api_virtualenv.py for tasks to queue
[2024-10-22T05:28:29.959+0000] {logging_mixin.py:190} INFO - [2024-10-22T05:28:29.959+0000] {dagbag.py:588} INFO - Filling up the DagBag from /home/airflow/.local/lib/python3.12/site-packages/airflow/example_dags/tutorial_taskflow_api_virtualenv.py
[2024-10-22T05:28:29.978+0000] {processor.py:925} INFO - DAG(s) 'tutorial_taskflow_api_virtualenv' retrieved from /home/airflow/.local/lib/python3.12/site-packages/airflow/example_dags/tutorial_taskflow_api_virtualenv.py
[2024-10-22T05:28:30.018+0000] {logging_mixin.py:190} INFO - [2024-10-22T05:28:30.018+0000] {dag.py:3239} INFO - Sync 1 DAGs
[2024-10-22T05:28:30.075+0000] {logging_mixin.py:190} INFO - [2024-10-22T05:28:30.075+0000] {dag.py:4180} INFO - Setting next_dagrun for tutorial_taskflow_api_virtualenv to None, run_after=None
[2024-10-22T05:28:30.125+0000] {processor.py:208} INFO - Processing /home/airflow/.local/lib/python3.12/site-packages/airflow/example_dags/tutorial_taskflow_api_virtualenv.py took 0.185 seconds
[2024-10-22T05:29:00.794+0000] {processor.py:186} INFO - Started process (PID=71516) to work on /home/airflow/.local/lib/python3.12/site-packages/airflow/example_dags/tutorial_taskflow_api_virtualenv.py
[2024-10-22T05:29:00.796+0000] {processor.py:914} INFO - Processing file /home/airflow/.local/lib/python3.12/site-packages/airflow/example_dags/tutorial_taskflow_api_virtualenv.py for tasks to queue
[2024-10-22T05:29:00.799+0000] {logging_mixin.py:190} INFO - [2024-10-22T05:29:00.798+0000] {dagbag.py:588} INFO - Filling up the DagBag from /home/airflow/.local/lib/python3.12/site-packages/airflow/example_dags/tutorial_taskflow_api_virtualenv.py
[2024-10-22T05:29:00.822+0000] {processor.py:925} INFO - DAG(s) 'tutorial_taskflow_api_virtualenv' retrieved from /home/airflow/.local/lib/python3.12/site-packages/airflow/example_dags/tutorial_taskflow_api_virtualenv.py
[2024-10-22T05:29:00.864+0000] {logging_mixin.py:190} INFO - [2024-10-22T05:29:00.863+0000] {dag.py:3239} INFO - Sync 1 DAGs
[2024-10-22T05:29:00.895+0000] {logging_mixin.py:190} INFO - [2024-10-22T05:29:00.894+0000] {dag.py:4180} INFO - Setting next_dagrun for tutorial_taskflow_api_virtualenv to None, run_after=None
[2024-10-22T05:29:00.928+0000] {processor.py:208} INFO - Processing /home/airflow/.local/lib/python3.12/site-packages/airflow/example_dags/tutorial_taskflow_api_virtualenv.py took 0.152 seconds
[2024-10-22T05:29:31.246+0000] {processor.py:186} INFO - Started process (PID=71583) to work on /home/airflow/.local/lib/python3.12/site-packages/airflow/example_dags/tutorial_taskflow_api_virtualenv.py
[2024-10-22T05:29:31.249+0000] {processor.py:914} INFO - Processing file /home/airflow/.local/lib/python3.12/site-packages/airflow/example_dags/tutorial_taskflow_api_virtualenv.py for tasks to queue
[2024-10-22T05:29:31.251+0000] {logging_mixin.py:190} INFO - [2024-10-22T05:29:31.251+0000] {dagbag.py:588} INFO - Filling up the DagBag from /home/airflow/.local/lib/python3.12/site-packages/airflow/example_dags/tutorial_taskflow_api_virtualenv.py
[2024-10-22T05:29:31.273+0000] {processor.py:925} INFO - DAG(s) 'tutorial_taskflow_api_virtualenv' retrieved from /home/airflow/.local/lib/python3.12/site-packages/airflow/example_dags/tutorial_taskflow_api_virtualenv.py
[2024-10-22T05:29:31.316+0000] {logging_mixin.py:190} INFO - [2024-10-22T05:29:31.316+0000] {dag.py:3239} INFO - Sync 1 DAGs
[2024-10-22T05:29:31.354+0000] {logging_mixin.py:190} INFO - [2024-10-22T05:29:31.353+0000] {dag.py:4180} INFO - Setting next_dagrun for tutorial_taskflow_api_virtualenv to None, run_after=None
[2024-10-22T05:29:31.394+0000] {processor.py:208} INFO - Processing /home/airflow/.local/lib/python3.12/site-packages/airflow/example_dags/tutorial_taskflow_api_virtualenv.py took 0.162 seconds
[2024-10-22T05:30:02.391+0000] {processor.py:186} INFO - Started process (PID=71650) to work on /home/airflow/.local/lib/python3.12/site-packages/airflow/example_dags/tutorial_taskflow_api_virtualenv.py
[2024-10-22T05:30:02.393+0000] {processor.py:914} INFO - Processing file /home/airflow/.local/lib/python3.12/site-packages/airflow/example_dags/tutorial_taskflow_api_virtualenv.py for tasks to queue
[2024-10-22T05:30:02.396+0000] {logging_mixin.py:190} INFO - [2024-10-22T05:30:02.395+0000] {dagbag.py:588} INFO - Filling up the DagBag from /home/airflow/.local/lib/python3.12/site-packages/airflow/example_dags/tutorial_taskflow_api_virtualenv.py
[2024-10-22T05:30:02.417+0000] {processor.py:925} INFO - DAG(s) 'tutorial_taskflow_api_virtualenv' retrieved from /home/airflow/.local/lib/python3.12/site-packages/airflow/example_dags/tutorial_taskflow_api_virtualenv.py
[2024-10-22T05:30:02.497+0000] {logging_mixin.py:190} INFO - [2024-10-22T05:30:02.464+0000] {dag.py:3239} INFO - Sync 1 DAGs
[2024-10-22T05:30:02.532+0000] {logging_mixin.py:190} INFO - [2024-10-22T05:30:02.532+0000] {dag.py:4180} INFO - Setting next_dagrun for tutorial_taskflow_api_virtualenv to None, run_after=None
[2024-10-22T05:30:02.584+0000] {processor.py:208} INFO - Processing /home/airflow/.local/lib/python3.12/site-packages/airflow/example_dags/tutorial_taskflow_api_virtualenv.py took 0.207 seconds
[2024-10-22T05:30:33.081+0000] {processor.py:186} INFO - Started process (PID=71717) to work on /home/airflow/.local/lib/python3.12/site-packages/airflow/example_dags/tutorial_taskflow_api_virtualenv.py
[2024-10-22T05:30:33.083+0000] {processor.py:914} INFO - Processing file /home/airflow/.local/lib/python3.12/site-packages/airflow/example_dags/tutorial_taskflow_api_virtualenv.py for tasks to queue
[2024-10-22T05:30:33.086+0000] {logging_mixin.py:190} INFO - [2024-10-22T05:30:33.085+0000] {dagbag.py:588} INFO - Filling up the DagBag from /home/airflow/.local/lib/python3.12/site-packages/airflow/example_dags/tutorial_taskflow_api_virtualenv.py
[2024-10-22T05:30:33.108+0000] {processor.py:925} INFO - DAG(s) 'tutorial_taskflow_api_virtualenv' retrieved from /home/airflow/.local/lib/python3.12/site-packages/airflow/example_dags/tutorial_taskflow_api_virtualenv.py
[2024-10-22T05:30:33.189+0000] {logging_mixin.py:190} INFO - [2024-10-22T05:30:33.188+0000] {dag.py:3239} INFO - Sync 1 DAGs
[2024-10-22T05:30:33.259+0000] {logging_mixin.py:190} INFO - [2024-10-22T05:30:33.259+0000] {dag.py:4180} INFO - Setting next_dagrun for tutorial_taskflow_api_virtualenv to None, run_after=None
[2024-10-22T05:30:33.297+0000] {processor.py:208} INFO - Processing /home/airflow/.local/lib/python3.12/site-packages/airflow/example_dags/tutorial_taskflow_api_virtualenv.py took 0.229 seconds
[2024-10-22T05:31:03.517+0000] {processor.py:186} INFO - Started process (PID=71784) to work on /home/airflow/.local/lib/python3.12/site-packages/airflow/example_dags/tutorial_taskflow_api_virtualenv.py
[2024-10-22T05:31:03.519+0000] {processor.py:914} INFO - Processing file /home/airflow/.local/lib/python3.12/site-packages/airflow/example_dags/tutorial_taskflow_api_virtualenv.py for tasks to queue
[2024-10-22T05:31:03.522+0000] {logging_mixin.py:190} INFO - [2024-10-22T05:31:03.521+0000] {dagbag.py:588} INFO - Filling up the DagBag from /home/airflow/.local/lib/python3.12/site-packages/airflow/example_dags/tutorial_taskflow_api_virtualenv.py
[2024-10-22T05:31:03.549+0000] {processor.py:925} INFO - DAG(s) 'tutorial_taskflow_api_virtualenv' retrieved from /home/airflow/.local/lib/python3.12/site-packages/airflow/example_dags/tutorial_taskflow_api_virtualenv.py
[2024-10-22T05:31:03.594+0000] {logging_mixin.py:190} INFO - [2024-10-22T05:31:03.594+0000] {dag.py:3239} INFO - Sync 1 DAGs
[2024-10-22T05:31:03.670+0000] {logging_mixin.py:190} INFO - [2024-10-22T05:31:03.669+0000] {dag.py:4180} INFO - Setting next_dagrun for tutorial_taskflow_api_virtualenv to None, run_after=None
[2024-10-22T05:31:03.707+0000] {processor.py:208} INFO - Processing /home/airflow/.local/lib/python3.12/site-packages/airflow/example_dags/tutorial_taskflow_api_virtualenv.py took 0.204 seconds
[2024-10-22T05:31:34.462+0000] {processor.py:186} INFO - Started process (PID=71851) to work on /home/airflow/.local/lib/python3.12/site-packages/airflow/example_dags/tutorial_taskflow_api_virtualenv.py
[2024-10-22T05:31:34.463+0000] {processor.py:914} INFO - Processing file /home/airflow/.local/lib/python3.12/site-packages/airflow/example_dags/tutorial_taskflow_api_virtualenv.py for tasks to queue
[2024-10-22T05:31:34.465+0000] {logging_mixin.py:190} INFO - [2024-10-22T05:31:34.464+0000] {dagbag.py:588} INFO - Filling up the DagBag from /home/airflow/.local/lib/python3.12/site-packages/airflow/example_dags/tutorial_taskflow_api_virtualenv.py
[2024-10-22T05:31:34.487+0000] {processor.py:925} INFO - DAG(s) 'tutorial_taskflow_api_virtualenv' retrieved from /home/airflow/.local/lib/python3.12/site-packages/airflow/example_dags/tutorial_taskflow_api_virtualenv.py
[2024-10-22T05:31:34.536+0000] {logging_mixin.py:190} INFO - [2024-10-22T05:31:34.536+0000] {dag.py:3239} INFO - Sync 1 DAGs
[2024-10-22T05:31:34.565+0000] {logging_mixin.py:190} INFO - [2024-10-22T05:31:34.565+0000] {dag.py:4180} INFO - Setting next_dagrun for tutorial_taskflow_api_virtualenv to None, run_after=None
[2024-10-22T05:31:34.596+0000] {processor.py:208} INFO - Processing /home/airflow/.local/lib/python3.12/site-packages/airflow/example_dags/tutorial_taskflow_api_virtualenv.py took 0.147 seconds
[2024-10-22T05:32:05.666+0000] {processor.py:186} INFO - Started process (PID=71917) to work on /home/airflow/.local/lib/python3.12/site-packages/airflow/example_dags/tutorial_taskflow_api_virtualenv.py
[2024-10-22T05:32:05.667+0000] {processor.py:914} INFO - Processing file /home/airflow/.local/lib/python3.12/site-packages/airflow/example_dags/tutorial_taskflow_api_virtualenv.py for tasks to queue
[2024-10-22T05:32:05.669+0000] {logging_mixin.py:190} INFO - [2024-10-22T05:32:05.669+0000] {dagbag.py:588} INFO - Filling up the DagBag from /home/airflow/.local/lib/python3.12/site-packages/airflow/example_dags/tutorial_taskflow_api_virtualenv.py
[2024-10-22T05:32:05.696+0000] {processor.py:925} INFO - DAG(s) 'tutorial_taskflow_api_virtualenv' retrieved from /home/airflow/.local/lib/python3.12/site-packages/airflow/example_dags/tutorial_taskflow_api_virtualenv.py
[2024-10-22T05:32:05.779+0000] {logging_mixin.py:190} INFO - [2024-10-22T05:32:05.777+0000] {dag.py:3239} INFO - Sync 1 DAGs
[2024-10-22T05:32:05.830+0000] {logging_mixin.py:190} INFO - [2024-10-22T05:32:05.829+0000] {dag.py:4180} INFO - Setting next_dagrun for tutorial_taskflow_api_virtualenv to None, run_after=None
[2024-10-22T05:32:05.858+0000] {processor.py:208} INFO - Processing /home/airflow/.local/lib/python3.12/site-packages/airflow/example_dags/tutorial_taskflow_api_virtualenv.py took 0.204 seconds
[2024-10-22T05:32:36.625+0000] {processor.py:186} INFO - Started process (PID=71983) to work on /home/airflow/.local/lib/python3.12/site-packages/airflow/example_dags/tutorial_taskflow_api_virtualenv.py
[2024-10-22T05:32:36.627+0000] {processor.py:914} INFO - Processing file /home/airflow/.local/lib/python3.12/site-packages/airflow/example_dags/tutorial_taskflow_api_virtualenv.py for tasks to queue
[2024-10-22T05:32:36.630+0000] {logging_mixin.py:190} INFO - [2024-10-22T05:32:36.630+0000] {dagbag.py:588} INFO - Filling up the DagBag from /home/airflow/.local/lib/python3.12/site-packages/airflow/example_dags/tutorial_taskflow_api_virtualenv.py
[2024-10-22T05:32:36.652+0000] {processor.py:925} INFO - DAG(s) 'tutorial_taskflow_api_virtualenv' retrieved from /home/airflow/.local/lib/python3.12/site-packages/airflow/example_dags/tutorial_taskflow_api_virtualenv.py
[2024-10-22T05:32:36.693+0000] {logging_mixin.py:190} INFO - [2024-10-22T05:32:36.692+0000] {dag.py:3239} INFO - Sync 1 DAGs
[2024-10-22T05:32:36.721+0000] {logging_mixin.py:190} INFO - [2024-10-22T05:32:36.721+0000] {dag.py:4180} INFO - Setting next_dagrun for tutorial_taskflow_api_virtualenv to None, run_after=None
[2024-10-22T05:32:36.757+0000] {processor.py:208} INFO - Processing /home/airflow/.local/lib/python3.12/site-packages/airflow/example_dags/tutorial_taskflow_api_virtualenv.py took 0.162 seconds
[2024-10-22T05:33:07.281+0000] {processor.py:186} INFO - Started process (PID=72050) to work on /home/airflow/.local/lib/python3.12/site-packages/airflow/example_dags/tutorial_taskflow_api_virtualenv.py
[2024-10-22T05:33:07.283+0000] {processor.py:914} INFO - Processing file /home/airflow/.local/lib/python3.12/site-packages/airflow/example_dags/tutorial_taskflow_api_virtualenv.py for tasks to queue
[2024-10-22T05:33:07.285+0000] {logging_mixin.py:190} INFO - [2024-10-22T05:33:07.285+0000] {dagbag.py:588} INFO - Filling up the DagBag from /home/airflow/.local/lib/python3.12/site-packages/airflow/example_dags/tutorial_taskflow_api_virtualenv.py
[2024-10-22T05:33:07.307+0000] {processor.py:925} INFO - DAG(s) 'tutorial_taskflow_api_virtualenv' retrieved from /home/airflow/.local/lib/python3.12/site-packages/airflow/example_dags/tutorial_taskflow_api_virtualenv.py
[2024-10-22T05:33:07.378+0000] {logging_mixin.py:190} INFO - [2024-10-22T05:33:07.376+0000] {dag.py:3239} INFO - Sync 1 DAGs
[2024-10-22T05:33:07.421+0000] {logging_mixin.py:190} INFO - [2024-10-22T05:33:07.421+0000] {dag.py:4180} INFO - Setting next_dagrun for tutorial_taskflow_api_virtualenv to None, run_after=None
[2024-10-22T05:33:07.456+0000] {processor.py:208} INFO - Processing /home/airflow/.local/lib/python3.12/site-packages/airflow/example_dags/tutorial_taskflow_api_virtualenv.py took 0.187 seconds
[2024-10-22T05:33:37.980+0000] {processor.py:186} INFO - Started process (PID=72117) to work on /home/airflow/.local/lib/python3.12/site-packages/airflow/example_dags/tutorial_taskflow_api_virtualenv.py
[2024-10-22T05:33:37.982+0000] {processor.py:914} INFO - Processing file /home/airflow/.local/lib/python3.12/site-packages/airflow/example_dags/tutorial_taskflow_api_virtualenv.py for tasks to queue
[2024-10-22T05:33:37.984+0000] {logging_mixin.py:190} INFO - [2024-10-22T05:33:37.983+0000] {dagbag.py:588} INFO - Filling up the DagBag from /home/airflow/.local/lib/python3.12/site-packages/airflow/example_dags/tutorial_taskflow_api_virtualenv.py
[2024-10-22T05:33:38.005+0000] {processor.py:925} INFO - DAG(s) 'tutorial_taskflow_api_virtualenv' retrieved from /home/airflow/.local/lib/python3.12/site-packages/airflow/example_dags/tutorial_taskflow_api_virtualenv.py
[2024-10-22T05:33:38.062+0000] {logging_mixin.py:190} INFO - [2024-10-22T05:33:38.062+0000] {dag.py:3239} INFO - Sync 1 DAGs
[2024-10-22T05:33:38.105+0000] {logging_mixin.py:190} INFO - [2024-10-22T05:33:38.105+0000] {dag.py:4180} INFO - Setting next_dagrun for tutorial_taskflow_api_virtualenv to None, run_after=None
[2024-10-22T05:33:38.146+0000] {processor.py:208} INFO - Processing /home/airflow/.local/lib/python3.12/site-packages/airflow/example_dags/tutorial_taskflow_api_virtualenv.py took 0.177 seconds
[2024-10-22T05:34:08.474+0000] {processor.py:186} INFO - Started process (PID=72183) to work on /home/airflow/.local/lib/python3.12/site-packages/airflow/example_dags/tutorial_taskflow_api_virtualenv.py
[2024-10-22T05:34:08.500+0000] {processor.py:914} INFO - Processing file /home/airflow/.local/lib/python3.12/site-packages/airflow/example_dags/tutorial_taskflow_api_virtualenv.py for tasks to queue
[2024-10-22T05:34:08.505+0000] {logging_mixin.py:190} INFO - [2024-10-22T05:34:08.504+0000] {dagbag.py:588} INFO - Filling up the DagBag from /home/airflow/.local/lib/python3.12/site-packages/airflow/example_dags/tutorial_taskflow_api_virtualenv.py
[2024-10-22T05:34:08.534+0000] {processor.py:925} INFO - DAG(s) 'tutorial_taskflow_api_virtualenv' retrieved from /home/airflow/.local/lib/python3.12/site-packages/airflow/example_dags/tutorial_taskflow_api_virtualenv.py
[2024-10-22T05:34:08.599+0000] {logging_mixin.py:190} INFO - [2024-10-22T05:34:08.599+0000] {dag.py:3239} INFO - Sync 1 DAGs
[2024-10-22T05:34:08.626+0000] {logging_mixin.py:190} INFO - [2024-10-22T05:34:08.626+0000] {dag.py:4180} INFO - Setting next_dagrun for tutorial_taskflow_api_virtualenv to None, run_after=None
[2024-10-22T05:34:08.658+0000] {processor.py:208} INFO - Processing /home/airflow/.local/lib/python3.12/site-packages/airflow/example_dags/tutorial_taskflow_api_virtualenv.py took 0.213 seconds
[2024-10-22T05:34:38.756+0000] {processor.py:186} INFO - Started process (PID=72249) to work on /home/airflow/.local/lib/python3.12/site-packages/airflow/example_dags/tutorial_taskflow_api_virtualenv.py
[2024-10-22T05:34:38.758+0000] {processor.py:914} INFO - Processing file /home/airflow/.local/lib/python3.12/site-packages/airflow/example_dags/tutorial_taskflow_api_virtualenv.py for tasks to queue
[2024-10-22T05:34:38.760+0000] {logging_mixin.py:190} INFO - [2024-10-22T05:34:38.759+0000] {dagbag.py:588} INFO - Filling up the DagBag from /home/airflow/.local/lib/python3.12/site-packages/airflow/example_dags/tutorial_taskflow_api_virtualenv.py
[2024-10-22T05:34:38.786+0000] {processor.py:925} INFO - DAG(s) 'tutorial_taskflow_api_virtualenv' retrieved from /home/airflow/.local/lib/python3.12/site-packages/airflow/example_dags/tutorial_taskflow_api_virtualenv.py
[2024-10-22T05:34:38.845+0000] {logging_mixin.py:190} INFO - [2024-10-22T05:34:38.845+0000] {dag.py:3239} INFO - Sync 1 DAGs
[2024-10-22T05:34:38.885+0000] {logging_mixin.py:190} INFO - [2024-10-22T05:34:38.884+0000] {dag.py:4180} INFO - Setting next_dagrun for tutorial_taskflow_api_virtualenv to None, run_after=None
[2024-10-22T05:34:38.929+0000] {processor.py:208} INFO - Processing /home/airflow/.local/lib/python3.12/site-packages/airflow/example_dags/tutorial_taskflow_api_virtualenv.py took 0.191 seconds
[2024-10-22T05:35:10.232+0000] {processor.py:186} INFO - Started process (PID=72316) to work on /home/airflow/.local/lib/python3.12/site-packages/airflow/example_dags/tutorial_taskflow_api_virtualenv.py
[2024-10-22T05:35:10.233+0000] {processor.py:914} INFO - Processing file /home/airflow/.local/lib/python3.12/site-packages/airflow/example_dags/tutorial_taskflow_api_virtualenv.py for tasks to queue
[2024-10-22T05:35:10.236+0000] {logging_mixin.py:190} INFO - [2024-10-22T05:35:10.235+0000] {dagbag.py:588} INFO - Filling up the DagBag from /home/airflow/.local/lib/python3.12/site-packages/airflow/example_dags/tutorial_taskflow_api_virtualenv.py
[2024-10-22T05:35:10.253+0000] {processor.py:925} INFO - DAG(s) 'tutorial_taskflow_api_virtualenv' retrieved from /home/airflow/.local/lib/python3.12/site-packages/airflow/example_dags/tutorial_taskflow_api_virtualenv.py
[2024-10-22T05:35:10.290+0000] {logging_mixin.py:190} INFO - [2024-10-22T05:35:10.289+0000] {dag.py:3239} INFO - Sync 1 DAGs
[2024-10-22T05:35:10.314+0000] {logging_mixin.py:190} INFO - [2024-10-22T05:35:10.314+0000] {dag.py:4180} INFO - Setting next_dagrun for tutorial_taskflow_api_virtualenv to None, run_after=None
[2024-10-22T05:35:10.340+0000] {processor.py:208} INFO - Processing /home/airflow/.local/lib/python3.12/site-packages/airflow/example_dags/tutorial_taskflow_api_virtualenv.py took 0.118 seconds
[2024-10-22T05:35:41.131+0000] {processor.py:186} INFO - Started process (PID=72383) to work on /home/airflow/.local/lib/python3.12/site-packages/airflow/example_dags/tutorial_taskflow_api_virtualenv.py
[2024-10-22T05:35:41.132+0000] {processor.py:914} INFO - Processing file /home/airflow/.local/lib/python3.12/site-packages/airflow/example_dags/tutorial_taskflow_api_virtualenv.py for tasks to queue
[2024-10-22T05:35:41.133+0000] {logging_mixin.py:190} INFO - [2024-10-22T05:35:41.133+0000] {dagbag.py:588} INFO - Filling up the DagBag from /home/airflow/.local/lib/python3.12/site-packages/airflow/example_dags/tutorial_taskflow_api_virtualenv.py
[2024-10-22T05:35:41.146+0000] {processor.py:925} INFO - DAG(s) 'tutorial_taskflow_api_virtualenv' retrieved from /home/airflow/.local/lib/python3.12/site-packages/airflow/example_dags/tutorial_taskflow_api_virtualenv.py
[2024-10-22T05:35:41.169+0000] {logging_mixin.py:190} INFO - [2024-10-22T05:35:41.169+0000] {dag.py:3239} INFO - Sync 1 DAGs
[2024-10-22T05:35:41.185+0000] {logging_mixin.py:190} INFO - [2024-10-22T05:35:41.185+0000] {dag.py:4180} INFO - Setting next_dagrun for tutorial_taskflow_api_virtualenv to None, run_after=None
[2024-10-22T05:35:41.203+0000] {processor.py:208} INFO - Processing /home/airflow/.local/lib/python3.12/site-packages/airflow/example_dags/tutorial_taskflow_api_virtualenv.py took 0.081 seconds
[2024-10-22T05:36:11.375+0000] {processor.py:186} INFO - Started process (PID=72449) to work on /home/airflow/.local/lib/python3.12/site-packages/airflow/example_dags/tutorial_taskflow_api_virtualenv.py
[2024-10-22T05:36:11.377+0000] {processor.py:914} INFO - Processing file /home/airflow/.local/lib/python3.12/site-packages/airflow/example_dags/tutorial_taskflow_api_virtualenv.py for tasks to queue
[2024-10-22T05:36:11.378+0000] {logging_mixin.py:190} INFO - [2024-10-22T05:36:11.378+0000] {dagbag.py:588} INFO - Filling up the DagBag from /home/airflow/.local/lib/python3.12/site-packages/airflow/example_dags/tutorial_taskflow_api_virtualenv.py
[2024-10-22T05:36:11.390+0000] {processor.py:925} INFO - DAG(s) 'tutorial_taskflow_api_virtualenv' retrieved from /home/airflow/.local/lib/python3.12/site-packages/airflow/example_dags/tutorial_taskflow_api_virtualenv.py
[2024-10-22T05:36:11.414+0000] {logging_mixin.py:190} INFO - [2024-10-22T05:36:11.413+0000] {dag.py:3239} INFO - Sync 1 DAGs
[2024-10-22T05:36:11.430+0000] {logging_mixin.py:190} INFO - [2024-10-22T05:36:11.430+0000] {dag.py:4180} INFO - Setting next_dagrun for tutorial_taskflow_api_virtualenv to None, run_after=None
[2024-10-22T05:36:11.447+0000] {processor.py:208} INFO - Processing /home/airflow/.local/lib/python3.12/site-packages/airflow/example_dags/tutorial_taskflow_api_virtualenv.py took 0.080 seconds
[2024-10-22T05:36:41.635+0000] {processor.py:186} INFO - Started process (PID=72515) to work on /home/airflow/.local/lib/python3.12/site-packages/airflow/example_dags/tutorial_taskflow_api_virtualenv.py
[2024-10-22T05:36:41.636+0000] {processor.py:914} INFO - Processing file /home/airflow/.local/lib/python3.12/site-packages/airflow/example_dags/tutorial_taskflow_api_virtualenv.py for tasks to queue
[2024-10-22T05:36:41.637+0000] {logging_mixin.py:190} INFO - [2024-10-22T05:36:41.637+0000] {dagbag.py:588} INFO - Filling up the DagBag from /home/airflow/.local/lib/python3.12/site-packages/airflow/example_dags/tutorial_taskflow_api_virtualenv.py
[2024-10-22T05:36:41.649+0000] {processor.py:925} INFO - DAG(s) 'tutorial_taskflow_api_virtualenv' retrieved from /home/airflow/.local/lib/python3.12/site-packages/airflow/example_dags/tutorial_taskflow_api_virtualenv.py
[2024-10-22T05:36:41.670+0000] {logging_mixin.py:190} INFO - [2024-10-22T05:36:41.670+0000] {dag.py:3239} INFO - Sync 1 DAGs
[2024-10-22T05:36:41.686+0000] {logging_mixin.py:190} INFO - [2024-10-22T05:36:41.686+0000] {dag.py:4180} INFO - Setting next_dagrun for tutorial_taskflow_api_virtualenv to None, run_after=None
[2024-10-22T05:36:41.703+0000] {processor.py:208} INFO - Processing /home/airflow/.local/lib/python3.12/site-packages/airflow/example_dags/tutorial_taskflow_api_virtualenv.py took 0.075 seconds
[2024-10-22T05:37:11.907+0000] {processor.py:186} INFO - Started process (PID=72582) to work on /home/airflow/.local/lib/python3.12/site-packages/airflow/example_dags/tutorial_taskflow_api_virtualenv.py
[2024-10-22T05:37:11.908+0000] {processor.py:914} INFO - Processing file /home/airflow/.local/lib/python3.12/site-packages/airflow/example_dags/tutorial_taskflow_api_virtualenv.py for tasks to queue
[2024-10-22T05:37:11.910+0000] {logging_mixin.py:190} INFO - [2024-10-22T05:37:11.909+0000] {dagbag.py:588} INFO - Filling up the DagBag from /home/airflow/.local/lib/python3.12/site-packages/airflow/example_dags/tutorial_taskflow_api_virtualenv.py
[2024-10-22T05:37:11.922+0000] {processor.py:925} INFO - DAG(s) 'tutorial_taskflow_api_virtualenv' retrieved from /home/airflow/.local/lib/python3.12/site-packages/airflow/example_dags/tutorial_taskflow_api_virtualenv.py
[2024-10-22T05:37:11.945+0000] {logging_mixin.py:190} INFO - [2024-10-22T05:37:11.944+0000] {dag.py:3239} INFO - Sync 1 DAGs
[2024-10-22T05:37:11.961+0000] {logging_mixin.py:190} INFO - [2024-10-22T05:37:11.961+0000] {dag.py:4180} INFO - Setting next_dagrun for tutorial_taskflow_api_virtualenv to None, run_after=None
[2024-10-22T05:37:11.978+0000] {processor.py:208} INFO - Processing /home/airflow/.local/lib/python3.12/site-packages/airflow/example_dags/tutorial_taskflow_api_virtualenv.py took 0.080 seconds
[2024-10-22T05:37:42.073+0000] {processor.py:186} INFO - Started process (PID=72648) to work on /home/airflow/.local/lib/python3.12/site-packages/airflow/example_dags/tutorial_taskflow_api_virtualenv.py
[2024-10-22T05:37:42.074+0000] {processor.py:914} INFO - Processing file /home/airflow/.local/lib/python3.12/site-packages/airflow/example_dags/tutorial_taskflow_api_virtualenv.py for tasks to queue
[2024-10-22T05:37:42.075+0000] {logging_mixin.py:190} INFO - [2024-10-22T05:37:42.075+0000] {dagbag.py:588} INFO - Filling up the DagBag from /home/airflow/.local/lib/python3.12/site-packages/airflow/example_dags/tutorial_taskflow_api_virtualenv.py
[2024-10-22T05:37:42.089+0000] {processor.py:925} INFO - DAG(s) 'tutorial_taskflow_api_virtualenv' retrieved from /home/airflow/.local/lib/python3.12/site-packages/airflow/example_dags/tutorial_taskflow_api_virtualenv.py
[2024-10-22T05:37:42.115+0000] {logging_mixin.py:190} INFO - [2024-10-22T05:37:42.114+0000] {dag.py:3239} INFO - Sync 1 DAGs
[2024-10-22T05:37:42.130+0000] {logging_mixin.py:190} INFO - [2024-10-22T05:37:42.130+0000] {dag.py:4180} INFO - Setting next_dagrun for tutorial_taskflow_api_virtualenv to None, run_after=None
[2024-10-22T05:37:42.148+0000] {processor.py:208} INFO - Processing /home/airflow/.local/lib/python3.12/site-packages/airflow/example_dags/tutorial_taskflow_api_virtualenv.py took 0.088 seconds
[2024-10-22T05:38:12.704+0000] {processor.py:186} INFO - Started process (PID=72708) to work on /home/airflow/.local/lib/python3.12/site-packages/airflow/example_dags/tutorial_taskflow_api_virtualenv.py
[2024-10-22T05:38:12.705+0000] {processor.py:914} INFO - Processing file /home/airflow/.local/lib/python3.12/site-packages/airflow/example_dags/tutorial_taskflow_api_virtualenv.py for tasks to queue
[2024-10-22T05:38:12.707+0000] {logging_mixin.py:190} INFO - [2024-10-22T05:38:12.706+0000] {dagbag.py:588} INFO - Filling up the DagBag from /home/airflow/.local/lib/python3.12/site-packages/airflow/example_dags/tutorial_taskflow_api_virtualenv.py
[2024-10-22T05:38:12.719+0000] {processor.py:925} INFO - DAG(s) 'tutorial_taskflow_api_virtualenv' retrieved from /home/airflow/.local/lib/python3.12/site-packages/airflow/example_dags/tutorial_taskflow_api_virtualenv.py
[2024-10-22T05:38:12.744+0000] {logging_mixin.py:190} INFO - [2024-10-22T05:38:12.744+0000] {dag.py:3239} INFO - Sync 1 DAGs
[2024-10-22T05:38:12.765+0000] {logging_mixin.py:190} INFO - [2024-10-22T05:38:12.765+0000] {dag.py:4180} INFO - Setting next_dagrun for tutorial_taskflow_api_virtualenv to None, run_after=None
[2024-10-22T05:38:12.785+0000] {processor.py:208} INFO - Processing /home/airflow/.local/lib/python3.12/site-packages/airflow/example_dags/tutorial_taskflow_api_virtualenv.py took 0.088 seconds
[2024-10-22T05:38:43.357+0000] {processor.py:186} INFO - Started process (PID=72775) to work on /home/airflow/.local/lib/python3.12/site-packages/airflow/example_dags/tutorial_taskflow_api_virtualenv.py
[2024-10-22T05:38:43.358+0000] {processor.py:914} INFO - Processing file /home/airflow/.local/lib/python3.12/site-packages/airflow/example_dags/tutorial_taskflow_api_virtualenv.py for tasks to queue
[2024-10-22T05:38:43.360+0000] {logging_mixin.py:190} INFO - [2024-10-22T05:38:43.359+0000] {dagbag.py:588} INFO - Filling up the DagBag from /home/airflow/.local/lib/python3.12/site-packages/airflow/example_dags/tutorial_taskflow_api_virtualenv.py
[2024-10-22T05:38:43.372+0000] {processor.py:925} INFO - DAG(s) 'tutorial_taskflow_api_virtualenv' retrieved from /home/airflow/.local/lib/python3.12/site-packages/airflow/example_dags/tutorial_taskflow_api_virtualenv.py
[2024-10-22T05:38:43.398+0000] {logging_mixin.py:190} INFO - [2024-10-22T05:38:43.397+0000] {dag.py:3239} INFO - Sync 1 DAGs
[2024-10-22T05:38:43.414+0000] {logging_mixin.py:190} INFO - [2024-10-22T05:38:43.414+0000] {dag.py:4180} INFO - Setting next_dagrun for tutorial_taskflow_api_virtualenv to None, run_after=None
[2024-10-22T05:38:43.431+0000] {processor.py:208} INFO - Processing /home/airflow/.local/lib/python3.12/site-packages/airflow/example_dags/tutorial_taskflow_api_virtualenv.py took 0.081 seconds
[2024-10-22T05:39:13.550+0000] {processor.py:186} INFO - Started process (PID=72842) to work on /home/airflow/.local/lib/python3.12/site-packages/airflow/example_dags/tutorial_taskflow_api_virtualenv.py
[2024-10-22T05:39:13.551+0000] {processor.py:914} INFO - Processing file /home/airflow/.local/lib/python3.12/site-packages/airflow/example_dags/tutorial_taskflow_api_virtualenv.py for tasks to queue
[2024-10-22T05:39:13.553+0000] {logging_mixin.py:190} INFO - [2024-10-22T05:39:13.552+0000] {dagbag.py:588} INFO - Filling up the DagBag from /home/airflow/.local/lib/python3.12/site-packages/airflow/example_dags/tutorial_taskflow_api_virtualenv.py
[2024-10-22T05:39:13.564+0000] {processor.py:925} INFO - DAG(s) 'tutorial_taskflow_api_virtualenv' retrieved from /home/airflow/.local/lib/python3.12/site-packages/airflow/example_dags/tutorial_taskflow_api_virtualenv.py
[2024-10-22T05:39:13.586+0000] {logging_mixin.py:190} INFO - [2024-10-22T05:39:13.586+0000] {dag.py:3239} INFO - Sync 1 DAGs
[2024-10-22T05:39:13.602+0000] {logging_mixin.py:190} INFO - [2024-10-22T05:39:13.601+0000] {dag.py:4180} INFO - Setting next_dagrun for tutorial_taskflow_api_virtualenv to None, run_after=None
[2024-10-22T05:39:13.619+0000] {processor.py:208} INFO - Processing /home/airflow/.local/lib/python3.12/site-packages/airflow/example_dags/tutorial_taskflow_api_virtualenv.py took 0.075 seconds
[2024-10-22T05:39:43.912+0000] {processor.py:186} INFO - Started process (PID=72909) to work on /home/airflow/.local/lib/python3.12/site-packages/airflow/example_dags/tutorial_taskflow_api_virtualenv.py
[2024-10-22T05:39:43.913+0000] {processor.py:914} INFO - Processing file /home/airflow/.local/lib/python3.12/site-packages/airflow/example_dags/tutorial_taskflow_api_virtualenv.py for tasks to queue
[2024-10-22T05:39:43.914+0000] {logging_mixin.py:190} INFO - [2024-10-22T05:39:43.914+0000] {dagbag.py:588} INFO - Filling up the DagBag from /home/airflow/.local/lib/python3.12/site-packages/airflow/example_dags/tutorial_taskflow_api_virtualenv.py
[2024-10-22T05:39:43.926+0000] {processor.py:925} INFO - DAG(s) 'tutorial_taskflow_api_virtualenv' retrieved from /home/airflow/.local/lib/python3.12/site-packages/airflow/example_dags/tutorial_taskflow_api_virtualenv.py
[2024-10-22T05:39:43.949+0000] {logging_mixin.py:190} INFO - [2024-10-22T05:39:43.949+0000] {dag.py:3239} INFO - Sync 1 DAGs
[2024-10-22T05:39:43.967+0000] {logging_mixin.py:190} INFO - [2024-10-22T05:39:43.966+0000] {dag.py:4180} INFO - Setting next_dagrun for tutorial_taskflow_api_virtualenv to None, run_after=None
[2024-10-22T05:39:43.983+0000] {processor.py:208} INFO - Processing /home/airflow/.local/lib/python3.12/site-packages/airflow/example_dags/tutorial_taskflow_api_virtualenv.py took 0.078 seconds
[2024-10-22T05:40:14.103+0000] {processor.py:186} INFO - Started process (PID=72976) to work on /home/airflow/.local/lib/python3.12/site-packages/airflow/example_dags/tutorial_taskflow_api_virtualenv.py
[2024-10-22T05:40:14.105+0000] {processor.py:914} INFO - Processing file /home/airflow/.local/lib/python3.12/site-packages/airflow/example_dags/tutorial_taskflow_api_virtualenv.py for tasks to queue
[2024-10-22T05:40:14.106+0000] {logging_mixin.py:190} INFO - [2024-10-22T05:40:14.106+0000] {dagbag.py:588} INFO - Filling up the DagBag from /home/airflow/.local/lib/python3.12/site-packages/airflow/example_dags/tutorial_taskflow_api_virtualenv.py
[2024-10-22T05:40:14.119+0000] {processor.py:925} INFO - DAG(s) 'tutorial_taskflow_api_virtualenv' retrieved from /home/airflow/.local/lib/python3.12/site-packages/airflow/example_dags/tutorial_taskflow_api_virtualenv.py
[2024-10-22T05:40:14.141+0000] {logging_mixin.py:190} INFO - [2024-10-22T05:40:14.140+0000] {dag.py:3239} INFO - Sync 1 DAGs
[2024-10-22T05:40:14.156+0000] {logging_mixin.py:190} INFO - [2024-10-22T05:40:14.156+0000] {dag.py:4180} INFO - Setting next_dagrun for tutorial_taskflow_api_virtualenv to None, run_after=None
[2024-10-22T05:40:14.173+0000] {processor.py:208} INFO - Processing /home/airflow/.local/lib/python3.12/site-packages/airflow/example_dags/tutorial_taskflow_api_virtualenv.py took 0.078 seconds
[2024-10-22T05:40:44.603+0000] {processor.py:186} INFO - Started process (PID=73043) to work on /home/airflow/.local/lib/python3.12/site-packages/airflow/example_dags/tutorial_taskflow_api_virtualenv.py
[2024-10-22T05:40:44.604+0000] {processor.py:914} INFO - Processing file /home/airflow/.local/lib/python3.12/site-packages/airflow/example_dags/tutorial_taskflow_api_virtualenv.py for tasks to queue
[2024-10-22T05:40:44.605+0000] {logging_mixin.py:190} INFO - [2024-10-22T05:40:44.605+0000] {dagbag.py:588} INFO - Filling up the DagBag from /home/airflow/.local/lib/python3.12/site-packages/airflow/example_dags/tutorial_taskflow_api_virtualenv.py
[2024-10-22T05:40:44.617+0000] {processor.py:925} INFO - DAG(s) 'tutorial_taskflow_api_virtualenv' retrieved from /home/airflow/.local/lib/python3.12/site-packages/airflow/example_dags/tutorial_taskflow_api_virtualenv.py
[2024-10-22T05:40:44.639+0000] {logging_mixin.py:190} INFO - [2024-10-22T05:40:44.639+0000] {dag.py:3239} INFO - Sync 1 DAGs
[2024-10-22T05:40:44.656+0000] {logging_mixin.py:190} INFO - [2024-10-22T05:40:44.656+0000] {dag.py:4180} INFO - Setting next_dagrun for tutorial_taskflow_api_virtualenv to None, run_after=None
[2024-10-22T05:40:44.675+0000] {processor.py:208} INFO - Processing /home/airflow/.local/lib/python3.12/site-packages/airflow/example_dags/tutorial_taskflow_api_virtualenv.py took 0.079 seconds
[2024-10-22T05:41:15.014+0000] {processor.py:186} INFO - Started process (PID=73110) to work on /home/airflow/.local/lib/python3.12/site-packages/airflow/example_dags/tutorial_taskflow_api_virtualenv.py
[2024-10-22T05:41:15.015+0000] {processor.py:914} INFO - Processing file /home/airflow/.local/lib/python3.12/site-packages/airflow/example_dags/tutorial_taskflow_api_virtualenv.py for tasks to queue
[2024-10-22T05:41:15.016+0000] {logging_mixin.py:190} INFO - [2024-10-22T05:41:15.016+0000] {dagbag.py:588} INFO - Filling up the DagBag from /home/airflow/.local/lib/python3.12/site-packages/airflow/example_dags/tutorial_taskflow_api_virtualenv.py
[2024-10-22T05:41:15.028+0000] {processor.py:925} INFO - DAG(s) 'tutorial_taskflow_api_virtualenv' retrieved from /home/airflow/.local/lib/python3.12/site-packages/airflow/example_dags/tutorial_taskflow_api_virtualenv.py
[2024-10-22T05:41:15.051+0000] {logging_mixin.py:190} INFO - [2024-10-22T05:41:15.050+0000] {dag.py:3239} INFO - Sync 1 DAGs
[2024-10-22T05:41:15.066+0000] {logging_mixin.py:190} INFO - [2024-10-22T05:41:15.066+0000] {dag.py:4180} INFO - Setting next_dagrun for tutorial_taskflow_api_virtualenv to None, run_after=None
[2024-10-22T05:41:15.084+0000] {processor.py:208} INFO - Processing /home/airflow/.local/lib/python3.12/site-packages/airflow/example_dags/tutorial_taskflow_api_virtualenv.py took 0.077 seconds
[2024-10-22T05:41:45.374+0000] {processor.py:186} INFO - Started process (PID=73177) to work on /home/airflow/.local/lib/python3.12/site-packages/airflow/example_dags/tutorial_taskflow_api_virtualenv.py
[2024-10-22T05:41:45.376+0000] {processor.py:914} INFO - Processing file /home/airflow/.local/lib/python3.12/site-packages/airflow/example_dags/tutorial_taskflow_api_virtualenv.py for tasks to queue
[2024-10-22T05:41:45.378+0000] {logging_mixin.py:190} INFO - [2024-10-22T05:41:45.377+0000] {dagbag.py:588} INFO - Filling up the DagBag from /home/airflow/.local/lib/python3.12/site-packages/airflow/example_dags/tutorial_taskflow_api_virtualenv.py
[2024-10-22T05:41:45.390+0000] {processor.py:925} INFO - DAG(s) 'tutorial_taskflow_api_virtualenv' retrieved from /home/airflow/.local/lib/python3.12/site-packages/airflow/example_dags/tutorial_taskflow_api_virtualenv.py
[2024-10-22T05:41:45.413+0000] {logging_mixin.py:190} INFO - [2024-10-22T05:41:45.413+0000] {dag.py:3239} INFO - Sync 1 DAGs
[2024-10-22T05:41:45.429+0000] {logging_mixin.py:190} INFO - [2024-10-22T05:41:45.428+0000] {dag.py:4180} INFO - Setting next_dagrun for tutorial_taskflow_api_virtualenv to None, run_after=None
[2024-10-22T05:41:45.445+0000] {processor.py:208} INFO - Processing /home/airflow/.local/lib/python3.12/site-packages/airflow/example_dags/tutorial_taskflow_api_virtualenv.py took 0.077 seconds
[2024-10-22T05:42:15.652+0000] {processor.py:186} INFO - Started process (PID=73244) to work on /home/airflow/.local/lib/python3.12/site-packages/airflow/example_dags/tutorial_taskflow_api_virtualenv.py
[2024-10-22T05:42:15.653+0000] {processor.py:914} INFO - Processing file /home/airflow/.local/lib/python3.12/site-packages/airflow/example_dags/tutorial_taskflow_api_virtualenv.py for tasks to queue
[2024-10-22T05:42:15.654+0000] {logging_mixin.py:190} INFO - [2024-10-22T05:42:15.654+0000] {dagbag.py:588} INFO - Filling up the DagBag from /home/airflow/.local/lib/python3.12/site-packages/airflow/example_dags/tutorial_taskflow_api_virtualenv.py
[2024-10-22T05:42:15.667+0000] {processor.py:925} INFO - DAG(s) 'tutorial_taskflow_api_virtualenv' retrieved from /home/airflow/.local/lib/python3.12/site-packages/airflow/example_dags/tutorial_taskflow_api_virtualenv.py
[2024-10-22T05:42:15.688+0000] {logging_mixin.py:190} INFO - [2024-10-22T05:42:15.688+0000] {dag.py:3239} INFO - Sync 1 DAGs
[2024-10-22T05:42:15.704+0000] {logging_mixin.py:190} INFO - [2024-10-22T05:42:15.704+0000] {dag.py:4180} INFO - Setting next_dagrun for tutorial_taskflow_api_virtualenv to None, run_after=None
[2024-10-22T05:42:15.720+0000] {processor.py:208} INFO - Processing /home/airflow/.local/lib/python3.12/site-packages/airflow/example_dags/tutorial_taskflow_api_virtualenv.py took 0.076 seconds
[2024-10-22T05:42:45.875+0000] {processor.py:186} INFO - Started process (PID=73311) to work on /home/airflow/.local/lib/python3.12/site-packages/airflow/example_dags/tutorial_taskflow_api_virtualenv.py
[2024-10-22T05:42:45.876+0000] {processor.py:914} INFO - Processing file /home/airflow/.local/lib/python3.12/site-packages/airflow/example_dags/tutorial_taskflow_api_virtualenv.py for tasks to queue
[2024-10-22T05:42:45.878+0000] {logging_mixin.py:190} INFO - [2024-10-22T05:42:45.878+0000] {dagbag.py:588} INFO - Filling up the DagBag from /home/airflow/.local/lib/python3.12/site-packages/airflow/example_dags/tutorial_taskflow_api_virtualenv.py
[2024-10-22T05:42:45.891+0000] {processor.py:925} INFO - DAG(s) 'tutorial_taskflow_api_virtualenv' retrieved from /home/airflow/.local/lib/python3.12/site-packages/airflow/example_dags/tutorial_taskflow_api_virtualenv.py
[2024-10-22T05:42:45.910+0000] {logging_mixin.py:190} INFO - [2024-10-22T05:42:45.910+0000] {dag.py:3239} INFO - Sync 1 DAGs
[2024-10-22T05:42:45.926+0000] {logging_mixin.py:190} INFO - [2024-10-22T05:42:45.925+0000] {dag.py:4180} INFO - Setting next_dagrun for tutorial_taskflow_api_virtualenv to None, run_after=None
[2024-10-22T05:42:45.942+0000] {processor.py:208} INFO - Processing /home/airflow/.local/lib/python3.12/site-packages/airflow/example_dags/tutorial_taskflow_api_virtualenv.py took 0.076 seconds
[2024-10-22T05:43:16.044+0000] {processor.py:186} INFO - Started process (PID=73378) to work on /home/airflow/.local/lib/python3.12/site-packages/airflow/example_dags/tutorial_taskflow_api_virtualenv.py
[2024-10-22T05:43:16.045+0000] {processor.py:914} INFO - Processing file /home/airflow/.local/lib/python3.12/site-packages/airflow/example_dags/tutorial_taskflow_api_virtualenv.py for tasks to queue
[2024-10-22T05:43:16.047+0000] {logging_mixin.py:190} INFO - [2024-10-22T05:43:16.046+0000] {dagbag.py:588} INFO - Filling up the DagBag from /home/airflow/.local/lib/python3.12/site-packages/airflow/example_dags/tutorial_taskflow_api_virtualenv.py
[2024-10-22T05:43:16.059+0000] {processor.py:925} INFO - DAG(s) 'tutorial_taskflow_api_virtualenv' retrieved from /home/airflow/.local/lib/python3.12/site-packages/airflow/example_dags/tutorial_taskflow_api_virtualenv.py
[2024-10-22T05:43:16.080+0000] {logging_mixin.py:190} INFO - [2024-10-22T05:43:16.080+0000] {dag.py:3239} INFO - Sync 1 DAGs
[2024-10-22T05:43:16.096+0000] {logging_mixin.py:190} INFO - [2024-10-22T05:43:16.096+0000] {dag.py:4180} INFO - Setting next_dagrun for tutorial_taskflow_api_virtualenv to None, run_after=None
[2024-10-22T05:43:16.113+0000] {processor.py:208} INFO - Processing /home/airflow/.local/lib/python3.12/site-packages/airflow/example_dags/tutorial_taskflow_api_virtualenv.py took 0.076 seconds
[2024-10-22T05:43:46.801+0000] {processor.py:186} INFO - Started process (PID=73445) to work on /home/airflow/.local/lib/python3.12/site-packages/airflow/example_dags/tutorial_taskflow_api_virtualenv.py
[2024-10-22T05:43:46.802+0000] {processor.py:914} INFO - Processing file /home/airflow/.local/lib/python3.12/site-packages/airflow/example_dags/tutorial_taskflow_api_virtualenv.py for tasks to queue
[2024-10-22T05:43:46.803+0000] {logging_mixin.py:190} INFO - [2024-10-22T05:43:46.803+0000] {dagbag.py:588} INFO - Filling up the DagBag from /home/airflow/.local/lib/python3.12/site-packages/airflow/example_dags/tutorial_taskflow_api_virtualenv.py
[2024-10-22T05:43:46.815+0000] {processor.py:925} INFO - DAG(s) 'tutorial_taskflow_api_virtualenv' retrieved from /home/airflow/.local/lib/python3.12/site-packages/airflow/example_dags/tutorial_taskflow_api_virtualenv.py
[2024-10-22T05:43:46.837+0000] {logging_mixin.py:190} INFO - [2024-10-22T05:43:46.836+0000] {dag.py:3239} INFO - Sync 1 DAGs
[2024-10-22T05:43:46.853+0000] {logging_mixin.py:190} INFO - [2024-10-22T05:43:46.853+0000] {dag.py:4180} INFO - Setting next_dagrun for tutorial_taskflow_api_virtualenv to None, run_after=None
[2024-10-22T05:43:46.870+0000] {processor.py:208} INFO - Processing /home/airflow/.local/lib/python3.12/site-packages/airflow/example_dags/tutorial_taskflow_api_virtualenv.py took 0.076 seconds
[2024-10-22T05:44:17.326+0000] {processor.py:186} INFO - Started process (PID=73512) to work on /home/airflow/.local/lib/python3.12/site-packages/airflow/example_dags/tutorial_taskflow_api_virtualenv.py
[2024-10-22T05:44:17.327+0000] {processor.py:914} INFO - Processing file /home/airflow/.local/lib/python3.12/site-packages/airflow/example_dags/tutorial_taskflow_api_virtualenv.py for tasks to queue
[2024-10-22T05:44:17.328+0000] {logging_mixin.py:190} INFO - [2024-10-22T05:44:17.328+0000] {dagbag.py:588} INFO - Filling up the DagBag from /home/airflow/.local/lib/python3.12/site-packages/airflow/example_dags/tutorial_taskflow_api_virtualenv.py
[2024-10-22T05:44:17.340+0000] {processor.py:925} INFO - DAG(s) 'tutorial_taskflow_api_virtualenv' retrieved from /home/airflow/.local/lib/python3.12/site-packages/airflow/example_dags/tutorial_taskflow_api_virtualenv.py
[2024-10-22T05:44:17.361+0000] {logging_mixin.py:190} INFO - [2024-10-22T05:44:17.361+0000] {dag.py:3239} INFO - Sync 1 DAGs
[2024-10-22T05:44:17.376+0000] {logging_mixin.py:190} INFO - [2024-10-22T05:44:17.376+0000] {dag.py:4180} INFO - Setting next_dagrun for tutorial_taskflow_api_virtualenv to None, run_after=None
[2024-10-22T05:44:17.393+0000] {processor.py:208} INFO - Processing /home/airflow/.local/lib/python3.12/site-packages/airflow/example_dags/tutorial_taskflow_api_virtualenv.py took 0.074 seconds
[2024-10-22T05:44:48.363+0000] {processor.py:186} INFO - Started process (PID=73579) to work on /home/airflow/.local/lib/python3.12/site-packages/airflow/example_dags/tutorial_taskflow_api_virtualenv.py
[2024-10-22T05:44:48.364+0000] {processor.py:914} INFO - Processing file /home/airflow/.local/lib/python3.12/site-packages/airflow/example_dags/tutorial_taskflow_api_virtualenv.py for tasks to queue
[2024-10-22T05:44:48.366+0000] {logging_mixin.py:190} INFO - [2024-10-22T05:44:48.365+0000] {dagbag.py:588} INFO - Filling up the DagBag from /home/airflow/.local/lib/python3.12/site-packages/airflow/example_dags/tutorial_taskflow_api_virtualenv.py
[2024-10-22T05:44:48.377+0000] {processor.py:925} INFO - DAG(s) 'tutorial_taskflow_api_virtualenv' retrieved from /home/airflow/.local/lib/python3.12/site-packages/airflow/example_dags/tutorial_taskflow_api_virtualenv.py
[2024-10-22T05:44:48.399+0000] {logging_mixin.py:190} INFO - [2024-10-22T05:44:48.398+0000] {dag.py:3239} INFO - Sync 1 DAGs
[2024-10-22T05:44:48.414+0000] {logging_mixin.py:190} INFO - [2024-10-22T05:44:48.413+0000] {dag.py:4180} INFO - Setting next_dagrun for tutorial_taskflow_api_virtualenv to None, run_after=None
[2024-10-22T05:44:48.430+0000] {processor.py:208} INFO - Processing /home/airflow/.local/lib/python3.12/site-packages/airflow/example_dags/tutorial_taskflow_api_virtualenv.py took 0.074 seconds
[2024-10-22T05:45:19.346+0000] {processor.py:186} INFO - Started process (PID=73646) to work on /home/airflow/.local/lib/python3.12/site-packages/airflow/example_dags/tutorial_taskflow_api_virtualenv.py
[2024-10-22T05:45:19.347+0000] {processor.py:914} INFO - Processing file /home/airflow/.local/lib/python3.12/site-packages/airflow/example_dags/tutorial_taskflow_api_virtualenv.py for tasks to queue
[2024-10-22T05:45:19.348+0000] {logging_mixin.py:190} INFO - [2024-10-22T05:45:19.348+0000] {dagbag.py:588} INFO - Filling up the DagBag from /home/airflow/.local/lib/python3.12/site-packages/airflow/example_dags/tutorial_taskflow_api_virtualenv.py
[2024-10-22T05:45:19.363+0000] {processor.py:925} INFO - DAG(s) 'tutorial_taskflow_api_virtualenv' retrieved from /home/airflow/.local/lib/python3.12/site-packages/airflow/example_dags/tutorial_taskflow_api_virtualenv.py
[2024-10-22T05:45:19.574+0000] {logging_mixin.py:190} INFO - [2024-10-22T05:45:19.574+0000] {dag.py:3239} INFO - Sync 1 DAGs
[2024-10-22T05:45:19.592+0000] {logging_mixin.py:190} INFO - [2024-10-22T05:45:19.592+0000] {dag.py:4180} INFO - Setting next_dagrun for tutorial_taskflow_api_virtualenv to None, run_after=None
[2024-10-22T05:45:19.615+0000] {processor.py:208} INFO - Processing /home/airflow/.local/lib/python3.12/site-packages/airflow/example_dags/tutorial_taskflow_api_virtualenv.py took 0.276 seconds
[2024-10-22T05:45:50.065+0000] {processor.py:186} INFO - Started process (PID=73713) to work on /home/airflow/.local/lib/python3.12/site-packages/airflow/example_dags/tutorial_taskflow_api_virtualenv.py
[2024-10-22T05:45:50.066+0000] {processor.py:914} INFO - Processing file /home/airflow/.local/lib/python3.12/site-packages/airflow/example_dags/tutorial_taskflow_api_virtualenv.py for tasks to queue
[2024-10-22T05:45:50.067+0000] {logging_mixin.py:190} INFO - [2024-10-22T05:45:50.067+0000] {dagbag.py:588} INFO - Filling up the DagBag from /home/airflow/.local/lib/python3.12/site-packages/airflow/example_dags/tutorial_taskflow_api_virtualenv.py
[2024-10-22T05:45:50.079+0000] {processor.py:925} INFO - DAG(s) 'tutorial_taskflow_api_virtualenv' retrieved from /home/airflow/.local/lib/python3.12/site-packages/airflow/example_dags/tutorial_taskflow_api_virtualenv.py
[2024-10-22T05:45:50.104+0000] {logging_mixin.py:190} INFO - [2024-10-22T05:45:50.104+0000] {dag.py:3239} INFO - Sync 1 DAGs
[2024-10-22T05:45:50.121+0000] {logging_mixin.py:190} INFO - [2024-10-22T05:45:50.120+0000] {dag.py:4180} INFO - Setting next_dagrun for tutorial_taskflow_api_virtualenv to None, run_after=None
[2024-10-22T05:45:50.138+0000] {processor.py:208} INFO - Processing /home/airflow/.local/lib/python3.12/site-packages/airflow/example_dags/tutorial_taskflow_api_virtualenv.py took 0.080 seconds
[2024-10-22T05:46:20.512+0000] {processor.py:186} INFO - Started process (PID=73780) to work on /home/airflow/.local/lib/python3.12/site-packages/airflow/example_dags/tutorial_taskflow_api_virtualenv.py
[2024-10-22T05:46:20.514+0000] {processor.py:914} INFO - Processing file /home/airflow/.local/lib/python3.12/site-packages/airflow/example_dags/tutorial_taskflow_api_virtualenv.py for tasks to queue
[2024-10-22T05:46:20.515+0000] {logging_mixin.py:190} INFO - [2024-10-22T05:46:20.515+0000] {dagbag.py:588} INFO - Filling up the DagBag from /home/airflow/.local/lib/python3.12/site-packages/airflow/example_dags/tutorial_taskflow_api_virtualenv.py
[2024-10-22T05:46:20.530+0000] {processor.py:925} INFO - DAG(s) 'tutorial_taskflow_api_virtualenv' retrieved from /home/airflow/.local/lib/python3.12/site-packages/airflow/example_dags/tutorial_taskflow_api_virtualenv.py
[2024-10-22T05:46:20.553+0000] {logging_mixin.py:190} INFO - [2024-10-22T05:46:20.553+0000] {dag.py:3239} INFO - Sync 1 DAGs
[2024-10-22T05:46:20.569+0000] {logging_mixin.py:190} INFO - [2024-10-22T05:46:20.569+0000] {dag.py:4180} INFO - Setting next_dagrun for tutorial_taskflow_api_virtualenv to None, run_after=None
[2024-10-22T05:46:20.587+0000] {processor.py:208} INFO - Processing /home/airflow/.local/lib/python3.12/site-packages/airflow/example_dags/tutorial_taskflow_api_virtualenv.py took 0.083 seconds
[2024-10-22T05:46:51.101+0000] {processor.py:186} INFO - Started process (PID=73847) to work on /home/airflow/.local/lib/python3.12/site-packages/airflow/example_dags/tutorial_taskflow_api_virtualenv.py
[2024-10-22T05:46:51.102+0000] {processor.py:914} INFO - Processing file /home/airflow/.local/lib/python3.12/site-packages/airflow/example_dags/tutorial_taskflow_api_virtualenv.py for tasks to queue
[2024-10-22T05:46:51.104+0000] {logging_mixin.py:190} INFO - [2024-10-22T05:46:51.103+0000] {dagbag.py:588} INFO - Filling up the DagBag from /home/airflow/.local/lib/python3.12/site-packages/airflow/example_dags/tutorial_taskflow_api_virtualenv.py
[2024-10-22T05:46:51.117+0000] {processor.py:925} INFO - DAG(s) 'tutorial_taskflow_api_virtualenv' retrieved from /home/airflow/.local/lib/python3.12/site-packages/airflow/example_dags/tutorial_taskflow_api_virtualenv.py
[2024-10-22T05:46:51.142+0000] {logging_mixin.py:190} INFO - [2024-10-22T05:46:51.142+0000] {dag.py:3239} INFO - Sync 1 DAGs
[2024-10-22T05:46:51.159+0000] {logging_mixin.py:190} INFO - [2024-10-22T05:46:51.158+0000] {dag.py:4180} INFO - Setting next_dagrun for tutorial_taskflow_api_virtualenv to None, run_after=None
[2024-10-22T05:46:51.176+0000] {processor.py:208} INFO - Processing /home/airflow/.local/lib/python3.12/site-packages/airflow/example_dags/tutorial_taskflow_api_virtualenv.py took 0.085 seconds
[2024-10-22T05:47:21.529+0000] {processor.py:186} INFO - Started process (PID=73914) to work on /home/airflow/.local/lib/python3.12/site-packages/airflow/example_dags/tutorial_taskflow_api_virtualenv.py
[2024-10-22T05:47:21.530+0000] {processor.py:914} INFO - Processing file /home/airflow/.local/lib/python3.12/site-packages/airflow/example_dags/tutorial_taskflow_api_virtualenv.py for tasks to queue
[2024-10-22T05:47:21.532+0000] {logging_mixin.py:190} INFO - [2024-10-22T05:47:21.531+0000] {dagbag.py:588} INFO - Filling up the DagBag from /home/airflow/.local/lib/python3.12/site-packages/airflow/example_dags/tutorial_taskflow_api_virtualenv.py
[2024-10-22T05:47:21.544+0000] {processor.py:925} INFO - DAG(s) 'tutorial_taskflow_api_virtualenv' retrieved from /home/airflow/.local/lib/python3.12/site-packages/airflow/example_dags/tutorial_taskflow_api_virtualenv.py
[2024-10-22T05:47:21.568+0000] {logging_mixin.py:190} INFO - [2024-10-22T05:47:21.567+0000] {dag.py:3239} INFO - Sync 1 DAGs
[2024-10-22T05:47:21.583+0000] {logging_mixin.py:190} INFO - [2024-10-22T05:47:21.583+0000] {dag.py:4180} INFO - Setting next_dagrun for tutorial_taskflow_api_virtualenv to None, run_after=None
[2024-10-22T05:47:21.600+0000] {processor.py:208} INFO - Processing /home/airflow/.local/lib/python3.12/site-packages/airflow/example_dags/tutorial_taskflow_api_virtualenv.py took 0.078 seconds
[2024-10-22T05:47:51.925+0000] {processor.py:186} INFO - Started process (PID=73981) to work on /home/airflow/.local/lib/python3.12/site-packages/airflow/example_dags/tutorial_taskflow_api_virtualenv.py
[2024-10-22T05:47:51.926+0000] {processor.py:914} INFO - Processing file /home/airflow/.local/lib/python3.12/site-packages/airflow/example_dags/tutorial_taskflow_api_virtualenv.py for tasks to queue
[2024-10-22T05:47:51.928+0000] {logging_mixin.py:190} INFO - [2024-10-22T05:47:51.927+0000] {dagbag.py:588} INFO - Filling up the DagBag from /home/airflow/.local/lib/python3.12/site-packages/airflow/example_dags/tutorial_taskflow_api_virtualenv.py
[2024-10-22T05:47:51.942+0000] {processor.py:925} INFO - DAG(s) 'tutorial_taskflow_api_virtualenv' retrieved from /home/airflow/.local/lib/python3.12/site-packages/airflow/example_dags/tutorial_taskflow_api_virtualenv.py
[2024-10-22T05:47:51.967+0000] {logging_mixin.py:190} INFO - [2024-10-22T05:47:51.967+0000] {dag.py:3239} INFO - Sync 1 DAGs
[2024-10-22T05:47:51.982+0000] {logging_mixin.py:190} INFO - [2024-10-22T05:47:51.982+0000] {dag.py:4180} INFO - Setting next_dagrun for tutorial_taskflow_api_virtualenv to None, run_after=None
[2024-10-22T05:47:52.001+0000] {processor.py:208} INFO - Processing /home/airflow/.local/lib/python3.12/site-packages/airflow/example_dags/tutorial_taskflow_api_virtualenv.py took 0.085 seconds
[2024-10-22T05:48:22.606+0000] {processor.py:186} INFO - Started process (PID=74048) to work on /home/airflow/.local/lib/python3.12/site-packages/airflow/example_dags/tutorial_taskflow_api_virtualenv.py
[2024-10-22T05:48:22.607+0000] {processor.py:914} INFO - Processing file /home/airflow/.local/lib/python3.12/site-packages/airflow/example_dags/tutorial_taskflow_api_virtualenv.py for tasks to queue
[2024-10-22T05:48:22.608+0000] {logging_mixin.py:190} INFO - [2024-10-22T05:48:22.608+0000] {dagbag.py:588} INFO - Filling up the DagBag from /home/airflow/.local/lib/python3.12/site-packages/airflow/example_dags/tutorial_taskflow_api_virtualenv.py
[2024-10-22T05:48:22.620+0000] {processor.py:925} INFO - DAG(s) 'tutorial_taskflow_api_virtualenv' retrieved from /home/airflow/.local/lib/python3.12/site-packages/airflow/example_dags/tutorial_taskflow_api_virtualenv.py
[2024-10-22T05:48:22.643+0000] {logging_mixin.py:190} INFO - [2024-10-22T05:48:22.643+0000] {dag.py:3239} INFO - Sync 1 DAGs
[2024-10-22T05:48:22.659+0000] {logging_mixin.py:190} INFO - [2024-10-22T05:48:22.659+0000] {dag.py:4180} INFO - Setting next_dagrun for tutorial_taskflow_api_virtualenv to None, run_after=None
[2024-10-22T05:48:22.676+0000] {processor.py:208} INFO - Processing /home/airflow/.local/lib/python3.12/site-packages/airflow/example_dags/tutorial_taskflow_api_virtualenv.py took 0.078 seconds
[2024-10-22T05:48:53.215+0000] {processor.py:186} INFO - Started process (PID=74114) to work on /home/airflow/.local/lib/python3.12/site-packages/airflow/example_dags/tutorial_taskflow_api_virtualenv.py
[2024-10-22T05:48:53.223+0000] {processor.py:914} INFO - Processing file /home/airflow/.local/lib/python3.12/site-packages/airflow/example_dags/tutorial_taskflow_api_virtualenv.py for tasks to queue
[2024-10-22T05:48:53.225+0000] {logging_mixin.py:190} INFO - [2024-10-22T05:48:53.224+0000] {dagbag.py:588} INFO - Filling up the DagBag from /home/airflow/.local/lib/python3.12/site-packages/airflow/example_dags/tutorial_taskflow_api_virtualenv.py
[2024-10-22T05:48:53.238+0000] {processor.py:925} INFO - DAG(s) 'tutorial_taskflow_api_virtualenv' retrieved from /home/airflow/.local/lib/python3.12/site-packages/airflow/example_dags/tutorial_taskflow_api_virtualenv.py
[2024-10-22T05:48:53.262+0000] {logging_mixin.py:190} INFO - [2024-10-22T05:48:53.262+0000] {dag.py:3239} INFO - Sync 1 DAGs
[2024-10-22T05:48:53.279+0000] {logging_mixin.py:190} INFO - [2024-10-22T05:48:53.278+0000] {dag.py:4180} INFO - Setting next_dagrun for tutorial_taskflow_api_virtualenv to None, run_after=None
[2024-10-22T05:48:53.298+0000] {processor.py:208} INFO - Processing /home/airflow/.local/lib/python3.12/site-packages/airflow/example_dags/tutorial_taskflow_api_virtualenv.py took 0.091 seconds
[2024-10-22T05:49:23.764+0000] {processor.py:186} INFO - Started process (PID=74186) to work on /home/airflow/.local/lib/python3.12/site-packages/airflow/example_dags/tutorial_taskflow_api_virtualenv.py
[2024-10-22T05:49:23.765+0000] {processor.py:914} INFO - Processing file /home/airflow/.local/lib/python3.12/site-packages/airflow/example_dags/tutorial_taskflow_api_virtualenv.py for tasks to queue
[2024-10-22T05:49:23.767+0000] {logging_mixin.py:190} INFO - [2024-10-22T05:49:23.766+0000] {dagbag.py:588} INFO - Filling up the DagBag from /home/airflow/.local/lib/python3.12/site-packages/airflow/example_dags/tutorial_taskflow_api_virtualenv.py
[2024-10-22T05:49:23.780+0000] {processor.py:925} INFO - DAG(s) 'tutorial_taskflow_api_virtualenv' retrieved from /home/airflow/.local/lib/python3.12/site-packages/airflow/example_dags/tutorial_taskflow_api_virtualenv.py
[2024-10-22T05:49:23.807+0000] {logging_mixin.py:190} INFO - [2024-10-22T05:49:23.806+0000] {dag.py:3239} INFO - Sync 1 DAGs
[2024-10-22T05:49:23.823+0000] {logging_mixin.py:190} INFO - [2024-10-22T05:49:23.823+0000] {dag.py:4180} INFO - Setting next_dagrun for tutorial_taskflow_api_virtualenv to None, run_after=None
[2024-10-22T05:49:23.841+0000] {processor.py:208} INFO - Processing /home/airflow/.local/lib/python3.12/site-packages/airflow/example_dags/tutorial_taskflow_api_virtualenv.py took 0.085 seconds
[2024-10-22T05:49:54.260+0000] {processor.py:186} INFO - Started process (PID=74253) to work on /home/airflow/.local/lib/python3.12/site-packages/airflow/example_dags/tutorial_taskflow_api_virtualenv.py
[2024-10-22T05:49:54.261+0000] {processor.py:914} INFO - Processing file /home/airflow/.local/lib/python3.12/site-packages/airflow/example_dags/tutorial_taskflow_api_virtualenv.py for tasks to queue
[2024-10-22T05:49:54.263+0000] {logging_mixin.py:190} INFO - [2024-10-22T05:49:54.263+0000] {dagbag.py:588} INFO - Filling up the DagBag from /home/airflow/.local/lib/python3.12/site-packages/airflow/example_dags/tutorial_taskflow_api_virtualenv.py
[2024-10-22T05:49:54.278+0000] {processor.py:925} INFO - DAG(s) 'tutorial_taskflow_api_virtualenv' retrieved from /home/airflow/.local/lib/python3.12/site-packages/airflow/example_dags/tutorial_taskflow_api_virtualenv.py
[2024-10-22T05:49:54.303+0000] {logging_mixin.py:190} INFO - [2024-10-22T05:49:54.302+0000] {dag.py:3239} INFO - Sync 1 DAGs
[2024-10-22T05:49:54.318+0000] {logging_mixin.py:190} INFO - [2024-10-22T05:49:54.318+0000] {dag.py:4180} INFO - Setting next_dagrun for tutorial_taskflow_api_virtualenv to None, run_after=None
[2024-10-22T05:49:54.336+0000] {processor.py:208} INFO - Processing /home/airflow/.local/lib/python3.12/site-packages/airflow/example_dags/tutorial_taskflow_api_virtualenv.py took 0.085 seconds
[2024-10-22T05:50:24.810+0000] {processor.py:186} INFO - Started process (PID=74320) to work on /home/airflow/.local/lib/python3.12/site-packages/airflow/example_dags/tutorial_taskflow_api_virtualenv.py
[2024-10-22T05:50:24.811+0000] {processor.py:914} INFO - Processing file /home/airflow/.local/lib/python3.12/site-packages/airflow/example_dags/tutorial_taskflow_api_virtualenv.py for tasks to queue
[2024-10-22T05:50:24.813+0000] {logging_mixin.py:190} INFO - [2024-10-22T05:50:24.812+0000] {dagbag.py:588} INFO - Filling up the DagBag from /home/airflow/.local/lib/python3.12/site-packages/airflow/example_dags/tutorial_taskflow_api_virtualenv.py
[2024-10-22T05:50:24.826+0000] {processor.py:925} INFO - DAG(s) 'tutorial_taskflow_api_virtualenv' retrieved from /home/airflow/.local/lib/python3.12/site-packages/airflow/example_dags/tutorial_taskflow_api_virtualenv.py
[2024-10-22T05:50:24.849+0000] {logging_mixin.py:190} INFO - [2024-10-22T05:50:24.849+0000] {dag.py:3239} INFO - Sync 1 DAGs
[2024-10-22T05:50:24.864+0000] {logging_mixin.py:190} INFO - [2024-10-22T05:50:24.864+0000] {dag.py:4180} INFO - Setting next_dagrun for tutorial_taskflow_api_virtualenv to None, run_after=None
[2024-10-22T05:50:24.881+0000] {processor.py:208} INFO - Processing /home/airflow/.local/lib/python3.12/site-packages/airflow/example_dags/tutorial_taskflow_api_virtualenv.py took 0.080 seconds
[2024-10-22T05:50:55.288+0000] {processor.py:186} INFO - Started process (PID=74387) to work on /home/airflow/.local/lib/python3.12/site-packages/airflow/example_dags/tutorial_taskflow_api_virtualenv.py
[2024-10-22T05:50:55.289+0000] {processor.py:914} INFO - Processing file /home/airflow/.local/lib/python3.12/site-packages/airflow/example_dags/tutorial_taskflow_api_virtualenv.py for tasks to queue
[2024-10-22T05:50:55.290+0000] {logging_mixin.py:190} INFO - [2024-10-22T05:50:55.290+0000] {dagbag.py:588} INFO - Filling up the DagBag from /home/airflow/.local/lib/python3.12/site-packages/airflow/example_dags/tutorial_taskflow_api_virtualenv.py
[2024-10-22T05:50:55.303+0000] {processor.py:925} INFO - DAG(s) 'tutorial_taskflow_api_virtualenv' retrieved from /home/airflow/.local/lib/python3.12/site-packages/airflow/example_dags/tutorial_taskflow_api_virtualenv.py
[2024-10-22T05:50:55.327+0000] {logging_mixin.py:190} INFO - [2024-10-22T05:50:55.327+0000] {dag.py:3239} INFO - Sync 1 DAGs
[2024-10-22T05:50:55.343+0000] {logging_mixin.py:190} INFO - [2024-10-22T05:50:55.342+0000] {dag.py:4180} INFO - Setting next_dagrun for tutorial_taskflow_api_virtualenv to None, run_after=None
[2024-10-22T05:50:55.361+0000] {processor.py:208} INFO - Processing /home/airflow/.local/lib/python3.12/site-packages/airflow/example_dags/tutorial_taskflow_api_virtualenv.py took 0.080 seconds
[2024-10-22T05:51:25.876+0000] {processor.py:186} INFO - Started process (PID=74454) to work on /home/airflow/.local/lib/python3.12/site-packages/airflow/example_dags/tutorial_taskflow_api_virtualenv.py
[2024-10-22T05:51:25.878+0000] {processor.py:914} INFO - Processing file /home/airflow/.local/lib/python3.12/site-packages/airflow/example_dags/tutorial_taskflow_api_virtualenv.py for tasks to queue
[2024-10-22T05:51:25.880+0000] {logging_mixin.py:190} INFO - [2024-10-22T05:51:25.879+0000] {dagbag.py:588} INFO - Filling up the DagBag from /home/airflow/.local/lib/python3.12/site-packages/airflow/example_dags/tutorial_taskflow_api_virtualenv.py
[2024-10-22T05:51:25.895+0000] {processor.py:925} INFO - DAG(s) 'tutorial_taskflow_api_virtualenv' retrieved from /home/airflow/.local/lib/python3.12/site-packages/airflow/example_dags/tutorial_taskflow_api_virtualenv.py
[2024-10-22T05:51:25.918+0000] {logging_mixin.py:190} INFO - [2024-10-22T05:51:25.918+0000] {dag.py:3239} INFO - Sync 1 DAGs
[2024-10-22T05:51:25.934+0000] {logging_mixin.py:190} INFO - [2024-10-22T05:51:25.934+0000] {dag.py:4180} INFO - Setting next_dagrun for tutorial_taskflow_api_virtualenv to None, run_after=None
[2024-10-22T05:51:25.952+0000] {processor.py:208} INFO - Processing /home/airflow/.local/lib/python3.12/site-packages/airflow/example_dags/tutorial_taskflow_api_virtualenv.py took 0.085 seconds
[2024-10-22T05:51:56.428+0000] {processor.py:186} INFO - Started process (PID=74521) to work on /home/airflow/.local/lib/python3.12/site-packages/airflow/example_dags/tutorial_taskflow_api_virtualenv.py
[2024-10-22T05:51:56.429+0000] {processor.py:914} INFO - Processing file /home/airflow/.local/lib/python3.12/site-packages/airflow/example_dags/tutorial_taskflow_api_virtualenv.py for tasks to queue
[2024-10-22T05:51:56.430+0000] {logging_mixin.py:190} INFO - [2024-10-22T05:51:56.430+0000] {dagbag.py:588} INFO - Filling up the DagBag from /home/airflow/.local/lib/python3.12/site-packages/airflow/example_dags/tutorial_taskflow_api_virtualenv.py
[2024-10-22T05:51:56.442+0000] {processor.py:925} INFO - DAG(s) 'tutorial_taskflow_api_virtualenv' retrieved from /home/airflow/.local/lib/python3.12/site-packages/airflow/example_dags/tutorial_taskflow_api_virtualenv.py
[2024-10-22T05:51:56.466+0000] {logging_mixin.py:190} INFO - [2024-10-22T05:51:56.466+0000] {dag.py:3239} INFO - Sync 1 DAGs
[2024-10-22T05:51:56.482+0000] {logging_mixin.py:190} INFO - [2024-10-22T05:51:56.482+0000] {dag.py:4180} INFO - Setting next_dagrun for tutorial_taskflow_api_virtualenv to None, run_after=None
[2024-10-22T05:51:56.500+0000] {processor.py:208} INFO - Processing /home/airflow/.local/lib/python3.12/site-packages/airflow/example_dags/tutorial_taskflow_api_virtualenv.py took 0.079 seconds
[2024-10-22T05:52:27.120+0000] {processor.py:186} INFO - Started process (PID=74588) to work on /home/airflow/.local/lib/python3.12/site-packages/airflow/example_dags/tutorial_taskflow_api_virtualenv.py
[2024-10-22T05:52:27.124+0000] {processor.py:914} INFO - Processing file /home/airflow/.local/lib/python3.12/site-packages/airflow/example_dags/tutorial_taskflow_api_virtualenv.py for tasks to queue
[2024-10-22T05:52:27.125+0000] {logging_mixin.py:190} INFO - [2024-10-22T05:52:27.125+0000] {dagbag.py:588} INFO - Filling up the DagBag from /home/airflow/.local/lib/python3.12/site-packages/airflow/example_dags/tutorial_taskflow_api_virtualenv.py
[2024-10-22T05:52:27.147+0000] {processor.py:925} INFO - DAG(s) 'tutorial_taskflow_api_virtualenv' retrieved from /home/airflow/.local/lib/python3.12/site-packages/airflow/example_dags/tutorial_taskflow_api_virtualenv.py
[2024-10-22T05:52:27.167+0000] {logging_mixin.py:190} INFO - [2024-10-22T05:52:27.167+0000] {dag.py:3239} INFO - Sync 1 DAGs
[2024-10-22T05:52:27.183+0000] {logging_mixin.py:190} INFO - [2024-10-22T05:52:27.183+0000] {dag.py:4180} INFO - Setting next_dagrun for tutorial_taskflow_api_virtualenv to None, run_after=None
[2024-10-22T05:52:27.199+0000] {processor.py:208} INFO - Processing /home/airflow/.local/lib/python3.12/site-packages/airflow/example_dags/tutorial_taskflow_api_virtualenv.py took 0.096 seconds
[2024-10-22T05:52:57.716+0000] {processor.py:186} INFO - Started process (PID=74655) to work on /home/airflow/.local/lib/python3.12/site-packages/airflow/example_dags/tutorial_taskflow_api_virtualenv.py
[2024-10-22T05:52:57.717+0000] {processor.py:914} INFO - Processing file /home/airflow/.local/lib/python3.12/site-packages/airflow/example_dags/tutorial_taskflow_api_virtualenv.py for tasks to queue
[2024-10-22T05:52:57.719+0000] {logging_mixin.py:190} INFO - [2024-10-22T05:52:57.719+0000] {dagbag.py:588} INFO - Filling up the DagBag from /home/airflow/.local/lib/python3.12/site-packages/airflow/example_dags/tutorial_taskflow_api_virtualenv.py
[2024-10-22T05:52:57.734+0000] {processor.py:925} INFO - DAG(s) 'tutorial_taskflow_api_virtualenv' retrieved from /home/airflow/.local/lib/python3.12/site-packages/airflow/example_dags/tutorial_taskflow_api_virtualenv.py
[2024-10-22T05:52:57.757+0000] {logging_mixin.py:190} INFO - [2024-10-22T05:52:57.757+0000] {dag.py:3239} INFO - Sync 1 DAGs
[2024-10-22T05:52:57.772+0000] {logging_mixin.py:190} INFO - [2024-10-22T05:52:57.772+0000] {dag.py:4180} INFO - Setting next_dagrun for tutorial_taskflow_api_virtualenv to None, run_after=None
[2024-10-22T05:52:57.791+0000] {processor.py:208} INFO - Processing /home/airflow/.local/lib/python3.12/site-packages/airflow/example_dags/tutorial_taskflow_api_virtualenv.py took 0.083 seconds
[2024-10-22T05:53:28.257+0000] {processor.py:186} INFO - Started process (PID=74722) to work on /home/airflow/.local/lib/python3.12/site-packages/airflow/example_dags/tutorial_taskflow_api_virtualenv.py
[2024-10-22T05:53:28.258+0000] {processor.py:914} INFO - Processing file /home/airflow/.local/lib/python3.12/site-packages/airflow/example_dags/tutorial_taskflow_api_virtualenv.py for tasks to queue
[2024-10-22T05:53:28.260+0000] {logging_mixin.py:190} INFO - [2024-10-22T05:53:28.260+0000] {dagbag.py:588} INFO - Filling up the DagBag from /home/airflow/.local/lib/python3.12/site-packages/airflow/example_dags/tutorial_taskflow_api_virtualenv.py
[2024-10-22T05:53:28.274+0000] {processor.py:925} INFO - DAG(s) 'tutorial_taskflow_api_virtualenv' retrieved from /home/airflow/.local/lib/python3.12/site-packages/airflow/example_dags/tutorial_taskflow_api_virtualenv.py
[2024-10-22T05:53:28.303+0000] {logging_mixin.py:190} INFO - [2024-10-22T05:53:28.303+0000] {dag.py:3239} INFO - Sync 1 DAGs
[2024-10-22T05:53:28.318+0000] {logging_mixin.py:190} INFO - [2024-10-22T05:53:28.318+0000] {dag.py:4180} INFO - Setting next_dagrun for tutorial_taskflow_api_virtualenv to None, run_after=None
[2024-10-22T05:53:28.335+0000] {processor.py:208} INFO - Processing /home/airflow/.local/lib/python3.12/site-packages/airflow/example_dags/tutorial_taskflow_api_virtualenv.py took 0.087 seconds
[2024-10-22T05:53:58.934+0000] {processor.py:186} INFO - Started process (PID=74789) to work on /home/airflow/.local/lib/python3.12/site-packages/airflow/example_dags/tutorial_taskflow_api_virtualenv.py
[2024-10-22T05:53:58.936+0000] {processor.py:914} INFO - Processing file /home/airflow/.local/lib/python3.12/site-packages/airflow/example_dags/tutorial_taskflow_api_virtualenv.py for tasks to queue
[2024-10-22T05:53:58.938+0000] {logging_mixin.py:190} INFO - [2024-10-22T05:53:58.937+0000] {dagbag.py:588} INFO - Filling up the DagBag from /home/airflow/.local/lib/python3.12/site-packages/airflow/example_dags/tutorial_taskflow_api_virtualenv.py
[2024-10-22T05:53:58.952+0000] {processor.py:925} INFO - DAG(s) 'tutorial_taskflow_api_virtualenv' retrieved from /home/airflow/.local/lib/python3.12/site-packages/airflow/example_dags/tutorial_taskflow_api_virtualenv.py
[2024-10-22T05:53:58.975+0000] {logging_mixin.py:190} INFO - [2024-10-22T05:53:58.974+0000] {dag.py:3239} INFO - Sync 1 DAGs
[2024-10-22T05:53:58.992+0000] {logging_mixin.py:190} INFO - [2024-10-22T05:53:58.992+0000] {dag.py:4180} INFO - Setting next_dagrun for tutorial_taskflow_api_virtualenv to None, run_after=None
[2024-10-22T05:53:59.010+0000] {processor.py:208} INFO - Processing /home/airflow/.local/lib/python3.12/site-packages/airflow/example_dags/tutorial_taskflow_api_virtualenv.py took 0.084 seconds
[2024-10-22T05:54:29.627+0000] {processor.py:186} INFO - Started process (PID=74856) to work on /home/airflow/.local/lib/python3.12/site-packages/airflow/example_dags/tutorial_taskflow_api_virtualenv.py
[2024-10-22T05:54:29.628+0000] {processor.py:914} INFO - Processing file /home/airflow/.local/lib/python3.12/site-packages/airflow/example_dags/tutorial_taskflow_api_virtualenv.py for tasks to queue
[2024-10-22T05:54:29.630+0000] {logging_mixin.py:190} INFO - [2024-10-22T05:54:29.629+0000] {dagbag.py:588} INFO - Filling up the DagBag from /home/airflow/.local/lib/python3.12/site-packages/airflow/example_dags/tutorial_taskflow_api_virtualenv.py
[2024-10-22T05:54:29.642+0000] {processor.py:925} INFO - DAG(s) 'tutorial_taskflow_api_virtualenv' retrieved from /home/airflow/.local/lib/python3.12/site-packages/airflow/example_dags/tutorial_taskflow_api_virtualenv.py
[2024-10-22T05:54:29.666+0000] {logging_mixin.py:190} INFO - [2024-10-22T05:54:29.665+0000] {dag.py:3239} INFO - Sync 1 DAGs
[2024-10-22T05:54:29.681+0000] {logging_mixin.py:190} INFO - [2024-10-22T05:54:29.681+0000] {dag.py:4180} INFO - Setting next_dagrun for tutorial_taskflow_api_virtualenv to None, run_after=None
[2024-10-22T05:54:29.699+0000] {processor.py:208} INFO - Processing /home/airflow/.local/lib/python3.12/site-packages/airflow/example_dags/tutorial_taskflow_api_virtualenv.py took 0.079 seconds
[2024-10-22T05:55:00.563+0000] {processor.py:186} INFO - Started process (PID=74923) to work on /home/airflow/.local/lib/python3.12/site-packages/airflow/example_dags/tutorial_taskflow_api_virtualenv.py
[2024-10-22T05:55:00.566+0000] {processor.py:914} INFO - Processing file /home/airflow/.local/lib/python3.12/site-packages/airflow/example_dags/tutorial_taskflow_api_virtualenv.py for tasks to queue
[2024-10-22T05:55:00.568+0000] {logging_mixin.py:190} INFO - [2024-10-22T05:55:00.568+0000] {dagbag.py:588} INFO - Filling up the DagBag from /home/airflow/.local/lib/python3.12/site-packages/airflow/example_dags/tutorial_taskflow_api_virtualenv.py
[2024-10-22T05:55:00.592+0000] {processor.py:925} INFO - DAG(s) 'tutorial_taskflow_api_virtualenv' retrieved from /home/airflow/.local/lib/python3.12/site-packages/airflow/example_dags/tutorial_taskflow_api_virtualenv.py
[2024-10-22T05:55:00.648+0000] {logging_mixin.py:190} INFO - [2024-10-22T05:55:00.647+0000] {dag.py:3239} INFO - Sync 1 DAGs
[2024-10-22T05:55:00.675+0000] {logging_mixin.py:190} INFO - [2024-10-22T05:55:00.674+0000] {dag.py:4180} INFO - Setting next_dagrun for tutorial_taskflow_api_virtualenv to None, run_after=None
[2024-10-22T05:55:00.720+0000] {processor.py:208} INFO - Processing /home/airflow/.local/lib/python3.12/site-packages/airflow/example_dags/tutorial_taskflow_api_virtualenv.py took 0.178 seconds
[2024-10-22T06:16:52.868+0000] {processor.py:186} INFO - Started process (PID=74977) to work on /home/airflow/.local/lib/python3.12/site-packages/airflow/example_dags/tutorial_taskflow_api_virtualenv.py
[2024-10-22T06:16:52.868+0000] {processor.py:914} INFO - Processing file /home/airflow/.local/lib/python3.12/site-packages/airflow/example_dags/tutorial_taskflow_api_virtualenv.py for tasks to queue
[2024-10-22T06:16:52.870+0000] {logging_mixin.py:190} INFO - [2024-10-22T06:16:52.869+0000] {dagbag.py:588} INFO - Filling up the DagBag from /home/airflow/.local/lib/python3.12/site-packages/airflow/example_dags/tutorial_taskflow_api_virtualenv.py
[2024-10-22T06:16:52.887+0000] {processor.py:925} INFO - DAG(s) 'tutorial_taskflow_api_virtualenv' retrieved from /home/airflow/.local/lib/python3.12/site-packages/airflow/example_dags/tutorial_taskflow_api_virtualenv.py
[2024-10-22T06:16:52.909+0000] {logging_mixin.py:190} INFO - [2024-10-22T06:16:52.908+0000] {dag.py:3239} INFO - Sync 1 DAGs
[2024-10-22T06:16:52.926+0000] {logging_mixin.py:190} INFO - [2024-10-22T06:16:52.926+0000] {dag.py:4180} INFO - Setting next_dagrun for tutorial_taskflow_api_virtualenv to None, run_after=None
[2024-10-22T06:16:52.944+0000] {processor.py:208} INFO - Processing /home/airflow/.local/lib/python3.12/site-packages/airflow/example_dags/tutorial_taskflow_api_virtualenv.py took 0.084 seconds
[2024-10-22T06:17:23.341+0000] {processor.py:186} INFO - Started process (PID=75044) to work on /home/airflow/.local/lib/python3.12/site-packages/airflow/example_dags/tutorial_taskflow_api_virtualenv.py
[2024-10-22T06:17:23.342+0000] {processor.py:914} INFO - Processing file /home/airflow/.local/lib/python3.12/site-packages/airflow/example_dags/tutorial_taskflow_api_virtualenv.py for tasks to queue
[2024-10-22T06:17:23.343+0000] {logging_mixin.py:190} INFO - [2024-10-22T06:17:23.343+0000] {dagbag.py:588} INFO - Filling up the DagBag from /home/airflow/.local/lib/python3.12/site-packages/airflow/example_dags/tutorial_taskflow_api_virtualenv.py
[2024-10-22T06:17:23.356+0000] {processor.py:925} INFO - DAG(s) 'tutorial_taskflow_api_virtualenv' retrieved from /home/airflow/.local/lib/python3.12/site-packages/airflow/example_dags/tutorial_taskflow_api_virtualenv.py
[2024-10-22T06:17:23.378+0000] {logging_mixin.py:190} INFO - [2024-10-22T06:17:23.378+0000] {dag.py:3239} INFO - Sync 1 DAGs
[2024-10-22T06:17:23.394+0000] {logging_mixin.py:190} INFO - [2024-10-22T06:17:23.394+0000] {dag.py:4180} INFO - Setting next_dagrun for tutorial_taskflow_api_virtualenv to None, run_after=None
[2024-10-22T06:17:23.410+0000] {processor.py:208} INFO - Processing /home/airflow/.local/lib/python3.12/site-packages/airflow/example_dags/tutorial_taskflow_api_virtualenv.py took 0.076 seconds
[2024-10-22T06:17:53.955+0000] {processor.py:186} INFO - Started process (PID=75111) to work on /home/airflow/.local/lib/python3.12/site-packages/airflow/example_dags/tutorial_taskflow_api_virtualenv.py
[2024-10-22T06:17:53.956+0000] {processor.py:914} INFO - Processing file /home/airflow/.local/lib/python3.12/site-packages/airflow/example_dags/tutorial_taskflow_api_virtualenv.py for tasks to queue
[2024-10-22T06:17:53.958+0000] {logging_mixin.py:190} INFO - [2024-10-22T06:17:53.957+0000] {dagbag.py:588} INFO - Filling up the DagBag from /home/airflow/.local/lib/python3.12/site-packages/airflow/example_dags/tutorial_taskflow_api_virtualenv.py
[2024-10-22T06:17:53.970+0000] {processor.py:925} INFO - DAG(s) 'tutorial_taskflow_api_virtualenv' retrieved from /home/airflow/.local/lib/python3.12/site-packages/airflow/example_dags/tutorial_taskflow_api_virtualenv.py
[2024-10-22T06:17:53.994+0000] {logging_mixin.py:190} INFO - [2024-10-22T06:17:53.994+0000] {dag.py:3239} INFO - Sync 1 DAGs
[2024-10-22T06:17:54.010+0000] {logging_mixin.py:190} INFO - [2024-10-22T06:17:54.010+0000] {dag.py:4180} INFO - Setting next_dagrun for tutorial_taskflow_api_virtualenv to None, run_after=None
[2024-10-22T06:17:54.027+0000] {processor.py:208} INFO - Processing /home/airflow/.local/lib/python3.12/site-packages/airflow/example_dags/tutorial_taskflow_api_virtualenv.py took 0.080 seconds
[2024-10-22T06:18:24.334+0000] {processor.py:186} INFO - Started process (PID=75178) to work on /home/airflow/.local/lib/python3.12/site-packages/airflow/example_dags/tutorial_taskflow_api_virtualenv.py
[2024-10-22T06:18:24.336+0000] {processor.py:914} INFO - Processing file /home/airflow/.local/lib/python3.12/site-packages/airflow/example_dags/tutorial_taskflow_api_virtualenv.py for tasks to queue
[2024-10-22T06:18:24.337+0000] {logging_mixin.py:190} INFO - [2024-10-22T06:18:24.337+0000] {dagbag.py:588} INFO - Filling up the DagBag from /home/airflow/.local/lib/python3.12/site-packages/airflow/example_dags/tutorial_taskflow_api_virtualenv.py
[2024-10-22T06:18:24.350+0000] {processor.py:925} INFO - DAG(s) 'tutorial_taskflow_api_virtualenv' retrieved from /home/airflow/.local/lib/python3.12/site-packages/airflow/example_dags/tutorial_taskflow_api_virtualenv.py
[2024-10-22T06:18:24.373+0000] {logging_mixin.py:190} INFO - [2024-10-22T06:18:24.373+0000] {dag.py:3239} INFO - Sync 1 DAGs
[2024-10-22T06:18:24.391+0000] {logging_mixin.py:190} INFO - [2024-10-22T06:18:24.390+0000] {dag.py:4180} INFO - Setting next_dagrun for tutorial_taskflow_api_virtualenv to None, run_after=None
[2024-10-22T06:18:24.409+0000] {processor.py:208} INFO - Processing /home/airflow/.local/lib/python3.12/site-packages/airflow/example_dags/tutorial_taskflow_api_virtualenv.py took 0.081 seconds
[2024-10-22T06:18:55.342+0000] {processor.py:186} INFO - Started process (PID=75245) to work on /home/airflow/.local/lib/python3.12/site-packages/airflow/example_dags/tutorial_taskflow_api_virtualenv.py
[2024-10-22T06:18:55.343+0000] {processor.py:914} INFO - Processing file /home/airflow/.local/lib/python3.12/site-packages/airflow/example_dags/tutorial_taskflow_api_virtualenv.py for tasks to queue
[2024-10-22T06:18:55.345+0000] {logging_mixin.py:190} INFO - [2024-10-22T06:18:55.344+0000] {dagbag.py:588} INFO - Filling up the DagBag from /home/airflow/.local/lib/python3.12/site-packages/airflow/example_dags/tutorial_taskflow_api_virtualenv.py
[2024-10-22T06:18:55.357+0000] {processor.py:925} INFO - DAG(s) 'tutorial_taskflow_api_virtualenv' retrieved from /home/airflow/.local/lib/python3.12/site-packages/airflow/example_dags/tutorial_taskflow_api_virtualenv.py
[2024-10-22T06:18:55.380+0000] {logging_mixin.py:190} INFO - [2024-10-22T06:18:55.380+0000] {dag.py:3239} INFO - Sync 1 DAGs
[2024-10-22T06:18:55.396+0000] {logging_mixin.py:190} INFO - [2024-10-22T06:18:55.396+0000] {dag.py:4180} INFO - Setting next_dagrun for tutorial_taskflow_api_virtualenv to None, run_after=None
[2024-10-22T06:18:55.414+0000] {processor.py:208} INFO - Processing /home/airflow/.local/lib/python3.12/site-packages/airflow/example_dags/tutorial_taskflow_api_virtualenv.py took 0.080 seconds
[2024-10-22T06:19:25.752+0000] {processor.py:186} INFO - Started process (PID=75312) to work on /home/airflow/.local/lib/python3.12/site-packages/airflow/example_dags/tutorial_taskflow_api_virtualenv.py
[2024-10-22T06:19:25.753+0000] {processor.py:914} INFO - Processing file /home/airflow/.local/lib/python3.12/site-packages/airflow/example_dags/tutorial_taskflow_api_virtualenv.py for tasks to queue
[2024-10-22T06:19:25.755+0000] {logging_mixin.py:190} INFO - [2024-10-22T06:19:25.755+0000] {dagbag.py:588} INFO - Filling up the DagBag from /home/airflow/.local/lib/python3.12/site-packages/airflow/example_dags/tutorial_taskflow_api_virtualenv.py
[2024-10-22T06:19:25.767+0000] {processor.py:925} INFO - DAG(s) 'tutorial_taskflow_api_virtualenv' retrieved from /home/airflow/.local/lib/python3.12/site-packages/airflow/example_dags/tutorial_taskflow_api_virtualenv.py
[2024-10-22T06:19:25.788+0000] {logging_mixin.py:190} INFO - [2024-10-22T06:19:25.787+0000] {dag.py:3239} INFO - Sync 1 DAGs
[2024-10-22T06:19:25.803+0000] {logging_mixin.py:190} INFO - [2024-10-22T06:19:25.803+0000] {dag.py:4180} INFO - Setting next_dagrun for tutorial_taskflow_api_virtualenv to None, run_after=None
[2024-10-22T06:19:25.821+0000] {processor.py:208} INFO - Processing /home/airflow/.local/lib/python3.12/site-packages/airflow/example_dags/tutorial_taskflow_api_virtualenv.py took 0.077 seconds
[2024-10-22T06:19:56.168+0000] {processor.py:186} INFO - Started process (PID=75378) to work on /home/airflow/.local/lib/python3.12/site-packages/airflow/example_dags/tutorial_taskflow_api_virtualenv.py
[2024-10-22T06:19:56.170+0000] {processor.py:914} INFO - Processing file /home/airflow/.local/lib/python3.12/site-packages/airflow/example_dags/tutorial_taskflow_api_virtualenv.py for tasks to queue
[2024-10-22T06:19:56.171+0000] {logging_mixin.py:190} INFO - [2024-10-22T06:19:56.171+0000] {dagbag.py:588} INFO - Filling up the DagBag from /home/airflow/.local/lib/python3.12/site-packages/airflow/example_dags/tutorial_taskflow_api_virtualenv.py
[2024-10-22T06:19:56.183+0000] {processor.py:925} INFO - DAG(s) 'tutorial_taskflow_api_virtualenv' retrieved from /home/airflow/.local/lib/python3.12/site-packages/airflow/example_dags/tutorial_taskflow_api_virtualenv.py
[2024-10-22T06:19:56.206+0000] {logging_mixin.py:190} INFO - [2024-10-22T06:19:56.205+0000] {dag.py:3239} INFO - Sync 1 DAGs
[2024-10-22T06:19:56.222+0000] {logging_mixin.py:190} INFO - [2024-10-22T06:19:56.221+0000] {dag.py:4180} INFO - Setting next_dagrun for tutorial_taskflow_api_virtualenv to None, run_after=None
[2024-10-22T06:19:56.239+0000] {processor.py:208} INFO - Processing /home/airflow/.local/lib/python3.12/site-packages/airflow/example_dags/tutorial_taskflow_api_virtualenv.py took 0.078 seconds
[2024-10-22T06:20:26.394+0000] {processor.py:186} INFO - Started process (PID=75444) to work on /home/airflow/.local/lib/python3.12/site-packages/airflow/example_dags/tutorial_taskflow_api_virtualenv.py
[2024-10-22T06:20:26.395+0000] {processor.py:914} INFO - Processing file /home/airflow/.local/lib/python3.12/site-packages/airflow/example_dags/tutorial_taskflow_api_virtualenv.py for tasks to queue
[2024-10-22T06:20:26.396+0000] {logging_mixin.py:190} INFO - [2024-10-22T06:20:26.396+0000] {dagbag.py:588} INFO - Filling up the DagBag from /home/airflow/.local/lib/python3.12/site-packages/airflow/example_dags/tutorial_taskflow_api_virtualenv.py
[2024-10-22T06:20:26.408+0000] {processor.py:925} INFO - DAG(s) 'tutorial_taskflow_api_virtualenv' retrieved from /home/airflow/.local/lib/python3.12/site-packages/airflow/example_dags/tutorial_taskflow_api_virtualenv.py
[2024-10-22T06:20:26.431+0000] {logging_mixin.py:190} INFO - [2024-10-22T06:20:26.431+0000] {dag.py:3239} INFO - Sync 1 DAGs
[2024-10-22T06:20:26.447+0000] {logging_mixin.py:190} INFO - [2024-10-22T06:20:26.447+0000] {dag.py:4180} INFO - Setting next_dagrun for tutorial_taskflow_api_virtualenv to None, run_after=None
[2024-10-22T06:20:26.464+0000] {processor.py:208} INFO - Processing /home/airflow/.local/lib/python3.12/site-packages/airflow/example_dags/tutorial_taskflow_api_virtualenv.py took 0.078 seconds
[2024-10-22T06:20:56.834+0000] {processor.py:186} INFO - Started process (PID=75511) to work on /home/airflow/.local/lib/python3.12/site-packages/airflow/example_dags/tutorial_taskflow_api_virtualenv.py
[2024-10-22T06:20:56.835+0000] {processor.py:914} INFO - Processing file /home/airflow/.local/lib/python3.12/site-packages/airflow/example_dags/tutorial_taskflow_api_virtualenv.py for tasks to queue
[2024-10-22T06:20:56.837+0000] {logging_mixin.py:190} INFO - [2024-10-22T06:20:56.836+0000] {dagbag.py:588} INFO - Filling up the DagBag from /home/airflow/.local/lib/python3.12/site-packages/airflow/example_dags/tutorial_taskflow_api_virtualenv.py
[2024-10-22T06:20:56.849+0000] {processor.py:925} INFO - DAG(s) 'tutorial_taskflow_api_virtualenv' retrieved from /home/airflow/.local/lib/python3.12/site-packages/airflow/example_dags/tutorial_taskflow_api_virtualenv.py
[2024-10-22T06:20:56.872+0000] {logging_mixin.py:190} INFO - [2024-10-22T06:20:56.871+0000] {dag.py:3239} INFO - Sync 1 DAGs
[2024-10-22T06:20:56.889+0000] {logging_mixin.py:190} INFO - [2024-10-22T06:20:56.889+0000] {dag.py:4180} INFO - Setting next_dagrun for tutorial_taskflow_api_virtualenv to None, run_after=None
[2024-10-22T06:20:56.906+0000] {processor.py:208} INFO - Processing /home/airflow/.local/lib/python3.12/site-packages/airflow/example_dags/tutorial_taskflow_api_virtualenv.py took 0.079 seconds
[2024-10-22T06:21:27.311+0000] {processor.py:186} INFO - Started process (PID=75578) to work on /home/airflow/.local/lib/python3.12/site-packages/airflow/example_dags/tutorial_taskflow_api_virtualenv.py
[2024-10-22T06:21:27.313+0000] {processor.py:914} INFO - Processing file /home/airflow/.local/lib/python3.12/site-packages/airflow/example_dags/tutorial_taskflow_api_virtualenv.py for tasks to queue
[2024-10-22T06:21:27.314+0000] {logging_mixin.py:190} INFO - [2024-10-22T06:21:27.314+0000] {dagbag.py:588} INFO - Filling up the DagBag from /home/airflow/.local/lib/python3.12/site-packages/airflow/example_dags/tutorial_taskflow_api_virtualenv.py
[2024-10-22T06:21:27.326+0000] {processor.py:925} INFO - DAG(s) 'tutorial_taskflow_api_virtualenv' retrieved from /home/airflow/.local/lib/python3.12/site-packages/airflow/example_dags/tutorial_taskflow_api_virtualenv.py
[2024-10-22T06:21:27.353+0000] {logging_mixin.py:190} INFO - [2024-10-22T06:21:27.353+0000] {dag.py:3239} INFO - Sync 1 DAGs
[2024-10-22T06:21:27.370+0000] {logging_mixin.py:190} INFO - [2024-10-22T06:21:27.369+0000] {dag.py:4180} INFO - Setting next_dagrun for tutorial_taskflow_api_virtualenv to None, run_after=None
[2024-10-22T06:21:27.387+0000] {processor.py:208} INFO - Processing /home/airflow/.local/lib/python3.12/site-packages/airflow/example_dags/tutorial_taskflow_api_virtualenv.py took 0.084 seconds
[2024-10-22T06:21:57.629+0000] {processor.py:186} INFO - Started process (PID=75645) to work on /home/airflow/.local/lib/python3.12/site-packages/airflow/example_dags/tutorial_taskflow_api_virtualenv.py
[2024-10-22T06:21:57.630+0000] {processor.py:914} INFO - Processing file /home/airflow/.local/lib/python3.12/site-packages/airflow/example_dags/tutorial_taskflow_api_virtualenv.py for tasks to queue
[2024-10-22T06:21:57.631+0000] {logging_mixin.py:190} INFO - [2024-10-22T06:21:57.631+0000] {dagbag.py:588} INFO - Filling up the DagBag from /home/airflow/.local/lib/python3.12/site-packages/airflow/example_dags/tutorial_taskflow_api_virtualenv.py
[2024-10-22T06:21:57.643+0000] {processor.py:925} INFO - DAG(s) 'tutorial_taskflow_api_virtualenv' retrieved from /home/airflow/.local/lib/python3.12/site-packages/airflow/example_dags/tutorial_taskflow_api_virtualenv.py
[2024-10-22T06:21:57.666+0000] {logging_mixin.py:190} INFO - [2024-10-22T06:21:57.665+0000] {dag.py:3239} INFO - Sync 1 DAGs
[2024-10-22T06:21:57.681+0000] {logging_mixin.py:190} INFO - [2024-10-22T06:21:57.681+0000] {dag.py:4180} INFO - Setting next_dagrun for tutorial_taskflow_api_virtualenv to None, run_after=None
[2024-10-22T06:21:57.697+0000] {processor.py:208} INFO - Processing /home/airflow/.local/lib/python3.12/site-packages/airflow/example_dags/tutorial_taskflow_api_virtualenv.py took 0.076 seconds
[2024-10-22T06:22:27.943+0000] {processor.py:186} INFO - Started process (PID=75712) to work on /home/airflow/.local/lib/python3.12/site-packages/airflow/example_dags/tutorial_taskflow_api_virtualenv.py
[2024-10-22T06:22:27.944+0000] {processor.py:914} INFO - Processing file /home/airflow/.local/lib/python3.12/site-packages/airflow/example_dags/tutorial_taskflow_api_virtualenv.py for tasks to queue
[2024-10-22T06:22:27.946+0000] {logging_mixin.py:190} INFO - [2024-10-22T06:22:27.945+0000] {dagbag.py:588} INFO - Filling up the DagBag from /home/airflow/.local/lib/python3.12/site-packages/airflow/example_dags/tutorial_taskflow_api_virtualenv.py
[2024-10-22T06:22:27.958+0000] {processor.py:925} INFO - DAG(s) 'tutorial_taskflow_api_virtualenv' retrieved from /home/airflow/.local/lib/python3.12/site-packages/airflow/example_dags/tutorial_taskflow_api_virtualenv.py
[2024-10-22T06:22:27.980+0000] {logging_mixin.py:190} INFO - [2024-10-22T06:22:27.979+0000] {dag.py:3239} INFO - Sync 1 DAGs
[2024-10-22T06:22:27.995+0000] {logging_mixin.py:190} INFO - [2024-10-22T06:22:27.995+0000] {dag.py:4180} INFO - Setting next_dagrun for tutorial_taskflow_api_virtualenv to None, run_after=None
[2024-10-22T06:22:28.012+0000] {processor.py:208} INFO - Processing /home/airflow/.local/lib/python3.12/site-packages/airflow/example_dags/tutorial_taskflow_api_virtualenv.py took 0.077 seconds
[2024-10-22T06:22:58.961+0000] {processor.py:186} INFO - Started process (PID=75779) to work on /home/airflow/.local/lib/python3.12/site-packages/airflow/example_dags/tutorial_taskflow_api_virtualenv.py
[2024-10-22T06:22:58.962+0000] {processor.py:914} INFO - Processing file /home/airflow/.local/lib/python3.12/site-packages/airflow/example_dags/tutorial_taskflow_api_virtualenv.py for tasks to queue
[2024-10-22T06:22:58.963+0000] {logging_mixin.py:190} INFO - [2024-10-22T06:22:58.963+0000] {dagbag.py:588} INFO - Filling up the DagBag from /home/airflow/.local/lib/python3.12/site-packages/airflow/example_dags/tutorial_taskflow_api_virtualenv.py
[2024-10-22T06:22:58.975+0000] {processor.py:925} INFO - DAG(s) 'tutorial_taskflow_api_virtualenv' retrieved from /home/airflow/.local/lib/python3.12/site-packages/airflow/example_dags/tutorial_taskflow_api_virtualenv.py
[2024-10-22T06:22:58.998+0000] {logging_mixin.py:190} INFO - [2024-10-22T06:22:58.998+0000] {dag.py:3239} INFO - Sync 1 DAGs
[2024-10-22T06:22:59.014+0000] {logging_mixin.py:190} INFO - [2024-10-22T06:22:59.014+0000] {dag.py:4180} INFO - Setting next_dagrun for tutorial_taskflow_api_virtualenv to None, run_after=None
[2024-10-22T06:22:59.033+0000] {processor.py:208} INFO - Processing /home/airflow/.local/lib/python3.12/site-packages/airflow/example_dags/tutorial_taskflow_api_virtualenv.py took 0.079 seconds
[2024-10-22T06:23:30.035+0000] {processor.py:186} INFO - Started process (PID=75846) to work on /home/airflow/.local/lib/python3.12/site-packages/airflow/example_dags/tutorial_taskflow_api_virtualenv.py
[2024-10-22T06:23:30.037+0000] {processor.py:914} INFO - Processing file /home/airflow/.local/lib/python3.12/site-packages/airflow/example_dags/tutorial_taskflow_api_virtualenv.py for tasks to queue
[2024-10-22T06:23:30.039+0000] {logging_mixin.py:190} INFO - [2024-10-22T06:23:30.038+0000] {dagbag.py:588} INFO - Filling up the DagBag from /home/airflow/.local/lib/python3.12/site-packages/airflow/example_dags/tutorial_taskflow_api_virtualenv.py
[2024-10-22T06:23:30.054+0000] {processor.py:925} INFO - DAG(s) 'tutorial_taskflow_api_virtualenv' retrieved from /home/airflow/.local/lib/python3.12/site-packages/airflow/example_dags/tutorial_taskflow_api_virtualenv.py
[2024-10-22T06:23:30.082+0000] {logging_mixin.py:190} INFO - [2024-10-22T06:23:30.082+0000] {dag.py:3239} INFO - Sync 1 DAGs
[2024-10-22T06:23:30.102+0000] {logging_mixin.py:190} INFO - [2024-10-22T06:23:30.102+0000] {dag.py:4180} INFO - Setting next_dagrun for tutorial_taskflow_api_virtualenv to None, run_after=None
[2024-10-22T06:23:30.125+0000] {processor.py:208} INFO - Processing /home/airflow/.local/lib/python3.12/site-packages/airflow/example_dags/tutorial_taskflow_api_virtualenv.py took 0.102 seconds
[2024-10-22T06:24:01.338+0000] {processor.py:186} INFO - Started process (PID=75913) to work on /home/airflow/.local/lib/python3.12/site-packages/airflow/example_dags/tutorial_taskflow_api_virtualenv.py
[2024-10-22T06:24:01.339+0000] {processor.py:914} INFO - Processing file /home/airflow/.local/lib/python3.12/site-packages/airflow/example_dags/tutorial_taskflow_api_virtualenv.py for tasks to queue
[2024-10-22T06:24:01.340+0000] {logging_mixin.py:190} INFO - [2024-10-22T06:24:01.340+0000] {dagbag.py:588} INFO - Filling up the DagBag from /home/airflow/.local/lib/python3.12/site-packages/airflow/example_dags/tutorial_taskflow_api_virtualenv.py
[2024-10-22T06:24:01.353+0000] {processor.py:925} INFO - DAG(s) 'tutorial_taskflow_api_virtualenv' retrieved from /home/airflow/.local/lib/python3.12/site-packages/airflow/example_dags/tutorial_taskflow_api_virtualenv.py
[2024-10-22T06:24:01.377+0000] {logging_mixin.py:190} INFO - [2024-10-22T06:24:01.376+0000] {dag.py:3239} INFO - Sync 1 DAGs
[2024-10-22T06:24:01.396+0000] {logging_mixin.py:190} INFO - [2024-10-22T06:24:01.396+0000] {dag.py:4180} INFO - Setting next_dagrun for tutorial_taskflow_api_virtualenv to None, run_after=None
[2024-10-22T06:24:01.414+0000] {processor.py:208} INFO - Processing /home/airflow/.local/lib/python3.12/site-packages/airflow/example_dags/tutorial_taskflow_api_virtualenv.py took 0.084 seconds
[2024-10-22T06:24:32.453+0000] {processor.py:186} INFO - Started process (PID=75980) to work on /home/airflow/.local/lib/python3.12/site-packages/airflow/example_dags/tutorial_taskflow_api_virtualenv.py
[2024-10-22T06:24:32.455+0000] {processor.py:914} INFO - Processing file /home/airflow/.local/lib/python3.12/site-packages/airflow/example_dags/tutorial_taskflow_api_virtualenv.py for tasks to queue
[2024-10-22T06:24:32.456+0000] {logging_mixin.py:190} INFO - [2024-10-22T06:24:32.456+0000] {dagbag.py:588} INFO - Filling up the DagBag from /home/airflow/.local/lib/python3.12/site-packages/airflow/example_dags/tutorial_taskflow_api_virtualenv.py
[2024-10-22T06:24:32.470+0000] {processor.py:925} INFO - DAG(s) 'tutorial_taskflow_api_virtualenv' retrieved from /home/airflow/.local/lib/python3.12/site-packages/airflow/example_dags/tutorial_taskflow_api_virtualenv.py
[2024-10-22T06:24:32.495+0000] {logging_mixin.py:190} INFO - [2024-10-22T06:24:32.495+0000] {dag.py:3239} INFO - Sync 1 DAGs
[2024-10-22T06:24:32.512+0000] {logging_mixin.py:190} INFO - [2024-10-22T06:24:32.512+0000] {dag.py:4180} INFO - Setting next_dagrun for tutorial_taskflow_api_virtualenv to None, run_after=None
[2024-10-22T06:24:32.532+0000] {processor.py:208} INFO - Processing /home/airflow/.local/lib/python3.12/site-packages/airflow/example_dags/tutorial_taskflow_api_virtualenv.py took 0.087 seconds
[2024-10-22T06:25:03.078+0000] {processor.py:186} INFO - Started process (PID=76047) to work on /home/airflow/.local/lib/python3.12/site-packages/airflow/example_dags/tutorial_taskflow_api_virtualenv.py
[2024-10-22T06:25:03.079+0000] {processor.py:914} INFO - Processing file /home/airflow/.local/lib/python3.12/site-packages/airflow/example_dags/tutorial_taskflow_api_virtualenv.py for tasks to queue
[2024-10-22T06:25:03.080+0000] {logging_mixin.py:190} INFO - [2024-10-22T06:25:03.080+0000] {dagbag.py:588} INFO - Filling up the DagBag from /home/airflow/.local/lib/python3.12/site-packages/airflow/example_dags/tutorial_taskflow_api_virtualenv.py
[2024-10-22T06:25:03.093+0000] {processor.py:925} INFO - DAG(s) 'tutorial_taskflow_api_virtualenv' retrieved from /home/airflow/.local/lib/python3.12/site-packages/airflow/example_dags/tutorial_taskflow_api_virtualenv.py
[2024-10-22T06:25:03.119+0000] {logging_mixin.py:190} INFO - [2024-10-22T06:25:03.119+0000] {dag.py:3239} INFO - Sync 1 DAGs
[2024-10-22T06:25:03.137+0000] {logging_mixin.py:190} INFO - [2024-10-22T06:25:03.136+0000] {dag.py:4180} INFO - Setting next_dagrun for tutorial_taskflow_api_virtualenv to None, run_after=None
[2024-10-22T06:25:03.156+0000] {processor.py:208} INFO - Processing /home/airflow/.local/lib/python3.12/site-packages/airflow/example_dags/tutorial_taskflow_api_virtualenv.py took 0.086 seconds
[2024-10-22T06:25:33.539+0000] {processor.py:186} INFO - Started process (PID=76113) to work on /home/airflow/.local/lib/python3.12/site-packages/airflow/example_dags/tutorial_taskflow_api_virtualenv.py
[2024-10-22T06:25:33.541+0000] {processor.py:914} INFO - Processing file /home/airflow/.local/lib/python3.12/site-packages/airflow/example_dags/tutorial_taskflow_api_virtualenv.py for tasks to queue
[2024-10-22T06:25:33.543+0000] {logging_mixin.py:190} INFO - [2024-10-22T06:25:33.542+0000] {dagbag.py:588} INFO - Filling up the DagBag from /home/airflow/.local/lib/python3.12/site-packages/airflow/example_dags/tutorial_taskflow_api_virtualenv.py
[2024-10-22T06:25:33.559+0000] {processor.py:925} INFO - DAG(s) 'tutorial_taskflow_api_virtualenv' retrieved from /home/airflow/.local/lib/python3.12/site-packages/airflow/example_dags/tutorial_taskflow_api_virtualenv.py
[2024-10-22T06:25:33.590+0000] {logging_mixin.py:190} INFO - [2024-10-22T06:25:33.589+0000] {dag.py:3239} INFO - Sync 1 DAGs
[2024-10-22T06:25:33.606+0000] {logging_mixin.py:190} INFO - [2024-10-22T06:25:33.606+0000] {dag.py:4180} INFO - Setting next_dagrun for tutorial_taskflow_api_virtualenv to None, run_after=None
[2024-10-22T06:25:33.628+0000] {processor.py:208} INFO - Processing /home/airflow/.local/lib/python3.12/site-packages/airflow/example_dags/tutorial_taskflow_api_virtualenv.py took 0.099 seconds
[2024-10-22T06:26:04.538+0000] {processor.py:186} INFO - Started process (PID=76180) to work on /home/airflow/.local/lib/python3.12/site-packages/airflow/example_dags/tutorial_taskflow_api_virtualenv.py
[2024-10-22T06:26:04.539+0000] {processor.py:914} INFO - Processing file /home/airflow/.local/lib/python3.12/site-packages/airflow/example_dags/tutorial_taskflow_api_virtualenv.py for tasks to queue
[2024-10-22T06:26:04.540+0000] {logging_mixin.py:190} INFO - [2024-10-22T06:26:04.540+0000] {dagbag.py:588} INFO - Filling up the DagBag from /home/airflow/.local/lib/python3.12/site-packages/airflow/example_dags/tutorial_taskflow_api_virtualenv.py
[2024-10-22T06:26:04.557+0000] {processor.py:925} INFO - DAG(s) 'tutorial_taskflow_api_virtualenv' retrieved from /home/airflow/.local/lib/python3.12/site-packages/airflow/example_dags/tutorial_taskflow_api_virtualenv.py
[2024-10-22T06:26:04.584+0000] {logging_mixin.py:190} INFO - [2024-10-22T06:26:04.583+0000] {dag.py:3239} INFO - Sync 1 DAGs
[2024-10-22T06:26:04.604+0000] {logging_mixin.py:190} INFO - [2024-10-22T06:26:04.604+0000] {dag.py:4180} INFO - Setting next_dagrun for tutorial_taskflow_api_virtualenv to None, run_after=None
[2024-10-22T06:26:04.624+0000] {processor.py:208} INFO - Processing /home/airflow/.local/lib/python3.12/site-packages/airflow/example_dags/tutorial_taskflow_api_virtualenv.py took 0.099 seconds
[2024-10-22T06:26:35.301+0000] {processor.py:186} INFO - Started process (PID=76247) to work on /home/airflow/.local/lib/python3.12/site-packages/airflow/example_dags/tutorial_taskflow_api_virtualenv.py
[2024-10-22T06:26:35.303+0000] {processor.py:914} INFO - Processing file /home/airflow/.local/lib/python3.12/site-packages/airflow/example_dags/tutorial_taskflow_api_virtualenv.py for tasks to queue
[2024-10-22T06:26:35.305+0000] {logging_mixin.py:190} INFO - [2024-10-22T06:26:35.304+0000] {dagbag.py:588} INFO - Filling up the DagBag from /home/airflow/.local/lib/python3.12/site-packages/airflow/example_dags/tutorial_taskflow_api_virtualenv.py
[2024-10-22T06:26:35.321+0000] {processor.py:925} INFO - DAG(s) 'tutorial_taskflow_api_virtualenv' retrieved from /home/airflow/.local/lib/python3.12/site-packages/airflow/example_dags/tutorial_taskflow_api_virtualenv.py
[2024-10-22T06:26:35.350+0000] {logging_mixin.py:190} INFO - [2024-10-22T06:26:35.349+0000] {dag.py:3239} INFO - Sync 1 DAGs
[2024-10-22T06:26:35.373+0000] {logging_mixin.py:190} INFO - [2024-10-22T06:26:35.373+0000] {dag.py:4180} INFO - Setting next_dagrun for tutorial_taskflow_api_virtualenv to None, run_after=None
[2024-10-22T06:26:35.400+0000] {processor.py:208} INFO - Processing /home/airflow/.local/lib/python3.12/site-packages/airflow/example_dags/tutorial_taskflow_api_virtualenv.py took 0.113 seconds
[2024-10-22T06:27:05.846+0000] {processor.py:186} INFO - Started process (PID=76313) to work on /home/airflow/.local/lib/python3.12/site-packages/airflow/example_dags/tutorial_taskflow_api_virtualenv.py
[2024-10-22T06:27:05.847+0000] {processor.py:914} INFO - Processing file /home/airflow/.local/lib/python3.12/site-packages/airflow/example_dags/tutorial_taskflow_api_virtualenv.py for tasks to queue
[2024-10-22T06:27:05.848+0000] {logging_mixin.py:190} INFO - [2024-10-22T06:27:05.848+0000] {dagbag.py:588} INFO - Filling up the DagBag from /home/airflow/.local/lib/python3.12/site-packages/airflow/example_dags/tutorial_taskflow_api_virtualenv.py
[2024-10-22T06:27:05.865+0000] {processor.py:925} INFO - DAG(s) 'tutorial_taskflow_api_virtualenv' retrieved from /home/airflow/.local/lib/python3.12/site-packages/airflow/example_dags/tutorial_taskflow_api_virtualenv.py
[2024-10-22T06:27:05.897+0000] {logging_mixin.py:190} INFO - [2024-10-22T06:27:05.896+0000] {dag.py:3239} INFO - Sync 1 DAGs
[2024-10-22T06:27:05.917+0000] {logging_mixin.py:190} INFO - [2024-10-22T06:27:05.917+0000] {dag.py:4180} INFO - Setting next_dagrun for tutorial_taskflow_api_virtualenv to None, run_after=None
[2024-10-22T06:27:05.943+0000] {processor.py:208} INFO - Processing /home/airflow/.local/lib/python3.12/site-packages/airflow/example_dags/tutorial_taskflow_api_virtualenv.py took 0.105 seconds
[2024-10-22T06:27:36.287+0000] {processor.py:186} INFO - Started process (PID=76386) to work on /home/airflow/.local/lib/python3.12/site-packages/airflow/example_dags/tutorial_taskflow_api_virtualenv.py
[2024-10-22T06:27:36.288+0000] {processor.py:914} INFO - Processing file /home/airflow/.local/lib/python3.12/site-packages/airflow/example_dags/tutorial_taskflow_api_virtualenv.py for tasks to queue
[2024-10-22T06:27:36.290+0000] {logging_mixin.py:190} INFO - [2024-10-22T06:27:36.289+0000] {dagbag.py:588} INFO - Filling up the DagBag from /home/airflow/.local/lib/python3.12/site-packages/airflow/example_dags/tutorial_taskflow_api_virtualenv.py
[2024-10-22T06:27:36.304+0000] {processor.py:925} INFO - DAG(s) 'tutorial_taskflow_api_virtualenv' retrieved from /home/airflow/.local/lib/python3.12/site-packages/airflow/example_dags/tutorial_taskflow_api_virtualenv.py
[2024-10-22T06:27:36.334+0000] {logging_mixin.py:190} INFO - [2024-10-22T06:27:36.333+0000] {dag.py:3239} INFO - Sync 1 DAGs
[2024-10-22T06:27:36.354+0000] {logging_mixin.py:190} INFO - [2024-10-22T06:27:36.353+0000] {dag.py:4180} INFO - Setting next_dagrun for tutorial_taskflow_api_virtualenv to None, run_after=None
[2024-10-22T06:27:36.376+0000] {processor.py:208} INFO - Processing /home/airflow/.local/lib/python3.12/site-packages/airflow/example_dags/tutorial_taskflow_api_virtualenv.py took 0.097 seconds
[2024-10-22T06:28:07.118+0000] {processor.py:186} INFO - Started process (PID=76452) to work on /home/airflow/.local/lib/python3.12/site-packages/airflow/example_dags/tutorial_taskflow_api_virtualenv.py
[2024-10-22T06:28:07.119+0000] {processor.py:914} INFO - Processing file /home/airflow/.local/lib/python3.12/site-packages/airflow/example_dags/tutorial_taskflow_api_virtualenv.py for tasks to queue
[2024-10-22T06:28:07.120+0000] {logging_mixin.py:190} INFO - [2024-10-22T06:28:07.120+0000] {dagbag.py:588} INFO - Filling up the DagBag from /home/airflow/.local/lib/python3.12/site-packages/airflow/example_dags/tutorial_taskflow_api_virtualenv.py
[2024-10-22T06:28:07.133+0000] {processor.py:925} INFO - DAG(s) 'tutorial_taskflow_api_virtualenv' retrieved from /home/airflow/.local/lib/python3.12/site-packages/airflow/example_dags/tutorial_taskflow_api_virtualenv.py
[2024-10-22T06:28:07.160+0000] {logging_mixin.py:190} INFO - [2024-10-22T06:28:07.160+0000] {dag.py:3239} INFO - Sync 1 DAGs
[2024-10-22T06:28:07.178+0000] {logging_mixin.py:190} INFO - [2024-10-22T06:28:07.178+0000] {dag.py:4180} INFO - Setting next_dagrun for tutorial_taskflow_api_virtualenv to None, run_after=None
[2024-10-22T06:28:07.203+0000] {processor.py:208} INFO - Processing /home/airflow/.local/lib/python3.12/site-packages/airflow/example_dags/tutorial_taskflow_api_virtualenv.py took 0.094 seconds
[2024-10-22T06:28:37.576+0000] {processor.py:186} INFO - Started process (PID=76519) to work on /home/airflow/.local/lib/python3.12/site-packages/airflow/example_dags/tutorial_taskflow_api_virtualenv.py
[2024-10-22T06:28:37.578+0000] {processor.py:914} INFO - Processing file /home/airflow/.local/lib/python3.12/site-packages/airflow/example_dags/tutorial_taskflow_api_virtualenv.py for tasks to queue
[2024-10-22T06:28:37.579+0000] {logging_mixin.py:190} INFO - [2024-10-22T06:28:37.579+0000] {dagbag.py:588} INFO - Filling up the DagBag from /home/airflow/.local/lib/python3.12/site-packages/airflow/example_dags/tutorial_taskflow_api_virtualenv.py
[2024-10-22T06:28:37.592+0000] {processor.py:925} INFO - DAG(s) 'tutorial_taskflow_api_virtualenv' retrieved from /home/airflow/.local/lib/python3.12/site-packages/airflow/example_dags/tutorial_taskflow_api_virtualenv.py
[2024-10-22T06:28:37.617+0000] {logging_mixin.py:190} INFO - [2024-10-22T06:28:37.617+0000] {dag.py:3239} INFO - Sync 1 DAGs
[2024-10-22T06:28:37.634+0000] {logging_mixin.py:190} INFO - [2024-10-22T06:28:37.634+0000] {dag.py:4180} INFO - Setting next_dagrun for tutorial_taskflow_api_virtualenv to None, run_after=None
[2024-10-22T06:28:37.652+0000] {processor.py:208} INFO - Processing /home/airflow/.local/lib/python3.12/site-packages/airflow/example_dags/tutorial_taskflow_api_virtualenv.py took 0.084 seconds
[2024-10-22T06:29:08.330+0000] {processor.py:186} INFO - Started process (PID=76586) to work on /home/airflow/.local/lib/python3.12/site-packages/airflow/example_dags/tutorial_taskflow_api_virtualenv.py
[2024-10-22T06:29:08.331+0000] {processor.py:914} INFO - Processing file /home/airflow/.local/lib/python3.12/site-packages/airflow/example_dags/tutorial_taskflow_api_virtualenv.py for tasks to queue
[2024-10-22T06:29:08.333+0000] {logging_mixin.py:190} INFO - [2024-10-22T06:29:08.332+0000] {dagbag.py:588} INFO - Filling up the DagBag from /home/airflow/.local/lib/python3.12/site-packages/airflow/example_dags/tutorial_taskflow_api_virtualenv.py
[2024-10-22T06:29:08.346+0000] {processor.py:925} INFO - DAG(s) 'tutorial_taskflow_api_virtualenv' retrieved from /home/airflow/.local/lib/python3.12/site-packages/airflow/example_dags/tutorial_taskflow_api_virtualenv.py
[2024-10-22T06:29:08.375+0000] {logging_mixin.py:190} INFO - [2024-10-22T06:29:08.375+0000] {dag.py:3239} INFO - Sync 1 DAGs
[2024-10-22T06:29:08.398+0000] {logging_mixin.py:190} INFO - [2024-10-22T06:29:08.397+0000] {dag.py:4180} INFO - Setting next_dagrun for tutorial_taskflow_api_virtualenv to None, run_after=None
[2024-10-22T06:29:08.420+0000] {processor.py:208} INFO - Processing /home/airflow/.local/lib/python3.12/site-packages/airflow/example_dags/tutorial_taskflow_api_virtualenv.py took 0.100 seconds
[2024-10-22T06:29:38.945+0000] {processor.py:186} INFO - Started process (PID=76653) to work on /home/airflow/.local/lib/python3.12/site-packages/airflow/example_dags/tutorial_taskflow_api_virtualenv.py
[2024-10-22T06:29:38.946+0000] {processor.py:914} INFO - Processing file /home/airflow/.local/lib/python3.12/site-packages/airflow/example_dags/tutorial_taskflow_api_virtualenv.py for tasks to queue
[2024-10-22T06:29:38.948+0000] {logging_mixin.py:190} INFO - [2024-10-22T06:29:38.947+0000] {dagbag.py:588} INFO - Filling up the DagBag from /home/airflow/.local/lib/python3.12/site-packages/airflow/example_dags/tutorial_taskflow_api_virtualenv.py
[2024-10-22T06:29:38.962+0000] {processor.py:925} INFO - DAG(s) 'tutorial_taskflow_api_virtualenv' retrieved from /home/airflow/.local/lib/python3.12/site-packages/airflow/example_dags/tutorial_taskflow_api_virtualenv.py
[2024-10-22T06:29:38.987+0000] {logging_mixin.py:190} INFO - [2024-10-22T06:29:38.987+0000] {dag.py:3239} INFO - Sync 1 DAGs
[2024-10-22T06:29:39.004+0000] {logging_mixin.py:190} INFO - [2024-10-22T06:29:39.004+0000] {dag.py:4180} INFO - Setting next_dagrun for tutorial_taskflow_api_virtualenv to None, run_after=None
[2024-10-22T06:29:39.023+0000] {processor.py:208} INFO - Processing /home/airflow/.local/lib/python3.12/site-packages/airflow/example_dags/tutorial_taskflow_api_virtualenv.py took 0.088 seconds
[2024-10-22T06:30:09.506+0000] {processor.py:186} INFO - Started process (PID=76720) to work on /home/airflow/.local/lib/python3.12/site-packages/airflow/example_dags/tutorial_taskflow_api_virtualenv.py
[2024-10-22T06:30:09.507+0000] {processor.py:914} INFO - Processing file /home/airflow/.local/lib/python3.12/site-packages/airflow/example_dags/tutorial_taskflow_api_virtualenv.py for tasks to queue
[2024-10-22T06:30:09.509+0000] {logging_mixin.py:190} INFO - [2024-10-22T06:30:09.508+0000] {dagbag.py:588} INFO - Filling up the DagBag from /home/airflow/.local/lib/python3.12/site-packages/airflow/example_dags/tutorial_taskflow_api_virtualenv.py
[2024-10-22T06:30:09.521+0000] {processor.py:925} INFO - DAG(s) 'tutorial_taskflow_api_virtualenv' retrieved from /home/airflow/.local/lib/python3.12/site-packages/airflow/example_dags/tutorial_taskflow_api_virtualenv.py
[2024-10-22T06:30:09.543+0000] {logging_mixin.py:190} INFO - [2024-10-22T06:30:09.543+0000] {dag.py:3239} INFO - Sync 1 DAGs
[2024-10-22T06:30:09.559+0000] {logging_mixin.py:190} INFO - [2024-10-22T06:30:09.559+0000] {dag.py:4180} INFO - Setting next_dagrun for tutorial_taskflow_api_virtualenv to None, run_after=None
[2024-10-22T06:30:09.581+0000] {processor.py:208} INFO - Processing /home/airflow/.local/lib/python3.12/site-packages/airflow/example_dags/tutorial_taskflow_api_virtualenv.py took 0.083 seconds
[2024-10-22T06:30:39.944+0000] {processor.py:186} INFO - Started process (PID=76787) to work on /home/airflow/.local/lib/python3.12/site-packages/airflow/example_dags/tutorial_taskflow_api_virtualenv.py
[2024-10-22T06:30:39.945+0000] {processor.py:914} INFO - Processing file /home/airflow/.local/lib/python3.12/site-packages/airflow/example_dags/tutorial_taskflow_api_virtualenv.py for tasks to queue
[2024-10-22T06:30:39.946+0000] {logging_mixin.py:190} INFO - [2024-10-22T06:30:39.946+0000] {dagbag.py:588} INFO - Filling up the DagBag from /home/airflow/.local/lib/python3.12/site-packages/airflow/example_dags/tutorial_taskflow_api_virtualenv.py
[2024-10-22T06:30:39.959+0000] {processor.py:925} INFO - DAG(s) 'tutorial_taskflow_api_virtualenv' retrieved from /home/airflow/.local/lib/python3.12/site-packages/airflow/example_dags/tutorial_taskflow_api_virtualenv.py
[2024-10-22T06:30:39.981+0000] {logging_mixin.py:190} INFO - [2024-10-22T06:30:39.981+0000] {dag.py:3239} INFO - Sync 1 DAGs
[2024-10-22T06:30:39.997+0000] {logging_mixin.py:190} INFO - [2024-10-22T06:30:39.997+0000] {dag.py:4180} INFO - Setting next_dagrun for tutorial_taskflow_api_virtualenv to None, run_after=None
[2024-10-22T06:30:40.016+0000] {processor.py:208} INFO - Processing /home/airflow/.local/lib/python3.12/site-packages/airflow/example_dags/tutorial_taskflow_api_virtualenv.py took 0.079 seconds
[2024-10-22T06:31:10.580+0000] {processor.py:186} INFO - Started process (PID=76853) to work on /home/airflow/.local/lib/python3.12/site-packages/airflow/example_dags/tutorial_taskflow_api_virtualenv.py
[2024-10-22T06:31:10.581+0000] {processor.py:914} INFO - Processing file /home/airflow/.local/lib/python3.12/site-packages/airflow/example_dags/tutorial_taskflow_api_virtualenv.py for tasks to queue
[2024-10-22T06:31:10.583+0000] {logging_mixin.py:190} INFO - [2024-10-22T06:31:10.582+0000] {dagbag.py:588} INFO - Filling up the DagBag from /home/airflow/.local/lib/python3.12/site-packages/airflow/example_dags/tutorial_taskflow_api_virtualenv.py
[2024-10-22T06:31:10.595+0000] {processor.py:925} INFO - DAG(s) 'tutorial_taskflow_api_virtualenv' retrieved from /home/airflow/.local/lib/python3.12/site-packages/airflow/example_dags/tutorial_taskflow_api_virtualenv.py
[2024-10-22T06:31:10.620+0000] {logging_mixin.py:190} INFO - [2024-10-22T06:31:10.620+0000] {dag.py:3239} INFO - Sync 1 DAGs
[2024-10-22T06:31:10.638+0000] {logging_mixin.py:190} INFO - [2024-10-22T06:31:10.637+0000] {dag.py:4180} INFO - Setting next_dagrun for tutorial_taskflow_api_virtualenv to None, run_after=None
[2024-10-22T06:31:10.662+0000] {processor.py:208} INFO - Processing /home/airflow/.local/lib/python3.12/site-packages/airflow/example_dags/tutorial_taskflow_api_virtualenv.py took 0.093 seconds
[2024-10-22T06:31:41.430+0000] {processor.py:186} INFO - Started process (PID=76920) to work on /home/airflow/.local/lib/python3.12/site-packages/airflow/example_dags/tutorial_taskflow_api_virtualenv.py
[2024-10-22T06:31:41.432+0000] {processor.py:914} INFO - Processing file /home/airflow/.local/lib/python3.12/site-packages/airflow/example_dags/tutorial_taskflow_api_virtualenv.py for tasks to queue
[2024-10-22T06:31:41.434+0000] {logging_mixin.py:190} INFO - [2024-10-22T06:31:41.433+0000] {dagbag.py:588} INFO - Filling up the DagBag from /home/airflow/.local/lib/python3.12/site-packages/airflow/example_dags/tutorial_taskflow_api_virtualenv.py
[2024-10-22T06:31:41.453+0000] {processor.py:925} INFO - DAG(s) 'tutorial_taskflow_api_virtualenv' retrieved from /home/airflow/.local/lib/python3.12/site-packages/airflow/example_dags/tutorial_taskflow_api_virtualenv.py
[2024-10-22T06:31:41.487+0000] {logging_mixin.py:190} INFO - [2024-10-22T06:31:41.486+0000] {dag.py:3239} INFO - Sync 1 DAGs
[2024-10-22T06:31:41.511+0000] {logging_mixin.py:190} INFO - [2024-10-22T06:31:41.510+0000] {dag.py:4180} INFO - Setting next_dagrun for tutorial_taskflow_api_virtualenv to None, run_after=None
[2024-10-22T06:31:41.541+0000] {processor.py:208} INFO - Processing /home/airflow/.local/lib/python3.12/site-packages/airflow/example_dags/tutorial_taskflow_api_virtualenv.py took 0.122 seconds
[2024-10-22T06:32:12.578+0000] {processor.py:186} INFO - Started process (PID=76986) to work on /home/airflow/.local/lib/python3.12/site-packages/airflow/example_dags/tutorial_taskflow_api_virtualenv.py
[2024-10-22T06:32:12.579+0000] {processor.py:914} INFO - Processing file /home/airflow/.local/lib/python3.12/site-packages/airflow/example_dags/tutorial_taskflow_api_virtualenv.py for tasks to queue
[2024-10-22T06:32:12.580+0000] {logging_mixin.py:190} INFO - [2024-10-22T06:32:12.580+0000] {dagbag.py:588} INFO - Filling up the DagBag from /home/airflow/.local/lib/python3.12/site-packages/airflow/example_dags/tutorial_taskflow_api_virtualenv.py
[2024-10-22T06:32:12.595+0000] {processor.py:925} INFO - DAG(s) 'tutorial_taskflow_api_virtualenv' retrieved from /home/airflow/.local/lib/python3.12/site-packages/airflow/example_dags/tutorial_taskflow_api_virtualenv.py
[2024-10-22T06:32:12.620+0000] {logging_mixin.py:190} INFO - [2024-10-22T06:32:12.619+0000] {dag.py:3239} INFO - Sync 1 DAGs
[2024-10-22T06:32:12.640+0000] {logging_mixin.py:190} INFO - [2024-10-22T06:32:12.640+0000] {dag.py:4180} INFO - Setting next_dagrun for tutorial_taskflow_api_virtualenv to None, run_after=None
[2024-10-22T06:32:12.665+0000] {processor.py:208} INFO - Processing /home/airflow/.local/lib/python3.12/site-packages/airflow/example_dags/tutorial_taskflow_api_virtualenv.py took 0.096 seconds
[2024-10-22T06:32:43.163+0000] {processor.py:186} INFO - Started process (PID=77053) to work on /home/airflow/.local/lib/python3.12/site-packages/airflow/example_dags/tutorial_taskflow_api_virtualenv.py
[2024-10-22T06:32:43.167+0000] {processor.py:914} INFO - Processing file /home/airflow/.local/lib/python3.12/site-packages/airflow/example_dags/tutorial_taskflow_api_virtualenv.py for tasks to queue
[2024-10-22T06:32:43.168+0000] {logging_mixin.py:190} INFO - [2024-10-22T06:32:43.168+0000] {dagbag.py:588} INFO - Filling up the DagBag from /home/airflow/.local/lib/python3.12/site-packages/airflow/example_dags/tutorial_taskflow_api_virtualenv.py
[2024-10-22T06:32:43.182+0000] {processor.py:925} INFO - DAG(s) 'tutorial_taskflow_api_virtualenv' retrieved from /home/airflow/.local/lib/python3.12/site-packages/airflow/example_dags/tutorial_taskflow_api_virtualenv.py
[2024-10-22T06:32:43.207+0000] {logging_mixin.py:190} INFO - [2024-10-22T06:32:43.207+0000] {dag.py:3239} INFO - Sync 1 DAGs
[2024-10-22T06:32:43.224+0000] {logging_mixin.py:190} INFO - [2024-10-22T06:32:43.223+0000] {dag.py:4180} INFO - Setting next_dagrun for tutorial_taskflow_api_virtualenv to None, run_after=None
[2024-10-22T06:32:43.241+0000] {processor.py:208} INFO - Processing /home/airflow/.local/lib/python3.12/site-packages/airflow/example_dags/tutorial_taskflow_api_virtualenv.py took 0.089 seconds
[2024-10-22T06:33:14.369+0000] {processor.py:186} INFO - Started process (PID=77120) to work on /home/airflow/.local/lib/python3.12/site-packages/airflow/example_dags/tutorial_taskflow_api_virtualenv.py
[2024-10-22T06:33:14.370+0000] {processor.py:914} INFO - Processing file /home/airflow/.local/lib/python3.12/site-packages/airflow/example_dags/tutorial_taskflow_api_virtualenv.py for tasks to queue
[2024-10-22T06:33:14.372+0000] {logging_mixin.py:190} INFO - [2024-10-22T06:33:14.371+0000] {dagbag.py:588} INFO - Filling up the DagBag from /home/airflow/.local/lib/python3.12/site-packages/airflow/example_dags/tutorial_taskflow_api_virtualenv.py
[2024-10-22T06:33:14.388+0000] {processor.py:925} INFO - DAG(s) 'tutorial_taskflow_api_virtualenv' retrieved from /home/airflow/.local/lib/python3.12/site-packages/airflow/example_dags/tutorial_taskflow_api_virtualenv.py
[2024-10-22T06:33:14.415+0000] {logging_mixin.py:190} INFO - [2024-10-22T06:33:14.414+0000] {dag.py:3239} INFO - Sync 1 DAGs
[2024-10-22T06:33:14.432+0000] {logging_mixin.py:190} INFO - [2024-10-22T06:33:14.432+0000] {dag.py:4180} INFO - Setting next_dagrun for tutorial_taskflow_api_virtualenv to None, run_after=None
[2024-10-22T06:33:14.453+0000] {processor.py:208} INFO - Processing /home/airflow/.local/lib/python3.12/site-packages/airflow/example_dags/tutorial_taskflow_api_virtualenv.py took 0.092 seconds
[2024-10-22T06:33:45.287+0000] {processor.py:186} INFO - Started process (PID=77187) to work on /home/airflow/.local/lib/python3.12/site-packages/airflow/example_dags/tutorial_taskflow_api_virtualenv.py
[2024-10-22T06:33:45.288+0000] {processor.py:914} INFO - Processing file /home/airflow/.local/lib/python3.12/site-packages/airflow/example_dags/tutorial_taskflow_api_virtualenv.py for tasks to queue
[2024-10-22T06:33:45.290+0000] {logging_mixin.py:190} INFO - [2024-10-22T06:33:45.290+0000] {dagbag.py:588} INFO - Filling up the DagBag from /home/airflow/.local/lib/python3.12/site-packages/airflow/example_dags/tutorial_taskflow_api_virtualenv.py
[2024-10-22T06:33:45.303+0000] {processor.py:925} INFO - DAG(s) 'tutorial_taskflow_api_virtualenv' retrieved from /home/airflow/.local/lib/python3.12/site-packages/airflow/example_dags/tutorial_taskflow_api_virtualenv.py
[2024-10-22T06:33:45.328+0000] {logging_mixin.py:190} INFO - [2024-10-22T06:33:45.328+0000] {dag.py:3239} INFO - Sync 1 DAGs
[2024-10-22T06:33:45.344+0000] {logging_mixin.py:190} INFO - [2024-10-22T06:33:45.344+0000] {dag.py:4180} INFO - Setting next_dagrun for tutorial_taskflow_api_virtualenv to None, run_after=None
[2024-10-22T06:33:45.364+0000] {processor.py:208} INFO - Processing /home/airflow/.local/lib/python3.12/site-packages/airflow/example_dags/tutorial_taskflow_api_virtualenv.py took 0.085 seconds
[2024-10-22T06:34:15.777+0000] {processor.py:186} INFO - Started process (PID=77254) to work on /home/airflow/.local/lib/python3.12/site-packages/airflow/example_dags/tutorial_taskflow_api_virtualenv.py
[2024-10-22T06:34:15.778+0000] {processor.py:914} INFO - Processing file /home/airflow/.local/lib/python3.12/site-packages/airflow/example_dags/tutorial_taskflow_api_virtualenv.py for tasks to queue
[2024-10-22T06:34:15.779+0000] {logging_mixin.py:190} INFO - [2024-10-22T06:34:15.779+0000] {dagbag.py:588} INFO - Filling up the DagBag from /home/airflow/.local/lib/python3.12/site-packages/airflow/example_dags/tutorial_taskflow_api_virtualenv.py
[2024-10-22T06:34:15.791+0000] {processor.py:925} INFO - DAG(s) 'tutorial_taskflow_api_virtualenv' retrieved from /home/airflow/.local/lib/python3.12/site-packages/airflow/example_dags/tutorial_taskflow_api_virtualenv.py
[2024-10-22T06:34:15.815+0000] {logging_mixin.py:190} INFO - [2024-10-22T06:34:15.814+0000] {dag.py:3239} INFO - Sync 1 DAGs
[2024-10-22T06:34:15.833+0000] {logging_mixin.py:190} INFO - [2024-10-22T06:34:15.833+0000] {dag.py:4180} INFO - Setting next_dagrun for tutorial_taskflow_api_virtualenv to None, run_after=None
[2024-10-22T06:34:15.855+0000] {processor.py:208} INFO - Processing /home/airflow/.local/lib/python3.12/site-packages/airflow/example_dags/tutorial_taskflow_api_virtualenv.py took 0.085 seconds
[2024-10-22T06:34:46.957+0000] {processor.py:186} INFO - Started process (PID=77321) to work on /home/airflow/.local/lib/python3.12/site-packages/airflow/example_dags/tutorial_taskflow_api_virtualenv.py
[2024-10-22T06:34:46.959+0000] {processor.py:914} INFO - Processing file /home/airflow/.local/lib/python3.12/site-packages/airflow/example_dags/tutorial_taskflow_api_virtualenv.py for tasks to queue
[2024-10-22T06:34:46.960+0000] {logging_mixin.py:190} INFO - [2024-10-22T06:34:46.960+0000] {dagbag.py:588} INFO - Filling up the DagBag from /home/airflow/.local/lib/python3.12/site-packages/airflow/example_dags/tutorial_taskflow_api_virtualenv.py
[2024-10-22T06:34:46.979+0000] {processor.py:925} INFO - DAG(s) 'tutorial_taskflow_api_virtualenv' retrieved from /home/airflow/.local/lib/python3.12/site-packages/airflow/example_dags/tutorial_taskflow_api_virtualenv.py
[2024-10-22T06:34:47.010+0000] {logging_mixin.py:190} INFO - [2024-10-22T06:34:47.009+0000] {dag.py:3239} INFO - Sync 1 DAGs
[2024-10-22T06:34:47.031+0000] {logging_mixin.py:190} INFO - [2024-10-22T06:34:47.030+0000] {dag.py:4180} INFO - Setting next_dagrun for tutorial_taskflow_api_virtualenv to None, run_after=None
[2024-10-22T06:34:47.053+0000] {processor.py:208} INFO - Processing /home/airflow/.local/lib/python3.12/site-packages/airflow/example_dags/tutorial_taskflow_api_virtualenv.py took 0.105 seconds
[2024-10-22T06:35:17.813+0000] {processor.py:186} INFO - Started process (PID=77388) to work on /home/airflow/.local/lib/python3.12/site-packages/airflow/example_dags/tutorial_taskflow_api_virtualenv.py
[2024-10-22T06:35:17.814+0000] {processor.py:914} INFO - Processing file /home/airflow/.local/lib/python3.12/site-packages/airflow/example_dags/tutorial_taskflow_api_virtualenv.py for tasks to queue
[2024-10-22T06:35:17.815+0000] {logging_mixin.py:190} INFO - [2024-10-22T06:35:17.815+0000] {dagbag.py:588} INFO - Filling up the DagBag from /home/airflow/.local/lib/python3.12/site-packages/airflow/example_dags/tutorial_taskflow_api_virtualenv.py
[2024-10-22T06:35:17.828+0000] {processor.py:925} INFO - DAG(s) 'tutorial_taskflow_api_virtualenv' retrieved from /home/airflow/.local/lib/python3.12/site-packages/airflow/example_dags/tutorial_taskflow_api_virtualenv.py
[2024-10-22T06:35:17.856+0000] {logging_mixin.py:190} INFO - [2024-10-22T06:35:17.856+0000] {dag.py:3239} INFO - Sync 1 DAGs
[2024-10-22T06:35:17.873+0000] {logging_mixin.py:190} INFO - [2024-10-22T06:35:17.873+0000] {dag.py:4180} INFO - Setting next_dagrun for tutorial_taskflow_api_virtualenv to None, run_after=None
[2024-10-22T06:35:17.894+0000] {processor.py:208} INFO - Processing /home/airflow/.local/lib/python3.12/site-packages/airflow/example_dags/tutorial_taskflow_api_virtualenv.py took 0.088 seconds
[2024-10-22T06:35:48.671+0000] {processor.py:186} INFO - Started process (PID=77455) to work on /home/airflow/.local/lib/python3.12/site-packages/airflow/example_dags/tutorial_taskflow_api_virtualenv.py
[2024-10-22T06:35:48.672+0000] {processor.py:914} INFO - Processing file /home/airflow/.local/lib/python3.12/site-packages/airflow/example_dags/tutorial_taskflow_api_virtualenv.py for tasks to queue
[2024-10-22T06:35:48.674+0000] {logging_mixin.py:190} INFO - [2024-10-22T06:35:48.674+0000] {dagbag.py:588} INFO - Filling up the DagBag from /home/airflow/.local/lib/python3.12/site-packages/airflow/example_dags/tutorial_taskflow_api_virtualenv.py
[2024-10-22T06:35:48.687+0000] {processor.py:925} INFO - DAG(s) 'tutorial_taskflow_api_virtualenv' retrieved from /home/airflow/.local/lib/python3.12/site-packages/airflow/example_dags/tutorial_taskflow_api_virtualenv.py
[2024-10-22T06:35:48.710+0000] {logging_mixin.py:190} INFO - [2024-10-22T06:35:48.709+0000] {dag.py:3239} INFO - Sync 1 DAGs
[2024-10-22T06:35:48.731+0000] {logging_mixin.py:190} INFO - [2024-10-22T06:35:48.731+0000] {dag.py:4180} INFO - Setting next_dagrun for tutorial_taskflow_api_virtualenv to None, run_after=None
[2024-10-22T06:35:48.750+0000] {processor.py:208} INFO - Processing /home/airflow/.local/lib/python3.12/site-packages/airflow/example_dags/tutorial_taskflow_api_virtualenv.py took 0.085 seconds
[2024-10-22T06:36:19.883+0000] {processor.py:186} INFO - Started process (PID=77522) to work on /home/airflow/.local/lib/python3.12/site-packages/airflow/example_dags/tutorial_taskflow_api_virtualenv.py
[2024-10-22T06:36:19.884+0000] {processor.py:914} INFO - Processing file /home/airflow/.local/lib/python3.12/site-packages/airflow/example_dags/tutorial_taskflow_api_virtualenv.py for tasks to queue
[2024-10-22T06:36:19.886+0000] {logging_mixin.py:190} INFO - [2024-10-22T06:36:19.885+0000] {dagbag.py:588} INFO - Filling up the DagBag from /home/airflow/.local/lib/python3.12/site-packages/airflow/example_dags/tutorial_taskflow_api_virtualenv.py
[2024-10-22T06:36:19.897+0000] {processor.py:925} INFO - DAG(s) 'tutorial_taskflow_api_virtualenv' retrieved from /home/airflow/.local/lib/python3.12/site-packages/airflow/example_dags/tutorial_taskflow_api_virtualenv.py
[2024-10-22T06:36:19.920+0000] {logging_mixin.py:190} INFO - [2024-10-22T06:36:19.920+0000] {dag.py:3239} INFO - Sync 1 DAGs
[2024-10-22T06:36:19.936+0000] {logging_mixin.py:190} INFO - [2024-10-22T06:36:19.935+0000] {dag.py:4180} INFO - Setting next_dagrun for tutorial_taskflow_api_virtualenv to None, run_after=None
[2024-10-22T06:36:19.954+0000] {processor.py:208} INFO - Processing /home/airflow/.local/lib/python3.12/site-packages/airflow/example_dags/tutorial_taskflow_api_virtualenv.py took 0.078 seconds
[2024-10-22T06:36:50.962+0000] {processor.py:186} INFO - Started process (PID=77589) to work on /home/airflow/.local/lib/python3.12/site-packages/airflow/example_dags/tutorial_taskflow_api_virtualenv.py
[2024-10-22T06:36:50.963+0000] {processor.py:914} INFO - Processing file /home/airflow/.local/lib/python3.12/site-packages/airflow/example_dags/tutorial_taskflow_api_virtualenv.py for tasks to queue
[2024-10-22T06:36:50.965+0000] {logging_mixin.py:190} INFO - [2024-10-22T06:36:50.964+0000] {dagbag.py:588} INFO - Filling up the DagBag from /home/airflow/.local/lib/python3.12/site-packages/airflow/example_dags/tutorial_taskflow_api_virtualenv.py
[2024-10-22T06:36:50.978+0000] {processor.py:925} INFO - DAG(s) 'tutorial_taskflow_api_virtualenv' retrieved from /home/airflow/.local/lib/python3.12/site-packages/airflow/example_dags/tutorial_taskflow_api_virtualenv.py
[2024-10-22T06:36:51.003+0000] {logging_mixin.py:190} INFO - [2024-10-22T06:36:51.002+0000] {dag.py:3239} INFO - Sync 1 DAGs
[2024-10-22T06:36:51.019+0000] {logging_mixin.py:190} INFO - [2024-10-22T06:36:51.019+0000] {dag.py:4180} INFO - Setting next_dagrun for tutorial_taskflow_api_virtualenv to None, run_after=None
[2024-10-22T06:36:51.036+0000] {processor.py:208} INFO - Processing /home/airflow/.local/lib/python3.12/site-packages/airflow/example_dags/tutorial_taskflow_api_virtualenv.py took 0.082 seconds
[2024-10-22T06:37:21.372+0000] {processor.py:186} INFO - Started process (PID=77656) to work on /home/airflow/.local/lib/python3.12/site-packages/airflow/example_dags/tutorial_taskflow_api_virtualenv.py
[2024-10-22T06:37:21.372+0000] {processor.py:914} INFO - Processing file /home/airflow/.local/lib/python3.12/site-packages/airflow/example_dags/tutorial_taskflow_api_virtualenv.py for tasks to queue
[2024-10-22T06:37:21.374+0000] {logging_mixin.py:190} INFO - [2024-10-22T06:37:21.374+0000] {dagbag.py:588} INFO - Filling up the DagBag from /home/airflow/.local/lib/python3.12/site-packages/airflow/example_dags/tutorial_taskflow_api_virtualenv.py
[2024-10-22T06:37:21.392+0000] {processor.py:925} INFO - DAG(s) 'tutorial_taskflow_api_virtualenv' retrieved from /home/airflow/.local/lib/python3.12/site-packages/airflow/example_dags/tutorial_taskflow_api_virtualenv.py
[2024-10-22T06:37:21.419+0000] {logging_mixin.py:190} INFO - [2024-10-22T06:37:21.419+0000] {dag.py:3239} INFO - Sync 1 DAGs
[2024-10-22T06:37:21.436+0000] {logging_mixin.py:190} INFO - [2024-10-22T06:37:21.436+0000] {dag.py:4180} INFO - Setting next_dagrun for tutorial_taskflow_api_virtualenv to None, run_after=None
[2024-10-22T06:37:21.455+0000] {processor.py:208} INFO - Processing /home/airflow/.local/lib/python3.12/site-packages/airflow/example_dags/tutorial_taskflow_api_virtualenv.py took 0.091 seconds
[2024-10-22T06:37:51.883+0000] {processor.py:186} INFO - Started process (PID=77723) to work on /home/airflow/.local/lib/python3.12/site-packages/airflow/example_dags/tutorial_taskflow_api_virtualenv.py
[2024-10-22T06:37:51.884+0000] {processor.py:914} INFO - Processing file /home/airflow/.local/lib/python3.12/site-packages/airflow/example_dags/tutorial_taskflow_api_virtualenv.py for tasks to queue
[2024-10-22T06:37:51.886+0000] {logging_mixin.py:190} INFO - [2024-10-22T06:37:51.885+0000] {dagbag.py:588} INFO - Filling up the DagBag from /home/airflow/.local/lib/python3.12/site-packages/airflow/example_dags/tutorial_taskflow_api_virtualenv.py
[2024-10-22T06:37:51.898+0000] {processor.py:925} INFO - DAG(s) 'tutorial_taskflow_api_virtualenv' retrieved from /home/airflow/.local/lib/python3.12/site-packages/airflow/example_dags/tutorial_taskflow_api_virtualenv.py
[2024-10-22T06:37:51.920+0000] {logging_mixin.py:190} INFO - [2024-10-22T06:37:51.920+0000] {dag.py:3239} INFO - Sync 1 DAGs
[2024-10-22T06:37:51.937+0000] {logging_mixin.py:190} INFO - [2024-10-22T06:37:51.936+0000] {dag.py:4180} INFO - Setting next_dagrun for tutorial_taskflow_api_virtualenv to None, run_after=None
[2024-10-22T06:37:51.954+0000] {processor.py:208} INFO - Processing /home/airflow/.local/lib/python3.12/site-packages/airflow/example_dags/tutorial_taskflow_api_virtualenv.py took 0.078 seconds
[2024-10-22T06:38:22.746+0000] {processor.py:186} INFO - Started process (PID=77790) to work on /home/airflow/.local/lib/python3.12/site-packages/airflow/example_dags/tutorial_taskflow_api_virtualenv.py
[2024-10-22T06:38:22.747+0000] {processor.py:914} INFO - Processing file /home/airflow/.local/lib/python3.12/site-packages/airflow/example_dags/tutorial_taskflow_api_virtualenv.py for tasks to queue
[2024-10-22T06:38:22.748+0000] {logging_mixin.py:190} INFO - [2024-10-22T06:38:22.748+0000] {dagbag.py:588} INFO - Filling up the DagBag from /home/airflow/.local/lib/python3.12/site-packages/airflow/example_dags/tutorial_taskflow_api_virtualenv.py
[2024-10-22T06:38:22.761+0000] {processor.py:925} INFO - DAG(s) 'tutorial_taskflow_api_virtualenv' retrieved from /home/airflow/.local/lib/python3.12/site-packages/airflow/example_dags/tutorial_taskflow_api_virtualenv.py
[2024-10-22T06:38:22.783+0000] {logging_mixin.py:190} INFO - [2024-10-22T06:38:22.782+0000] {dag.py:3239} INFO - Sync 1 DAGs
[2024-10-22T06:38:22.799+0000] {logging_mixin.py:190} INFO - [2024-10-22T06:38:22.799+0000] {dag.py:4180} INFO - Setting next_dagrun for tutorial_taskflow_api_virtualenv to None, run_after=None
[2024-10-22T06:38:22.817+0000] {processor.py:208} INFO - Processing /home/airflow/.local/lib/python3.12/site-packages/airflow/example_dags/tutorial_taskflow_api_virtualenv.py took 0.078 seconds
[2024-10-22T06:38:53.651+0000] {processor.py:186} INFO - Started process (PID=77857) to work on /home/airflow/.local/lib/python3.12/site-packages/airflow/example_dags/tutorial_taskflow_api_virtualenv.py
[2024-10-22T06:38:53.652+0000] {processor.py:914} INFO - Processing file /home/airflow/.local/lib/python3.12/site-packages/airflow/example_dags/tutorial_taskflow_api_virtualenv.py for tasks to queue
[2024-10-22T06:38:53.654+0000] {logging_mixin.py:190} INFO - [2024-10-22T06:38:53.653+0000] {dagbag.py:588} INFO - Filling up the DagBag from /home/airflow/.local/lib/python3.12/site-packages/airflow/example_dags/tutorial_taskflow_api_virtualenv.py
[2024-10-22T06:38:53.666+0000] {processor.py:925} INFO - DAG(s) 'tutorial_taskflow_api_virtualenv' retrieved from /home/airflow/.local/lib/python3.12/site-packages/airflow/example_dags/tutorial_taskflow_api_virtualenv.py
[2024-10-22T06:38:53.687+0000] {logging_mixin.py:190} INFO - [2024-10-22T06:38:53.687+0000] {dag.py:3239} INFO - Sync 1 DAGs
[2024-10-22T06:38:53.703+0000] {logging_mixin.py:190} INFO - [2024-10-22T06:38:53.703+0000] {dag.py:4180} INFO - Setting next_dagrun for tutorial_taskflow_api_virtualenv to None, run_after=None
[2024-10-22T06:38:53.721+0000] {processor.py:208} INFO - Processing /home/airflow/.local/lib/python3.12/site-packages/airflow/example_dags/tutorial_taskflow_api_virtualenv.py took 0.078 seconds
[2024-10-22T06:39:24.499+0000] {processor.py:186} INFO - Started process (PID=77923) to work on /home/airflow/.local/lib/python3.12/site-packages/airflow/example_dags/tutorial_taskflow_api_virtualenv.py
[2024-10-22T06:39:24.500+0000] {processor.py:914} INFO - Processing file /home/airflow/.local/lib/python3.12/site-packages/airflow/example_dags/tutorial_taskflow_api_virtualenv.py for tasks to queue
[2024-10-22T06:39:24.501+0000] {logging_mixin.py:190} INFO - [2024-10-22T06:39:24.501+0000] {dagbag.py:588} INFO - Filling up the DagBag from /home/airflow/.local/lib/python3.12/site-packages/airflow/example_dags/tutorial_taskflow_api_virtualenv.py
[2024-10-22T06:39:24.514+0000] {processor.py:925} INFO - DAG(s) 'tutorial_taskflow_api_virtualenv' retrieved from /home/airflow/.local/lib/python3.12/site-packages/airflow/example_dags/tutorial_taskflow_api_virtualenv.py
[2024-10-22T06:39:24.537+0000] {logging_mixin.py:190} INFO - [2024-10-22T06:39:24.537+0000] {dag.py:3239} INFO - Sync 1 DAGs
[2024-10-22T06:39:24.553+0000] {logging_mixin.py:190} INFO - [2024-10-22T06:39:24.552+0000] {dag.py:4180} INFO - Setting next_dagrun for tutorial_taskflow_api_virtualenv to None, run_after=None
[2024-10-22T06:39:24.572+0000] {processor.py:208} INFO - Processing /home/airflow/.local/lib/python3.12/site-packages/airflow/example_dags/tutorial_taskflow_api_virtualenv.py took 0.081 seconds
[2024-10-22T06:39:55.009+0000] {processor.py:186} INFO - Started process (PID=77990) to work on /home/airflow/.local/lib/python3.12/site-packages/airflow/example_dags/tutorial_taskflow_api_virtualenv.py
[2024-10-22T06:39:55.010+0000] {processor.py:914} INFO - Processing file /home/airflow/.local/lib/python3.12/site-packages/airflow/example_dags/tutorial_taskflow_api_virtualenv.py for tasks to queue
[2024-10-22T06:39:55.011+0000] {logging_mixin.py:190} INFO - [2024-10-22T06:39:55.011+0000] {dagbag.py:588} INFO - Filling up the DagBag from /home/airflow/.local/lib/python3.12/site-packages/airflow/example_dags/tutorial_taskflow_api_virtualenv.py
[2024-10-22T06:39:55.023+0000] {processor.py:925} INFO - DAG(s) 'tutorial_taskflow_api_virtualenv' retrieved from /home/airflow/.local/lib/python3.12/site-packages/airflow/example_dags/tutorial_taskflow_api_virtualenv.py
[2024-10-22T06:39:55.046+0000] {logging_mixin.py:190} INFO - [2024-10-22T06:39:55.045+0000] {dag.py:3239} INFO - Sync 1 DAGs
[2024-10-22T06:39:55.061+0000] {logging_mixin.py:190} INFO - [2024-10-22T06:39:55.061+0000] {dag.py:4180} INFO - Setting next_dagrun for tutorial_taskflow_api_virtualenv to None, run_after=None
[2024-10-22T06:39:55.079+0000] {processor.py:208} INFO - Processing /home/airflow/.local/lib/python3.12/site-packages/airflow/example_dags/tutorial_taskflow_api_virtualenv.py took 0.077 seconds
[2024-10-22T06:40:25.411+0000] {processor.py:186} INFO - Started process (PID=78057) to work on /home/airflow/.local/lib/python3.12/site-packages/airflow/example_dags/tutorial_taskflow_api_virtualenv.py
[2024-10-22T06:40:25.412+0000] {processor.py:914} INFO - Processing file /home/airflow/.local/lib/python3.12/site-packages/airflow/example_dags/tutorial_taskflow_api_virtualenv.py for tasks to queue
[2024-10-22T06:40:25.414+0000] {logging_mixin.py:190} INFO - [2024-10-22T06:40:25.413+0000] {dagbag.py:588} INFO - Filling up the DagBag from /home/airflow/.local/lib/python3.12/site-packages/airflow/example_dags/tutorial_taskflow_api_virtualenv.py
[2024-10-22T06:40:25.425+0000] {processor.py:925} INFO - DAG(s) 'tutorial_taskflow_api_virtualenv' retrieved from /home/airflow/.local/lib/python3.12/site-packages/airflow/example_dags/tutorial_taskflow_api_virtualenv.py
[2024-10-22T06:40:25.450+0000] {logging_mixin.py:190} INFO - [2024-10-22T06:40:25.450+0000] {dag.py:3239} INFO - Sync 1 DAGs
[2024-10-22T06:40:25.467+0000] {logging_mixin.py:190} INFO - [2024-10-22T06:40:25.466+0000] {dag.py:4180} INFO - Setting next_dagrun for tutorial_taskflow_api_virtualenv to None, run_after=None
[2024-10-22T06:40:25.484+0000] {processor.py:208} INFO - Processing /home/airflow/.local/lib/python3.12/site-packages/airflow/example_dags/tutorial_taskflow_api_virtualenv.py took 0.080 seconds
[2024-10-22T06:40:56.321+0000] {processor.py:186} INFO - Started process (PID=78124) to work on /home/airflow/.local/lib/python3.12/site-packages/airflow/example_dags/tutorial_taskflow_api_virtualenv.py
[2024-10-22T06:40:56.323+0000] {processor.py:914} INFO - Processing file /home/airflow/.local/lib/python3.12/site-packages/airflow/example_dags/tutorial_taskflow_api_virtualenv.py for tasks to queue
[2024-10-22T06:40:56.324+0000] {logging_mixin.py:190} INFO - [2024-10-22T06:40:56.324+0000] {dagbag.py:588} INFO - Filling up the DagBag from /home/airflow/.local/lib/python3.12/site-packages/airflow/example_dags/tutorial_taskflow_api_virtualenv.py
[2024-10-22T06:40:56.336+0000] {processor.py:925} INFO - DAG(s) 'tutorial_taskflow_api_virtualenv' retrieved from /home/airflow/.local/lib/python3.12/site-packages/airflow/example_dags/tutorial_taskflow_api_virtualenv.py
[2024-10-22T06:40:56.358+0000] {logging_mixin.py:190} INFO - [2024-10-22T06:40:56.358+0000] {dag.py:3239} INFO - Sync 1 DAGs
[2024-10-22T06:40:56.374+0000] {logging_mixin.py:190} INFO - [2024-10-22T06:40:56.374+0000] {dag.py:4180} INFO - Setting next_dagrun for tutorial_taskflow_api_virtualenv to None, run_after=None
[2024-10-22T06:40:56.392+0000] {processor.py:208} INFO - Processing /home/airflow/.local/lib/python3.12/site-packages/airflow/example_dags/tutorial_taskflow_api_virtualenv.py took 0.078 seconds
[2024-10-22T06:41:27.534+0000] {processor.py:186} INFO - Started process (PID=78191) to work on /home/airflow/.local/lib/python3.12/site-packages/airflow/example_dags/tutorial_taskflow_api_virtualenv.py
[2024-10-22T06:41:27.535+0000] {processor.py:914} INFO - Processing file /home/airflow/.local/lib/python3.12/site-packages/airflow/example_dags/tutorial_taskflow_api_virtualenv.py for tasks to queue
[2024-10-22T06:41:27.537+0000] {logging_mixin.py:190} INFO - [2024-10-22T06:41:27.536+0000] {dagbag.py:588} INFO - Filling up the DagBag from /home/airflow/.local/lib/python3.12/site-packages/airflow/example_dags/tutorial_taskflow_api_virtualenv.py
[2024-10-22T06:41:27.549+0000] {processor.py:925} INFO - DAG(s) 'tutorial_taskflow_api_virtualenv' retrieved from /home/airflow/.local/lib/python3.12/site-packages/airflow/example_dags/tutorial_taskflow_api_virtualenv.py
[2024-10-22T06:41:27.572+0000] {logging_mixin.py:190} INFO - [2024-10-22T06:41:27.571+0000] {dag.py:3239} INFO - Sync 1 DAGs
[2024-10-22T06:41:27.588+0000] {logging_mixin.py:190} INFO - [2024-10-22T06:41:27.587+0000] {dag.py:4180} INFO - Setting next_dagrun for tutorial_taskflow_api_virtualenv to None, run_after=None
[2024-10-22T06:41:27.605+0000] {processor.py:208} INFO - Processing /home/airflow/.local/lib/python3.12/site-packages/airflow/example_dags/tutorial_taskflow_api_virtualenv.py took 0.078 seconds
[2024-10-22T06:41:58.620+0000] {processor.py:186} INFO - Started process (PID=78257) to work on /home/airflow/.local/lib/python3.12/site-packages/airflow/example_dags/tutorial_taskflow_api_virtualenv.py
[2024-10-22T06:41:58.621+0000] {processor.py:914} INFO - Processing file /home/airflow/.local/lib/python3.12/site-packages/airflow/example_dags/tutorial_taskflow_api_virtualenv.py for tasks to queue
[2024-10-22T06:41:58.622+0000] {logging_mixin.py:190} INFO - [2024-10-22T06:41:58.622+0000] {dagbag.py:588} INFO - Filling up the DagBag from /home/airflow/.local/lib/python3.12/site-packages/airflow/example_dags/tutorial_taskflow_api_virtualenv.py
[2024-10-22T06:41:58.634+0000] {processor.py:925} INFO - DAG(s) 'tutorial_taskflow_api_virtualenv' retrieved from /home/airflow/.local/lib/python3.12/site-packages/airflow/example_dags/tutorial_taskflow_api_virtualenv.py
[2024-10-22T06:41:58.657+0000] {logging_mixin.py:190} INFO - [2024-10-22T06:41:58.657+0000] {dag.py:3239} INFO - Sync 1 DAGs
[2024-10-22T06:41:58.673+0000] {logging_mixin.py:190} INFO - [2024-10-22T06:41:58.673+0000] {dag.py:4180} INFO - Setting next_dagrun for tutorial_taskflow_api_virtualenv to None, run_after=None
[2024-10-22T06:41:58.690+0000] {processor.py:208} INFO - Processing /home/airflow/.local/lib/python3.12/site-packages/airflow/example_dags/tutorial_taskflow_api_virtualenv.py took 0.079 seconds
[2024-10-22T06:42:29.646+0000] {processor.py:186} INFO - Started process (PID=78324) to work on /home/airflow/.local/lib/python3.12/site-packages/airflow/example_dags/tutorial_taskflow_api_virtualenv.py
[2024-10-22T06:42:29.648+0000] {processor.py:914} INFO - Processing file /home/airflow/.local/lib/python3.12/site-packages/airflow/example_dags/tutorial_taskflow_api_virtualenv.py for tasks to queue
[2024-10-22T06:42:29.649+0000] {logging_mixin.py:190} INFO - [2024-10-22T06:42:29.649+0000] {dagbag.py:588} INFO - Filling up the DagBag from /home/airflow/.local/lib/python3.12/site-packages/airflow/example_dags/tutorial_taskflow_api_virtualenv.py
[2024-10-22T06:42:29.661+0000] {processor.py:925} INFO - DAG(s) 'tutorial_taskflow_api_virtualenv' retrieved from /home/airflow/.local/lib/python3.12/site-packages/airflow/example_dags/tutorial_taskflow_api_virtualenv.py
[2024-10-22T06:42:29.683+0000] {logging_mixin.py:190} INFO - [2024-10-22T06:42:29.683+0000] {dag.py:3239} INFO - Sync 1 DAGs
[2024-10-22T06:42:29.699+0000] {logging_mixin.py:190} INFO - [2024-10-22T06:42:29.699+0000] {dag.py:4180} INFO - Setting next_dagrun for tutorial_taskflow_api_virtualenv to None, run_after=None
[2024-10-22T06:42:29.717+0000] {processor.py:208} INFO - Processing /home/airflow/.local/lib/python3.12/site-packages/airflow/example_dags/tutorial_taskflow_api_virtualenv.py took 0.078 seconds
[2024-10-22T06:43:01.055+0000] {processor.py:186} INFO - Started process (PID=78390) to work on /home/airflow/.local/lib/python3.12/site-packages/airflow/example_dags/tutorial_taskflow_api_virtualenv.py
[2024-10-22T06:43:01.057+0000] {processor.py:914} INFO - Processing file /home/airflow/.local/lib/python3.12/site-packages/airflow/example_dags/tutorial_taskflow_api_virtualenv.py for tasks to queue
[2024-10-22T06:43:01.058+0000] {logging_mixin.py:190} INFO - [2024-10-22T06:43:01.058+0000] {dagbag.py:588} INFO - Filling up the DagBag from /home/airflow/.local/lib/python3.12/site-packages/airflow/example_dags/tutorial_taskflow_api_virtualenv.py
[2024-10-22T06:43:01.076+0000] {processor.py:925} INFO - DAG(s) 'tutorial_taskflow_api_virtualenv' retrieved from /home/airflow/.local/lib/python3.12/site-packages/airflow/example_dags/tutorial_taskflow_api_virtualenv.py
[2024-10-22T06:43:01.110+0000] {logging_mixin.py:190} INFO - [2024-10-22T06:43:01.110+0000] {dag.py:3239} INFO - Sync 1 DAGs
[2024-10-22T06:43:01.129+0000] {logging_mixin.py:190} INFO - [2024-10-22T06:43:01.129+0000] {dag.py:4180} INFO - Setting next_dagrun for tutorial_taskflow_api_virtualenv to None, run_after=None
[2024-10-22T06:43:01.149+0000] {processor.py:208} INFO - Processing /home/airflow/.local/lib/python3.12/site-packages/airflow/example_dags/tutorial_taskflow_api_virtualenv.py took 0.105 seconds
[2024-10-22T06:43:31.191+0000] {processor.py:186} INFO - Started process (PID=78456) to work on /home/airflow/.local/lib/python3.12/site-packages/airflow/example_dags/tutorial_taskflow_api_virtualenv.py
[2024-10-22T06:43:31.193+0000] {processor.py:914} INFO - Processing file /home/airflow/.local/lib/python3.12/site-packages/airflow/example_dags/tutorial_taskflow_api_virtualenv.py for tasks to queue
[2024-10-22T06:43:31.194+0000] {logging_mixin.py:190} INFO - [2024-10-22T06:43:31.194+0000] {dagbag.py:588} INFO - Filling up the DagBag from /home/airflow/.local/lib/python3.12/site-packages/airflow/example_dags/tutorial_taskflow_api_virtualenv.py
[2024-10-22T06:43:31.208+0000] {processor.py:925} INFO - DAG(s) 'tutorial_taskflow_api_virtualenv' retrieved from /home/airflow/.local/lib/python3.12/site-packages/airflow/example_dags/tutorial_taskflow_api_virtualenv.py
[2024-10-22T06:43:31.234+0000] {logging_mixin.py:190} INFO - [2024-10-22T06:43:31.234+0000] {dag.py:3239} INFO - Sync 1 DAGs
[2024-10-22T06:43:31.255+0000] {logging_mixin.py:190} INFO - [2024-10-22T06:43:31.255+0000] {dag.py:4180} INFO - Setting next_dagrun for tutorial_taskflow_api_virtualenv to None, run_after=None
[2024-10-22T06:43:31.275+0000] {processor.py:208} INFO - Processing /home/airflow/.local/lib/python3.12/site-packages/airflow/example_dags/tutorial_taskflow_api_virtualenv.py took 0.091 seconds
[2024-10-22T06:44:02.053+0000] {processor.py:186} INFO - Started process (PID=78524) to work on /home/airflow/.local/lib/python3.12/site-packages/airflow/example_dags/tutorial_taskflow_api_virtualenv.py
[2024-10-22T06:44:02.055+0000] {processor.py:914} INFO - Processing file /home/airflow/.local/lib/python3.12/site-packages/airflow/example_dags/tutorial_taskflow_api_virtualenv.py for tasks to queue
[2024-10-22T06:44:02.057+0000] {logging_mixin.py:190} INFO - [2024-10-22T06:44:02.056+0000] {dagbag.py:588} INFO - Filling up the DagBag from /home/airflow/.local/lib/python3.12/site-packages/airflow/example_dags/tutorial_taskflow_api_virtualenv.py
[2024-10-22T06:44:02.069+0000] {processor.py:925} INFO - DAG(s) 'tutorial_taskflow_api_virtualenv' retrieved from /home/airflow/.local/lib/python3.12/site-packages/airflow/example_dags/tutorial_taskflow_api_virtualenv.py
[2024-10-22T06:44:02.093+0000] {logging_mixin.py:190} INFO - [2024-10-22T06:44:02.093+0000] {dag.py:3239} INFO - Sync 1 DAGs
[2024-10-22T06:44:02.113+0000] {logging_mixin.py:190} INFO - [2024-10-22T06:44:02.113+0000] {dag.py:4180} INFO - Setting next_dagrun for tutorial_taskflow_api_virtualenv to None, run_after=None
[2024-10-22T06:44:02.133+0000] {processor.py:208} INFO - Processing /home/airflow/.local/lib/python3.12/site-packages/airflow/example_dags/tutorial_taskflow_api_virtualenv.py took 0.089 seconds
[2024-10-22T06:44:33.284+0000] {processor.py:186} INFO - Started process (PID=78591) to work on /home/airflow/.local/lib/python3.12/site-packages/airflow/example_dags/tutorial_taskflow_api_virtualenv.py
[2024-10-22T06:44:33.285+0000] {processor.py:914} INFO - Processing file /home/airflow/.local/lib/python3.12/site-packages/airflow/example_dags/tutorial_taskflow_api_virtualenv.py for tasks to queue
[2024-10-22T06:44:33.287+0000] {logging_mixin.py:190} INFO - [2024-10-22T06:44:33.286+0000] {dagbag.py:588} INFO - Filling up the DagBag from /home/airflow/.local/lib/python3.12/site-packages/airflow/example_dags/tutorial_taskflow_api_virtualenv.py
[2024-10-22T06:44:33.299+0000] {processor.py:925} INFO - DAG(s) 'tutorial_taskflow_api_virtualenv' retrieved from /home/airflow/.local/lib/python3.12/site-packages/airflow/example_dags/tutorial_taskflow_api_virtualenv.py
[2024-10-22T06:44:33.322+0000] {logging_mixin.py:190} INFO - [2024-10-22T06:44:33.321+0000] {dag.py:3239} INFO - Sync 1 DAGs
[2024-10-22T06:44:33.338+0000] {logging_mixin.py:190} INFO - [2024-10-22T06:44:33.338+0000] {dag.py:4180} INFO - Setting next_dagrun for tutorial_taskflow_api_virtualenv to None, run_after=None
[2024-10-22T06:44:33.356+0000] {processor.py:208} INFO - Processing /home/airflow/.local/lib/python3.12/site-packages/airflow/example_dags/tutorial_taskflow_api_virtualenv.py took 0.081 seconds
[2024-10-22T06:45:03.885+0000] {processor.py:186} INFO - Started process (PID=78658) to work on /home/airflow/.local/lib/python3.12/site-packages/airflow/example_dags/tutorial_taskflow_api_virtualenv.py
[2024-10-22T06:45:03.886+0000] {processor.py:914} INFO - Processing file /home/airflow/.local/lib/python3.12/site-packages/airflow/example_dags/tutorial_taskflow_api_virtualenv.py for tasks to queue
[2024-10-22T06:45:03.888+0000] {logging_mixin.py:190} INFO - [2024-10-22T06:45:03.887+0000] {dagbag.py:588} INFO - Filling up the DagBag from /home/airflow/.local/lib/python3.12/site-packages/airflow/example_dags/tutorial_taskflow_api_virtualenv.py
[2024-10-22T06:45:03.903+0000] {processor.py:925} INFO - DAG(s) 'tutorial_taskflow_api_virtualenv' retrieved from /home/airflow/.local/lib/python3.12/site-packages/airflow/example_dags/tutorial_taskflow_api_virtualenv.py
[2024-10-22T06:45:03.928+0000] {logging_mixin.py:190} INFO - [2024-10-22T06:45:03.928+0000] {dag.py:3239} INFO - Sync 1 DAGs
[2024-10-22T06:45:03.950+0000] {logging_mixin.py:190} INFO - [2024-10-22T06:45:03.949+0000] {dag.py:4180} INFO - Setting next_dagrun for tutorial_taskflow_api_virtualenv to None, run_after=None
[2024-10-22T06:45:03.994+0000] {processor.py:208} INFO - Processing /home/airflow/.local/lib/python3.12/site-packages/airflow/example_dags/tutorial_taskflow_api_virtualenv.py took 0.117 seconds
[2024-10-22T06:45:34.914+0000] {processor.py:186} INFO - Started process (PID=78724) to work on /home/airflow/.local/lib/python3.12/site-packages/airflow/example_dags/tutorial_taskflow_api_virtualenv.py
[2024-10-22T06:45:34.916+0000] {processor.py:914} INFO - Processing file /home/airflow/.local/lib/python3.12/site-packages/airflow/example_dags/tutorial_taskflow_api_virtualenv.py for tasks to queue
[2024-10-22T06:45:34.918+0000] {logging_mixin.py:190} INFO - [2024-10-22T06:45:34.917+0000] {dagbag.py:588} INFO - Filling up the DagBag from /home/airflow/.local/lib/python3.12/site-packages/airflow/example_dags/tutorial_taskflow_api_virtualenv.py
[2024-10-22T06:45:34.929+0000] {processor.py:925} INFO - DAG(s) 'tutorial_taskflow_api_virtualenv' retrieved from /home/airflow/.local/lib/python3.12/site-packages/airflow/example_dags/tutorial_taskflow_api_virtualenv.py
[2024-10-22T06:45:34.953+0000] {logging_mixin.py:190} INFO - [2024-10-22T06:45:34.952+0000] {dag.py:3239} INFO - Sync 1 DAGs
[2024-10-22T06:45:34.968+0000] {logging_mixin.py:190} INFO - [2024-10-22T06:45:34.968+0000] {dag.py:4180} INFO - Setting next_dagrun for tutorial_taskflow_api_virtualenv to None, run_after=None
[2024-10-22T06:45:34.986+0000] {processor.py:208} INFO - Processing /home/airflow/.local/lib/python3.12/site-packages/airflow/example_dags/tutorial_taskflow_api_virtualenv.py took 0.079 seconds
[2024-10-22T06:46:06.189+0000] {processor.py:186} INFO - Started process (PID=78791) to work on /home/airflow/.local/lib/python3.12/site-packages/airflow/example_dags/tutorial_taskflow_api_virtualenv.py
[2024-10-22T06:46:06.190+0000] {processor.py:914} INFO - Processing file /home/airflow/.local/lib/python3.12/site-packages/airflow/example_dags/tutorial_taskflow_api_virtualenv.py for tasks to queue
[2024-10-22T06:46:06.192+0000] {logging_mixin.py:190} INFO - [2024-10-22T06:46:06.191+0000] {dagbag.py:588} INFO - Filling up the DagBag from /home/airflow/.local/lib/python3.12/site-packages/airflow/example_dags/tutorial_taskflow_api_virtualenv.py
[2024-10-22T06:46:06.205+0000] {processor.py:925} INFO - DAG(s) 'tutorial_taskflow_api_virtualenv' retrieved from /home/airflow/.local/lib/python3.12/site-packages/airflow/example_dags/tutorial_taskflow_api_virtualenv.py
[2024-10-22T06:46:06.234+0000] {logging_mixin.py:190} INFO - [2024-10-22T06:46:06.234+0000] {dag.py:3239} INFO - Sync 1 DAGs
[2024-10-22T06:46:06.253+0000] {logging_mixin.py:190} INFO - [2024-10-22T06:46:06.253+0000] {dag.py:4180} INFO - Setting next_dagrun for tutorial_taskflow_api_virtualenv to None, run_after=None
[2024-10-22T06:46:06.270+0000] {processor.py:208} INFO - Processing /home/airflow/.local/lib/python3.12/site-packages/airflow/example_dags/tutorial_taskflow_api_virtualenv.py took 0.089 seconds
[2024-10-22T06:46:37.258+0000] {processor.py:186} INFO - Started process (PID=78858) to work on /home/airflow/.local/lib/python3.12/site-packages/airflow/example_dags/tutorial_taskflow_api_virtualenv.py
[2024-10-22T06:46:37.260+0000] {processor.py:914} INFO - Processing file /home/airflow/.local/lib/python3.12/site-packages/airflow/example_dags/tutorial_taskflow_api_virtualenv.py for tasks to queue
[2024-10-22T06:46:37.261+0000] {logging_mixin.py:190} INFO - [2024-10-22T06:46:37.261+0000] {dagbag.py:588} INFO - Filling up the DagBag from /home/airflow/.local/lib/python3.12/site-packages/airflow/example_dags/tutorial_taskflow_api_virtualenv.py
[2024-10-22T06:46:37.274+0000] {processor.py:925} INFO - DAG(s) 'tutorial_taskflow_api_virtualenv' retrieved from /home/airflow/.local/lib/python3.12/site-packages/airflow/example_dags/tutorial_taskflow_api_virtualenv.py
[2024-10-22T06:46:37.298+0000] {logging_mixin.py:190} INFO - [2024-10-22T06:46:37.298+0000] {dag.py:3239} INFO - Sync 1 DAGs
[2024-10-22T06:46:37.316+0000] {logging_mixin.py:190} INFO - [2024-10-22T06:46:37.316+0000] {dag.py:4180} INFO - Setting next_dagrun for tutorial_taskflow_api_virtualenv to None, run_after=None
[2024-10-22T06:46:37.334+0000] {processor.py:208} INFO - Processing /home/airflow/.local/lib/python3.12/site-packages/airflow/example_dags/tutorial_taskflow_api_virtualenv.py took 0.084 seconds
[2024-10-22T06:47:08.358+0000] {processor.py:186} INFO - Started process (PID=78925) to work on /home/airflow/.local/lib/python3.12/site-packages/airflow/example_dags/tutorial_taskflow_api_virtualenv.py
[2024-10-22T06:47:08.360+0000] {processor.py:914} INFO - Processing file /home/airflow/.local/lib/python3.12/site-packages/airflow/example_dags/tutorial_taskflow_api_virtualenv.py for tasks to queue
[2024-10-22T06:47:08.362+0000] {logging_mixin.py:190} INFO - [2024-10-22T06:47:08.361+0000] {dagbag.py:588} INFO - Filling up the DagBag from /home/airflow/.local/lib/python3.12/site-packages/airflow/example_dags/tutorial_taskflow_api_virtualenv.py
[2024-10-22T06:47:08.378+0000] {processor.py:925} INFO - DAG(s) 'tutorial_taskflow_api_virtualenv' retrieved from /home/airflow/.local/lib/python3.12/site-packages/airflow/example_dags/tutorial_taskflow_api_virtualenv.py
[2024-10-22T06:47:08.417+0000] {logging_mixin.py:190} INFO - [2024-10-22T06:47:08.417+0000] {dag.py:3239} INFO - Sync 1 DAGs
[2024-10-22T06:47:08.437+0000] {logging_mixin.py:190} INFO - [2024-10-22T06:47:08.437+0000] {dag.py:4180} INFO - Setting next_dagrun for tutorial_taskflow_api_virtualenv to None, run_after=None
[2024-10-22T06:47:08.466+0000] {processor.py:208} INFO - Processing /home/airflow/.local/lib/python3.12/site-packages/airflow/example_dags/tutorial_taskflow_api_virtualenv.py took 0.123 seconds
[2024-10-22T06:47:38.922+0000] {processor.py:186} INFO - Started process (PID=78991) to work on /home/airflow/.local/lib/python3.12/site-packages/airflow/example_dags/tutorial_taskflow_api_virtualenv.py
[2024-10-22T06:47:38.924+0000] {processor.py:914} INFO - Processing file /home/airflow/.local/lib/python3.12/site-packages/airflow/example_dags/tutorial_taskflow_api_virtualenv.py for tasks to queue
[2024-10-22T06:47:38.927+0000] {logging_mixin.py:190} INFO - [2024-10-22T06:47:38.927+0000] {dagbag.py:588} INFO - Filling up the DagBag from /home/airflow/.local/lib/python3.12/site-packages/airflow/example_dags/tutorial_taskflow_api_virtualenv.py
[2024-10-22T06:47:38.941+0000] {processor.py:925} INFO - DAG(s) 'tutorial_taskflow_api_virtualenv' retrieved from /home/airflow/.local/lib/python3.12/site-packages/airflow/example_dags/tutorial_taskflow_api_virtualenv.py
[2024-10-22T06:47:38.967+0000] {logging_mixin.py:190} INFO - [2024-10-22T06:47:38.966+0000] {dag.py:3239} INFO - Sync 1 DAGs
[2024-10-22T06:47:38.987+0000] {logging_mixin.py:190} INFO - [2024-10-22T06:47:38.986+0000] {dag.py:4180} INFO - Setting next_dagrun for tutorial_taskflow_api_virtualenv to None, run_after=None
[2024-10-22T06:47:39.007+0000] {processor.py:208} INFO - Processing /home/airflow/.local/lib/python3.12/site-packages/airflow/example_dags/tutorial_taskflow_api_virtualenv.py took 0.092 seconds
[2024-10-22T06:48:09.630+0000] {processor.py:186} INFO - Started process (PID=79064) to work on /home/airflow/.local/lib/python3.12/site-packages/airflow/example_dags/tutorial_taskflow_api_virtualenv.py
[2024-10-22T06:48:09.631+0000] {processor.py:914} INFO - Processing file /home/airflow/.local/lib/python3.12/site-packages/airflow/example_dags/tutorial_taskflow_api_virtualenv.py for tasks to queue
[2024-10-22T06:48:09.632+0000] {logging_mixin.py:190} INFO - [2024-10-22T06:48:09.632+0000] {dagbag.py:588} INFO - Filling up the DagBag from /home/airflow/.local/lib/python3.12/site-packages/airflow/example_dags/tutorial_taskflow_api_virtualenv.py
[2024-10-22T06:48:09.645+0000] {processor.py:925} INFO - DAG(s) 'tutorial_taskflow_api_virtualenv' retrieved from /home/airflow/.local/lib/python3.12/site-packages/airflow/example_dags/tutorial_taskflow_api_virtualenv.py
[2024-10-22T06:48:09.669+0000] {logging_mixin.py:190} INFO - [2024-10-22T06:48:09.669+0000] {dag.py:3239} INFO - Sync 1 DAGs
[2024-10-22T06:48:09.688+0000] {logging_mixin.py:190} INFO - [2024-10-22T06:48:09.688+0000] {dag.py:4180} INFO - Setting next_dagrun for tutorial_taskflow_api_virtualenv to None, run_after=None
[2024-10-22T06:48:09.707+0000] {processor.py:208} INFO - Processing /home/airflow/.local/lib/python3.12/site-packages/airflow/example_dags/tutorial_taskflow_api_virtualenv.py took 0.084 seconds
[2024-10-22T06:48:41.060+0000] {processor.py:186} INFO - Started process (PID=79131) to work on /home/airflow/.local/lib/python3.12/site-packages/airflow/example_dags/tutorial_taskflow_api_virtualenv.py
[2024-10-22T06:48:41.061+0000] {processor.py:914} INFO - Processing file /home/airflow/.local/lib/python3.12/site-packages/airflow/example_dags/tutorial_taskflow_api_virtualenv.py for tasks to queue
[2024-10-22T06:48:41.063+0000] {logging_mixin.py:190} INFO - [2024-10-22T06:48:41.062+0000] {dagbag.py:588} INFO - Filling up the DagBag from /home/airflow/.local/lib/python3.12/site-packages/airflow/example_dags/tutorial_taskflow_api_virtualenv.py
[2024-10-22T06:48:41.078+0000] {processor.py:925} INFO - DAG(s) 'tutorial_taskflow_api_virtualenv' retrieved from /home/airflow/.local/lib/python3.12/site-packages/airflow/example_dags/tutorial_taskflow_api_virtualenv.py
[2024-10-22T06:48:41.101+0000] {logging_mixin.py:190} INFO - [2024-10-22T06:48:41.101+0000] {dag.py:3239} INFO - Sync 1 DAGs
[2024-10-22T06:48:41.123+0000] {logging_mixin.py:190} INFO - [2024-10-22T06:48:41.122+0000] {dag.py:4180} INFO - Setting next_dagrun for tutorial_taskflow_api_virtualenv to None, run_after=None
[2024-10-22T06:48:41.147+0000] {processor.py:208} INFO - Processing /home/airflow/.local/lib/python3.12/site-packages/airflow/example_dags/tutorial_taskflow_api_virtualenv.py took 0.094 seconds
[2024-10-22T06:49:11.510+0000] {processor.py:186} INFO - Started process (PID=79197) to work on /home/airflow/.local/lib/python3.12/site-packages/airflow/example_dags/tutorial_taskflow_api_virtualenv.py
[2024-10-22T06:49:11.511+0000] {processor.py:914} INFO - Processing file /home/airflow/.local/lib/python3.12/site-packages/airflow/example_dags/tutorial_taskflow_api_virtualenv.py for tasks to queue
[2024-10-22T06:49:11.512+0000] {logging_mixin.py:190} INFO - [2024-10-22T06:49:11.512+0000] {dagbag.py:588} INFO - Filling up the DagBag from /home/airflow/.local/lib/python3.12/site-packages/airflow/example_dags/tutorial_taskflow_api_virtualenv.py
[2024-10-22T06:49:11.524+0000] {processor.py:925} INFO - DAG(s) 'tutorial_taskflow_api_virtualenv' retrieved from /home/airflow/.local/lib/python3.12/site-packages/airflow/example_dags/tutorial_taskflow_api_virtualenv.py
[2024-10-22T06:49:11.546+0000] {logging_mixin.py:190} INFO - [2024-10-22T06:49:11.546+0000] {dag.py:3239} INFO - Sync 1 DAGs
[2024-10-22T06:49:11.563+0000] {logging_mixin.py:190} INFO - [2024-10-22T06:49:11.562+0000] {dag.py:4180} INFO - Setting next_dagrun for tutorial_taskflow_api_virtualenv to None, run_after=None
[2024-10-22T06:49:11.582+0000] {processor.py:208} INFO - Processing /home/airflow/.local/lib/python3.12/site-packages/airflow/example_dags/tutorial_taskflow_api_virtualenv.py took 0.079 seconds
[2024-10-22T06:49:42.359+0000] {processor.py:186} INFO - Started process (PID=79264) to work on /home/airflow/.local/lib/python3.12/site-packages/airflow/example_dags/tutorial_taskflow_api_virtualenv.py
[2024-10-22T06:49:42.360+0000] {processor.py:914} INFO - Processing file /home/airflow/.local/lib/python3.12/site-packages/airflow/example_dags/tutorial_taskflow_api_virtualenv.py for tasks to queue
[2024-10-22T06:49:42.362+0000] {logging_mixin.py:190} INFO - [2024-10-22T06:49:42.361+0000] {dagbag.py:588} INFO - Filling up the DagBag from /home/airflow/.local/lib/python3.12/site-packages/airflow/example_dags/tutorial_taskflow_api_virtualenv.py
[2024-10-22T06:49:42.373+0000] {processor.py:925} INFO - DAG(s) 'tutorial_taskflow_api_virtualenv' retrieved from /home/airflow/.local/lib/python3.12/site-packages/airflow/example_dags/tutorial_taskflow_api_virtualenv.py
[2024-10-22T06:49:42.396+0000] {logging_mixin.py:190} INFO - [2024-10-22T06:49:42.396+0000] {dag.py:3239} INFO - Sync 1 DAGs
[2024-10-22T06:49:42.412+0000] {logging_mixin.py:190} INFO - [2024-10-22T06:49:42.412+0000] {dag.py:4180} INFO - Setting next_dagrun for tutorial_taskflow_api_virtualenv to None, run_after=None
[2024-10-22T06:49:42.430+0000] {processor.py:208} INFO - Processing /home/airflow/.local/lib/python3.12/site-packages/airflow/example_dags/tutorial_taskflow_api_virtualenv.py took 0.078 seconds
[2024-10-22T06:50:13.249+0000] {processor.py:186} INFO - Started process (PID=79330) to work on /home/airflow/.local/lib/python3.12/site-packages/airflow/example_dags/tutorial_taskflow_api_virtualenv.py
[2024-10-22T06:50:13.250+0000] {processor.py:914} INFO - Processing file /home/airflow/.local/lib/python3.12/site-packages/airflow/example_dags/tutorial_taskflow_api_virtualenv.py for tasks to queue
[2024-10-22T06:50:13.252+0000] {logging_mixin.py:190} INFO - [2024-10-22T06:50:13.251+0000] {dagbag.py:588} INFO - Filling up the DagBag from /home/airflow/.local/lib/python3.12/site-packages/airflow/example_dags/tutorial_taskflow_api_virtualenv.py
[2024-10-22T06:50:13.267+0000] {processor.py:925} INFO - DAG(s) 'tutorial_taskflow_api_virtualenv' retrieved from /home/airflow/.local/lib/python3.12/site-packages/airflow/example_dags/tutorial_taskflow_api_virtualenv.py
[2024-10-22T06:50:13.294+0000] {logging_mixin.py:190} INFO - [2024-10-22T06:50:13.293+0000] {dag.py:3239} INFO - Sync 1 DAGs
[2024-10-22T06:50:13.313+0000] {logging_mixin.py:190} INFO - [2024-10-22T06:50:13.313+0000] {dag.py:4180} INFO - Setting next_dagrun for tutorial_taskflow_api_virtualenv to None, run_after=None
[2024-10-22T06:50:13.332+0000] {processor.py:208} INFO - Processing /home/airflow/.local/lib/python3.12/site-packages/airflow/example_dags/tutorial_taskflow_api_virtualenv.py took 0.091 seconds
[2024-10-22T06:50:44.542+0000] {processor.py:186} INFO - Started process (PID=79396) to work on /home/airflow/.local/lib/python3.12/site-packages/airflow/example_dags/tutorial_taskflow_api_virtualenv.py
[2024-10-22T06:50:44.543+0000] {processor.py:914} INFO - Processing file /home/airflow/.local/lib/python3.12/site-packages/airflow/example_dags/tutorial_taskflow_api_virtualenv.py for tasks to queue
[2024-10-22T06:50:44.545+0000] {logging_mixin.py:190} INFO - [2024-10-22T06:50:44.544+0000] {dagbag.py:588} INFO - Filling up the DagBag from /home/airflow/.local/lib/python3.12/site-packages/airflow/example_dags/tutorial_taskflow_api_virtualenv.py
[2024-10-22T06:50:44.557+0000] {processor.py:925} INFO - DAG(s) 'tutorial_taskflow_api_virtualenv' retrieved from /home/airflow/.local/lib/python3.12/site-packages/airflow/example_dags/tutorial_taskflow_api_virtualenv.py
[2024-10-22T06:50:44.583+0000] {logging_mixin.py:190} INFO - [2024-10-22T06:50:44.583+0000] {dag.py:3239} INFO - Sync 1 DAGs
[2024-10-22T06:50:44.602+0000] {logging_mixin.py:190} INFO - [2024-10-22T06:50:44.602+0000] {dag.py:4180} INFO - Setting next_dagrun for tutorial_taskflow_api_virtualenv to None, run_after=None
[2024-10-22T06:50:44.625+0000] {processor.py:208} INFO - Processing /home/airflow/.local/lib/python3.12/site-packages/airflow/example_dags/tutorial_taskflow_api_virtualenv.py took 0.093 seconds
[2024-10-22T06:51:15.500+0000] {processor.py:186} INFO - Started process (PID=79463) to work on /home/airflow/.local/lib/python3.12/site-packages/airflow/example_dags/tutorial_taskflow_api_virtualenv.py
[2024-10-22T06:51:15.501+0000] {processor.py:914} INFO - Processing file /home/airflow/.local/lib/python3.12/site-packages/airflow/example_dags/tutorial_taskflow_api_virtualenv.py for tasks to queue
[2024-10-22T06:51:15.502+0000] {logging_mixin.py:190} INFO - [2024-10-22T06:51:15.502+0000] {dagbag.py:588} INFO - Filling up the DagBag from /home/airflow/.local/lib/python3.12/site-packages/airflow/example_dags/tutorial_taskflow_api_virtualenv.py
[2024-10-22T06:51:15.515+0000] {processor.py:925} INFO - DAG(s) 'tutorial_taskflow_api_virtualenv' retrieved from /home/airflow/.local/lib/python3.12/site-packages/airflow/example_dags/tutorial_taskflow_api_virtualenv.py
[2024-10-22T06:51:15.537+0000] {logging_mixin.py:190} INFO - [2024-10-22T06:51:15.537+0000] {dag.py:3239} INFO - Sync 1 DAGs
[2024-10-22T06:51:15.553+0000] {logging_mixin.py:190} INFO - [2024-10-22T06:51:15.553+0000] {dag.py:4180} INFO - Setting next_dagrun for tutorial_taskflow_api_virtualenv to None, run_after=None
[2024-10-22T06:51:15.571+0000] {processor.py:208} INFO - Processing /home/airflow/.local/lib/python3.12/site-packages/airflow/example_dags/tutorial_taskflow_api_virtualenv.py took 0.081 seconds
[2024-10-22T06:51:46.541+0000] {processor.py:186} INFO - Started process (PID=79529) to work on /home/airflow/.local/lib/python3.12/site-packages/airflow/example_dags/tutorial_taskflow_api_virtualenv.py
[2024-10-22T06:51:46.542+0000] {processor.py:914} INFO - Processing file /home/airflow/.local/lib/python3.12/site-packages/airflow/example_dags/tutorial_taskflow_api_virtualenv.py for tasks to queue
[2024-10-22T06:51:46.544+0000] {logging_mixin.py:190} INFO - [2024-10-22T06:51:46.543+0000] {dagbag.py:588} INFO - Filling up the DagBag from /home/airflow/.local/lib/python3.12/site-packages/airflow/example_dags/tutorial_taskflow_api_virtualenv.py
[2024-10-22T06:51:46.556+0000] {processor.py:925} INFO - DAG(s) 'tutorial_taskflow_api_virtualenv' retrieved from /home/airflow/.local/lib/python3.12/site-packages/airflow/example_dags/tutorial_taskflow_api_virtualenv.py
[2024-10-22T06:51:46.579+0000] {logging_mixin.py:190} INFO - [2024-10-22T06:51:46.578+0000] {dag.py:3239} INFO - Sync 1 DAGs
[2024-10-22T06:51:46.595+0000] {logging_mixin.py:190} INFO - [2024-10-22T06:51:46.595+0000] {dag.py:4180} INFO - Setting next_dagrun for tutorial_taskflow_api_virtualenv to None, run_after=None
[2024-10-22T06:51:46.613+0000] {processor.py:208} INFO - Processing /home/airflow/.local/lib/python3.12/site-packages/airflow/example_dags/tutorial_taskflow_api_virtualenv.py took 0.080 seconds
[2024-10-22T06:52:17.502+0000] {processor.py:186} INFO - Started process (PID=79596) to work on /home/airflow/.local/lib/python3.12/site-packages/airflow/example_dags/tutorial_taskflow_api_virtualenv.py
[2024-10-22T06:52:17.503+0000] {processor.py:914} INFO - Processing file /home/airflow/.local/lib/python3.12/site-packages/airflow/example_dags/tutorial_taskflow_api_virtualenv.py for tasks to queue
[2024-10-22T06:52:17.505+0000] {logging_mixin.py:190} INFO - [2024-10-22T06:52:17.504+0000] {dagbag.py:588} INFO - Filling up the DagBag from /home/airflow/.local/lib/python3.12/site-packages/airflow/example_dags/tutorial_taskflow_api_virtualenv.py
[2024-10-22T06:52:17.517+0000] {processor.py:925} INFO - DAG(s) 'tutorial_taskflow_api_virtualenv' retrieved from /home/airflow/.local/lib/python3.12/site-packages/airflow/example_dags/tutorial_taskflow_api_virtualenv.py
[2024-10-22T06:52:17.542+0000] {logging_mixin.py:190} INFO - [2024-10-22T06:52:17.542+0000] {dag.py:3239} INFO - Sync 1 DAGs
[2024-10-22T06:52:17.560+0000] {logging_mixin.py:190} INFO - [2024-10-22T06:52:17.559+0000] {dag.py:4180} INFO - Setting next_dagrun for tutorial_taskflow_api_virtualenv to None, run_after=None
[2024-10-22T06:52:17.583+0000] {processor.py:208} INFO - Processing /home/airflow/.local/lib/python3.12/site-packages/airflow/example_dags/tutorial_taskflow_api_virtualenv.py took 0.088 seconds
[2024-10-22T06:52:48.021+0000] {processor.py:186} INFO - Started process (PID=79663) to work on /home/airflow/.local/lib/python3.12/site-packages/airflow/example_dags/tutorial_taskflow_api_virtualenv.py
[2024-10-22T06:52:48.022+0000] {processor.py:914} INFO - Processing file /home/airflow/.local/lib/python3.12/site-packages/airflow/example_dags/tutorial_taskflow_api_virtualenv.py for tasks to queue
[2024-10-22T06:52:48.023+0000] {logging_mixin.py:190} INFO - [2024-10-22T06:52:48.023+0000] {dagbag.py:588} INFO - Filling up the DagBag from /home/airflow/.local/lib/python3.12/site-packages/airflow/example_dags/tutorial_taskflow_api_virtualenv.py
[2024-10-22T06:52:48.035+0000] {processor.py:925} INFO - DAG(s) 'tutorial_taskflow_api_virtualenv' retrieved from /home/airflow/.local/lib/python3.12/site-packages/airflow/example_dags/tutorial_taskflow_api_virtualenv.py
[2024-10-22T06:52:48.057+0000] {logging_mixin.py:190} INFO - [2024-10-22T06:52:48.057+0000] {dag.py:3239} INFO - Sync 1 DAGs
[2024-10-22T06:52:48.072+0000] {logging_mixin.py:190} INFO - [2024-10-22T06:52:48.072+0000] {dag.py:4180} INFO - Setting next_dagrun for tutorial_taskflow_api_virtualenv to None, run_after=None
[2024-10-22T06:52:48.090+0000] {processor.py:208} INFO - Processing /home/airflow/.local/lib/python3.12/site-packages/airflow/example_dags/tutorial_taskflow_api_virtualenv.py took 0.077 seconds
[2024-10-22T06:53:19.585+0000] {processor.py:186} INFO - Started process (PID=79730) to work on /home/airflow/.local/lib/python3.12/site-packages/airflow/example_dags/tutorial_taskflow_api_virtualenv.py
[2024-10-22T06:53:19.586+0000] {processor.py:914} INFO - Processing file /home/airflow/.local/lib/python3.12/site-packages/airflow/example_dags/tutorial_taskflow_api_virtualenv.py for tasks to queue
[2024-10-22T06:53:19.588+0000] {logging_mixin.py:190} INFO - [2024-10-22T06:53:19.588+0000] {dagbag.py:588} INFO - Filling up the DagBag from /home/airflow/.local/lib/python3.12/site-packages/airflow/example_dags/tutorial_taskflow_api_virtualenv.py
[2024-10-22T06:53:19.604+0000] {processor.py:925} INFO - DAG(s) 'tutorial_taskflow_api_virtualenv' retrieved from /home/airflow/.local/lib/python3.12/site-packages/airflow/example_dags/tutorial_taskflow_api_virtualenv.py
[2024-10-22T06:53:19.629+0000] {logging_mixin.py:190} INFO - [2024-10-22T06:53:19.629+0000] {dag.py:3239} INFO - Sync 1 DAGs
[2024-10-22T06:53:19.647+0000] {logging_mixin.py:190} INFO - [2024-10-22T06:53:19.646+0000] {dag.py:4180} INFO - Setting next_dagrun for tutorial_taskflow_api_virtualenv to None, run_after=None
[2024-10-22T06:53:19.666+0000] {processor.py:208} INFO - Processing /home/airflow/.local/lib/python3.12/site-packages/airflow/example_dags/tutorial_taskflow_api_virtualenv.py took 0.090 seconds
[2024-10-22T06:53:50.626+0000] {processor.py:186} INFO - Started process (PID=79797) to work on /home/airflow/.local/lib/python3.12/site-packages/airflow/example_dags/tutorial_taskflow_api_virtualenv.py
[2024-10-22T06:53:50.628+0000] {processor.py:914} INFO - Processing file /home/airflow/.local/lib/python3.12/site-packages/airflow/example_dags/tutorial_taskflow_api_virtualenv.py for tasks to queue
[2024-10-22T06:53:50.631+0000] {logging_mixin.py:190} INFO - [2024-10-22T06:53:50.630+0000] {dagbag.py:588} INFO - Filling up the DagBag from /home/airflow/.local/lib/python3.12/site-packages/airflow/example_dags/tutorial_taskflow_api_virtualenv.py
[2024-10-22T06:53:50.653+0000] {processor.py:925} INFO - DAG(s) 'tutorial_taskflow_api_virtualenv' retrieved from /home/airflow/.local/lib/python3.12/site-packages/airflow/example_dags/tutorial_taskflow_api_virtualenv.py
[2024-10-22T06:53:50.680+0000] {logging_mixin.py:190} INFO - [2024-10-22T06:53:50.680+0000] {dag.py:3239} INFO - Sync 1 DAGs
[2024-10-22T06:53:50.699+0000] {logging_mixin.py:190} INFO - [2024-10-22T06:53:50.699+0000] {dag.py:4180} INFO - Setting next_dagrun for tutorial_taskflow_api_virtualenv to None, run_after=None
[2024-10-22T06:53:50.721+0000] {processor.py:208} INFO - Processing /home/airflow/.local/lib/python3.12/site-packages/airflow/example_dags/tutorial_taskflow_api_virtualenv.py took 0.107 seconds
[2024-10-22T06:54:21.844+0000] {processor.py:186} INFO - Started process (PID=79864) to work on /home/airflow/.local/lib/python3.12/site-packages/airflow/example_dags/tutorial_taskflow_api_virtualenv.py
[2024-10-22T06:54:21.845+0000] {processor.py:914} INFO - Processing file /home/airflow/.local/lib/python3.12/site-packages/airflow/example_dags/tutorial_taskflow_api_virtualenv.py for tasks to queue
[2024-10-22T06:54:21.847+0000] {logging_mixin.py:190} INFO - [2024-10-22T06:54:21.846+0000] {dagbag.py:588} INFO - Filling up the DagBag from /home/airflow/.local/lib/python3.12/site-packages/airflow/example_dags/tutorial_taskflow_api_virtualenv.py
[2024-10-22T06:54:21.859+0000] {processor.py:925} INFO - DAG(s) 'tutorial_taskflow_api_virtualenv' retrieved from /home/airflow/.local/lib/python3.12/site-packages/airflow/example_dags/tutorial_taskflow_api_virtualenv.py
[2024-10-22T06:54:21.882+0000] {logging_mixin.py:190} INFO - [2024-10-22T06:54:21.882+0000] {dag.py:3239} INFO - Sync 1 DAGs
[2024-10-22T06:54:21.897+0000] {logging_mixin.py:190} INFO - [2024-10-22T06:54:21.897+0000] {dag.py:4180} INFO - Setting next_dagrun for tutorial_taskflow_api_virtualenv to None, run_after=None
[2024-10-22T06:54:21.914+0000] {processor.py:208} INFO - Processing /home/airflow/.local/lib/python3.12/site-packages/airflow/example_dags/tutorial_taskflow_api_virtualenv.py took 0.076 seconds
[2024-10-22T06:54:52.472+0000] {processor.py:186} INFO - Started process (PID=79931) to work on /home/airflow/.local/lib/python3.12/site-packages/airflow/example_dags/tutorial_taskflow_api_virtualenv.py
[2024-10-22T06:54:52.473+0000] {processor.py:914} INFO - Processing file /home/airflow/.local/lib/python3.12/site-packages/airflow/example_dags/tutorial_taskflow_api_virtualenv.py for tasks to queue
[2024-10-22T06:54:52.474+0000] {logging_mixin.py:190} INFO - [2024-10-22T06:54:52.474+0000] {dagbag.py:588} INFO - Filling up the DagBag from /home/airflow/.local/lib/python3.12/site-packages/airflow/example_dags/tutorial_taskflow_api_virtualenv.py
[2024-10-22T06:54:52.487+0000] {processor.py:925} INFO - DAG(s) 'tutorial_taskflow_api_virtualenv' retrieved from /home/airflow/.local/lib/python3.12/site-packages/airflow/example_dags/tutorial_taskflow_api_virtualenv.py
[2024-10-22T06:54:52.509+0000] {logging_mixin.py:190} INFO - [2024-10-22T06:54:52.509+0000] {dag.py:3239} INFO - Sync 1 DAGs
[2024-10-22T06:54:52.525+0000] {logging_mixin.py:190} INFO - [2024-10-22T06:54:52.525+0000] {dag.py:4180} INFO - Setting next_dagrun for tutorial_taskflow_api_virtualenv to None, run_after=None
[2024-10-22T06:54:52.542+0000] {processor.py:208} INFO - Processing /home/airflow/.local/lib/python3.12/site-packages/airflow/example_dags/tutorial_taskflow_api_virtualenv.py took 0.077 seconds
[2024-10-22T06:55:23.029+0000] {processor.py:186} INFO - Started process (PID=79998) to work on /home/airflow/.local/lib/python3.12/site-packages/airflow/example_dags/tutorial_taskflow_api_virtualenv.py
[2024-10-22T06:55:23.030+0000] {processor.py:914} INFO - Processing file /home/airflow/.local/lib/python3.12/site-packages/airflow/example_dags/tutorial_taskflow_api_virtualenv.py for tasks to queue
[2024-10-22T06:55:23.031+0000] {logging_mixin.py:190} INFO - [2024-10-22T06:55:23.031+0000] {dagbag.py:588} INFO - Filling up the DagBag from /home/airflow/.local/lib/python3.12/site-packages/airflow/example_dags/tutorial_taskflow_api_virtualenv.py
[2024-10-22T06:55:23.045+0000] {processor.py:925} INFO - DAG(s) 'tutorial_taskflow_api_virtualenv' retrieved from /home/airflow/.local/lib/python3.12/site-packages/airflow/example_dags/tutorial_taskflow_api_virtualenv.py
[2024-10-22T06:55:23.069+0000] {logging_mixin.py:190} INFO - [2024-10-22T06:55:23.069+0000] {dag.py:3239} INFO - Sync 1 DAGs
[2024-10-22T06:55:23.085+0000] {logging_mixin.py:190} INFO - [2024-10-22T06:55:23.085+0000] {dag.py:4180} INFO - Setting next_dagrun for tutorial_taskflow_api_virtualenv to None, run_after=None
[2024-10-22T06:55:23.102+0000] {processor.py:208} INFO - Processing /home/airflow/.local/lib/python3.12/site-packages/airflow/example_dags/tutorial_taskflow_api_virtualenv.py took 0.082 seconds
[2024-10-22T06:55:53.703+0000] {processor.py:186} INFO - Started process (PID=80065) to work on /home/airflow/.local/lib/python3.12/site-packages/airflow/example_dags/tutorial_taskflow_api_virtualenv.py
[2024-10-22T06:55:53.704+0000] {processor.py:914} INFO - Processing file /home/airflow/.local/lib/python3.12/site-packages/airflow/example_dags/tutorial_taskflow_api_virtualenv.py for tasks to queue
[2024-10-22T06:55:53.705+0000] {logging_mixin.py:190} INFO - [2024-10-22T06:55:53.705+0000] {dagbag.py:588} INFO - Filling up the DagBag from /home/airflow/.local/lib/python3.12/site-packages/airflow/example_dags/tutorial_taskflow_api_virtualenv.py
[2024-10-22T06:55:53.718+0000] {processor.py:925} INFO - DAG(s) 'tutorial_taskflow_api_virtualenv' retrieved from /home/airflow/.local/lib/python3.12/site-packages/airflow/example_dags/tutorial_taskflow_api_virtualenv.py
[2024-10-22T06:55:53.740+0000] {logging_mixin.py:190} INFO - [2024-10-22T06:55:53.739+0000] {dag.py:3239} INFO - Sync 1 DAGs
[2024-10-22T06:55:53.756+0000] {logging_mixin.py:190} INFO - [2024-10-22T06:55:53.756+0000] {dag.py:4180} INFO - Setting next_dagrun for tutorial_taskflow_api_virtualenv to None, run_after=None
[2024-10-22T06:55:53.773+0000] {processor.py:208} INFO - Processing /home/airflow/.local/lib/python3.12/site-packages/airflow/example_dags/tutorial_taskflow_api_virtualenv.py took 0.078 seconds
[2024-10-22T06:56:24.469+0000] {processor.py:186} INFO - Started process (PID=80132) to work on /home/airflow/.local/lib/python3.12/site-packages/airflow/example_dags/tutorial_taskflow_api_virtualenv.py
[2024-10-22T06:56:24.470+0000] {processor.py:914} INFO - Processing file /home/airflow/.local/lib/python3.12/site-packages/airflow/example_dags/tutorial_taskflow_api_virtualenv.py for tasks to queue
[2024-10-22T06:56:24.471+0000] {logging_mixin.py:190} INFO - [2024-10-22T06:56:24.471+0000] {dagbag.py:588} INFO - Filling up the DagBag from /home/airflow/.local/lib/python3.12/site-packages/airflow/example_dags/tutorial_taskflow_api_virtualenv.py
[2024-10-22T06:56:24.483+0000] {processor.py:925} INFO - DAG(s) 'tutorial_taskflow_api_virtualenv' retrieved from /home/airflow/.local/lib/python3.12/site-packages/airflow/example_dags/tutorial_taskflow_api_virtualenv.py
[2024-10-22T06:56:24.506+0000] {logging_mixin.py:190} INFO - [2024-10-22T06:56:24.506+0000] {dag.py:3239} INFO - Sync 1 DAGs
[2024-10-22T06:56:24.523+0000] {logging_mixin.py:190} INFO - [2024-10-22T06:56:24.523+0000] {dag.py:4180} INFO - Setting next_dagrun for tutorial_taskflow_api_virtualenv to None, run_after=None
[2024-10-22T06:56:24.540+0000] {processor.py:208} INFO - Processing /home/airflow/.local/lib/python3.12/site-packages/airflow/example_dags/tutorial_taskflow_api_virtualenv.py took 0.078 seconds
[2024-10-22T06:56:55.879+0000] {processor.py:186} INFO - Started process (PID=80199) to work on /home/airflow/.local/lib/python3.12/site-packages/airflow/example_dags/tutorial_taskflow_api_virtualenv.py
[2024-10-22T06:56:55.881+0000] {processor.py:914} INFO - Processing file /home/airflow/.local/lib/python3.12/site-packages/airflow/example_dags/tutorial_taskflow_api_virtualenv.py for tasks to queue
[2024-10-22T06:56:55.882+0000] {logging_mixin.py:190} INFO - [2024-10-22T06:56:55.882+0000] {dagbag.py:588} INFO - Filling up the DagBag from /home/airflow/.local/lib/python3.12/site-packages/airflow/example_dags/tutorial_taskflow_api_virtualenv.py
[2024-10-22T06:56:55.894+0000] {processor.py:925} INFO - DAG(s) 'tutorial_taskflow_api_virtualenv' retrieved from /home/airflow/.local/lib/python3.12/site-packages/airflow/example_dags/tutorial_taskflow_api_virtualenv.py
[2024-10-22T06:56:55.917+0000] {logging_mixin.py:190} INFO - [2024-10-22T06:56:55.917+0000] {dag.py:3239} INFO - Sync 1 DAGs
[2024-10-22T06:56:55.934+0000] {logging_mixin.py:190} INFO - [2024-10-22T06:56:55.933+0000] {dag.py:4180} INFO - Setting next_dagrun for tutorial_taskflow_api_virtualenv to None, run_after=None
[2024-10-22T06:56:55.952+0000] {processor.py:208} INFO - Processing /home/airflow/.local/lib/python3.12/site-packages/airflow/example_dags/tutorial_taskflow_api_virtualenv.py took 0.080 seconds
[2024-10-22T06:57:26.638+0000] {processor.py:186} INFO - Started process (PID=80266) to work on /home/airflow/.local/lib/python3.12/site-packages/airflow/example_dags/tutorial_taskflow_api_virtualenv.py
[2024-10-22T06:57:26.641+0000] {processor.py:914} INFO - Processing file /home/airflow/.local/lib/python3.12/site-packages/airflow/example_dags/tutorial_taskflow_api_virtualenv.py for tasks to queue
[2024-10-22T06:57:26.643+0000] {logging_mixin.py:190} INFO - [2024-10-22T06:57:26.643+0000] {dagbag.py:588} INFO - Filling up the DagBag from /home/airflow/.local/lib/python3.12/site-packages/airflow/example_dags/tutorial_taskflow_api_virtualenv.py
[2024-10-22T06:57:26.657+0000] {processor.py:925} INFO - DAG(s) 'tutorial_taskflow_api_virtualenv' retrieved from /home/airflow/.local/lib/python3.12/site-packages/airflow/example_dags/tutorial_taskflow_api_virtualenv.py
[2024-10-22T06:57:26.681+0000] {logging_mixin.py:190} INFO - [2024-10-22T06:57:26.680+0000] {dag.py:3239} INFO - Sync 1 DAGs
[2024-10-22T06:57:26.698+0000] {logging_mixin.py:190} INFO - [2024-10-22T06:57:26.698+0000] {dag.py:4180} INFO - Setting next_dagrun for tutorial_taskflow_api_virtualenv to None, run_after=None
[2024-10-22T06:57:26.718+0000] {processor.py:208} INFO - Processing /home/airflow/.local/lib/python3.12/site-packages/airflow/example_dags/tutorial_taskflow_api_virtualenv.py took 0.095 seconds
[2024-10-22T06:57:57.409+0000] {processor.py:186} INFO - Started process (PID=80333) to work on /home/airflow/.local/lib/python3.12/site-packages/airflow/example_dags/tutorial_taskflow_api_virtualenv.py
[2024-10-22T06:57:57.410+0000] {processor.py:914} INFO - Processing file /home/airflow/.local/lib/python3.12/site-packages/airflow/example_dags/tutorial_taskflow_api_virtualenv.py for tasks to queue
[2024-10-22T06:57:57.412+0000] {logging_mixin.py:190} INFO - [2024-10-22T06:57:57.411+0000] {dagbag.py:588} INFO - Filling up the DagBag from /home/airflow/.local/lib/python3.12/site-packages/airflow/example_dags/tutorial_taskflow_api_virtualenv.py
[2024-10-22T06:57:57.424+0000] {processor.py:925} INFO - DAG(s) 'tutorial_taskflow_api_virtualenv' retrieved from /home/airflow/.local/lib/python3.12/site-packages/airflow/example_dags/tutorial_taskflow_api_virtualenv.py
[2024-10-22T06:57:57.445+0000] {logging_mixin.py:190} INFO - [2024-10-22T06:57:57.444+0000] {dag.py:3239} INFO - Sync 1 DAGs
[2024-10-22T06:57:57.462+0000] {logging_mixin.py:190} INFO - [2024-10-22T06:57:57.462+0000] {dag.py:4180} INFO - Setting next_dagrun for tutorial_taskflow_api_virtualenv to None, run_after=None
[2024-10-22T06:57:57.481+0000] {processor.py:208} INFO - Processing /home/airflow/.local/lib/python3.12/site-packages/airflow/example_dags/tutorial_taskflow_api_virtualenv.py took 0.079 seconds
[2024-10-22T06:58:28.646+0000] {processor.py:186} INFO - Started process (PID=80400) to work on /home/airflow/.local/lib/python3.12/site-packages/airflow/example_dags/tutorial_taskflow_api_virtualenv.py
[2024-10-22T06:58:28.647+0000] {processor.py:914} INFO - Processing file /home/airflow/.local/lib/python3.12/site-packages/airflow/example_dags/tutorial_taskflow_api_virtualenv.py for tasks to queue
[2024-10-22T06:58:28.649+0000] {logging_mixin.py:190} INFO - [2024-10-22T06:58:28.648+0000] {dagbag.py:588} INFO - Filling up the DagBag from /home/airflow/.local/lib/python3.12/site-packages/airflow/example_dags/tutorial_taskflow_api_virtualenv.py
[2024-10-22T06:58:28.665+0000] {processor.py:925} INFO - DAG(s) 'tutorial_taskflow_api_virtualenv' retrieved from /home/airflow/.local/lib/python3.12/site-packages/airflow/example_dags/tutorial_taskflow_api_virtualenv.py
[2024-10-22T06:58:28.690+0000] {logging_mixin.py:190} INFO - [2024-10-22T06:58:28.689+0000] {dag.py:3239} INFO - Sync 1 DAGs
[2024-10-22T06:58:28.709+0000] {logging_mixin.py:190} INFO - [2024-10-22T06:58:28.709+0000] {dag.py:4180} INFO - Setting next_dagrun for tutorial_taskflow_api_virtualenv to None, run_after=None
[2024-10-22T06:58:28.730+0000] {processor.py:208} INFO - Processing /home/airflow/.local/lib/python3.12/site-packages/airflow/example_dags/tutorial_taskflow_api_virtualenv.py took 0.092 seconds
[2024-10-22T06:58:59.287+0000] {processor.py:186} INFO - Started process (PID=80467) to work on /home/airflow/.local/lib/python3.12/site-packages/airflow/example_dags/tutorial_taskflow_api_virtualenv.py
[2024-10-22T06:58:59.288+0000] {processor.py:914} INFO - Processing file /home/airflow/.local/lib/python3.12/site-packages/airflow/example_dags/tutorial_taskflow_api_virtualenv.py for tasks to queue
[2024-10-22T06:58:59.289+0000] {logging_mixin.py:190} INFO - [2024-10-22T06:58:59.289+0000] {dagbag.py:588} INFO - Filling up the DagBag from /home/airflow/.local/lib/python3.12/site-packages/airflow/example_dags/tutorial_taskflow_api_virtualenv.py
[2024-10-22T06:58:59.301+0000] {processor.py:925} INFO - DAG(s) 'tutorial_taskflow_api_virtualenv' retrieved from /home/airflow/.local/lib/python3.12/site-packages/airflow/example_dags/tutorial_taskflow_api_virtualenv.py
[2024-10-22T06:58:59.324+0000] {logging_mixin.py:190} INFO - [2024-10-22T06:58:59.323+0000] {dag.py:3239} INFO - Sync 1 DAGs
[2024-10-22T06:58:59.340+0000] {logging_mixin.py:190} INFO - [2024-10-22T06:58:59.339+0000] {dag.py:4180} INFO - Setting next_dagrun for tutorial_taskflow_api_virtualenv to None, run_after=None
[2024-10-22T06:58:59.357+0000] {processor.py:208} INFO - Processing /home/airflow/.local/lib/python3.12/site-packages/airflow/example_dags/tutorial_taskflow_api_virtualenv.py took 0.077 seconds
[2024-10-22T06:59:31.114+0000] {processor.py:186} INFO - Started process (PID=80534) to work on /home/airflow/.local/lib/python3.12/site-packages/airflow/example_dags/tutorial_taskflow_api_virtualenv.py
[2024-10-22T06:59:31.115+0000] {processor.py:914} INFO - Processing file /home/airflow/.local/lib/python3.12/site-packages/airflow/example_dags/tutorial_taskflow_api_virtualenv.py for tasks to queue
[2024-10-22T06:59:31.117+0000] {logging_mixin.py:190} INFO - [2024-10-22T06:59:31.116+0000] {dagbag.py:588} INFO - Filling up the DagBag from /home/airflow/.local/lib/python3.12/site-packages/airflow/example_dags/tutorial_taskflow_api_virtualenv.py
[2024-10-22T06:59:31.129+0000] {processor.py:925} INFO - DAG(s) 'tutorial_taskflow_api_virtualenv' retrieved from /home/airflow/.local/lib/python3.12/site-packages/airflow/example_dags/tutorial_taskflow_api_virtualenv.py
[2024-10-22T06:59:31.152+0000] {logging_mixin.py:190} INFO - [2024-10-22T06:59:31.151+0000] {dag.py:3239} INFO - Sync 1 DAGs
[2024-10-22T06:59:31.169+0000] {logging_mixin.py:190} INFO - [2024-10-22T06:59:31.168+0000] {dag.py:4180} INFO - Setting next_dagrun for tutorial_taskflow_api_virtualenv to None, run_after=None
[2024-10-22T06:59:31.186+0000] {processor.py:208} INFO - Processing /home/airflow/.local/lib/python3.12/site-packages/airflow/example_dags/tutorial_taskflow_api_virtualenv.py took 0.079 seconds
[2024-10-22T07:00:01.312+0000] {processor.py:186} INFO - Started process (PID=80601) to work on /home/airflow/.local/lib/python3.12/site-packages/airflow/example_dags/tutorial_taskflow_api_virtualenv.py
[2024-10-22T07:00:01.313+0000] {processor.py:914} INFO - Processing file /home/airflow/.local/lib/python3.12/site-packages/airflow/example_dags/tutorial_taskflow_api_virtualenv.py for tasks to queue
[2024-10-22T07:00:01.314+0000] {logging_mixin.py:190} INFO - [2024-10-22T07:00:01.314+0000] {dagbag.py:588} INFO - Filling up the DagBag from /home/airflow/.local/lib/python3.12/site-packages/airflow/example_dags/tutorial_taskflow_api_virtualenv.py
[2024-10-22T07:00:01.326+0000] {processor.py:925} INFO - DAG(s) 'tutorial_taskflow_api_virtualenv' retrieved from /home/airflow/.local/lib/python3.12/site-packages/airflow/example_dags/tutorial_taskflow_api_virtualenv.py
[2024-10-22T07:00:01.349+0000] {logging_mixin.py:190} INFO - [2024-10-22T07:00:01.348+0000] {dag.py:3239} INFO - Sync 1 DAGs
[2024-10-22T07:00:01.364+0000] {logging_mixin.py:190} INFO - [2024-10-22T07:00:01.364+0000] {dag.py:4180} INFO - Setting next_dagrun for tutorial_taskflow_api_virtualenv to None, run_after=None
[2024-10-22T07:00:01.382+0000] {processor.py:208} INFO - Processing /home/airflow/.local/lib/python3.12/site-packages/airflow/example_dags/tutorial_taskflow_api_virtualenv.py took 0.077 seconds
[2024-10-22T07:00:32.330+0000] {processor.py:186} INFO - Started process (PID=80668) to work on /home/airflow/.local/lib/python3.12/site-packages/airflow/example_dags/tutorial_taskflow_api_virtualenv.py
[2024-10-22T07:00:32.331+0000] {processor.py:914} INFO - Processing file /home/airflow/.local/lib/python3.12/site-packages/airflow/example_dags/tutorial_taskflow_api_virtualenv.py for tasks to queue
[2024-10-22T07:00:32.333+0000] {logging_mixin.py:190} INFO - [2024-10-22T07:00:32.332+0000] {dagbag.py:588} INFO - Filling up the DagBag from /home/airflow/.local/lib/python3.12/site-packages/airflow/example_dags/tutorial_taskflow_api_virtualenv.py
[2024-10-22T07:00:32.345+0000] {processor.py:925} INFO - DAG(s) 'tutorial_taskflow_api_virtualenv' retrieved from /home/airflow/.local/lib/python3.12/site-packages/airflow/example_dags/tutorial_taskflow_api_virtualenv.py
[2024-10-22T07:00:32.367+0000] {logging_mixin.py:190} INFO - [2024-10-22T07:00:32.367+0000] {dag.py:3239} INFO - Sync 1 DAGs
[2024-10-22T07:00:32.383+0000] {logging_mixin.py:190} INFO - [2024-10-22T07:00:32.383+0000] {dag.py:4180} INFO - Setting next_dagrun for tutorial_taskflow_api_virtualenv to None, run_after=None
[2024-10-22T07:00:32.401+0000] {processor.py:208} INFO - Processing /home/airflow/.local/lib/python3.12/site-packages/airflow/example_dags/tutorial_taskflow_api_virtualenv.py took 0.078 seconds
[2024-10-22T07:04:51.566+0000] {processor.py:186} INFO - Started process (PID=80746) to work on /home/airflow/.local/lib/python3.12/site-packages/airflow/example_dags/tutorial_taskflow_api_virtualenv.py
[2024-10-22T07:04:51.567+0000] {processor.py:914} INFO - Processing file /home/airflow/.local/lib/python3.12/site-packages/airflow/example_dags/tutorial_taskflow_api_virtualenv.py for tasks to queue
[2024-10-22T07:04:51.569+0000] {logging_mixin.py:190} INFO - [2024-10-22T07:04:51.568+0000] {dagbag.py:588} INFO - Filling up the DagBag from /home/airflow/.local/lib/python3.12/site-packages/airflow/example_dags/tutorial_taskflow_api_virtualenv.py
[2024-10-22T07:04:51.581+0000] {processor.py:925} INFO - DAG(s) 'tutorial_taskflow_api_virtualenv' retrieved from /home/airflow/.local/lib/python3.12/site-packages/airflow/example_dags/tutorial_taskflow_api_virtualenv.py
[2024-10-22T07:04:51.604+0000] {logging_mixin.py:190} INFO - [2024-10-22T07:04:51.604+0000] {dag.py:3239} INFO - Sync 1 DAGs
[2024-10-22T07:04:51.626+0000] {logging_mixin.py:190} INFO - [2024-10-22T07:04:51.626+0000] {dag.py:4180} INFO - Setting next_dagrun for tutorial_taskflow_api_virtualenv to None, run_after=None
[2024-10-22T07:04:51.651+0000] {processor.py:208} INFO - Processing /home/airflow/.local/lib/python3.12/site-packages/airflow/example_dags/tutorial_taskflow_api_virtualenv.py took 0.092 seconds
[2024-10-22T07:05:21.746+0000] {processor.py:186} INFO - Started process (PID=80813) to work on /home/airflow/.local/lib/python3.12/site-packages/airflow/example_dags/tutorial_taskflow_api_virtualenv.py
[2024-10-22T07:05:21.747+0000] {processor.py:914} INFO - Processing file /home/airflow/.local/lib/python3.12/site-packages/airflow/example_dags/tutorial_taskflow_api_virtualenv.py for tasks to queue
[2024-10-22T07:05:21.749+0000] {logging_mixin.py:190} INFO - [2024-10-22T07:05:21.748+0000] {dagbag.py:588} INFO - Filling up the DagBag from /home/airflow/.local/lib/python3.12/site-packages/airflow/example_dags/tutorial_taskflow_api_virtualenv.py
[2024-10-22T07:05:21.761+0000] {processor.py:925} INFO - DAG(s) 'tutorial_taskflow_api_virtualenv' retrieved from /home/airflow/.local/lib/python3.12/site-packages/airflow/example_dags/tutorial_taskflow_api_virtualenv.py
[2024-10-22T07:05:21.784+0000] {logging_mixin.py:190} INFO - [2024-10-22T07:05:21.784+0000] {dag.py:3239} INFO - Sync 1 DAGs
[2024-10-22T07:05:21.801+0000] {logging_mixin.py:190} INFO - [2024-10-22T07:05:21.801+0000] {dag.py:4180} INFO - Setting next_dagrun for tutorial_taskflow_api_virtualenv to None, run_after=None
[2024-10-22T07:05:21.820+0000] {processor.py:208} INFO - Processing /home/airflow/.local/lib/python3.12/site-packages/airflow/example_dags/tutorial_taskflow_api_virtualenv.py took 0.081 seconds
[2024-10-22T07:05:52.360+0000] {processor.py:186} INFO - Started process (PID=80880) to work on /home/airflow/.local/lib/python3.12/site-packages/airflow/example_dags/tutorial_taskflow_api_virtualenv.py
[2024-10-22T07:05:52.361+0000] {processor.py:914} INFO - Processing file /home/airflow/.local/lib/python3.12/site-packages/airflow/example_dags/tutorial_taskflow_api_virtualenv.py for tasks to queue
[2024-10-22T07:05:52.362+0000] {logging_mixin.py:190} INFO - [2024-10-22T07:05:52.362+0000] {dagbag.py:588} INFO - Filling up the DagBag from /home/airflow/.local/lib/python3.12/site-packages/airflow/example_dags/tutorial_taskflow_api_virtualenv.py
[2024-10-22T07:05:52.374+0000] {processor.py:925} INFO - DAG(s) 'tutorial_taskflow_api_virtualenv' retrieved from /home/airflow/.local/lib/python3.12/site-packages/airflow/example_dags/tutorial_taskflow_api_virtualenv.py
[2024-10-22T07:05:52.399+0000] {logging_mixin.py:190} INFO - [2024-10-22T07:05:52.398+0000] {dag.py:3239} INFO - Sync 1 DAGs
[2024-10-22T07:05:52.416+0000] {logging_mixin.py:190} INFO - [2024-10-22T07:05:52.415+0000] {dag.py:4180} INFO - Setting next_dagrun for tutorial_taskflow_api_virtualenv to None, run_after=None
[2024-10-22T07:05:52.434+0000] {processor.py:208} INFO - Processing /home/airflow/.local/lib/python3.12/site-packages/airflow/example_dags/tutorial_taskflow_api_virtualenv.py took 0.081 seconds
[2024-10-22T07:06:22.964+0000] {processor.py:186} INFO - Started process (PID=80947) to work on /home/airflow/.local/lib/python3.12/site-packages/airflow/example_dags/tutorial_taskflow_api_virtualenv.py
[2024-10-22T07:06:22.965+0000] {processor.py:914} INFO - Processing file /home/airflow/.local/lib/python3.12/site-packages/airflow/example_dags/tutorial_taskflow_api_virtualenv.py for tasks to queue
[2024-10-22T07:06:22.967+0000] {logging_mixin.py:190} INFO - [2024-10-22T07:06:22.966+0000] {dagbag.py:588} INFO - Filling up the DagBag from /home/airflow/.local/lib/python3.12/site-packages/airflow/example_dags/tutorial_taskflow_api_virtualenv.py
[2024-10-22T07:06:22.980+0000] {processor.py:925} INFO - DAG(s) 'tutorial_taskflow_api_virtualenv' retrieved from /home/airflow/.local/lib/python3.12/site-packages/airflow/example_dags/tutorial_taskflow_api_virtualenv.py
[2024-10-22T07:06:23.004+0000] {logging_mixin.py:190} INFO - [2024-10-22T07:06:23.003+0000] {dag.py:3239} INFO - Sync 1 DAGs
[2024-10-22T07:06:23.022+0000] {logging_mixin.py:190} INFO - [2024-10-22T07:06:23.022+0000] {dag.py:4180} INFO - Setting next_dagrun for tutorial_taskflow_api_virtualenv to None, run_after=None
[2024-10-22T07:06:23.043+0000] {processor.py:208} INFO - Processing /home/airflow/.local/lib/python3.12/site-packages/airflow/example_dags/tutorial_taskflow_api_virtualenv.py took 0.087 seconds
[2024-10-22T07:06:53.398+0000] {processor.py:186} INFO - Started process (PID=81014) to work on /home/airflow/.local/lib/python3.12/site-packages/airflow/example_dags/tutorial_taskflow_api_virtualenv.py
[2024-10-22T07:06:53.399+0000] {processor.py:914} INFO - Processing file /home/airflow/.local/lib/python3.12/site-packages/airflow/example_dags/tutorial_taskflow_api_virtualenv.py for tasks to queue
[2024-10-22T07:06:53.401+0000] {logging_mixin.py:190} INFO - [2024-10-22T07:06:53.400+0000] {dagbag.py:588} INFO - Filling up the DagBag from /home/airflow/.local/lib/python3.12/site-packages/airflow/example_dags/tutorial_taskflow_api_virtualenv.py
[2024-10-22T07:06:53.414+0000] {processor.py:925} INFO - DAG(s) 'tutorial_taskflow_api_virtualenv' retrieved from /home/airflow/.local/lib/python3.12/site-packages/airflow/example_dags/tutorial_taskflow_api_virtualenv.py
[2024-10-22T07:06:53.436+0000] {logging_mixin.py:190} INFO - [2024-10-22T07:06:53.436+0000] {dag.py:3239} INFO - Sync 1 DAGs
[2024-10-22T07:06:53.453+0000] {logging_mixin.py:190} INFO - [2024-10-22T07:06:53.453+0000] {dag.py:4180} INFO - Setting next_dagrun for tutorial_taskflow_api_virtualenv to None, run_after=None
[2024-10-22T07:06:53.471+0000] {processor.py:208} INFO - Processing /home/airflow/.local/lib/python3.12/site-packages/airflow/example_dags/tutorial_taskflow_api_virtualenv.py took 0.080 seconds
[2024-10-22T07:07:24.617+0000] {processor.py:186} INFO - Started process (PID=81081) to work on /home/airflow/.local/lib/python3.12/site-packages/airflow/example_dags/tutorial_taskflow_api_virtualenv.py
[2024-10-22T07:07:24.618+0000] {processor.py:914} INFO - Processing file /home/airflow/.local/lib/python3.12/site-packages/airflow/example_dags/tutorial_taskflow_api_virtualenv.py for tasks to queue
[2024-10-22T07:07:24.620+0000] {logging_mixin.py:190} INFO - [2024-10-22T07:07:24.619+0000] {dagbag.py:588} INFO - Filling up the DagBag from /home/airflow/.local/lib/python3.12/site-packages/airflow/example_dags/tutorial_taskflow_api_virtualenv.py
[2024-10-22T07:07:24.633+0000] {processor.py:925} INFO - DAG(s) 'tutorial_taskflow_api_virtualenv' retrieved from /home/airflow/.local/lib/python3.12/site-packages/airflow/example_dags/tutorial_taskflow_api_virtualenv.py
[2024-10-22T07:07:24.654+0000] {logging_mixin.py:190} INFO - [2024-10-22T07:07:24.654+0000] {dag.py:3239} INFO - Sync 1 DAGs
[2024-10-22T07:07:24.671+0000] {logging_mixin.py:190} INFO - [2024-10-22T07:07:24.671+0000] {dag.py:4180} INFO - Setting next_dagrun for tutorial_taskflow_api_virtualenv to None, run_after=None
[2024-10-22T07:07:24.691+0000] {processor.py:208} INFO - Processing /home/airflow/.local/lib/python3.12/site-packages/airflow/example_dags/tutorial_taskflow_api_virtualenv.py took 0.084 seconds
[2024-10-22T07:07:54.952+0000] {processor.py:186} INFO - Started process (PID=81148) to work on /home/airflow/.local/lib/python3.12/site-packages/airflow/example_dags/tutorial_taskflow_api_virtualenv.py
[2024-10-22T07:07:54.953+0000] {processor.py:914} INFO - Processing file /home/airflow/.local/lib/python3.12/site-packages/airflow/example_dags/tutorial_taskflow_api_virtualenv.py for tasks to queue
[2024-10-22T07:07:54.955+0000] {logging_mixin.py:190} INFO - [2024-10-22T07:07:54.954+0000] {dagbag.py:588} INFO - Filling up the DagBag from /home/airflow/.local/lib/python3.12/site-packages/airflow/example_dags/tutorial_taskflow_api_virtualenv.py
[2024-10-22T07:07:54.967+0000] {processor.py:925} INFO - DAG(s) 'tutorial_taskflow_api_virtualenv' retrieved from /home/airflow/.local/lib/python3.12/site-packages/airflow/example_dags/tutorial_taskflow_api_virtualenv.py
[2024-10-22T07:07:54.988+0000] {logging_mixin.py:190} INFO - [2024-10-22T07:07:54.988+0000] {dag.py:3239} INFO - Sync 1 DAGs
[2024-10-22T07:07:55.004+0000] {logging_mixin.py:190} INFO - [2024-10-22T07:07:55.003+0000] {dag.py:4180} INFO - Setting next_dagrun for tutorial_taskflow_api_virtualenv to None, run_after=None
[2024-10-22T07:07:55.021+0000] {processor.py:208} INFO - Processing /home/airflow/.local/lib/python3.12/site-packages/airflow/example_dags/tutorial_taskflow_api_virtualenv.py took 0.076 seconds
[2024-10-22T07:08:25.260+0000] {processor.py:186} INFO - Started process (PID=81215) to work on /home/airflow/.local/lib/python3.12/site-packages/airflow/example_dags/tutorial_taskflow_api_virtualenv.py
[2024-10-22T07:08:25.261+0000] {processor.py:914} INFO - Processing file /home/airflow/.local/lib/python3.12/site-packages/airflow/example_dags/tutorial_taskflow_api_virtualenv.py for tasks to queue
[2024-10-22T07:08:25.262+0000] {logging_mixin.py:190} INFO - [2024-10-22T07:08:25.262+0000] {dagbag.py:588} INFO - Filling up the DagBag from /home/airflow/.local/lib/python3.12/site-packages/airflow/example_dags/tutorial_taskflow_api_virtualenv.py
[2024-10-22T07:08:25.272+0000] {processor.py:925} INFO - DAG(s) 'tutorial_taskflow_api_virtualenv' retrieved from /home/airflow/.local/lib/python3.12/site-packages/airflow/example_dags/tutorial_taskflow_api_virtualenv.py
[2024-10-22T07:08:25.292+0000] {logging_mixin.py:190} INFO - [2024-10-22T07:08:25.292+0000] {dag.py:3239} INFO - Sync 1 DAGs
[2024-10-22T07:08:25.306+0000] {logging_mixin.py:190} INFO - [2024-10-22T07:08:25.306+0000] {dag.py:4180} INFO - Setting next_dagrun for tutorial_taskflow_api_virtualenv to None, run_after=None
[2024-10-22T07:08:25.322+0000] {processor.py:208} INFO - Processing /home/airflow/.local/lib/python3.12/site-packages/airflow/example_dags/tutorial_taskflow_api_virtualenv.py took 0.068 seconds
[2024-10-22T07:08:55.577+0000] {processor.py:186} INFO - Started process (PID=81282) to work on /home/airflow/.local/lib/python3.12/site-packages/airflow/example_dags/tutorial_taskflow_api_virtualenv.py
[2024-10-22T07:08:55.578+0000] {processor.py:914} INFO - Processing file /home/airflow/.local/lib/python3.12/site-packages/airflow/example_dags/tutorial_taskflow_api_virtualenv.py for tasks to queue
[2024-10-22T07:08:55.580+0000] {logging_mixin.py:190} INFO - [2024-10-22T07:08:55.579+0000] {dagbag.py:588} INFO - Filling up the DagBag from /home/airflow/.local/lib/python3.12/site-packages/airflow/example_dags/tutorial_taskflow_api_virtualenv.py
[2024-10-22T07:08:55.591+0000] {processor.py:925} INFO - DAG(s) 'tutorial_taskflow_api_virtualenv' retrieved from /home/airflow/.local/lib/python3.12/site-packages/airflow/example_dags/tutorial_taskflow_api_virtualenv.py
[2024-10-22T07:08:55.614+0000] {logging_mixin.py:190} INFO - [2024-10-22T07:08:55.614+0000] {dag.py:3239} INFO - Sync 1 DAGs
[2024-10-22T07:08:55.630+0000] {logging_mixin.py:190} INFO - [2024-10-22T07:08:55.630+0000] {dag.py:4180} INFO - Setting next_dagrun for tutorial_taskflow_api_virtualenv to None, run_after=None
[2024-10-22T07:08:55.648+0000] {processor.py:208} INFO - Processing /home/airflow/.local/lib/python3.12/site-packages/airflow/example_dags/tutorial_taskflow_api_virtualenv.py took 0.078 seconds
[2024-10-22T07:09:26.554+0000] {processor.py:186} INFO - Started process (PID=81349) to work on /home/airflow/.local/lib/python3.12/site-packages/airflow/example_dags/tutorial_taskflow_api_virtualenv.py
[2024-10-22T07:09:26.555+0000] {processor.py:914} INFO - Processing file /home/airflow/.local/lib/python3.12/site-packages/airflow/example_dags/tutorial_taskflow_api_virtualenv.py for tasks to queue
[2024-10-22T07:09:26.556+0000] {logging_mixin.py:190} INFO - [2024-10-22T07:09:26.556+0000] {dagbag.py:588} INFO - Filling up the DagBag from /home/airflow/.local/lib/python3.12/site-packages/airflow/example_dags/tutorial_taskflow_api_virtualenv.py
[2024-10-22T07:09:26.569+0000] {processor.py:925} INFO - DAG(s) 'tutorial_taskflow_api_virtualenv' retrieved from /home/airflow/.local/lib/python3.12/site-packages/airflow/example_dags/tutorial_taskflow_api_virtualenv.py
[2024-10-22T07:09:26.593+0000] {logging_mixin.py:190} INFO - [2024-10-22T07:09:26.593+0000] {dag.py:3239} INFO - Sync 1 DAGs
[2024-10-22T07:09:26.609+0000] {logging_mixin.py:190} INFO - [2024-10-22T07:09:26.609+0000] {dag.py:4180} INFO - Setting next_dagrun for tutorial_taskflow_api_virtualenv to None, run_after=None
[2024-10-22T07:09:26.626+0000] {processor.py:208} INFO - Processing /home/airflow/.local/lib/python3.12/site-packages/airflow/example_dags/tutorial_taskflow_api_virtualenv.py took 0.079 seconds
[2024-10-22T07:09:57.545+0000] {processor.py:186} INFO - Started process (PID=81415) to work on /home/airflow/.local/lib/python3.12/site-packages/airflow/example_dags/tutorial_taskflow_api_virtualenv.py
[2024-10-22T07:09:57.547+0000] {processor.py:914} INFO - Processing file /home/airflow/.local/lib/python3.12/site-packages/airflow/example_dags/tutorial_taskflow_api_virtualenv.py for tasks to queue
[2024-10-22T07:09:57.548+0000] {logging_mixin.py:190} INFO - [2024-10-22T07:09:57.548+0000] {dagbag.py:588} INFO - Filling up the DagBag from /home/airflow/.local/lib/python3.12/site-packages/airflow/example_dags/tutorial_taskflow_api_virtualenv.py
[2024-10-22T07:09:57.563+0000] {processor.py:925} INFO - DAG(s) 'tutorial_taskflow_api_virtualenv' retrieved from /home/airflow/.local/lib/python3.12/site-packages/airflow/example_dags/tutorial_taskflow_api_virtualenv.py
[2024-10-22T07:09:57.587+0000] {logging_mixin.py:190} INFO - [2024-10-22T07:09:57.586+0000] {dag.py:3239} INFO - Sync 1 DAGs
[2024-10-22T07:09:57.629+0000] {logging_mixin.py:190} INFO - [2024-10-22T07:09:57.629+0000] {dag.py:4180} INFO - Setting next_dagrun for tutorial_taskflow_api_virtualenv to None, run_after=None
[2024-10-22T07:09:57.650+0000] {processor.py:208} INFO - Processing /home/airflow/.local/lib/python3.12/site-packages/airflow/example_dags/tutorial_taskflow_api_virtualenv.py took 0.113 seconds
[2024-10-22T07:10:27.931+0000] {processor.py:186} INFO - Started process (PID=81481) to work on /home/airflow/.local/lib/python3.12/site-packages/airflow/example_dags/tutorial_taskflow_api_virtualenv.py
[2024-10-22T07:10:27.932+0000] {processor.py:914} INFO - Processing file /home/airflow/.local/lib/python3.12/site-packages/airflow/example_dags/tutorial_taskflow_api_virtualenv.py for tasks to queue
[2024-10-22T07:10:27.934+0000] {logging_mixin.py:190} INFO - [2024-10-22T07:10:27.933+0000] {dagbag.py:588} INFO - Filling up the DagBag from /home/airflow/.local/lib/python3.12/site-packages/airflow/example_dags/tutorial_taskflow_api_virtualenv.py
[2024-10-22T07:10:27.946+0000] {processor.py:925} INFO - DAG(s) 'tutorial_taskflow_api_virtualenv' retrieved from /home/airflow/.local/lib/python3.12/site-packages/airflow/example_dags/tutorial_taskflow_api_virtualenv.py
[2024-10-22T07:10:27.969+0000] {logging_mixin.py:190} INFO - [2024-10-22T07:10:27.969+0000] {dag.py:3239} INFO - Sync 1 DAGs
[2024-10-22T07:10:27.985+0000] {logging_mixin.py:190} INFO - [2024-10-22T07:10:27.985+0000] {dag.py:4180} INFO - Setting next_dagrun for tutorial_taskflow_api_virtualenv to None, run_after=None
[2024-10-22T07:10:28.002+0000] {processor.py:208} INFO - Processing /home/airflow/.local/lib/python3.12/site-packages/airflow/example_dags/tutorial_taskflow_api_virtualenv.py took 0.078 seconds
[2024-10-22T07:10:58.319+0000] {processor.py:186} INFO - Started process (PID=81548) to work on /home/airflow/.local/lib/python3.12/site-packages/airflow/example_dags/tutorial_taskflow_api_virtualenv.py
[2024-10-22T07:10:58.320+0000] {processor.py:914} INFO - Processing file /home/airflow/.local/lib/python3.12/site-packages/airflow/example_dags/tutorial_taskflow_api_virtualenv.py for tasks to queue
[2024-10-22T07:10:58.322+0000] {logging_mixin.py:190} INFO - [2024-10-22T07:10:58.321+0000] {dagbag.py:588} INFO - Filling up the DagBag from /home/airflow/.local/lib/python3.12/site-packages/airflow/example_dags/tutorial_taskflow_api_virtualenv.py
[2024-10-22T07:10:58.333+0000] {processor.py:925} INFO - DAG(s) 'tutorial_taskflow_api_virtualenv' retrieved from /home/airflow/.local/lib/python3.12/site-packages/airflow/example_dags/tutorial_taskflow_api_virtualenv.py
[2024-10-22T07:10:58.355+0000] {logging_mixin.py:190} INFO - [2024-10-22T07:10:58.354+0000] {dag.py:3239} INFO - Sync 1 DAGs
[2024-10-22T07:10:58.371+0000] {logging_mixin.py:190} INFO - [2024-10-22T07:10:58.371+0000] {dag.py:4180} INFO - Setting next_dagrun for tutorial_taskflow_api_virtualenv to None, run_after=None
[2024-10-22T07:10:58.391+0000] {processor.py:208} INFO - Processing /home/airflow/.local/lib/python3.12/site-packages/airflow/example_dags/tutorial_taskflow_api_virtualenv.py took 0.080 seconds
[2024-10-22T07:11:28.696+0000] {processor.py:186} INFO - Started process (PID=81615) to work on /home/airflow/.local/lib/python3.12/site-packages/airflow/example_dags/tutorial_taskflow_api_virtualenv.py
[2024-10-22T07:11:28.697+0000] {processor.py:914} INFO - Processing file /home/airflow/.local/lib/python3.12/site-packages/airflow/example_dags/tutorial_taskflow_api_virtualenv.py for tasks to queue
[2024-10-22T07:11:28.699+0000] {logging_mixin.py:190} INFO - [2024-10-22T07:11:28.699+0000] {dagbag.py:588} INFO - Filling up the DagBag from /home/airflow/.local/lib/python3.12/site-packages/airflow/example_dags/tutorial_taskflow_api_virtualenv.py
[2024-10-22T07:11:28.711+0000] {processor.py:925} INFO - DAG(s) 'tutorial_taskflow_api_virtualenv' retrieved from /home/airflow/.local/lib/python3.12/site-packages/airflow/example_dags/tutorial_taskflow_api_virtualenv.py
[2024-10-22T07:11:28.736+0000] {logging_mixin.py:190} INFO - [2024-10-22T07:11:28.735+0000] {dag.py:3239} INFO - Sync 1 DAGs
[2024-10-22T07:11:28.752+0000] {logging_mixin.py:190} INFO - [2024-10-22T07:11:28.752+0000] {dag.py:4180} INFO - Setting next_dagrun for tutorial_taskflow_api_virtualenv to None, run_after=None
[2024-10-22T07:11:28.772+0000] {processor.py:208} INFO - Processing /home/airflow/.local/lib/python3.12/site-packages/airflow/example_dags/tutorial_taskflow_api_virtualenv.py took 0.083 seconds
[2024-10-22T07:11:59.177+0000] {processor.py:186} INFO - Started process (PID=81682) to work on /home/airflow/.local/lib/python3.12/site-packages/airflow/example_dags/tutorial_taskflow_api_virtualenv.py
[2024-10-22T07:11:59.178+0000] {processor.py:914} INFO - Processing file /home/airflow/.local/lib/python3.12/site-packages/airflow/example_dags/tutorial_taskflow_api_virtualenv.py for tasks to queue
[2024-10-22T07:11:59.179+0000] {logging_mixin.py:190} INFO - [2024-10-22T07:11:59.179+0000] {dagbag.py:588} INFO - Filling up the DagBag from /home/airflow/.local/lib/python3.12/site-packages/airflow/example_dags/tutorial_taskflow_api_virtualenv.py
[2024-10-22T07:11:59.191+0000] {processor.py:925} INFO - DAG(s) 'tutorial_taskflow_api_virtualenv' retrieved from /home/airflow/.local/lib/python3.12/site-packages/airflow/example_dags/tutorial_taskflow_api_virtualenv.py
[2024-10-22T07:11:59.214+0000] {logging_mixin.py:190} INFO - [2024-10-22T07:11:59.214+0000] {dag.py:3239} INFO - Sync 1 DAGs
[2024-10-22T07:11:59.230+0000] {logging_mixin.py:190} INFO - [2024-10-22T07:11:59.230+0000] {dag.py:4180} INFO - Setting next_dagrun for tutorial_taskflow_api_virtualenv to None, run_after=None
[2024-10-22T07:11:59.248+0000] {processor.py:208} INFO - Processing /home/airflow/.local/lib/python3.12/site-packages/airflow/example_dags/tutorial_taskflow_api_virtualenv.py took 0.078 seconds
[2024-10-22T07:12:29.633+0000] {processor.py:186} INFO - Started process (PID=81749) to work on /home/airflow/.local/lib/python3.12/site-packages/airflow/example_dags/tutorial_taskflow_api_virtualenv.py
[2024-10-22T07:12:29.634+0000] {processor.py:914} INFO - Processing file /home/airflow/.local/lib/python3.12/site-packages/airflow/example_dags/tutorial_taskflow_api_virtualenv.py for tasks to queue
[2024-10-22T07:12:29.635+0000] {logging_mixin.py:190} INFO - [2024-10-22T07:12:29.635+0000] {dagbag.py:588} INFO - Filling up the DagBag from /home/airflow/.local/lib/python3.12/site-packages/airflow/example_dags/tutorial_taskflow_api_virtualenv.py
[2024-10-22T07:12:29.648+0000] {processor.py:925} INFO - DAG(s) 'tutorial_taskflow_api_virtualenv' retrieved from /home/airflow/.local/lib/python3.12/site-packages/airflow/example_dags/tutorial_taskflow_api_virtualenv.py
[2024-10-22T07:12:29.671+0000] {logging_mixin.py:190} INFO - [2024-10-22T07:12:29.671+0000] {dag.py:3239} INFO - Sync 1 DAGs
[2024-10-22T07:12:29.687+0000] {logging_mixin.py:190} INFO - [2024-10-22T07:12:29.687+0000] {dag.py:4180} INFO - Setting next_dagrun for tutorial_taskflow_api_virtualenv to None, run_after=None
[2024-10-22T07:12:29.705+0000] {processor.py:208} INFO - Processing /home/airflow/.local/lib/python3.12/site-packages/airflow/example_dags/tutorial_taskflow_api_virtualenv.py took 0.080 seconds
[2024-10-22T07:13:00.306+0000] {processor.py:186} INFO - Started process (PID=81816) to work on /home/airflow/.local/lib/python3.12/site-packages/airflow/example_dags/tutorial_taskflow_api_virtualenv.py
[2024-10-22T07:13:00.307+0000] {processor.py:914} INFO - Processing file /home/airflow/.local/lib/python3.12/site-packages/airflow/example_dags/tutorial_taskflow_api_virtualenv.py for tasks to queue
[2024-10-22T07:13:00.309+0000] {logging_mixin.py:190} INFO - [2024-10-22T07:13:00.308+0000] {dagbag.py:588} INFO - Filling up the DagBag from /home/airflow/.local/lib/python3.12/site-packages/airflow/example_dags/tutorial_taskflow_api_virtualenv.py
[2024-10-22T07:13:00.321+0000] {processor.py:925} INFO - DAG(s) 'tutorial_taskflow_api_virtualenv' retrieved from /home/airflow/.local/lib/python3.12/site-packages/airflow/example_dags/tutorial_taskflow_api_virtualenv.py
[2024-10-22T07:13:00.345+0000] {logging_mixin.py:190} INFO - [2024-10-22T07:13:00.345+0000] {dag.py:3239} INFO - Sync 1 DAGs
[2024-10-22T07:13:00.361+0000] {logging_mixin.py:190} INFO - [2024-10-22T07:13:00.361+0000] {dag.py:4180} INFO - Setting next_dagrun for tutorial_taskflow_api_virtualenv to None, run_after=None
[2024-10-22T07:13:00.403+0000] {processor.py:208} INFO - Processing /home/airflow/.local/lib/python3.12/site-packages/airflow/example_dags/tutorial_taskflow_api_virtualenv.py took 0.104 seconds
[2024-10-22T07:13:30.627+0000] {processor.py:186} INFO - Started process (PID=81883) to work on /home/airflow/.local/lib/python3.12/site-packages/airflow/example_dags/tutorial_taskflow_api_virtualenv.py
[2024-10-22T07:13:30.628+0000] {processor.py:914} INFO - Processing file /home/airflow/.local/lib/python3.12/site-packages/airflow/example_dags/tutorial_taskflow_api_virtualenv.py for tasks to queue
[2024-10-22T07:13:30.629+0000] {logging_mixin.py:190} INFO - [2024-10-22T07:13:30.629+0000] {dagbag.py:588} INFO - Filling up the DagBag from /home/airflow/.local/lib/python3.12/site-packages/airflow/example_dags/tutorial_taskflow_api_virtualenv.py
[2024-10-22T07:13:30.642+0000] {processor.py:925} INFO - DAG(s) 'tutorial_taskflow_api_virtualenv' retrieved from /home/airflow/.local/lib/python3.12/site-packages/airflow/example_dags/tutorial_taskflow_api_virtualenv.py
[2024-10-22T07:13:30.666+0000] {logging_mixin.py:190} INFO - [2024-10-22T07:13:30.666+0000] {dag.py:3239} INFO - Sync 1 DAGs
[2024-10-22T07:13:30.685+0000] {logging_mixin.py:190} INFO - [2024-10-22T07:13:30.684+0000] {dag.py:4180} INFO - Setting next_dagrun for tutorial_taskflow_api_virtualenv to None, run_after=None
[2024-10-22T07:13:30.704+0000] {processor.py:208} INFO - Processing /home/airflow/.local/lib/python3.12/site-packages/airflow/example_dags/tutorial_taskflow_api_virtualenv.py took 0.085 seconds
[2024-10-22T07:14:01.153+0000] {processor.py:186} INFO - Started process (PID=81950) to work on /home/airflow/.local/lib/python3.12/site-packages/airflow/example_dags/tutorial_taskflow_api_virtualenv.py
[2024-10-22T07:14:01.155+0000] {processor.py:914} INFO - Processing file /home/airflow/.local/lib/python3.12/site-packages/airflow/example_dags/tutorial_taskflow_api_virtualenv.py for tasks to queue
[2024-10-22T07:14:01.156+0000] {logging_mixin.py:190} INFO - [2024-10-22T07:14:01.156+0000] {dagbag.py:588} INFO - Filling up the DagBag from /home/airflow/.local/lib/python3.12/site-packages/airflow/example_dags/tutorial_taskflow_api_virtualenv.py
[2024-10-22T07:14:01.169+0000] {processor.py:925} INFO - DAG(s) 'tutorial_taskflow_api_virtualenv' retrieved from /home/airflow/.local/lib/python3.12/site-packages/airflow/example_dags/tutorial_taskflow_api_virtualenv.py
[2024-10-22T07:14:01.194+0000] {logging_mixin.py:190} INFO - [2024-10-22T07:14:01.194+0000] {dag.py:3239} INFO - Sync 1 DAGs
[2024-10-22T07:14:01.210+0000] {logging_mixin.py:190} INFO - [2024-10-22T07:14:01.210+0000] {dag.py:4180} INFO - Setting next_dagrun for tutorial_taskflow_api_virtualenv to None, run_after=None
[2024-10-22T07:14:01.225+0000] {processor.py:208} INFO - Processing /home/airflow/.local/lib/python3.12/site-packages/airflow/example_dags/tutorial_taskflow_api_virtualenv.py took 0.079 seconds
[2024-10-22T07:14:31.799+0000] {processor.py:186} INFO - Started process (PID=82017) to work on /home/airflow/.local/lib/python3.12/site-packages/airflow/example_dags/tutorial_taskflow_api_virtualenv.py
[2024-10-22T07:14:31.800+0000] {processor.py:914} INFO - Processing file /home/airflow/.local/lib/python3.12/site-packages/airflow/example_dags/tutorial_taskflow_api_virtualenv.py for tasks to queue
[2024-10-22T07:14:31.802+0000] {logging_mixin.py:190} INFO - [2024-10-22T07:14:31.801+0000] {dagbag.py:588} INFO - Filling up the DagBag from /home/airflow/.local/lib/python3.12/site-packages/airflow/example_dags/tutorial_taskflow_api_virtualenv.py
[2024-10-22T07:14:31.813+0000] {processor.py:925} INFO - DAG(s) 'tutorial_taskflow_api_virtualenv' retrieved from /home/airflow/.local/lib/python3.12/site-packages/airflow/example_dags/tutorial_taskflow_api_virtualenv.py
[2024-10-22T07:14:31.836+0000] {logging_mixin.py:190} INFO - [2024-10-22T07:14:31.836+0000] {dag.py:3239} INFO - Sync 1 DAGs
[2024-10-22T07:14:31.852+0000] {logging_mixin.py:190} INFO - [2024-10-22T07:14:31.852+0000] {dag.py:4180} INFO - Setting next_dagrun for tutorial_taskflow_api_virtualenv to None, run_after=None
[2024-10-22T07:14:31.869+0000] {processor.py:208} INFO - Processing /home/airflow/.local/lib/python3.12/site-packages/airflow/example_dags/tutorial_taskflow_api_virtualenv.py took 0.078 seconds
[2024-10-22T07:15:02.172+0000] {processor.py:186} INFO - Started process (PID=82084) to work on /home/airflow/.local/lib/python3.12/site-packages/airflow/example_dags/tutorial_taskflow_api_virtualenv.py
[2024-10-22T07:15:02.173+0000] {processor.py:914} INFO - Processing file /home/airflow/.local/lib/python3.12/site-packages/airflow/example_dags/tutorial_taskflow_api_virtualenv.py for tasks to queue
[2024-10-22T07:15:02.174+0000] {logging_mixin.py:190} INFO - [2024-10-22T07:15:02.174+0000] {dagbag.py:588} INFO - Filling up the DagBag from /home/airflow/.local/lib/python3.12/site-packages/airflow/example_dags/tutorial_taskflow_api_virtualenv.py
[2024-10-22T07:15:02.188+0000] {processor.py:925} INFO - DAG(s) 'tutorial_taskflow_api_virtualenv' retrieved from /home/airflow/.local/lib/python3.12/site-packages/airflow/example_dags/tutorial_taskflow_api_virtualenv.py
[2024-10-22T07:15:02.213+0000] {logging_mixin.py:190} INFO - [2024-10-22T07:15:02.213+0000] {dag.py:3239} INFO - Sync 1 DAGs
[2024-10-22T07:15:02.230+0000] {logging_mixin.py:190} INFO - [2024-10-22T07:15:02.229+0000] {dag.py:4180} INFO - Setting next_dagrun for tutorial_taskflow_api_virtualenv to None, run_after=None
[2024-10-22T07:15:02.249+0000] {processor.py:208} INFO - Processing /home/airflow/.local/lib/python3.12/site-packages/airflow/example_dags/tutorial_taskflow_api_virtualenv.py took 0.085 seconds
[2024-10-22T07:15:32.751+0000] {processor.py:186} INFO - Started process (PID=82151) to work on /home/airflow/.local/lib/python3.12/site-packages/airflow/example_dags/tutorial_taskflow_api_virtualenv.py
[2024-10-22T07:15:32.752+0000] {processor.py:914} INFO - Processing file /home/airflow/.local/lib/python3.12/site-packages/airflow/example_dags/tutorial_taskflow_api_virtualenv.py for tasks to queue
[2024-10-22T07:15:32.754+0000] {logging_mixin.py:190} INFO - [2024-10-22T07:15:32.753+0000] {dagbag.py:588} INFO - Filling up the DagBag from /home/airflow/.local/lib/python3.12/site-packages/airflow/example_dags/tutorial_taskflow_api_virtualenv.py
[2024-10-22T07:15:32.766+0000] {processor.py:925} INFO - DAG(s) 'tutorial_taskflow_api_virtualenv' retrieved from /home/airflow/.local/lib/python3.12/site-packages/airflow/example_dags/tutorial_taskflow_api_virtualenv.py
[2024-10-22T07:15:32.789+0000] {logging_mixin.py:190} INFO - [2024-10-22T07:15:32.789+0000] {dag.py:3239} INFO - Sync 1 DAGs
[2024-10-22T07:15:32.804+0000] {logging_mixin.py:190} INFO - [2024-10-22T07:15:32.804+0000] {dag.py:4180} INFO - Setting next_dagrun for tutorial_taskflow_api_virtualenv to None, run_after=None
[2024-10-22T07:15:32.821+0000] {processor.py:208} INFO - Processing /home/airflow/.local/lib/python3.12/site-packages/airflow/example_dags/tutorial_taskflow_api_virtualenv.py took 0.077 seconds
[2024-10-22T07:16:03.263+0000] {processor.py:186} INFO - Started process (PID=82217) to work on /home/airflow/.local/lib/python3.12/site-packages/airflow/example_dags/tutorial_taskflow_api_virtualenv.py
[2024-10-22T07:16:03.264+0000] {processor.py:914} INFO - Processing file /home/airflow/.local/lib/python3.12/site-packages/airflow/example_dags/tutorial_taskflow_api_virtualenv.py for tasks to queue
[2024-10-22T07:16:03.266+0000] {logging_mixin.py:190} INFO - [2024-10-22T07:16:03.265+0000] {dagbag.py:588} INFO - Filling up the DagBag from /home/airflow/.local/lib/python3.12/site-packages/airflow/example_dags/tutorial_taskflow_api_virtualenv.py
[2024-10-22T07:16:03.278+0000] {processor.py:925} INFO - DAG(s) 'tutorial_taskflow_api_virtualenv' retrieved from /home/airflow/.local/lib/python3.12/site-packages/airflow/example_dags/tutorial_taskflow_api_virtualenv.py
[2024-10-22T07:16:03.299+0000] {logging_mixin.py:190} INFO - [2024-10-22T07:16:03.299+0000] {dag.py:3239} INFO - Sync 1 DAGs
[2024-10-22T07:16:03.315+0000] {logging_mixin.py:190} INFO - [2024-10-22T07:16:03.315+0000] {dag.py:4180} INFO - Setting next_dagrun for tutorial_taskflow_api_virtualenv to None, run_after=None
[2024-10-22T07:16:03.334+0000] {processor.py:208} INFO - Processing /home/airflow/.local/lib/python3.12/site-packages/airflow/example_dags/tutorial_taskflow_api_virtualenv.py took 0.078 seconds
[2024-10-22T07:16:33.543+0000] {processor.py:186} INFO - Started process (PID=82283) to work on /home/airflow/.local/lib/python3.12/site-packages/airflow/example_dags/tutorial_taskflow_api_virtualenv.py
[2024-10-22T07:16:33.545+0000] {processor.py:914} INFO - Processing file /home/airflow/.local/lib/python3.12/site-packages/airflow/example_dags/tutorial_taskflow_api_virtualenv.py for tasks to queue
[2024-10-22T07:16:33.546+0000] {logging_mixin.py:190} INFO - [2024-10-22T07:16:33.546+0000] {dagbag.py:588} INFO - Filling up the DagBag from /home/airflow/.local/lib/python3.12/site-packages/airflow/example_dags/tutorial_taskflow_api_virtualenv.py
[2024-10-22T07:16:33.561+0000] {processor.py:925} INFO - DAG(s) 'tutorial_taskflow_api_virtualenv' retrieved from /home/airflow/.local/lib/python3.12/site-packages/airflow/example_dags/tutorial_taskflow_api_virtualenv.py
[2024-10-22T07:16:33.587+0000] {logging_mixin.py:190} INFO - [2024-10-22T07:16:33.587+0000] {dag.py:3239} INFO - Sync 1 DAGs
[2024-10-22T07:16:33.608+0000] {logging_mixin.py:190} INFO - [2024-10-22T07:16:33.607+0000] {dag.py:4180} INFO - Setting next_dagrun for tutorial_taskflow_api_virtualenv to None, run_after=None
[2024-10-22T07:16:33.628+0000] {processor.py:208} INFO - Processing /home/airflow/.local/lib/python3.12/site-packages/airflow/example_dags/tutorial_taskflow_api_virtualenv.py took 0.095 seconds
[2024-10-22T07:17:04.239+0000] {processor.py:186} INFO - Started process (PID=82350) to work on /home/airflow/.local/lib/python3.12/site-packages/airflow/example_dags/tutorial_taskflow_api_virtualenv.py
[2024-10-22T07:17:04.241+0000] {processor.py:914} INFO - Processing file /home/airflow/.local/lib/python3.12/site-packages/airflow/example_dags/tutorial_taskflow_api_virtualenv.py for tasks to queue
[2024-10-22T07:17:04.242+0000] {logging_mixin.py:190} INFO - [2024-10-22T07:17:04.242+0000] {dagbag.py:588} INFO - Filling up the DagBag from /home/airflow/.local/lib/python3.12/site-packages/airflow/example_dags/tutorial_taskflow_api_virtualenv.py
[2024-10-22T07:17:04.256+0000] {processor.py:925} INFO - DAG(s) 'tutorial_taskflow_api_virtualenv' retrieved from /home/airflow/.local/lib/python3.12/site-packages/airflow/example_dags/tutorial_taskflow_api_virtualenv.py
[2024-10-22T07:17:04.279+0000] {logging_mixin.py:190} INFO - [2024-10-22T07:17:04.278+0000] {dag.py:3239} INFO - Sync 1 DAGs
[2024-10-22T07:17:04.296+0000] {logging_mixin.py:190} INFO - [2024-10-22T07:17:04.296+0000] {dag.py:4180} INFO - Setting next_dagrun for tutorial_taskflow_api_virtualenv to None, run_after=None
[2024-10-22T07:17:04.313+0000] {processor.py:208} INFO - Processing /home/airflow/.local/lib/python3.12/site-packages/airflow/example_dags/tutorial_taskflow_api_virtualenv.py took 0.082 seconds
[2024-10-22T07:17:34.803+0000] {processor.py:186} INFO - Started process (PID=82417) to work on /home/airflow/.local/lib/python3.12/site-packages/airflow/example_dags/tutorial_taskflow_api_virtualenv.py
[2024-10-22T07:17:34.805+0000] {processor.py:914} INFO - Processing file /home/airflow/.local/lib/python3.12/site-packages/airflow/example_dags/tutorial_taskflow_api_virtualenv.py for tasks to queue
[2024-10-22T07:17:34.806+0000] {logging_mixin.py:190} INFO - [2024-10-22T07:17:34.806+0000] {dagbag.py:588} INFO - Filling up the DagBag from /home/airflow/.local/lib/python3.12/site-packages/airflow/example_dags/tutorial_taskflow_api_virtualenv.py
[2024-10-22T07:17:34.818+0000] {processor.py:925} INFO - DAG(s) 'tutorial_taskflow_api_virtualenv' retrieved from /home/airflow/.local/lib/python3.12/site-packages/airflow/example_dags/tutorial_taskflow_api_virtualenv.py
[2024-10-22T07:17:34.843+0000] {logging_mixin.py:190} INFO - [2024-10-22T07:17:34.843+0000] {dag.py:3239} INFO - Sync 1 DAGs
[2024-10-22T07:17:34.859+0000] {logging_mixin.py:190} INFO - [2024-10-22T07:17:34.859+0000] {dag.py:4180} INFO - Setting next_dagrun for tutorial_taskflow_api_virtualenv to None, run_after=None
[2024-10-22T07:17:34.876+0000] {processor.py:208} INFO - Processing /home/airflow/.local/lib/python3.12/site-packages/airflow/example_dags/tutorial_taskflow_api_virtualenv.py took 0.080 seconds
[2024-10-22T07:18:05.380+0000] {processor.py:186} INFO - Started process (PID=82484) to work on /home/airflow/.local/lib/python3.12/site-packages/airflow/example_dags/tutorial_taskflow_api_virtualenv.py
[2024-10-22T07:18:05.381+0000] {processor.py:914} INFO - Processing file /home/airflow/.local/lib/python3.12/site-packages/airflow/example_dags/tutorial_taskflow_api_virtualenv.py for tasks to queue
[2024-10-22T07:18:05.382+0000] {logging_mixin.py:190} INFO - [2024-10-22T07:18:05.382+0000] {dagbag.py:588} INFO - Filling up the DagBag from /home/airflow/.local/lib/python3.12/site-packages/airflow/example_dags/tutorial_taskflow_api_virtualenv.py
[2024-10-22T07:18:05.394+0000] {processor.py:925} INFO - DAG(s) 'tutorial_taskflow_api_virtualenv' retrieved from /home/airflow/.local/lib/python3.12/site-packages/airflow/example_dags/tutorial_taskflow_api_virtualenv.py
[2024-10-22T07:18:05.418+0000] {logging_mixin.py:190} INFO - [2024-10-22T07:18:05.418+0000] {dag.py:3239} INFO - Sync 1 DAGs
[2024-10-22T07:18:05.435+0000] {logging_mixin.py:190} INFO - [2024-10-22T07:18:05.434+0000] {dag.py:4180} INFO - Setting next_dagrun for tutorial_taskflow_api_virtualenv to None, run_after=None
[2024-10-22T07:18:05.452+0000] {processor.py:208} INFO - Processing /home/airflow/.local/lib/python3.12/site-packages/airflow/example_dags/tutorial_taskflow_api_virtualenv.py took 0.079 seconds
[2024-10-22T07:18:35.836+0000] {processor.py:186} INFO - Started process (PID=82550) to work on /home/airflow/.local/lib/python3.12/site-packages/airflow/example_dags/tutorial_taskflow_api_virtualenv.py
[2024-10-22T07:18:35.837+0000] {processor.py:914} INFO - Processing file /home/airflow/.local/lib/python3.12/site-packages/airflow/example_dags/tutorial_taskflow_api_virtualenv.py for tasks to queue
[2024-10-22T07:18:35.838+0000] {logging_mixin.py:190} INFO - [2024-10-22T07:18:35.838+0000] {dagbag.py:588} INFO - Filling up the DagBag from /home/airflow/.local/lib/python3.12/site-packages/airflow/example_dags/tutorial_taskflow_api_virtualenv.py
[2024-10-22T07:18:35.850+0000] {processor.py:925} INFO - DAG(s) 'tutorial_taskflow_api_virtualenv' retrieved from /home/airflow/.local/lib/python3.12/site-packages/airflow/example_dags/tutorial_taskflow_api_virtualenv.py
[2024-10-22T07:18:35.871+0000] {logging_mixin.py:190} INFO - [2024-10-22T07:18:35.871+0000] {dag.py:3239} INFO - Sync 1 DAGs
[2024-10-22T07:18:35.887+0000] {logging_mixin.py:190} INFO - [2024-10-22T07:18:35.887+0000] {dag.py:4180} INFO - Setting next_dagrun for tutorial_taskflow_api_virtualenv to None, run_after=None
[2024-10-22T07:18:35.903+0000] {processor.py:208} INFO - Processing /home/airflow/.local/lib/python3.12/site-packages/airflow/example_dags/tutorial_taskflow_api_virtualenv.py took 0.075 seconds
[2024-10-22T07:19:06.314+0000] {processor.py:186} INFO - Started process (PID=82617) to work on /home/airflow/.local/lib/python3.12/site-packages/airflow/example_dags/tutorial_taskflow_api_virtualenv.py
[2024-10-22T07:19:06.315+0000] {processor.py:914} INFO - Processing file /home/airflow/.local/lib/python3.12/site-packages/airflow/example_dags/tutorial_taskflow_api_virtualenv.py for tasks to queue
[2024-10-22T07:19:06.317+0000] {logging_mixin.py:190} INFO - [2024-10-22T07:19:06.316+0000] {dagbag.py:588} INFO - Filling up the DagBag from /home/airflow/.local/lib/python3.12/site-packages/airflow/example_dags/tutorial_taskflow_api_virtualenv.py
[2024-10-22T07:19:06.329+0000] {processor.py:925} INFO - DAG(s) 'tutorial_taskflow_api_virtualenv' retrieved from /home/airflow/.local/lib/python3.12/site-packages/airflow/example_dags/tutorial_taskflow_api_virtualenv.py
[2024-10-22T07:19:06.352+0000] {logging_mixin.py:190} INFO - [2024-10-22T07:19:06.352+0000] {dag.py:3239} INFO - Sync 1 DAGs
[2024-10-22T07:19:06.367+0000] {logging_mixin.py:190} INFO - [2024-10-22T07:19:06.367+0000] {dag.py:4180} INFO - Setting next_dagrun for tutorial_taskflow_api_virtualenv to None, run_after=None
[2024-10-22T07:19:06.385+0000] {processor.py:208} INFO - Processing /home/airflow/.local/lib/python3.12/site-packages/airflow/example_dags/tutorial_taskflow_api_virtualenv.py took 0.077 seconds
[2024-10-22T07:19:36.779+0000] {processor.py:186} INFO - Started process (PID=82683) to work on /home/airflow/.local/lib/python3.12/site-packages/airflow/example_dags/tutorial_taskflow_api_virtualenv.py
[2024-10-22T07:19:36.781+0000] {processor.py:914} INFO - Processing file /home/airflow/.local/lib/python3.12/site-packages/airflow/example_dags/tutorial_taskflow_api_virtualenv.py for tasks to queue
[2024-10-22T07:19:36.782+0000] {logging_mixin.py:190} INFO - [2024-10-22T07:19:36.782+0000] {dagbag.py:588} INFO - Filling up the DagBag from /home/airflow/.local/lib/python3.12/site-packages/airflow/example_dags/tutorial_taskflow_api_virtualenv.py
[2024-10-22T07:19:36.796+0000] {processor.py:925} INFO - DAG(s) 'tutorial_taskflow_api_virtualenv' retrieved from /home/airflow/.local/lib/python3.12/site-packages/airflow/example_dags/tutorial_taskflow_api_virtualenv.py
[2024-10-22T07:19:36.818+0000] {logging_mixin.py:190} INFO - [2024-10-22T07:19:36.817+0000] {dag.py:3239} INFO - Sync 1 DAGs
[2024-10-22T07:19:36.834+0000] {logging_mixin.py:190} INFO - [2024-10-22T07:19:36.834+0000] {dag.py:4180} INFO - Setting next_dagrun for tutorial_taskflow_api_virtualenv to None, run_after=None
[2024-10-22T07:19:36.853+0000] {processor.py:208} INFO - Processing /home/airflow/.local/lib/python3.12/site-packages/airflow/example_dags/tutorial_taskflow_api_virtualenv.py took 0.081 seconds
[2024-10-22T07:20:07.564+0000] {processor.py:186} INFO - Started process (PID=82750) to work on /home/airflow/.local/lib/python3.12/site-packages/airflow/example_dags/tutorial_taskflow_api_virtualenv.py
[2024-10-22T07:20:07.565+0000] {processor.py:914} INFO - Processing file /home/airflow/.local/lib/python3.12/site-packages/airflow/example_dags/tutorial_taskflow_api_virtualenv.py for tasks to queue
[2024-10-22T07:20:07.566+0000] {logging_mixin.py:190} INFO - [2024-10-22T07:20:07.566+0000] {dagbag.py:588} INFO - Filling up the DagBag from /home/airflow/.local/lib/python3.12/site-packages/airflow/example_dags/tutorial_taskflow_api_virtualenv.py
[2024-10-22T07:20:07.579+0000] {processor.py:925} INFO - DAG(s) 'tutorial_taskflow_api_virtualenv' retrieved from /home/airflow/.local/lib/python3.12/site-packages/airflow/example_dags/tutorial_taskflow_api_virtualenv.py
[2024-10-22T07:20:07.603+0000] {logging_mixin.py:190} INFO - [2024-10-22T07:20:07.603+0000] {dag.py:3239} INFO - Sync 1 DAGs
[2024-10-22T07:20:07.619+0000] {logging_mixin.py:190} INFO - [2024-10-22T07:20:07.619+0000] {dag.py:4180} INFO - Setting next_dagrun for tutorial_taskflow_api_virtualenv to None, run_after=None
[2024-10-22T07:20:07.638+0000] {processor.py:208} INFO - Processing /home/airflow/.local/lib/python3.12/site-packages/airflow/example_dags/tutorial_taskflow_api_virtualenv.py took 0.082 seconds
[2024-10-22T07:20:38.287+0000] {processor.py:186} INFO - Started process (PID=82817) to work on /home/airflow/.local/lib/python3.12/site-packages/airflow/example_dags/tutorial_taskflow_api_virtualenv.py
[2024-10-22T07:20:38.288+0000] {processor.py:914} INFO - Processing file /home/airflow/.local/lib/python3.12/site-packages/airflow/example_dags/tutorial_taskflow_api_virtualenv.py for tasks to queue
[2024-10-22T07:20:38.289+0000] {logging_mixin.py:190} INFO - [2024-10-22T07:20:38.289+0000] {dagbag.py:588} INFO - Filling up the DagBag from /home/airflow/.local/lib/python3.12/site-packages/airflow/example_dags/tutorial_taskflow_api_virtualenv.py
[2024-10-22T07:20:38.301+0000] {processor.py:925} INFO - DAG(s) 'tutorial_taskflow_api_virtualenv' retrieved from /home/airflow/.local/lib/python3.12/site-packages/airflow/example_dags/tutorial_taskflow_api_virtualenv.py
[2024-10-22T07:20:38.323+0000] {logging_mixin.py:190} INFO - [2024-10-22T07:20:38.322+0000] {dag.py:3239} INFO - Sync 1 DAGs
[2024-10-22T07:20:38.339+0000] {logging_mixin.py:190} INFO - [2024-10-22T07:20:38.339+0000] {dag.py:4180} INFO - Setting next_dagrun for tutorial_taskflow_api_virtualenv to None, run_after=None
[2024-10-22T07:20:38.383+0000] {processor.py:208} INFO - Processing /home/airflow/.local/lib/python3.12/site-packages/airflow/example_dags/tutorial_taskflow_api_virtualenv.py took 0.104 seconds
[2024-10-22T07:21:08.727+0000] {processor.py:186} INFO - Started process (PID=82884) to work on /home/airflow/.local/lib/python3.12/site-packages/airflow/example_dags/tutorial_taskflow_api_virtualenv.py
[2024-10-22T07:21:08.728+0000] {processor.py:914} INFO - Processing file /home/airflow/.local/lib/python3.12/site-packages/airflow/example_dags/tutorial_taskflow_api_virtualenv.py for tasks to queue
[2024-10-22T07:21:08.729+0000] {logging_mixin.py:190} INFO - [2024-10-22T07:21:08.729+0000] {dagbag.py:588} INFO - Filling up the DagBag from /home/airflow/.local/lib/python3.12/site-packages/airflow/example_dags/tutorial_taskflow_api_virtualenv.py
[2024-10-22T07:21:08.741+0000] {processor.py:925} INFO - DAG(s) 'tutorial_taskflow_api_virtualenv' retrieved from /home/airflow/.local/lib/python3.12/site-packages/airflow/example_dags/tutorial_taskflow_api_virtualenv.py
[2024-10-22T07:21:08.767+0000] {logging_mixin.py:190} INFO - [2024-10-22T07:21:08.767+0000] {dag.py:3239} INFO - Sync 1 DAGs
[2024-10-22T07:21:08.783+0000] {logging_mixin.py:190} INFO - [2024-10-22T07:21:08.783+0000] {dag.py:4180} INFO - Setting next_dagrun for tutorial_taskflow_api_virtualenv to None, run_after=None
[2024-10-22T07:21:08.801+0000] {processor.py:208} INFO - Processing /home/airflow/.local/lib/python3.12/site-packages/airflow/example_dags/tutorial_taskflow_api_virtualenv.py took 0.081 seconds
[2024-10-22T07:21:39.104+0000] {processor.py:186} INFO - Started process (PID=82951) to work on /home/airflow/.local/lib/python3.12/site-packages/airflow/example_dags/tutorial_taskflow_api_virtualenv.py
[2024-10-22T07:21:39.106+0000] {processor.py:914} INFO - Processing file /home/airflow/.local/lib/python3.12/site-packages/airflow/example_dags/tutorial_taskflow_api_virtualenv.py for tasks to queue
[2024-10-22T07:21:39.107+0000] {logging_mixin.py:190} INFO - [2024-10-22T07:21:39.107+0000] {dagbag.py:588} INFO - Filling up the DagBag from /home/airflow/.local/lib/python3.12/site-packages/airflow/example_dags/tutorial_taskflow_api_virtualenv.py
[2024-10-22T07:21:39.119+0000] {processor.py:925} INFO - DAG(s) 'tutorial_taskflow_api_virtualenv' retrieved from /home/airflow/.local/lib/python3.12/site-packages/airflow/example_dags/tutorial_taskflow_api_virtualenv.py
[2024-10-22T07:21:39.142+0000] {logging_mixin.py:190} INFO - [2024-10-22T07:21:39.142+0000] {dag.py:3239} INFO - Sync 1 DAGs
[2024-10-22T07:21:39.159+0000] {logging_mixin.py:190} INFO - [2024-10-22T07:21:39.158+0000] {dag.py:4180} INFO - Setting next_dagrun for tutorial_taskflow_api_virtualenv to None, run_after=None
[2024-10-22T07:21:39.176+0000] {processor.py:208} INFO - Processing /home/airflow/.local/lib/python3.12/site-packages/airflow/example_dags/tutorial_taskflow_api_virtualenv.py took 0.079 seconds
[2024-10-22T07:22:09.434+0000] {processor.py:186} INFO - Started process (PID=83017) to work on /home/airflow/.local/lib/python3.12/site-packages/airflow/example_dags/tutorial_taskflow_api_virtualenv.py
[2024-10-22T07:22:09.434+0000] {processor.py:914} INFO - Processing file /home/airflow/.local/lib/python3.12/site-packages/airflow/example_dags/tutorial_taskflow_api_virtualenv.py for tasks to queue
[2024-10-22T07:22:09.436+0000] {logging_mixin.py:190} INFO - [2024-10-22T07:22:09.435+0000] {dagbag.py:588} INFO - Filling up the DagBag from /home/airflow/.local/lib/python3.12/site-packages/airflow/example_dags/tutorial_taskflow_api_virtualenv.py
[2024-10-22T07:22:09.448+0000] {processor.py:925} INFO - DAG(s) 'tutorial_taskflow_api_virtualenv' retrieved from /home/airflow/.local/lib/python3.12/site-packages/airflow/example_dags/tutorial_taskflow_api_virtualenv.py
[2024-10-22T07:22:09.471+0000] {logging_mixin.py:190} INFO - [2024-10-22T07:22:09.471+0000] {dag.py:3239} INFO - Sync 1 DAGs
[2024-10-22T07:22:09.487+0000] {logging_mixin.py:190} INFO - [2024-10-22T07:22:09.487+0000] {dag.py:4180} INFO - Setting next_dagrun for tutorial_taskflow_api_virtualenv to None, run_after=None
[2024-10-22T07:22:09.505+0000] {processor.py:208} INFO - Processing /home/airflow/.local/lib/python3.12/site-packages/airflow/example_dags/tutorial_taskflow_api_virtualenv.py took 0.079 seconds
[2024-10-22T07:22:40.506+0000] {processor.py:186} INFO - Started process (PID=83084) to work on /home/airflow/.local/lib/python3.12/site-packages/airflow/example_dags/tutorial_taskflow_api_virtualenv.py
[2024-10-22T07:22:40.507+0000] {processor.py:914} INFO - Processing file /home/airflow/.local/lib/python3.12/site-packages/airflow/example_dags/tutorial_taskflow_api_virtualenv.py for tasks to queue
[2024-10-22T07:22:40.509+0000] {logging_mixin.py:190} INFO - [2024-10-22T07:22:40.508+0000] {dagbag.py:588} INFO - Filling up the DagBag from /home/airflow/.local/lib/python3.12/site-packages/airflow/example_dags/tutorial_taskflow_api_virtualenv.py
[2024-10-22T07:22:40.522+0000] {processor.py:925} INFO - DAG(s) 'tutorial_taskflow_api_virtualenv' retrieved from /home/airflow/.local/lib/python3.12/site-packages/airflow/example_dags/tutorial_taskflow_api_virtualenv.py
[2024-10-22T07:22:40.544+0000] {logging_mixin.py:190} INFO - [2024-10-22T07:22:40.544+0000] {dag.py:3239} INFO - Sync 1 DAGs
[2024-10-22T07:22:40.560+0000] {logging_mixin.py:190} INFO - [2024-10-22T07:22:40.560+0000] {dag.py:4180} INFO - Setting next_dagrun for tutorial_taskflow_api_virtualenv to None, run_after=None
[2024-10-22T07:22:40.578+0000] {processor.py:208} INFO - Processing /home/airflow/.local/lib/python3.12/site-packages/airflow/example_dags/tutorial_taskflow_api_virtualenv.py took 0.079 seconds
[2024-10-22T07:23:10.918+0000] {processor.py:186} INFO - Started process (PID=83157) to work on /home/airflow/.local/lib/python3.12/site-packages/airflow/example_dags/tutorial_taskflow_api_virtualenv.py
[2024-10-22T07:23:10.919+0000] {processor.py:914} INFO - Processing file /home/airflow/.local/lib/python3.12/site-packages/airflow/example_dags/tutorial_taskflow_api_virtualenv.py for tasks to queue
[2024-10-22T07:23:10.920+0000] {logging_mixin.py:190} INFO - [2024-10-22T07:23:10.920+0000] {dagbag.py:588} INFO - Filling up the DagBag from /home/airflow/.local/lib/python3.12/site-packages/airflow/example_dags/tutorial_taskflow_api_virtualenv.py
[2024-10-22T07:23:10.933+0000] {processor.py:925} INFO - DAG(s) 'tutorial_taskflow_api_virtualenv' retrieved from /home/airflow/.local/lib/python3.12/site-packages/airflow/example_dags/tutorial_taskflow_api_virtualenv.py
[2024-10-22T07:23:10.958+0000] {logging_mixin.py:190} INFO - [2024-10-22T07:23:10.958+0000] {dag.py:3239} INFO - Sync 1 DAGs
[2024-10-22T07:23:10.974+0000] {logging_mixin.py:190} INFO - [2024-10-22T07:23:10.974+0000] {dag.py:4180} INFO - Setting next_dagrun for tutorial_taskflow_api_virtualenv to None, run_after=None
[2024-10-22T07:23:10.991+0000] {processor.py:208} INFO - Processing /home/airflow/.local/lib/python3.12/site-packages/airflow/example_dags/tutorial_taskflow_api_virtualenv.py took 0.080 seconds
[2024-10-22T07:23:41.348+0000] {processor.py:186} INFO - Started process (PID=83224) to work on /home/airflow/.local/lib/python3.12/site-packages/airflow/example_dags/tutorial_taskflow_api_virtualenv.py
[2024-10-22T07:23:41.349+0000] {processor.py:914} INFO - Processing file /home/airflow/.local/lib/python3.12/site-packages/airflow/example_dags/tutorial_taskflow_api_virtualenv.py for tasks to queue
[2024-10-22T07:23:41.351+0000] {logging_mixin.py:190} INFO - [2024-10-22T07:23:41.350+0000] {dagbag.py:588} INFO - Filling up the DagBag from /home/airflow/.local/lib/python3.12/site-packages/airflow/example_dags/tutorial_taskflow_api_virtualenv.py
[2024-10-22T07:23:41.362+0000] {processor.py:925} INFO - DAG(s) 'tutorial_taskflow_api_virtualenv' retrieved from /home/airflow/.local/lib/python3.12/site-packages/airflow/example_dags/tutorial_taskflow_api_virtualenv.py
[2024-10-22T07:23:41.384+0000] {logging_mixin.py:190} INFO - [2024-10-22T07:23:41.384+0000] {dag.py:3239} INFO - Sync 1 DAGs
[2024-10-22T07:23:41.400+0000] {logging_mixin.py:190} INFO - [2024-10-22T07:23:41.400+0000] {dag.py:4180} INFO - Setting next_dagrun for tutorial_taskflow_api_virtualenv to None, run_after=None
[2024-10-22T07:23:41.418+0000] {processor.py:208} INFO - Processing /home/airflow/.local/lib/python3.12/site-packages/airflow/example_dags/tutorial_taskflow_api_virtualenv.py took 0.077 seconds
[2024-10-22T07:24:12.429+0000] {processor.py:186} INFO - Started process (PID=83291) to work on /home/airflow/.local/lib/python3.12/site-packages/airflow/example_dags/tutorial_taskflow_api_virtualenv.py
[2024-10-22T07:24:12.430+0000] {processor.py:914} INFO - Processing file /home/airflow/.local/lib/python3.12/site-packages/airflow/example_dags/tutorial_taskflow_api_virtualenv.py for tasks to queue
[2024-10-22T07:24:12.432+0000] {logging_mixin.py:190} INFO - [2024-10-22T07:24:12.431+0000] {dagbag.py:588} INFO - Filling up the DagBag from /home/airflow/.local/lib/python3.12/site-packages/airflow/example_dags/tutorial_taskflow_api_virtualenv.py
[2024-10-22T07:24:12.444+0000] {processor.py:925} INFO - DAG(s) 'tutorial_taskflow_api_virtualenv' retrieved from /home/airflow/.local/lib/python3.12/site-packages/airflow/example_dags/tutorial_taskflow_api_virtualenv.py
[2024-10-22T07:24:12.473+0000] {logging_mixin.py:190} INFO - [2024-10-22T07:24:12.472+0000] {dag.py:3239} INFO - Sync 1 DAGs
[2024-10-22T07:24:12.490+0000] {logging_mixin.py:190} INFO - [2024-10-22T07:24:12.490+0000] {dag.py:4180} INFO - Setting next_dagrun for tutorial_taskflow_api_virtualenv to None, run_after=None
[2024-10-22T07:24:12.508+0000] {processor.py:208} INFO - Processing /home/airflow/.local/lib/python3.12/site-packages/airflow/example_dags/tutorial_taskflow_api_virtualenv.py took 0.086 seconds
[2024-10-22T07:24:42.608+0000] {processor.py:186} INFO - Started process (PID=83358) to work on /home/airflow/.local/lib/python3.12/site-packages/airflow/example_dags/tutorial_taskflow_api_virtualenv.py
[2024-10-22T07:24:42.610+0000] {processor.py:914} INFO - Processing file /home/airflow/.local/lib/python3.12/site-packages/airflow/example_dags/tutorial_taskflow_api_virtualenv.py for tasks to queue
[2024-10-22T07:24:42.611+0000] {logging_mixin.py:190} INFO - [2024-10-22T07:24:42.611+0000] {dagbag.py:588} INFO - Filling up the DagBag from /home/airflow/.local/lib/python3.12/site-packages/airflow/example_dags/tutorial_taskflow_api_virtualenv.py
[2024-10-22T07:24:42.623+0000] {processor.py:925} INFO - DAG(s) 'tutorial_taskflow_api_virtualenv' retrieved from /home/airflow/.local/lib/python3.12/site-packages/airflow/example_dags/tutorial_taskflow_api_virtualenv.py
[2024-10-22T07:24:42.644+0000] {logging_mixin.py:190} INFO - [2024-10-22T07:24:42.644+0000] {dag.py:3239} INFO - Sync 1 DAGs
[2024-10-22T07:24:42.661+0000] {logging_mixin.py:190} INFO - [2024-10-22T07:24:42.661+0000] {dag.py:4180} INFO - Setting next_dagrun for tutorial_taskflow_api_virtualenv to None, run_after=None
[2024-10-22T07:24:42.686+0000] {processor.py:208} INFO - Processing /home/airflow/.local/lib/python3.12/site-packages/airflow/example_dags/tutorial_taskflow_api_virtualenv.py took 0.085 seconds
[2024-10-22T07:25:12.903+0000] {processor.py:186} INFO - Started process (PID=83424) to work on /home/airflow/.local/lib/python3.12/site-packages/airflow/example_dags/tutorial_taskflow_api_virtualenv.py
[2024-10-22T07:25:12.904+0000] {processor.py:914} INFO - Processing file /home/airflow/.local/lib/python3.12/site-packages/airflow/example_dags/tutorial_taskflow_api_virtualenv.py for tasks to queue
[2024-10-22T07:25:12.905+0000] {logging_mixin.py:190} INFO - [2024-10-22T07:25:12.905+0000] {dagbag.py:588} INFO - Filling up the DagBag from /home/airflow/.local/lib/python3.12/site-packages/airflow/example_dags/tutorial_taskflow_api_virtualenv.py
[2024-10-22T07:25:12.917+0000] {processor.py:925} INFO - DAG(s) 'tutorial_taskflow_api_virtualenv' retrieved from /home/airflow/.local/lib/python3.12/site-packages/airflow/example_dags/tutorial_taskflow_api_virtualenv.py
[2024-10-22T07:25:12.939+0000] {logging_mixin.py:190} INFO - [2024-10-22T07:25:12.939+0000] {dag.py:3239} INFO - Sync 1 DAGs
[2024-10-22T07:25:12.955+0000] {logging_mixin.py:190} INFO - [2024-10-22T07:25:12.955+0000] {dag.py:4180} INFO - Setting next_dagrun for tutorial_taskflow_api_virtualenv to None, run_after=None
[2024-10-22T07:25:12.973+0000] {processor.py:208} INFO - Processing /home/airflow/.local/lib/python3.12/site-packages/airflow/example_dags/tutorial_taskflow_api_virtualenv.py took 0.077 seconds
[2024-10-22T07:25:43.255+0000] {processor.py:186} INFO - Started process (PID=83491) to work on /home/airflow/.local/lib/python3.12/site-packages/airflow/example_dags/tutorial_taskflow_api_virtualenv.py
[2024-10-22T07:25:43.256+0000] {processor.py:914} INFO - Processing file /home/airflow/.local/lib/python3.12/site-packages/airflow/example_dags/tutorial_taskflow_api_virtualenv.py for tasks to queue
[2024-10-22T07:25:43.258+0000] {logging_mixin.py:190} INFO - [2024-10-22T07:25:43.257+0000] {dagbag.py:588} INFO - Filling up the DagBag from /home/airflow/.local/lib/python3.12/site-packages/airflow/example_dags/tutorial_taskflow_api_virtualenv.py
[2024-10-22T07:25:43.270+0000] {processor.py:925} INFO - DAG(s) 'tutorial_taskflow_api_virtualenv' retrieved from /home/airflow/.local/lib/python3.12/site-packages/airflow/example_dags/tutorial_taskflow_api_virtualenv.py
[2024-10-22T07:25:43.291+0000] {logging_mixin.py:190} INFO - [2024-10-22T07:25:43.291+0000] {dag.py:3239} INFO - Sync 1 DAGs
[2024-10-22T07:25:43.307+0000] {logging_mixin.py:190} INFO - [2024-10-22T07:25:43.307+0000] {dag.py:4180} INFO - Setting next_dagrun for tutorial_taskflow_api_virtualenv to None, run_after=None
[2024-10-22T07:25:43.325+0000] {processor.py:208} INFO - Processing /home/airflow/.local/lib/python3.12/site-packages/airflow/example_dags/tutorial_taskflow_api_virtualenv.py took 0.078 seconds
[2024-10-22T07:26:13.806+0000] {processor.py:186} INFO - Started process (PID=83558) to work on /home/airflow/.local/lib/python3.12/site-packages/airflow/example_dags/tutorial_taskflow_api_virtualenv.py
[2024-10-22T07:26:13.807+0000] {processor.py:914} INFO - Processing file /home/airflow/.local/lib/python3.12/site-packages/airflow/example_dags/tutorial_taskflow_api_virtualenv.py for tasks to queue
[2024-10-22T07:26:13.809+0000] {logging_mixin.py:190} INFO - [2024-10-22T07:26:13.808+0000] {dagbag.py:588} INFO - Filling up the DagBag from /home/airflow/.local/lib/python3.12/site-packages/airflow/example_dags/tutorial_taskflow_api_virtualenv.py
[2024-10-22T07:26:13.821+0000] {processor.py:925} INFO - DAG(s) 'tutorial_taskflow_api_virtualenv' retrieved from /home/airflow/.local/lib/python3.12/site-packages/airflow/example_dags/tutorial_taskflow_api_virtualenv.py
[2024-10-22T07:26:13.846+0000] {logging_mixin.py:190} INFO - [2024-10-22T07:26:13.846+0000] {dag.py:3239} INFO - Sync 1 DAGs
[2024-10-22T07:26:13.865+0000] {logging_mixin.py:190} INFO - [2024-10-22T07:26:13.864+0000] {dag.py:4180} INFO - Setting next_dagrun for tutorial_taskflow_api_virtualenv to None, run_after=None
[2024-10-22T07:26:13.883+0000] {processor.py:208} INFO - Processing /home/airflow/.local/lib/python3.12/site-packages/airflow/example_dags/tutorial_taskflow_api_virtualenv.py took 0.085 seconds
[2024-10-22T07:26:44.571+0000] {processor.py:186} INFO - Started process (PID=83626) to work on /home/airflow/.local/lib/python3.12/site-packages/airflow/example_dags/tutorial_taskflow_api_virtualenv.py
[2024-10-22T07:26:44.572+0000] {processor.py:914} INFO - Processing file /home/airflow/.local/lib/python3.12/site-packages/airflow/example_dags/tutorial_taskflow_api_virtualenv.py for tasks to queue
[2024-10-22T07:26:44.574+0000] {logging_mixin.py:190} INFO - [2024-10-22T07:26:44.574+0000] {dagbag.py:588} INFO - Filling up the DagBag from /home/airflow/.local/lib/python3.12/site-packages/airflow/example_dags/tutorial_taskflow_api_virtualenv.py
[2024-10-22T07:26:44.589+0000] {processor.py:925} INFO - DAG(s) 'tutorial_taskflow_api_virtualenv' retrieved from /home/airflow/.local/lib/python3.12/site-packages/airflow/example_dags/tutorial_taskflow_api_virtualenv.py
[2024-10-22T07:26:44.613+0000] {logging_mixin.py:190} INFO - [2024-10-22T07:26:44.612+0000] {dag.py:3239} INFO - Sync 1 DAGs
[2024-10-22T07:26:44.630+0000] {logging_mixin.py:190} INFO - [2024-10-22T07:26:44.630+0000] {dag.py:4180} INFO - Setting next_dagrun for tutorial_taskflow_api_virtualenv to None, run_after=None
[2024-10-22T07:26:44.650+0000] {processor.py:208} INFO - Processing /home/airflow/.local/lib/python3.12/site-packages/airflow/example_dags/tutorial_taskflow_api_virtualenv.py took 0.087 seconds
[2024-10-22T07:27:15.817+0000] {processor.py:186} INFO - Started process (PID=83694) to work on /home/airflow/.local/lib/python3.12/site-packages/airflow/example_dags/tutorial_taskflow_api_virtualenv.py
[2024-10-22T07:27:15.818+0000] {processor.py:914} INFO - Processing file /home/airflow/.local/lib/python3.12/site-packages/airflow/example_dags/tutorial_taskflow_api_virtualenv.py for tasks to queue
[2024-10-22T07:27:15.820+0000] {logging_mixin.py:190} INFO - [2024-10-22T07:27:15.819+0000] {dagbag.py:588} INFO - Filling up the DagBag from /home/airflow/.local/lib/python3.12/site-packages/airflow/example_dags/tutorial_taskflow_api_virtualenv.py
[2024-10-22T07:27:15.833+0000] {processor.py:925} INFO - DAG(s) 'tutorial_taskflow_api_virtualenv' retrieved from /home/airflow/.local/lib/python3.12/site-packages/airflow/example_dags/tutorial_taskflow_api_virtualenv.py
[2024-10-22T07:27:15.860+0000] {logging_mixin.py:190} INFO - [2024-10-22T07:27:15.860+0000] {dag.py:3239} INFO - Sync 1 DAGs
[2024-10-22T07:27:15.877+0000] {logging_mixin.py:190} INFO - [2024-10-22T07:27:15.877+0000] {dag.py:4180} INFO - Setting next_dagrun for tutorial_taskflow_api_virtualenv to None, run_after=None
[2024-10-22T07:27:15.896+0000] {processor.py:208} INFO - Processing /home/airflow/.local/lib/python3.12/site-packages/airflow/example_dags/tutorial_taskflow_api_virtualenv.py took 0.088 seconds
[2024-10-22T07:27:46.668+0000] {processor.py:186} INFO - Started process (PID=83760) to work on /home/airflow/.local/lib/python3.12/site-packages/airflow/example_dags/tutorial_taskflow_api_virtualenv.py
[2024-10-22T07:27:46.669+0000] {processor.py:914} INFO - Processing file /home/airflow/.local/lib/python3.12/site-packages/airflow/example_dags/tutorial_taskflow_api_virtualenv.py for tasks to queue
[2024-10-22T07:27:46.671+0000] {logging_mixin.py:190} INFO - [2024-10-22T07:27:46.670+0000] {dagbag.py:588} INFO - Filling up the DagBag from /home/airflow/.local/lib/python3.12/site-packages/airflow/example_dags/tutorial_taskflow_api_virtualenv.py
[2024-10-22T07:27:46.701+0000] {processor.py:925} INFO - DAG(s) 'tutorial_taskflow_api_virtualenv' retrieved from /home/airflow/.local/lib/python3.12/site-packages/airflow/example_dags/tutorial_taskflow_api_virtualenv.py
[2024-10-22T07:27:46.726+0000] {logging_mixin.py:190} INFO - [2024-10-22T07:27:46.725+0000] {dag.py:3239} INFO - Sync 1 DAGs
[2024-10-22T07:27:46.747+0000] {logging_mixin.py:190} INFO - [2024-10-22T07:27:46.746+0000] {dag.py:4180} INFO - Setting next_dagrun for tutorial_taskflow_api_virtualenv to None, run_after=None
[2024-10-22T07:27:46.766+0000] {processor.py:208} INFO - Processing /home/airflow/.local/lib/python3.12/site-packages/airflow/example_dags/tutorial_taskflow_api_virtualenv.py took 0.107 seconds
[2024-10-22T07:28:17.446+0000] {processor.py:186} INFO - Started process (PID=83826) to work on /home/airflow/.local/lib/python3.12/site-packages/airflow/example_dags/tutorial_taskflow_api_virtualenv.py
[2024-10-22T07:28:17.447+0000] {processor.py:914} INFO - Processing file /home/airflow/.local/lib/python3.12/site-packages/airflow/example_dags/tutorial_taskflow_api_virtualenv.py for tasks to queue
[2024-10-22T07:28:17.449+0000] {logging_mixin.py:190} INFO - [2024-10-22T07:28:17.448+0000] {dagbag.py:588} INFO - Filling up the DagBag from /home/airflow/.local/lib/python3.12/site-packages/airflow/example_dags/tutorial_taskflow_api_virtualenv.py
[2024-10-22T07:28:17.461+0000] {processor.py:925} INFO - DAG(s) 'tutorial_taskflow_api_virtualenv' retrieved from /home/airflow/.local/lib/python3.12/site-packages/airflow/example_dags/tutorial_taskflow_api_virtualenv.py
[2024-10-22T07:28:17.484+0000] {logging_mixin.py:190} INFO - [2024-10-22T07:28:17.484+0000] {dag.py:3239} INFO - Sync 1 DAGs
[2024-10-22T07:28:17.501+0000] {logging_mixin.py:190} INFO - [2024-10-22T07:28:17.500+0000] {dag.py:4180} INFO - Setting next_dagrun for tutorial_taskflow_api_virtualenv to None, run_after=None
[2024-10-22T07:28:17.519+0000] {processor.py:208} INFO - Processing /home/airflow/.local/lib/python3.12/site-packages/airflow/example_dags/tutorial_taskflow_api_virtualenv.py took 0.080 seconds
[2024-10-22T07:28:47.607+0000] {processor.py:186} INFO - Started process (PID=83893) to work on /home/airflow/.local/lib/python3.12/site-packages/airflow/example_dags/tutorial_taskflow_api_virtualenv.py
[2024-10-22T07:28:47.608+0000] {processor.py:914} INFO - Processing file /home/airflow/.local/lib/python3.12/site-packages/airflow/example_dags/tutorial_taskflow_api_virtualenv.py for tasks to queue
[2024-10-22T07:28:47.609+0000] {logging_mixin.py:190} INFO - [2024-10-22T07:28:47.609+0000] {dagbag.py:588} INFO - Filling up the DagBag from /home/airflow/.local/lib/python3.12/site-packages/airflow/example_dags/tutorial_taskflow_api_virtualenv.py
[2024-10-22T07:28:47.621+0000] {processor.py:925} INFO - DAG(s) 'tutorial_taskflow_api_virtualenv' retrieved from /home/airflow/.local/lib/python3.12/site-packages/airflow/example_dags/tutorial_taskflow_api_virtualenv.py
[2024-10-22T07:28:47.644+0000] {logging_mixin.py:190} INFO - [2024-10-22T07:28:47.644+0000] {dag.py:3239} INFO - Sync 1 DAGs
[2024-10-22T07:28:47.664+0000] {logging_mixin.py:190} INFO - [2024-10-22T07:28:47.663+0000] {dag.py:4180} INFO - Setting next_dagrun for tutorial_taskflow_api_virtualenv to None, run_after=None
[2024-10-22T07:28:47.682+0000] {processor.py:208} INFO - Processing /home/airflow/.local/lib/python3.12/site-packages/airflow/example_dags/tutorial_taskflow_api_virtualenv.py took 0.083 seconds
[2024-10-22T07:29:18.061+0000] {processor.py:186} INFO - Started process (PID=83958) to work on /home/airflow/.local/lib/python3.12/site-packages/airflow/example_dags/tutorial_taskflow_api_virtualenv.py
[2024-10-22T07:29:18.062+0000] {processor.py:914} INFO - Processing file /home/airflow/.local/lib/python3.12/site-packages/airflow/example_dags/tutorial_taskflow_api_virtualenv.py for tasks to queue
[2024-10-22T07:29:18.064+0000] {logging_mixin.py:190} INFO - [2024-10-22T07:29:18.063+0000] {dagbag.py:588} INFO - Filling up the DagBag from /home/airflow/.local/lib/python3.12/site-packages/airflow/example_dags/tutorial_taskflow_api_virtualenv.py
[2024-10-22T07:29:18.078+0000] {processor.py:925} INFO - DAG(s) 'tutorial_taskflow_api_virtualenv' retrieved from /home/airflow/.local/lib/python3.12/site-packages/airflow/example_dags/tutorial_taskflow_api_virtualenv.py
[2024-10-22T07:29:18.100+0000] {logging_mixin.py:190} INFO - [2024-10-22T07:29:18.100+0000] {dag.py:3239} INFO - Sync 1 DAGs
[2024-10-22T07:29:18.116+0000] {logging_mixin.py:190} INFO - [2024-10-22T07:29:18.116+0000] {dag.py:4180} INFO - Setting next_dagrun for tutorial_taskflow_api_virtualenv to None, run_after=None
[2024-10-22T07:29:18.135+0000] {processor.py:208} INFO - Processing /home/airflow/.local/lib/python3.12/site-packages/airflow/example_dags/tutorial_taskflow_api_virtualenv.py took 0.082 seconds
[2024-10-22T07:29:48.476+0000] {processor.py:186} INFO - Started process (PID=84025) to work on /home/airflow/.local/lib/python3.12/site-packages/airflow/example_dags/tutorial_taskflow_api_virtualenv.py
[2024-10-22T07:29:48.477+0000] {processor.py:914} INFO - Processing file /home/airflow/.local/lib/python3.12/site-packages/airflow/example_dags/tutorial_taskflow_api_virtualenv.py for tasks to queue
[2024-10-22T07:29:48.478+0000] {logging_mixin.py:190} INFO - [2024-10-22T07:29:48.478+0000] {dagbag.py:588} INFO - Filling up the DagBag from /home/airflow/.local/lib/python3.12/site-packages/airflow/example_dags/tutorial_taskflow_api_virtualenv.py
[2024-10-22T07:29:48.491+0000] {processor.py:925} INFO - DAG(s) 'tutorial_taskflow_api_virtualenv' retrieved from /home/airflow/.local/lib/python3.12/site-packages/airflow/example_dags/tutorial_taskflow_api_virtualenv.py
[2024-10-22T07:29:48.513+0000] {logging_mixin.py:190} INFO - [2024-10-22T07:29:48.513+0000] {dag.py:3239} INFO - Sync 1 DAGs
[2024-10-22T07:29:48.529+0000] {logging_mixin.py:190} INFO - [2024-10-22T07:29:48.529+0000] {dag.py:4180} INFO - Setting next_dagrun for tutorial_taskflow_api_virtualenv to None, run_after=None
[2024-10-22T07:29:48.549+0000] {processor.py:208} INFO - Processing /home/airflow/.local/lib/python3.12/site-packages/airflow/example_dags/tutorial_taskflow_api_virtualenv.py took 0.081 seconds
[2024-10-22T07:30:19.466+0000] {processor.py:186} INFO - Started process (PID=84093) to work on /home/airflow/.local/lib/python3.12/site-packages/airflow/example_dags/tutorial_taskflow_api_virtualenv.py
[2024-10-22T07:30:19.467+0000] {processor.py:914} INFO - Processing file /home/airflow/.local/lib/python3.12/site-packages/airflow/example_dags/tutorial_taskflow_api_virtualenv.py for tasks to queue
[2024-10-22T07:30:19.468+0000] {logging_mixin.py:190} INFO - [2024-10-22T07:30:19.468+0000] {dagbag.py:588} INFO - Filling up the DagBag from /home/airflow/.local/lib/python3.12/site-packages/airflow/example_dags/tutorial_taskflow_api_virtualenv.py
[2024-10-22T07:30:19.481+0000] {processor.py:925} INFO - DAG(s) 'tutorial_taskflow_api_virtualenv' retrieved from /home/airflow/.local/lib/python3.12/site-packages/airflow/example_dags/tutorial_taskflow_api_virtualenv.py
[2024-10-22T07:30:19.502+0000] {logging_mixin.py:190} INFO - [2024-10-22T07:30:19.502+0000] {dag.py:3239} INFO - Sync 1 DAGs
[2024-10-22T07:30:19.519+0000] {logging_mixin.py:190} INFO - [2024-10-22T07:30:19.518+0000] {dag.py:4180} INFO - Setting next_dagrun for tutorial_taskflow_api_virtualenv to None, run_after=None
[2024-10-22T07:30:19.534+0000] {processor.py:208} INFO - Processing /home/airflow/.local/lib/python3.12/site-packages/airflow/example_dags/tutorial_taskflow_api_virtualenv.py took 0.076 seconds
[2024-10-22T07:30:49.658+0000] {processor.py:186} INFO - Started process (PID=84160) to work on /home/airflow/.local/lib/python3.12/site-packages/airflow/example_dags/tutorial_taskflow_api_virtualenv.py
[2024-10-22T07:30:49.659+0000] {processor.py:914} INFO - Processing file /home/airflow/.local/lib/python3.12/site-packages/airflow/example_dags/tutorial_taskflow_api_virtualenv.py for tasks to queue
[2024-10-22T07:30:49.660+0000] {logging_mixin.py:190} INFO - [2024-10-22T07:30:49.660+0000] {dagbag.py:588} INFO - Filling up the DagBag from /home/airflow/.local/lib/python3.12/site-packages/airflow/example_dags/tutorial_taskflow_api_virtualenv.py
[2024-10-22T07:30:49.672+0000] {processor.py:925} INFO - DAG(s) 'tutorial_taskflow_api_virtualenv' retrieved from /home/airflow/.local/lib/python3.12/site-packages/airflow/example_dags/tutorial_taskflow_api_virtualenv.py
[2024-10-22T07:30:49.697+0000] {logging_mixin.py:190} INFO - [2024-10-22T07:30:49.697+0000] {dag.py:3239} INFO - Sync 1 DAGs
[2024-10-22T07:30:49.715+0000] {logging_mixin.py:190} INFO - [2024-10-22T07:30:49.714+0000] {dag.py:4180} INFO - Setting next_dagrun for tutorial_taskflow_api_virtualenv to None, run_after=None
[2024-10-22T07:30:49.737+0000] {processor.py:208} INFO - Processing /home/airflow/.local/lib/python3.12/site-packages/airflow/example_dags/tutorial_taskflow_api_virtualenv.py took 0.087 seconds
[2024-10-22T07:31:20.385+0000] {processor.py:186} INFO - Started process (PID=84227) to work on /home/airflow/.local/lib/python3.12/site-packages/airflow/example_dags/tutorial_taskflow_api_virtualenv.py
[2024-10-22T07:31:20.386+0000] {processor.py:914} INFO - Processing file /home/airflow/.local/lib/python3.12/site-packages/airflow/example_dags/tutorial_taskflow_api_virtualenv.py for tasks to queue
[2024-10-22T07:31:20.388+0000] {logging_mixin.py:190} INFO - [2024-10-22T07:31:20.387+0000] {dagbag.py:588} INFO - Filling up the DagBag from /home/airflow/.local/lib/python3.12/site-packages/airflow/example_dags/tutorial_taskflow_api_virtualenv.py
[2024-10-22T07:31:20.401+0000] {processor.py:925} INFO - DAG(s) 'tutorial_taskflow_api_virtualenv' retrieved from /home/airflow/.local/lib/python3.12/site-packages/airflow/example_dags/tutorial_taskflow_api_virtualenv.py
[2024-10-22T07:31:20.428+0000] {logging_mixin.py:190} INFO - [2024-10-22T07:31:20.427+0000] {dag.py:3239} INFO - Sync 1 DAGs
[2024-10-22T07:31:20.446+0000] {logging_mixin.py:190} INFO - [2024-10-22T07:31:20.445+0000] {dag.py:4180} INFO - Setting next_dagrun for tutorial_taskflow_api_virtualenv to None, run_after=None
[2024-10-22T07:31:20.467+0000] {processor.py:208} INFO - Processing /home/airflow/.local/lib/python3.12/site-packages/airflow/example_dags/tutorial_taskflow_api_virtualenv.py took 0.090 seconds
[2024-10-22T07:31:50.532+0000] {processor.py:186} INFO - Started process (PID=84294) to work on /home/airflow/.local/lib/python3.12/site-packages/airflow/example_dags/tutorial_taskflow_api_virtualenv.py
[2024-10-22T07:31:50.533+0000] {processor.py:914} INFO - Processing file /home/airflow/.local/lib/python3.12/site-packages/airflow/example_dags/tutorial_taskflow_api_virtualenv.py for tasks to queue
[2024-10-22T07:31:50.534+0000] {logging_mixin.py:190} INFO - [2024-10-22T07:31:50.534+0000] {dagbag.py:588} INFO - Filling up the DagBag from /home/airflow/.local/lib/python3.12/site-packages/airflow/example_dags/tutorial_taskflow_api_virtualenv.py
[2024-10-22T07:31:50.546+0000] {processor.py:925} INFO - DAG(s) 'tutorial_taskflow_api_virtualenv' retrieved from /home/airflow/.local/lib/python3.12/site-packages/airflow/example_dags/tutorial_taskflow_api_virtualenv.py
[2024-10-22T07:31:50.570+0000] {logging_mixin.py:190} INFO - [2024-10-22T07:31:50.570+0000] {dag.py:3239} INFO - Sync 1 DAGs
[2024-10-22T07:31:50.587+0000] {logging_mixin.py:190} INFO - [2024-10-22T07:31:50.587+0000] {dag.py:4180} INFO - Setting next_dagrun for tutorial_taskflow_api_virtualenv to None, run_after=None
[2024-10-22T07:31:50.606+0000] {processor.py:208} INFO - Processing /home/airflow/.local/lib/python3.12/site-packages/airflow/example_dags/tutorial_taskflow_api_virtualenv.py took 0.082 seconds
[2024-10-22T07:32:21.581+0000] {processor.py:186} INFO - Started process (PID=84361) to work on /home/airflow/.local/lib/python3.12/site-packages/airflow/example_dags/tutorial_taskflow_api_virtualenv.py
[2024-10-22T07:32:21.583+0000] {processor.py:914} INFO - Processing file /home/airflow/.local/lib/python3.12/site-packages/airflow/example_dags/tutorial_taskflow_api_virtualenv.py for tasks to queue
[2024-10-22T07:32:21.584+0000] {logging_mixin.py:190} INFO - [2024-10-22T07:32:21.584+0000] {dagbag.py:588} INFO - Filling up the DagBag from /home/airflow/.local/lib/python3.12/site-packages/airflow/example_dags/tutorial_taskflow_api_virtualenv.py
[2024-10-22T07:32:21.598+0000] {processor.py:925} INFO - DAG(s) 'tutorial_taskflow_api_virtualenv' retrieved from /home/airflow/.local/lib/python3.12/site-packages/airflow/example_dags/tutorial_taskflow_api_virtualenv.py
[2024-10-22T07:32:21.624+0000] {logging_mixin.py:190} INFO - [2024-10-22T07:32:21.624+0000] {dag.py:3239} INFO - Sync 1 DAGs
[2024-10-22T07:32:21.656+0000] {logging_mixin.py:190} INFO - [2024-10-22T07:32:21.655+0000] {dag.py:4180} INFO - Setting next_dagrun for tutorial_taskflow_api_virtualenv to None, run_after=None
[2024-10-22T07:32:21.674+0000] {processor.py:208} INFO - Processing /home/airflow/.local/lib/python3.12/site-packages/airflow/example_dags/tutorial_taskflow_api_virtualenv.py took 0.102 seconds
[2024-10-22T07:32:52.088+0000] {processor.py:186} INFO - Started process (PID=84428) to work on /home/airflow/.local/lib/python3.12/site-packages/airflow/example_dags/tutorial_taskflow_api_virtualenv.py
[2024-10-22T07:32:52.089+0000] {processor.py:914} INFO - Processing file /home/airflow/.local/lib/python3.12/site-packages/airflow/example_dags/tutorial_taskflow_api_virtualenv.py for tasks to queue
[2024-10-22T07:32:52.091+0000] {logging_mixin.py:190} INFO - [2024-10-22T07:32:52.090+0000] {dagbag.py:588} INFO - Filling up the DagBag from /home/airflow/.local/lib/python3.12/site-packages/airflow/example_dags/tutorial_taskflow_api_virtualenv.py
[2024-10-22T07:32:52.104+0000] {processor.py:925} INFO - DAG(s) 'tutorial_taskflow_api_virtualenv' retrieved from /home/airflow/.local/lib/python3.12/site-packages/airflow/example_dags/tutorial_taskflow_api_virtualenv.py
[2024-10-22T07:32:52.132+0000] {logging_mixin.py:190} INFO - [2024-10-22T07:32:52.131+0000] {dag.py:3239} INFO - Sync 1 DAGs
[2024-10-22T07:32:52.149+0000] {logging_mixin.py:190} INFO - [2024-10-22T07:32:52.149+0000] {dag.py:4180} INFO - Setting next_dagrun for tutorial_taskflow_api_virtualenv to None, run_after=None
[2024-10-22T07:32:52.166+0000] {processor.py:208} INFO - Processing /home/airflow/.local/lib/python3.12/site-packages/airflow/example_dags/tutorial_taskflow_api_virtualenv.py took 0.085 seconds
[2024-10-22T07:33:22.483+0000] {processor.py:186} INFO - Started process (PID=84495) to work on /home/airflow/.local/lib/python3.12/site-packages/airflow/example_dags/tutorial_taskflow_api_virtualenv.py
[2024-10-22T07:33:22.485+0000] {processor.py:914} INFO - Processing file /home/airflow/.local/lib/python3.12/site-packages/airflow/example_dags/tutorial_taskflow_api_virtualenv.py for tasks to queue
[2024-10-22T07:33:22.486+0000] {logging_mixin.py:190} INFO - [2024-10-22T07:33:22.486+0000] {dagbag.py:588} INFO - Filling up the DagBag from /home/airflow/.local/lib/python3.12/site-packages/airflow/example_dags/tutorial_taskflow_api_virtualenv.py
[2024-10-22T07:33:22.500+0000] {processor.py:925} INFO - DAG(s) 'tutorial_taskflow_api_virtualenv' retrieved from /home/airflow/.local/lib/python3.12/site-packages/airflow/example_dags/tutorial_taskflow_api_virtualenv.py
[2024-10-22T07:33:22.522+0000] {logging_mixin.py:190} INFO - [2024-10-22T07:33:22.522+0000] {dag.py:3239} INFO - Sync 1 DAGs
[2024-10-22T07:33:22.545+0000] {logging_mixin.py:190} INFO - [2024-10-22T07:33:22.544+0000] {dag.py:4180} INFO - Setting next_dagrun for tutorial_taskflow_api_virtualenv to None, run_after=None
[2024-10-22T07:33:22.573+0000] {processor.py:208} INFO - Processing /home/airflow/.local/lib/python3.12/site-packages/airflow/example_dags/tutorial_taskflow_api_virtualenv.py took 0.106 seconds
[2024-10-22T07:33:53.821+0000] {processor.py:186} INFO - Started process (PID=84562) to work on /home/airflow/.local/lib/python3.12/site-packages/airflow/example_dags/tutorial_taskflow_api_virtualenv.py
[2024-10-22T07:33:53.824+0000] {processor.py:914} INFO - Processing file /home/airflow/.local/lib/python3.12/site-packages/airflow/example_dags/tutorial_taskflow_api_virtualenv.py for tasks to queue
[2024-10-22T07:33:53.827+0000] {logging_mixin.py:190} INFO - [2024-10-22T07:33:53.826+0000] {dagbag.py:588} INFO - Filling up the DagBag from /home/airflow/.local/lib/python3.12/site-packages/airflow/example_dags/tutorial_taskflow_api_virtualenv.py
[2024-10-22T07:33:53.874+0000] {processor.py:925} INFO - DAG(s) 'tutorial_taskflow_api_virtualenv' retrieved from /home/airflow/.local/lib/python3.12/site-packages/airflow/example_dags/tutorial_taskflow_api_virtualenv.py
[2024-10-22T07:33:53.952+0000] {logging_mixin.py:190} INFO - [2024-10-22T07:33:53.951+0000] {dag.py:3239} INFO - Sync 1 DAGs
[2024-10-22T07:33:54.023+0000] {logging_mixin.py:190} INFO - [2024-10-22T07:33:54.022+0000] {dag.py:4180} INFO - Setting next_dagrun for tutorial_taskflow_api_virtualenv to None, run_after=None
[2024-10-22T07:33:54.107+0000] {processor.py:208} INFO - Processing /home/airflow/.local/lib/python3.12/site-packages/airflow/example_dags/tutorial_taskflow_api_virtualenv.py took 0.315 seconds
[2024-10-22T07:34:24.329+0000] {processor.py:186} INFO - Started process (PID=84629) to work on /home/airflow/.local/lib/python3.12/site-packages/airflow/example_dags/tutorial_taskflow_api_virtualenv.py
[2024-10-22T07:34:24.330+0000] {processor.py:914} INFO - Processing file /home/airflow/.local/lib/python3.12/site-packages/airflow/example_dags/tutorial_taskflow_api_virtualenv.py for tasks to queue
[2024-10-22T07:34:24.332+0000] {logging_mixin.py:190} INFO - [2024-10-22T07:34:24.331+0000] {dagbag.py:588} INFO - Filling up the DagBag from /home/airflow/.local/lib/python3.12/site-packages/airflow/example_dags/tutorial_taskflow_api_virtualenv.py
[2024-10-22T07:34:24.344+0000] {processor.py:925} INFO - DAG(s) 'tutorial_taskflow_api_virtualenv' retrieved from /home/airflow/.local/lib/python3.12/site-packages/airflow/example_dags/tutorial_taskflow_api_virtualenv.py
[2024-10-22T07:34:24.367+0000] {logging_mixin.py:190} INFO - [2024-10-22T07:34:24.367+0000] {dag.py:3239} INFO - Sync 1 DAGs
[2024-10-22T07:34:24.384+0000] {logging_mixin.py:190} INFO - [2024-10-22T07:34:24.383+0000] {dag.py:4180} INFO - Setting next_dagrun for tutorial_taskflow_api_virtualenv to None, run_after=None
[2024-10-22T07:34:24.403+0000] {processor.py:208} INFO - Processing /home/airflow/.local/lib/python3.12/site-packages/airflow/example_dags/tutorial_taskflow_api_virtualenv.py took 0.083 seconds
[2024-10-22T07:34:55.101+0000] {processor.py:186} INFO - Started process (PID=84696) to work on /home/airflow/.local/lib/python3.12/site-packages/airflow/example_dags/tutorial_taskflow_api_virtualenv.py
[2024-10-22T07:34:55.101+0000] {processor.py:914} INFO - Processing file /home/airflow/.local/lib/python3.12/site-packages/airflow/example_dags/tutorial_taskflow_api_virtualenv.py for tasks to queue
[2024-10-22T07:34:55.103+0000] {logging_mixin.py:190} INFO - [2024-10-22T07:34:55.102+0000] {dagbag.py:588} INFO - Filling up the DagBag from /home/airflow/.local/lib/python3.12/site-packages/airflow/example_dags/tutorial_taskflow_api_virtualenv.py
[2024-10-22T07:34:55.115+0000] {processor.py:925} INFO - DAG(s) 'tutorial_taskflow_api_virtualenv' retrieved from /home/airflow/.local/lib/python3.12/site-packages/airflow/example_dags/tutorial_taskflow_api_virtualenv.py
[2024-10-22T07:34:55.138+0000] {logging_mixin.py:190} INFO - [2024-10-22T07:34:55.138+0000] {dag.py:3239} INFO - Sync 1 DAGs
[2024-10-22T07:34:55.154+0000] {logging_mixin.py:190} INFO - [2024-10-22T07:34:55.154+0000] {dag.py:4180} INFO - Setting next_dagrun for tutorial_taskflow_api_virtualenv to None, run_after=None
[2024-10-22T07:34:55.172+0000] {processor.py:208} INFO - Processing /home/airflow/.local/lib/python3.12/site-packages/airflow/example_dags/tutorial_taskflow_api_virtualenv.py took 0.079 seconds
[2024-10-22T07:35:25.379+0000] {processor.py:186} INFO - Started process (PID=84763) to work on /home/airflow/.local/lib/python3.12/site-packages/airflow/example_dags/tutorial_taskflow_api_virtualenv.py
[2024-10-22T07:35:25.381+0000] {processor.py:914} INFO - Processing file /home/airflow/.local/lib/python3.12/site-packages/airflow/example_dags/tutorial_taskflow_api_virtualenv.py for tasks to queue
[2024-10-22T07:35:25.382+0000] {logging_mixin.py:190} INFO - [2024-10-22T07:35:25.382+0000] {dagbag.py:588} INFO - Filling up the DagBag from /home/airflow/.local/lib/python3.12/site-packages/airflow/example_dags/tutorial_taskflow_api_virtualenv.py
[2024-10-22T07:35:25.395+0000] {processor.py:925} INFO - DAG(s) 'tutorial_taskflow_api_virtualenv' retrieved from /home/airflow/.local/lib/python3.12/site-packages/airflow/example_dags/tutorial_taskflow_api_virtualenv.py
[2024-10-22T07:35:25.419+0000] {logging_mixin.py:190} INFO - [2024-10-22T07:35:25.419+0000] {dag.py:3239} INFO - Sync 1 DAGs
[2024-10-22T07:35:25.437+0000] {logging_mixin.py:190} INFO - [2024-10-22T07:35:25.436+0000] {dag.py:4180} INFO - Setting next_dagrun for tutorial_taskflow_api_virtualenv to None, run_after=None
[2024-10-22T07:35:25.454+0000] {processor.py:208} INFO - Processing /home/airflow/.local/lib/python3.12/site-packages/airflow/example_dags/tutorial_taskflow_api_virtualenv.py took 0.084 seconds
[2024-10-22T07:35:56.448+0000] {processor.py:186} INFO - Started process (PID=84830) to work on /home/airflow/.local/lib/python3.12/site-packages/airflow/example_dags/tutorial_taskflow_api_virtualenv.py
[2024-10-22T07:35:56.449+0000] {processor.py:914} INFO - Processing file /home/airflow/.local/lib/python3.12/site-packages/airflow/example_dags/tutorial_taskflow_api_virtualenv.py for tasks to queue
[2024-10-22T07:35:56.451+0000] {logging_mixin.py:190} INFO - [2024-10-22T07:35:56.450+0000] {dagbag.py:588} INFO - Filling up the DagBag from /home/airflow/.local/lib/python3.12/site-packages/airflow/example_dags/tutorial_taskflow_api_virtualenv.py
[2024-10-22T07:35:56.463+0000] {processor.py:925} INFO - DAG(s) 'tutorial_taskflow_api_virtualenv' retrieved from /home/airflow/.local/lib/python3.12/site-packages/airflow/example_dags/tutorial_taskflow_api_virtualenv.py
[2024-10-22T07:35:56.486+0000] {logging_mixin.py:190} INFO - [2024-10-22T07:35:56.486+0000] {dag.py:3239} INFO - Sync 1 DAGs
[2024-10-22T07:35:56.502+0000] {logging_mixin.py:190} INFO - [2024-10-22T07:35:56.502+0000] {dag.py:4180} INFO - Setting next_dagrun for tutorial_taskflow_api_virtualenv to None, run_after=None
[2024-10-22T07:35:56.530+0000] {processor.py:208} INFO - Processing /home/airflow/.local/lib/python3.12/site-packages/airflow/example_dags/tutorial_taskflow_api_virtualenv.py took 0.089 seconds
[2024-10-22T07:36:26.894+0000] {processor.py:186} INFO - Started process (PID=84897) to work on /home/airflow/.local/lib/python3.12/site-packages/airflow/example_dags/tutorial_taskflow_api_virtualenv.py
[2024-10-22T07:36:26.896+0000] {processor.py:914} INFO - Processing file /home/airflow/.local/lib/python3.12/site-packages/airflow/example_dags/tutorial_taskflow_api_virtualenv.py for tasks to queue
[2024-10-22T07:36:26.897+0000] {logging_mixin.py:190} INFO - [2024-10-22T07:36:26.897+0000] {dagbag.py:588} INFO - Filling up the DagBag from /home/airflow/.local/lib/python3.12/site-packages/airflow/example_dags/tutorial_taskflow_api_virtualenv.py
[2024-10-22T07:36:26.911+0000] {processor.py:925} INFO - DAG(s) 'tutorial_taskflow_api_virtualenv' retrieved from /home/airflow/.local/lib/python3.12/site-packages/airflow/example_dags/tutorial_taskflow_api_virtualenv.py
[2024-10-22T07:36:26.936+0000] {logging_mixin.py:190} INFO - [2024-10-22T07:36:26.936+0000] {dag.py:3239} INFO - Sync 1 DAGs
[2024-10-22T07:36:26.955+0000] {logging_mixin.py:190} INFO - [2024-10-22T07:36:26.955+0000] {dag.py:4180} INFO - Setting next_dagrun for tutorial_taskflow_api_virtualenv to None, run_after=None
[2024-10-22T07:36:26.976+0000] {processor.py:208} INFO - Processing /home/airflow/.local/lib/python3.12/site-packages/airflow/example_dags/tutorial_taskflow_api_virtualenv.py took 0.091 seconds
[2024-10-22T07:36:57.458+0000] {processor.py:186} INFO - Started process (PID=84964) to work on /home/airflow/.local/lib/python3.12/site-packages/airflow/example_dags/tutorial_taskflow_api_virtualenv.py
[2024-10-22T07:36:57.459+0000] {processor.py:914} INFO - Processing file /home/airflow/.local/lib/python3.12/site-packages/airflow/example_dags/tutorial_taskflow_api_virtualenv.py for tasks to queue
[2024-10-22T07:36:57.460+0000] {logging_mixin.py:190} INFO - [2024-10-22T07:36:57.460+0000] {dagbag.py:588} INFO - Filling up the DagBag from /home/airflow/.local/lib/python3.12/site-packages/airflow/example_dags/tutorial_taskflow_api_virtualenv.py
[2024-10-22T07:36:57.473+0000] {processor.py:925} INFO - DAG(s) 'tutorial_taskflow_api_virtualenv' retrieved from /home/airflow/.local/lib/python3.12/site-packages/airflow/example_dags/tutorial_taskflow_api_virtualenv.py
[2024-10-22T07:36:57.496+0000] {logging_mixin.py:190} INFO - [2024-10-22T07:36:57.495+0000] {dag.py:3239} INFO - Sync 1 DAGs
[2024-10-22T07:36:57.512+0000] {logging_mixin.py:190} INFO - [2024-10-22T07:36:57.512+0000] {dag.py:4180} INFO - Setting next_dagrun for tutorial_taskflow_api_virtualenv to None, run_after=None
[2024-10-22T07:36:57.529+0000] {processor.py:208} INFO - Processing /home/airflow/.local/lib/python3.12/site-packages/airflow/example_dags/tutorial_taskflow_api_virtualenv.py took 0.079 seconds
[2024-10-22T07:37:27.688+0000] {processor.py:186} INFO - Started process (PID=85031) to work on /home/airflow/.local/lib/python3.12/site-packages/airflow/example_dags/tutorial_taskflow_api_virtualenv.py
[2024-10-22T07:37:27.689+0000] {processor.py:914} INFO - Processing file /home/airflow/.local/lib/python3.12/site-packages/airflow/example_dags/tutorial_taskflow_api_virtualenv.py for tasks to queue
[2024-10-22T07:37:27.691+0000] {logging_mixin.py:190} INFO - [2024-10-22T07:37:27.690+0000] {dagbag.py:588} INFO - Filling up the DagBag from /home/airflow/.local/lib/python3.12/site-packages/airflow/example_dags/tutorial_taskflow_api_virtualenv.py
[2024-10-22T07:37:27.703+0000] {processor.py:925} INFO - DAG(s) 'tutorial_taskflow_api_virtualenv' retrieved from /home/airflow/.local/lib/python3.12/site-packages/airflow/example_dags/tutorial_taskflow_api_virtualenv.py
[2024-10-22T07:37:27.727+0000] {logging_mixin.py:190} INFO - [2024-10-22T07:37:27.727+0000] {dag.py:3239} INFO - Sync 1 DAGs
[2024-10-22T07:37:27.745+0000] {logging_mixin.py:190} INFO - [2024-10-22T07:37:27.745+0000] {dag.py:4180} INFO - Setting next_dagrun for tutorial_taskflow_api_virtualenv to None, run_after=None
[2024-10-22T07:37:27.763+0000] {processor.py:208} INFO - Processing /home/airflow/.local/lib/python3.12/site-packages/airflow/example_dags/tutorial_taskflow_api_virtualenv.py took 0.086 seconds
[2024-10-22T07:37:57.804+0000] {processor.py:186} INFO - Started process (PID=85097) to work on /home/airflow/.local/lib/python3.12/site-packages/airflow/example_dags/tutorial_taskflow_api_virtualenv.py
[2024-10-22T07:37:57.805+0000] {processor.py:914} INFO - Processing file /home/airflow/.local/lib/python3.12/site-packages/airflow/example_dags/tutorial_taskflow_api_virtualenv.py for tasks to queue
[2024-10-22T07:37:57.806+0000] {logging_mixin.py:190} INFO - [2024-10-22T07:37:57.806+0000] {dagbag.py:588} INFO - Filling up the DagBag from /home/airflow/.local/lib/python3.12/site-packages/airflow/example_dags/tutorial_taskflow_api_virtualenv.py
[2024-10-22T07:37:57.819+0000] {processor.py:925} INFO - DAG(s) 'tutorial_taskflow_api_virtualenv' retrieved from /home/airflow/.local/lib/python3.12/site-packages/airflow/example_dags/tutorial_taskflow_api_virtualenv.py
[2024-10-22T07:37:57.843+0000] {logging_mixin.py:190} INFO - [2024-10-22T07:37:57.842+0000] {dag.py:3239} INFO - Sync 1 DAGs
[2024-10-22T07:37:57.859+0000] {logging_mixin.py:190} INFO - [2024-10-22T07:37:57.859+0000] {dag.py:4180} INFO - Setting next_dagrun for tutorial_taskflow_api_virtualenv to None, run_after=None
[2024-10-22T07:37:57.878+0000] {processor.py:208} INFO - Processing /home/airflow/.local/lib/python3.12/site-packages/airflow/example_dags/tutorial_taskflow_api_virtualenv.py took 0.081 seconds
[2024-10-22T07:38:28.085+0000] {processor.py:186} INFO - Started process (PID=85164) to work on /home/airflow/.local/lib/python3.12/site-packages/airflow/example_dags/tutorial_taskflow_api_virtualenv.py
[2024-10-22T07:38:28.086+0000] {processor.py:914} INFO - Processing file /home/airflow/.local/lib/python3.12/site-packages/airflow/example_dags/tutorial_taskflow_api_virtualenv.py for tasks to queue
[2024-10-22T07:38:28.088+0000] {logging_mixin.py:190} INFO - [2024-10-22T07:38:28.087+0000] {dagbag.py:588} INFO - Filling up the DagBag from /home/airflow/.local/lib/python3.12/site-packages/airflow/example_dags/tutorial_taskflow_api_virtualenv.py
[2024-10-22T07:38:28.100+0000] {processor.py:925} INFO - DAG(s) 'tutorial_taskflow_api_virtualenv' retrieved from /home/airflow/.local/lib/python3.12/site-packages/airflow/example_dags/tutorial_taskflow_api_virtualenv.py
[2024-10-22T07:38:28.125+0000] {logging_mixin.py:190} INFO - [2024-10-22T07:38:28.124+0000] {dag.py:3239} INFO - Sync 1 DAGs
[2024-10-22T07:38:28.141+0000] {logging_mixin.py:190} INFO - [2024-10-22T07:38:28.141+0000] {dag.py:4180} INFO - Setting next_dagrun for tutorial_taskflow_api_virtualenv to None, run_after=None
[2024-10-22T07:38:28.160+0000] {processor.py:208} INFO - Processing /home/airflow/.local/lib/python3.12/site-packages/airflow/example_dags/tutorial_taskflow_api_virtualenv.py took 0.083 seconds
[2024-10-22T07:38:58.326+0000] {processor.py:186} INFO - Started process (PID=85231) to work on /home/airflow/.local/lib/python3.12/site-packages/airflow/example_dags/tutorial_taskflow_api_virtualenv.py
[2024-10-22T07:38:58.327+0000] {processor.py:914} INFO - Processing file /home/airflow/.local/lib/python3.12/site-packages/airflow/example_dags/tutorial_taskflow_api_virtualenv.py for tasks to queue
[2024-10-22T07:38:58.328+0000] {logging_mixin.py:190} INFO - [2024-10-22T07:38:58.328+0000] {dagbag.py:588} INFO - Filling up the DagBag from /home/airflow/.local/lib/python3.12/site-packages/airflow/example_dags/tutorial_taskflow_api_virtualenv.py
[2024-10-22T07:38:58.340+0000] {processor.py:925} INFO - DAG(s) 'tutorial_taskflow_api_virtualenv' retrieved from /home/airflow/.local/lib/python3.12/site-packages/airflow/example_dags/tutorial_taskflow_api_virtualenv.py
[2024-10-22T07:38:58.368+0000] {logging_mixin.py:190} INFO - [2024-10-22T07:38:58.368+0000] {dag.py:3239} INFO - Sync 1 DAGs
[2024-10-22T07:38:58.385+0000] {logging_mixin.py:190} INFO - [2024-10-22T07:38:58.384+0000] {dag.py:4180} INFO - Setting next_dagrun for tutorial_taskflow_api_virtualenv to None, run_after=None
[2024-10-22T07:38:58.404+0000] {processor.py:208} INFO - Processing /home/airflow/.local/lib/python3.12/site-packages/airflow/example_dags/tutorial_taskflow_api_virtualenv.py took 0.085 seconds
[2024-10-22T07:39:29.111+0000] {processor.py:186} INFO - Started process (PID=85297) to work on /home/airflow/.local/lib/python3.12/site-packages/airflow/example_dags/tutorial_taskflow_api_virtualenv.py
[2024-10-22T07:39:29.113+0000] {processor.py:914} INFO - Processing file /home/airflow/.local/lib/python3.12/site-packages/airflow/example_dags/tutorial_taskflow_api_virtualenv.py for tasks to queue
[2024-10-22T07:39:29.114+0000] {logging_mixin.py:190} INFO - [2024-10-22T07:39:29.114+0000] {dagbag.py:588} INFO - Filling up the DagBag from /home/airflow/.local/lib/python3.12/site-packages/airflow/example_dags/tutorial_taskflow_api_virtualenv.py
[2024-10-22T07:39:29.127+0000] {processor.py:925} INFO - DAG(s) 'tutorial_taskflow_api_virtualenv' retrieved from /home/airflow/.local/lib/python3.12/site-packages/airflow/example_dags/tutorial_taskflow_api_virtualenv.py
[2024-10-22T07:39:29.150+0000] {logging_mixin.py:190} INFO - [2024-10-22T07:39:29.149+0000] {dag.py:3239} INFO - Sync 1 DAGs
[2024-10-22T07:39:29.167+0000] {logging_mixin.py:190} INFO - [2024-10-22T07:39:29.167+0000] {dag.py:4180} INFO - Setting next_dagrun for tutorial_taskflow_api_virtualenv to None, run_after=None
[2024-10-22T07:39:29.185+0000] {processor.py:208} INFO - Processing /home/airflow/.local/lib/python3.12/site-packages/airflow/example_dags/tutorial_taskflow_api_virtualenv.py took 0.082 seconds
[2024-10-22T07:39:59.477+0000] {processor.py:186} INFO - Started process (PID=85364) to work on /home/airflow/.local/lib/python3.12/site-packages/airflow/example_dags/tutorial_taskflow_api_virtualenv.py
[2024-10-22T07:39:59.478+0000] {processor.py:914} INFO - Processing file /home/airflow/.local/lib/python3.12/site-packages/airflow/example_dags/tutorial_taskflow_api_virtualenv.py for tasks to queue
[2024-10-22T07:39:59.479+0000] {logging_mixin.py:190} INFO - [2024-10-22T07:39:59.479+0000] {dagbag.py:588} INFO - Filling up the DagBag from /home/airflow/.local/lib/python3.12/site-packages/airflow/example_dags/tutorial_taskflow_api_virtualenv.py
[2024-10-22T07:39:59.492+0000] {processor.py:925} INFO - DAG(s) 'tutorial_taskflow_api_virtualenv' retrieved from /home/airflow/.local/lib/python3.12/site-packages/airflow/example_dags/tutorial_taskflow_api_virtualenv.py
[2024-10-22T07:39:59.514+0000] {logging_mixin.py:190} INFO - [2024-10-22T07:39:59.514+0000] {dag.py:3239} INFO - Sync 1 DAGs
[2024-10-22T07:39:59.531+0000] {logging_mixin.py:190} INFO - [2024-10-22T07:39:59.530+0000] {dag.py:4180} INFO - Setting next_dagrun for tutorial_taskflow_api_virtualenv to None, run_after=None
[2024-10-22T07:39:59.555+0000] {processor.py:208} INFO - Processing /home/airflow/.local/lib/python3.12/site-packages/airflow/example_dags/tutorial_taskflow_api_virtualenv.py took 0.085 seconds
[2024-10-22T07:40:29.995+0000] {processor.py:186} INFO - Started process (PID=85431) to work on /home/airflow/.local/lib/python3.12/site-packages/airflow/example_dags/tutorial_taskflow_api_virtualenv.py
[2024-10-22T07:40:29.996+0000] {processor.py:914} INFO - Processing file /home/airflow/.local/lib/python3.12/site-packages/airflow/example_dags/tutorial_taskflow_api_virtualenv.py for tasks to queue
[2024-10-22T07:40:29.998+0000] {logging_mixin.py:190} INFO - [2024-10-22T07:40:29.997+0000] {dagbag.py:588} INFO - Filling up the DagBag from /home/airflow/.local/lib/python3.12/site-packages/airflow/example_dags/tutorial_taskflow_api_virtualenv.py
[2024-10-22T07:40:30.010+0000] {processor.py:925} INFO - DAG(s) 'tutorial_taskflow_api_virtualenv' retrieved from /home/airflow/.local/lib/python3.12/site-packages/airflow/example_dags/tutorial_taskflow_api_virtualenv.py
[2024-10-22T07:40:30.035+0000] {logging_mixin.py:190} INFO - [2024-10-22T07:40:30.035+0000] {dag.py:3239} INFO - Sync 1 DAGs
[2024-10-22T07:40:30.084+0000] {logging_mixin.py:190} INFO - [2024-10-22T07:40:30.083+0000] {dag.py:4180} INFO - Setting next_dagrun for tutorial_taskflow_api_virtualenv to None, run_after=None
[2024-10-22T07:40:30.112+0000] {processor.py:208} INFO - Processing /home/airflow/.local/lib/python3.12/site-packages/airflow/example_dags/tutorial_taskflow_api_virtualenv.py took 0.126 seconds
[2024-10-22T07:41:00.612+0000] {processor.py:186} INFO - Started process (PID=85498) to work on /home/airflow/.local/lib/python3.12/site-packages/airflow/example_dags/tutorial_taskflow_api_virtualenv.py
[2024-10-22T07:41:00.613+0000] {processor.py:914} INFO - Processing file /home/airflow/.local/lib/python3.12/site-packages/airflow/example_dags/tutorial_taskflow_api_virtualenv.py for tasks to queue
[2024-10-22T07:41:00.614+0000] {logging_mixin.py:190} INFO - [2024-10-22T07:41:00.614+0000] {dagbag.py:588} INFO - Filling up the DagBag from /home/airflow/.local/lib/python3.12/site-packages/airflow/example_dags/tutorial_taskflow_api_virtualenv.py
[2024-10-22T07:41:00.629+0000] {processor.py:925} INFO - DAG(s) 'tutorial_taskflow_api_virtualenv' retrieved from /home/airflow/.local/lib/python3.12/site-packages/airflow/example_dags/tutorial_taskflow_api_virtualenv.py
[2024-10-22T07:41:00.657+0000] {logging_mixin.py:190} INFO - [2024-10-22T07:41:00.657+0000] {dag.py:3239} INFO - Sync 1 DAGs
[2024-10-22T07:41:00.677+0000] {logging_mixin.py:190} INFO - [2024-10-22T07:41:00.677+0000] {dag.py:4180} INFO - Setting next_dagrun for tutorial_taskflow_api_virtualenv to None, run_after=None
[2024-10-22T07:41:00.702+0000] {processor.py:208} INFO - Processing /home/airflow/.local/lib/python3.12/site-packages/airflow/example_dags/tutorial_taskflow_api_virtualenv.py took 0.099 seconds
[2024-10-22T07:41:31.414+0000] {processor.py:186} INFO - Started process (PID=85565) to work on /home/airflow/.local/lib/python3.12/site-packages/airflow/example_dags/tutorial_taskflow_api_virtualenv.py
[2024-10-22T07:41:31.415+0000] {processor.py:914} INFO - Processing file /home/airflow/.local/lib/python3.12/site-packages/airflow/example_dags/tutorial_taskflow_api_virtualenv.py for tasks to queue
[2024-10-22T07:41:31.416+0000] {logging_mixin.py:190} INFO - [2024-10-22T07:41:31.416+0000] {dagbag.py:588} INFO - Filling up the DagBag from /home/airflow/.local/lib/python3.12/site-packages/airflow/example_dags/tutorial_taskflow_api_virtualenv.py
[2024-10-22T07:41:31.429+0000] {processor.py:925} INFO - DAG(s) 'tutorial_taskflow_api_virtualenv' retrieved from /home/airflow/.local/lib/python3.12/site-packages/airflow/example_dags/tutorial_taskflow_api_virtualenv.py
[2024-10-22T07:41:31.451+0000] {logging_mixin.py:190} INFO - [2024-10-22T07:41:31.450+0000] {dag.py:3239} INFO - Sync 1 DAGs
[2024-10-22T07:41:31.468+0000] {logging_mixin.py:190} INFO - [2024-10-22T07:41:31.467+0000] {dag.py:4180} INFO - Setting next_dagrun for tutorial_taskflow_api_virtualenv to None, run_after=None
[2024-10-22T07:41:31.485+0000] {processor.py:208} INFO - Processing /home/airflow/.local/lib/python3.12/site-packages/airflow/example_dags/tutorial_taskflow_api_virtualenv.py took 0.079 seconds
[2024-10-22T07:42:01.918+0000] {processor.py:186} INFO - Started process (PID=85632) to work on /home/airflow/.local/lib/python3.12/site-packages/airflow/example_dags/tutorial_taskflow_api_virtualenv.py
[2024-10-22T07:42:01.919+0000] {processor.py:914} INFO - Processing file /home/airflow/.local/lib/python3.12/site-packages/airflow/example_dags/tutorial_taskflow_api_virtualenv.py for tasks to queue
[2024-10-22T07:42:01.921+0000] {logging_mixin.py:190} INFO - [2024-10-22T07:42:01.920+0000] {dagbag.py:588} INFO - Filling up the DagBag from /home/airflow/.local/lib/python3.12/site-packages/airflow/example_dags/tutorial_taskflow_api_virtualenv.py
[2024-10-22T07:42:01.933+0000] {processor.py:925} INFO - DAG(s) 'tutorial_taskflow_api_virtualenv' retrieved from /home/airflow/.local/lib/python3.12/site-packages/airflow/example_dags/tutorial_taskflow_api_virtualenv.py
[2024-10-22T07:42:01.954+0000] {logging_mixin.py:190} INFO - [2024-10-22T07:42:01.954+0000] {dag.py:3239} INFO - Sync 1 DAGs
[2024-10-22T07:42:01.972+0000] {logging_mixin.py:190} INFO - [2024-10-22T07:42:01.972+0000] {dag.py:4180} INFO - Setting next_dagrun for tutorial_taskflow_api_virtualenv to None, run_after=None
[2024-10-22T07:42:01.991+0000] {processor.py:208} INFO - Processing /home/airflow/.local/lib/python3.12/site-packages/airflow/example_dags/tutorial_taskflow_api_virtualenv.py took 0.080 seconds
[2024-10-22T07:42:32.270+0000] {processor.py:186} INFO - Started process (PID=85699) to work on /home/airflow/.local/lib/python3.12/site-packages/airflow/example_dags/tutorial_taskflow_api_virtualenv.py
[2024-10-22T07:42:32.271+0000] {processor.py:914} INFO - Processing file /home/airflow/.local/lib/python3.12/site-packages/airflow/example_dags/tutorial_taskflow_api_virtualenv.py for tasks to queue
[2024-10-22T07:42:32.273+0000] {logging_mixin.py:190} INFO - [2024-10-22T07:42:32.272+0000] {dagbag.py:588} INFO - Filling up the DagBag from /home/airflow/.local/lib/python3.12/site-packages/airflow/example_dags/tutorial_taskflow_api_virtualenv.py
[2024-10-22T07:42:32.285+0000] {processor.py:925} INFO - DAG(s) 'tutorial_taskflow_api_virtualenv' retrieved from /home/airflow/.local/lib/python3.12/site-packages/airflow/example_dags/tutorial_taskflow_api_virtualenv.py
[2024-10-22T07:42:32.308+0000] {logging_mixin.py:190} INFO - [2024-10-22T07:42:32.307+0000] {dag.py:3239} INFO - Sync 1 DAGs
[2024-10-22T07:42:32.325+0000] {logging_mixin.py:190} INFO - [2024-10-22T07:42:32.325+0000] {dag.py:4180} INFO - Setting next_dagrun for tutorial_taskflow_api_virtualenv to None, run_after=None
[2024-10-22T07:42:32.343+0000] {processor.py:208} INFO - Processing /home/airflow/.local/lib/python3.12/site-packages/airflow/example_dags/tutorial_taskflow_api_virtualenv.py took 0.080 seconds
[2024-10-22T07:43:02.843+0000] {processor.py:186} INFO - Started process (PID=85766) to work on /home/airflow/.local/lib/python3.12/site-packages/airflow/example_dags/tutorial_taskflow_api_virtualenv.py
[2024-10-22T07:43:02.844+0000] {processor.py:914} INFO - Processing file /home/airflow/.local/lib/python3.12/site-packages/airflow/example_dags/tutorial_taskflow_api_virtualenv.py for tasks to queue
[2024-10-22T07:43:02.846+0000] {logging_mixin.py:190} INFO - [2024-10-22T07:43:02.845+0000] {dagbag.py:588} INFO - Filling up the DagBag from /home/airflow/.local/lib/python3.12/site-packages/airflow/example_dags/tutorial_taskflow_api_virtualenv.py
[2024-10-22T07:43:02.858+0000] {processor.py:925} INFO - DAG(s) 'tutorial_taskflow_api_virtualenv' retrieved from /home/airflow/.local/lib/python3.12/site-packages/airflow/example_dags/tutorial_taskflow_api_virtualenv.py
[2024-10-22T07:43:02.878+0000] {logging_mixin.py:190} INFO - [2024-10-22T07:43:02.878+0000] {dag.py:3239} INFO - Sync 1 DAGs
[2024-10-22T07:43:02.895+0000] {logging_mixin.py:190} INFO - [2024-10-22T07:43:02.895+0000] {dag.py:4180} INFO - Setting next_dagrun for tutorial_taskflow_api_virtualenv to None, run_after=None
[2024-10-22T07:43:02.914+0000] {processor.py:208} INFO - Processing /home/airflow/.local/lib/python3.12/site-packages/airflow/example_dags/tutorial_taskflow_api_virtualenv.py took 0.078 seconds
[2024-10-22T07:43:33.602+0000] {processor.py:186} INFO - Started process (PID=85833) to work on /home/airflow/.local/lib/python3.12/site-packages/airflow/example_dags/tutorial_taskflow_api_virtualenv.py
[2024-10-22T07:43:33.603+0000] {processor.py:914} INFO - Processing file /home/airflow/.local/lib/python3.12/site-packages/airflow/example_dags/tutorial_taskflow_api_virtualenv.py for tasks to queue
[2024-10-22T07:43:33.605+0000] {logging_mixin.py:190} INFO - [2024-10-22T07:43:33.604+0000] {dagbag.py:588} INFO - Filling up the DagBag from /home/airflow/.local/lib/python3.12/site-packages/airflow/example_dags/tutorial_taskflow_api_virtualenv.py
[2024-10-22T07:43:33.617+0000] {processor.py:925} INFO - DAG(s) 'tutorial_taskflow_api_virtualenv' retrieved from /home/airflow/.local/lib/python3.12/site-packages/airflow/example_dags/tutorial_taskflow_api_virtualenv.py
[2024-10-22T07:43:33.641+0000] {logging_mixin.py:190} INFO - [2024-10-22T07:43:33.641+0000] {dag.py:3239} INFO - Sync 1 DAGs
[2024-10-22T07:43:33.658+0000] {logging_mixin.py:190} INFO - [2024-10-22T07:43:33.658+0000] {dag.py:4180} INFO - Setting next_dagrun for tutorial_taskflow_api_virtualenv to None, run_after=None
[2024-10-22T07:43:33.676+0000] {processor.py:208} INFO - Processing /home/airflow/.local/lib/python3.12/site-packages/airflow/example_dags/tutorial_taskflow_api_virtualenv.py took 0.081 seconds
[2024-10-22T07:44:04.596+0000] {processor.py:186} INFO - Started process (PID=85900) to work on /home/airflow/.local/lib/python3.12/site-packages/airflow/example_dags/tutorial_taskflow_api_virtualenv.py
[2024-10-22T07:44:04.597+0000] {processor.py:914} INFO - Processing file /home/airflow/.local/lib/python3.12/site-packages/airflow/example_dags/tutorial_taskflow_api_virtualenv.py for tasks to queue
[2024-10-22T07:44:04.598+0000] {logging_mixin.py:190} INFO - [2024-10-22T07:44:04.598+0000] {dagbag.py:588} INFO - Filling up the DagBag from /home/airflow/.local/lib/python3.12/site-packages/airflow/example_dags/tutorial_taskflow_api_virtualenv.py
[2024-10-22T07:44:04.610+0000] {processor.py:925} INFO - DAG(s) 'tutorial_taskflow_api_virtualenv' retrieved from /home/airflow/.local/lib/python3.12/site-packages/airflow/example_dags/tutorial_taskflow_api_virtualenv.py
[2024-10-22T07:44:04.632+0000] {logging_mixin.py:190} INFO - [2024-10-22T07:44:04.632+0000] {dag.py:3239} INFO - Sync 1 DAGs
[2024-10-22T07:44:04.648+0000] {logging_mixin.py:190} INFO - [2024-10-22T07:44:04.647+0000] {dag.py:4180} INFO - Setting next_dagrun for tutorial_taskflow_api_virtualenv to None, run_after=None
[2024-10-22T07:44:04.665+0000] {processor.py:208} INFO - Processing /home/airflow/.local/lib/python3.12/site-packages/airflow/example_dags/tutorial_taskflow_api_virtualenv.py took 0.076 seconds
[2024-10-22T07:44:35.069+0000] {processor.py:186} INFO - Started process (PID=85967) to work on /home/airflow/.local/lib/python3.12/site-packages/airflow/example_dags/tutorial_taskflow_api_virtualenv.py
[2024-10-22T07:44:35.070+0000] {processor.py:914} INFO - Processing file /home/airflow/.local/lib/python3.12/site-packages/airflow/example_dags/tutorial_taskflow_api_virtualenv.py for tasks to queue
[2024-10-22T07:44:35.072+0000] {logging_mixin.py:190} INFO - [2024-10-22T07:44:35.071+0000] {dagbag.py:588} INFO - Filling up the DagBag from /home/airflow/.local/lib/python3.12/site-packages/airflow/example_dags/tutorial_taskflow_api_virtualenv.py
[2024-10-22T07:44:35.084+0000] {processor.py:925} INFO - DAG(s) 'tutorial_taskflow_api_virtualenv' retrieved from /home/airflow/.local/lib/python3.12/site-packages/airflow/example_dags/tutorial_taskflow_api_virtualenv.py
[2024-10-22T07:44:35.109+0000] {logging_mixin.py:190} INFO - [2024-10-22T07:44:35.108+0000] {dag.py:3239} INFO - Sync 1 DAGs
[2024-10-22T07:44:35.126+0000] {logging_mixin.py:190} INFO - [2024-10-22T07:44:35.125+0000] {dag.py:4180} INFO - Setting next_dagrun for tutorial_taskflow_api_virtualenv to None, run_after=None
[2024-10-22T07:44:35.143+0000] {processor.py:208} INFO - Processing /home/airflow/.local/lib/python3.12/site-packages/airflow/example_dags/tutorial_taskflow_api_virtualenv.py took 0.082 seconds
[2024-10-22T07:45:05.753+0000] {processor.py:186} INFO - Started process (PID=86034) to work on /home/airflow/.local/lib/python3.12/site-packages/airflow/example_dags/tutorial_taskflow_api_virtualenv.py
[2024-10-22T07:45:05.755+0000] {processor.py:914} INFO - Processing file /home/airflow/.local/lib/python3.12/site-packages/airflow/example_dags/tutorial_taskflow_api_virtualenv.py for tasks to queue
[2024-10-22T07:45:05.756+0000] {logging_mixin.py:190} INFO - [2024-10-22T07:45:05.756+0000] {dagbag.py:588} INFO - Filling up the DagBag from /home/airflow/.local/lib/python3.12/site-packages/airflow/example_dags/tutorial_taskflow_api_virtualenv.py
[2024-10-22T07:45:05.768+0000] {processor.py:925} INFO - DAG(s) 'tutorial_taskflow_api_virtualenv' retrieved from /home/airflow/.local/lib/python3.12/site-packages/airflow/example_dags/tutorial_taskflow_api_virtualenv.py
[2024-10-22T07:45:05.791+0000] {logging_mixin.py:190} INFO - [2024-10-22T07:45:05.790+0000] {dag.py:3239} INFO - Sync 1 DAGs
[2024-10-22T07:45:05.807+0000] {logging_mixin.py:190} INFO - [2024-10-22T07:45:05.807+0000] {dag.py:4180} INFO - Setting next_dagrun for tutorial_taskflow_api_virtualenv to None, run_after=None
[2024-10-22T07:45:05.824+0000] {processor.py:208} INFO - Processing /home/airflow/.local/lib/python3.12/site-packages/airflow/example_dags/tutorial_taskflow_api_virtualenv.py took 0.078 seconds
[2024-10-22T07:45:36.369+0000] {processor.py:186} INFO - Started process (PID=86101) to work on /home/airflow/.local/lib/python3.12/site-packages/airflow/example_dags/tutorial_taskflow_api_virtualenv.py
[2024-10-22T07:45:36.369+0000] {processor.py:914} INFO - Processing file /home/airflow/.local/lib/python3.12/site-packages/airflow/example_dags/tutorial_taskflow_api_virtualenv.py for tasks to queue
[2024-10-22T07:45:36.371+0000] {logging_mixin.py:190} INFO - [2024-10-22T07:45:36.371+0000] {dagbag.py:588} INFO - Filling up the DagBag from /home/airflow/.local/lib/python3.12/site-packages/airflow/example_dags/tutorial_taskflow_api_virtualenv.py
[2024-10-22T07:45:36.383+0000] {processor.py:925} INFO - DAG(s) 'tutorial_taskflow_api_virtualenv' retrieved from /home/airflow/.local/lib/python3.12/site-packages/airflow/example_dags/tutorial_taskflow_api_virtualenv.py
[2024-10-22T07:45:36.406+0000] {logging_mixin.py:190} INFO - [2024-10-22T07:45:36.406+0000] {dag.py:3239} INFO - Sync 1 DAGs
[2024-10-22T07:45:36.423+0000] {logging_mixin.py:190} INFO - [2024-10-22T07:45:36.422+0000] {dag.py:4180} INFO - Setting next_dagrun for tutorial_taskflow_api_virtualenv to None, run_after=None
[2024-10-22T07:45:36.440+0000] {processor.py:208} INFO - Processing /home/airflow/.local/lib/python3.12/site-packages/airflow/example_dags/tutorial_taskflow_api_virtualenv.py took 0.079 seconds
[2024-10-22T07:46:07.023+0000] {processor.py:186} INFO - Started process (PID=86168) to work on /home/airflow/.local/lib/python3.12/site-packages/airflow/example_dags/tutorial_taskflow_api_virtualenv.py
[2024-10-22T07:46:07.024+0000] {processor.py:914} INFO - Processing file /home/airflow/.local/lib/python3.12/site-packages/airflow/example_dags/tutorial_taskflow_api_virtualenv.py for tasks to queue
[2024-10-22T07:46:07.026+0000] {logging_mixin.py:190} INFO - [2024-10-22T07:46:07.025+0000] {dagbag.py:588} INFO - Filling up the DagBag from /home/airflow/.local/lib/python3.12/site-packages/airflow/example_dags/tutorial_taskflow_api_virtualenv.py
[2024-10-22T07:46:07.038+0000] {processor.py:925} INFO - DAG(s) 'tutorial_taskflow_api_virtualenv' retrieved from /home/airflow/.local/lib/python3.12/site-packages/airflow/example_dags/tutorial_taskflow_api_virtualenv.py
[2024-10-22T07:46:07.060+0000] {logging_mixin.py:190} INFO - [2024-10-22T07:46:07.060+0000] {dag.py:3239} INFO - Sync 1 DAGs
[2024-10-22T07:46:07.076+0000] {logging_mixin.py:190} INFO - [2024-10-22T07:46:07.076+0000] {dag.py:4180} INFO - Setting next_dagrun for tutorial_taskflow_api_virtualenv to None, run_after=None
[2024-10-22T07:46:07.095+0000] {processor.py:208} INFO - Processing /home/airflow/.local/lib/python3.12/site-packages/airflow/example_dags/tutorial_taskflow_api_virtualenv.py took 0.080 seconds
[2024-10-22T07:46:37.478+0000] {processor.py:186} INFO - Started process (PID=86234) to work on /home/airflow/.local/lib/python3.12/site-packages/airflow/example_dags/tutorial_taskflow_api_virtualenv.py
[2024-10-22T07:46:37.479+0000] {processor.py:914} INFO - Processing file /home/airflow/.local/lib/python3.12/site-packages/airflow/example_dags/tutorial_taskflow_api_virtualenv.py for tasks to queue
[2024-10-22T07:46:37.480+0000] {logging_mixin.py:190} INFO - [2024-10-22T07:46:37.479+0000] {dagbag.py:588} INFO - Filling up the DagBag from /home/airflow/.local/lib/python3.12/site-packages/airflow/example_dags/tutorial_taskflow_api_virtualenv.py
[2024-10-22T07:46:37.495+0000] {processor.py:925} INFO - DAG(s) 'tutorial_taskflow_api_virtualenv' retrieved from /home/airflow/.local/lib/python3.12/site-packages/airflow/example_dags/tutorial_taskflow_api_virtualenv.py
[2024-10-22T07:46:37.520+0000] {logging_mixin.py:190} INFO - [2024-10-22T07:46:37.520+0000] {dag.py:3239} INFO - Sync 1 DAGs
[2024-10-22T07:46:37.538+0000] {logging_mixin.py:190} INFO - [2024-10-22T07:46:37.537+0000] {dag.py:4180} INFO - Setting next_dagrun for tutorial_taskflow_api_virtualenv to None, run_after=None
[2024-10-22T07:46:37.556+0000] {processor.py:208} INFO - Processing /home/airflow/.local/lib/python3.12/site-packages/airflow/example_dags/tutorial_taskflow_api_virtualenv.py took 0.086 seconds
[2024-10-22T07:47:08.274+0000] {processor.py:186} INFO - Started process (PID=86301) to work on /home/airflow/.local/lib/python3.12/site-packages/airflow/example_dags/tutorial_taskflow_api_virtualenv.py
[2024-10-22T07:47:08.275+0000] {processor.py:914} INFO - Processing file /home/airflow/.local/lib/python3.12/site-packages/airflow/example_dags/tutorial_taskflow_api_virtualenv.py for tasks to queue
[2024-10-22T07:47:08.276+0000] {logging_mixin.py:190} INFO - [2024-10-22T07:47:08.276+0000] {dagbag.py:588} INFO - Filling up the DagBag from /home/airflow/.local/lib/python3.12/site-packages/airflow/example_dags/tutorial_taskflow_api_virtualenv.py
[2024-10-22T07:47:08.289+0000] {processor.py:925} INFO - DAG(s) 'tutorial_taskflow_api_virtualenv' retrieved from /home/airflow/.local/lib/python3.12/site-packages/airflow/example_dags/tutorial_taskflow_api_virtualenv.py
[2024-10-22T07:47:08.315+0000] {logging_mixin.py:190} INFO - [2024-10-22T07:47:08.315+0000] {dag.py:3239} INFO - Sync 1 DAGs
[2024-10-22T07:47:08.332+0000] {logging_mixin.py:190} INFO - [2024-10-22T07:47:08.332+0000] {dag.py:4180} INFO - Setting next_dagrun for tutorial_taskflow_api_virtualenv to None, run_after=None
[2024-10-22T07:47:08.350+0000] {processor.py:208} INFO - Processing /home/airflow/.local/lib/python3.12/site-packages/airflow/example_dags/tutorial_taskflow_api_virtualenv.py took 0.085 seconds
[2024-10-22T07:47:38.963+0000] {processor.py:186} INFO - Started process (PID=86368) to work on /home/airflow/.local/lib/python3.12/site-packages/airflow/example_dags/tutorial_taskflow_api_virtualenv.py
[2024-10-22T07:47:38.964+0000] {processor.py:914} INFO - Processing file /home/airflow/.local/lib/python3.12/site-packages/airflow/example_dags/tutorial_taskflow_api_virtualenv.py for tasks to queue
[2024-10-22T07:47:38.966+0000] {logging_mixin.py:190} INFO - [2024-10-22T07:47:38.965+0000] {dagbag.py:588} INFO - Filling up the DagBag from /home/airflow/.local/lib/python3.12/site-packages/airflow/example_dags/tutorial_taskflow_api_virtualenv.py
[2024-10-22T07:47:38.978+0000] {processor.py:925} INFO - DAG(s) 'tutorial_taskflow_api_virtualenv' retrieved from /home/airflow/.local/lib/python3.12/site-packages/airflow/example_dags/tutorial_taskflow_api_virtualenv.py
[2024-10-22T07:47:39.000+0000] {logging_mixin.py:190} INFO - [2024-10-22T07:47:39.000+0000] {dag.py:3239} INFO - Sync 1 DAGs
[2024-10-22T07:47:39.017+0000] {logging_mixin.py:190} INFO - [2024-10-22T07:47:39.017+0000] {dag.py:4180} INFO - Setting next_dagrun for tutorial_taskflow_api_virtualenv to None, run_after=None
[2024-10-22T07:47:39.036+0000] {processor.py:208} INFO - Processing /home/airflow/.local/lib/python3.12/site-packages/airflow/example_dags/tutorial_taskflow_api_virtualenv.py took 0.080 seconds
[2024-10-22T07:48:09.240+0000] {processor.py:186} INFO - Started process (PID=86435) to work on /home/airflow/.local/lib/python3.12/site-packages/airflow/example_dags/tutorial_taskflow_api_virtualenv.py
[2024-10-22T07:48:09.241+0000] {processor.py:914} INFO - Processing file /home/airflow/.local/lib/python3.12/site-packages/airflow/example_dags/tutorial_taskflow_api_virtualenv.py for tasks to queue
[2024-10-22T07:48:09.243+0000] {logging_mixin.py:190} INFO - [2024-10-22T07:48:09.242+0000] {dagbag.py:588} INFO - Filling up the DagBag from /home/airflow/.local/lib/python3.12/site-packages/airflow/example_dags/tutorial_taskflow_api_virtualenv.py
[2024-10-22T07:48:09.255+0000] {processor.py:925} INFO - DAG(s) 'tutorial_taskflow_api_virtualenv' retrieved from /home/airflow/.local/lib/python3.12/site-packages/airflow/example_dags/tutorial_taskflow_api_virtualenv.py
[2024-10-22T07:48:09.278+0000] {logging_mixin.py:190} INFO - [2024-10-22T07:48:09.278+0000] {dag.py:3239} INFO - Sync 1 DAGs
[2024-10-22T07:48:09.295+0000] {logging_mixin.py:190} INFO - [2024-10-22T07:48:09.294+0000] {dag.py:4180} INFO - Setting next_dagrun for tutorial_taskflow_api_virtualenv to None, run_after=None
[2024-10-22T07:48:09.314+0000] {processor.py:208} INFO - Processing /home/airflow/.local/lib/python3.12/site-packages/airflow/example_dags/tutorial_taskflow_api_virtualenv.py took 0.082 seconds
[2024-10-22T07:48:39.439+0000] {processor.py:186} INFO - Started process (PID=86502) to work on /home/airflow/.local/lib/python3.12/site-packages/airflow/example_dags/tutorial_taskflow_api_virtualenv.py
[2024-10-22T07:48:39.440+0000] {processor.py:914} INFO - Processing file /home/airflow/.local/lib/python3.12/site-packages/airflow/example_dags/tutorial_taskflow_api_virtualenv.py for tasks to queue
[2024-10-22T07:48:39.441+0000] {logging_mixin.py:190} INFO - [2024-10-22T07:48:39.441+0000] {dagbag.py:588} INFO - Filling up the DagBag from /home/airflow/.local/lib/python3.12/site-packages/airflow/example_dags/tutorial_taskflow_api_virtualenv.py
[2024-10-22T07:48:39.454+0000] {processor.py:925} INFO - DAG(s) 'tutorial_taskflow_api_virtualenv' retrieved from /home/airflow/.local/lib/python3.12/site-packages/airflow/example_dags/tutorial_taskflow_api_virtualenv.py
[2024-10-22T07:48:39.477+0000] {logging_mixin.py:190} INFO - [2024-10-22T07:48:39.476+0000] {dag.py:3239} INFO - Sync 1 DAGs
[2024-10-22T07:48:39.494+0000] {logging_mixin.py:190} INFO - [2024-10-22T07:48:39.494+0000] {dag.py:4180} INFO - Setting next_dagrun for tutorial_taskflow_api_virtualenv to None, run_after=None
[2024-10-22T07:48:39.511+0000] {processor.py:208} INFO - Processing /home/airflow/.local/lib/python3.12/site-packages/airflow/example_dags/tutorial_taskflow_api_virtualenv.py took 0.083 seconds
[2024-10-22T07:49:09.984+0000] {processor.py:186} INFO - Started process (PID=86568) to work on /home/airflow/.local/lib/python3.12/site-packages/airflow/example_dags/tutorial_taskflow_api_virtualenv.py
[2024-10-22T07:49:09.985+0000] {processor.py:914} INFO - Processing file /home/airflow/.local/lib/python3.12/site-packages/airflow/example_dags/tutorial_taskflow_api_virtualenv.py for tasks to queue
[2024-10-22T07:49:09.987+0000] {logging_mixin.py:190} INFO - [2024-10-22T07:49:09.987+0000] {dagbag.py:588} INFO - Filling up the DagBag from /home/airflow/.local/lib/python3.12/site-packages/airflow/example_dags/tutorial_taskflow_api_virtualenv.py
[2024-10-22T07:49:10.000+0000] {processor.py:925} INFO - DAG(s) 'tutorial_taskflow_api_virtualenv' retrieved from /home/airflow/.local/lib/python3.12/site-packages/airflow/example_dags/tutorial_taskflow_api_virtualenv.py
[2024-10-22T07:49:10.022+0000] {logging_mixin.py:190} INFO - [2024-10-22T07:49:10.022+0000] {dag.py:3239} INFO - Sync 1 DAGs
[2024-10-22T07:49:10.039+0000] {logging_mixin.py:190} INFO - [2024-10-22T07:49:10.039+0000] {dag.py:4180} INFO - Setting next_dagrun for tutorial_taskflow_api_virtualenv to None, run_after=None
[2024-10-22T07:49:10.057+0000] {processor.py:208} INFO - Processing /home/airflow/.local/lib/python3.12/site-packages/airflow/example_dags/tutorial_taskflow_api_virtualenv.py took 0.081 seconds
[2024-10-22T07:49:40.167+0000] {processor.py:186} INFO - Started process (PID=86635) to work on /home/airflow/.local/lib/python3.12/site-packages/airflow/example_dags/tutorial_taskflow_api_virtualenv.py
[2024-10-22T07:49:40.168+0000] {processor.py:914} INFO - Processing file /home/airflow/.local/lib/python3.12/site-packages/airflow/example_dags/tutorial_taskflow_api_virtualenv.py for tasks to queue
[2024-10-22T07:49:40.170+0000] {logging_mixin.py:190} INFO - [2024-10-22T07:49:40.169+0000] {dagbag.py:588} INFO - Filling up the DagBag from /home/airflow/.local/lib/python3.12/site-packages/airflow/example_dags/tutorial_taskflow_api_virtualenv.py
[2024-10-22T07:49:40.182+0000] {processor.py:925} INFO - DAG(s) 'tutorial_taskflow_api_virtualenv' retrieved from /home/airflow/.local/lib/python3.12/site-packages/airflow/example_dags/tutorial_taskflow_api_virtualenv.py
[2024-10-22T07:49:40.204+0000] {logging_mixin.py:190} INFO - [2024-10-22T07:49:40.204+0000] {dag.py:3239} INFO - Sync 1 DAGs
[2024-10-22T07:49:40.221+0000] {logging_mixin.py:190} INFO - [2024-10-22T07:49:40.221+0000] {dag.py:4180} INFO - Setting next_dagrun for tutorial_taskflow_api_virtualenv to None, run_after=None
[2024-10-22T07:49:40.240+0000] {processor.py:208} INFO - Processing /home/airflow/.local/lib/python3.12/site-packages/airflow/example_dags/tutorial_taskflow_api_virtualenv.py took 0.079 seconds
[2024-10-22T07:50:10.932+0000] {processor.py:186} INFO - Started process (PID=86701) to work on /home/airflow/.local/lib/python3.12/site-packages/airflow/example_dags/tutorial_taskflow_api_virtualenv.py
[2024-10-22T07:50:10.933+0000] {processor.py:914} INFO - Processing file /home/airflow/.local/lib/python3.12/site-packages/airflow/example_dags/tutorial_taskflow_api_virtualenv.py for tasks to queue
[2024-10-22T07:50:10.935+0000] {logging_mixin.py:190} INFO - [2024-10-22T07:50:10.934+0000] {dagbag.py:588} INFO - Filling up the DagBag from /home/airflow/.local/lib/python3.12/site-packages/airflow/example_dags/tutorial_taskflow_api_virtualenv.py
[2024-10-22T07:50:10.947+0000] {processor.py:925} INFO - DAG(s) 'tutorial_taskflow_api_virtualenv' retrieved from /home/airflow/.local/lib/python3.12/site-packages/airflow/example_dags/tutorial_taskflow_api_virtualenv.py
[2024-10-22T07:50:10.968+0000] {logging_mixin.py:190} INFO - [2024-10-22T07:50:10.968+0000] {dag.py:3239} INFO - Sync 1 DAGs
[2024-10-22T07:50:10.986+0000] {logging_mixin.py:190} INFO - [2024-10-22T07:50:10.986+0000] {dag.py:4180} INFO - Setting next_dagrun for tutorial_taskflow_api_virtualenv to None, run_after=None
[2024-10-22T07:50:11.003+0000] {processor.py:208} INFO - Processing /home/airflow/.local/lib/python3.12/site-packages/airflow/example_dags/tutorial_taskflow_api_virtualenv.py took 0.080 seconds
[2024-10-22T07:50:41.558+0000] {processor.py:186} INFO - Started process (PID=86768) to work on /home/airflow/.local/lib/python3.12/site-packages/airflow/example_dags/tutorial_taskflow_api_virtualenv.py
[2024-10-22T07:50:41.559+0000] {processor.py:914} INFO - Processing file /home/airflow/.local/lib/python3.12/site-packages/airflow/example_dags/tutorial_taskflow_api_virtualenv.py for tasks to queue
[2024-10-22T07:50:41.560+0000] {logging_mixin.py:190} INFO - [2024-10-22T07:50:41.560+0000] {dagbag.py:588} INFO - Filling up the DagBag from /home/airflow/.local/lib/python3.12/site-packages/airflow/example_dags/tutorial_taskflow_api_virtualenv.py
[2024-10-22T07:50:41.573+0000] {processor.py:925} INFO - DAG(s) 'tutorial_taskflow_api_virtualenv' retrieved from /home/airflow/.local/lib/python3.12/site-packages/airflow/example_dags/tutorial_taskflow_api_virtualenv.py
[2024-10-22T07:50:41.596+0000] {logging_mixin.py:190} INFO - [2024-10-22T07:50:41.596+0000] {dag.py:3239} INFO - Sync 1 DAGs
[2024-10-22T07:50:41.614+0000] {logging_mixin.py:190} INFO - [2024-10-22T07:50:41.614+0000] {dag.py:4180} INFO - Setting next_dagrun for tutorial_taskflow_api_virtualenv to None, run_after=None
[2024-10-22T07:50:41.632+0000] {processor.py:208} INFO - Processing /home/airflow/.local/lib/python3.12/site-packages/airflow/example_dags/tutorial_taskflow_api_virtualenv.py took 0.082 seconds
[2024-10-22T07:51:11.861+0000] {processor.py:186} INFO - Started process (PID=86835) to work on /home/airflow/.local/lib/python3.12/site-packages/airflow/example_dags/tutorial_taskflow_api_virtualenv.py
[2024-10-22T07:51:11.863+0000] {processor.py:914} INFO - Processing file /home/airflow/.local/lib/python3.12/site-packages/airflow/example_dags/tutorial_taskflow_api_virtualenv.py for tasks to queue
[2024-10-22T07:51:11.864+0000] {logging_mixin.py:190} INFO - [2024-10-22T07:51:11.864+0000] {dagbag.py:588} INFO - Filling up the DagBag from /home/airflow/.local/lib/python3.12/site-packages/airflow/example_dags/tutorial_taskflow_api_virtualenv.py
[2024-10-22T07:51:11.881+0000] {processor.py:925} INFO - DAG(s) 'tutorial_taskflow_api_virtualenv' retrieved from /home/airflow/.local/lib/python3.12/site-packages/airflow/example_dags/tutorial_taskflow_api_virtualenv.py
[2024-10-22T07:51:11.903+0000] {logging_mixin.py:190} INFO - [2024-10-22T07:51:11.903+0000] {dag.py:3239} INFO - Sync 1 DAGs
[2024-10-22T07:51:11.921+0000] {logging_mixin.py:190} INFO - [2024-10-22T07:51:11.921+0000] {dag.py:4180} INFO - Setting next_dagrun for tutorial_taskflow_api_virtualenv to None, run_after=None
[2024-10-22T07:51:11.938+0000] {processor.py:208} INFO - Processing /home/airflow/.local/lib/python3.12/site-packages/airflow/example_dags/tutorial_taskflow_api_virtualenv.py took 0.085 seconds
[2024-10-22T07:51:42.130+0000] {processor.py:186} INFO - Started process (PID=86902) to work on /home/airflow/.local/lib/python3.12/site-packages/airflow/example_dags/tutorial_taskflow_api_virtualenv.py
[2024-10-22T07:51:42.131+0000] {processor.py:914} INFO - Processing file /home/airflow/.local/lib/python3.12/site-packages/airflow/example_dags/tutorial_taskflow_api_virtualenv.py for tasks to queue
[2024-10-22T07:51:42.133+0000] {logging_mixin.py:190} INFO - [2024-10-22T07:51:42.133+0000] {dagbag.py:588} INFO - Filling up the DagBag from /home/airflow/.local/lib/python3.12/site-packages/airflow/example_dags/tutorial_taskflow_api_virtualenv.py
[2024-10-22T07:51:42.147+0000] {processor.py:925} INFO - DAG(s) 'tutorial_taskflow_api_virtualenv' retrieved from /home/airflow/.local/lib/python3.12/site-packages/airflow/example_dags/tutorial_taskflow_api_virtualenv.py
[2024-10-22T07:51:42.170+0000] {logging_mixin.py:190} INFO - [2024-10-22T07:51:42.170+0000] {dag.py:3239} INFO - Sync 1 DAGs
[2024-10-22T07:51:42.189+0000] {logging_mixin.py:190} INFO - [2024-10-22T07:51:42.188+0000] {dag.py:4180} INFO - Setting next_dagrun for tutorial_taskflow_api_virtualenv to None, run_after=None
[2024-10-22T07:51:42.207+0000] {processor.py:208} INFO - Processing /home/airflow/.local/lib/python3.12/site-packages/airflow/example_dags/tutorial_taskflow_api_virtualenv.py took 0.088 seconds
[2024-10-22T07:52:12.626+0000] {processor.py:186} INFO - Started process (PID=86969) to work on /home/airflow/.local/lib/python3.12/site-packages/airflow/example_dags/tutorial_taskflow_api_virtualenv.py
[2024-10-22T07:52:12.627+0000] {processor.py:914} INFO - Processing file /home/airflow/.local/lib/python3.12/site-packages/airflow/example_dags/tutorial_taskflow_api_virtualenv.py for tasks to queue
[2024-10-22T07:52:12.629+0000] {logging_mixin.py:190} INFO - [2024-10-22T07:52:12.628+0000] {dagbag.py:588} INFO - Filling up the DagBag from /home/airflow/.local/lib/python3.12/site-packages/airflow/example_dags/tutorial_taskflow_api_virtualenv.py
[2024-10-22T07:52:12.643+0000] {processor.py:925} INFO - DAG(s) 'tutorial_taskflow_api_virtualenv' retrieved from /home/airflow/.local/lib/python3.12/site-packages/airflow/example_dags/tutorial_taskflow_api_virtualenv.py
[2024-10-22T07:52:12.672+0000] {logging_mixin.py:190} INFO - [2024-10-22T07:52:12.672+0000] {dag.py:3239} INFO - Sync 1 DAGs
[2024-10-22T07:52:12.691+0000] {logging_mixin.py:190} INFO - [2024-10-22T07:52:12.690+0000] {dag.py:4180} INFO - Setting next_dagrun for tutorial_taskflow_api_virtualenv to None, run_after=None
[2024-10-22T07:52:12.896+0000] {processor.py:208} INFO - Processing /home/airflow/.local/lib/python3.12/site-packages/airflow/example_dags/tutorial_taskflow_api_virtualenv.py took 0.280 seconds
[2024-10-22T07:52:43.699+0000] {processor.py:186} INFO - Started process (PID=87036) to work on /home/airflow/.local/lib/python3.12/site-packages/airflow/example_dags/tutorial_taskflow_api_virtualenv.py
[2024-10-22T07:52:43.700+0000] {processor.py:914} INFO - Processing file /home/airflow/.local/lib/python3.12/site-packages/airflow/example_dags/tutorial_taskflow_api_virtualenv.py for tasks to queue
[2024-10-22T07:52:43.701+0000] {logging_mixin.py:190} INFO - [2024-10-22T07:52:43.701+0000] {dagbag.py:588} INFO - Filling up the DagBag from /home/airflow/.local/lib/python3.12/site-packages/airflow/example_dags/tutorial_taskflow_api_virtualenv.py
[2024-10-22T07:52:43.714+0000] {processor.py:925} INFO - DAG(s) 'tutorial_taskflow_api_virtualenv' retrieved from /home/airflow/.local/lib/python3.12/site-packages/airflow/example_dags/tutorial_taskflow_api_virtualenv.py
[2024-10-22T07:52:43.737+0000] {logging_mixin.py:190} INFO - [2024-10-22T07:52:43.736+0000] {dag.py:3239} INFO - Sync 1 DAGs
[2024-10-22T07:52:43.754+0000] {logging_mixin.py:190} INFO - [2024-10-22T07:52:43.753+0000] {dag.py:4180} INFO - Setting next_dagrun for tutorial_taskflow_api_virtualenv to None, run_after=None
[2024-10-22T07:52:43.771+0000] {processor.py:208} INFO - Processing /home/airflow/.local/lib/python3.12/site-packages/airflow/example_dags/tutorial_taskflow_api_virtualenv.py took 0.079 seconds
[2024-10-22T07:53:14.298+0000] {processor.py:186} INFO - Started process (PID=87103) to work on /home/airflow/.local/lib/python3.12/site-packages/airflow/example_dags/tutorial_taskflow_api_virtualenv.py
[2024-10-22T07:53:14.299+0000] {processor.py:914} INFO - Processing file /home/airflow/.local/lib/python3.12/site-packages/airflow/example_dags/tutorial_taskflow_api_virtualenv.py for tasks to queue
[2024-10-22T07:53:14.301+0000] {logging_mixin.py:190} INFO - [2024-10-22T07:53:14.301+0000] {dagbag.py:588} INFO - Filling up the DagBag from /home/airflow/.local/lib/python3.12/site-packages/airflow/example_dags/tutorial_taskflow_api_virtualenv.py
[2024-10-22T07:53:14.314+0000] {processor.py:925} INFO - DAG(s) 'tutorial_taskflow_api_virtualenv' retrieved from /home/airflow/.local/lib/python3.12/site-packages/airflow/example_dags/tutorial_taskflow_api_virtualenv.py
[2024-10-22T07:53:14.337+0000] {logging_mixin.py:190} INFO - [2024-10-22T07:53:14.336+0000] {dag.py:3239} INFO - Sync 1 DAGs
[2024-10-22T07:53:14.353+0000] {logging_mixin.py:190} INFO - [2024-10-22T07:53:14.353+0000] {dag.py:4180} INFO - Setting next_dagrun for tutorial_taskflow_api_virtualenv to None, run_after=None
[2024-10-22T07:53:14.375+0000] {processor.py:208} INFO - Processing /home/airflow/.local/lib/python3.12/site-packages/airflow/example_dags/tutorial_taskflow_api_virtualenv.py took 0.085 seconds
[2024-10-22T07:53:44.940+0000] {processor.py:186} INFO - Started process (PID=87170) to work on /home/airflow/.local/lib/python3.12/site-packages/airflow/example_dags/tutorial_taskflow_api_virtualenv.py
[2024-10-22T07:53:44.941+0000] {processor.py:914} INFO - Processing file /home/airflow/.local/lib/python3.12/site-packages/airflow/example_dags/tutorial_taskflow_api_virtualenv.py for tasks to queue
[2024-10-22T07:53:44.943+0000] {logging_mixin.py:190} INFO - [2024-10-22T07:53:44.942+0000] {dagbag.py:588} INFO - Filling up the DagBag from /home/airflow/.local/lib/python3.12/site-packages/airflow/example_dags/tutorial_taskflow_api_virtualenv.py
[2024-10-22T07:53:44.954+0000] {processor.py:925} INFO - DAG(s) 'tutorial_taskflow_api_virtualenv' retrieved from /home/airflow/.local/lib/python3.12/site-packages/airflow/example_dags/tutorial_taskflow_api_virtualenv.py
[2024-10-22T07:53:44.976+0000] {logging_mixin.py:190} INFO - [2024-10-22T07:53:44.976+0000] {dag.py:3239} INFO - Sync 1 DAGs
[2024-10-22T07:53:44.992+0000] {logging_mixin.py:190} INFO - [2024-10-22T07:53:44.992+0000] {dag.py:4180} INFO - Setting next_dagrun for tutorial_taskflow_api_virtualenv to None, run_after=None
[2024-10-22T07:53:45.009+0000] {processor.py:208} INFO - Processing /home/airflow/.local/lib/python3.12/site-packages/airflow/example_dags/tutorial_taskflow_api_virtualenv.py took 0.075 seconds
[2024-10-22T07:54:15.831+0000] {processor.py:186} INFO - Started process (PID=87243) to work on /home/airflow/.local/lib/python3.12/site-packages/airflow/example_dags/tutorial_taskflow_api_virtualenv.py
[2024-10-22T07:54:15.832+0000] {processor.py:914} INFO - Processing file /home/airflow/.local/lib/python3.12/site-packages/airflow/example_dags/tutorial_taskflow_api_virtualenv.py for tasks to queue
[2024-10-22T07:54:15.834+0000] {logging_mixin.py:190} INFO - [2024-10-22T07:54:15.834+0000] {dagbag.py:588} INFO - Filling up the DagBag from /home/airflow/.local/lib/python3.12/site-packages/airflow/example_dags/tutorial_taskflow_api_virtualenv.py
[2024-10-22T07:54:15.848+0000] {processor.py:925} INFO - DAG(s) 'tutorial_taskflow_api_virtualenv' retrieved from /home/airflow/.local/lib/python3.12/site-packages/airflow/example_dags/tutorial_taskflow_api_virtualenv.py
[2024-10-22T07:54:16.060+0000] {logging_mixin.py:190} INFO - [2024-10-22T07:54:16.060+0000] {dag.py:3239} INFO - Sync 1 DAGs
[2024-10-22T07:54:16.078+0000] {logging_mixin.py:190} INFO - [2024-10-22T07:54:16.078+0000] {dag.py:4180} INFO - Setting next_dagrun for tutorial_taskflow_api_virtualenv to None, run_after=None
[2024-10-22T07:54:16.099+0000] {processor.py:208} INFO - Processing /home/airflow/.local/lib/python3.12/site-packages/airflow/example_dags/tutorial_taskflow_api_virtualenv.py took 0.279 seconds
[2024-10-22T07:54:46.753+0000] {processor.py:186} INFO - Started process (PID=87310) to work on /home/airflow/.local/lib/python3.12/site-packages/airflow/example_dags/tutorial_taskflow_api_virtualenv.py
[2024-10-22T07:54:46.754+0000] {processor.py:914} INFO - Processing file /home/airflow/.local/lib/python3.12/site-packages/airflow/example_dags/tutorial_taskflow_api_virtualenv.py for tasks to queue
[2024-10-22T07:54:46.756+0000] {logging_mixin.py:190} INFO - [2024-10-22T07:54:46.755+0000] {dagbag.py:588} INFO - Filling up the DagBag from /home/airflow/.local/lib/python3.12/site-packages/airflow/example_dags/tutorial_taskflow_api_virtualenv.py
[2024-10-22T07:54:46.767+0000] {processor.py:925} INFO - DAG(s) 'tutorial_taskflow_api_virtualenv' retrieved from /home/airflow/.local/lib/python3.12/site-packages/airflow/example_dags/tutorial_taskflow_api_virtualenv.py
[2024-10-22T07:54:46.791+0000] {logging_mixin.py:190} INFO - [2024-10-22T07:54:46.790+0000] {dag.py:3239} INFO - Sync 1 DAGs
[2024-10-22T07:54:46.806+0000] {logging_mixin.py:190} INFO - [2024-10-22T07:54:46.806+0000] {dag.py:4180} INFO - Setting next_dagrun for tutorial_taskflow_api_virtualenv to None, run_after=None
[2024-10-22T07:54:46.823+0000] {processor.py:208} INFO - Processing /home/airflow/.local/lib/python3.12/site-packages/airflow/example_dags/tutorial_taskflow_api_virtualenv.py took 0.077 seconds
[2024-10-22T07:55:17.655+0000] {processor.py:186} INFO - Started process (PID=87377) to work on /home/airflow/.local/lib/python3.12/site-packages/airflow/example_dags/tutorial_taskflow_api_virtualenv.py
[2024-10-22T07:55:17.657+0000] {processor.py:914} INFO - Processing file /home/airflow/.local/lib/python3.12/site-packages/airflow/example_dags/tutorial_taskflow_api_virtualenv.py for tasks to queue
[2024-10-22T07:55:17.658+0000] {logging_mixin.py:190} INFO - [2024-10-22T07:55:17.658+0000] {dagbag.py:588} INFO - Filling up the DagBag from /home/airflow/.local/lib/python3.12/site-packages/airflow/example_dags/tutorial_taskflow_api_virtualenv.py
[2024-10-22T07:55:17.670+0000] {processor.py:925} INFO - DAG(s) 'tutorial_taskflow_api_virtualenv' retrieved from /home/airflow/.local/lib/python3.12/site-packages/airflow/example_dags/tutorial_taskflow_api_virtualenv.py
[2024-10-22T07:55:17.694+0000] {logging_mixin.py:190} INFO - [2024-10-22T07:55:17.693+0000] {dag.py:3239} INFO - Sync 1 DAGs
[2024-10-22T07:55:17.710+0000] {logging_mixin.py:190} INFO - [2024-10-22T07:55:17.710+0000] {dag.py:4180} INFO - Setting next_dagrun for tutorial_taskflow_api_virtualenv to None, run_after=None
[2024-10-22T07:55:17.729+0000] {processor.py:208} INFO - Processing /home/airflow/.local/lib/python3.12/site-packages/airflow/example_dags/tutorial_taskflow_api_virtualenv.py took 0.081 seconds
[2024-10-22T07:55:48.549+0000] {processor.py:186} INFO - Started process (PID=87444) to work on /home/airflow/.local/lib/python3.12/site-packages/airflow/example_dags/tutorial_taskflow_api_virtualenv.py
[2024-10-22T07:55:48.551+0000] {processor.py:914} INFO - Processing file /home/airflow/.local/lib/python3.12/site-packages/airflow/example_dags/tutorial_taskflow_api_virtualenv.py for tasks to queue
[2024-10-22T07:55:48.552+0000] {logging_mixin.py:190} INFO - [2024-10-22T07:55:48.552+0000] {dagbag.py:588} INFO - Filling up the DagBag from /home/airflow/.local/lib/python3.12/site-packages/airflow/example_dags/tutorial_taskflow_api_virtualenv.py
[2024-10-22T07:55:48.564+0000] {processor.py:925} INFO - DAG(s) 'tutorial_taskflow_api_virtualenv' retrieved from /home/airflow/.local/lib/python3.12/site-packages/airflow/example_dags/tutorial_taskflow_api_virtualenv.py
[2024-10-22T07:55:48.586+0000] {logging_mixin.py:190} INFO - [2024-10-22T07:55:48.586+0000] {dag.py:3239} INFO - Sync 1 DAGs
[2024-10-22T07:55:48.602+0000] {logging_mixin.py:190} INFO - [2024-10-22T07:55:48.602+0000] {dag.py:4180} INFO - Setting next_dagrun for tutorial_taskflow_api_virtualenv to None, run_after=None
[2024-10-22T07:55:48.619+0000] {processor.py:208} INFO - Processing /home/airflow/.local/lib/python3.12/site-packages/airflow/example_dags/tutorial_taskflow_api_virtualenv.py took 0.077 seconds
[2024-10-22T07:56:19.277+0000] {processor.py:186} INFO - Started process (PID=87511) to work on /home/airflow/.local/lib/python3.12/site-packages/airflow/example_dags/tutorial_taskflow_api_virtualenv.py
[2024-10-22T07:56:19.278+0000] {processor.py:914} INFO - Processing file /home/airflow/.local/lib/python3.12/site-packages/airflow/example_dags/tutorial_taskflow_api_virtualenv.py for tasks to queue
[2024-10-22T07:56:19.280+0000] {logging_mixin.py:190} INFO - [2024-10-22T07:56:19.279+0000] {dagbag.py:588} INFO - Filling up the DagBag from /home/airflow/.local/lib/python3.12/site-packages/airflow/example_dags/tutorial_taskflow_api_virtualenv.py
[2024-10-22T07:56:19.292+0000] {processor.py:925} INFO - DAG(s) 'tutorial_taskflow_api_virtualenv' retrieved from /home/airflow/.local/lib/python3.12/site-packages/airflow/example_dags/tutorial_taskflow_api_virtualenv.py
[2024-10-22T07:56:19.315+0000] {logging_mixin.py:190} INFO - [2024-10-22T07:56:19.314+0000] {dag.py:3239} INFO - Sync 1 DAGs
[2024-10-22T07:56:19.331+0000] {logging_mixin.py:190} INFO - [2024-10-22T07:56:19.331+0000] {dag.py:4180} INFO - Setting next_dagrun for tutorial_taskflow_api_virtualenv to None, run_after=None
[2024-10-22T07:56:19.348+0000] {processor.py:208} INFO - Processing /home/airflow/.local/lib/python3.12/site-packages/airflow/example_dags/tutorial_taskflow_api_virtualenv.py took 0.078 seconds
[2024-10-22T07:56:50.107+0000] {processor.py:186} INFO - Started process (PID=87578) to work on /home/airflow/.local/lib/python3.12/site-packages/airflow/example_dags/tutorial_taskflow_api_virtualenv.py
[2024-10-22T07:56:50.108+0000] {processor.py:914} INFO - Processing file /home/airflow/.local/lib/python3.12/site-packages/airflow/example_dags/tutorial_taskflow_api_virtualenv.py for tasks to queue
[2024-10-22T07:56:50.109+0000] {logging_mixin.py:190} INFO - [2024-10-22T07:56:50.109+0000] {dagbag.py:588} INFO - Filling up the DagBag from /home/airflow/.local/lib/python3.12/site-packages/airflow/example_dags/tutorial_taskflow_api_virtualenv.py
[2024-10-22T07:56:50.121+0000] {processor.py:925} INFO - DAG(s) 'tutorial_taskflow_api_virtualenv' retrieved from /home/airflow/.local/lib/python3.12/site-packages/airflow/example_dags/tutorial_taskflow_api_virtualenv.py
[2024-10-22T07:56:50.143+0000] {logging_mixin.py:190} INFO - [2024-10-22T07:56:50.142+0000] {dag.py:3239} INFO - Sync 1 DAGs
[2024-10-22T07:56:50.160+0000] {logging_mixin.py:190} INFO - [2024-10-22T07:56:50.159+0000] {dag.py:4180} INFO - Setting next_dagrun for tutorial_taskflow_api_virtualenv to None, run_after=None
[2024-10-22T07:56:50.178+0000] {processor.py:208} INFO - Processing /home/airflow/.local/lib/python3.12/site-packages/airflow/example_dags/tutorial_taskflow_api_virtualenv.py took 0.079 seconds
[2024-10-22T07:57:20.983+0000] {processor.py:186} INFO - Started process (PID=87646) to work on /home/airflow/.local/lib/python3.12/site-packages/airflow/example_dags/tutorial_taskflow_api_virtualenv.py
[2024-10-22T07:57:20.984+0000] {processor.py:914} INFO - Processing file /home/airflow/.local/lib/python3.12/site-packages/airflow/example_dags/tutorial_taskflow_api_virtualenv.py for tasks to queue
[2024-10-22T07:57:20.986+0000] {logging_mixin.py:190} INFO - [2024-10-22T07:57:20.985+0000] {dagbag.py:588} INFO - Filling up the DagBag from /home/airflow/.local/lib/python3.12/site-packages/airflow/example_dags/tutorial_taskflow_api_virtualenv.py
[2024-10-22T07:57:20.998+0000] {processor.py:925} INFO - DAG(s) 'tutorial_taskflow_api_virtualenv' retrieved from /home/airflow/.local/lib/python3.12/site-packages/airflow/example_dags/tutorial_taskflow_api_virtualenv.py
[2024-10-22T07:57:21.020+0000] {logging_mixin.py:190} INFO - [2024-10-22T07:57:21.020+0000] {dag.py:3239} INFO - Sync 1 DAGs
[2024-10-22T07:57:21.036+0000] {logging_mixin.py:190} INFO - [2024-10-22T07:57:21.035+0000] {dag.py:4180} INFO - Setting next_dagrun for tutorial_taskflow_api_virtualenv to None, run_after=None
[2024-10-22T07:57:21.052+0000] {processor.py:208} INFO - Processing /home/airflow/.local/lib/python3.12/site-packages/airflow/example_dags/tutorial_taskflow_api_virtualenv.py took 0.077 seconds
[2024-10-22T07:57:51.660+0000] {processor.py:186} INFO - Started process (PID=87713) to work on /home/airflow/.local/lib/python3.12/site-packages/airflow/example_dags/tutorial_taskflow_api_virtualenv.py
[2024-10-22T07:57:51.661+0000] {processor.py:914} INFO - Processing file /home/airflow/.local/lib/python3.12/site-packages/airflow/example_dags/tutorial_taskflow_api_virtualenv.py for tasks to queue
[2024-10-22T07:57:51.662+0000] {logging_mixin.py:190} INFO - [2024-10-22T07:57:51.662+0000] {dagbag.py:588} INFO - Filling up the DagBag from /home/airflow/.local/lib/python3.12/site-packages/airflow/example_dags/tutorial_taskflow_api_virtualenv.py
[2024-10-22T07:57:51.674+0000] {processor.py:925} INFO - DAG(s) 'tutorial_taskflow_api_virtualenv' retrieved from /home/airflow/.local/lib/python3.12/site-packages/airflow/example_dags/tutorial_taskflow_api_virtualenv.py
[2024-10-22T07:57:51.707+0000] {logging_mixin.py:190} INFO - [2024-10-22T07:57:51.707+0000] {dag.py:3239} INFO - Sync 1 DAGs
[2024-10-22T07:57:51.724+0000] {logging_mixin.py:190} INFO - [2024-10-22T07:57:51.724+0000] {dag.py:4180} INFO - Setting next_dagrun for tutorial_taskflow_api_virtualenv to None, run_after=None
[2024-10-22T07:57:51.741+0000] {processor.py:208} INFO - Processing /home/airflow/.local/lib/python3.12/site-packages/airflow/example_dags/tutorial_taskflow_api_virtualenv.py took 0.089 seconds
[2024-10-22T07:58:22.462+0000] {processor.py:186} INFO - Started process (PID=87780) to work on /home/airflow/.local/lib/python3.12/site-packages/airflow/example_dags/tutorial_taskflow_api_virtualenv.py
[2024-10-22T07:58:22.463+0000] {processor.py:914} INFO - Processing file /home/airflow/.local/lib/python3.12/site-packages/airflow/example_dags/tutorial_taskflow_api_virtualenv.py for tasks to queue
[2024-10-22T07:58:22.465+0000] {logging_mixin.py:190} INFO - [2024-10-22T07:58:22.464+0000] {dagbag.py:588} INFO - Filling up the DagBag from /home/airflow/.local/lib/python3.12/site-packages/airflow/example_dags/tutorial_taskflow_api_virtualenv.py
[2024-10-22T07:58:22.478+0000] {processor.py:925} INFO - DAG(s) 'tutorial_taskflow_api_virtualenv' retrieved from /home/airflow/.local/lib/python3.12/site-packages/airflow/example_dags/tutorial_taskflow_api_virtualenv.py
[2024-10-22T07:58:22.500+0000] {logging_mixin.py:190} INFO - [2024-10-22T07:58:22.499+0000] {dag.py:3239} INFO - Sync 1 DAGs
[2024-10-22T07:58:22.516+0000] {logging_mixin.py:190} INFO - [2024-10-22T07:58:22.515+0000] {dag.py:4180} INFO - Setting next_dagrun for tutorial_taskflow_api_virtualenv to None, run_after=None
[2024-10-22T07:58:22.533+0000] {processor.py:208} INFO - Processing /home/airflow/.local/lib/python3.12/site-packages/airflow/example_dags/tutorial_taskflow_api_virtualenv.py took 0.079 seconds
[2024-10-22T07:58:53.379+0000] {processor.py:186} INFO - Started process (PID=87846) to work on /home/airflow/.local/lib/python3.12/site-packages/airflow/example_dags/tutorial_taskflow_api_virtualenv.py
[2024-10-22T07:58:53.381+0000] {processor.py:914} INFO - Processing file /home/airflow/.local/lib/python3.12/site-packages/airflow/example_dags/tutorial_taskflow_api_virtualenv.py for tasks to queue
[2024-10-22T07:58:53.382+0000] {logging_mixin.py:190} INFO - [2024-10-22T07:58:53.382+0000] {dagbag.py:588} INFO - Filling up the DagBag from /home/airflow/.local/lib/python3.12/site-packages/airflow/example_dags/tutorial_taskflow_api_virtualenv.py
[2024-10-22T07:58:53.394+0000] {processor.py:925} INFO - DAG(s) 'tutorial_taskflow_api_virtualenv' retrieved from /home/airflow/.local/lib/python3.12/site-packages/airflow/example_dags/tutorial_taskflow_api_virtualenv.py
[2024-10-22T07:58:53.416+0000] {logging_mixin.py:190} INFO - [2024-10-22T07:58:53.416+0000] {dag.py:3239} INFO - Sync 1 DAGs
[2024-10-22T07:58:53.432+0000] {logging_mixin.py:190} INFO - [2024-10-22T07:58:53.432+0000] {dag.py:4180} INFO - Setting next_dagrun for tutorial_taskflow_api_virtualenv to None, run_after=None
[2024-10-22T07:58:53.449+0000] {processor.py:208} INFO - Processing /home/airflow/.local/lib/python3.12/site-packages/airflow/example_dags/tutorial_taskflow_api_virtualenv.py took 0.077 seconds
[2024-10-22T07:59:24.086+0000] {processor.py:186} INFO - Started process (PID=87913) to work on /home/airflow/.local/lib/python3.12/site-packages/airflow/example_dags/tutorial_taskflow_api_virtualenv.py
[2024-10-22T07:59:24.088+0000] {processor.py:914} INFO - Processing file /home/airflow/.local/lib/python3.12/site-packages/airflow/example_dags/tutorial_taskflow_api_virtualenv.py for tasks to queue
[2024-10-22T07:59:24.089+0000] {logging_mixin.py:190} INFO - [2024-10-22T07:59:24.089+0000] {dagbag.py:588} INFO - Filling up the DagBag from /home/airflow/.local/lib/python3.12/site-packages/airflow/example_dags/tutorial_taskflow_api_virtualenv.py
[2024-10-22T07:59:24.101+0000] {processor.py:925} INFO - DAG(s) 'tutorial_taskflow_api_virtualenv' retrieved from /home/airflow/.local/lib/python3.12/site-packages/airflow/example_dags/tutorial_taskflow_api_virtualenv.py
[2024-10-22T07:59:24.123+0000] {logging_mixin.py:190} INFO - [2024-10-22T07:59:24.122+0000] {dag.py:3239} INFO - Sync 1 DAGs
[2024-10-22T07:59:24.139+0000] {logging_mixin.py:190} INFO - [2024-10-22T07:59:24.139+0000] {dag.py:4180} INFO - Setting next_dagrun for tutorial_taskflow_api_virtualenv to None, run_after=None
[2024-10-22T07:59:24.156+0000] {processor.py:208} INFO - Processing /home/airflow/.local/lib/python3.12/site-packages/airflow/example_dags/tutorial_taskflow_api_virtualenv.py took 0.077 seconds
[2024-10-22T07:59:54.911+0000] {processor.py:186} INFO - Started process (PID=87980) to work on /home/airflow/.local/lib/python3.12/site-packages/airflow/example_dags/tutorial_taskflow_api_virtualenv.py
[2024-10-22T07:59:54.912+0000] {processor.py:914} INFO - Processing file /home/airflow/.local/lib/python3.12/site-packages/airflow/example_dags/tutorial_taskflow_api_virtualenv.py for tasks to queue
[2024-10-22T07:59:54.913+0000] {logging_mixin.py:190} INFO - [2024-10-22T07:59:54.913+0000] {dagbag.py:588} INFO - Filling up the DagBag from /home/airflow/.local/lib/python3.12/site-packages/airflow/example_dags/tutorial_taskflow_api_virtualenv.py
[2024-10-22T07:59:54.925+0000] {processor.py:925} INFO - DAG(s) 'tutorial_taskflow_api_virtualenv' retrieved from /home/airflow/.local/lib/python3.12/site-packages/airflow/example_dags/tutorial_taskflow_api_virtualenv.py
[2024-10-22T07:59:54.948+0000] {logging_mixin.py:190} INFO - [2024-10-22T07:59:54.948+0000] {dag.py:3239} INFO - Sync 1 DAGs
[2024-10-22T07:59:54.965+0000] {logging_mixin.py:190} INFO - [2024-10-22T07:59:54.965+0000] {dag.py:4180} INFO - Setting next_dagrun for tutorial_taskflow_api_virtualenv to None, run_after=None
[2024-10-22T07:59:54.983+0000] {processor.py:208} INFO - Processing /home/airflow/.local/lib/python3.12/site-packages/airflow/example_dags/tutorial_taskflow_api_virtualenv.py took 0.080 seconds
[2024-10-22T08:00:25.037+0000] {processor.py:186} INFO - Started process (PID=88047) to work on /home/airflow/.local/lib/python3.12/site-packages/airflow/example_dags/tutorial_taskflow_api_virtualenv.py
[2024-10-22T08:00:25.039+0000] {processor.py:914} INFO - Processing file /home/airflow/.local/lib/python3.12/site-packages/airflow/example_dags/tutorial_taskflow_api_virtualenv.py for tasks to queue
[2024-10-22T08:00:25.040+0000] {logging_mixin.py:190} INFO - [2024-10-22T08:00:25.040+0000] {dagbag.py:588} INFO - Filling up the DagBag from /home/airflow/.local/lib/python3.12/site-packages/airflow/example_dags/tutorial_taskflow_api_virtualenv.py
[2024-10-22T08:00:25.053+0000] {processor.py:925} INFO - DAG(s) 'tutorial_taskflow_api_virtualenv' retrieved from /home/airflow/.local/lib/python3.12/site-packages/airflow/example_dags/tutorial_taskflow_api_virtualenv.py
[2024-10-22T08:00:25.076+0000] {logging_mixin.py:190} INFO - [2024-10-22T08:00:25.075+0000] {dag.py:3239} INFO - Sync 1 DAGs
[2024-10-22T08:00:25.092+0000] {logging_mixin.py:190} INFO - [2024-10-22T08:00:25.091+0000] {dag.py:4180} INFO - Setting next_dagrun for tutorial_taskflow_api_virtualenv to None, run_after=None
[2024-10-22T08:00:25.110+0000] {processor.py:208} INFO - Processing /home/airflow/.local/lib/python3.12/site-packages/airflow/example_dags/tutorial_taskflow_api_virtualenv.py took 0.080 seconds
[2024-10-22T08:00:55.326+0000] {processor.py:186} INFO - Started process (PID=88114) to work on /home/airflow/.local/lib/python3.12/site-packages/airflow/example_dags/tutorial_taskflow_api_virtualenv.py
[2024-10-22T08:00:55.327+0000] {processor.py:914} INFO - Processing file /home/airflow/.local/lib/python3.12/site-packages/airflow/example_dags/tutorial_taskflow_api_virtualenv.py for tasks to queue
[2024-10-22T08:00:55.328+0000] {logging_mixin.py:190} INFO - [2024-10-22T08:00:55.328+0000] {dagbag.py:588} INFO - Filling up the DagBag from /home/airflow/.local/lib/python3.12/site-packages/airflow/example_dags/tutorial_taskflow_api_virtualenv.py
[2024-10-22T08:00:55.341+0000] {processor.py:925} INFO - DAG(s) 'tutorial_taskflow_api_virtualenv' retrieved from /home/airflow/.local/lib/python3.12/site-packages/airflow/example_dags/tutorial_taskflow_api_virtualenv.py
[2024-10-22T08:00:55.364+0000] {logging_mixin.py:190} INFO - [2024-10-22T08:00:55.363+0000] {dag.py:3239} INFO - Sync 1 DAGs
[2024-10-22T08:00:55.379+0000] {logging_mixin.py:190} INFO - [2024-10-22T08:00:55.379+0000] {dag.py:4180} INFO - Setting next_dagrun for tutorial_taskflow_api_virtualenv to None, run_after=None
[2024-10-22T08:00:55.396+0000] {processor.py:208} INFO - Processing /home/airflow/.local/lib/python3.12/site-packages/airflow/example_dags/tutorial_taskflow_api_virtualenv.py took 0.078 seconds
[2024-10-22T08:01:25.551+0000] {processor.py:186} INFO - Started process (PID=88181) to work on /home/airflow/.local/lib/python3.12/site-packages/airflow/example_dags/tutorial_taskflow_api_virtualenv.py
[2024-10-22T08:01:25.552+0000] {processor.py:914} INFO - Processing file /home/airflow/.local/lib/python3.12/site-packages/airflow/example_dags/tutorial_taskflow_api_virtualenv.py for tasks to queue
[2024-10-22T08:01:25.553+0000] {logging_mixin.py:190} INFO - [2024-10-22T08:01:25.553+0000] {dagbag.py:588} INFO - Filling up the DagBag from /home/airflow/.local/lib/python3.12/site-packages/airflow/example_dags/tutorial_taskflow_api_virtualenv.py
[2024-10-22T08:01:25.566+0000] {processor.py:925} INFO - DAG(s) 'tutorial_taskflow_api_virtualenv' retrieved from /home/airflow/.local/lib/python3.12/site-packages/airflow/example_dags/tutorial_taskflow_api_virtualenv.py
[2024-10-22T08:01:25.588+0000] {logging_mixin.py:190} INFO - [2024-10-22T08:01:25.588+0000] {dag.py:3239} INFO - Sync 1 DAGs
[2024-10-22T08:01:25.605+0000] {logging_mixin.py:190} INFO - [2024-10-22T08:01:25.605+0000] {dag.py:4180} INFO - Setting next_dagrun for tutorial_taskflow_api_virtualenv to None, run_after=None
[2024-10-22T08:01:25.627+0000] {processor.py:208} INFO - Processing /home/airflow/.local/lib/python3.12/site-packages/airflow/example_dags/tutorial_taskflow_api_virtualenv.py took 0.084 seconds
[2024-10-22T08:01:55.771+0000] {processor.py:186} INFO - Started process (PID=88247) to work on /home/airflow/.local/lib/python3.12/site-packages/airflow/example_dags/tutorial_taskflow_api_virtualenv.py
[2024-10-22T08:01:55.772+0000] {processor.py:914} INFO - Processing file /home/airflow/.local/lib/python3.12/site-packages/airflow/example_dags/tutorial_taskflow_api_virtualenv.py for tasks to queue
[2024-10-22T08:01:55.773+0000] {logging_mixin.py:190} INFO - [2024-10-22T08:01:55.773+0000] {dagbag.py:588} INFO - Filling up the DagBag from /home/airflow/.local/lib/python3.12/site-packages/airflow/example_dags/tutorial_taskflow_api_virtualenv.py
[2024-10-22T08:01:55.786+0000] {processor.py:925} INFO - DAG(s) 'tutorial_taskflow_api_virtualenv' retrieved from /home/airflow/.local/lib/python3.12/site-packages/airflow/example_dags/tutorial_taskflow_api_virtualenv.py
[2024-10-22T08:01:55.807+0000] {logging_mixin.py:190} INFO - [2024-10-22T08:01:55.807+0000] {dag.py:3239} INFO - Sync 1 DAGs
[2024-10-22T08:01:55.824+0000] {logging_mixin.py:190} INFO - [2024-10-22T08:01:55.823+0000] {dag.py:4180} INFO - Setting next_dagrun for tutorial_taskflow_api_virtualenv to None, run_after=None
[2024-10-22T08:01:55.843+0000] {processor.py:208} INFO - Processing /home/airflow/.local/lib/python3.12/site-packages/airflow/example_dags/tutorial_taskflow_api_virtualenv.py took 0.079 seconds
[2024-10-22T08:02:26.795+0000] {processor.py:186} INFO - Started process (PID=88314) to work on /home/airflow/.local/lib/python3.12/site-packages/airflow/example_dags/tutorial_taskflow_api_virtualenv.py
[2024-10-22T08:02:26.796+0000] {processor.py:914} INFO - Processing file /home/airflow/.local/lib/python3.12/site-packages/airflow/example_dags/tutorial_taskflow_api_virtualenv.py for tasks to queue
[2024-10-22T08:02:26.798+0000] {logging_mixin.py:190} INFO - [2024-10-22T08:02:26.797+0000] {dagbag.py:588} INFO - Filling up the DagBag from /home/airflow/.local/lib/python3.12/site-packages/airflow/example_dags/tutorial_taskflow_api_virtualenv.py
[2024-10-22T08:02:26.810+0000] {processor.py:925} INFO - DAG(s) 'tutorial_taskflow_api_virtualenv' retrieved from /home/airflow/.local/lib/python3.12/site-packages/airflow/example_dags/tutorial_taskflow_api_virtualenv.py
[2024-10-22T08:02:26.833+0000] {logging_mixin.py:190} INFO - [2024-10-22T08:02:26.832+0000] {dag.py:3239} INFO - Sync 1 DAGs
[2024-10-22T08:02:26.849+0000] {logging_mixin.py:190} INFO - [2024-10-22T08:02:26.848+0000] {dag.py:4180} INFO - Setting next_dagrun for tutorial_taskflow_api_virtualenv to None, run_after=None
[2024-10-22T08:02:26.865+0000] {processor.py:208} INFO - Processing /home/airflow/.local/lib/python3.12/site-packages/airflow/example_dags/tutorial_taskflow_api_virtualenv.py took 0.077 seconds
[2024-10-22T08:02:57.733+0000] {processor.py:186} INFO - Started process (PID=88381) to work on /home/airflow/.local/lib/python3.12/site-packages/airflow/example_dags/tutorial_taskflow_api_virtualenv.py
[2024-10-22T08:02:57.734+0000] {processor.py:914} INFO - Processing file /home/airflow/.local/lib/python3.12/site-packages/airflow/example_dags/tutorial_taskflow_api_virtualenv.py for tasks to queue
[2024-10-22T08:02:57.736+0000] {logging_mixin.py:190} INFO - [2024-10-22T08:02:57.735+0000] {dagbag.py:588} INFO - Filling up the DagBag from /home/airflow/.local/lib/python3.12/site-packages/airflow/example_dags/tutorial_taskflow_api_virtualenv.py
[2024-10-22T08:02:57.748+0000] {processor.py:925} INFO - DAG(s) 'tutorial_taskflow_api_virtualenv' retrieved from /home/airflow/.local/lib/python3.12/site-packages/airflow/example_dags/tutorial_taskflow_api_virtualenv.py
[2024-10-22T08:02:57.770+0000] {logging_mixin.py:190} INFO - [2024-10-22T08:02:57.770+0000] {dag.py:3239} INFO - Sync 1 DAGs
[2024-10-22T08:02:57.786+0000] {logging_mixin.py:190} INFO - [2024-10-22T08:02:57.786+0000] {dag.py:4180} INFO - Setting next_dagrun for tutorial_taskflow_api_virtualenv to None, run_after=None
[2024-10-22T08:02:57.804+0000] {processor.py:208} INFO - Processing /home/airflow/.local/lib/python3.12/site-packages/airflow/example_dags/tutorial_taskflow_api_virtualenv.py took 0.077 seconds
[2024-10-22T08:03:27.928+0000] {processor.py:186} INFO - Started process (PID=88448) to work on /home/airflow/.local/lib/python3.12/site-packages/airflow/example_dags/tutorial_taskflow_api_virtualenv.py
[2024-10-22T08:03:27.929+0000] {processor.py:914} INFO - Processing file /home/airflow/.local/lib/python3.12/site-packages/airflow/example_dags/tutorial_taskflow_api_virtualenv.py for tasks to queue
[2024-10-22T08:03:27.931+0000] {logging_mixin.py:190} INFO - [2024-10-22T08:03:27.930+0000] {dagbag.py:588} INFO - Filling up the DagBag from /home/airflow/.local/lib/python3.12/site-packages/airflow/example_dags/tutorial_taskflow_api_virtualenv.py
[2024-10-22T08:03:27.943+0000] {processor.py:925} INFO - DAG(s) 'tutorial_taskflow_api_virtualenv' retrieved from /home/airflow/.local/lib/python3.12/site-packages/airflow/example_dags/tutorial_taskflow_api_virtualenv.py
[2024-10-22T08:03:27.969+0000] {logging_mixin.py:190} INFO - [2024-10-22T08:03:27.968+0000] {dag.py:3239} INFO - Sync 1 DAGs
[2024-10-22T08:03:27.985+0000] {logging_mixin.py:190} INFO - [2024-10-22T08:03:27.985+0000] {dag.py:4180} INFO - Setting next_dagrun for tutorial_taskflow_api_virtualenv to None, run_after=None
[2024-10-22T08:03:28.003+0000] {processor.py:208} INFO - Processing /home/airflow/.local/lib/python3.12/site-packages/airflow/example_dags/tutorial_taskflow_api_virtualenv.py took 0.083 seconds
[2024-10-22T08:03:58.177+0000] {processor.py:186} INFO - Started process (PID=88515) to work on /home/airflow/.local/lib/python3.12/site-packages/airflow/example_dags/tutorial_taskflow_api_virtualenv.py
[2024-10-22T08:03:58.178+0000] {processor.py:914} INFO - Processing file /home/airflow/.local/lib/python3.12/site-packages/airflow/example_dags/tutorial_taskflow_api_virtualenv.py for tasks to queue
[2024-10-22T08:03:58.179+0000] {logging_mixin.py:190} INFO - [2024-10-22T08:03:58.179+0000] {dagbag.py:588} INFO - Filling up the DagBag from /home/airflow/.local/lib/python3.12/site-packages/airflow/example_dags/tutorial_taskflow_api_virtualenv.py
[2024-10-22T08:03:58.192+0000] {processor.py:925} INFO - DAG(s) 'tutorial_taskflow_api_virtualenv' retrieved from /home/airflow/.local/lib/python3.12/site-packages/airflow/example_dags/tutorial_taskflow_api_virtualenv.py
[2024-10-22T08:03:58.216+0000] {logging_mixin.py:190} INFO - [2024-10-22T08:03:58.215+0000] {dag.py:3239} INFO - Sync 1 DAGs
[2024-10-22T08:03:58.233+0000] {logging_mixin.py:190} INFO - [2024-10-22T08:03:58.232+0000] {dag.py:4180} INFO - Setting next_dagrun for tutorial_taskflow_api_virtualenv to None, run_after=None
[2024-10-22T08:03:58.251+0000] {processor.py:208} INFO - Processing /home/airflow/.local/lib/python3.12/site-packages/airflow/example_dags/tutorial_taskflow_api_virtualenv.py took 0.082 seconds
[2024-10-22T08:04:28.641+0000] {processor.py:186} INFO - Started process (PID=88582) to work on /home/airflow/.local/lib/python3.12/site-packages/airflow/example_dags/tutorial_taskflow_api_virtualenv.py
[2024-10-22T08:04:28.642+0000] {processor.py:914} INFO - Processing file /home/airflow/.local/lib/python3.12/site-packages/airflow/example_dags/tutorial_taskflow_api_virtualenv.py for tasks to queue
[2024-10-22T08:04:28.644+0000] {logging_mixin.py:190} INFO - [2024-10-22T08:04:28.643+0000] {dagbag.py:588} INFO - Filling up the DagBag from /home/airflow/.local/lib/python3.12/site-packages/airflow/example_dags/tutorial_taskflow_api_virtualenv.py
[2024-10-22T08:04:28.655+0000] {processor.py:925} INFO - DAG(s) 'tutorial_taskflow_api_virtualenv' retrieved from /home/airflow/.local/lib/python3.12/site-packages/airflow/example_dags/tutorial_taskflow_api_virtualenv.py
[2024-10-22T08:04:28.680+0000] {logging_mixin.py:190} INFO - [2024-10-22T08:04:28.679+0000] {dag.py:3239} INFO - Sync 1 DAGs
[2024-10-22T08:04:28.695+0000] {logging_mixin.py:190} INFO - [2024-10-22T08:04:28.695+0000] {dag.py:4180} INFO - Setting next_dagrun for tutorial_taskflow_api_virtualenv to None, run_after=None
[2024-10-22T08:04:28.712+0000] {processor.py:208} INFO - Processing /home/airflow/.local/lib/python3.12/site-packages/airflow/example_dags/tutorial_taskflow_api_virtualenv.py took 0.078 seconds
[2024-10-22T08:04:59.120+0000] {processor.py:186} INFO - Started process (PID=88649) to work on /home/airflow/.local/lib/python3.12/site-packages/airflow/example_dags/tutorial_taskflow_api_virtualenv.py
[2024-10-22T08:04:59.121+0000] {processor.py:914} INFO - Processing file /home/airflow/.local/lib/python3.12/site-packages/airflow/example_dags/tutorial_taskflow_api_virtualenv.py for tasks to queue
[2024-10-22T08:04:59.123+0000] {logging_mixin.py:190} INFO - [2024-10-22T08:04:59.122+0000] {dagbag.py:588} INFO - Filling up the DagBag from /home/airflow/.local/lib/python3.12/site-packages/airflow/example_dags/tutorial_taskflow_api_virtualenv.py
[2024-10-22T08:04:59.136+0000] {processor.py:925} INFO - DAG(s) 'tutorial_taskflow_api_virtualenv' retrieved from /home/airflow/.local/lib/python3.12/site-packages/airflow/example_dags/tutorial_taskflow_api_virtualenv.py
[2024-10-22T08:04:59.161+0000] {logging_mixin.py:190} INFO - [2024-10-22T08:04:59.161+0000] {dag.py:3239} INFO - Sync 1 DAGs
[2024-10-22T08:04:59.179+0000] {logging_mixin.py:190} INFO - [2024-10-22T08:04:59.179+0000] {dag.py:4180} INFO - Setting next_dagrun for tutorial_taskflow_api_virtualenv to None, run_after=None
[2024-10-22T08:04:59.197+0000] {processor.py:208} INFO - Processing /home/airflow/.local/lib/python3.12/site-packages/airflow/example_dags/tutorial_taskflow_api_virtualenv.py took 0.084 seconds
[2024-10-22T08:05:29.564+0000] {processor.py:186} INFO - Started process (PID=88715) to work on /home/airflow/.local/lib/python3.12/site-packages/airflow/example_dags/tutorial_taskflow_api_virtualenv.py
[2024-10-22T08:05:29.565+0000] {processor.py:914} INFO - Processing file /home/airflow/.local/lib/python3.12/site-packages/airflow/example_dags/tutorial_taskflow_api_virtualenv.py for tasks to queue
[2024-10-22T08:05:29.566+0000] {logging_mixin.py:190} INFO - [2024-10-22T08:05:29.566+0000] {dagbag.py:588} INFO - Filling up the DagBag from /home/airflow/.local/lib/python3.12/site-packages/airflow/example_dags/tutorial_taskflow_api_virtualenv.py
[2024-10-22T08:05:29.577+0000] {processor.py:925} INFO - DAG(s) 'tutorial_taskflow_api_virtualenv' retrieved from /home/airflow/.local/lib/python3.12/site-packages/airflow/example_dags/tutorial_taskflow_api_virtualenv.py
[2024-10-22T08:05:29.599+0000] {logging_mixin.py:190} INFO - [2024-10-22T08:05:29.599+0000] {dag.py:3239} INFO - Sync 1 DAGs
[2024-10-22T08:05:29.616+0000] {logging_mixin.py:190} INFO - [2024-10-22T08:05:29.616+0000] {dag.py:4180} INFO - Setting next_dagrun for tutorial_taskflow_api_virtualenv to None, run_after=None
[2024-10-22T08:05:29.633+0000] {processor.py:208} INFO - Processing /home/airflow/.local/lib/python3.12/site-packages/airflow/example_dags/tutorial_taskflow_api_virtualenv.py took 0.077 seconds
[2024-10-22T08:05:59.848+0000] {processor.py:186} INFO - Started process (PID=88782) to work on /home/airflow/.local/lib/python3.12/site-packages/airflow/example_dags/tutorial_taskflow_api_virtualenv.py
[2024-10-22T08:05:59.849+0000] {processor.py:914} INFO - Processing file /home/airflow/.local/lib/python3.12/site-packages/airflow/example_dags/tutorial_taskflow_api_virtualenv.py for tasks to queue
[2024-10-22T08:05:59.850+0000] {logging_mixin.py:190} INFO - [2024-10-22T08:05:59.850+0000] {dagbag.py:588} INFO - Filling up the DagBag from /home/airflow/.local/lib/python3.12/site-packages/airflow/example_dags/tutorial_taskflow_api_virtualenv.py
[2024-10-22T08:05:59.862+0000] {processor.py:925} INFO - DAG(s) 'tutorial_taskflow_api_virtualenv' retrieved from /home/airflow/.local/lib/python3.12/site-packages/airflow/example_dags/tutorial_taskflow_api_virtualenv.py
[2024-10-22T08:05:59.884+0000] {logging_mixin.py:190} INFO - [2024-10-22T08:05:59.883+0000] {dag.py:3239} INFO - Sync 1 DAGs
[2024-10-22T08:05:59.900+0000] {logging_mixin.py:190} INFO - [2024-10-22T08:05:59.899+0000] {dag.py:4180} INFO - Setting next_dagrun for tutorial_taskflow_api_virtualenv to None, run_after=None
[2024-10-22T08:05:59.922+0000] {processor.py:208} INFO - Processing /home/airflow/.local/lib/python3.12/site-packages/airflow/example_dags/tutorial_taskflow_api_virtualenv.py took 0.082 seconds
[2024-10-22T08:06:30.372+0000] {processor.py:186} INFO - Started process (PID=88849) to work on /home/airflow/.local/lib/python3.12/site-packages/airflow/example_dags/tutorial_taskflow_api_virtualenv.py
[2024-10-22T08:06:30.373+0000] {processor.py:914} INFO - Processing file /home/airflow/.local/lib/python3.12/site-packages/airflow/example_dags/tutorial_taskflow_api_virtualenv.py for tasks to queue
[2024-10-22T08:06:30.375+0000] {logging_mixin.py:190} INFO - [2024-10-22T08:06:30.374+0000] {dagbag.py:588} INFO - Filling up the DagBag from /home/airflow/.local/lib/python3.12/site-packages/airflow/example_dags/tutorial_taskflow_api_virtualenv.py
[2024-10-22T08:06:30.387+0000] {processor.py:925} INFO - DAG(s) 'tutorial_taskflow_api_virtualenv' retrieved from /home/airflow/.local/lib/python3.12/site-packages/airflow/example_dags/tutorial_taskflow_api_virtualenv.py
[2024-10-22T08:06:30.411+0000] {logging_mixin.py:190} INFO - [2024-10-22T08:06:30.410+0000] {dag.py:3239} INFO - Sync 1 DAGs
[2024-10-22T08:06:30.427+0000] {logging_mixin.py:190} INFO - [2024-10-22T08:06:30.427+0000] {dag.py:4180} INFO - Setting next_dagrun for tutorial_taskflow_api_virtualenv to None, run_after=None
[2024-10-22T08:06:30.445+0000] {processor.py:208} INFO - Processing /home/airflow/.local/lib/python3.12/site-packages/airflow/example_dags/tutorial_taskflow_api_virtualenv.py took 0.080 seconds
[2024-10-22T08:07:00.660+0000] {processor.py:186} INFO - Started process (PID=88916) to work on /home/airflow/.local/lib/python3.12/site-packages/airflow/example_dags/tutorial_taskflow_api_virtualenv.py
[2024-10-22T08:07:00.661+0000] {processor.py:914} INFO - Processing file /home/airflow/.local/lib/python3.12/site-packages/airflow/example_dags/tutorial_taskflow_api_virtualenv.py for tasks to queue
[2024-10-22T08:07:00.662+0000] {logging_mixin.py:190} INFO - [2024-10-22T08:07:00.662+0000] {dagbag.py:588} INFO - Filling up the DagBag from /home/airflow/.local/lib/python3.12/site-packages/airflow/example_dags/tutorial_taskflow_api_virtualenv.py
[2024-10-22T08:07:00.675+0000] {processor.py:925} INFO - DAG(s) 'tutorial_taskflow_api_virtualenv' retrieved from /home/airflow/.local/lib/python3.12/site-packages/airflow/example_dags/tutorial_taskflow_api_virtualenv.py
[2024-10-22T08:07:00.697+0000] {logging_mixin.py:190} INFO - [2024-10-22T08:07:00.697+0000] {dag.py:3239} INFO - Sync 1 DAGs
[2024-10-22T08:07:00.713+0000] {logging_mixin.py:190} INFO - [2024-10-22T08:07:00.713+0000] {dag.py:4180} INFO - Setting next_dagrun for tutorial_taskflow_api_virtualenv to None, run_after=None
[2024-10-22T08:07:00.730+0000] {processor.py:208} INFO - Processing /home/airflow/.local/lib/python3.12/site-packages/airflow/example_dags/tutorial_taskflow_api_virtualenv.py took 0.077 seconds
[2024-10-22T08:07:31.120+0000] {processor.py:186} INFO - Started process (PID=88983) to work on /home/airflow/.local/lib/python3.12/site-packages/airflow/example_dags/tutorial_taskflow_api_virtualenv.py
[2024-10-22T08:07:31.121+0000] {processor.py:914} INFO - Processing file /home/airflow/.local/lib/python3.12/site-packages/airflow/example_dags/tutorial_taskflow_api_virtualenv.py for tasks to queue
[2024-10-22T08:07:31.122+0000] {logging_mixin.py:190} INFO - [2024-10-22T08:07:31.122+0000] {dagbag.py:588} INFO - Filling up the DagBag from /home/airflow/.local/lib/python3.12/site-packages/airflow/example_dags/tutorial_taskflow_api_virtualenv.py
[2024-10-22T08:07:31.135+0000] {processor.py:925} INFO - DAG(s) 'tutorial_taskflow_api_virtualenv' retrieved from /home/airflow/.local/lib/python3.12/site-packages/airflow/example_dags/tutorial_taskflow_api_virtualenv.py
[2024-10-22T08:07:31.157+0000] {logging_mixin.py:190} INFO - [2024-10-22T08:07:31.157+0000] {dag.py:3239} INFO - Sync 1 DAGs
[2024-10-22T08:07:31.174+0000] {logging_mixin.py:190} INFO - [2024-10-22T08:07:31.173+0000] {dag.py:4180} INFO - Setting next_dagrun for tutorial_taskflow_api_virtualenv to None, run_after=None
[2024-10-22T08:07:31.191+0000] {processor.py:208} INFO - Processing /home/airflow/.local/lib/python3.12/site-packages/airflow/example_dags/tutorial_taskflow_api_virtualenv.py took 0.078 seconds
[2024-10-22T08:08:01.429+0000] {processor.py:186} INFO - Started process (PID=89050) to work on /home/airflow/.local/lib/python3.12/site-packages/airflow/example_dags/tutorial_taskflow_api_virtualenv.py
[2024-10-22T08:08:01.430+0000] {processor.py:914} INFO - Processing file /home/airflow/.local/lib/python3.12/site-packages/airflow/example_dags/tutorial_taskflow_api_virtualenv.py for tasks to queue
[2024-10-22T08:08:01.431+0000] {logging_mixin.py:190} INFO - [2024-10-22T08:08:01.431+0000] {dagbag.py:588} INFO - Filling up the DagBag from /home/airflow/.local/lib/python3.12/site-packages/airflow/example_dags/tutorial_taskflow_api_virtualenv.py
[2024-10-22T08:08:01.443+0000] {processor.py:925} INFO - DAG(s) 'tutorial_taskflow_api_virtualenv' retrieved from /home/airflow/.local/lib/python3.12/site-packages/airflow/example_dags/tutorial_taskflow_api_virtualenv.py
[2024-10-22T08:08:01.465+0000] {logging_mixin.py:190} INFO - [2024-10-22T08:08:01.465+0000] {dag.py:3239} INFO - Sync 1 DAGs
[2024-10-22T08:08:01.483+0000] {logging_mixin.py:190} INFO - [2024-10-22T08:08:01.483+0000] {dag.py:4180} INFO - Setting next_dagrun for tutorial_taskflow_api_virtualenv to None, run_after=None
[2024-10-22T08:08:01.501+0000] {processor.py:208} INFO - Processing /home/airflow/.local/lib/python3.12/site-packages/airflow/example_dags/tutorial_taskflow_api_virtualenv.py took 0.079 seconds
[2024-10-22T08:08:31.712+0000] {processor.py:186} INFO - Started process (PID=89117) to work on /home/airflow/.local/lib/python3.12/site-packages/airflow/example_dags/tutorial_taskflow_api_virtualenv.py
[2024-10-22T08:08:31.713+0000] {processor.py:914} INFO - Processing file /home/airflow/.local/lib/python3.12/site-packages/airflow/example_dags/tutorial_taskflow_api_virtualenv.py for tasks to queue
[2024-10-22T08:08:31.714+0000] {logging_mixin.py:190} INFO - [2024-10-22T08:08:31.714+0000] {dagbag.py:588} INFO - Filling up the DagBag from /home/airflow/.local/lib/python3.12/site-packages/airflow/example_dags/tutorial_taskflow_api_virtualenv.py
[2024-10-22T08:08:31.727+0000] {processor.py:925} INFO - DAG(s) 'tutorial_taskflow_api_virtualenv' retrieved from /home/airflow/.local/lib/python3.12/site-packages/airflow/example_dags/tutorial_taskflow_api_virtualenv.py
[2024-10-22T08:08:31.749+0000] {logging_mixin.py:190} INFO - [2024-10-22T08:08:31.748+0000] {dag.py:3239} INFO - Sync 1 DAGs
[2024-10-22T08:08:31.764+0000] {logging_mixin.py:190} INFO - [2024-10-22T08:08:31.764+0000] {dag.py:4180} INFO - Setting next_dagrun for tutorial_taskflow_api_virtualenv to None, run_after=None
[2024-10-22T08:08:31.781+0000] {processor.py:208} INFO - Processing /home/airflow/.local/lib/python3.12/site-packages/airflow/example_dags/tutorial_taskflow_api_virtualenv.py took 0.076 seconds
[2024-10-22T08:09:01.932+0000] {processor.py:186} INFO - Started process (PID=89184) to work on /home/airflow/.local/lib/python3.12/site-packages/airflow/example_dags/tutorial_taskflow_api_virtualenv.py
[2024-10-22T08:09:01.933+0000] {processor.py:914} INFO - Processing file /home/airflow/.local/lib/python3.12/site-packages/airflow/example_dags/tutorial_taskflow_api_virtualenv.py for tasks to queue
[2024-10-22T08:09:01.935+0000] {logging_mixin.py:190} INFO - [2024-10-22T08:09:01.934+0000] {dagbag.py:588} INFO - Filling up the DagBag from /home/airflow/.local/lib/python3.12/site-packages/airflow/example_dags/tutorial_taskflow_api_virtualenv.py
[2024-10-22T08:09:01.948+0000] {processor.py:925} INFO - DAG(s) 'tutorial_taskflow_api_virtualenv' retrieved from /home/airflow/.local/lib/python3.12/site-packages/airflow/example_dags/tutorial_taskflow_api_virtualenv.py
[2024-10-22T08:09:01.974+0000] {logging_mixin.py:190} INFO - [2024-10-22T08:09:01.973+0000] {dag.py:3239} INFO - Sync 1 DAGs
[2024-10-22T08:09:01.993+0000] {logging_mixin.py:190} INFO - [2024-10-22T08:09:01.992+0000] {dag.py:4180} INFO - Setting next_dagrun for tutorial_taskflow_api_virtualenv to None, run_after=None
[2024-10-22T08:09:02.011+0000] {processor.py:208} INFO - Processing /home/airflow/.local/lib/python3.12/site-packages/airflow/example_dags/tutorial_taskflow_api_virtualenv.py took 0.086 seconds
[2024-10-22T08:09:33.118+0000] {processor.py:186} INFO - Started process (PID=89251) to work on /home/airflow/.local/lib/python3.12/site-packages/airflow/example_dags/tutorial_taskflow_api_virtualenv.py
[2024-10-22T08:09:33.119+0000] {processor.py:914} INFO - Processing file /home/airflow/.local/lib/python3.12/site-packages/airflow/example_dags/tutorial_taskflow_api_virtualenv.py for tasks to queue
[2024-10-22T08:09:33.121+0000] {logging_mixin.py:190} INFO - [2024-10-22T08:09:33.120+0000] {dagbag.py:588} INFO - Filling up the DagBag from /home/airflow/.local/lib/python3.12/site-packages/airflow/example_dags/tutorial_taskflow_api_virtualenv.py
[2024-10-22T08:09:33.133+0000] {processor.py:925} INFO - DAG(s) 'tutorial_taskflow_api_virtualenv' retrieved from /home/airflow/.local/lib/python3.12/site-packages/airflow/example_dags/tutorial_taskflow_api_virtualenv.py
[2024-10-22T08:09:33.156+0000] {logging_mixin.py:190} INFO - [2024-10-22T08:09:33.155+0000] {dag.py:3239} INFO - Sync 1 DAGs
[2024-10-22T08:09:33.172+0000] {logging_mixin.py:190} INFO - [2024-10-22T08:09:33.171+0000] {dag.py:4180} INFO - Setting next_dagrun for tutorial_taskflow_api_virtualenv to None, run_after=None
[2024-10-22T08:09:33.190+0000] {processor.py:208} INFO - Processing /home/airflow/.local/lib/python3.12/site-packages/airflow/example_dags/tutorial_taskflow_api_virtualenv.py took 0.079 seconds
[2024-10-22T08:10:03.315+0000] {processor.py:186} INFO - Started process (PID=89317) to work on /home/airflow/.local/lib/python3.12/site-packages/airflow/example_dags/tutorial_taskflow_api_virtualenv.py
[2024-10-22T08:10:03.316+0000] {processor.py:914} INFO - Processing file /home/airflow/.local/lib/python3.12/site-packages/airflow/example_dags/tutorial_taskflow_api_virtualenv.py for tasks to queue
[2024-10-22T08:10:03.318+0000] {logging_mixin.py:190} INFO - [2024-10-22T08:10:03.317+0000] {dagbag.py:588} INFO - Filling up the DagBag from /home/airflow/.local/lib/python3.12/site-packages/airflow/example_dags/tutorial_taskflow_api_virtualenv.py
[2024-10-22T08:10:03.330+0000] {processor.py:925} INFO - DAG(s) 'tutorial_taskflow_api_virtualenv' retrieved from /home/airflow/.local/lib/python3.12/site-packages/airflow/example_dags/tutorial_taskflow_api_virtualenv.py
[2024-10-22T08:10:03.353+0000] {logging_mixin.py:190} INFO - [2024-10-22T08:10:03.353+0000] {dag.py:3239} INFO - Sync 1 DAGs
[2024-10-22T08:10:03.369+0000] {logging_mixin.py:190} INFO - [2024-10-22T08:10:03.369+0000] {dag.py:4180} INFO - Setting next_dagrun for tutorial_taskflow_api_virtualenv to None, run_after=None
[2024-10-22T08:10:03.388+0000] {processor.py:208} INFO - Processing /home/airflow/.local/lib/python3.12/site-packages/airflow/example_dags/tutorial_taskflow_api_virtualenv.py took 0.080 seconds
[2024-10-22T08:10:33.437+0000] {processor.py:186} INFO - Started process (PID=89383) to work on /home/airflow/.local/lib/python3.12/site-packages/airflow/example_dags/tutorial_taskflow_api_virtualenv.py
[2024-10-22T08:10:33.438+0000] {processor.py:914} INFO - Processing file /home/airflow/.local/lib/python3.12/site-packages/airflow/example_dags/tutorial_taskflow_api_virtualenv.py for tasks to queue
[2024-10-22T08:10:33.440+0000] {logging_mixin.py:190} INFO - [2024-10-22T08:10:33.439+0000] {dagbag.py:588} INFO - Filling up the DagBag from /home/airflow/.local/lib/python3.12/site-packages/airflow/example_dags/tutorial_taskflow_api_virtualenv.py
[2024-10-22T08:10:33.451+0000] {processor.py:925} INFO - DAG(s) 'tutorial_taskflow_api_virtualenv' retrieved from /home/airflow/.local/lib/python3.12/site-packages/airflow/example_dags/tutorial_taskflow_api_virtualenv.py
[2024-10-22T08:10:33.472+0000] {logging_mixin.py:190} INFO - [2024-10-22T08:10:33.472+0000] {dag.py:3239} INFO - Sync 1 DAGs
[2024-10-22T08:10:33.488+0000] {logging_mixin.py:190} INFO - [2024-10-22T08:10:33.487+0000] {dag.py:4180} INFO - Setting next_dagrun for tutorial_taskflow_api_virtualenv to None, run_after=None
[2024-10-22T08:10:33.504+0000] {processor.py:208} INFO - Processing /home/airflow/.local/lib/python3.12/site-packages/airflow/example_dags/tutorial_taskflow_api_virtualenv.py took 0.073 seconds
[2024-10-22T08:11:03.784+0000] {processor.py:186} INFO - Started process (PID=89449) to work on /home/airflow/.local/lib/python3.12/site-packages/airflow/example_dags/tutorial_taskflow_api_virtualenv.py
[2024-10-22T08:11:03.785+0000] {processor.py:914} INFO - Processing file /home/airflow/.local/lib/python3.12/site-packages/airflow/example_dags/tutorial_taskflow_api_virtualenv.py for tasks to queue
[2024-10-22T08:11:03.787+0000] {logging_mixin.py:190} INFO - [2024-10-22T08:11:03.787+0000] {dagbag.py:588} INFO - Filling up the DagBag from /home/airflow/.local/lib/python3.12/site-packages/airflow/example_dags/tutorial_taskflow_api_virtualenv.py
[2024-10-22T08:11:03.806+0000] {processor.py:925} INFO - DAG(s) 'tutorial_taskflow_api_virtualenv' retrieved from /home/airflow/.local/lib/python3.12/site-packages/airflow/example_dags/tutorial_taskflow_api_virtualenv.py
[2024-10-22T08:11:03.833+0000] {logging_mixin.py:190} INFO - [2024-10-22T08:11:03.832+0000] {dag.py:3239} INFO - Sync 1 DAGs
[2024-10-22T08:11:03.853+0000] {logging_mixin.py:190} INFO - [2024-10-22T08:11:03.852+0000] {dag.py:4180} INFO - Setting next_dagrun for tutorial_taskflow_api_virtualenv to None, run_after=None
[2024-10-22T08:11:03.874+0000] {processor.py:208} INFO - Processing /home/airflow/.local/lib/python3.12/site-packages/airflow/example_dags/tutorial_taskflow_api_virtualenv.py took 0.097 seconds
[2024-10-22T08:11:34.427+0000] {processor.py:186} INFO - Started process (PID=89516) to work on /home/airflow/.local/lib/python3.12/site-packages/airflow/example_dags/tutorial_taskflow_api_virtualenv.py
[2024-10-22T08:11:34.429+0000] {processor.py:914} INFO - Processing file /home/airflow/.local/lib/python3.12/site-packages/airflow/example_dags/tutorial_taskflow_api_virtualenv.py for tasks to queue
[2024-10-22T08:11:34.430+0000] {logging_mixin.py:190} INFO - [2024-10-22T08:11:34.430+0000] {dagbag.py:588} INFO - Filling up the DagBag from /home/airflow/.local/lib/python3.12/site-packages/airflow/example_dags/tutorial_taskflow_api_virtualenv.py
[2024-10-22T08:11:34.442+0000] {processor.py:925} INFO - DAG(s) 'tutorial_taskflow_api_virtualenv' retrieved from /home/airflow/.local/lib/python3.12/site-packages/airflow/example_dags/tutorial_taskflow_api_virtualenv.py
[2024-10-22T08:11:34.463+0000] {logging_mixin.py:190} INFO - [2024-10-22T08:11:34.463+0000] {dag.py:3239} INFO - Sync 1 DAGs
[2024-10-22T08:11:34.488+0000] {logging_mixin.py:190} INFO - [2024-10-22T08:11:34.488+0000] {dag.py:4180} INFO - Setting next_dagrun for tutorial_taskflow_api_virtualenv to None, run_after=None
[2024-10-22T08:11:34.515+0000] {processor.py:208} INFO - Processing /home/airflow/.local/lib/python3.12/site-packages/airflow/example_dags/tutorial_taskflow_api_virtualenv.py took 0.095 seconds
[2024-10-22T08:12:04.873+0000] {processor.py:186} INFO - Started process (PID=89583) to work on /home/airflow/.local/lib/python3.12/site-packages/airflow/example_dags/tutorial_taskflow_api_virtualenv.py
[2024-10-22T08:12:04.874+0000] {processor.py:914} INFO - Processing file /home/airflow/.local/lib/python3.12/site-packages/airflow/example_dags/tutorial_taskflow_api_virtualenv.py for tasks to queue
[2024-10-22T08:12:04.875+0000] {logging_mixin.py:190} INFO - [2024-10-22T08:12:04.875+0000] {dagbag.py:588} INFO - Filling up the DagBag from /home/airflow/.local/lib/python3.12/site-packages/airflow/example_dags/tutorial_taskflow_api_virtualenv.py
[2024-10-22T08:12:04.887+0000] {processor.py:925} INFO - DAG(s) 'tutorial_taskflow_api_virtualenv' retrieved from /home/airflow/.local/lib/python3.12/site-packages/airflow/example_dags/tutorial_taskflow_api_virtualenv.py
[2024-10-22T08:12:04.908+0000] {logging_mixin.py:190} INFO - [2024-10-22T08:12:04.907+0000] {dag.py:3239} INFO - Sync 1 DAGs
[2024-10-22T08:12:04.924+0000] {logging_mixin.py:190} INFO - [2024-10-22T08:12:04.924+0000] {dag.py:4180} INFO - Setting next_dagrun for tutorial_taskflow_api_virtualenv to None, run_after=None
[2024-10-22T08:12:04.942+0000] {processor.py:208} INFO - Processing /home/airflow/.local/lib/python3.12/site-packages/airflow/example_dags/tutorial_taskflow_api_virtualenv.py took 0.077 seconds
[2024-10-22T08:12:35.309+0000] {processor.py:186} INFO - Started process (PID=89650) to work on /home/airflow/.local/lib/python3.12/site-packages/airflow/example_dags/tutorial_taskflow_api_virtualenv.py
[2024-10-22T08:12:35.311+0000] {processor.py:914} INFO - Processing file /home/airflow/.local/lib/python3.12/site-packages/airflow/example_dags/tutorial_taskflow_api_virtualenv.py for tasks to queue
[2024-10-22T08:12:35.312+0000] {logging_mixin.py:190} INFO - [2024-10-22T08:12:35.312+0000] {dagbag.py:588} INFO - Filling up the DagBag from /home/airflow/.local/lib/python3.12/site-packages/airflow/example_dags/tutorial_taskflow_api_virtualenv.py
[2024-10-22T08:12:35.324+0000] {processor.py:925} INFO - DAG(s) 'tutorial_taskflow_api_virtualenv' retrieved from /home/airflow/.local/lib/python3.12/site-packages/airflow/example_dags/tutorial_taskflow_api_virtualenv.py
[2024-10-22T08:12:35.349+0000] {logging_mixin.py:190} INFO - [2024-10-22T08:12:35.348+0000] {dag.py:3239} INFO - Sync 1 DAGs
[2024-10-22T08:12:35.365+0000] {logging_mixin.py:190} INFO - [2024-10-22T08:12:35.365+0000] {dag.py:4180} INFO - Setting next_dagrun for tutorial_taskflow_api_virtualenv to None, run_after=None
[2024-10-22T08:12:35.386+0000] {processor.py:208} INFO - Processing /home/airflow/.local/lib/python3.12/site-packages/airflow/example_dags/tutorial_taskflow_api_virtualenv.py took 0.085 seconds
[2024-10-22T08:13:05.507+0000] {processor.py:186} INFO - Started process (PID=89717) to work on /home/airflow/.local/lib/python3.12/site-packages/airflow/example_dags/tutorial_taskflow_api_virtualenv.py
[2024-10-22T08:13:05.508+0000] {processor.py:914} INFO - Processing file /home/airflow/.local/lib/python3.12/site-packages/airflow/example_dags/tutorial_taskflow_api_virtualenv.py for tasks to queue
[2024-10-22T08:13:05.509+0000] {logging_mixin.py:190} INFO - [2024-10-22T08:13:05.509+0000] {dagbag.py:588} INFO - Filling up the DagBag from /home/airflow/.local/lib/python3.12/site-packages/airflow/example_dags/tutorial_taskflow_api_virtualenv.py
[2024-10-22T08:13:05.522+0000] {processor.py:925} INFO - DAG(s) 'tutorial_taskflow_api_virtualenv' retrieved from /home/airflow/.local/lib/python3.12/site-packages/airflow/example_dags/tutorial_taskflow_api_virtualenv.py
[2024-10-22T08:13:05.545+0000] {logging_mixin.py:190} INFO - [2024-10-22T08:13:05.545+0000] {dag.py:3239} INFO - Sync 1 DAGs
[2024-10-22T08:13:05.562+0000] {logging_mixin.py:190} INFO - [2024-10-22T08:13:05.562+0000] {dag.py:4180} INFO - Setting next_dagrun for tutorial_taskflow_api_virtualenv to None, run_after=None
[2024-10-22T08:13:05.580+0000] {processor.py:208} INFO - Processing /home/airflow/.local/lib/python3.12/site-packages/airflow/example_dags/tutorial_taskflow_api_virtualenv.py took 0.080 seconds
[2024-10-22T08:13:36.591+0000] {processor.py:186} INFO - Started process (PID=89784) to work on /home/airflow/.local/lib/python3.12/site-packages/airflow/example_dags/tutorial_taskflow_api_virtualenv.py
[2024-10-22T08:13:36.593+0000] {processor.py:914} INFO - Processing file /home/airflow/.local/lib/python3.12/site-packages/airflow/example_dags/tutorial_taskflow_api_virtualenv.py for tasks to queue
[2024-10-22T08:13:36.595+0000] {logging_mixin.py:190} INFO - [2024-10-22T08:13:36.594+0000] {dagbag.py:588} INFO - Filling up the DagBag from /home/airflow/.local/lib/python3.12/site-packages/airflow/example_dags/tutorial_taskflow_api_virtualenv.py
[2024-10-22T08:13:36.611+0000] {processor.py:925} INFO - DAG(s) 'tutorial_taskflow_api_virtualenv' retrieved from /home/airflow/.local/lib/python3.12/site-packages/airflow/example_dags/tutorial_taskflow_api_virtualenv.py
[2024-10-22T08:13:36.638+0000] {logging_mixin.py:190} INFO - [2024-10-22T08:13:36.638+0000] {dag.py:3239} INFO - Sync 1 DAGs
[2024-10-22T08:13:36.655+0000] {logging_mixin.py:190} INFO - [2024-10-22T08:13:36.655+0000] {dag.py:4180} INFO - Setting next_dagrun for tutorial_taskflow_api_virtualenv to None, run_after=None
[2024-10-22T08:13:36.676+0000] {processor.py:208} INFO - Processing /home/airflow/.local/lib/python3.12/site-packages/airflow/example_dags/tutorial_taskflow_api_virtualenv.py took 0.094 seconds
[2024-10-22T08:14:06.998+0000] {processor.py:186} INFO - Started process (PID=89851) to work on /home/airflow/.local/lib/python3.12/site-packages/airflow/example_dags/tutorial_taskflow_api_virtualenv.py
[2024-10-22T08:14:06.999+0000] {processor.py:914} INFO - Processing file /home/airflow/.local/lib/python3.12/site-packages/airflow/example_dags/tutorial_taskflow_api_virtualenv.py for tasks to queue
[2024-10-22T08:14:07.000+0000] {logging_mixin.py:190} INFO - [2024-10-22T08:14:07.000+0000] {dagbag.py:588} INFO - Filling up the DagBag from /home/airflow/.local/lib/python3.12/site-packages/airflow/example_dags/tutorial_taskflow_api_virtualenv.py
[2024-10-22T08:14:07.012+0000] {processor.py:925} INFO - DAG(s) 'tutorial_taskflow_api_virtualenv' retrieved from /home/airflow/.local/lib/python3.12/site-packages/airflow/example_dags/tutorial_taskflow_api_virtualenv.py
[2024-10-22T08:14:07.037+0000] {logging_mixin.py:190} INFO - [2024-10-22T08:14:07.037+0000] {dag.py:3239} INFO - Sync 1 DAGs
[2024-10-22T08:14:07.054+0000] {logging_mixin.py:190} INFO - [2024-10-22T08:14:07.054+0000] {dag.py:4180} INFO - Setting next_dagrun for tutorial_taskflow_api_virtualenv to None, run_after=None
[2024-10-22T08:14:07.070+0000] {processor.py:208} INFO - Processing /home/airflow/.local/lib/python3.12/site-packages/airflow/example_dags/tutorial_taskflow_api_virtualenv.py took 0.080 seconds
[2024-10-22T08:14:37.498+0000] {processor.py:186} INFO - Started process (PID=89917) to work on /home/airflow/.local/lib/python3.12/site-packages/airflow/example_dags/tutorial_taskflow_api_virtualenv.py
[2024-10-22T08:14:37.499+0000] {processor.py:914} INFO - Processing file /home/airflow/.local/lib/python3.12/site-packages/airflow/example_dags/tutorial_taskflow_api_virtualenv.py for tasks to queue
[2024-10-22T08:14:37.500+0000] {logging_mixin.py:190} INFO - [2024-10-22T08:14:37.500+0000] {dagbag.py:588} INFO - Filling up the DagBag from /home/airflow/.local/lib/python3.12/site-packages/airflow/example_dags/tutorial_taskflow_api_virtualenv.py
[2024-10-22T08:14:37.512+0000] {processor.py:925} INFO - DAG(s) 'tutorial_taskflow_api_virtualenv' retrieved from /home/airflow/.local/lib/python3.12/site-packages/airflow/example_dags/tutorial_taskflow_api_virtualenv.py
[2024-10-22T08:14:37.537+0000] {logging_mixin.py:190} INFO - [2024-10-22T08:14:37.536+0000] {dag.py:3239} INFO - Sync 1 DAGs
[2024-10-22T08:14:37.553+0000] {logging_mixin.py:190} INFO - [2024-10-22T08:14:37.553+0000] {dag.py:4180} INFO - Setting next_dagrun for tutorial_taskflow_api_virtualenv to None, run_after=None
[2024-10-22T08:14:37.572+0000] {processor.py:208} INFO - Processing /home/airflow/.local/lib/python3.12/site-packages/airflow/example_dags/tutorial_taskflow_api_virtualenv.py took 0.082 seconds
[2024-10-22T08:15:07.726+0000] {processor.py:186} INFO - Started process (PID=89984) to work on /home/airflow/.local/lib/python3.12/site-packages/airflow/example_dags/tutorial_taskflow_api_virtualenv.py
[2024-10-22T08:15:07.727+0000] {processor.py:914} INFO - Processing file /home/airflow/.local/lib/python3.12/site-packages/airflow/example_dags/tutorial_taskflow_api_virtualenv.py for tasks to queue
[2024-10-22T08:15:07.729+0000] {logging_mixin.py:190} INFO - [2024-10-22T08:15:07.729+0000] {dagbag.py:588} INFO - Filling up the DagBag from /home/airflow/.local/lib/python3.12/site-packages/airflow/example_dags/tutorial_taskflow_api_virtualenv.py
[2024-10-22T08:15:07.742+0000] {processor.py:925} INFO - DAG(s) 'tutorial_taskflow_api_virtualenv' retrieved from /home/airflow/.local/lib/python3.12/site-packages/airflow/example_dags/tutorial_taskflow_api_virtualenv.py
[2024-10-22T08:15:07.766+0000] {logging_mixin.py:190} INFO - [2024-10-22T08:15:07.765+0000] {dag.py:3239} INFO - Sync 1 DAGs
[2024-10-22T08:15:07.782+0000] {logging_mixin.py:190} INFO - [2024-10-22T08:15:07.782+0000] {dag.py:4180} INFO - Setting next_dagrun for tutorial_taskflow_api_virtualenv to None, run_after=None
[2024-10-22T08:15:07.803+0000] {processor.py:208} INFO - Processing /home/airflow/.local/lib/python3.12/site-packages/airflow/example_dags/tutorial_taskflow_api_virtualenv.py took 0.085 seconds
[2024-10-22T08:15:37.954+0000] {processor.py:186} INFO - Started process (PID=90051) to work on /home/airflow/.local/lib/python3.12/site-packages/airflow/example_dags/tutorial_taskflow_api_virtualenv.py
[2024-10-22T08:15:37.955+0000] {processor.py:914} INFO - Processing file /home/airflow/.local/lib/python3.12/site-packages/airflow/example_dags/tutorial_taskflow_api_virtualenv.py for tasks to queue
[2024-10-22T08:15:37.957+0000] {logging_mixin.py:190} INFO - [2024-10-22T08:15:37.956+0000] {dagbag.py:588} INFO - Filling up the DagBag from /home/airflow/.local/lib/python3.12/site-packages/airflow/example_dags/tutorial_taskflow_api_virtualenv.py
[2024-10-22T08:15:37.969+0000] {processor.py:925} INFO - DAG(s) 'tutorial_taskflow_api_virtualenv' retrieved from /home/airflow/.local/lib/python3.12/site-packages/airflow/example_dags/tutorial_taskflow_api_virtualenv.py
[2024-10-22T08:15:37.992+0000] {logging_mixin.py:190} INFO - [2024-10-22T08:15:37.992+0000] {dag.py:3239} INFO - Sync 1 DAGs
[2024-10-22T08:15:38.008+0000] {logging_mixin.py:190} INFO - [2024-10-22T08:15:38.008+0000] {dag.py:4180} INFO - Setting next_dagrun for tutorial_taskflow_api_virtualenv to None, run_after=None
[2024-10-22T08:15:38.027+0000] {processor.py:208} INFO - Processing /home/airflow/.local/lib/python3.12/site-packages/airflow/example_dags/tutorial_taskflow_api_virtualenv.py took 0.081 seconds
[2024-10-22T08:16:08.236+0000] {processor.py:186} INFO - Started process (PID=90117) to work on /home/airflow/.local/lib/python3.12/site-packages/airflow/example_dags/tutorial_taskflow_api_virtualenv.py
[2024-10-22T08:16:08.237+0000] {processor.py:914} INFO - Processing file /home/airflow/.local/lib/python3.12/site-packages/airflow/example_dags/tutorial_taskflow_api_virtualenv.py for tasks to queue
[2024-10-22T08:16:08.238+0000] {logging_mixin.py:190} INFO - [2024-10-22T08:16:08.238+0000] {dagbag.py:588} INFO - Filling up the DagBag from /home/airflow/.local/lib/python3.12/site-packages/airflow/example_dags/tutorial_taskflow_api_virtualenv.py
[2024-10-22T08:16:08.251+0000] {processor.py:925} INFO - DAG(s) 'tutorial_taskflow_api_virtualenv' retrieved from /home/airflow/.local/lib/python3.12/site-packages/airflow/example_dags/tutorial_taskflow_api_virtualenv.py
[2024-10-22T08:16:08.273+0000] {logging_mixin.py:190} INFO - [2024-10-22T08:16:08.272+0000] {dag.py:3239} INFO - Sync 1 DAGs
[2024-10-22T08:16:08.289+0000] {logging_mixin.py:190} INFO - [2024-10-22T08:16:08.288+0000] {dag.py:4180} INFO - Setting next_dagrun for tutorial_taskflow_api_virtualenv to None, run_after=None
[2024-10-22T08:16:08.306+0000] {processor.py:208} INFO - Processing /home/airflow/.local/lib/python3.12/site-packages/airflow/example_dags/tutorial_taskflow_api_virtualenv.py took 0.077 seconds
[2024-10-22T08:16:38.511+0000] {processor.py:186} INFO - Started process (PID=90184) to work on /home/airflow/.local/lib/python3.12/site-packages/airflow/example_dags/tutorial_taskflow_api_virtualenv.py
[2024-10-22T08:16:38.512+0000] {processor.py:914} INFO - Processing file /home/airflow/.local/lib/python3.12/site-packages/airflow/example_dags/tutorial_taskflow_api_virtualenv.py for tasks to queue
[2024-10-22T08:16:38.513+0000] {logging_mixin.py:190} INFO - [2024-10-22T08:16:38.513+0000] {dagbag.py:588} INFO - Filling up the DagBag from /home/airflow/.local/lib/python3.12/site-packages/airflow/example_dags/tutorial_taskflow_api_virtualenv.py
[2024-10-22T08:16:38.526+0000] {processor.py:925} INFO - DAG(s) 'tutorial_taskflow_api_virtualenv' retrieved from /home/airflow/.local/lib/python3.12/site-packages/airflow/example_dags/tutorial_taskflow_api_virtualenv.py
[2024-10-22T08:16:38.551+0000] {logging_mixin.py:190} INFO - [2024-10-22T08:16:38.551+0000] {dag.py:3239} INFO - Sync 1 DAGs
[2024-10-22T08:16:38.569+0000] {logging_mixin.py:190} INFO - [2024-10-22T08:16:38.568+0000] {dag.py:4180} INFO - Setting next_dagrun for tutorial_taskflow_api_virtualenv to None, run_after=None
[2024-10-22T08:16:38.586+0000] {processor.py:208} INFO - Processing /home/airflow/.local/lib/python3.12/site-packages/airflow/example_dags/tutorial_taskflow_api_virtualenv.py took 0.083 seconds
[2024-10-22T08:17:08.703+0000] {processor.py:186} INFO - Started process (PID=90250) to work on /home/airflow/.local/lib/python3.12/site-packages/airflow/example_dags/tutorial_taskflow_api_virtualenv.py
[2024-10-22T08:17:08.704+0000] {processor.py:914} INFO - Processing file /home/airflow/.local/lib/python3.12/site-packages/airflow/example_dags/tutorial_taskflow_api_virtualenv.py for tasks to queue
[2024-10-22T08:17:08.705+0000] {logging_mixin.py:190} INFO - [2024-10-22T08:17:08.705+0000] {dagbag.py:588} INFO - Filling up the DagBag from /home/airflow/.local/lib/python3.12/site-packages/airflow/example_dags/tutorial_taskflow_api_virtualenv.py
[2024-10-22T08:17:08.719+0000] {processor.py:925} INFO - DAG(s) 'tutorial_taskflow_api_virtualenv' retrieved from /home/airflow/.local/lib/python3.12/site-packages/airflow/example_dags/tutorial_taskflow_api_virtualenv.py
[2024-10-22T08:17:08.749+0000] {logging_mixin.py:190} INFO - [2024-10-22T08:17:08.749+0000] {dag.py:3239} INFO - Sync 1 DAGs
[2024-10-22T08:17:08.766+0000] {logging_mixin.py:190} INFO - [2024-10-22T08:17:08.766+0000] {dag.py:4180} INFO - Setting next_dagrun for tutorial_taskflow_api_virtualenv to None, run_after=None
[2024-10-22T08:17:08.787+0000] {processor.py:208} INFO - Processing /home/airflow/.local/lib/python3.12/site-packages/airflow/example_dags/tutorial_taskflow_api_virtualenv.py took 0.093 seconds
[2024-10-22T08:17:38.944+0000] {processor.py:186} INFO - Started process (PID=90317) to work on /home/airflow/.local/lib/python3.12/site-packages/airflow/example_dags/tutorial_taskflow_api_virtualenv.py
[2024-10-22T08:17:38.945+0000] {processor.py:914} INFO - Processing file /home/airflow/.local/lib/python3.12/site-packages/airflow/example_dags/tutorial_taskflow_api_virtualenv.py for tasks to queue
[2024-10-22T08:17:38.947+0000] {logging_mixin.py:190} INFO - [2024-10-22T08:17:38.946+0000] {dagbag.py:588} INFO - Filling up the DagBag from /home/airflow/.local/lib/python3.12/site-packages/airflow/example_dags/tutorial_taskflow_api_virtualenv.py
[2024-10-22T08:17:38.960+0000] {processor.py:925} INFO - DAG(s) 'tutorial_taskflow_api_virtualenv' retrieved from /home/airflow/.local/lib/python3.12/site-packages/airflow/example_dags/tutorial_taskflow_api_virtualenv.py
[2024-10-22T08:17:38.983+0000] {logging_mixin.py:190} INFO - [2024-10-22T08:17:38.983+0000] {dag.py:3239} INFO - Sync 1 DAGs
[2024-10-22T08:17:39.001+0000] {logging_mixin.py:190} INFO - [2024-10-22T08:17:39.000+0000] {dag.py:4180} INFO - Setting next_dagrun for tutorial_taskflow_api_virtualenv to None, run_after=None
[2024-10-22T08:17:39.018+0000] {processor.py:208} INFO - Processing /home/airflow/.local/lib/python3.12/site-packages/airflow/example_dags/tutorial_taskflow_api_virtualenv.py took 0.082 seconds
[2024-10-22T08:18:09.340+0000] {processor.py:186} INFO - Started process (PID=90384) to work on /home/airflow/.local/lib/python3.12/site-packages/airflow/example_dags/tutorial_taskflow_api_virtualenv.py
[2024-10-22T08:18:09.341+0000] {processor.py:914} INFO - Processing file /home/airflow/.local/lib/python3.12/site-packages/airflow/example_dags/tutorial_taskflow_api_virtualenv.py for tasks to queue
[2024-10-22T08:18:09.343+0000] {logging_mixin.py:190} INFO - [2024-10-22T08:18:09.342+0000] {dagbag.py:588} INFO - Filling up the DagBag from /home/airflow/.local/lib/python3.12/site-packages/airflow/example_dags/tutorial_taskflow_api_virtualenv.py
[2024-10-22T08:18:09.355+0000] {processor.py:925} INFO - DAG(s) 'tutorial_taskflow_api_virtualenv' retrieved from /home/airflow/.local/lib/python3.12/site-packages/airflow/example_dags/tutorial_taskflow_api_virtualenv.py
[2024-10-22T08:18:09.377+0000] {logging_mixin.py:190} INFO - [2024-10-22T08:18:09.377+0000] {dag.py:3239} INFO - Sync 1 DAGs
[2024-10-22T08:18:09.396+0000] {logging_mixin.py:190} INFO - [2024-10-22T08:18:09.395+0000] {dag.py:4180} INFO - Setting next_dagrun for tutorial_taskflow_api_virtualenv to None, run_after=None
[2024-10-22T08:18:09.418+0000] {processor.py:208} INFO - Processing /home/airflow/.local/lib/python3.12/site-packages/airflow/example_dags/tutorial_taskflow_api_virtualenv.py took 0.085 seconds
[2024-10-22T08:18:39.532+0000] {processor.py:186} INFO - Started process (PID=90451) to work on /home/airflow/.local/lib/python3.12/site-packages/airflow/example_dags/tutorial_taskflow_api_virtualenv.py
[2024-10-22T08:18:39.534+0000] {processor.py:914} INFO - Processing file /home/airflow/.local/lib/python3.12/site-packages/airflow/example_dags/tutorial_taskflow_api_virtualenv.py for tasks to queue
[2024-10-22T08:18:39.536+0000] {logging_mixin.py:190} INFO - [2024-10-22T08:18:39.535+0000] {dagbag.py:588} INFO - Filling up the DagBag from /home/airflow/.local/lib/python3.12/site-packages/airflow/example_dags/tutorial_taskflow_api_virtualenv.py
[2024-10-22T08:18:39.552+0000] {processor.py:925} INFO - DAG(s) 'tutorial_taskflow_api_virtualenv' retrieved from /home/airflow/.local/lib/python3.12/site-packages/airflow/example_dags/tutorial_taskflow_api_virtualenv.py
[2024-10-22T08:18:39.590+0000] {logging_mixin.py:190} INFO - [2024-10-22T08:18:39.590+0000] {dag.py:3239} INFO - Sync 1 DAGs
[2024-10-22T08:18:39.615+0000] {logging_mixin.py:190} INFO - [2024-10-22T08:18:39.615+0000] {dag.py:4180} INFO - Setting next_dagrun for tutorial_taskflow_api_virtualenv to None, run_after=None
[2024-10-22T08:18:39.643+0000] {processor.py:208} INFO - Processing /home/airflow/.local/lib/python3.12/site-packages/airflow/example_dags/tutorial_taskflow_api_virtualenv.py took 0.123 seconds
[2024-10-22T08:19:09.706+0000] {processor.py:186} INFO - Started process (PID=90517) to work on /home/airflow/.local/lib/python3.12/site-packages/airflow/example_dags/tutorial_taskflow_api_virtualenv.py
[2024-10-22T08:19:09.707+0000] {processor.py:914} INFO - Processing file /home/airflow/.local/lib/python3.12/site-packages/airflow/example_dags/tutorial_taskflow_api_virtualenv.py for tasks to queue
[2024-10-22T08:19:09.709+0000] {logging_mixin.py:190} INFO - [2024-10-22T08:19:09.708+0000] {dagbag.py:588} INFO - Filling up the DagBag from /home/airflow/.local/lib/python3.12/site-packages/airflow/example_dags/tutorial_taskflow_api_virtualenv.py
[2024-10-22T08:19:09.721+0000] {processor.py:925} INFO - DAG(s) 'tutorial_taskflow_api_virtualenv' retrieved from /home/airflow/.local/lib/python3.12/site-packages/airflow/example_dags/tutorial_taskflow_api_virtualenv.py
[2024-10-22T08:19:09.742+0000] {logging_mixin.py:190} INFO - [2024-10-22T08:19:09.742+0000] {dag.py:3239} INFO - Sync 1 DAGs
[2024-10-22T08:19:09.758+0000] {logging_mixin.py:190} INFO - [2024-10-22T08:19:09.758+0000] {dag.py:4180} INFO - Setting next_dagrun for tutorial_taskflow_api_virtualenv to None, run_after=None
[2024-10-22T08:19:09.776+0000] {processor.py:208} INFO - Processing /home/airflow/.local/lib/python3.12/site-packages/airflow/example_dags/tutorial_taskflow_api_virtualenv.py took 0.076 seconds
[2024-10-22T08:19:40.552+0000] {processor.py:186} INFO - Started process (PID=90585) to work on /home/airflow/.local/lib/python3.12/site-packages/airflow/example_dags/tutorial_taskflow_api_virtualenv.py
[2024-10-22T08:19:40.553+0000] {processor.py:914} INFO - Processing file /home/airflow/.local/lib/python3.12/site-packages/airflow/example_dags/tutorial_taskflow_api_virtualenv.py for tasks to queue
[2024-10-22T08:19:40.555+0000] {logging_mixin.py:190} INFO - [2024-10-22T08:19:40.554+0000] {dagbag.py:588} INFO - Filling up the DagBag from /home/airflow/.local/lib/python3.12/site-packages/airflow/example_dags/tutorial_taskflow_api_virtualenv.py
[2024-10-22T08:19:40.567+0000] {processor.py:925} INFO - DAG(s) 'tutorial_taskflow_api_virtualenv' retrieved from /home/airflow/.local/lib/python3.12/site-packages/airflow/example_dags/tutorial_taskflow_api_virtualenv.py
[2024-10-22T08:19:40.588+0000] {logging_mixin.py:190} INFO - [2024-10-22T08:19:40.588+0000] {dag.py:3239} INFO - Sync 1 DAGs
[2024-10-22T08:19:40.604+0000] {logging_mixin.py:190} INFO - [2024-10-22T08:19:40.604+0000] {dag.py:4180} INFO - Setting next_dagrun for tutorial_taskflow_api_virtualenv to None, run_after=None
[2024-10-22T08:19:40.622+0000] {processor.py:208} INFO - Processing /home/airflow/.local/lib/python3.12/site-packages/airflow/example_dags/tutorial_taskflow_api_virtualenv.py took 0.077 seconds
[2024-10-22T08:20:11.704+0000] {processor.py:186} INFO - Started process (PID=90653) to work on /home/airflow/.local/lib/python3.12/site-packages/airflow/example_dags/tutorial_taskflow_api_virtualenv.py
[2024-10-22T08:20:11.704+0000] {processor.py:914} INFO - Processing file /home/airflow/.local/lib/python3.12/site-packages/airflow/example_dags/tutorial_taskflow_api_virtualenv.py for tasks to queue
[2024-10-22T08:20:11.706+0000] {logging_mixin.py:190} INFO - [2024-10-22T08:20:11.705+0000] {dagbag.py:588} INFO - Filling up the DagBag from /home/airflow/.local/lib/python3.12/site-packages/airflow/example_dags/tutorial_taskflow_api_virtualenv.py
[2024-10-22T08:20:11.718+0000] {processor.py:925} INFO - DAG(s) 'tutorial_taskflow_api_virtualenv' retrieved from /home/airflow/.local/lib/python3.12/site-packages/airflow/example_dags/tutorial_taskflow_api_virtualenv.py
[2024-10-22T08:20:11.744+0000] {logging_mixin.py:190} INFO - [2024-10-22T08:20:11.743+0000] {dag.py:3239} INFO - Sync 1 DAGs
[2024-10-22T08:20:11.761+0000] {logging_mixin.py:190} INFO - [2024-10-22T08:20:11.761+0000] {dag.py:4180} INFO - Setting next_dagrun for tutorial_taskflow_api_virtualenv to None, run_after=None
[2024-10-22T08:20:11.781+0000] {processor.py:208} INFO - Processing /home/airflow/.local/lib/python3.12/site-packages/airflow/example_dags/tutorial_taskflow_api_virtualenv.py took 0.085 seconds
[2024-10-22T08:20:42.574+0000] {processor.py:186} INFO - Started process (PID=90720) to work on /home/airflow/.local/lib/python3.12/site-packages/airflow/example_dags/tutorial_taskflow_api_virtualenv.py
[2024-10-22T08:20:42.575+0000] {processor.py:914} INFO - Processing file /home/airflow/.local/lib/python3.12/site-packages/airflow/example_dags/tutorial_taskflow_api_virtualenv.py for tasks to queue
[2024-10-22T08:20:42.577+0000] {logging_mixin.py:190} INFO - [2024-10-22T08:20:42.576+0000] {dagbag.py:588} INFO - Filling up the DagBag from /home/airflow/.local/lib/python3.12/site-packages/airflow/example_dags/tutorial_taskflow_api_virtualenv.py
[2024-10-22T08:20:42.589+0000] {processor.py:925} INFO - DAG(s) 'tutorial_taskflow_api_virtualenv' retrieved from /home/airflow/.local/lib/python3.12/site-packages/airflow/example_dags/tutorial_taskflow_api_virtualenv.py
[2024-10-22T08:20:42.618+0000] {logging_mixin.py:190} INFO - [2024-10-22T08:20:42.617+0000] {dag.py:3239} INFO - Sync 1 DAGs
[2024-10-22T08:20:42.634+0000] {logging_mixin.py:190} INFO - [2024-10-22T08:20:42.633+0000] {dag.py:4180} INFO - Setting next_dagrun for tutorial_taskflow_api_virtualenv to None, run_after=None
[2024-10-22T08:20:42.650+0000] {processor.py:208} INFO - Processing /home/airflow/.local/lib/python3.12/site-packages/airflow/example_dags/tutorial_taskflow_api_virtualenv.py took 0.085 seconds
[2024-10-22T08:21:13.513+0000] {processor.py:186} INFO - Started process (PID=90787) to work on /home/airflow/.local/lib/python3.12/site-packages/airflow/example_dags/tutorial_taskflow_api_virtualenv.py
[2024-10-22T08:21:13.518+0000] {processor.py:914} INFO - Processing file /home/airflow/.local/lib/python3.12/site-packages/airflow/example_dags/tutorial_taskflow_api_virtualenv.py for tasks to queue
[2024-10-22T08:21:13.520+0000] {logging_mixin.py:190} INFO - [2024-10-22T08:21:13.519+0000] {dagbag.py:588} INFO - Filling up the DagBag from /home/airflow/.local/lib/python3.12/site-packages/airflow/example_dags/tutorial_taskflow_api_virtualenv.py
[2024-10-22T08:21:13.534+0000] {processor.py:925} INFO - DAG(s) 'tutorial_taskflow_api_virtualenv' retrieved from /home/airflow/.local/lib/python3.12/site-packages/airflow/example_dags/tutorial_taskflow_api_virtualenv.py
[2024-10-22T08:21:13.562+0000] {logging_mixin.py:190} INFO - [2024-10-22T08:21:13.562+0000] {dag.py:3239} INFO - Sync 1 DAGs
[2024-10-22T08:21:13.589+0000] {logging_mixin.py:190} INFO - [2024-10-22T08:21:13.589+0000] {dag.py:4180} INFO - Setting next_dagrun for tutorial_taskflow_api_virtualenv to None, run_after=None
[2024-10-22T08:21:13.611+0000] {processor.py:208} INFO - Processing /home/airflow/.local/lib/python3.12/site-packages/airflow/example_dags/tutorial_taskflow_api_virtualenv.py took 0.114 seconds
[2024-10-22T08:21:44.084+0000] {processor.py:186} INFO - Started process (PID=90853) to work on /home/airflow/.local/lib/python3.12/site-packages/airflow/example_dags/tutorial_taskflow_api_virtualenv.py
[2024-10-22T08:21:44.089+0000] {processor.py:914} INFO - Processing file /home/airflow/.local/lib/python3.12/site-packages/airflow/example_dags/tutorial_taskflow_api_virtualenv.py for tasks to queue
[2024-10-22T08:21:44.092+0000] {logging_mixin.py:190} INFO - [2024-10-22T08:21:44.091+0000] {dagbag.py:588} INFO - Filling up the DagBag from /home/airflow/.local/lib/python3.12/site-packages/airflow/example_dags/tutorial_taskflow_api_virtualenv.py
[2024-10-22T08:21:44.108+0000] {processor.py:925} INFO - DAG(s) 'tutorial_taskflow_api_virtualenv' retrieved from /home/airflow/.local/lib/python3.12/site-packages/airflow/example_dags/tutorial_taskflow_api_virtualenv.py
[2024-10-22T08:21:44.132+0000] {logging_mixin.py:190} INFO - [2024-10-22T08:21:44.132+0000] {dag.py:3239} INFO - Sync 1 DAGs
[2024-10-22T08:21:44.156+0000] {logging_mixin.py:190} INFO - [2024-10-22T08:21:44.156+0000] {dag.py:4180} INFO - Setting next_dagrun for tutorial_taskflow_api_virtualenv to None, run_after=None
[2024-10-22T08:21:44.179+0000] {processor.py:208} INFO - Processing /home/airflow/.local/lib/python3.12/site-packages/airflow/example_dags/tutorial_taskflow_api_virtualenv.py took 0.114 seconds
[2024-10-22T08:22:15.004+0000] {processor.py:186} INFO - Started process (PID=90920) to work on /home/airflow/.local/lib/python3.12/site-packages/airflow/example_dags/tutorial_taskflow_api_virtualenv.py
[2024-10-22T08:22:15.005+0000] {processor.py:914} INFO - Processing file /home/airflow/.local/lib/python3.12/site-packages/airflow/example_dags/tutorial_taskflow_api_virtualenv.py for tasks to queue
[2024-10-22T08:22:15.007+0000] {logging_mixin.py:190} INFO - [2024-10-22T08:22:15.006+0000] {dagbag.py:588} INFO - Filling up the DagBag from /home/airflow/.local/lib/python3.12/site-packages/airflow/example_dags/tutorial_taskflow_api_virtualenv.py
[2024-10-22T08:22:15.023+0000] {processor.py:925} INFO - DAG(s) 'tutorial_taskflow_api_virtualenv' retrieved from /home/airflow/.local/lib/python3.12/site-packages/airflow/example_dags/tutorial_taskflow_api_virtualenv.py
[2024-10-22T08:22:15.055+0000] {logging_mixin.py:190} INFO - [2024-10-22T08:22:15.054+0000] {dag.py:3239} INFO - Sync 1 DAGs
[2024-10-22T08:22:15.073+0000] {logging_mixin.py:190} INFO - [2024-10-22T08:22:15.073+0000] {dag.py:4180} INFO - Setting next_dagrun for tutorial_taskflow_api_virtualenv to None, run_after=None
[2024-10-22T08:22:15.096+0000] {processor.py:208} INFO - Processing /home/airflow/.local/lib/python3.12/site-packages/airflow/example_dags/tutorial_taskflow_api_virtualenv.py took 0.101 seconds
[2024-10-22T08:22:45.411+0000] {processor.py:186} INFO - Started process (PID=90987) to work on /home/airflow/.local/lib/python3.12/site-packages/airflow/example_dags/tutorial_taskflow_api_virtualenv.py
[2024-10-22T08:22:45.412+0000] {processor.py:914} INFO - Processing file /home/airflow/.local/lib/python3.12/site-packages/airflow/example_dags/tutorial_taskflow_api_virtualenv.py for tasks to queue
[2024-10-22T08:22:45.415+0000] {logging_mixin.py:190} INFO - [2024-10-22T08:22:45.414+0000] {dagbag.py:588} INFO - Filling up the DagBag from /home/airflow/.local/lib/python3.12/site-packages/airflow/example_dags/tutorial_taskflow_api_virtualenv.py
[2024-10-22T08:22:45.428+0000] {processor.py:925} INFO - DAG(s) 'tutorial_taskflow_api_virtualenv' retrieved from /home/airflow/.local/lib/python3.12/site-packages/airflow/example_dags/tutorial_taskflow_api_virtualenv.py
[2024-10-22T08:22:45.452+0000] {logging_mixin.py:190} INFO - [2024-10-22T08:22:45.451+0000] {dag.py:3239} INFO - Sync 1 DAGs
[2024-10-22T08:22:45.477+0000] {logging_mixin.py:190} INFO - [2024-10-22T08:22:45.477+0000] {dag.py:4180} INFO - Setting next_dagrun for tutorial_taskflow_api_virtualenv to None, run_after=None
[2024-10-22T08:22:45.507+0000] {processor.py:208} INFO - Processing /home/airflow/.local/lib/python3.12/site-packages/airflow/example_dags/tutorial_taskflow_api_virtualenv.py took 0.108 seconds
[2024-10-22T08:23:16.198+0000] {processor.py:186} INFO - Started process (PID=91054) to work on /home/airflow/.local/lib/python3.12/site-packages/airflow/example_dags/tutorial_taskflow_api_virtualenv.py
[2024-10-22T08:23:16.199+0000] {processor.py:914} INFO - Processing file /home/airflow/.local/lib/python3.12/site-packages/airflow/example_dags/tutorial_taskflow_api_virtualenv.py for tasks to queue
[2024-10-22T08:23:16.201+0000] {logging_mixin.py:190} INFO - [2024-10-22T08:23:16.200+0000] {dagbag.py:588} INFO - Filling up the DagBag from /home/airflow/.local/lib/python3.12/site-packages/airflow/example_dags/tutorial_taskflow_api_virtualenv.py
[2024-10-22T08:23:16.215+0000] {processor.py:925} INFO - DAG(s) 'tutorial_taskflow_api_virtualenv' retrieved from /home/airflow/.local/lib/python3.12/site-packages/airflow/example_dags/tutorial_taskflow_api_virtualenv.py
[2024-10-22T08:23:16.243+0000] {logging_mixin.py:190} INFO - [2024-10-22T08:23:16.243+0000] {dag.py:3239} INFO - Sync 1 DAGs
[2024-10-22T08:23:16.261+0000] {logging_mixin.py:190} INFO - [2024-10-22T08:23:16.261+0000] {dag.py:4180} INFO - Setting next_dagrun for tutorial_taskflow_api_virtualenv to None, run_after=None
[2024-10-22T08:23:16.290+0000] {processor.py:208} INFO - Processing /home/airflow/.local/lib/python3.12/site-packages/airflow/example_dags/tutorial_taskflow_api_virtualenv.py took 0.102 seconds
[2024-10-22T08:23:46.714+0000] {processor.py:186} INFO - Started process (PID=91121) to work on /home/airflow/.local/lib/python3.12/site-packages/airflow/example_dags/tutorial_taskflow_api_virtualenv.py
[2024-10-22T08:23:46.715+0000] {processor.py:914} INFO - Processing file /home/airflow/.local/lib/python3.12/site-packages/airflow/example_dags/tutorial_taskflow_api_virtualenv.py for tasks to queue
[2024-10-22T08:23:46.716+0000] {logging_mixin.py:190} INFO - [2024-10-22T08:23:46.716+0000] {dagbag.py:588} INFO - Filling up the DagBag from /home/airflow/.local/lib/python3.12/site-packages/airflow/example_dags/tutorial_taskflow_api_virtualenv.py
[2024-10-22T08:23:46.731+0000] {processor.py:925} INFO - DAG(s) 'tutorial_taskflow_api_virtualenv' retrieved from /home/airflow/.local/lib/python3.12/site-packages/airflow/example_dags/tutorial_taskflow_api_virtualenv.py
[2024-10-22T08:23:46.759+0000] {logging_mixin.py:190} INFO - [2024-10-22T08:23:46.759+0000] {dag.py:3239} INFO - Sync 1 DAGs
[2024-10-22T08:23:46.782+0000] {logging_mixin.py:190} INFO - [2024-10-22T08:23:46.782+0000] {dag.py:4180} INFO - Setting next_dagrun for tutorial_taskflow_api_virtualenv to None, run_after=None
[2024-10-22T08:23:46.824+0000] {processor.py:208} INFO - Processing /home/airflow/.local/lib/python3.12/site-packages/airflow/example_dags/tutorial_taskflow_api_virtualenv.py took 0.119 seconds
[2024-10-22T08:24:17.553+0000] {processor.py:186} INFO - Started process (PID=91188) to work on /home/airflow/.local/lib/python3.12/site-packages/airflow/example_dags/tutorial_taskflow_api_virtualenv.py
[2024-10-22T08:24:17.554+0000] {processor.py:914} INFO - Processing file /home/airflow/.local/lib/python3.12/site-packages/airflow/example_dags/tutorial_taskflow_api_virtualenv.py for tasks to queue
[2024-10-22T08:24:17.556+0000] {logging_mixin.py:190} INFO - [2024-10-22T08:24:17.555+0000] {dagbag.py:588} INFO - Filling up the DagBag from /home/airflow/.local/lib/python3.12/site-packages/airflow/example_dags/tutorial_taskflow_api_virtualenv.py
[2024-10-22T08:24:17.569+0000] {processor.py:925} INFO - DAG(s) 'tutorial_taskflow_api_virtualenv' retrieved from /home/airflow/.local/lib/python3.12/site-packages/airflow/example_dags/tutorial_taskflow_api_virtualenv.py
[2024-10-22T08:24:17.594+0000] {logging_mixin.py:190} INFO - [2024-10-22T08:24:17.594+0000] {dag.py:3239} INFO - Sync 1 DAGs
[2024-10-22T08:24:17.612+0000] {logging_mixin.py:190} INFO - [2024-10-22T08:24:17.611+0000] {dag.py:4180} INFO - Setting next_dagrun for tutorial_taskflow_api_virtualenv to None, run_after=None
[2024-10-22T08:24:17.635+0000] {processor.py:208} INFO - Processing /home/airflow/.local/lib/python3.12/site-packages/airflow/example_dags/tutorial_taskflow_api_virtualenv.py took 0.089 seconds
[2024-10-22T08:24:47.855+0000] {processor.py:186} INFO - Started process (PID=91254) to work on /home/airflow/.local/lib/python3.12/site-packages/airflow/example_dags/tutorial_taskflow_api_virtualenv.py
[2024-10-22T08:24:47.857+0000] {processor.py:914} INFO - Processing file /home/airflow/.local/lib/python3.12/site-packages/airflow/example_dags/tutorial_taskflow_api_virtualenv.py for tasks to queue
[2024-10-22T08:24:47.859+0000] {logging_mixin.py:190} INFO - [2024-10-22T08:24:47.859+0000] {dagbag.py:588} INFO - Filling up the DagBag from /home/airflow/.local/lib/python3.12/site-packages/airflow/example_dags/tutorial_taskflow_api_virtualenv.py
[2024-10-22T08:24:47.883+0000] {processor.py:925} INFO - DAG(s) 'tutorial_taskflow_api_virtualenv' retrieved from /home/airflow/.local/lib/python3.12/site-packages/airflow/example_dags/tutorial_taskflow_api_virtualenv.py
[2024-10-22T08:24:47.920+0000] {logging_mixin.py:190} INFO - [2024-10-22T08:24:47.920+0000] {dag.py:3239} INFO - Sync 1 DAGs
[2024-10-22T08:24:47.949+0000] {logging_mixin.py:190} INFO - [2024-10-22T08:24:47.949+0000] {dag.py:4180} INFO - Setting next_dagrun for tutorial_taskflow_api_virtualenv to None, run_after=None
[2024-10-22T08:24:47.981+0000] {processor.py:208} INFO - Processing /home/airflow/.local/lib/python3.12/site-packages/airflow/example_dags/tutorial_taskflow_api_virtualenv.py took 0.139 seconds
[2024-10-22T08:25:19.080+0000] {processor.py:186} INFO - Started process (PID=91322) to work on /home/airflow/.local/lib/python3.12/site-packages/airflow/example_dags/tutorial_taskflow_api_virtualenv.py
[2024-10-22T08:25:19.082+0000] {processor.py:914} INFO - Processing file /home/airflow/.local/lib/python3.12/site-packages/airflow/example_dags/tutorial_taskflow_api_virtualenv.py for tasks to queue
[2024-10-22T08:25:19.084+0000] {logging_mixin.py:190} INFO - [2024-10-22T08:25:19.084+0000] {dagbag.py:588} INFO - Filling up the DagBag from /home/airflow/.local/lib/python3.12/site-packages/airflow/example_dags/tutorial_taskflow_api_virtualenv.py
[2024-10-22T08:25:19.108+0000] {processor.py:925} INFO - DAG(s) 'tutorial_taskflow_api_virtualenv' retrieved from /home/airflow/.local/lib/python3.12/site-packages/airflow/example_dags/tutorial_taskflow_api_virtualenv.py
[2024-10-22T08:25:19.150+0000] {logging_mixin.py:190} INFO - [2024-10-22T08:25:19.149+0000] {dag.py:3239} INFO - Sync 1 DAGs
[2024-10-22T08:25:19.178+0000] {logging_mixin.py:190} INFO - [2024-10-22T08:25:19.177+0000] {dag.py:4180} INFO - Setting next_dagrun for tutorial_taskflow_api_virtualenv to None, run_after=None
[2024-10-22T08:25:19.209+0000] {processor.py:208} INFO - Processing /home/airflow/.local/lib/python3.12/site-packages/airflow/example_dags/tutorial_taskflow_api_virtualenv.py took 0.143 seconds
[2024-10-22T08:25:50.936+0000] {processor.py:186} INFO - Started process (PID=91393) to work on /home/airflow/.local/lib/python3.12/site-packages/airflow/example_dags/tutorial_taskflow_api_virtualenv.py
[2024-10-22T08:25:50.938+0000] {processor.py:914} INFO - Processing file /home/airflow/.local/lib/python3.12/site-packages/airflow/example_dags/tutorial_taskflow_api_virtualenv.py for tasks to queue
[2024-10-22T08:25:50.943+0000] {logging_mixin.py:190} INFO - [2024-10-22T08:25:50.940+0000] {dagbag.py:588} INFO - Filling up the DagBag from /home/airflow/.local/lib/python3.12/site-packages/airflow/example_dags/tutorial_taskflow_api_virtualenv.py
[2024-10-22T08:25:50.972+0000] {processor.py:925} INFO - DAG(s) 'tutorial_taskflow_api_virtualenv' retrieved from /home/airflow/.local/lib/python3.12/site-packages/airflow/example_dags/tutorial_taskflow_api_virtualenv.py
[2024-10-22T08:25:51.022+0000] {logging_mixin.py:190} INFO - [2024-10-22T08:25:51.021+0000] {dag.py:3239} INFO - Sync 1 DAGs
[2024-10-22T08:25:51.058+0000] {logging_mixin.py:190} INFO - [2024-10-22T08:25:51.058+0000] {dag.py:4180} INFO - Setting next_dagrun for tutorial_taskflow_api_virtualenv to None, run_after=None
[2024-10-22T08:25:51.098+0000] {processor.py:208} INFO - Processing /home/airflow/.local/lib/python3.12/site-packages/airflow/example_dags/tutorial_taskflow_api_virtualenv.py took 0.186 seconds
[2024-10-22T08:26:21.377+0000] {processor.py:186} INFO - Started process (PID=91459) to work on /home/airflow/.local/lib/python3.12/site-packages/airflow/example_dags/tutorial_taskflow_api_virtualenv.py
[2024-10-22T08:26:21.378+0000] {processor.py:914} INFO - Processing file /home/airflow/.local/lib/python3.12/site-packages/airflow/example_dags/tutorial_taskflow_api_virtualenv.py for tasks to queue
[2024-10-22T08:26:21.381+0000] {logging_mixin.py:190} INFO - [2024-10-22T08:26:21.380+0000] {dagbag.py:588} INFO - Filling up the DagBag from /home/airflow/.local/lib/python3.12/site-packages/airflow/example_dags/tutorial_taskflow_api_virtualenv.py
[2024-10-22T08:26:21.403+0000] {processor.py:925} INFO - DAG(s) 'tutorial_taskflow_api_virtualenv' retrieved from /home/airflow/.local/lib/python3.12/site-packages/airflow/example_dags/tutorial_taskflow_api_virtualenv.py
[2024-10-22T08:26:21.444+0000] {logging_mixin.py:190} INFO - [2024-10-22T08:26:21.444+0000] {dag.py:3239} INFO - Sync 1 DAGs
[2024-10-22T08:26:21.471+0000] {logging_mixin.py:190} INFO - [2024-10-22T08:26:21.470+0000] {dag.py:4180} INFO - Setting next_dagrun for tutorial_taskflow_api_virtualenv to None, run_after=None
[2024-10-22T08:26:21.500+0000] {processor.py:208} INFO - Processing /home/airflow/.local/lib/python3.12/site-packages/airflow/example_dags/tutorial_taskflow_api_virtualenv.py took 0.136 seconds
[2024-10-22T08:26:51.776+0000] {processor.py:186} INFO - Started process (PID=91526) to work on /home/airflow/.local/lib/python3.12/site-packages/airflow/example_dags/tutorial_taskflow_api_virtualenv.py
[2024-10-22T08:26:51.777+0000] {processor.py:914} INFO - Processing file /home/airflow/.local/lib/python3.12/site-packages/airflow/example_dags/tutorial_taskflow_api_virtualenv.py for tasks to queue
[2024-10-22T08:26:51.779+0000] {logging_mixin.py:190} INFO - [2024-10-22T08:26:51.779+0000] {dagbag.py:588} INFO - Filling up the DagBag from /home/airflow/.local/lib/python3.12/site-packages/airflow/example_dags/tutorial_taskflow_api_virtualenv.py
[2024-10-22T08:26:51.796+0000] {processor.py:925} INFO - DAG(s) 'tutorial_taskflow_api_virtualenv' retrieved from /home/airflow/.local/lib/python3.12/site-packages/airflow/example_dags/tutorial_taskflow_api_virtualenv.py
[2024-10-22T08:26:51.834+0000] {logging_mixin.py:190} INFO - [2024-10-22T08:26:51.834+0000] {dag.py:3239} INFO - Sync 1 DAGs
[2024-10-22T08:26:51.858+0000] {logging_mixin.py:190} INFO - [2024-10-22T08:26:51.858+0000] {dag.py:4180} INFO - Setting next_dagrun for tutorial_taskflow_api_virtualenv to None, run_after=None
[2024-10-22T08:26:51.883+0000] {processor.py:208} INFO - Processing /home/airflow/.local/lib/python3.12/site-packages/airflow/example_dags/tutorial_taskflow_api_virtualenv.py took 0.119 seconds
[2024-10-22T08:27:23.030+0000] {processor.py:186} INFO - Started process (PID=91593) to work on /home/airflow/.local/lib/python3.12/site-packages/airflow/example_dags/tutorial_taskflow_api_virtualenv.py
[2024-10-22T08:27:23.033+0000] {processor.py:914} INFO - Processing file /home/airflow/.local/lib/python3.12/site-packages/airflow/example_dags/tutorial_taskflow_api_virtualenv.py for tasks to queue
[2024-10-22T08:27:23.036+0000] {logging_mixin.py:190} INFO - [2024-10-22T08:27:23.035+0000] {dagbag.py:588} INFO - Filling up the DagBag from /home/airflow/.local/lib/python3.12/site-packages/airflow/example_dags/tutorial_taskflow_api_virtualenv.py
[2024-10-22T08:27:23.054+0000] {processor.py:925} INFO - DAG(s) 'tutorial_taskflow_api_virtualenv' retrieved from /home/airflow/.local/lib/python3.12/site-packages/airflow/example_dags/tutorial_taskflow_api_virtualenv.py
[2024-10-22T08:27:23.102+0000] {logging_mixin.py:190} INFO - [2024-10-22T08:27:23.102+0000] {dag.py:3239} INFO - Sync 1 DAGs
[2024-10-22T08:27:23.149+0000] {logging_mixin.py:190} INFO - [2024-10-22T08:27:23.148+0000] {dag.py:4180} INFO - Setting next_dagrun for tutorial_taskflow_api_virtualenv to None, run_after=None
[2024-10-22T08:27:23.191+0000] {processor.py:208} INFO - Processing /home/airflow/.local/lib/python3.12/site-packages/airflow/example_dags/tutorial_taskflow_api_virtualenv.py took 0.180 seconds
[2024-10-22T08:27:53.453+0000] {processor.py:186} INFO - Started process (PID=91659) to work on /home/airflow/.local/lib/python3.12/site-packages/airflow/example_dags/tutorial_taskflow_api_virtualenv.py
[2024-10-22T08:27:53.455+0000] {processor.py:914} INFO - Processing file /home/airflow/.local/lib/python3.12/site-packages/airflow/example_dags/tutorial_taskflow_api_virtualenv.py for tasks to queue
[2024-10-22T08:27:53.457+0000] {logging_mixin.py:190} INFO - [2024-10-22T08:27:53.456+0000] {dagbag.py:588} INFO - Filling up the DagBag from /home/airflow/.local/lib/python3.12/site-packages/airflow/example_dags/tutorial_taskflow_api_virtualenv.py
[2024-10-22T08:27:53.474+0000] {processor.py:925} INFO - DAG(s) 'tutorial_taskflow_api_virtualenv' retrieved from /home/airflow/.local/lib/python3.12/site-packages/airflow/example_dags/tutorial_taskflow_api_virtualenv.py
[2024-10-22T08:27:53.510+0000] {logging_mixin.py:190} INFO - [2024-10-22T08:27:53.510+0000] {dag.py:3239} INFO - Sync 1 DAGs
[2024-10-22T08:27:53.536+0000] {logging_mixin.py:190} INFO - [2024-10-22T08:27:53.536+0000] {dag.py:4180} INFO - Setting next_dagrun for tutorial_taskflow_api_virtualenv to None, run_after=None
[2024-10-22T08:27:53.563+0000] {processor.py:208} INFO - Processing /home/airflow/.local/lib/python3.12/site-packages/airflow/example_dags/tutorial_taskflow_api_virtualenv.py took 0.122 seconds
[2024-10-22T08:28:24.461+0000] {processor.py:186} INFO - Started process (PID=91725) to work on /home/airflow/.local/lib/python3.12/site-packages/airflow/example_dags/tutorial_taskflow_api_virtualenv.py
[2024-10-22T08:28:24.463+0000] {processor.py:914} INFO - Processing file /home/airflow/.local/lib/python3.12/site-packages/airflow/example_dags/tutorial_taskflow_api_virtualenv.py for tasks to queue
[2024-10-22T08:28:24.465+0000] {logging_mixin.py:190} INFO - [2024-10-22T08:28:24.465+0000] {dagbag.py:588} INFO - Filling up the DagBag from /home/airflow/.local/lib/python3.12/site-packages/airflow/example_dags/tutorial_taskflow_api_virtualenv.py
[2024-10-22T08:28:24.485+0000] {processor.py:925} INFO - DAG(s) 'tutorial_taskflow_api_virtualenv' retrieved from /home/airflow/.local/lib/python3.12/site-packages/airflow/example_dags/tutorial_taskflow_api_virtualenv.py
[2024-10-22T08:28:24.530+0000] {logging_mixin.py:190} INFO - [2024-10-22T08:28:24.529+0000] {dag.py:3239} INFO - Sync 1 DAGs
[2024-10-22T08:28:24.561+0000] {logging_mixin.py:190} INFO - [2024-10-22T08:28:24.560+0000] {dag.py:4180} INFO - Setting next_dagrun for tutorial_taskflow_api_virtualenv to None, run_after=None
[2024-10-22T08:28:24.594+0000] {processor.py:208} INFO - Processing /home/airflow/.local/lib/python3.12/site-packages/airflow/example_dags/tutorial_taskflow_api_virtualenv.py took 0.144 seconds
[2024-10-22T08:29:03.315+0000] {processor.py:186} INFO - Started process (PID=91791) to work on /home/airflow/.local/lib/python3.12/site-packages/airflow/example_dags/tutorial_taskflow_api_virtualenv.py
[2024-10-22T08:29:03.318+0000] {processor.py:914} INFO - Processing file /home/airflow/.local/lib/python3.12/site-packages/airflow/example_dags/tutorial_taskflow_api_virtualenv.py for tasks to queue
[2024-10-22T08:29:03.324+0000] {logging_mixin.py:190} INFO - [2024-10-22T08:29:03.323+0000] {dagbag.py:588} INFO - Filling up the DagBag from /home/airflow/.local/lib/python3.12/site-packages/airflow/example_dags/tutorial_taskflow_api_virtualenv.py
[2024-10-22T08:29:03.362+0000] {processor.py:925} INFO - DAG(s) 'tutorial_taskflow_api_virtualenv' retrieved from /home/airflow/.local/lib/python3.12/site-packages/airflow/example_dags/tutorial_taskflow_api_virtualenv.py
[2024-10-22T08:29:03.441+0000] {logging_mixin.py:190} INFO - [2024-10-22T08:29:03.440+0000] {dag.py:3239} INFO - Sync 1 DAGs
[2024-10-22T08:29:03.580+0000] {logging_mixin.py:190} INFO - [2024-10-22T08:29:03.579+0000] {dag.py:4180} INFO - Setting next_dagrun for tutorial_taskflow_api_virtualenv to None, run_after=None
[2024-10-22T08:29:03.667+0000] {processor.py:208} INFO - Processing /home/airflow/.local/lib/python3.12/site-packages/airflow/example_dags/tutorial_taskflow_api_virtualenv.py took 0.382 seconds
[2024-10-22T08:29:47.859+0000] {processor.py:186} INFO - Started process (PID=91863) to work on /home/airflow/.local/lib/python3.12/site-packages/airflow/example_dags/tutorial_taskflow_api_virtualenv.py
[2024-10-22T08:29:47.903+0000] {processor.py:914} INFO - Processing file /home/airflow/.local/lib/python3.12/site-packages/airflow/example_dags/tutorial_taskflow_api_virtualenv.py for tasks to queue
[2024-10-22T08:29:47.981+0000] {logging_mixin.py:190} INFO - [2024-10-22T08:29:47.978+0000] {dagbag.py:588} INFO - Filling up the DagBag from /home/airflow/.local/lib/python3.12/site-packages/airflow/example_dags/tutorial_taskflow_api_virtualenv.py
[2024-10-22T08:29:48.304+0000] {processor.py:925} INFO - DAG(s) 'tutorial_taskflow_api_virtualenv' retrieved from /home/airflow/.local/lib/python3.12/site-packages/airflow/example_dags/tutorial_taskflow_api_virtualenv.py
[2024-10-22T08:29:48.915+0000] {logging_mixin.py:190} INFO - [2024-10-22T08:29:48.823+0000] {dag.py:3239} INFO - Sync 1 DAGs
[2024-10-22T08:29:49.165+0000] {logging_mixin.py:190} INFO - [2024-10-22T08:29:49.164+0000] {dag.py:4180} INFO - Setting next_dagrun for tutorial_taskflow_api_virtualenv to None, run_after=None
[2024-10-22T08:29:49.424+0000] {processor.py:208} INFO - Processing /home/airflow/.local/lib/python3.12/site-packages/airflow/example_dags/tutorial_taskflow_api_virtualenv.py took 1.676 seconds
[2024-10-22T08:30:51.480+0000] {processor.py:186} INFO - Started process (PID=91925) to work on /home/airflow/.local/lib/python3.12/site-packages/airflow/example_dags/tutorial_taskflow_api_virtualenv.py
[2024-10-22T08:30:51.488+0000] {processor.py:914} INFO - Processing file /home/airflow/.local/lib/python3.12/site-packages/airflow/example_dags/tutorial_taskflow_api_virtualenv.py for tasks to queue
[2024-10-22T08:30:51.495+0000] {logging_mixin.py:190} INFO - [2024-10-22T08:30:51.493+0000] {dagbag.py:588} INFO - Filling up the DagBag from /home/airflow/.local/lib/python3.12/site-packages/airflow/example_dags/tutorial_taskflow_api_virtualenv.py
[2024-10-22T08:30:51.562+0000] {processor.py:925} INFO - DAG(s) 'tutorial_taskflow_api_virtualenv' retrieved from /home/airflow/.local/lib/python3.12/site-packages/airflow/example_dags/tutorial_taskflow_api_virtualenv.py
[2024-10-22T08:30:51.777+0000] {logging_mixin.py:190} INFO - [2024-10-22T08:30:51.771+0000] {dag.py:3239} INFO - Sync 1 DAGs
[2024-10-22T08:30:51.992+0000] {logging_mixin.py:190} INFO - [2024-10-22T08:30:51.991+0000] {dag.py:4180} INFO - Setting next_dagrun for tutorial_taskflow_api_virtualenv to None, run_after=None
[2024-10-22T08:30:52.152+0000] {processor.py:208} INFO - Processing /home/airflow/.local/lib/python3.12/site-packages/airflow/example_dags/tutorial_taskflow_api_virtualenv.py took 0.728 seconds
[2024-10-22T08:31:27.075+0000] {processor.py:186} INFO - Started process (PID=91998) to work on /home/airflow/.local/lib/python3.12/site-packages/airflow/example_dags/tutorial_taskflow_api_virtualenv.py
[2024-10-22T08:31:27.086+0000] {processor.py:914} INFO - Processing file /home/airflow/.local/lib/python3.12/site-packages/airflow/example_dags/tutorial_taskflow_api_virtualenv.py for tasks to queue
[2024-10-22T08:31:27.103+0000] {logging_mixin.py:190} INFO - [2024-10-22T08:31:27.097+0000] {dagbag.py:588} INFO - Filling up the DagBag from /home/airflow/.local/lib/python3.12/site-packages/airflow/example_dags/tutorial_taskflow_api_virtualenv.py
[2024-10-22T08:31:27.247+0000] {processor.py:925} INFO - DAG(s) 'tutorial_taskflow_api_virtualenv' retrieved from /home/airflow/.local/lib/python3.12/site-packages/airflow/example_dags/tutorial_taskflow_api_virtualenv.py
[2024-10-22T08:31:27.479+0000] {logging_mixin.py:190} INFO - [2024-10-22T08:31:27.476+0000] {dag.py:3239} INFO - Sync 1 DAGs
[2024-10-22T08:31:27.600+0000] {logging_mixin.py:190} INFO - [2024-10-22T08:31:27.599+0000] {dag.py:4180} INFO - Setting next_dagrun for tutorial_taskflow_api_virtualenv to None, run_after=None
[2024-10-22T08:31:27.935+0000] {processor.py:208} INFO - Processing /home/airflow/.local/lib/python3.12/site-packages/airflow/example_dags/tutorial_taskflow_api_virtualenv.py took 1.006 seconds
[2024-10-22T08:31:58.462+0000] {processor.py:186} INFO - Started process (PID=92065) to work on /home/airflow/.local/lib/python3.12/site-packages/airflow/example_dags/tutorial_taskflow_api_virtualenv.py
[2024-10-22T08:31:58.467+0000] {processor.py:914} INFO - Processing file /home/airflow/.local/lib/python3.12/site-packages/airflow/example_dags/tutorial_taskflow_api_virtualenv.py for tasks to queue
[2024-10-22T08:31:58.477+0000] {logging_mixin.py:190} INFO - [2024-10-22T08:31:58.475+0000] {dagbag.py:588} INFO - Filling up the DagBag from /home/airflow/.local/lib/python3.12/site-packages/airflow/example_dags/tutorial_taskflow_api_virtualenv.py
[2024-10-22T08:31:58.530+0000] {processor.py:925} INFO - DAG(s) 'tutorial_taskflow_api_virtualenv' retrieved from /home/airflow/.local/lib/python3.12/site-packages/airflow/example_dags/tutorial_taskflow_api_virtualenv.py
[2024-10-22T08:31:58.612+0000] {logging_mixin.py:190} INFO - [2024-10-22T08:31:58.611+0000] {dag.py:3239} INFO - Sync 1 DAGs
[2024-10-22T08:31:58.701+0000] {logging_mixin.py:190} INFO - [2024-10-22T08:31:58.700+0000] {dag.py:4180} INFO - Setting next_dagrun for tutorial_taskflow_api_virtualenv to None, run_after=None
[2024-10-22T08:31:58.791+0000] {processor.py:208} INFO - Processing /home/airflow/.local/lib/python3.12/site-packages/airflow/example_dags/tutorial_taskflow_api_virtualenv.py took 0.375 seconds
[2024-10-22T08:32:32.157+0000] {processor.py:186} INFO - Started process (PID=92129) to work on /home/airflow/.local/lib/python3.12/site-packages/airflow/example_dags/tutorial_taskflow_api_virtualenv.py
[2024-10-22T08:32:32.167+0000] {processor.py:914} INFO - Processing file /home/airflow/.local/lib/python3.12/site-packages/airflow/example_dags/tutorial_taskflow_api_virtualenv.py for tasks to queue
[2024-10-22T08:32:32.182+0000] {logging_mixin.py:190} INFO - [2024-10-22T08:32:32.175+0000] {dagbag.py:588} INFO - Filling up the DagBag from /home/airflow/.local/lib/python3.12/site-packages/airflow/example_dags/tutorial_taskflow_api_virtualenv.py
[2024-10-22T08:32:32.258+0000] {processor.py:925} INFO - DAG(s) 'tutorial_taskflow_api_virtualenv' retrieved from /home/airflow/.local/lib/python3.12/site-packages/airflow/example_dags/tutorial_taskflow_api_virtualenv.py
[2024-10-22T08:32:32.355+0000] {logging_mixin.py:190} INFO - [2024-10-22T08:32:32.354+0000] {dag.py:3239} INFO - Sync 1 DAGs
[2024-10-22T08:32:32.432+0000] {logging_mixin.py:190} INFO - [2024-10-22T08:32:32.431+0000] {dag.py:4180} INFO - Setting next_dagrun for tutorial_taskflow_api_virtualenv to None, run_after=None
[2024-10-22T08:32:32.520+0000] {processor.py:208} INFO - Processing /home/airflow/.local/lib/python3.12/site-packages/airflow/example_dags/tutorial_taskflow_api_virtualenv.py took 0.418 seconds
[2024-10-22T08:33:07.740+0000] {processor.py:186} INFO - Started process (PID=92196) to work on /home/airflow/.local/lib/python3.12/site-packages/airflow/example_dags/tutorial_taskflow_api_virtualenv.py
[2024-10-22T08:33:07.743+0000] {processor.py:914} INFO - Processing file /home/airflow/.local/lib/python3.12/site-packages/airflow/example_dags/tutorial_taskflow_api_virtualenv.py for tasks to queue
[2024-10-22T08:33:07.748+0000] {logging_mixin.py:190} INFO - [2024-10-22T08:33:07.747+0000] {dagbag.py:588} INFO - Filling up the DagBag from /home/airflow/.local/lib/python3.12/site-packages/airflow/example_dags/tutorial_taskflow_api_virtualenv.py
[2024-10-22T08:33:07.788+0000] {processor.py:925} INFO - DAG(s) 'tutorial_taskflow_api_virtualenv' retrieved from /home/airflow/.local/lib/python3.12/site-packages/airflow/example_dags/tutorial_taskflow_api_virtualenv.py
[2024-10-22T08:33:07.933+0000] {logging_mixin.py:190} INFO - [2024-10-22T08:33:07.931+0000] {dag.py:3239} INFO - Sync 1 DAGs
[2024-10-22T08:33:08.102+0000] {logging_mixin.py:190} INFO - [2024-10-22T08:33:08.100+0000] {dag.py:4180} INFO - Setting next_dagrun for tutorial_taskflow_api_virtualenv to None, run_after=None
[2024-10-22T08:33:08.230+0000] {processor.py:208} INFO - Processing /home/airflow/.local/lib/python3.12/site-packages/airflow/example_dags/tutorial_taskflow_api_virtualenv.py took 0.512 seconds
