[2024-10-22T03:19:17.264+0000] {processor.py:186} INFO - Started process (PID=54866) to work on /home/airflow/.local/lib/python3.12/site-packages/airflow/example_dags/tutorial_dag.py
[2024-10-22T03:19:17.265+0000] {processor.py:914} INFO - Processing file /home/airflow/.local/lib/python3.12/site-packages/airflow/example_dags/tutorial_dag.py for tasks to queue
[2024-10-22T03:19:17.267+0000] {logging_mixin.py:190} INFO - [2024-10-22T03:19:17.266+0000] {dagbag.py:588} INFO - Filling up the DagBag from /home/airflow/.local/lib/python3.12/site-packages/airflow/example_dags/tutorial_dag.py
[2024-10-22T03:19:17.274+0000] {processor.py:925} INFO - DAG(s) 'tutorial_dag' retrieved from /home/airflow/.local/lib/python3.12/site-packages/airflow/example_dags/tutorial_dag.py
[2024-10-22T03:19:17.300+0000] {logging_mixin.py:190} INFO - [2024-10-22T03:19:17.300+0000] {dag.py:3239} INFO - Sync 1 DAGs
[2024-10-22T03:19:17.322+0000] {logging_mixin.py:190} INFO - [2024-10-22T03:19:17.322+0000] {dag.py:4180} INFO - Setting next_dagrun for tutorial_dag to None, run_after=None
[2024-10-22T03:19:17.342+0000] {processor.py:208} INFO - Processing /home/airflow/.local/lib/python3.12/site-packages/airflow/example_dags/tutorial_dag.py took 0.086 seconds
[2024-10-22T03:19:47.607+0000] {processor.py:186} INFO - Started process (PID=54934) to work on /home/airflow/.local/lib/python3.12/site-packages/airflow/example_dags/tutorial_dag.py
[2024-10-22T03:19:47.609+0000] {processor.py:914} INFO - Processing file /home/airflow/.local/lib/python3.12/site-packages/airflow/example_dags/tutorial_dag.py for tasks to queue
[2024-10-22T03:19:47.610+0000] {logging_mixin.py:190} INFO - [2024-10-22T03:19:47.610+0000] {dagbag.py:588} INFO - Filling up the DagBag from /home/airflow/.local/lib/python3.12/site-packages/airflow/example_dags/tutorial_dag.py
[2024-10-22T03:19:47.616+0000] {processor.py:925} INFO - DAG(s) 'tutorial_dag' retrieved from /home/airflow/.local/lib/python3.12/site-packages/airflow/example_dags/tutorial_dag.py
[2024-10-22T03:19:47.640+0000] {logging_mixin.py:190} INFO - [2024-10-22T03:19:47.639+0000] {dag.py:3239} INFO - Sync 1 DAGs
[2024-10-22T03:19:47.656+0000] {logging_mixin.py:190} INFO - [2024-10-22T03:19:47.655+0000] {dag.py:4180} INFO - Setting next_dagrun for tutorial_dag to None, run_after=None
[2024-10-22T03:19:47.674+0000] {processor.py:208} INFO - Processing /home/airflow/.local/lib/python3.12/site-packages/airflow/example_dags/tutorial_dag.py took 0.076 seconds
[2024-10-22T03:20:17.885+0000] {processor.py:186} INFO - Started process (PID=55001) to work on /home/airflow/.local/lib/python3.12/site-packages/airflow/example_dags/tutorial_dag.py
[2024-10-22T03:20:17.886+0000] {processor.py:914} INFO - Processing file /home/airflow/.local/lib/python3.12/site-packages/airflow/example_dags/tutorial_dag.py for tasks to queue
[2024-10-22T03:20:17.888+0000] {logging_mixin.py:190} INFO - [2024-10-22T03:20:17.887+0000] {dagbag.py:588} INFO - Filling up the DagBag from /home/airflow/.local/lib/python3.12/site-packages/airflow/example_dags/tutorial_dag.py
[2024-10-22T03:20:17.894+0000] {processor.py:925} INFO - DAG(s) 'tutorial_dag' retrieved from /home/airflow/.local/lib/python3.12/site-packages/airflow/example_dags/tutorial_dag.py
[2024-10-22T03:20:17.919+0000] {logging_mixin.py:190} INFO - [2024-10-22T03:20:17.918+0000] {dag.py:3239} INFO - Sync 1 DAGs
[2024-10-22T03:20:17.935+0000] {logging_mixin.py:190} INFO - [2024-10-22T03:20:17.935+0000] {dag.py:4180} INFO - Setting next_dagrun for tutorial_dag to None, run_after=None
[2024-10-22T03:20:17.953+0000] {processor.py:208} INFO - Processing /home/airflow/.local/lib/python3.12/site-packages/airflow/example_dags/tutorial_dag.py took 0.075 seconds
[2024-10-22T03:20:48.426+0000] {processor.py:186} INFO - Started process (PID=55068) to work on /home/airflow/.local/lib/python3.12/site-packages/airflow/example_dags/tutorial_dag.py
[2024-10-22T03:20:48.427+0000] {processor.py:914} INFO - Processing file /home/airflow/.local/lib/python3.12/site-packages/airflow/example_dags/tutorial_dag.py for tasks to queue
[2024-10-22T03:20:48.429+0000] {logging_mixin.py:190} INFO - [2024-10-22T03:20:48.429+0000] {dagbag.py:588} INFO - Filling up the DagBag from /home/airflow/.local/lib/python3.12/site-packages/airflow/example_dags/tutorial_dag.py
[2024-10-22T03:20:48.435+0000] {processor.py:925} INFO - DAG(s) 'tutorial_dag' retrieved from /home/airflow/.local/lib/python3.12/site-packages/airflow/example_dags/tutorial_dag.py
[2024-10-22T03:20:48.460+0000] {logging_mixin.py:190} INFO - [2024-10-22T03:20:48.459+0000] {dag.py:3239} INFO - Sync 1 DAGs
[2024-10-22T03:20:48.475+0000] {logging_mixin.py:190} INFO - [2024-10-22T03:20:48.475+0000] {dag.py:4180} INFO - Setting next_dagrun for tutorial_dag to None, run_after=None
[2024-10-22T03:20:48.496+0000] {processor.py:208} INFO - Processing /home/airflow/.local/lib/python3.12/site-packages/airflow/example_dags/tutorial_dag.py took 0.078 seconds
[2024-10-22T03:21:18.884+0000] {processor.py:186} INFO - Started process (PID=55134) to work on /home/airflow/.local/lib/python3.12/site-packages/airflow/example_dags/tutorial_dag.py
[2024-10-22T03:21:18.885+0000] {processor.py:914} INFO - Processing file /home/airflow/.local/lib/python3.12/site-packages/airflow/example_dags/tutorial_dag.py for tasks to queue
[2024-10-22T03:21:18.886+0000] {logging_mixin.py:190} INFO - [2024-10-22T03:21:18.886+0000] {dagbag.py:588} INFO - Filling up the DagBag from /home/airflow/.local/lib/python3.12/site-packages/airflow/example_dags/tutorial_dag.py
[2024-10-22T03:21:18.893+0000] {processor.py:925} INFO - DAG(s) 'tutorial_dag' retrieved from /home/airflow/.local/lib/python3.12/site-packages/airflow/example_dags/tutorial_dag.py
[2024-10-22T03:21:18.918+0000] {logging_mixin.py:190} INFO - [2024-10-22T03:21:18.918+0000] {dag.py:3239} INFO - Sync 1 DAGs
[2024-10-22T03:21:18.936+0000] {logging_mixin.py:190} INFO - [2024-10-22T03:21:18.936+0000] {dag.py:4180} INFO - Setting next_dagrun for tutorial_dag to None, run_after=None
[2024-10-22T03:21:18.955+0000] {processor.py:208} INFO - Processing /home/airflow/.local/lib/python3.12/site-packages/airflow/example_dags/tutorial_dag.py took 0.079 seconds
[2024-10-22T03:21:49.217+0000] {processor.py:186} INFO - Started process (PID=55201) to work on /home/airflow/.local/lib/python3.12/site-packages/airflow/example_dags/tutorial_dag.py
[2024-10-22T03:21:49.218+0000] {processor.py:914} INFO - Processing file /home/airflow/.local/lib/python3.12/site-packages/airflow/example_dags/tutorial_dag.py for tasks to queue
[2024-10-22T03:21:49.220+0000] {logging_mixin.py:190} INFO - [2024-10-22T03:21:49.219+0000] {dagbag.py:588} INFO - Filling up the DagBag from /home/airflow/.local/lib/python3.12/site-packages/airflow/example_dags/tutorial_dag.py
[2024-10-22T03:21:49.225+0000] {processor.py:925} INFO - DAG(s) 'tutorial_dag' retrieved from /home/airflow/.local/lib/python3.12/site-packages/airflow/example_dags/tutorial_dag.py
[2024-10-22T03:21:49.248+0000] {logging_mixin.py:190} INFO - [2024-10-22T03:21:49.248+0000] {dag.py:3239} INFO - Sync 1 DAGs
[2024-10-22T03:21:49.266+0000] {logging_mixin.py:190} INFO - [2024-10-22T03:21:49.266+0000] {dag.py:4180} INFO - Setting next_dagrun for tutorial_dag to None, run_after=None
[2024-10-22T03:21:49.285+0000] {processor.py:208} INFO - Processing /home/airflow/.local/lib/python3.12/site-packages/airflow/example_dags/tutorial_dag.py took 0.075 seconds
[2024-10-22T03:22:19.398+0000] {processor.py:186} INFO - Started process (PID=55267) to work on /home/airflow/.local/lib/python3.12/site-packages/airflow/example_dags/tutorial_dag.py
[2024-10-22T03:22:19.399+0000] {processor.py:914} INFO - Processing file /home/airflow/.local/lib/python3.12/site-packages/airflow/example_dags/tutorial_dag.py for tasks to queue
[2024-10-22T03:22:19.401+0000] {logging_mixin.py:190} INFO - [2024-10-22T03:22:19.400+0000] {dagbag.py:588} INFO - Filling up the DagBag from /home/airflow/.local/lib/python3.12/site-packages/airflow/example_dags/tutorial_dag.py
[2024-10-22T03:22:19.407+0000] {processor.py:925} INFO - DAG(s) 'tutorial_dag' retrieved from /home/airflow/.local/lib/python3.12/site-packages/airflow/example_dags/tutorial_dag.py
[2024-10-22T03:22:19.430+0000] {logging_mixin.py:190} INFO - [2024-10-22T03:22:19.430+0000] {dag.py:3239} INFO - Sync 1 DAGs
[2024-10-22T03:22:19.446+0000] {logging_mixin.py:190} INFO - [2024-10-22T03:22:19.446+0000] {dag.py:4180} INFO - Setting next_dagrun for tutorial_dag to None, run_after=None
[2024-10-22T03:22:19.466+0000] {processor.py:208} INFO - Processing /home/airflow/.local/lib/python3.12/site-packages/airflow/example_dags/tutorial_dag.py took 0.076 seconds
[2024-10-22T03:22:50.195+0000] {processor.py:186} INFO - Started process (PID=55334) to work on /home/airflow/.local/lib/python3.12/site-packages/airflow/example_dags/tutorial_dag.py
[2024-10-22T03:22:50.196+0000] {processor.py:914} INFO - Processing file /home/airflow/.local/lib/python3.12/site-packages/airflow/example_dags/tutorial_dag.py for tasks to queue
[2024-10-22T03:22:50.197+0000] {logging_mixin.py:190} INFO - [2024-10-22T03:22:50.197+0000] {dagbag.py:588} INFO - Filling up the DagBag from /home/airflow/.local/lib/python3.12/site-packages/airflow/example_dags/tutorial_dag.py
[2024-10-22T03:22:50.205+0000] {processor.py:925} INFO - DAG(s) 'tutorial_dag' retrieved from /home/airflow/.local/lib/python3.12/site-packages/airflow/example_dags/tutorial_dag.py
[2024-10-22T03:22:50.228+0000] {logging_mixin.py:190} INFO - [2024-10-22T03:22:50.228+0000] {dag.py:3239} INFO - Sync 1 DAGs
[2024-10-22T03:22:50.246+0000] {logging_mixin.py:190} INFO - [2024-10-22T03:22:50.245+0000] {dag.py:4180} INFO - Setting next_dagrun for tutorial_dag to None, run_after=None
[2024-10-22T03:22:50.263+0000] {processor.py:208} INFO - Processing /home/airflow/.local/lib/python3.12/site-packages/airflow/example_dags/tutorial_dag.py took 0.076 seconds
[2024-10-22T03:23:21.404+0000] {processor.py:186} INFO - Started process (PID=55401) to work on /home/airflow/.local/lib/python3.12/site-packages/airflow/example_dags/tutorial_dag.py
[2024-10-22T03:23:21.405+0000] {processor.py:914} INFO - Processing file /home/airflow/.local/lib/python3.12/site-packages/airflow/example_dags/tutorial_dag.py for tasks to queue
[2024-10-22T03:23:21.408+0000] {logging_mixin.py:190} INFO - [2024-10-22T03:23:21.407+0000] {dagbag.py:588} INFO - Filling up the DagBag from /home/airflow/.local/lib/python3.12/site-packages/airflow/example_dags/tutorial_dag.py
[2024-10-22T03:23:21.414+0000] {processor.py:925} INFO - DAG(s) 'tutorial_dag' retrieved from /home/airflow/.local/lib/python3.12/site-packages/airflow/example_dags/tutorial_dag.py
[2024-10-22T03:23:21.437+0000] {logging_mixin.py:190} INFO - [2024-10-22T03:23:21.437+0000] {dag.py:3239} INFO - Sync 1 DAGs
[2024-10-22T03:23:21.456+0000] {logging_mixin.py:190} INFO - [2024-10-22T03:23:21.456+0000] {dag.py:4180} INFO - Setting next_dagrun for tutorial_dag to None, run_after=None
[2024-10-22T03:23:21.473+0000] {processor.py:208} INFO - Processing /home/airflow/.local/lib/python3.12/site-packages/airflow/example_dags/tutorial_dag.py took 0.077 seconds
[2024-10-22T03:23:54.314+0000] {processor.py:186} INFO - Started process (PID=55468) to work on /home/airflow/.local/lib/python3.12/site-packages/airflow/example_dags/tutorial_dag.py
[2024-10-22T03:23:54.316+0000] {processor.py:914} INFO - Processing file /home/airflow/.local/lib/python3.12/site-packages/airflow/example_dags/tutorial_dag.py for tasks to queue
[2024-10-22T03:23:54.318+0000] {logging_mixin.py:190} INFO - [2024-10-22T03:23:54.317+0000] {dagbag.py:588} INFO - Filling up the DagBag from /home/airflow/.local/lib/python3.12/site-packages/airflow/example_dags/tutorial_dag.py
[2024-10-22T03:23:54.326+0000] {processor.py:925} INFO - DAG(s) 'tutorial_dag' retrieved from /home/airflow/.local/lib/python3.12/site-packages/airflow/example_dags/tutorial_dag.py
[2024-10-22T03:23:54.374+0000] {logging_mixin.py:190} INFO - [2024-10-22T03:23:54.373+0000] {dag.py:3239} INFO - Sync 1 DAGs
[2024-10-22T03:23:54.398+0000] {logging_mixin.py:190} INFO - [2024-10-22T03:23:54.397+0000] {dag.py:4180} INFO - Setting next_dagrun for tutorial_dag to None, run_after=None
[2024-10-22T03:23:54.419+0000] {processor.py:208} INFO - Processing /home/airflow/.local/lib/python3.12/site-packages/airflow/example_dags/tutorial_dag.py took 0.117 seconds
[2024-10-22T03:24:25.336+0000] {processor.py:186} INFO - Started process (PID=55535) to work on /home/airflow/.local/lib/python3.12/site-packages/airflow/example_dags/tutorial_dag.py
[2024-10-22T03:24:25.337+0000] {processor.py:914} INFO - Processing file /home/airflow/.local/lib/python3.12/site-packages/airflow/example_dags/tutorial_dag.py for tasks to queue
[2024-10-22T03:24:25.339+0000] {logging_mixin.py:190} INFO - [2024-10-22T03:24:25.338+0000] {dagbag.py:588} INFO - Filling up the DagBag from /home/airflow/.local/lib/python3.12/site-packages/airflow/example_dags/tutorial_dag.py
[2024-10-22T03:24:25.345+0000] {processor.py:925} INFO - DAG(s) 'tutorial_dag' retrieved from /home/airflow/.local/lib/python3.12/site-packages/airflow/example_dags/tutorial_dag.py
[2024-10-22T03:24:25.378+0000] {logging_mixin.py:190} INFO - [2024-10-22T03:24:25.377+0000] {dag.py:3239} INFO - Sync 1 DAGs
[2024-10-22T03:24:25.394+0000] {logging_mixin.py:190} INFO - [2024-10-22T03:24:25.394+0000] {dag.py:4180} INFO - Setting next_dagrun for tutorial_dag to None, run_after=None
[2024-10-22T03:24:25.411+0000] {processor.py:208} INFO - Processing /home/airflow/.local/lib/python3.12/site-packages/airflow/example_dags/tutorial_dag.py took 0.083 seconds
[2024-10-22T03:24:55.930+0000] {processor.py:186} INFO - Started process (PID=55602) to work on /home/airflow/.local/lib/python3.12/site-packages/airflow/example_dags/tutorial_dag.py
[2024-10-22T03:24:55.931+0000] {processor.py:914} INFO - Processing file /home/airflow/.local/lib/python3.12/site-packages/airflow/example_dags/tutorial_dag.py for tasks to queue
[2024-10-22T03:24:55.933+0000] {logging_mixin.py:190} INFO - [2024-10-22T03:24:55.932+0000] {dagbag.py:588} INFO - Filling up the DagBag from /home/airflow/.local/lib/python3.12/site-packages/airflow/example_dags/tutorial_dag.py
[2024-10-22T03:24:55.940+0000] {processor.py:925} INFO - DAG(s) 'tutorial_dag' retrieved from /home/airflow/.local/lib/python3.12/site-packages/airflow/example_dags/tutorial_dag.py
[2024-10-22T03:24:55.964+0000] {logging_mixin.py:190} INFO - [2024-10-22T03:24:55.963+0000] {dag.py:3239} INFO - Sync 1 DAGs
[2024-10-22T03:24:55.981+0000] {logging_mixin.py:190} INFO - [2024-10-22T03:24:55.980+0000] {dag.py:4180} INFO - Setting next_dagrun for tutorial_dag to None, run_after=None
[2024-10-22T03:24:55.998+0000] {processor.py:208} INFO - Processing /home/airflow/.local/lib/python3.12/site-packages/airflow/example_dags/tutorial_dag.py took 0.076 seconds
[2024-10-22T03:25:26.440+0000] {processor.py:186} INFO - Started process (PID=55669) to work on /home/airflow/.local/lib/python3.12/site-packages/airflow/example_dags/tutorial_dag.py
[2024-10-22T03:25:26.441+0000] {processor.py:914} INFO - Processing file /home/airflow/.local/lib/python3.12/site-packages/airflow/example_dags/tutorial_dag.py for tasks to queue
[2024-10-22T03:25:26.443+0000] {logging_mixin.py:190} INFO - [2024-10-22T03:25:26.442+0000] {dagbag.py:588} INFO - Filling up the DagBag from /home/airflow/.local/lib/python3.12/site-packages/airflow/example_dags/tutorial_dag.py
[2024-10-22T03:25:26.450+0000] {processor.py:925} INFO - DAG(s) 'tutorial_dag' retrieved from /home/airflow/.local/lib/python3.12/site-packages/airflow/example_dags/tutorial_dag.py
[2024-10-22T03:25:26.474+0000] {logging_mixin.py:190} INFO - [2024-10-22T03:25:26.474+0000] {dag.py:3239} INFO - Sync 1 DAGs
[2024-10-22T03:25:26.493+0000] {logging_mixin.py:190} INFO - [2024-10-22T03:25:26.493+0000] {dag.py:4180} INFO - Setting next_dagrun for tutorial_dag to None, run_after=None
[2024-10-22T03:25:26.512+0000] {processor.py:208} INFO - Processing /home/airflow/.local/lib/python3.12/site-packages/airflow/example_dags/tutorial_dag.py took 0.079 seconds
[2024-10-22T03:25:56.949+0000] {processor.py:186} INFO - Started process (PID=55736) to work on /home/airflow/.local/lib/python3.12/site-packages/airflow/example_dags/tutorial_dag.py
[2024-10-22T03:25:56.950+0000] {processor.py:914} INFO - Processing file /home/airflow/.local/lib/python3.12/site-packages/airflow/example_dags/tutorial_dag.py for tasks to queue
[2024-10-22T03:25:56.952+0000] {logging_mixin.py:190} INFO - [2024-10-22T03:25:56.951+0000] {dagbag.py:588} INFO - Filling up the DagBag from /home/airflow/.local/lib/python3.12/site-packages/airflow/example_dags/tutorial_dag.py
[2024-10-22T03:25:56.958+0000] {processor.py:925} INFO - DAG(s) 'tutorial_dag' retrieved from /home/airflow/.local/lib/python3.12/site-packages/airflow/example_dags/tutorial_dag.py
[2024-10-22T03:25:56.980+0000] {logging_mixin.py:190} INFO - [2024-10-22T03:25:56.980+0000] {dag.py:3239} INFO - Sync 1 DAGs
[2024-10-22T03:25:56.996+0000] {logging_mixin.py:190} INFO - [2024-10-22T03:25:56.995+0000] {dag.py:4180} INFO - Setting next_dagrun for tutorial_dag to None, run_after=None
[2024-10-22T03:25:57.016+0000] {processor.py:208} INFO - Processing /home/airflow/.local/lib/python3.12/site-packages/airflow/example_dags/tutorial_dag.py took 0.078 seconds
[2024-10-22T03:26:27.731+0000] {processor.py:186} INFO - Started process (PID=55802) to work on /home/airflow/.local/lib/python3.12/site-packages/airflow/example_dags/tutorial_dag.py
[2024-10-22T03:26:27.732+0000] {processor.py:914} INFO - Processing file /home/airflow/.local/lib/python3.12/site-packages/airflow/example_dags/tutorial_dag.py for tasks to queue
[2024-10-22T03:26:27.734+0000] {logging_mixin.py:190} INFO - [2024-10-22T03:26:27.733+0000] {dagbag.py:588} INFO - Filling up the DagBag from /home/airflow/.local/lib/python3.12/site-packages/airflow/example_dags/tutorial_dag.py
[2024-10-22T03:26:27.740+0000] {processor.py:925} INFO - DAG(s) 'tutorial_dag' retrieved from /home/airflow/.local/lib/python3.12/site-packages/airflow/example_dags/tutorial_dag.py
[2024-10-22T03:26:27.768+0000] {logging_mixin.py:190} INFO - [2024-10-22T03:26:27.767+0000] {dag.py:3239} INFO - Sync 1 DAGs
[2024-10-22T03:26:27.786+0000] {logging_mixin.py:190} INFO - [2024-10-22T03:26:27.786+0000] {dag.py:4180} INFO - Setting next_dagrun for tutorial_dag to None, run_after=None
[2024-10-22T03:26:27.807+0000] {processor.py:208} INFO - Processing /home/airflow/.local/lib/python3.12/site-packages/airflow/example_dags/tutorial_dag.py took 0.084 seconds
[2024-10-22T03:26:58.644+0000] {processor.py:186} INFO - Started process (PID=55869) to work on /home/airflow/.local/lib/python3.12/site-packages/airflow/example_dags/tutorial_dag.py
[2024-10-22T03:26:58.645+0000] {processor.py:914} INFO - Processing file /home/airflow/.local/lib/python3.12/site-packages/airflow/example_dags/tutorial_dag.py for tasks to queue
[2024-10-22T03:26:58.647+0000] {logging_mixin.py:190} INFO - [2024-10-22T03:26:58.646+0000] {dagbag.py:588} INFO - Filling up the DagBag from /home/airflow/.local/lib/python3.12/site-packages/airflow/example_dags/tutorial_dag.py
[2024-10-22T03:26:58.653+0000] {processor.py:925} INFO - DAG(s) 'tutorial_dag' retrieved from /home/airflow/.local/lib/python3.12/site-packages/airflow/example_dags/tutorial_dag.py
[2024-10-22T03:26:58.676+0000] {logging_mixin.py:190} INFO - [2024-10-22T03:26:58.675+0000] {dag.py:3239} INFO - Sync 1 DAGs
[2024-10-22T03:26:58.705+0000] {logging_mixin.py:190} INFO - [2024-10-22T03:26:58.697+0000] {dag.py:4180} INFO - Setting next_dagrun for tutorial_dag to None, run_after=None
[2024-10-22T03:26:58.731+0000] {processor.py:208} INFO - Processing /home/airflow/.local/lib/python3.12/site-packages/airflow/example_dags/tutorial_dag.py took 0.094 seconds
[2024-10-22T03:27:29.036+0000] {processor.py:186} INFO - Started process (PID=55936) to work on /home/airflow/.local/lib/python3.12/site-packages/airflow/example_dags/tutorial_dag.py
[2024-10-22T03:27:29.038+0000] {processor.py:914} INFO - Processing file /home/airflow/.local/lib/python3.12/site-packages/airflow/example_dags/tutorial_dag.py for tasks to queue
[2024-10-22T03:27:29.039+0000] {logging_mixin.py:190} INFO - [2024-10-22T03:27:29.039+0000] {dagbag.py:588} INFO - Filling up the DagBag from /home/airflow/.local/lib/python3.12/site-packages/airflow/example_dags/tutorial_dag.py
[2024-10-22T03:27:29.045+0000] {processor.py:925} INFO - DAG(s) 'tutorial_dag' retrieved from /home/airflow/.local/lib/python3.12/site-packages/airflow/example_dags/tutorial_dag.py
[2024-10-22T03:27:29.069+0000] {logging_mixin.py:190} INFO - [2024-10-22T03:27:29.069+0000] {dag.py:3239} INFO - Sync 1 DAGs
[2024-10-22T03:27:29.087+0000] {logging_mixin.py:190} INFO - [2024-10-22T03:27:29.086+0000] {dag.py:4180} INFO - Setting next_dagrun for tutorial_dag to None, run_after=None
[2024-10-22T03:27:29.104+0000] {processor.py:208} INFO - Processing /home/airflow/.local/lib/python3.12/site-packages/airflow/example_dags/tutorial_dag.py took 0.076 seconds
[2024-10-22T03:27:59.685+0000] {processor.py:186} INFO - Started process (PID=56003) to work on /home/airflow/.local/lib/python3.12/site-packages/airflow/example_dags/tutorial_dag.py
[2024-10-22T03:27:59.686+0000] {processor.py:914} INFO - Processing file /home/airflow/.local/lib/python3.12/site-packages/airflow/example_dags/tutorial_dag.py for tasks to queue
[2024-10-22T03:27:59.688+0000] {logging_mixin.py:190} INFO - [2024-10-22T03:27:59.687+0000] {dagbag.py:588} INFO - Filling up the DagBag from /home/airflow/.local/lib/python3.12/site-packages/airflow/example_dags/tutorial_dag.py
[2024-10-22T03:27:59.694+0000] {processor.py:925} INFO - DAG(s) 'tutorial_dag' retrieved from /home/airflow/.local/lib/python3.12/site-packages/airflow/example_dags/tutorial_dag.py
[2024-10-22T03:27:59.718+0000] {logging_mixin.py:190} INFO - [2024-10-22T03:27:59.718+0000] {dag.py:3239} INFO - Sync 1 DAGs
[2024-10-22T03:27:59.736+0000] {logging_mixin.py:190} INFO - [2024-10-22T03:27:59.736+0000] {dag.py:4180} INFO - Setting next_dagrun for tutorial_dag to None, run_after=None
[2024-10-22T03:27:59.757+0000] {processor.py:208} INFO - Processing /home/airflow/.local/lib/python3.12/site-packages/airflow/example_dags/tutorial_dag.py took 0.080 seconds
[2024-10-22T03:28:30.641+0000] {processor.py:186} INFO - Started process (PID=56070) to work on /home/airflow/.local/lib/python3.12/site-packages/airflow/example_dags/tutorial_dag.py
[2024-10-22T03:28:30.642+0000] {processor.py:914} INFO - Processing file /home/airflow/.local/lib/python3.12/site-packages/airflow/example_dags/tutorial_dag.py for tasks to queue
[2024-10-22T03:28:30.644+0000] {logging_mixin.py:190} INFO - [2024-10-22T03:28:30.643+0000] {dagbag.py:588} INFO - Filling up the DagBag from /home/airflow/.local/lib/python3.12/site-packages/airflow/example_dags/tutorial_dag.py
[2024-10-22T03:28:30.650+0000] {processor.py:925} INFO - DAG(s) 'tutorial_dag' retrieved from /home/airflow/.local/lib/python3.12/site-packages/airflow/example_dags/tutorial_dag.py
[2024-10-22T03:28:30.694+0000] {logging_mixin.py:190} INFO - [2024-10-22T03:28:30.694+0000] {dag.py:3239} INFO - Sync 1 DAGs
[2024-10-22T03:28:30.717+0000] {logging_mixin.py:190} INFO - [2024-10-22T03:28:30.716+0000] {dag.py:4180} INFO - Setting next_dagrun for tutorial_dag to None, run_after=None
[2024-10-22T03:28:30.745+0000] {processor.py:208} INFO - Processing /home/airflow/.local/lib/python3.12/site-packages/airflow/example_dags/tutorial_dag.py took 0.113 seconds
[2024-10-22T03:29:00.948+0000] {processor.py:186} INFO - Started process (PID=56136) to work on /home/airflow/.local/lib/python3.12/site-packages/airflow/example_dags/tutorial_dag.py
[2024-10-22T03:29:00.949+0000] {processor.py:914} INFO - Processing file /home/airflow/.local/lib/python3.12/site-packages/airflow/example_dags/tutorial_dag.py for tasks to queue
[2024-10-22T03:29:00.951+0000] {logging_mixin.py:190} INFO - [2024-10-22T03:29:00.950+0000] {dagbag.py:588} INFO - Filling up the DagBag from /home/airflow/.local/lib/python3.12/site-packages/airflow/example_dags/tutorial_dag.py
[2024-10-22T03:29:00.956+0000] {processor.py:925} INFO - DAG(s) 'tutorial_dag' retrieved from /home/airflow/.local/lib/python3.12/site-packages/airflow/example_dags/tutorial_dag.py
[2024-10-22T03:29:00.977+0000] {logging_mixin.py:190} INFO - [2024-10-22T03:29:00.976+0000] {dag.py:3239} INFO - Sync 1 DAGs
[2024-10-22T03:29:00.997+0000] {logging_mixin.py:190} INFO - [2024-10-22T03:29:00.996+0000] {dag.py:4180} INFO - Setting next_dagrun for tutorial_dag to None, run_after=None
[2024-10-22T03:29:01.017+0000] {processor.py:208} INFO - Processing /home/airflow/.local/lib/python3.12/site-packages/airflow/example_dags/tutorial_dag.py took 0.076 seconds
[2024-10-22T03:29:31.418+0000] {processor.py:186} INFO - Started process (PID=56203) to work on /home/airflow/.local/lib/python3.12/site-packages/airflow/example_dags/tutorial_dag.py
[2024-10-22T03:29:31.419+0000] {processor.py:914} INFO - Processing file /home/airflow/.local/lib/python3.12/site-packages/airflow/example_dags/tutorial_dag.py for tasks to queue
[2024-10-22T03:29:31.421+0000] {logging_mixin.py:190} INFO - [2024-10-22T03:29:31.420+0000] {dagbag.py:588} INFO - Filling up the DagBag from /home/airflow/.local/lib/python3.12/site-packages/airflow/example_dags/tutorial_dag.py
[2024-10-22T03:29:31.427+0000] {processor.py:925} INFO - DAG(s) 'tutorial_dag' retrieved from /home/airflow/.local/lib/python3.12/site-packages/airflow/example_dags/tutorial_dag.py
[2024-10-22T03:29:31.448+0000] {logging_mixin.py:190} INFO - [2024-10-22T03:29:31.448+0000] {dag.py:3239} INFO - Sync 1 DAGs
[2024-10-22T03:29:31.465+0000] {logging_mixin.py:190} INFO - [2024-10-22T03:29:31.465+0000] {dag.py:4180} INFO - Setting next_dagrun for tutorial_dag to None, run_after=None
[2024-10-22T03:29:31.486+0000] {processor.py:208} INFO - Processing /home/airflow/.local/lib/python3.12/site-packages/airflow/example_dags/tutorial_dag.py took 0.077 seconds
[2024-10-22T03:30:01.764+0000] {processor.py:186} INFO - Started process (PID=56270) to work on /home/airflow/.local/lib/python3.12/site-packages/airflow/example_dags/tutorial_dag.py
[2024-10-22T03:30:01.765+0000] {processor.py:914} INFO - Processing file /home/airflow/.local/lib/python3.12/site-packages/airflow/example_dags/tutorial_dag.py for tasks to queue
[2024-10-22T03:30:01.766+0000] {logging_mixin.py:190} INFO - [2024-10-22T03:30:01.766+0000] {dagbag.py:588} INFO - Filling up the DagBag from /home/airflow/.local/lib/python3.12/site-packages/airflow/example_dags/tutorial_dag.py
[2024-10-22T03:30:01.773+0000] {processor.py:925} INFO - DAG(s) 'tutorial_dag' retrieved from /home/airflow/.local/lib/python3.12/site-packages/airflow/example_dags/tutorial_dag.py
[2024-10-22T03:30:01.800+0000] {logging_mixin.py:190} INFO - [2024-10-22T03:30:01.800+0000] {dag.py:3239} INFO - Sync 1 DAGs
[2024-10-22T03:30:01.819+0000] {logging_mixin.py:190} INFO - [2024-10-22T03:30:01.819+0000] {dag.py:4180} INFO - Setting next_dagrun for tutorial_dag to None, run_after=None
[2024-10-22T03:30:01.838+0000] {processor.py:208} INFO - Processing /home/airflow/.local/lib/python3.12/site-packages/airflow/example_dags/tutorial_dag.py took 0.081 seconds
[2024-10-22T03:30:32.175+0000] {processor.py:186} INFO - Started process (PID=56337) to work on /home/airflow/.local/lib/python3.12/site-packages/airflow/example_dags/tutorial_dag.py
[2024-10-22T03:30:32.176+0000] {processor.py:914} INFO - Processing file /home/airflow/.local/lib/python3.12/site-packages/airflow/example_dags/tutorial_dag.py for tasks to queue
[2024-10-22T03:30:32.177+0000] {logging_mixin.py:190} INFO - [2024-10-22T03:30:32.177+0000] {dagbag.py:588} INFO - Filling up the DagBag from /home/airflow/.local/lib/python3.12/site-packages/airflow/example_dags/tutorial_dag.py
[2024-10-22T03:30:32.183+0000] {processor.py:925} INFO - DAG(s) 'tutorial_dag' retrieved from /home/airflow/.local/lib/python3.12/site-packages/airflow/example_dags/tutorial_dag.py
[2024-10-22T03:30:32.206+0000] {logging_mixin.py:190} INFO - [2024-10-22T03:30:32.205+0000] {dag.py:3239} INFO - Sync 1 DAGs
[2024-10-22T03:30:32.221+0000] {logging_mixin.py:190} INFO - [2024-10-22T03:30:32.221+0000] {dag.py:4180} INFO - Setting next_dagrun for tutorial_dag to None, run_after=None
[2024-10-22T03:30:32.241+0000] {processor.py:208} INFO - Processing /home/airflow/.local/lib/python3.12/site-packages/airflow/example_dags/tutorial_dag.py took 0.073 seconds
[2024-10-22T03:31:02.319+0000] {processor.py:186} INFO - Started process (PID=56404) to work on /home/airflow/.local/lib/python3.12/site-packages/airflow/example_dags/tutorial_dag.py
[2024-10-22T03:31:02.320+0000] {processor.py:914} INFO - Processing file /home/airflow/.local/lib/python3.12/site-packages/airflow/example_dags/tutorial_dag.py for tasks to queue
[2024-10-22T03:31:02.322+0000] {logging_mixin.py:190} INFO - [2024-10-22T03:31:02.322+0000] {dagbag.py:588} INFO - Filling up the DagBag from /home/airflow/.local/lib/python3.12/site-packages/airflow/example_dags/tutorial_dag.py
[2024-10-22T03:31:02.329+0000] {processor.py:925} INFO - DAG(s) 'tutorial_dag' retrieved from /home/airflow/.local/lib/python3.12/site-packages/airflow/example_dags/tutorial_dag.py
[2024-10-22T03:31:02.350+0000] {logging_mixin.py:190} INFO - [2024-10-22T03:31:02.350+0000] {dag.py:3239} INFO - Sync 1 DAGs
[2024-10-22T03:31:02.366+0000] {logging_mixin.py:190} INFO - [2024-10-22T03:31:02.366+0000] {dag.py:4180} INFO - Setting next_dagrun for tutorial_dag to None, run_after=None
[2024-10-22T03:31:02.384+0000] {processor.py:208} INFO - Processing /home/airflow/.local/lib/python3.12/site-packages/airflow/example_dags/tutorial_dag.py took 0.074 seconds
[2024-10-22T03:31:33.156+0000] {processor.py:186} INFO - Started process (PID=56471) to work on /home/airflow/.local/lib/python3.12/site-packages/airflow/example_dags/tutorial_dag.py
[2024-10-22T03:31:33.157+0000] {processor.py:914} INFO - Processing file /home/airflow/.local/lib/python3.12/site-packages/airflow/example_dags/tutorial_dag.py for tasks to queue
[2024-10-22T03:31:33.161+0000] {logging_mixin.py:190} INFO - [2024-10-22T03:31:33.159+0000] {dagbag.py:588} INFO - Filling up the DagBag from /home/airflow/.local/lib/python3.12/site-packages/airflow/example_dags/tutorial_dag.py
[2024-10-22T03:31:33.168+0000] {processor.py:925} INFO - DAG(s) 'tutorial_dag' retrieved from /home/airflow/.local/lib/python3.12/site-packages/airflow/example_dags/tutorial_dag.py
[2024-10-22T03:31:33.192+0000] {logging_mixin.py:190} INFO - [2024-10-22T03:31:33.192+0000] {dag.py:3239} INFO - Sync 1 DAGs
[2024-10-22T03:31:33.209+0000] {logging_mixin.py:190} INFO - [2024-10-22T03:31:33.208+0000] {dag.py:4180} INFO - Setting next_dagrun for tutorial_dag to None, run_after=None
[2024-10-22T03:31:33.235+0000] {processor.py:208} INFO - Processing /home/airflow/.local/lib/python3.12/site-packages/airflow/example_dags/tutorial_dag.py took 0.086 seconds
[2024-10-22T03:32:03.709+0000] {processor.py:186} INFO - Started process (PID=56543) to work on /home/airflow/.local/lib/python3.12/site-packages/airflow/example_dags/tutorial_dag.py
[2024-10-22T03:32:03.710+0000] {processor.py:914} INFO - Processing file /home/airflow/.local/lib/python3.12/site-packages/airflow/example_dags/tutorial_dag.py for tasks to queue
[2024-10-22T03:32:03.712+0000] {logging_mixin.py:190} INFO - [2024-10-22T03:32:03.711+0000] {dagbag.py:588} INFO - Filling up the DagBag from /home/airflow/.local/lib/python3.12/site-packages/airflow/example_dags/tutorial_dag.py
[2024-10-22T03:32:03.717+0000] {processor.py:925} INFO - DAG(s) 'tutorial_dag' retrieved from /home/airflow/.local/lib/python3.12/site-packages/airflow/example_dags/tutorial_dag.py
[2024-10-22T03:32:03.739+0000] {logging_mixin.py:190} INFO - [2024-10-22T03:32:03.739+0000] {dag.py:3239} INFO - Sync 1 DAGs
[2024-10-22T03:32:03.755+0000] {logging_mixin.py:190} INFO - [2024-10-22T03:32:03.755+0000] {dag.py:4180} INFO - Setting next_dagrun for tutorial_dag to None, run_after=None
[2024-10-22T03:32:03.773+0000] {processor.py:208} INFO - Processing /home/airflow/.local/lib/python3.12/site-packages/airflow/example_dags/tutorial_dag.py took 0.070 seconds
[2024-10-22T03:32:34.213+0000] {processor.py:186} INFO - Started process (PID=56609) to work on /home/airflow/.local/lib/python3.12/site-packages/airflow/example_dags/tutorial_dag.py
[2024-10-22T03:32:34.214+0000] {processor.py:914} INFO - Processing file /home/airflow/.local/lib/python3.12/site-packages/airflow/example_dags/tutorial_dag.py for tasks to queue
[2024-10-22T03:32:34.215+0000] {logging_mixin.py:190} INFO - [2024-10-22T03:32:34.215+0000] {dagbag.py:588} INFO - Filling up the DagBag from /home/airflow/.local/lib/python3.12/site-packages/airflow/example_dags/tutorial_dag.py
[2024-10-22T03:32:34.221+0000] {processor.py:925} INFO - DAG(s) 'tutorial_dag' retrieved from /home/airflow/.local/lib/python3.12/site-packages/airflow/example_dags/tutorial_dag.py
[2024-10-22T03:32:34.241+0000] {logging_mixin.py:190} INFO - [2024-10-22T03:32:34.240+0000] {dag.py:3239} INFO - Sync 1 DAGs
[2024-10-22T03:32:34.256+0000] {logging_mixin.py:190} INFO - [2024-10-22T03:32:34.256+0000] {dag.py:4180} INFO - Setting next_dagrun for tutorial_dag to None, run_after=None
[2024-10-22T03:32:34.274+0000] {processor.py:208} INFO - Processing /home/airflow/.local/lib/python3.12/site-packages/airflow/example_dags/tutorial_dag.py took 0.068 seconds
[2024-10-22T03:33:05.105+0000] {processor.py:186} INFO - Started process (PID=56675) to work on /home/airflow/.local/lib/python3.12/site-packages/airflow/example_dags/tutorial_dag.py
[2024-10-22T03:33:05.106+0000] {processor.py:914} INFO - Processing file /home/airflow/.local/lib/python3.12/site-packages/airflow/example_dags/tutorial_dag.py for tasks to queue
[2024-10-22T03:33:05.108+0000] {logging_mixin.py:190} INFO - [2024-10-22T03:33:05.107+0000] {dagbag.py:588} INFO - Filling up the DagBag from /home/airflow/.local/lib/python3.12/site-packages/airflow/example_dags/tutorial_dag.py
[2024-10-22T03:33:05.114+0000] {processor.py:925} INFO - DAG(s) 'tutorial_dag' retrieved from /home/airflow/.local/lib/python3.12/site-packages/airflow/example_dags/tutorial_dag.py
[2024-10-22T03:33:05.137+0000] {logging_mixin.py:190} INFO - [2024-10-22T03:33:05.137+0000] {dag.py:3239} INFO - Sync 1 DAGs
[2024-10-22T03:33:05.153+0000] {logging_mixin.py:190} INFO - [2024-10-22T03:33:05.153+0000] {dag.py:4180} INFO - Setting next_dagrun for tutorial_dag to None, run_after=None
[2024-10-22T03:33:05.171+0000] {processor.py:208} INFO - Processing /home/airflow/.local/lib/python3.12/site-packages/airflow/example_dags/tutorial_dag.py took 0.075 seconds
[2024-10-22T03:33:36.137+0000] {processor.py:186} INFO - Started process (PID=56741) to work on /home/airflow/.local/lib/python3.12/site-packages/airflow/example_dags/tutorial_dag.py
[2024-10-22T03:33:36.139+0000] {processor.py:914} INFO - Processing file /home/airflow/.local/lib/python3.12/site-packages/airflow/example_dags/tutorial_dag.py for tasks to queue
[2024-10-22T03:33:36.140+0000] {logging_mixin.py:190} INFO - [2024-10-22T03:33:36.140+0000] {dagbag.py:588} INFO - Filling up the DagBag from /home/airflow/.local/lib/python3.12/site-packages/airflow/example_dags/tutorial_dag.py
[2024-10-22T03:33:36.148+0000] {processor.py:925} INFO - DAG(s) 'tutorial_dag' retrieved from /home/airflow/.local/lib/python3.12/site-packages/airflow/example_dags/tutorial_dag.py
[2024-10-22T03:33:36.173+0000] {logging_mixin.py:190} INFO - [2024-10-22T03:33:36.173+0000] {dag.py:3239} INFO - Sync 1 DAGs
[2024-10-22T03:33:36.189+0000] {logging_mixin.py:190} INFO - [2024-10-22T03:33:36.189+0000] {dag.py:4180} INFO - Setting next_dagrun for tutorial_dag to None, run_after=None
[2024-10-22T03:33:36.206+0000] {processor.py:208} INFO - Processing /home/airflow/.local/lib/python3.12/site-packages/airflow/example_dags/tutorial_dag.py took 0.078 seconds
[2024-10-22T03:34:06.541+0000] {processor.py:186} INFO - Started process (PID=56806) to work on /home/airflow/.local/lib/python3.12/site-packages/airflow/example_dags/tutorial_dag.py
[2024-10-22T03:34:06.542+0000] {processor.py:914} INFO - Processing file /home/airflow/.local/lib/python3.12/site-packages/airflow/example_dags/tutorial_dag.py for tasks to queue
[2024-10-22T03:34:06.543+0000] {logging_mixin.py:190} INFO - [2024-10-22T03:34:06.543+0000] {dagbag.py:588} INFO - Filling up the DagBag from /home/airflow/.local/lib/python3.12/site-packages/airflow/example_dags/tutorial_dag.py
[2024-10-22T03:34:06.549+0000] {processor.py:925} INFO - DAG(s) 'tutorial_dag' retrieved from /home/airflow/.local/lib/python3.12/site-packages/airflow/example_dags/tutorial_dag.py
[2024-10-22T03:34:06.570+0000] {logging_mixin.py:190} INFO - [2024-10-22T03:34:06.570+0000] {dag.py:3239} INFO - Sync 1 DAGs
[2024-10-22T03:34:06.587+0000] {logging_mixin.py:190} INFO - [2024-10-22T03:34:06.587+0000] {dag.py:4180} INFO - Setting next_dagrun for tutorial_dag to None, run_after=None
[2024-10-22T03:34:06.605+0000] {processor.py:208} INFO - Processing /home/airflow/.local/lib/python3.12/site-packages/airflow/example_dags/tutorial_dag.py took 0.072 seconds
[2024-10-22T03:34:37.043+0000] {processor.py:186} INFO - Started process (PID=56873) to work on /home/airflow/.local/lib/python3.12/site-packages/airflow/example_dags/tutorial_dag.py
[2024-10-22T03:34:37.045+0000] {processor.py:914} INFO - Processing file /home/airflow/.local/lib/python3.12/site-packages/airflow/example_dags/tutorial_dag.py for tasks to queue
[2024-10-22T03:34:37.046+0000] {logging_mixin.py:190} INFO - [2024-10-22T03:34:37.046+0000] {dagbag.py:588} INFO - Filling up the DagBag from /home/airflow/.local/lib/python3.12/site-packages/airflow/example_dags/tutorial_dag.py
[2024-10-22T03:34:37.052+0000] {processor.py:925} INFO - DAG(s) 'tutorial_dag' retrieved from /home/airflow/.local/lib/python3.12/site-packages/airflow/example_dags/tutorial_dag.py
[2024-10-22T03:34:37.078+0000] {logging_mixin.py:190} INFO - [2024-10-22T03:34:37.077+0000] {dag.py:3239} INFO - Sync 1 DAGs
[2024-10-22T03:34:37.099+0000] {logging_mixin.py:190} INFO - [2024-10-22T03:34:37.098+0000] {dag.py:4180} INFO - Setting next_dagrun for tutorial_dag to None, run_after=None
[2024-10-22T03:34:37.118+0000] {processor.py:208} INFO - Processing /home/airflow/.local/lib/python3.12/site-packages/airflow/example_dags/tutorial_dag.py took 0.082 seconds
[2024-10-22T03:35:07.392+0000] {processor.py:186} INFO - Started process (PID=56940) to work on /home/airflow/.local/lib/python3.12/site-packages/airflow/example_dags/tutorial_dag.py
[2024-10-22T03:35:07.393+0000] {processor.py:914} INFO - Processing file /home/airflow/.local/lib/python3.12/site-packages/airflow/example_dags/tutorial_dag.py for tasks to queue
[2024-10-22T03:35:07.395+0000] {logging_mixin.py:190} INFO - [2024-10-22T03:35:07.394+0000] {dagbag.py:588} INFO - Filling up the DagBag from /home/airflow/.local/lib/python3.12/site-packages/airflow/example_dags/tutorial_dag.py
[2024-10-22T03:35:07.400+0000] {processor.py:925} INFO - DAG(s) 'tutorial_dag' retrieved from /home/airflow/.local/lib/python3.12/site-packages/airflow/example_dags/tutorial_dag.py
[2024-10-22T03:35:07.422+0000] {logging_mixin.py:190} INFO - [2024-10-22T03:35:07.422+0000] {dag.py:3239} INFO - Sync 1 DAGs
[2024-10-22T03:35:07.439+0000] {logging_mixin.py:190} INFO - [2024-10-22T03:35:07.438+0000] {dag.py:4180} INFO - Setting next_dagrun for tutorial_dag to None, run_after=None
[2024-10-22T03:35:07.458+0000] {processor.py:208} INFO - Processing /home/airflow/.local/lib/python3.12/site-packages/airflow/example_dags/tutorial_dag.py took 0.073 seconds
[2024-10-22T03:35:37.857+0000] {processor.py:186} INFO - Started process (PID=57007) to work on /home/airflow/.local/lib/python3.12/site-packages/airflow/example_dags/tutorial_dag.py
[2024-10-22T03:35:37.859+0000] {processor.py:914} INFO - Processing file /home/airflow/.local/lib/python3.12/site-packages/airflow/example_dags/tutorial_dag.py for tasks to queue
[2024-10-22T03:35:37.860+0000] {logging_mixin.py:190} INFO - [2024-10-22T03:35:37.860+0000] {dagbag.py:588} INFO - Filling up the DagBag from /home/airflow/.local/lib/python3.12/site-packages/airflow/example_dags/tutorial_dag.py
[2024-10-22T03:35:37.865+0000] {processor.py:925} INFO - DAG(s) 'tutorial_dag' retrieved from /home/airflow/.local/lib/python3.12/site-packages/airflow/example_dags/tutorial_dag.py
[2024-10-22T03:35:37.889+0000] {logging_mixin.py:190} INFO - [2024-10-22T03:35:37.889+0000] {dag.py:3239} INFO - Sync 1 DAGs
[2024-10-22T03:35:37.906+0000] {logging_mixin.py:190} INFO - [2024-10-22T03:35:37.905+0000] {dag.py:4180} INFO - Setting next_dagrun for tutorial_dag to None, run_after=None
[2024-10-22T03:35:37.923+0000] {processor.py:208} INFO - Processing /home/airflow/.local/lib/python3.12/site-packages/airflow/example_dags/tutorial_dag.py took 0.074 seconds
[2024-10-22T03:36:08.199+0000] {processor.py:186} INFO - Started process (PID=57074) to work on /home/airflow/.local/lib/python3.12/site-packages/airflow/example_dags/tutorial_dag.py
[2024-10-22T03:36:08.200+0000] {processor.py:914} INFO - Processing file /home/airflow/.local/lib/python3.12/site-packages/airflow/example_dags/tutorial_dag.py for tasks to queue
[2024-10-22T03:36:08.202+0000] {logging_mixin.py:190} INFO - [2024-10-22T03:36:08.201+0000] {dagbag.py:588} INFO - Filling up the DagBag from /home/airflow/.local/lib/python3.12/site-packages/airflow/example_dags/tutorial_dag.py
[2024-10-22T03:36:08.207+0000] {processor.py:925} INFO - DAG(s) 'tutorial_dag' retrieved from /home/airflow/.local/lib/python3.12/site-packages/airflow/example_dags/tutorial_dag.py
[2024-10-22T03:36:08.234+0000] {logging_mixin.py:190} INFO - [2024-10-22T03:36:08.234+0000] {dag.py:3239} INFO - Sync 1 DAGs
[2024-10-22T03:36:08.252+0000] {logging_mixin.py:190} INFO - [2024-10-22T03:36:08.251+0000] {dag.py:4180} INFO - Setting next_dagrun for tutorial_dag to None, run_after=None
[2024-10-22T03:36:08.269+0000] {processor.py:208} INFO - Processing /home/airflow/.local/lib/python3.12/site-packages/airflow/example_dags/tutorial_dag.py took 0.077 seconds
[2024-10-22T03:36:38.877+0000] {processor.py:186} INFO - Started process (PID=57141) to work on /home/airflow/.local/lib/python3.12/site-packages/airflow/example_dags/tutorial_dag.py
[2024-10-22T03:36:38.878+0000] {processor.py:914} INFO - Processing file /home/airflow/.local/lib/python3.12/site-packages/airflow/example_dags/tutorial_dag.py for tasks to queue
[2024-10-22T03:36:38.880+0000] {logging_mixin.py:190} INFO - [2024-10-22T03:36:38.879+0000] {dagbag.py:588} INFO - Filling up the DagBag from /home/airflow/.local/lib/python3.12/site-packages/airflow/example_dags/tutorial_dag.py
[2024-10-22T03:36:38.888+0000] {processor.py:925} INFO - DAG(s) 'tutorial_dag' retrieved from /home/airflow/.local/lib/python3.12/site-packages/airflow/example_dags/tutorial_dag.py
[2024-10-22T03:36:38.915+0000] {logging_mixin.py:190} INFO - [2024-10-22T03:36:38.914+0000] {dag.py:3239} INFO - Sync 1 DAGs
[2024-10-22T03:36:38.932+0000] {logging_mixin.py:190} INFO - [2024-10-22T03:36:38.932+0000] {dag.py:4180} INFO - Setting next_dagrun for tutorial_dag to None, run_after=None
[2024-10-22T03:36:38.955+0000] {processor.py:208} INFO - Processing /home/airflow/.local/lib/python3.12/site-packages/airflow/example_dags/tutorial_dag.py took 0.087 seconds
[2024-10-22T03:37:09.738+0000] {processor.py:186} INFO - Started process (PID=57208) to work on /home/airflow/.local/lib/python3.12/site-packages/airflow/example_dags/tutorial_dag.py
[2024-10-22T03:37:09.740+0000] {processor.py:914} INFO - Processing file /home/airflow/.local/lib/python3.12/site-packages/airflow/example_dags/tutorial_dag.py for tasks to queue
[2024-10-22T03:37:09.742+0000] {logging_mixin.py:190} INFO - [2024-10-22T03:37:09.741+0000] {dagbag.py:588} INFO - Filling up the DagBag from /home/airflow/.local/lib/python3.12/site-packages/airflow/example_dags/tutorial_dag.py
[2024-10-22T03:37:09.751+0000] {processor.py:925} INFO - DAG(s) 'tutorial_dag' retrieved from /home/airflow/.local/lib/python3.12/site-packages/airflow/example_dags/tutorial_dag.py
[2024-10-22T03:37:09.778+0000] {logging_mixin.py:190} INFO - [2024-10-22T03:37:09.778+0000] {dag.py:3239} INFO - Sync 1 DAGs
[2024-10-22T03:37:09.800+0000] {logging_mixin.py:190} INFO - [2024-10-22T03:37:09.800+0000] {dag.py:4180} INFO - Setting next_dagrun for tutorial_dag to None, run_after=None
[2024-10-22T03:37:09.824+0000] {processor.py:208} INFO - Processing /home/airflow/.local/lib/python3.12/site-packages/airflow/example_dags/tutorial_dag.py took 0.100 seconds
[2024-10-22T03:37:40.119+0000] {processor.py:186} INFO - Started process (PID=57275) to work on /home/airflow/.local/lib/python3.12/site-packages/airflow/example_dags/tutorial_dag.py
[2024-10-22T03:37:40.120+0000] {processor.py:914} INFO - Processing file /home/airflow/.local/lib/python3.12/site-packages/airflow/example_dags/tutorial_dag.py for tasks to queue
[2024-10-22T03:37:40.122+0000] {logging_mixin.py:190} INFO - [2024-10-22T03:37:40.121+0000] {dagbag.py:588} INFO - Filling up the DagBag from /home/airflow/.local/lib/python3.12/site-packages/airflow/example_dags/tutorial_dag.py
[2024-10-22T03:37:40.128+0000] {processor.py:925} INFO - DAG(s) 'tutorial_dag' retrieved from /home/airflow/.local/lib/python3.12/site-packages/airflow/example_dags/tutorial_dag.py
[2024-10-22T03:37:40.150+0000] {logging_mixin.py:190} INFO - [2024-10-22T03:37:40.150+0000] {dag.py:3239} INFO - Sync 1 DAGs
[2024-10-22T03:37:40.169+0000] {logging_mixin.py:190} INFO - [2024-10-22T03:37:40.169+0000] {dag.py:4180} INFO - Setting next_dagrun for tutorial_dag to None, run_after=None
[2024-10-22T03:37:40.189+0000] {processor.py:208} INFO - Processing /home/airflow/.local/lib/python3.12/site-packages/airflow/example_dags/tutorial_dag.py took 0.078 seconds
[2024-10-22T03:38:10.716+0000] {processor.py:186} INFO - Started process (PID=57342) to work on /home/airflow/.local/lib/python3.12/site-packages/airflow/example_dags/tutorial_dag.py
[2024-10-22T03:38:10.717+0000] {processor.py:914} INFO - Processing file /home/airflow/.local/lib/python3.12/site-packages/airflow/example_dags/tutorial_dag.py for tasks to queue
[2024-10-22T03:38:10.718+0000] {logging_mixin.py:190} INFO - [2024-10-22T03:38:10.718+0000] {dagbag.py:588} INFO - Filling up the DagBag from /home/airflow/.local/lib/python3.12/site-packages/airflow/example_dags/tutorial_dag.py
[2024-10-22T03:38:10.723+0000] {processor.py:925} INFO - DAG(s) 'tutorial_dag' retrieved from /home/airflow/.local/lib/python3.12/site-packages/airflow/example_dags/tutorial_dag.py
[2024-10-22T03:38:10.745+0000] {logging_mixin.py:190} INFO - [2024-10-22T03:38:10.745+0000] {dag.py:3239} INFO - Sync 1 DAGs
[2024-10-22T03:38:10.764+0000] {logging_mixin.py:190} INFO - [2024-10-22T03:38:10.764+0000] {dag.py:4180} INFO - Setting next_dagrun for tutorial_dag to None, run_after=None
[2024-10-22T03:38:10.782+0000] {processor.py:208} INFO - Processing /home/airflow/.local/lib/python3.12/site-packages/airflow/example_dags/tutorial_dag.py took 0.074 seconds
[2024-10-22T03:38:41.191+0000] {processor.py:186} INFO - Started process (PID=57409) to work on /home/airflow/.local/lib/python3.12/site-packages/airflow/example_dags/tutorial_dag.py
[2024-10-22T03:38:41.192+0000] {processor.py:914} INFO - Processing file /home/airflow/.local/lib/python3.12/site-packages/airflow/example_dags/tutorial_dag.py for tasks to queue
[2024-10-22T03:38:41.194+0000] {logging_mixin.py:190} INFO - [2024-10-22T03:38:41.193+0000] {dagbag.py:588} INFO - Filling up the DagBag from /home/airflow/.local/lib/python3.12/site-packages/airflow/example_dags/tutorial_dag.py
[2024-10-22T03:38:41.200+0000] {processor.py:925} INFO - DAG(s) 'tutorial_dag' retrieved from /home/airflow/.local/lib/python3.12/site-packages/airflow/example_dags/tutorial_dag.py
[2024-10-22T03:38:41.224+0000] {logging_mixin.py:190} INFO - [2024-10-22T03:38:41.224+0000] {dag.py:3239} INFO - Sync 1 DAGs
[2024-10-22T03:38:41.245+0000] {logging_mixin.py:190} INFO - [2024-10-22T03:38:41.244+0000] {dag.py:4180} INFO - Setting next_dagrun for tutorial_dag to None, run_after=None
[2024-10-22T03:38:41.265+0000] {processor.py:208} INFO - Processing /home/airflow/.local/lib/python3.12/site-packages/airflow/example_dags/tutorial_dag.py took 0.081 seconds
[2024-10-22T03:39:11.548+0000] {processor.py:186} INFO - Started process (PID=57476) to work on /home/airflow/.local/lib/python3.12/site-packages/airflow/example_dags/tutorial_dag.py
[2024-10-22T03:39:11.551+0000] {processor.py:914} INFO - Processing file /home/airflow/.local/lib/python3.12/site-packages/airflow/example_dags/tutorial_dag.py for tasks to queue
[2024-10-22T03:39:11.553+0000] {logging_mixin.py:190} INFO - [2024-10-22T03:39:11.553+0000] {dagbag.py:588} INFO - Filling up the DagBag from /home/airflow/.local/lib/python3.12/site-packages/airflow/example_dags/tutorial_dag.py
[2024-10-22T03:39:11.560+0000] {processor.py:925} INFO - DAG(s) 'tutorial_dag' retrieved from /home/airflow/.local/lib/python3.12/site-packages/airflow/example_dags/tutorial_dag.py
[2024-10-22T03:39:11.592+0000] {logging_mixin.py:190} INFO - [2024-10-22T03:39:11.592+0000] {dag.py:3239} INFO - Sync 1 DAGs
[2024-10-22T03:39:11.612+0000] {logging_mixin.py:190} INFO - [2024-10-22T03:39:11.612+0000] {dag.py:4180} INFO - Setting next_dagrun for tutorial_dag to None, run_after=None
[2024-10-22T03:39:11.633+0000] {processor.py:208} INFO - Processing /home/airflow/.local/lib/python3.12/site-packages/airflow/example_dags/tutorial_dag.py took 0.096 seconds
[2024-10-22T03:39:41.741+0000] {processor.py:186} INFO - Started process (PID=57543) to work on /home/airflow/.local/lib/python3.12/site-packages/airflow/example_dags/tutorial_dag.py
[2024-10-22T03:39:41.742+0000] {processor.py:914} INFO - Processing file /home/airflow/.local/lib/python3.12/site-packages/airflow/example_dags/tutorial_dag.py for tasks to queue
[2024-10-22T03:39:41.743+0000] {logging_mixin.py:190} INFO - [2024-10-22T03:39:41.743+0000] {dagbag.py:588} INFO - Filling up the DagBag from /home/airflow/.local/lib/python3.12/site-packages/airflow/example_dags/tutorial_dag.py
[2024-10-22T03:39:41.749+0000] {processor.py:925} INFO - DAG(s) 'tutorial_dag' retrieved from /home/airflow/.local/lib/python3.12/site-packages/airflow/example_dags/tutorial_dag.py
[2024-10-22T03:39:41.771+0000] {logging_mixin.py:190} INFO - [2024-10-22T03:39:41.771+0000] {dag.py:3239} INFO - Sync 1 DAGs
[2024-10-22T03:39:41.787+0000] {logging_mixin.py:190} INFO - [2024-10-22T03:39:41.787+0000] {dag.py:4180} INFO - Setting next_dagrun for tutorial_dag to None, run_after=None
[2024-10-22T03:39:41.804+0000] {processor.py:208} INFO - Processing /home/airflow/.local/lib/python3.12/site-packages/airflow/example_dags/tutorial_dag.py took 0.071 seconds
[2024-10-22T03:40:12.898+0000] {processor.py:186} INFO - Started process (PID=57610) to work on /home/airflow/.local/lib/python3.12/site-packages/airflow/example_dags/tutorial_dag.py
[2024-10-22T03:40:12.900+0000] {processor.py:914} INFO - Processing file /home/airflow/.local/lib/python3.12/site-packages/airflow/example_dags/tutorial_dag.py for tasks to queue
[2024-10-22T03:40:12.901+0000] {logging_mixin.py:190} INFO - [2024-10-22T03:40:12.901+0000] {dagbag.py:588} INFO - Filling up the DagBag from /home/airflow/.local/lib/python3.12/site-packages/airflow/example_dags/tutorial_dag.py
[2024-10-22T03:40:12.906+0000] {processor.py:925} INFO - DAG(s) 'tutorial_dag' retrieved from /home/airflow/.local/lib/python3.12/site-packages/airflow/example_dags/tutorial_dag.py
[2024-10-22T03:40:12.930+0000] {logging_mixin.py:190} INFO - [2024-10-22T03:40:12.930+0000] {dag.py:3239} INFO - Sync 1 DAGs
[2024-10-22T03:40:12.946+0000] {logging_mixin.py:190} INFO - [2024-10-22T03:40:12.946+0000] {dag.py:4180} INFO - Setting next_dagrun for tutorial_dag to None, run_after=None
[2024-10-22T03:40:12.965+0000] {processor.py:208} INFO - Processing /home/airflow/.local/lib/python3.12/site-packages/airflow/example_dags/tutorial_dag.py took 0.075 seconds
[2024-10-22T03:40:43.223+0000] {processor.py:186} INFO - Started process (PID=57677) to work on /home/airflow/.local/lib/python3.12/site-packages/airflow/example_dags/tutorial_dag.py
[2024-10-22T03:40:43.224+0000] {processor.py:914} INFO - Processing file /home/airflow/.local/lib/python3.12/site-packages/airflow/example_dags/tutorial_dag.py for tasks to queue
[2024-10-22T03:40:43.225+0000] {logging_mixin.py:190} INFO - [2024-10-22T03:40:43.225+0000] {dagbag.py:588} INFO - Filling up the DagBag from /home/airflow/.local/lib/python3.12/site-packages/airflow/example_dags/tutorial_dag.py
[2024-10-22T03:40:43.230+0000] {processor.py:925} INFO - DAG(s) 'tutorial_dag' retrieved from /home/airflow/.local/lib/python3.12/site-packages/airflow/example_dags/tutorial_dag.py
[2024-10-22T03:40:43.253+0000] {logging_mixin.py:190} INFO - [2024-10-22T03:40:43.253+0000] {dag.py:3239} INFO - Sync 1 DAGs
[2024-10-22T03:40:43.269+0000] {logging_mixin.py:190} INFO - [2024-10-22T03:40:43.269+0000] {dag.py:4180} INFO - Setting next_dagrun for tutorial_dag to None, run_after=None
[2024-10-22T03:40:43.287+0000] {processor.py:208} INFO - Processing /home/airflow/.local/lib/python3.12/site-packages/airflow/example_dags/tutorial_dag.py took 0.071 seconds
[2024-10-22T03:41:13.817+0000] {processor.py:186} INFO - Started process (PID=57744) to work on /home/airflow/.local/lib/python3.12/site-packages/airflow/example_dags/tutorial_dag.py
[2024-10-22T03:41:13.819+0000] {processor.py:914} INFO - Processing file /home/airflow/.local/lib/python3.12/site-packages/airflow/example_dags/tutorial_dag.py for tasks to queue
[2024-10-22T03:41:13.820+0000] {logging_mixin.py:190} INFO - [2024-10-22T03:41:13.820+0000] {dagbag.py:588} INFO - Filling up the DagBag from /home/airflow/.local/lib/python3.12/site-packages/airflow/example_dags/tutorial_dag.py
[2024-10-22T03:41:13.827+0000] {processor.py:925} INFO - DAG(s) 'tutorial_dag' retrieved from /home/airflow/.local/lib/python3.12/site-packages/airflow/example_dags/tutorial_dag.py
[2024-10-22T03:41:13.853+0000] {logging_mixin.py:190} INFO - [2024-10-22T03:41:13.853+0000] {dag.py:3239} INFO - Sync 1 DAGs
[2024-10-22T03:41:13.870+0000] {logging_mixin.py:190} INFO - [2024-10-22T03:41:13.870+0000] {dag.py:4180} INFO - Setting next_dagrun for tutorial_dag to None, run_after=None
[2024-10-22T03:41:13.890+0000] {processor.py:208} INFO - Processing /home/airflow/.local/lib/python3.12/site-packages/airflow/example_dags/tutorial_dag.py took 0.081 seconds
[2024-10-22T03:41:44.108+0000] {processor.py:186} INFO - Started process (PID=57811) to work on /home/airflow/.local/lib/python3.12/site-packages/airflow/example_dags/tutorial_dag.py
[2024-10-22T03:41:44.110+0000] {processor.py:914} INFO - Processing file /home/airflow/.local/lib/python3.12/site-packages/airflow/example_dags/tutorial_dag.py for tasks to queue
[2024-10-22T03:41:44.113+0000] {logging_mixin.py:190} INFO - [2024-10-22T03:41:44.112+0000] {dagbag.py:588} INFO - Filling up the DagBag from /home/airflow/.local/lib/python3.12/site-packages/airflow/example_dags/tutorial_dag.py
[2024-10-22T03:41:44.119+0000] {processor.py:925} INFO - DAG(s) 'tutorial_dag' retrieved from /home/airflow/.local/lib/python3.12/site-packages/airflow/example_dags/tutorial_dag.py
[2024-10-22T03:41:44.145+0000] {logging_mixin.py:190} INFO - [2024-10-22T03:41:44.144+0000] {dag.py:3239} INFO - Sync 1 DAGs
[2024-10-22T03:41:44.170+0000] {logging_mixin.py:190} INFO - [2024-10-22T03:41:44.169+0000] {dag.py:4180} INFO - Setting next_dagrun for tutorial_dag to None, run_after=None
[2024-10-22T03:41:44.194+0000] {processor.py:208} INFO - Processing /home/airflow/.local/lib/python3.12/site-packages/airflow/example_dags/tutorial_dag.py took 0.093 seconds
[2024-10-22T03:42:14.545+0000] {processor.py:186} INFO - Started process (PID=57878) to work on /home/airflow/.local/lib/python3.12/site-packages/airflow/example_dags/tutorial_dag.py
[2024-10-22T03:42:14.547+0000] {processor.py:914} INFO - Processing file /home/airflow/.local/lib/python3.12/site-packages/airflow/example_dags/tutorial_dag.py for tasks to queue
[2024-10-22T03:42:14.548+0000] {logging_mixin.py:190} INFO - [2024-10-22T03:42:14.548+0000] {dagbag.py:588} INFO - Filling up the DagBag from /home/airflow/.local/lib/python3.12/site-packages/airflow/example_dags/tutorial_dag.py
[2024-10-22T03:42:14.554+0000] {processor.py:925} INFO - DAG(s) 'tutorial_dag' retrieved from /home/airflow/.local/lib/python3.12/site-packages/airflow/example_dags/tutorial_dag.py
[2024-10-22T03:42:14.583+0000] {logging_mixin.py:190} INFO - [2024-10-22T03:42:14.583+0000] {dag.py:3239} INFO - Sync 1 DAGs
[2024-10-22T03:42:14.601+0000] {logging_mixin.py:190} INFO - [2024-10-22T03:42:14.600+0000] {dag.py:4180} INFO - Setting next_dagrun for tutorial_dag to None, run_after=None
[2024-10-22T03:42:14.624+0000] {processor.py:208} INFO - Processing /home/airflow/.local/lib/python3.12/site-packages/airflow/example_dags/tutorial_dag.py took 0.087 seconds
[2024-10-22T03:42:45.524+0000] {processor.py:186} INFO - Started process (PID=57945) to work on /home/airflow/.local/lib/python3.12/site-packages/airflow/example_dags/tutorial_dag.py
[2024-10-22T03:42:45.529+0000] {processor.py:914} INFO - Processing file /home/airflow/.local/lib/python3.12/site-packages/airflow/example_dags/tutorial_dag.py for tasks to queue
[2024-10-22T03:42:45.530+0000] {logging_mixin.py:190} INFO - [2024-10-22T03:42:45.530+0000] {dagbag.py:588} INFO - Filling up the DagBag from /home/airflow/.local/lib/python3.12/site-packages/airflow/example_dags/tutorial_dag.py
[2024-10-22T03:42:45.537+0000] {processor.py:925} INFO - DAG(s) 'tutorial_dag' retrieved from /home/airflow/.local/lib/python3.12/site-packages/airflow/example_dags/tutorial_dag.py
[2024-10-22T03:42:45.562+0000] {logging_mixin.py:190} INFO - [2024-10-22T03:42:45.562+0000] {dag.py:3239} INFO - Sync 1 DAGs
[2024-10-22T03:42:45.580+0000] {logging_mixin.py:190} INFO - [2024-10-22T03:42:45.580+0000] {dag.py:4180} INFO - Setting next_dagrun for tutorial_dag to None, run_after=None
[2024-10-22T03:42:45.598+0000] {processor.py:208} INFO - Processing /home/airflow/.local/lib/python3.12/site-packages/airflow/example_dags/tutorial_dag.py took 0.082 seconds
[2024-10-22T03:43:16.004+0000] {processor.py:186} INFO - Started process (PID=58012) to work on /home/airflow/.local/lib/python3.12/site-packages/airflow/example_dags/tutorial_dag.py
[2024-10-22T03:43:16.005+0000] {processor.py:914} INFO - Processing file /home/airflow/.local/lib/python3.12/site-packages/airflow/example_dags/tutorial_dag.py for tasks to queue
[2024-10-22T03:43:16.006+0000] {logging_mixin.py:190} INFO - [2024-10-22T03:43:16.006+0000] {dagbag.py:588} INFO - Filling up the DagBag from /home/airflow/.local/lib/python3.12/site-packages/airflow/example_dags/tutorial_dag.py
[2024-10-22T03:43:16.012+0000] {processor.py:925} INFO - DAG(s) 'tutorial_dag' retrieved from /home/airflow/.local/lib/python3.12/site-packages/airflow/example_dags/tutorial_dag.py
[2024-10-22T03:43:16.040+0000] {logging_mixin.py:190} INFO - [2024-10-22T03:43:16.039+0000] {dag.py:3239} INFO - Sync 1 DAGs
[2024-10-22T03:43:16.058+0000] {logging_mixin.py:190} INFO - [2024-10-22T03:43:16.058+0000] {dag.py:4180} INFO - Setting next_dagrun for tutorial_dag to None, run_after=None
[2024-10-22T03:43:16.080+0000] {processor.py:208} INFO - Processing /home/airflow/.local/lib/python3.12/site-packages/airflow/example_dags/tutorial_dag.py took 0.084 seconds
[2024-10-22T03:43:46.787+0000] {processor.py:186} INFO - Started process (PID=58079) to work on /home/airflow/.local/lib/python3.12/site-packages/airflow/example_dags/tutorial_dag.py
[2024-10-22T03:43:46.789+0000] {processor.py:914} INFO - Processing file /home/airflow/.local/lib/python3.12/site-packages/airflow/example_dags/tutorial_dag.py for tasks to queue
[2024-10-22T03:43:46.791+0000] {logging_mixin.py:190} INFO - [2024-10-22T03:43:46.791+0000] {dagbag.py:588} INFO - Filling up the DagBag from /home/airflow/.local/lib/python3.12/site-packages/airflow/example_dags/tutorial_dag.py
[2024-10-22T03:43:46.798+0000] {processor.py:925} INFO - DAG(s) 'tutorial_dag' retrieved from /home/airflow/.local/lib/python3.12/site-packages/airflow/example_dags/tutorial_dag.py
[2024-10-22T03:43:46.834+0000] {logging_mixin.py:190} INFO - [2024-10-22T03:43:46.833+0000] {dag.py:3239} INFO - Sync 1 DAGs
[2024-10-22T03:43:46.855+0000] {logging_mixin.py:190} INFO - [2024-10-22T03:43:46.855+0000] {dag.py:4180} INFO - Setting next_dagrun for tutorial_dag to None, run_after=None
[2024-10-22T03:43:46.879+0000] {processor.py:208} INFO - Processing /home/airflow/.local/lib/python3.12/site-packages/airflow/example_dags/tutorial_dag.py took 0.103 seconds
[2024-10-22T03:44:17.369+0000] {processor.py:186} INFO - Started process (PID=58146) to work on /home/airflow/.local/lib/python3.12/site-packages/airflow/example_dags/tutorial_dag.py
[2024-10-22T03:44:17.370+0000] {processor.py:914} INFO - Processing file /home/airflow/.local/lib/python3.12/site-packages/airflow/example_dags/tutorial_dag.py for tasks to queue
[2024-10-22T03:44:17.372+0000] {logging_mixin.py:190} INFO - [2024-10-22T03:44:17.371+0000] {dagbag.py:588} INFO - Filling up the DagBag from /home/airflow/.local/lib/python3.12/site-packages/airflow/example_dags/tutorial_dag.py
[2024-10-22T03:44:17.379+0000] {processor.py:925} INFO - DAG(s) 'tutorial_dag' retrieved from /home/airflow/.local/lib/python3.12/site-packages/airflow/example_dags/tutorial_dag.py
[2024-10-22T03:44:17.417+0000] {logging_mixin.py:190} INFO - [2024-10-22T03:44:17.417+0000] {dag.py:3239} INFO - Sync 1 DAGs
[2024-10-22T03:44:17.441+0000] {logging_mixin.py:190} INFO - [2024-10-22T03:44:17.441+0000] {dag.py:4180} INFO - Setting next_dagrun for tutorial_dag to None, run_after=None
[2024-10-22T03:44:17.461+0000] {processor.py:208} INFO - Processing /home/airflow/.local/lib/python3.12/site-packages/airflow/example_dags/tutorial_dag.py took 0.101 seconds
[2024-10-22T03:44:47.664+0000] {processor.py:186} INFO - Started process (PID=58213) to work on /home/airflow/.local/lib/python3.12/site-packages/airflow/example_dags/tutorial_dag.py
[2024-10-22T03:44:47.665+0000] {processor.py:914} INFO - Processing file /home/airflow/.local/lib/python3.12/site-packages/airflow/example_dags/tutorial_dag.py for tasks to queue
[2024-10-22T03:44:47.667+0000] {logging_mixin.py:190} INFO - [2024-10-22T03:44:47.666+0000] {dagbag.py:588} INFO - Filling up the DagBag from /home/airflow/.local/lib/python3.12/site-packages/airflow/example_dags/tutorial_dag.py
[2024-10-22T03:44:47.672+0000] {processor.py:925} INFO - DAG(s) 'tutorial_dag' retrieved from /home/airflow/.local/lib/python3.12/site-packages/airflow/example_dags/tutorial_dag.py
[2024-10-22T03:44:47.696+0000] {logging_mixin.py:190} INFO - [2024-10-22T03:44:47.696+0000] {dag.py:3239} INFO - Sync 1 DAGs
[2024-10-22T03:44:47.713+0000] {logging_mixin.py:190} INFO - [2024-10-22T03:44:47.713+0000] {dag.py:4180} INFO - Setting next_dagrun for tutorial_dag to None, run_after=None
[2024-10-22T03:44:47.730+0000] {processor.py:208} INFO - Processing /home/airflow/.local/lib/python3.12/site-packages/airflow/example_dags/tutorial_dag.py took 0.074 seconds
[2024-10-22T03:45:18.083+0000] {processor.py:186} INFO - Started process (PID=58280) to work on /home/airflow/.local/lib/python3.12/site-packages/airflow/example_dags/tutorial_dag.py
[2024-10-22T03:45:18.085+0000] {processor.py:914} INFO - Processing file /home/airflow/.local/lib/python3.12/site-packages/airflow/example_dags/tutorial_dag.py for tasks to queue
[2024-10-22T03:45:18.086+0000] {logging_mixin.py:190} INFO - [2024-10-22T03:45:18.085+0000] {dagbag.py:588} INFO - Filling up the DagBag from /home/airflow/.local/lib/python3.12/site-packages/airflow/example_dags/tutorial_dag.py
[2024-10-22T03:45:18.091+0000] {processor.py:925} INFO - DAG(s) 'tutorial_dag' retrieved from /home/airflow/.local/lib/python3.12/site-packages/airflow/example_dags/tutorial_dag.py
[2024-10-22T03:45:18.115+0000] {logging_mixin.py:190} INFO - [2024-10-22T03:45:18.115+0000] {dag.py:3239} INFO - Sync 1 DAGs
[2024-10-22T03:45:18.131+0000] {logging_mixin.py:190} INFO - [2024-10-22T03:45:18.131+0000] {dag.py:4180} INFO - Setting next_dagrun for tutorial_dag to None, run_after=None
[2024-10-22T03:45:18.150+0000] {processor.py:208} INFO - Processing /home/airflow/.local/lib/python3.12/site-packages/airflow/example_dags/tutorial_dag.py took 0.074 seconds
[2024-10-22T03:45:48.364+0000] {processor.py:186} INFO - Started process (PID=58346) to work on /home/airflow/.local/lib/python3.12/site-packages/airflow/example_dags/tutorial_dag.py
[2024-10-22T03:45:48.365+0000] {processor.py:914} INFO - Processing file /home/airflow/.local/lib/python3.12/site-packages/airflow/example_dags/tutorial_dag.py for tasks to queue
[2024-10-22T03:45:48.367+0000] {logging_mixin.py:190} INFO - [2024-10-22T03:45:48.366+0000] {dagbag.py:588} INFO - Filling up the DagBag from /home/airflow/.local/lib/python3.12/site-packages/airflow/example_dags/tutorial_dag.py
[2024-10-22T03:45:48.372+0000] {processor.py:925} INFO - DAG(s) 'tutorial_dag' retrieved from /home/airflow/.local/lib/python3.12/site-packages/airflow/example_dags/tutorial_dag.py
[2024-10-22T03:45:48.396+0000] {logging_mixin.py:190} INFO - [2024-10-22T03:45:48.396+0000] {dag.py:3239} INFO - Sync 1 DAGs
[2024-10-22T03:45:48.413+0000] {logging_mixin.py:190} INFO - [2024-10-22T03:45:48.413+0000] {dag.py:4180} INFO - Setting next_dagrun for tutorial_dag to None, run_after=None
[2024-10-22T03:45:48.432+0000] {processor.py:208} INFO - Processing /home/airflow/.local/lib/python3.12/site-packages/airflow/example_dags/tutorial_dag.py took 0.075 seconds
[2024-10-22T03:46:18.765+0000] {processor.py:186} INFO - Started process (PID=58413) to work on /home/airflow/.local/lib/python3.12/site-packages/airflow/example_dags/tutorial_dag.py
[2024-10-22T03:46:18.766+0000] {processor.py:914} INFO - Processing file /home/airflow/.local/lib/python3.12/site-packages/airflow/example_dags/tutorial_dag.py for tasks to queue
[2024-10-22T03:46:18.767+0000] {logging_mixin.py:190} INFO - [2024-10-22T03:46:18.767+0000] {dagbag.py:588} INFO - Filling up the DagBag from /home/airflow/.local/lib/python3.12/site-packages/airflow/example_dags/tutorial_dag.py
[2024-10-22T03:46:18.774+0000] {processor.py:925} INFO - DAG(s) 'tutorial_dag' retrieved from /home/airflow/.local/lib/python3.12/site-packages/airflow/example_dags/tutorial_dag.py
[2024-10-22T03:46:18.797+0000] {logging_mixin.py:190} INFO - [2024-10-22T03:46:18.797+0000] {dag.py:3239} INFO - Sync 1 DAGs
[2024-10-22T03:46:18.813+0000] {logging_mixin.py:190} INFO - [2024-10-22T03:46:18.812+0000] {dag.py:4180} INFO - Setting next_dagrun for tutorial_dag to None, run_after=None
[2024-10-22T03:46:18.830+0000] {processor.py:208} INFO - Processing /home/airflow/.local/lib/python3.12/site-packages/airflow/example_dags/tutorial_dag.py took 0.072 seconds
[2024-10-22T03:46:49.033+0000] {processor.py:186} INFO - Started process (PID=58480) to work on /home/airflow/.local/lib/python3.12/site-packages/airflow/example_dags/tutorial_dag.py
[2024-10-22T03:46:49.034+0000] {processor.py:914} INFO - Processing file /home/airflow/.local/lib/python3.12/site-packages/airflow/example_dags/tutorial_dag.py for tasks to queue
[2024-10-22T03:46:49.036+0000] {logging_mixin.py:190} INFO - [2024-10-22T03:46:49.035+0000] {dagbag.py:588} INFO - Filling up the DagBag from /home/airflow/.local/lib/python3.12/site-packages/airflow/example_dags/tutorial_dag.py
[2024-10-22T03:46:49.041+0000] {processor.py:925} INFO - DAG(s) 'tutorial_dag' retrieved from /home/airflow/.local/lib/python3.12/site-packages/airflow/example_dags/tutorial_dag.py
[2024-10-22T03:46:49.065+0000] {logging_mixin.py:190} INFO - [2024-10-22T03:46:49.065+0000] {dag.py:3239} INFO - Sync 1 DAGs
[2024-10-22T03:46:49.081+0000] {logging_mixin.py:190} INFO - [2024-10-22T03:46:49.081+0000] {dag.py:4180} INFO - Setting next_dagrun for tutorial_dag to None, run_after=None
[2024-10-22T03:46:49.100+0000] {processor.py:208} INFO - Processing /home/airflow/.local/lib/python3.12/site-packages/airflow/example_dags/tutorial_dag.py took 0.076 seconds
[2024-10-22T03:47:19.336+0000] {processor.py:186} INFO - Started process (PID=58547) to work on /home/airflow/.local/lib/python3.12/site-packages/airflow/example_dags/tutorial_dag.py
[2024-10-22T03:47:19.337+0000] {processor.py:914} INFO - Processing file /home/airflow/.local/lib/python3.12/site-packages/airflow/example_dags/tutorial_dag.py for tasks to queue
[2024-10-22T03:47:19.338+0000] {logging_mixin.py:190} INFO - [2024-10-22T03:47:19.338+0000] {dagbag.py:588} INFO - Filling up the DagBag from /home/airflow/.local/lib/python3.12/site-packages/airflow/example_dags/tutorial_dag.py
[2024-10-22T03:47:19.343+0000] {processor.py:925} INFO - DAG(s) 'tutorial_dag' retrieved from /home/airflow/.local/lib/python3.12/site-packages/airflow/example_dags/tutorial_dag.py
[2024-10-22T03:47:19.367+0000] {logging_mixin.py:190} INFO - [2024-10-22T03:47:19.367+0000] {dag.py:3239} INFO - Sync 1 DAGs
[2024-10-22T03:47:19.383+0000] {logging_mixin.py:190} INFO - [2024-10-22T03:47:19.383+0000] {dag.py:4180} INFO - Setting next_dagrun for tutorial_dag to None, run_after=None
[2024-10-22T03:47:19.402+0000] {processor.py:208} INFO - Processing /home/airflow/.local/lib/python3.12/site-packages/airflow/example_dags/tutorial_dag.py took 0.073 seconds
[2024-10-22T03:47:50.046+0000] {processor.py:186} INFO - Started process (PID=58614) to work on /home/airflow/.local/lib/python3.12/site-packages/airflow/example_dags/tutorial_dag.py
[2024-10-22T03:47:50.047+0000] {processor.py:914} INFO - Processing file /home/airflow/.local/lib/python3.12/site-packages/airflow/example_dags/tutorial_dag.py for tasks to queue
[2024-10-22T03:47:50.049+0000] {logging_mixin.py:190} INFO - [2024-10-22T03:47:50.048+0000] {dagbag.py:588} INFO - Filling up the DagBag from /home/airflow/.local/lib/python3.12/site-packages/airflow/example_dags/tutorial_dag.py
[2024-10-22T03:47:50.054+0000] {processor.py:925} INFO - DAG(s) 'tutorial_dag' retrieved from /home/airflow/.local/lib/python3.12/site-packages/airflow/example_dags/tutorial_dag.py
[2024-10-22T03:47:50.078+0000] {logging_mixin.py:190} INFO - [2024-10-22T03:47:50.078+0000] {dag.py:3239} INFO - Sync 1 DAGs
[2024-10-22T03:47:50.094+0000] {logging_mixin.py:190} INFO - [2024-10-22T03:47:50.094+0000] {dag.py:4180} INFO - Setting next_dagrun for tutorial_dag to None, run_after=None
[2024-10-22T03:47:50.112+0000] {processor.py:208} INFO - Processing /home/airflow/.local/lib/python3.12/site-packages/airflow/example_dags/tutorial_dag.py took 0.073 seconds
[2024-10-22T03:48:21.171+0000] {processor.py:186} INFO - Started process (PID=58680) to work on /home/airflow/.local/lib/python3.12/site-packages/airflow/example_dags/tutorial_dag.py
[2024-10-22T03:48:21.172+0000] {processor.py:914} INFO - Processing file /home/airflow/.local/lib/python3.12/site-packages/airflow/example_dags/tutorial_dag.py for tasks to queue
[2024-10-22T03:48:21.173+0000] {logging_mixin.py:190} INFO - [2024-10-22T03:48:21.173+0000] {dagbag.py:588} INFO - Filling up the DagBag from /home/airflow/.local/lib/python3.12/site-packages/airflow/example_dags/tutorial_dag.py
[2024-10-22T03:48:21.180+0000] {processor.py:925} INFO - DAG(s) 'tutorial_dag' retrieved from /home/airflow/.local/lib/python3.12/site-packages/airflow/example_dags/tutorial_dag.py
[2024-10-22T03:48:21.204+0000] {logging_mixin.py:190} INFO - [2024-10-22T03:48:21.204+0000] {dag.py:3239} INFO - Sync 1 DAGs
[2024-10-22T03:48:21.221+0000] {logging_mixin.py:190} INFO - [2024-10-22T03:48:21.221+0000] {dag.py:4180} INFO - Setting next_dagrun for tutorial_dag to None, run_after=None
[2024-10-22T03:48:21.242+0000] {processor.py:208} INFO - Processing /home/airflow/.local/lib/python3.12/site-packages/airflow/example_dags/tutorial_dag.py took 0.080 seconds
[2024-10-22T03:48:52.762+0000] {processor.py:186} INFO - Started process (PID=58747) to work on /home/airflow/.local/lib/python3.12/site-packages/airflow/example_dags/tutorial_dag.py
[2024-10-22T03:48:52.763+0000] {processor.py:914} INFO - Processing file /home/airflow/.local/lib/python3.12/site-packages/airflow/example_dags/tutorial_dag.py for tasks to queue
[2024-10-22T03:48:52.764+0000] {logging_mixin.py:190} INFO - [2024-10-22T03:48:52.764+0000] {dagbag.py:588} INFO - Filling up the DagBag from /home/airflow/.local/lib/python3.12/site-packages/airflow/example_dags/tutorial_dag.py
[2024-10-22T03:48:52.770+0000] {processor.py:925} INFO - DAG(s) 'tutorial_dag' retrieved from /home/airflow/.local/lib/python3.12/site-packages/airflow/example_dags/tutorial_dag.py
[2024-10-22T03:48:52.792+0000] {logging_mixin.py:190} INFO - [2024-10-22T03:48:52.792+0000] {dag.py:3239} INFO - Sync 1 DAGs
[2024-10-22T03:48:52.809+0000] {logging_mixin.py:190} INFO - [2024-10-22T03:48:52.809+0000] {dag.py:4180} INFO - Setting next_dagrun for tutorial_dag to None, run_after=None
[2024-10-22T03:48:52.827+0000] {processor.py:208} INFO - Processing /home/airflow/.local/lib/python3.12/site-packages/airflow/example_dags/tutorial_dag.py took 0.073 seconds
[2024-10-22T03:49:23.434+0000] {processor.py:186} INFO - Started process (PID=58814) to work on /home/airflow/.local/lib/python3.12/site-packages/airflow/example_dags/tutorial_dag.py
[2024-10-22T03:49:23.435+0000] {processor.py:914} INFO - Processing file /home/airflow/.local/lib/python3.12/site-packages/airflow/example_dags/tutorial_dag.py for tasks to queue
[2024-10-22T03:49:23.436+0000] {logging_mixin.py:190} INFO - [2024-10-22T03:49:23.436+0000] {dagbag.py:588} INFO - Filling up the DagBag from /home/airflow/.local/lib/python3.12/site-packages/airflow/example_dags/tutorial_dag.py
[2024-10-22T03:49:23.442+0000] {processor.py:925} INFO - DAG(s) 'tutorial_dag' retrieved from /home/airflow/.local/lib/python3.12/site-packages/airflow/example_dags/tutorial_dag.py
[2024-10-22T03:49:23.466+0000] {logging_mixin.py:190} INFO - [2024-10-22T03:49:23.465+0000] {dag.py:3239} INFO - Sync 1 DAGs
[2024-10-22T03:49:23.481+0000] {logging_mixin.py:190} INFO - [2024-10-22T03:49:23.481+0000] {dag.py:4180} INFO - Setting next_dagrun for tutorial_dag to None, run_after=None
[2024-10-22T03:49:23.498+0000] {processor.py:208} INFO - Processing /home/airflow/.local/lib/python3.12/site-packages/airflow/example_dags/tutorial_dag.py took 0.072 seconds
[2024-10-22T03:49:53.850+0000] {processor.py:186} INFO - Started process (PID=58881) to work on /home/airflow/.local/lib/python3.12/site-packages/airflow/example_dags/tutorial_dag.py
[2024-10-22T03:49:53.853+0000] {processor.py:914} INFO - Processing file /home/airflow/.local/lib/python3.12/site-packages/airflow/example_dags/tutorial_dag.py for tasks to queue
[2024-10-22T03:49:53.854+0000] {logging_mixin.py:190} INFO - [2024-10-22T03:49:53.854+0000] {dagbag.py:588} INFO - Filling up the DagBag from /home/airflow/.local/lib/python3.12/site-packages/airflow/example_dags/tutorial_dag.py
[2024-10-22T03:49:53.860+0000] {processor.py:925} INFO - DAG(s) 'tutorial_dag' retrieved from /home/airflow/.local/lib/python3.12/site-packages/airflow/example_dags/tutorial_dag.py
[2024-10-22T03:49:53.884+0000] {logging_mixin.py:190} INFO - [2024-10-22T03:49:53.884+0000] {dag.py:3239} INFO - Sync 1 DAGs
[2024-10-22T03:49:53.904+0000] {logging_mixin.py:190} INFO - [2024-10-22T03:49:53.904+0000] {dag.py:4180} INFO - Setting next_dagrun for tutorial_dag to None, run_after=None
[2024-10-22T03:49:53.923+0000] {processor.py:208} INFO - Processing /home/airflow/.local/lib/python3.12/site-packages/airflow/example_dags/tutorial_dag.py took 0.080 seconds
[2024-10-22T03:50:24.556+0000] {processor.py:186} INFO - Started process (PID=58948) to work on /home/airflow/.local/lib/python3.12/site-packages/airflow/example_dags/tutorial_dag.py
[2024-10-22T03:50:24.558+0000] {processor.py:914} INFO - Processing file /home/airflow/.local/lib/python3.12/site-packages/airflow/example_dags/tutorial_dag.py for tasks to queue
[2024-10-22T03:50:24.560+0000] {logging_mixin.py:190} INFO - [2024-10-22T03:50:24.559+0000] {dagbag.py:588} INFO - Filling up the DagBag from /home/airflow/.local/lib/python3.12/site-packages/airflow/example_dags/tutorial_dag.py
[2024-10-22T03:50:24.568+0000] {processor.py:925} INFO - DAG(s) 'tutorial_dag' retrieved from /home/airflow/.local/lib/python3.12/site-packages/airflow/example_dags/tutorial_dag.py
[2024-10-22T03:50:24.597+0000] {logging_mixin.py:190} INFO - [2024-10-22T03:50:24.596+0000] {dag.py:3239} INFO - Sync 1 DAGs
[2024-10-22T03:50:24.623+0000] {logging_mixin.py:190} INFO - [2024-10-22T03:50:24.623+0000] {dag.py:4180} INFO - Setting next_dagrun for tutorial_dag to None, run_after=None
[2024-10-22T03:50:24.653+0000] {processor.py:208} INFO - Processing /home/airflow/.local/lib/python3.12/site-packages/airflow/example_dags/tutorial_dag.py took 0.106 seconds
[2024-10-22T03:50:55.146+0000] {processor.py:186} INFO - Started process (PID=59015) to work on /home/airflow/.local/lib/python3.12/site-packages/airflow/example_dags/tutorial_dag.py
[2024-10-22T03:50:55.147+0000] {processor.py:914} INFO - Processing file /home/airflow/.local/lib/python3.12/site-packages/airflow/example_dags/tutorial_dag.py for tasks to queue
[2024-10-22T03:50:55.149+0000] {logging_mixin.py:190} INFO - [2024-10-22T03:50:55.148+0000] {dagbag.py:588} INFO - Filling up the DagBag from /home/airflow/.local/lib/python3.12/site-packages/airflow/example_dags/tutorial_dag.py
[2024-10-22T03:50:55.155+0000] {processor.py:925} INFO - DAG(s) 'tutorial_dag' retrieved from /home/airflow/.local/lib/python3.12/site-packages/airflow/example_dags/tutorial_dag.py
[2024-10-22T03:50:55.182+0000] {logging_mixin.py:190} INFO - [2024-10-22T03:50:55.182+0000] {dag.py:3239} INFO - Sync 1 DAGs
[2024-10-22T03:50:55.199+0000] {logging_mixin.py:190} INFO - [2024-10-22T03:50:55.199+0000] {dag.py:4180} INFO - Setting next_dagrun for tutorial_dag to None, run_after=None
[2024-10-22T03:50:55.220+0000] {processor.py:208} INFO - Processing /home/airflow/.local/lib/python3.12/site-packages/airflow/example_dags/tutorial_dag.py took 0.083 seconds
[2024-10-22T03:51:25.889+0000] {processor.py:186} INFO - Started process (PID=59082) to work on /home/airflow/.local/lib/python3.12/site-packages/airflow/example_dags/tutorial_dag.py
[2024-10-22T03:51:25.890+0000] {processor.py:914} INFO - Processing file /home/airflow/.local/lib/python3.12/site-packages/airflow/example_dags/tutorial_dag.py for tasks to queue
[2024-10-22T03:51:25.892+0000] {logging_mixin.py:190} INFO - [2024-10-22T03:51:25.892+0000] {dagbag.py:588} INFO - Filling up the DagBag from /home/airflow/.local/lib/python3.12/site-packages/airflow/example_dags/tutorial_dag.py
[2024-10-22T03:51:25.898+0000] {processor.py:925} INFO - DAG(s) 'tutorial_dag' retrieved from /home/airflow/.local/lib/python3.12/site-packages/airflow/example_dags/tutorial_dag.py
[2024-10-22T03:51:25.921+0000] {logging_mixin.py:190} INFO - [2024-10-22T03:51:25.920+0000] {dag.py:3239} INFO - Sync 1 DAGs
[2024-10-22T03:51:25.936+0000] {logging_mixin.py:190} INFO - [2024-10-22T03:51:25.936+0000] {dag.py:4180} INFO - Setting next_dagrun for tutorial_dag to None, run_after=None
[2024-10-22T03:51:25.955+0000] {processor.py:208} INFO - Processing /home/airflow/.local/lib/python3.12/site-packages/airflow/example_dags/tutorial_dag.py took 0.074 seconds
[2024-10-22T03:51:56.503+0000] {processor.py:186} INFO - Started process (PID=59149) to work on /home/airflow/.local/lib/python3.12/site-packages/airflow/example_dags/tutorial_dag.py
[2024-10-22T03:51:56.504+0000] {processor.py:914} INFO - Processing file /home/airflow/.local/lib/python3.12/site-packages/airflow/example_dags/tutorial_dag.py for tasks to queue
[2024-10-22T03:51:56.506+0000] {logging_mixin.py:190} INFO - [2024-10-22T03:51:56.505+0000] {dagbag.py:588} INFO - Filling up the DagBag from /home/airflow/.local/lib/python3.12/site-packages/airflow/example_dags/tutorial_dag.py
[2024-10-22T03:51:56.512+0000] {processor.py:925} INFO - DAG(s) 'tutorial_dag' retrieved from /home/airflow/.local/lib/python3.12/site-packages/airflow/example_dags/tutorial_dag.py
[2024-10-22T03:51:56.536+0000] {logging_mixin.py:190} INFO - [2024-10-22T03:51:56.536+0000] {dag.py:3239} INFO - Sync 1 DAGs
[2024-10-22T03:51:56.553+0000] {logging_mixin.py:190} INFO - [2024-10-22T03:51:56.553+0000] {dag.py:4180} INFO - Setting next_dagrun for tutorial_dag to None, run_after=None
[2024-10-22T03:51:56.572+0000] {processor.py:208} INFO - Processing /home/airflow/.local/lib/python3.12/site-packages/airflow/example_dags/tutorial_dag.py took 0.079 seconds
[2024-10-22T03:52:27.024+0000] {processor.py:186} INFO - Started process (PID=59216) to work on /home/airflow/.local/lib/python3.12/site-packages/airflow/example_dags/tutorial_dag.py
[2024-10-22T03:52:27.026+0000] {processor.py:914} INFO - Processing file /home/airflow/.local/lib/python3.12/site-packages/airflow/example_dags/tutorial_dag.py for tasks to queue
[2024-10-22T03:52:27.027+0000] {logging_mixin.py:190} INFO - [2024-10-22T03:52:27.027+0000] {dagbag.py:588} INFO - Filling up the DagBag from /home/airflow/.local/lib/python3.12/site-packages/airflow/example_dags/tutorial_dag.py
[2024-10-22T03:52:27.033+0000] {processor.py:925} INFO - DAG(s) 'tutorial_dag' retrieved from /home/airflow/.local/lib/python3.12/site-packages/airflow/example_dags/tutorial_dag.py
[2024-10-22T03:52:27.056+0000] {logging_mixin.py:190} INFO - [2024-10-22T03:52:27.056+0000] {dag.py:3239} INFO - Sync 1 DAGs
[2024-10-22T03:52:27.073+0000] {logging_mixin.py:190} INFO - [2024-10-22T03:52:27.072+0000] {dag.py:4180} INFO - Setting next_dagrun for tutorial_dag to None, run_after=None
[2024-10-22T03:52:27.093+0000] {processor.py:208} INFO - Processing /home/airflow/.local/lib/python3.12/site-packages/airflow/example_dags/tutorial_dag.py took 0.076 seconds
[2024-10-22T03:52:58.575+0000] {processor.py:186} INFO - Started process (PID=59283) to work on /home/airflow/.local/lib/python3.12/site-packages/airflow/example_dags/tutorial_dag.py
[2024-10-22T03:52:58.576+0000] {processor.py:914} INFO - Processing file /home/airflow/.local/lib/python3.12/site-packages/airflow/example_dags/tutorial_dag.py for tasks to queue
[2024-10-22T03:52:58.578+0000] {logging_mixin.py:190} INFO - [2024-10-22T03:52:58.577+0000] {dagbag.py:588} INFO - Filling up the DagBag from /home/airflow/.local/lib/python3.12/site-packages/airflow/example_dags/tutorial_dag.py
[2024-10-22T03:52:58.585+0000] {processor.py:925} INFO - DAG(s) 'tutorial_dag' retrieved from /home/airflow/.local/lib/python3.12/site-packages/airflow/example_dags/tutorial_dag.py
[2024-10-22T03:52:58.620+0000] {logging_mixin.py:190} INFO - [2024-10-22T03:52:58.620+0000] {dag.py:3239} INFO - Sync 1 DAGs
[2024-10-22T03:52:58.676+0000] {logging_mixin.py:190} INFO - [2024-10-22T03:52:58.676+0000] {dag.py:4180} INFO - Setting next_dagrun for tutorial_dag to None, run_after=None
[2024-10-22T03:52:58.733+0000] {processor.py:208} INFO - Processing /home/airflow/.local/lib/python3.12/site-packages/airflow/example_dags/tutorial_dag.py took 0.166 seconds
[2024-10-22T03:53:29.370+0000] {processor.py:186} INFO - Started process (PID=59350) to work on /home/airflow/.local/lib/python3.12/site-packages/airflow/example_dags/tutorial_dag.py
[2024-10-22T03:53:29.371+0000] {processor.py:914} INFO - Processing file /home/airflow/.local/lib/python3.12/site-packages/airflow/example_dags/tutorial_dag.py for tasks to queue
[2024-10-22T03:53:29.372+0000] {logging_mixin.py:190} INFO - [2024-10-22T03:53:29.372+0000] {dagbag.py:588} INFO - Filling up the DagBag from /home/airflow/.local/lib/python3.12/site-packages/airflow/example_dags/tutorial_dag.py
[2024-10-22T03:53:29.378+0000] {processor.py:925} INFO - DAG(s) 'tutorial_dag' retrieved from /home/airflow/.local/lib/python3.12/site-packages/airflow/example_dags/tutorial_dag.py
[2024-10-22T03:53:29.406+0000] {logging_mixin.py:190} INFO - [2024-10-22T03:53:29.406+0000] {dag.py:3239} INFO - Sync 1 DAGs
[2024-10-22T03:53:29.425+0000] {logging_mixin.py:190} INFO - [2024-10-22T03:53:29.425+0000] {dag.py:4180} INFO - Setting next_dagrun for tutorial_dag to None, run_after=None
[2024-10-22T03:53:29.448+0000] {processor.py:208} INFO - Processing /home/airflow/.local/lib/python3.12/site-packages/airflow/example_dags/tutorial_dag.py took 0.085 seconds
[2024-10-22T03:54:00.036+0000] {processor.py:186} INFO - Started process (PID=59417) to work on /home/airflow/.local/lib/python3.12/site-packages/airflow/example_dags/tutorial_dag.py
[2024-10-22T03:54:00.038+0000] {processor.py:914} INFO - Processing file /home/airflow/.local/lib/python3.12/site-packages/airflow/example_dags/tutorial_dag.py for tasks to queue
[2024-10-22T03:54:00.039+0000] {logging_mixin.py:190} INFO - [2024-10-22T03:54:00.039+0000] {dagbag.py:588} INFO - Filling up the DagBag from /home/airflow/.local/lib/python3.12/site-packages/airflow/example_dags/tutorial_dag.py
[2024-10-22T03:54:00.046+0000] {processor.py:925} INFO - DAG(s) 'tutorial_dag' retrieved from /home/airflow/.local/lib/python3.12/site-packages/airflow/example_dags/tutorial_dag.py
[2024-10-22T03:54:00.079+0000] {logging_mixin.py:190} INFO - [2024-10-22T03:54:00.079+0000] {dag.py:3239} INFO - Sync 1 DAGs
[2024-10-22T03:54:00.098+0000] {logging_mixin.py:190} INFO - [2024-10-22T03:54:00.098+0000] {dag.py:4180} INFO - Setting next_dagrun for tutorial_dag to None, run_after=None
[2024-10-22T03:54:00.127+0000] {processor.py:208} INFO - Processing /home/airflow/.local/lib/python3.12/site-packages/airflow/example_dags/tutorial_dag.py took 0.100 seconds
[2024-10-22T03:54:31.957+0000] {processor.py:186} INFO - Started process (PID=59484) to work on /home/airflow/.local/lib/python3.12/site-packages/airflow/example_dags/tutorial_dag.py
[2024-10-22T03:54:31.959+0000] {processor.py:914} INFO - Processing file /home/airflow/.local/lib/python3.12/site-packages/airflow/example_dags/tutorial_dag.py for tasks to queue
[2024-10-22T03:54:31.963+0000] {logging_mixin.py:190} INFO - [2024-10-22T03:54:31.961+0000] {dagbag.py:588} INFO - Filling up the DagBag from /home/airflow/.local/lib/python3.12/site-packages/airflow/example_dags/tutorial_dag.py
[2024-10-22T03:54:31.973+0000] {processor.py:925} INFO - DAG(s) 'tutorial_dag' retrieved from /home/airflow/.local/lib/python3.12/site-packages/airflow/example_dags/tutorial_dag.py
[2024-10-22T03:54:32.015+0000] {logging_mixin.py:190} INFO - [2024-10-22T03:54:32.014+0000] {dag.py:3239} INFO - Sync 1 DAGs
[2024-10-22T03:54:32.040+0000] {logging_mixin.py:190} INFO - [2024-10-22T03:54:32.039+0000] {dag.py:4180} INFO - Setting next_dagrun for tutorial_dag to None, run_after=None
[2024-10-22T03:54:32.072+0000] {processor.py:208} INFO - Processing /home/airflow/.local/lib/python3.12/site-packages/airflow/example_dags/tutorial_dag.py took 0.137 seconds
[2024-10-22T03:55:03.023+0000] {processor.py:186} INFO - Started process (PID=59551) to work on /home/airflow/.local/lib/python3.12/site-packages/airflow/example_dags/tutorial_dag.py
[2024-10-22T03:55:03.024+0000] {processor.py:914} INFO - Processing file /home/airflow/.local/lib/python3.12/site-packages/airflow/example_dags/tutorial_dag.py for tasks to queue
[2024-10-22T03:55:03.027+0000] {logging_mixin.py:190} INFO - [2024-10-22T03:55:03.027+0000] {dagbag.py:588} INFO - Filling up the DagBag from /home/airflow/.local/lib/python3.12/site-packages/airflow/example_dags/tutorial_dag.py
[2024-10-22T03:55:03.037+0000] {processor.py:925} INFO - DAG(s) 'tutorial_dag' retrieved from /home/airflow/.local/lib/python3.12/site-packages/airflow/example_dags/tutorial_dag.py
[2024-10-22T03:55:03.100+0000] {logging_mixin.py:190} INFO - [2024-10-22T03:55:03.100+0000] {dag.py:3239} INFO - Sync 1 DAGs
[2024-10-22T03:55:03.137+0000] {logging_mixin.py:190} INFO - [2024-10-22T03:55:03.137+0000] {dag.py:4180} INFO - Setting next_dagrun for tutorial_dag to None, run_after=None
[2024-10-22T03:55:03.173+0000] {processor.py:208} INFO - Processing /home/airflow/.local/lib/python3.12/site-packages/airflow/example_dags/tutorial_dag.py took 0.163 seconds
[2024-10-22T03:55:34.101+0000] {processor.py:186} INFO - Started process (PID=59618) to work on /home/airflow/.local/lib/python3.12/site-packages/airflow/example_dags/tutorial_dag.py
[2024-10-22T03:55:34.103+0000] {processor.py:914} INFO - Processing file /home/airflow/.local/lib/python3.12/site-packages/airflow/example_dags/tutorial_dag.py for tasks to queue
[2024-10-22T03:55:34.105+0000] {logging_mixin.py:190} INFO - [2024-10-22T03:55:34.104+0000] {dagbag.py:588} INFO - Filling up the DagBag from /home/airflow/.local/lib/python3.12/site-packages/airflow/example_dags/tutorial_dag.py
[2024-10-22T03:55:34.117+0000] {processor.py:925} INFO - DAG(s) 'tutorial_dag' retrieved from /home/airflow/.local/lib/python3.12/site-packages/airflow/example_dags/tutorial_dag.py
[2024-10-22T03:55:34.148+0000] {logging_mixin.py:190} INFO - [2024-10-22T03:55:34.148+0000] {dag.py:3239} INFO - Sync 1 DAGs
[2024-10-22T03:55:34.171+0000] {logging_mixin.py:190} INFO - [2024-10-22T03:55:34.170+0000] {dag.py:4180} INFO - Setting next_dagrun for tutorial_dag to None, run_after=None
[2024-10-22T03:55:34.203+0000] {processor.py:208} INFO - Processing /home/airflow/.local/lib/python3.12/site-packages/airflow/example_dags/tutorial_dag.py took 0.121 seconds
[2024-10-22T03:56:05.238+0000] {processor.py:186} INFO - Started process (PID=59685) to work on /home/airflow/.local/lib/python3.12/site-packages/airflow/example_dags/tutorial_dag.py
[2024-10-22T03:56:05.241+0000] {processor.py:914} INFO - Processing file /home/airflow/.local/lib/python3.12/site-packages/airflow/example_dags/tutorial_dag.py for tasks to queue
[2024-10-22T03:56:05.246+0000] {logging_mixin.py:190} INFO - [2024-10-22T03:56:05.245+0000] {dagbag.py:588} INFO - Filling up the DagBag from /home/airflow/.local/lib/python3.12/site-packages/airflow/example_dags/tutorial_dag.py
[2024-10-22T03:56:05.254+0000] {processor.py:925} INFO - DAG(s) 'tutorial_dag' retrieved from /home/airflow/.local/lib/python3.12/site-packages/airflow/example_dags/tutorial_dag.py
[2024-10-22T03:56:05.291+0000] {logging_mixin.py:190} INFO - [2024-10-22T03:56:05.291+0000] {dag.py:3239} INFO - Sync 1 DAGs
[2024-10-22T03:56:05.316+0000] {logging_mixin.py:190} INFO - [2024-10-22T03:56:05.316+0000] {dag.py:4180} INFO - Setting next_dagrun for tutorial_dag to None, run_after=None
[2024-10-22T03:56:05.342+0000] {processor.py:208} INFO - Processing /home/airflow/.local/lib/python3.12/site-packages/airflow/example_dags/tutorial_dag.py took 0.115 seconds
[2024-10-22T03:56:36.019+0000] {processor.py:186} INFO - Started process (PID=59752) to work on /home/airflow/.local/lib/python3.12/site-packages/airflow/example_dags/tutorial_dag.py
[2024-10-22T03:56:36.021+0000] {processor.py:914} INFO - Processing file /home/airflow/.local/lib/python3.12/site-packages/airflow/example_dags/tutorial_dag.py for tasks to queue
[2024-10-22T03:56:36.022+0000] {logging_mixin.py:190} INFO - [2024-10-22T03:56:36.022+0000] {dagbag.py:588} INFO - Filling up the DagBag from /home/airflow/.local/lib/python3.12/site-packages/airflow/example_dags/tutorial_dag.py
[2024-10-22T03:56:36.029+0000] {processor.py:925} INFO - DAG(s) 'tutorial_dag' retrieved from /home/airflow/.local/lib/python3.12/site-packages/airflow/example_dags/tutorial_dag.py
[2024-10-22T03:56:36.056+0000] {logging_mixin.py:190} INFO - [2024-10-22T03:56:36.056+0000] {dag.py:3239} INFO - Sync 1 DAGs
[2024-10-22T03:56:36.074+0000] {logging_mixin.py:190} INFO - [2024-10-22T03:56:36.074+0000] {dag.py:4180} INFO - Setting next_dagrun for tutorial_dag to None, run_after=None
[2024-10-22T03:56:36.096+0000] {processor.py:208} INFO - Processing /home/airflow/.local/lib/python3.12/site-packages/airflow/example_dags/tutorial_dag.py took 0.085 seconds
[2024-10-22T03:57:07.573+0000] {processor.py:186} INFO - Started process (PID=59825) to work on /home/airflow/.local/lib/python3.12/site-packages/airflow/example_dags/tutorial_dag.py
[2024-10-22T03:57:07.574+0000] {processor.py:914} INFO - Processing file /home/airflow/.local/lib/python3.12/site-packages/airflow/example_dags/tutorial_dag.py for tasks to queue
[2024-10-22T03:57:07.576+0000] {logging_mixin.py:190} INFO - [2024-10-22T03:57:07.575+0000] {dagbag.py:588} INFO - Filling up the DagBag from /home/airflow/.local/lib/python3.12/site-packages/airflow/example_dags/tutorial_dag.py
[2024-10-22T03:57:07.584+0000] {processor.py:925} INFO - DAG(s) 'tutorial_dag' retrieved from /home/airflow/.local/lib/python3.12/site-packages/airflow/example_dags/tutorial_dag.py
[2024-10-22T03:57:07.622+0000] {logging_mixin.py:190} INFO - [2024-10-22T03:57:07.622+0000] {dag.py:3239} INFO - Sync 1 DAGs
[2024-10-22T03:57:07.646+0000] {logging_mixin.py:190} INFO - [2024-10-22T03:57:07.646+0000] {dag.py:4180} INFO - Setting next_dagrun for tutorial_dag to None, run_after=None
[2024-10-22T03:57:07.679+0000] {processor.py:208} INFO - Processing /home/airflow/.local/lib/python3.12/site-packages/airflow/example_dags/tutorial_dag.py took 0.118 seconds
[2024-10-22T03:57:38.530+0000] {processor.py:186} INFO - Started process (PID=59892) to work on /home/airflow/.local/lib/python3.12/site-packages/airflow/example_dags/tutorial_dag.py
[2024-10-22T03:57:38.532+0000] {processor.py:914} INFO - Processing file /home/airflow/.local/lib/python3.12/site-packages/airflow/example_dags/tutorial_dag.py for tasks to queue
[2024-10-22T03:57:38.533+0000] {logging_mixin.py:190} INFO - [2024-10-22T03:57:38.533+0000] {dagbag.py:588} INFO - Filling up the DagBag from /home/airflow/.local/lib/python3.12/site-packages/airflow/example_dags/tutorial_dag.py
[2024-10-22T03:57:38.556+0000] {processor.py:925} INFO - DAG(s) 'tutorial_dag' retrieved from /home/airflow/.local/lib/python3.12/site-packages/airflow/example_dags/tutorial_dag.py
[2024-10-22T03:57:38.608+0000] {logging_mixin.py:190} INFO - [2024-10-22T03:57:38.608+0000] {dag.py:3239} INFO - Sync 1 DAGs
[2024-10-22T03:57:38.636+0000] {logging_mixin.py:190} INFO - [2024-10-22T03:57:38.636+0000] {dag.py:4180} INFO - Setting next_dagrun for tutorial_dag to None, run_after=None
[2024-10-22T03:57:38.657+0000] {processor.py:208} INFO - Processing /home/airflow/.local/lib/python3.12/site-packages/airflow/example_dags/tutorial_dag.py took 0.135 seconds
[2024-10-22T03:58:09.442+0000] {processor.py:186} INFO - Started process (PID=59959) to work on /home/airflow/.local/lib/python3.12/site-packages/airflow/example_dags/tutorial_dag.py
[2024-10-22T03:58:09.443+0000] {processor.py:914} INFO - Processing file /home/airflow/.local/lib/python3.12/site-packages/airflow/example_dags/tutorial_dag.py for tasks to queue
[2024-10-22T03:58:09.444+0000] {logging_mixin.py:190} INFO - [2024-10-22T03:58:09.444+0000] {dagbag.py:588} INFO - Filling up the DagBag from /home/airflow/.local/lib/python3.12/site-packages/airflow/example_dags/tutorial_dag.py
[2024-10-22T03:58:09.451+0000] {processor.py:925} INFO - DAG(s) 'tutorial_dag' retrieved from /home/airflow/.local/lib/python3.12/site-packages/airflow/example_dags/tutorial_dag.py
[2024-10-22T03:58:09.476+0000] {logging_mixin.py:190} INFO - [2024-10-22T03:58:09.475+0000] {dag.py:3239} INFO - Sync 1 DAGs
[2024-10-22T03:58:09.492+0000] {logging_mixin.py:190} INFO - [2024-10-22T03:58:09.492+0000] {dag.py:4180} INFO - Setting next_dagrun for tutorial_dag to None, run_after=None
[2024-10-22T03:58:09.511+0000] {processor.py:208} INFO - Processing /home/airflow/.local/lib/python3.12/site-packages/airflow/example_dags/tutorial_dag.py took 0.076 seconds
[2024-10-22T03:58:40.284+0000] {processor.py:186} INFO - Started process (PID=60026) to work on /home/airflow/.local/lib/python3.12/site-packages/airflow/example_dags/tutorial_dag.py
[2024-10-22T03:58:40.285+0000] {processor.py:914} INFO - Processing file /home/airflow/.local/lib/python3.12/site-packages/airflow/example_dags/tutorial_dag.py for tasks to queue
[2024-10-22T03:58:40.287+0000] {logging_mixin.py:190} INFO - [2024-10-22T03:58:40.286+0000] {dagbag.py:588} INFO - Filling up the DagBag from /home/airflow/.local/lib/python3.12/site-packages/airflow/example_dags/tutorial_dag.py
[2024-10-22T03:58:40.292+0000] {processor.py:925} INFO - DAG(s) 'tutorial_dag' retrieved from /home/airflow/.local/lib/python3.12/site-packages/airflow/example_dags/tutorial_dag.py
[2024-10-22T03:58:40.317+0000] {logging_mixin.py:190} INFO - [2024-10-22T03:58:40.317+0000] {dag.py:3239} INFO - Sync 1 DAGs
[2024-10-22T03:58:40.333+0000] {logging_mixin.py:190} INFO - [2024-10-22T03:58:40.333+0000] {dag.py:4180} INFO - Setting next_dagrun for tutorial_dag to None, run_after=None
[2024-10-22T03:58:40.352+0000] {processor.py:208} INFO - Processing /home/airflow/.local/lib/python3.12/site-packages/airflow/example_dags/tutorial_dag.py took 0.076 seconds
[2024-10-22T03:59:10.765+0000] {processor.py:186} INFO - Started process (PID=60093) to work on /home/airflow/.local/lib/python3.12/site-packages/airflow/example_dags/tutorial_dag.py
[2024-10-22T03:59:10.766+0000] {processor.py:914} INFO - Processing file /home/airflow/.local/lib/python3.12/site-packages/airflow/example_dags/tutorial_dag.py for tasks to queue
[2024-10-22T03:59:10.767+0000] {logging_mixin.py:190} INFO - [2024-10-22T03:59:10.767+0000] {dagbag.py:588} INFO - Filling up the DagBag from /home/airflow/.local/lib/python3.12/site-packages/airflow/example_dags/tutorial_dag.py
[2024-10-22T03:59:10.774+0000] {processor.py:925} INFO - DAG(s) 'tutorial_dag' retrieved from /home/airflow/.local/lib/python3.12/site-packages/airflow/example_dags/tutorial_dag.py
[2024-10-22T03:59:10.802+0000] {logging_mixin.py:190} INFO - [2024-10-22T03:59:10.801+0000] {dag.py:3239} INFO - Sync 1 DAGs
[2024-10-22T03:59:10.823+0000] {logging_mixin.py:190} INFO - [2024-10-22T03:59:10.822+0000] {dag.py:4180} INFO - Setting next_dagrun for tutorial_dag to None, run_after=None
[2024-10-22T03:59:10.847+0000] {processor.py:208} INFO - Processing /home/airflow/.local/lib/python3.12/site-packages/airflow/example_dags/tutorial_dag.py took 0.090 seconds
[2024-10-22T03:59:41.190+0000] {processor.py:186} INFO - Started process (PID=60160) to work on /home/airflow/.local/lib/python3.12/site-packages/airflow/example_dags/tutorial_dag.py
[2024-10-22T03:59:41.191+0000] {processor.py:914} INFO - Processing file /home/airflow/.local/lib/python3.12/site-packages/airflow/example_dags/tutorial_dag.py for tasks to queue
[2024-10-22T03:59:41.192+0000] {logging_mixin.py:190} INFO - [2024-10-22T03:59:41.192+0000] {dagbag.py:588} INFO - Filling up the DagBag from /home/airflow/.local/lib/python3.12/site-packages/airflow/example_dags/tutorial_dag.py
[2024-10-22T03:59:41.198+0000] {processor.py:925} INFO - DAG(s) 'tutorial_dag' retrieved from /home/airflow/.local/lib/python3.12/site-packages/airflow/example_dags/tutorial_dag.py
[2024-10-22T03:59:41.221+0000] {logging_mixin.py:190} INFO - [2024-10-22T03:59:41.220+0000] {dag.py:3239} INFO - Sync 1 DAGs
[2024-10-22T03:59:41.237+0000] {logging_mixin.py:190} INFO - [2024-10-22T03:59:41.237+0000] {dag.py:4180} INFO - Setting next_dagrun for tutorial_dag to None, run_after=None
[2024-10-22T03:59:41.256+0000] {processor.py:208} INFO - Processing /home/airflow/.local/lib/python3.12/site-packages/airflow/example_dags/tutorial_dag.py took 0.073 seconds
[2024-10-22T04:00:11.425+0000] {processor.py:186} INFO - Started process (PID=60227) to work on /home/airflow/.local/lib/python3.12/site-packages/airflow/example_dags/tutorial_dag.py
[2024-10-22T04:00:11.427+0000] {processor.py:914} INFO - Processing file /home/airflow/.local/lib/python3.12/site-packages/airflow/example_dags/tutorial_dag.py for tasks to queue
[2024-10-22T04:00:11.428+0000] {logging_mixin.py:190} INFO - [2024-10-22T04:00:11.428+0000] {dagbag.py:588} INFO - Filling up the DagBag from /home/airflow/.local/lib/python3.12/site-packages/airflow/example_dags/tutorial_dag.py
[2024-10-22T04:00:11.434+0000] {processor.py:925} INFO - DAG(s) 'tutorial_dag' retrieved from /home/airflow/.local/lib/python3.12/site-packages/airflow/example_dags/tutorial_dag.py
[2024-10-22T04:00:11.460+0000] {logging_mixin.py:190} INFO - [2024-10-22T04:00:11.459+0000] {dag.py:3239} INFO - Sync 1 DAGs
[2024-10-22T04:00:11.476+0000] {logging_mixin.py:190} INFO - [2024-10-22T04:00:11.475+0000] {dag.py:4180} INFO - Setting next_dagrun for tutorial_dag to None, run_after=None
[2024-10-22T04:00:11.493+0000] {processor.py:208} INFO - Processing /home/airflow/.local/lib/python3.12/site-packages/airflow/example_dags/tutorial_dag.py took 0.076 seconds
[2024-10-22T04:00:42.242+0000] {processor.py:186} INFO - Started process (PID=60294) to work on /home/airflow/.local/lib/python3.12/site-packages/airflow/example_dags/tutorial_dag.py
[2024-10-22T04:00:42.243+0000] {processor.py:914} INFO - Processing file /home/airflow/.local/lib/python3.12/site-packages/airflow/example_dags/tutorial_dag.py for tasks to queue
[2024-10-22T04:00:42.245+0000] {logging_mixin.py:190} INFO - [2024-10-22T04:00:42.244+0000] {dagbag.py:588} INFO - Filling up the DagBag from /home/airflow/.local/lib/python3.12/site-packages/airflow/example_dags/tutorial_dag.py
[2024-10-22T04:00:42.250+0000] {processor.py:925} INFO - DAG(s) 'tutorial_dag' retrieved from /home/airflow/.local/lib/python3.12/site-packages/airflow/example_dags/tutorial_dag.py
[2024-10-22T04:00:42.273+0000] {logging_mixin.py:190} INFO - [2024-10-22T04:00:42.273+0000] {dag.py:3239} INFO - Sync 1 DAGs
[2024-10-22T04:00:42.288+0000] {logging_mixin.py:190} INFO - [2024-10-22T04:00:42.288+0000] {dag.py:4180} INFO - Setting next_dagrun for tutorial_dag to None, run_after=None
[2024-10-22T04:00:42.306+0000] {processor.py:208} INFO - Processing /home/airflow/.local/lib/python3.12/site-packages/airflow/example_dags/tutorial_dag.py took 0.071 seconds
[2024-10-22T04:01:12.932+0000] {processor.py:186} INFO - Started process (PID=60361) to work on /home/airflow/.local/lib/python3.12/site-packages/airflow/example_dags/tutorial_dag.py
[2024-10-22T04:01:12.933+0000] {processor.py:914} INFO - Processing file /home/airflow/.local/lib/python3.12/site-packages/airflow/example_dags/tutorial_dag.py for tasks to queue
[2024-10-22T04:01:12.934+0000] {logging_mixin.py:190} INFO - [2024-10-22T04:01:12.934+0000] {dagbag.py:588} INFO - Filling up the DagBag from /home/airflow/.local/lib/python3.12/site-packages/airflow/example_dags/tutorial_dag.py
[2024-10-22T04:01:12.940+0000] {processor.py:925} INFO - DAG(s) 'tutorial_dag' retrieved from /home/airflow/.local/lib/python3.12/site-packages/airflow/example_dags/tutorial_dag.py
[2024-10-22T04:01:12.964+0000] {logging_mixin.py:190} INFO - [2024-10-22T04:01:12.963+0000] {dag.py:3239} INFO - Sync 1 DAGs
[2024-10-22T04:01:12.980+0000] {logging_mixin.py:190} INFO - [2024-10-22T04:01:12.979+0000] {dag.py:4180} INFO - Setting next_dagrun for tutorial_dag to None, run_after=None
[2024-10-22T04:01:12.997+0000] {processor.py:208} INFO - Processing /home/airflow/.local/lib/python3.12/site-packages/airflow/example_dags/tutorial_dag.py took 0.073 seconds
[2024-10-22T04:01:43.753+0000] {processor.py:186} INFO - Started process (PID=60428) to work on /home/airflow/.local/lib/python3.12/site-packages/airflow/example_dags/tutorial_dag.py
[2024-10-22T04:01:43.754+0000] {processor.py:914} INFO - Processing file /home/airflow/.local/lib/python3.12/site-packages/airflow/example_dags/tutorial_dag.py for tasks to queue
[2024-10-22T04:01:43.756+0000] {logging_mixin.py:190} INFO - [2024-10-22T04:01:43.755+0000] {dagbag.py:588} INFO - Filling up the DagBag from /home/airflow/.local/lib/python3.12/site-packages/airflow/example_dags/tutorial_dag.py
[2024-10-22T04:01:43.761+0000] {processor.py:925} INFO - DAG(s) 'tutorial_dag' retrieved from /home/airflow/.local/lib/python3.12/site-packages/airflow/example_dags/tutorial_dag.py
[2024-10-22T04:01:43.785+0000] {logging_mixin.py:190} INFO - [2024-10-22T04:01:43.784+0000] {dag.py:3239} INFO - Sync 1 DAGs
[2024-10-22T04:01:43.804+0000] {logging_mixin.py:190} INFO - [2024-10-22T04:01:43.803+0000] {dag.py:4180} INFO - Setting next_dagrun for tutorial_dag to None, run_after=None
[2024-10-22T04:01:43.825+0000] {processor.py:208} INFO - Processing /home/airflow/.local/lib/python3.12/site-packages/airflow/example_dags/tutorial_dag.py took 0.080 seconds
[2024-10-22T04:02:14.512+0000] {processor.py:186} INFO - Started process (PID=60495) to work on /home/airflow/.local/lib/python3.12/site-packages/airflow/example_dags/tutorial_dag.py
[2024-10-22T04:02:14.513+0000] {processor.py:914} INFO - Processing file /home/airflow/.local/lib/python3.12/site-packages/airflow/example_dags/tutorial_dag.py for tasks to queue
[2024-10-22T04:02:14.515+0000] {logging_mixin.py:190} INFO - [2024-10-22T04:02:14.514+0000] {dagbag.py:588} INFO - Filling up the DagBag from /home/airflow/.local/lib/python3.12/site-packages/airflow/example_dags/tutorial_dag.py
[2024-10-22T04:02:14.520+0000] {processor.py:925} INFO - DAG(s) 'tutorial_dag' retrieved from /home/airflow/.local/lib/python3.12/site-packages/airflow/example_dags/tutorial_dag.py
[2024-10-22T04:02:14.544+0000] {logging_mixin.py:190} INFO - [2024-10-22T04:02:14.542+0000] {dag.py:3239} INFO - Sync 1 DAGs
[2024-10-22T04:02:14.561+0000] {logging_mixin.py:190} INFO - [2024-10-22T04:02:14.560+0000] {dag.py:4180} INFO - Setting next_dagrun for tutorial_dag to None, run_after=None
[2024-10-22T04:02:14.581+0000] {processor.py:208} INFO - Processing /home/airflow/.local/lib/python3.12/site-packages/airflow/example_dags/tutorial_dag.py took 0.077 seconds
[2024-10-22T04:02:45.159+0000] {processor.py:186} INFO - Started process (PID=60561) to work on /home/airflow/.local/lib/python3.12/site-packages/airflow/example_dags/tutorial_dag.py
[2024-10-22T04:02:45.160+0000] {processor.py:914} INFO - Processing file /home/airflow/.local/lib/python3.12/site-packages/airflow/example_dags/tutorial_dag.py for tasks to queue
[2024-10-22T04:02:45.162+0000] {logging_mixin.py:190} INFO - [2024-10-22T04:02:45.161+0000] {dagbag.py:588} INFO - Filling up the DagBag from /home/airflow/.local/lib/python3.12/site-packages/airflow/example_dags/tutorial_dag.py
[2024-10-22T04:02:45.167+0000] {processor.py:925} INFO - DAG(s) 'tutorial_dag' retrieved from /home/airflow/.local/lib/python3.12/site-packages/airflow/example_dags/tutorial_dag.py
[2024-10-22T04:02:45.191+0000] {logging_mixin.py:190} INFO - [2024-10-22T04:02:45.191+0000] {dag.py:3239} INFO - Sync 1 DAGs
[2024-10-22T04:02:45.207+0000] {logging_mixin.py:190} INFO - [2024-10-22T04:02:45.207+0000] {dag.py:4180} INFO - Setting next_dagrun for tutorial_dag to None, run_after=None
[2024-10-22T04:02:45.225+0000] {processor.py:208} INFO - Processing /home/airflow/.local/lib/python3.12/site-packages/airflow/example_dags/tutorial_dag.py took 0.073 seconds
[2024-10-22T04:03:16.235+0000] {processor.py:186} INFO - Started process (PID=60628) to work on /home/airflow/.local/lib/python3.12/site-packages/airflow/example_dags/tutorial_dag.py
[2024-10-22T04:03:16.236+0000] {processor.py:914} INFO - Processing file /home/airflow/.local/lib/python3.12/site-packages/airflow/example_dags/tutorial_dag.py for tasks to queue
[2024-10-22T04:03:16.238+0000] {logging_mixin.py:190} INFO - [2024-10-22T04:03:16.237+0000] {dagbag.py:588} INFO - Filling up the DagBag from /home/airflow/.local/lib/python3.12/site-packages/airflow/example_dags/tutorial_dag.py
[2024-10-22T04:03:16.243+0000] {processor.py:925} INFO - DAG(s) 'tutorial_dag' retrieved from /home/airflow/.local/lib/python3.12/site-packages/airflow/example_dags/tutorial_dag.py
[2024-10-22T04:03:16.272+0000] {logging_mixin.py:190} INFO - [2024-10-22T04:03:16.271+0000] {dag.py:3239} INFO - Sync 1 DAGs
[2024-10-22T04:03:16.288+0000] {logging_mixin.py:190} INFO - [2024-10-22T04:03:16.288+0000] {dag.py:4180} INFO - Setting next_dagrun for tutorial_dag to None, run_after=None
[2024-10-22T04:03:16.307+0000] {processor.py:208} INFO - Processing /home/airflow/.local/lib/python3.12/site-packages/airflow/example_dags/tutorial_dag.py took 0.079 seconds
[2024-10-22T04:03:46.549+0000] {processor.py:186} INFO - Started process (PID=60695) to work on /home/airflow/.local/lib/python3.12/site-packages/airflow/example_dags/tutorial_dag.py
[2024-10-22T04:03:46.550+0000] {processor.py:914} INFO - Processing file /home/airflow/.local/lib/python3.12/site-packages/airflow/example_dags/tutorial_dag.py for tasks to queue
[2024-10-22T04:03:46.552+0000] {logging_mixin.py:190} INFO - [2024-10-22T04:03:46.551+0000] {dagbag.py:588} INFO - Filling up the DagBag from /home/airflow/.local/lib/python3.12/site-packages/airflow/example_dags/tutorial_dag.py
[2024-10-22T04:03:46.557+0000] {processor.py:925} INFO - DAG(s) 'tutorial_dag' retrieved from /home/airflow/.local/lib/python3.12/site-packages/airflow/example_dags/tutorial_dag.py
[2024-10-22T04:03:46.579+0000] {logging_mixin.py:190} INFO - [2024-10-22T04:03:46.579+0000] {dag.py:3239} INFO - Sync 1 DAGs
[2024-10-22T04:03:46.595+0000] {logging_mixin.py:190} INFO - [2024-10-22T04:03:46.595+0000] {dag.py:4180} INFO - Setting next_dagrun for tutorial_dag to None, run_after=None
[2024-10-22T04:03:46.613+0000] {processor.py:208} INFO - Processing /home/airflow/.local/lib/python3.12/site-packages/airflow/example_dags/tutorial_dag.py took 0.072 seconds
[2024-10-22T04:04:17.644+0000] {processor.py:186} INFO - Started process (PID=60762) to work on /home/airflow/.local/lib/python3.12/site-packages/airflow/example_dags/tutorial_dag.py
[2024-10-22T04:04:17.645+0000] {processor.py:914} INFO - Processing file /home/airflow/.local/lib/python3.12/site-packages/airflow/example_dags/tutorial_dag.py for tasks to queue
[2024-10-22T04:04:17.646+0000] {logging_mixin.py:190} INFO - [2024-10-22T04:04:17.646+0000] {dagbag.py:588} INFO - Filling up the DagBag from /home/airflow/.local/lib/python3.12/site-packages/airflow/example_dags/tutorial_dag.py
[2024-10-22T04:04:17.652+0000] {processor.py:925} INFO - DAG(s) 'tutorial_dag' retrieved from /home/airflow/.local/lib/python3.12/site-packages/airflow/example_dags/tutorial_dag.py
[2024-10-22T04:04:17.674+0000] {logging_mixin.py:190} INFO - [2024-10-22T04:04:17.674+0000] {dag.py:3239} INFO - Sync 1 DAGs
[2024-10-22T04:04:17.690+0000] {logging_mixin.py:190} INFO - [2024-10-22T04:04:17.689+0000] {dag.py:4180} INFO - Setting next_dagrun for tutorial_dag to None, run_after=None
[2024-10-22T04:04:17.708+0000] {processor.py:208} INFO - Processing /home/airflow/.local/lib/python3.12/site-packages/airflow/example_dags/tutorial_dag.py took 0.072 seconds
[2024-10-22T04:04:48.356+0000] {processor.py:186} INFO - Started process (PID=60829) to work on /home/airflow/.local/lib/python3.12/site-packages/airflow/example_dags/tutorial_dag.py
[2024-10-22T04:04:48.357+0000] {processor.py:914} INFO - Processing file /home/airflow/.local/lib/python3.12/site-packages/airflow/example_dags/tutorial_dag.py for tasks to queue
[2024-10-22T04:04:48.358+0000] {logging_mixin.py:190} INFO - [2024-10-22T04:04:48.358+0000] {dagbag.py:588} INFO - Filling up the DagBag from /home/airflow/.local/lib/python3.12/site-packages/airflow/example_dags/tutorial_dag.py
[2024-10-22T04:04:48.364+0000] {processor.py:925} INFO - DAG(s) 'tutorial_dag' retrieved from /home/airflow/.local/lib/python3.12/site-packages/airflow/example_dags/tutorial_dag.py
[2024-10-22T04:04:48.389+0000] {logging_mixin.py:190} INFO - [2024-10-22T04:04:48.389+0000] {dag.py:3239} INFO - Sync 1 DAGs
[2024-10-22T04:04:48.406+0000] {logging_mixin.py:190} INFO - [2024-10-22T04:04:48.405+0000] {dag.py:4180} INFO - Setting next_dagrun for tutorial_dag to None, run_after=None
[2024-10-22T04:04:48.428+0000] {processor.py:208} INFO - Processing /home/airflow/.local/lib/python3.12/site-packages/airflow/example_dags/tutorial_dag.py took 0.079 seconds
[2024-10-22T04:05:19.612+0000] {processor.py:186} INFO - Started process (PID=60896) to work on /home/airflow/.local/lib/python3.12/site-packages/airflow/example_dags/tutorial_dag.py
[2024-10-22T04:05:19.613+0000] {processor.py:914} INFO - Processing file /home/airflow/.local/lib/python3.12/site-packages/airflow/example_dags/tutorial_dag.py for tasks to queue
[2024-10-22T04:05:19.614+0000] {logging_mixin.py:190} INFO - [2024-10-22T04:05:19.614+0000] {dagbag.py:588} INFO - Filling up the DagBag from /home/airflow/.local/lib/python3.12/site-packages/airflow/example_dags/tutorial_dag.py
[2024-10-22T04:05:19.620+0000] {processor.py:925} INFO - DAG(s) 'tutorial_dag' retrieved from /home/airflow/.local/lib/python3.12/site-packages/airflow/example_dags/tutorial_dag.py
[2024-10-22T04:05:19.643+0000] {logging_mixin.py:190} INFO - [2024-10-22T04:05:19.643+0000] {dag.py:3239} INFO - Sync 1 DAGs
[2024-10-22T04:05:19.661+0000] {logging_mixin.py:190} INFO - [2024-10-22T04:05:19.660+0000] {dag.py:4180} INFO - Setting next_dagrun for tutorial_dag to None, run_after=None
[2024-10-22T04:05:19.682+0000] {processor.py:208} INFO - Processing /home/airflow/.local/lib/python3.12/site-packages/airflow/example_dags/tutorial_dag.py took 0.077 seconds
[2024-10-22T04:05:49.826+0000] {processor.py:186} INFO - Started process (PID=60963) to work on /home/airflow/.local/lib/python3.12/site-packages/airflow/example_dags/tutorial_dag.py
[2024-10-22T04:05:49.827+0000] {processor.py:914} INFO - Processing file /home/airflow/.local/lib/python3.12/site-packages/airflow/example_dags/tutorial_dag.py for tasks to queue
[2024-10-22T04:05:49.828+0000] {logging_mixin.py:190} INFO - [2024-10-22T04:05:49.828+0000] {dagbag.py:588} INFO - Filling up the DagBag from /home/airflow/.local/lib/python3.12/site-packages/airflow/example_dags/tutorial_dag.py
[2024-10-22T04:05:49.834+0000] {processor.py:925} INFO - DAG(s) 'tutorial_dag' retrieved from /home/airflow/.local/lib/python3.12/site-packages/airflow/example_dags/tutorial_dag.py
[2024-10-22T04:05:49.856+0000] {logging_mixin.py:190} INFO - [2024-10-22T04:05:49.856+0000] {dag.py:3239} INFO - Sync 1 DAGs
[2024-10-22T04:05:49.873+0000] {logging_mixin.py:190} INFO - [2024-10-22T04:05:49.872+0000] {dag.py:4180} INFO - Setting next_dagrun for tutorial_dag to None, run_after=None
[2024-10-22T04:05:49.892+0000] {processor.py:208} INFO - Processing /home/airflow/.local/lib/python3.12/site-packages/airflow/example_dags/tutorial_dag.py took 0.073 seconds
[2024-10-22T04:06:20.367+0000] {processor.py:186} INFO - Started process (PID=61030) to work on /home/airflow/.local/lib/python3.12/site-packages/airflow/example_dags/tutorial_dag.py
[2024-10-22T04:06:20.368+0000] {processor.py:914} INFO - Processing file /home/airflow/.local/lib/python3.12/site-packages/airflow/example_dags/tutorial_dag.py for tasks to queue
[2024-10-22T04:06:20.370+0000] {logging_mixin.py:190} INFO - [2024-10-22T04:06:20.369+0000] {dagbag.py:588} INFO - Filling up the DagBag from /home/airflow/.local/lib/python3.12/site-packages/airflow/example_dags/tutorial_dag.py
[2024-10-22T04:06:20.375+0000] {processor.py:925} INFO - DAG(s) 'tutorial_dag' retrieved from /home/airflow/.local/lib/python3.12/site-packages/airflow/example_dags/tutorial_dag.py
[2024-10-22T04:06:20.397+0000] {logging_mixin.py:190} INFO - [2024-10-22T04:06:20.397+0000] {dag.py:3239} INFO - Sync 1 DAGs
[2024-10-22T04:06:20.414+0000] {logging_mixin.py:190} INFO - [2024-10-22T04:06:20.413+0000] {dag.py:4180} INFO - Setting next_dagrun for tutorial_dag to None, run_after=None
[2024-10-22T04:06:20.433+0000] {processor.py:208} INFO - Processing /home/airflow/.local/lib/python3.12/site-packages/airflow/example_dags/tutorial_dag.py took 0.073 seconds
[2024-10-22T04:06:50.853+0000] {processor.py:186} INFO - Started process (PID=61098) to work on /home/airflow/.local/lib/python3.12/site-packages/airflow/example_dags/tutorial_dag.py
[2024-10-22T04:06:50.855+0000] {processor.py:914} INFO - Processing file /home/airflow/.local/lib/python3.12/site-packages/airflow/example_dags/tutorial_dag.py for tasks to queue
[2024-10-22T04:06:50.856+0000] {logging_mixin.py:190} INFO - [2024-10-22T04:06:50.856+0000] {dagbag.py:588} INFO - Filling up the DagBag from /home/airflow/.local/lib/python3.12/site-packages/airflow/example_dags/tutorial_dag.py
[2024-10-22T04:06:50.862+0000] {processor.py:925} INFO - DAG(s) 'tutorial_dag' retrieved from /home/airflow/.local/lib/python3.12/site-packages/airflow/example_dags/tutorial_dag.py
[2024-10-22T04:06:50.885+0000] {logging_mixin.py:190} INFO - [2024-10-22T04:06:50.885+0000] {dag.py:3239} INFO - Sync 1 DAGs
[2024-10-22T04:06:50.901+0000] {logging_mixin.py:190} INFO - [2024-10-22T04:06:50.901+0000] {dag.py:4180} INFO - Setting next_dagrun for tutorial_dag to None, run_after=None
[2024-10-22T04:06:50.923+0000] {processor.py:208} INFO - Processing /home/airflow/.local/lib/python3.12/site-packages/airflow/example_dags/tutorial_dag.py took 0.078 seconds
[2024-10-22T04:07:21.265+0000] {processor.py:186} INFO - Started process (PID=61165) to work on /home/airflow/.local/lib/python3.12/site-packages/airflow/example_dags/tutorial_dag.py
[2024-10-22T04:07:21.266+0000] {processor.py:914} INFO - Processing file /home/airflow/.local/lib/python3.12/site-packages/airflow/example_dags/tutorial_dag.py for tasks to queue
[2024-10-22T04:07:21.267+0000] {logging_mixin.py:190} INFO - [2024-10-22T04:07:21.267+0000] {dagbag.py:588} INFO - Filling up the DagBag from /home/airflow/.local/lib/python3.12/site-packages/airflow/example_dags/tutorial_dag.py
[2024-10-22T04:07:21.274+0000] {processor.py:925} INFO - DAG(s) 'tutorial_dag' retrieved from /home/airflow/.local/lib/python3.12/site-packages/airflow/example_dags/tutorial_dag.py
[2024-10-22T04:07:21.299+0000] {logging_mixin.py:190} INFO - [2024-10-22T04:07:21.298+0000] {dag.py:3239} INFO - Sync 1 DAGs
[2024-10-22T04:07:21.319+0000] {logging_mixin.py:190} INFO - [2024-10-22T04:07:21.319+0000] {dag.py:4180} INFO - Setting next_dagrun for tutorial_dag to None, run_after=None
[2024-10-22T04:07:21.337+0000] {processor.py:208} INFO - Processing /home/airflow/.local/lib/python3.12/site-packages/airflow/example_dags/tutorial_dag.py took 0.081 seconds
[2024-10-22T04:07:52.049+0000] {processor.py:186} INFO - Started process (PID=61232) to work on /home/airflow/.local/lib/python3.12/site-packages/airflow/example_dags/tutorial_dag.py
[2024-10-22T04:07:52.050+0000] {processor.py:914} INFO - Processing file /home/airflow/.local/lib/python3.12/site-packages/airflow/example_dags/tutorial_dag.py for tasks to queue
[2024-10-22T04:07:52.052+0000] {logging_mixin.py:190} INFO - [2024-10-22T04:07:52.052+0000] {dagbag.py:588} INFO - Filling up the DagBag from /home/airflow/.local/lib/python3.12/site-packages/airflow/example_dags/tutorial_dag.py
[2024-10-22T04:07:52.058+0000] {processor.py:925} INFO - DAG(s) 'tutorial_dag' retrieved from /home/airflow/.local/lib/python3.12/site-packages/airflow/example_dags/tutorial_dag.py
[2024-10-22T04:07:52.084+0000] {logging_mixin.py:190} INFO - [2024-10-22T04:07:52.083+0000] {dag.py:3239} INFO - Sync 1 DAGs
[2024-10-22T04:07:52.100+0000] {logging_mixin.py:190} INFO - [2024-10-22T04:07:52.100+0000] {dag.py:4180} INFO - Setting next_dagrun for tutorial_dag to None, run_after=None
[2024-10-22T04:07:52.124+0000] {processor.py:208} INFO - Processing /home/airflow/.local/lib/python3.12/site-packages/airflow/example_dags/tutorial_dag.py took 0.082 seconds
[2024-10-22T04:08:23.202+0000] {processor.py:186} INFO - Started process (PID=61299) to work on /home/airflow/.local/lib/python3.12/site-packages/airflow/example_dags/tutorial_dag.py
[2024-10-22T04:08:23.203+0000] {processor.py:914} INFO - Processing file /home/airflow/.local/lib/python3.12/site-packages/airflow/example_dags/tutorial_dag.py for tasks to queue
[2024-10-22T04:08:23.204+0000] {logging_mixin.py:190} INFO - [2024-10-22T04:08:23.204+0000] {dagbag.py:588} INFO - Filling up the DagBag from /home/airflow/.local/lib/python3.12/site-packages/airflow/example_dags/tutorial_dag.py
[2024-10-22T04:08:23.210+0000] {processor.py:925} INFO - DAG(s) 'tutorial_dag' retrieved from /home/airflow/.local/lib/python3.12/site-packages/airflow/example_dags/tutorial_dag.py
[2024-10-22T04:08:23.233+0000] {logging_mixin.py:190} INFO - [2024-10-22T04:08:23.233+0000] {dag.py:3239} INFO - Sync 1 DAGs
[2024-10-22T04:08:23.252+0000] {logging_mixin.py:190} INFO - [2024-10-22T04:08:23.252+0000] {dag.py:4180} INFO - Setting next_dagrun for tutorial_dag to None, run_after=None
[2024-10-22T04:08:23.274+0000] {processor.py:208} INFO - Processing /home/airflow/.local/lib/python3.12/site-packages/airflow/example_dags/tutorial_dag.py took 0.080 seconds
[2024-10-22T04:08:53.919+0000] {processor.py:186} INFO - Started process (PID=61365) to work on /home/airflow/.local/lib/python3.12/site-packages/airflow/example_dags/tutorial_dag.py
[2024-10-22T04:08:53.920+0000] {processor.py:914} INFO - Processing file /home/airflow/.local/lib/python3.12/site-packages/airflow/example_dags/tutorial_dag.py for tasks to queue
[2024-10-22T04:08:53.922+0000] {logging_mixin.py:190} INFO - [2024-10-22T04:08:53.921+0000] {dagbag.py:588} INFO - Filling up the DagBag from /home/airflow/.local/lib/python3.12/site-packages/airflow/example_dags/tutorial_dag.py
[2024-10-22T04:08:53.928+0000] {processor.py:925} INFO - DAG(s) 'tutorial_dag' retrieved from /home/airflow/.local/lib/python3.12/site-packages/airflow/example_dags/tutorial_dag.py
[2024-10-22T04:08:53.950+0000] {logging_mixin.py:190} INFO - [2024-10-22T04:08:53.949+0000] {dag.py:3239} INFO - Sync 1 DAGs
[2024-10-22T04:08:53.967+0000] {logging_mixin.py:190} INFO - [2024-10-22T04:08:53.967+0000] {dag.py:4180} INFO - Setting next_dagrun for tutorial_dag to None, run_after=None
[2024-10-22T04:08:53.983+0000] {processor.py:208} INFO - Processing /home/airflow/.local/lib/python3.12/site-packages/airflow/example_dags/tutorial_dag.py took 0.075 seconds
[2024-10-22T04:09:24.558+0000] {processor.py:186} INFO - Started process (PID=61432) to work on /home/airflow/.local/lib/python3.12/site-packages/airflow/example_dags/tutorial_dag.py
[2024-10-22T04:09:24.559+0000] {processor.py:914} INFO - Processing file /home/airflow/.local/lib/python3.12/site-packages/airflow/example_dags/tutorial_dag.py for tasks to queue
[2024-10-22T04:09:24.560+0000] {logging_mixin.py:190} INFO - [2024-10-22T04:09:24.560+0000] {dagbag.py:588} INFO - Filling up the DagBag from /home/airflow/.local/lib/python3.12/site-packages/airflow/example_dags/tutorial_dag.py
[2024-10-22T04:09:24.566+0000] {processor.py:925} INFO - DAG(s) 'tutorial_dag' retrieved from /home/airflow/.local/lib/python3.12/site-packages/airflow/example_dags/tutorial_dag.py
[2024-10-22T04:09:24.592+0000] {logging_mixin.py:190} INFO - [2024-10-22T04:09:24.592+0000] {dag.py:3239} INFO - Sync 1 DAGs
[2024-10-22T04:09:24.609+0000] {logging_mixin.py:190} INFO - [2024-10-22T04:09:24.609+0000] {dag.py:4180} INFO - Setting next_dagrun for tutorial_dag to None, run_after=None
[2024-10-22T04:09:24.628+0000] {processor.py:208} INFO - Processing /home/airflow/.local/lib/python3.12/site-packages/airflow/example_dags/tutorial_dag.py took 0.078 seconds
[2024-10-22T04:09:54.915+0000] {processor.py:186} INFO - Started process (PID=61499) to work on /home/airflow/.local/lib/python3.12/site-packages/airflow/example_dags/tutorial_dag.py
[2024-10-22T04:09:54.916+0000] {processor.py:914} INFO - Processing file /home/airflow/.local/lib/python3.12/site-packages/airflow/example_dags/tutorial_dag.py for tasks to queue
[2024-10-22T04:09:54.918+0000] {logging_mixin.py:190} INFO - [2024-10-22T04:09:54.917+0000] {dagbag.py:588} INFO - Filling up the DagBag from /home/airflow/.local/lib/python3.12/site-packages/airflow/example_dags/tutorial_dag.py
[2024-10-22T04:09:54.926+0000] {processor.py:925} INFO - DAG(s) 'tutorial_dag' retrieved from /home/airflow/.local/lib/python3.12/site-packages/airflow/example_dags/tutorial_dag.py
[2024-10-22T04:09:54.950+0000] {logging_mixin.py:190} INFO - [2024-10-22T04:09:54.949+0000] {dag.py:3239} INFO - Sync 1 DAGs
[2024-10-22T04:09:54.969+0000] {logging_mixin.py:190} INFO - [2024-10-22T04:09:54.969+0000] {dag.py:4180} INFO - Setting next_dagrun for tutorial_dag to None, run_after=None
[2024-10-22T04:09:54.990+0000] {processor.py:208} INFO - Processing /home/airflow/.local/lib/python3.12/site-packages/airflow/example_dags/tutorial_dag.py took 0.083 seconds
[2024-10-22T04:10:25.954+0000] {processor.py:186} INFO - Started process (PID=61566) to work on /home/airflow/.local/lib/python3.12/site-packages/airflow/example_dags/tutorial_dag.py
[2024-10-22T04:10:25.955+0000] {processor.py:914} INFO - Processing file /home/airflow/.local/lib/python3.12/site-packages/airflow/example_dags/tutorial_dag.py for tasks to queue
[2024-10-22T04:10:25.956+0000] {logging_mixin.py:190} INFO - [2024-10-22T04:10:25.956+0000] {dagbag.py:588} INFO - Filling up the DagBag from /home/airflow/.local/lib/python3.12/site-packages/airflow/example_dags/tutorial_dag.py
[2024-10-22T04:10:25.962+0000] {processor.py:925} INFO - DAG(s) 'tutorial_dag' retrieved from /home/airflow/.local/lib/python3.12/site-packages/airflow/example_dags/tutorial_dag.py
[2024-10-22T04:10:25.986+0000] {logging_mixin.py:190} INFO - [2024-10-22T04:10:25.985+0000] {dag.py:3239} INFO - Sync 1 DAGs
[2024-10-22T04:10:26.002+0000] {logging_mixin.py:190} INFO - [2024-10-22T04:10:26.001+0000] {dag.py:4180} INFO - Setting next_dagrun for tutorial_dag to None, run_after=None
[2024-10-22T04:10:26.020+0000] {processor.py:208} INFO - Processing /home/airflow/.local/lib/python3.12/site-packages/airflow/example_dags/tutorial_dag.py took 0.074 seconds
[2024-10-22T04:10:57.123+0000] {processor.py:186} INFO - Started process (PID=61633) to work on /home/airflow/.local/lib/python3.12/site-packages/airflow/example_dags/tutorial_dag.py
[2024-10-22T04:10:57.124+0000] {processor.py:914} INFO - Processing file /home/airflow/.local/lib/python3.12/site-packages/airflow/example_dags/tutorial_dag.py for tasks to queue
[2024-10-22T04:10:57.125+0000] {logging_mixin.py:190} INFO - [2024-10-22T04:10:57.125+0000] {dagbag.py:588} INFO - Filling up the DagBag from /home/airflow/.local/lib/python3.12/site-packages/airflow/example_dags/tutorial_dag.py
[2024-10-22T04:10:57.131+0000] {processor.py:925} INFO - DAG(s) 'tutorial_dag' retrieved from /home/airflow/.local/lib/python3.12/site-packages/airflow/example_dags/tutorial_dag.py
[2024-10-22T04:10:57.154+0000] {logging_mixin.py:190} INFO - [2024-10-22T04:10:57.153+0000] {dag.py:3239} INFO - Sync 1 DAGs
[2024-10-22T04:10:57.170+0000] {logging_mixin.py:190} INFO - [2024-10-22T04:10:57.170+0000] {dag.py:4180} INFO - Setting next_dagrun for tutorial_dag to None, run_after=None
[2024-10-22T04:10:57.190+0000] {processor.py:208} INFO - Processing /home/airflow/.local/lib/python3.12/site-packages/airflow/example_dags/tutorial_dag.py took 0.075 seconds
[2024-10-22T04:11:27.552+0000] {processor.py:186} INFO - Started process (PID=61700) to work on /home/airflow/.local/lib/python3.12/site-packages/airflow/example_dags/tutorial_dag.py
[2024-10-22T04:11:27.553+0000] {processor.py:914} INFO - Processing file /home/airflow/.local/lib/python3.12/site-packages/airflow/example_dags/tutorial_dag.py for tasks to queue
[2024-10-22T04:11:27.554+0000] {logging_mixin.py:190} INFO - [2024-10-22T04:11:27.554+0000] {dagbag.py:588} INFO - Filling up the DagBag from /home/airflow/.local/lib/python3.12/site-packages/airflow/example_dags/tutorial_dag.py
[2024-10-22T04:11:27.560+0000] {processor.py:925} INFO - DAG(s) 'tutorial_dag' retrieved from /home/airflow/.local/lib/python3.12/site-packages/airflow/example_dags/tutorial_dag.py
[2024-10-22T04:11:27.582+0000] {logging_mixin.py:190} INFO - [2024-10-22T04:11:27.582+0000] {dag.py:3239} INFO - Sync 1 DAGs
[2024-10-22T04:11:27.598+0000] {logging_mixin.py:190} INFO - [2024-10-22T04:11:27.598+0000] {dag.py:4180} INFO - Setting next_dagrun for tutorial_dag to None, run_after=None
[2024-10-22T04:11:27.616+0000] {processor.py:208} INFO - Processing /home/airflow/.local/lib/python3.12/site-packages/airflow/example_dags/tutorial_dag.py took 0.072 seconds
[2024-10-22T04:11:58.775+0000] {processor.py:186} INFO - Started process (PID=61767) to work on /home/airflow/.local/lib/python3.12/site-packages/airflow/example_dags/tutorial_dag.py
[2024-10-22T04:11:58.776+0000] {processor.py:914} INFO - Processing file /home/airflow/.local/lib/python3.12/site-packages/airflow/example_dags/tutorial_dag.py for tasks to queue
[2024-10-22T04:11:58.778+0000] {logging_mixin.py:190} INFO - [2024-10-22T04:11:58.778+0000] {dagbag.py:588} INFO - Filling up the DagBag from /home/airflow/.local/lib/python3.12/site-packages/airflow/example_dags/tutorial_dag.py
[2024-10-22T04:11:58.784+0000] {processor.py:925} INFO - DAG(s) 'tutorial_dag' retrieved from /home/airflow/.local/lib/python3.12/site-packages/airflow/example_dags/tutorial_dag.py
[2024-10-22T04:11:58.815+0000] {logging_mixin.py:190} INFO - [2024-10-22T04:11:58.815+0000] {dag.py:3239} INFO - Sync 1 DAGs
[2024-10-22T04:11:58.832+0000] {logging_mixin.py:190} INFO - [2024-10-22T04:11:58.831+0000] {dag.py:4180} INFO - Setting next_dagrun for tutorial_dag to None, run_after=None
[2024-10-22T04:11:58.850+0000] {processor.py:208} INFO - Processing /home/airflow/.local/lib/python3.12/site-packages/airflow/example_dags/tutorial_dag.py took 0.082 seconds
[2024-10-22T04:12:29.214+0000] {processor.py:186} INFO - Started process (PID=61834) to work on /home/airflow/.local/lib/python3.12/site-packages/airflow/example_dags/tutorial_dag.py
[2024-10-22T04:12:29.215+0000] {processor.py:914} INFO - Processing file /home/airflow/.local/lib/python3.12/site-packages/airflow/example_dags/tutorial_dag.py for tasks to queue
[2024-10-22T04:12:29.217+0000] {logging_mixin.py:190} INFO - [2024-10-22T04:12:29.216+0000] {dagbag.py:588} INFO - Filling up the DagBag from /home/airflow/.local/lib/python3.12/site-packages/airflow/example_dags/tutorial_dag.py
[2024-10-22T04:12:29.223+0000] {processor.py:925} INFO - DAG(s) 'tutorial_dag' retrieved from /home/airflow/.local/lib/python3.12/site-packages/airflow/example_dags/tutorial_dag.py
[2024-10-22T04:12:29.251+0000] {logging_mixin.py:190} INFO - [2024-10-22T04:12:29.251+0000] {dag.py:3239} INFO - Sync 1 DAGs
[2024-10-22T04:12:29.270+0000] {logging_mixin.py:190} INFO - [2024-10-22T04:12:29.270+0000] {dag.py:4180} INFO - Setting next_dagrun for tutorial_dag to None, run_after=None
[2024-10-22T04:12:29.293+0000] {processor.py:208} INFO - Processing /home/airflow/.local/lib/python3.12/site-packages/airflow/example_dags/tutorial_dag.py took 0.086 seconds
[2024-10-22T04:12:59.620+0000] {processor.py:186} INFO - Started process (PID=61901) to work on /home/airflow/.local/lib/python3.12/site-packages/airflow/example_dags/tutorial_dag.py
[2024-10-22T04:12:59.621+0000] {processor.py:914} INFO - Processing file /home/airflow/.local/lib/python3.12/site-packages/airflow/example_dags/tutorial_dag.py for tasks to queue
[2024-10-22T04:12:59.622+0000] {logging_mixin.py:190} INFO - [2024-10-22T04:12:59.622+0000] {dagbag.py:588} INFO - Filling up the DagBag from /home/airflow/.local/lib/python3.12/site-packages/airflow/example_dags/tutorial_dag.py
[2024-10-22T04:12:59.627+0000] {processor.py:925} INFO - DAG(s) 'tutorial_dag' retrieved from /home/airflow/.local/lib/python3.12/site-packages/airflow/example_dags/tutorial_dag.py
[2024-10-22T04:12:59.652+0000] {logging_mixin.py:190} INFO - [2024-10-22T04:12:59.652+0000] {dag.py:3239} INFO - Sync 1 DAGs
[2024-10-22T04:12:59.668+0000] {logging_mixin.py:190} INFO - [2024-10-22T04:12:59.668+0000] {dag.py:4180} INFO - Setting next_dagrun for tutorial_dag to None, run_after=None
[2024-10-22T04:12:59.686+0000] {processor.py:208} INFO - Processing /home/airflow/.local/lib/python3.12/site-packages/airflow/example_dags/tutorial_dag.py took 0.076 seconds
[2024-10-22T04:13:30.073+0000] {processor.py:186} INFO - Started process (PID=61967) to work on /home/airflow/.local/lib/python3.12/site-packages/airflow/example_dags/tutorial_dag.py
[2024-10-22T04:13:30.074+0000] {processor.py:914} INFO - Processing file /home/airflow/.local/lib/python3.12/site-packages/airflow/example_dags/tutorial_dag.py for tasks to queue
[2024-10-22T04:13:30.075+0000] {logging_mixin.py:190} INFO - [2024-10-22T04:13:30.075+0000] {dagbag.py:588} INFO - Filling up the DagBag from /home/airflow/.local/lib/python3.12/site-packages/airflow/example_dags/tutorial_dag.py
[2024-10-22T04:13:30.081+0000] {processor.py:925} INFO - DAG(s) 'tutorial_dag' retrieved from /home/airflow/.local/lib/python3.12/site-packages/airflow/example_dags/tutorial_dag.py
[2024-10-22T04:13:30.105+0000] {logging_mixin.py:190} INFO - [2024-10-22T04:13:30.104+0000] {dag.py:3239} INFO - Sync 1 DAGs
[2024-10-22T04:13:30.122+0000] {logging_mixin.py:190} INFO - [2024-10-22T04:13:30.122+0000] {dag.py:4180} INFO - Setting next_dagrun for tutorial_dag to None, run_after=None
[2024-10-22T04:13:30.150+0000] {processor.py:208} INFO - Processing /home/airflow/.local/lib/python3.12/site-packages/airflow/example_dags/tutorial_dag.py took 0.084 seconds
[2024-10-22T04:14:00.397+0000] {processor.py:186} INFO - Started process (PID=62034) to work on /home/airflow/.local/lib/python3.12/site-packages/airflow/example_dags/tutorial_dag.py
[2024-10-22T04:14:00.398+0000] {processor.py:914} INFO - Processing file /home/airflow/.local/lib/python3.12/site-packages/airflow/example_dags/tutorial_dag.py for tasks to queue
[2024-10-22T04:14:00.400+0000] {logging_mixin.py:190} INFO - [2024-10-22T04:14:00.399+0000] {dagbag.py:588} INFO - Filling up the DagBag from /home/airflow/.local/lib/python3.12/site-packages/airflow/example_dags/tutorial_dag.py
[2024-10-22T04:14:00.408+0000] {processor.py:925} INFO - DAG(s) 'tutorial_dag' retrieved from /home/airflow/.local/lib/python3.12/site-packages/airflow/example_dags/tutorial_dag.py
[2024-10-22T04:14:00.438+0000] {logging_mixin.py:190} INFO - [2024-10-22T04:14:00.438+0000] {dag.py:3239} INFO - Sync 1 DAGs
[2024-10-22T04:14:00.458+0000] {logging_mixin.py:190} INFO - [2024-10-22T04:14:00.458+0000] {dag.py:4180} INFO - Setting next_dagrun for tutorial_dag to None, run_after=None
[2024-10-22T04:14:00.479+0000] {processor.py:208} INFO - Processing /home/airflow/.local/lib/python3.12/site-packages/airflow/example_dags/tutorial_dag.py took 0.097 seconds
