[2024-10-22T03:19:12.201+0000] {processor.py:186} INFO - Started process (PID=54816) to work on /opt/airflow/dags/simple_dag1.py
[2024-10-22T03:19:12.202+0000] {processor.py:914} INFO - Processing file /opt/airflow/dags/simple_dag1.py for tasks to queue
[2024-10-22T03:19:12.203+0000] {logging_mixin.py:190} INFO - [2024-10-22T03:19:12.203+0000] {dagbag.py:588} INFO - Filling up the DagBag from /opt/airflow/dags/simple_dag1.py
[2024-10-22T03:19:12.210+0000] {processor.py:925} INFO - DAG(s) 'minhlt9' retrieved from /opt/airflow/dags/simple_dag1.py
[2024-10-22T03:19:12.245+0000] {logging_mixin.py:190} INFO - [2024-10-22T03:19:12.244+0000] {dag.py:3239} INFO - Sync 1 DAGs
[2024-10-22T03:19:12.289+0000] {logging_mixin.py:190} INFO - [2024-10-22T03:19:12.288+0000] {dag.py:4180} INFO - Setting next_dagrun for minhlt9 to None, run_after=None
[2024-10-22T03:19:12.316+0000] {processor.py:208} INFO - Processing /opt/airflow/dags/simple_dag1.py took 0.122 seconds
[2024-10-22T03:19:43.072+0000] {processor.py:186} INFO - Started process (PID=54884) to work on /opt/airflow/dags/simple_dag1.py
[2024-10-22T03:19:43.073+0000] {processor.py:914} INFO - Processing file /opt/airflow/dags/simple_dag1.py for tasks to queue
[2024-10-22T03:19:43.074+0000] {logging_mixin.py:190} INFO - [2024-10-22T03:19:43.074+0000] {dagbag.py:588} INFO - Filling up the DagBag from /opt/airflow/dags/simple_dag1.py
[2024-10-22T03:19:43.081+0000] {processor.py:925} INFO - DAG(s) 'minhlt9' retrieved from /opt/airflow/dags/simple_dag1.py
[2024-10-22T03:19:43.107+0000] {logging_mixin.py:190} INFO - [2024-10-22T03:19:43.107+0000] {dag.py:3239} INFO - Sync 1 DAGs
[2024-10-22T03:19:43.132+0000] {logging_mixin.py:190} INFO - [2024-10-22T03:19:43.132+0000] {dag.py:4180} INFO - Setting next_dagrun for minhlt9 to None, run_after=None
[2024-10-22T03:19:43.152+0000] {processor.py:208} INFO - Processing /opt/airflow/dags/simple_dag1.py took 0.087 seconds
[2024-10-22T03:20:13.311+0000] {processor.py:186} INFO - Started process (PID=54951) to work on /opt/airflow/dags/simple_dag1.py
[2024-10-22T03:20:13.312+0000] {processor.py:914} INFO - Processing file /opt/airflow/dags/simple_dag1.py for tasks to queue
[2024-10-22T03:20:13.314+0000] {logging_mixin.py:190} INFO - [2024-10-22T03:20:13.314+0000] {dagbag.py:588} INFO - Filling up the DagBag from /opt/airflow/dags/simple_dag1.py
[2024-10-22T03:20:13.322+0000] {processor.py:925} INFO - DAG(s) 'minhlt9' retrieved from /opt/airflow/dags/simple_dag1.py
[2024-10-22T03:20:13.347+0000] {logging_mixin.py:190} INFO - [2024-10-22T03:20:13.346+0000] {dag.py:3239} INFO - Sync 1 DAGs
[2024-10-22T03:20:13.374+0000] {logging_mixin.py:190} INFO - [2024-10-22T03:20:13.373+0000] {dag.py:4180} INFO - Setting next_dagrun for minhlt9 to None, run_after=None
[2024-10-22T03:20:13.397+0000] {processor.py:208} INFO - Processing /opt/airflow/dags/simple_dag1.py took 0.095 seconds
[2024-10-22T03:20:43.596+0000] {processor.py:186} INFO - Started process (PID=55018) to work on /opt/airflow/dags/simple_dag1.py
[2024-10-22T03:20:43.597+0000] {processor.py:914} INFO - Processing file /opt/airflow/dags/simple_dag1.py for tasks to queue
[2024-10-22T03:20:43.599+0000] {logging_mixin.py:190} INFO - [2024-10-22T03:20:43.598+0000] {dagbag.py:588} INFO - Filling up the DagBag from /opt/airflow/dags/simple_dag1.py
[2024-10-22T03:20:43.606+0000] {processor.py:925} INFO - DAG(s) 'minhlt9' retrieved from /opt/airflow/dags/simple_dag1.py
[2024-10-22T03:20:43.631+0000] {logging_mixin.py:190} INFO - [2024-10-22T03:20:43.631+0000] {dag.py:3239} INFO - Sync 1 DAGs
[2024-10-22T03:20:43.657+0000] {logging_mixin.py:190} INFO - [2024-10-22T03:20:43.657+0000] {dag.py:4180} INFO - Setting next_dagrun for minhlt9 to None, run_after=None
[2024-10-22T03:20:43.676+0000] {processor.py:208} INFO - Processing /opt/airflow/dags/simple_dag1.py took 0.089 seconds
[2024-10-22T03:21:14.124+0000] {processor.py:186} INFO - Started process (PID=55084) to work on /opt/airflow/dags/simple_dag1.py
[2024-10-22T03:21:14.126+0000] {processor.py:914} INFO - Processing file /opt/airflow/dags/simple_dag1.py for tasks to queue
[2024-10-22T03:21:14.127+0000] {logging_mixin.py:190} INFO - [2024-10-22T03:21:14.127+0000] {dagbag.py:588} INFO - Filling up the DagBag from /opt/airflow/dags/simple_dag1.py
[2024-10-22T03:21:14.134+0000] {processor.py:925} INFO - DAG(s) 'minhlt9' retrieved from /opt/airflow/dags/simple_dag1.py
[2024-10-22T03:21:14.159+0000] {logging_mixin.py:190} INFO - [2024-10-22T03:21:14.159+0000] {dag.py:3239} INFO - Sync 1 DAGs
[2024-10-22T03:21:14.186+0000] {logging_mixin.py:190} INFO - [2024-10-22T03:21:14.186+0000] {dag.py:4180} INFO - Setting next_dagrun for minhlt9 to None, run_after=None
[2024-10-22T03:21:14.278+0000] {processor.py:208} INFO - Processing /opt/airflow/dags/simple_dag1.py took 0.162 seconds
[2024-10-22T03:21:44.587+0000] {processor.py:186} INFO - Started process (PID=55151) to work on /opt/airflow/dags/simple_dag1.py
[2024-10-22T03:21:44.589+0000] {processor.py:914} INFO - Processing file /opt/airflow/dags/simple_dag1.py for tasks to queue
[2024-10-22T03:21:44.591+0000] {logging_mixin.py:190} INFO - [2024-10-22T03:21:44.591+0000] {dagbag.py:588} INFO - Filling up the DagBag from /opt/airflow/dags/simple_dag1.py
[2024-10-22T03:21:44.601+0000] {processor.py:925} INFO - DAG(s) 'minhlt9' retrieved from /opt/airflow/dags/simple_dag1.py
[2024-10-22T03:21:44.625+0000] {logging_mixin.py:190} INFO - [2024-10-22T03:21:44.625+0000] {dag.py:3239} INFO - Sync 1 DAGs
[2024-10-22T03:21:44.654+0000] {logging_mixin.py:190} INFO - [2024-10-22T03:21:44.653+0000] {dag.py:4180} INFO - Setting next_dagrun for minhlt9 to None, run_after=None
[2024-10-22T03:21:44.673+0000] {processor.py:208} INFO - Processing /opt/airflow/dags/simple_dag1.py took 0.093 seconds
[2024-10-22T03:22:14.962+0000] {processor.py:186} INFO - Started process (PID=55217) to work on /opt/airflow/dags/simple_dag1.py
[2024-10-22T03:22:14.963+0000] {processor.py:914} INFO - Processing file /opt/airflow/dags/simple_dag1.py for tasks to queue
[2024-10-22T03:22:14.965+0000] {logging_mixin.py:190} INFO - [2024-10-22T03:22:14.964+0000] {dagbag.py:588} INFO - Filling up the DagBag from /opt/airflow/dags/simple_dag1.py
[2024-10-22T03:22:14.973+0000] {processor.py:925} INFO - DAG(s) 'minhlt9' retrieved from /opt/airflow/dags/simple_dag1.py
[2024-10-22T03:22:14.997+0000] {logging_mixin.py:190} INFO - [2024-10-22T03:22:14.997+0000] {dag.py:3239} INFO - Sync 1 DAGs
[2024-10-22T03:22:15.022+0000] {logging_mixin.py:190} INFO - [2024-10-22T03:22:15.021+0000] {dag.py:4180} INFO - Setting next_dagrun for minhlt9 to None, run_after=None
[2024-10-22T03:22:15.040+0000] {processor.py:208} INFO - Processing /opt/airflow/dags/simple_dag1.py took 0.085 seconds
[2024-10-22T03:22:45.343+0000] {processor.py:186} INFO - Started process (PID=55284) to work on /opt/airflow/dags/simple_dag1.py
[2024-10-22T03:22:45.344+0000] {processor.py:914} INFO - Processing file /opt/airflow/dags/simple_dag1.py for tasks to queue
[2024-10-22T03:22:45.345+0000] {logging_mixin.py:190} INFO - [2024-10-22T03:22:45.345+0000] {dagbag.py:588} INFO - Filling up the DagBag from /opt/airflow/dags/simple_dag1.py
[2024-10-22T03:22:45.352+0000] {processor.py:925} INFO - DAG(s) 'minhlt9' retrieved from /opt/airflow/dags/simple_dag1.py
[2024-10-22T03:22:45.378+0000] {logging_mixin.py:190} INFO - [2024-10-22T03:22:45.378+0000] {dag.py:3239} INFO - Sync 1 DAGs
[2024-10-22T03:22:45.404+0000] {logging_mixin.py:190} INFO - [2024-10-22T03:22:45.403+0000] {dag.py:4180} INFO - Setting next_dagrun for minhlt9 to None, run_after=None
[2024-10-22T03:22:45.425+0000] {processor.py:208} INFO - Processing /opt/airflow/dags/simple_dag1.py took 0.092 seconds
[2024-10-22T03:23:15.930+0000] {processor.py:186} INFO - Started process (PID=55351) to work on /opt/airflow/dags/simple_dag1.py
[2024-10-22T03:23:15.932+0000] {processor.py:914} INFO - Processing file /opt/airflow/dags/simple_dag1.py for tasks to queue
[2024-10-22T03:23:15.935+0000] {logging_mixin.py:190} INFO - [2024-10-22T03:23:15.934+0000] {dagbag.py:588} INFO - Filling up the DagBag from /opt/airflow/dags/simple_dag1.py
[2024-10-22T03:23:15.944+0000] {processor.py:925} INFO - DAG(s) 'minhlt9' retrieved from /opt/airflow/dags/simple_dag1.py
[2024-10-22T03:23:15.992+0000] {logging_mixin.py:190} INFO - [2024-10-22T03:23:15.992+0000] {dag.py:3239} INFO - Sync 1 DAGs
[2024-10-22T03:23:16.040+0000] {logging_mixin.py:190} INFO - [2024-10-22T03:23:16.039+0000] {dag.py:4180} INFO - Setting next_dagrun for minhlt9 to None, run_after=None
[2024-10-22T03:23:16.073+0000] {processor.py:208} INFO - Processing /opt/airflow/dags/simple_dag1.py took 0.154 seconds
[2024-10-22T03:23:46.230+0000] {processor.py:186} INFO - Started process (PID=55418) to work on /opt/airflow/dags/simple_dag1.py
[2024-10-22T03:23:46.231+0000] {processor.py:914} INFO - Processing file /opt/airflow/dags/simple_dag1.py for tasks to queue
[2024-10-22T03:23:46.233+0000] {logging_mixin.py:190} INFO - [2024-10-22T03:23:46.232+0000] {dagbag.py:588} INFO - Filling up the DagBag from /opt/airflow/dags/simple_dag1.py
[2024-10-22T03:23:46.239+0000] {processor.py:925} INFO - DAG(s) 'minhlt9' retrieved from /opt/airflow/dags/simple_dag1.py
[2024-10-22T03:23:46.266+0000] {logging_mixin.py:190} INFO - [2024-10-22T03:23:46.266+0000] {dag.py:3239} INFO - Sync 1 DAGs
[2024-10-22T03:23:46.296+0000] {logging_mixin.py:190} INFO - [2024-10-22T03:23:46.296+0000] {dag.py:4180} INFO - Setting next_dagrun for minhlt9 to None, run_after=None
[2024-10-22T03:23:46.316+0000] {processor.py:208} INFO - Processing /opt/airflow/dags/simple_dag1.py took 0.094 seconds
[2024-10-22T03:24:17.243+0000] {processor.py:186} INFO - Started process (PID=55485) to work on /opt/airflow/dags/simple_dag1.py
[2024-10-22T03:24:17.244+0000] {processor.py:914} INFO - Processing file /opt/airflow/dags/simple_dag1.py for tasks to queue
[2024-10-22T03:24:17.246+0000] {logging_mixin.py:190} INFO - [2024-10-22T03:24:17.246+0000] {dagbag.py:588} INFO - Filling up the DagBag from /opt/airflow/dags/simple_dag1.py
[2024-10-22T03:24:17.253+0000] {processor.py:925} INFO - DAG(s) 'minhlt9' retrieved from /opt/airflow/dags/simple_dag1.py
[2024-10-22T03:24:17.293+0000] {logging_mixin.py:190} INFO - [2024-10-22T03:24:17.292+0000] {dag.py:3239} INFO - Sync 1 DAGs
[2024-10-22T03:24:17.354+0000] {logging_mixin.py:190} INFO - [2024-10-22T03:24:17.353+0000] {dag.py:4180} INFO - Setting next_dagrun for minhlt9 to None, run_after=None
[2024-10-22T03:24:17.378+0000] {processor.py:208} INFO - Processing /opt/airflow/dags/simple_dag1.py took 0.145 seconds
[2024-10-22T03:24:48.251+0000] {processor.py:186} INFO - Started process (PID=55552) to work on /opt/airflow/dags/simple_dag1.py
[2024-10-22T03:24:48.252+0000] {processor.py:914} INFO - Processing file /opt/airflow/dags/simple_dag1.py for tasks to queue
[2024-10-22T03:24:48.254+0000] {logging_mixin.py:190} INFO - [2024-10-22T03:24:48.253+0000] {dagbag.py:588} INFO - Filling up the DagBag from /opt/airflow/dags/simple_dag1.py
[2024-10-22T03:24:48.261+0000] {processor.py:925} INFO - DAG(s) 'minhlt9' retrieved from /opt/airflow/dags/simple_dag1.py
[2024-10-22T03:24:48.286+0000] {logging_mixin.py:190} INFO - [2024-10-22T03:24:48.286+0000] {dag.py:3239} INFO - Sync 1 DAGs
[2024-10-22T03:24:48.311+0000] {logging_mixin.py:190} INFO - [2024-10-22T03:24:48.311+0000] {dag.py:4180} INFO - Setting next_dagrun for minhlt9 to None, run_after=None
[2024-10-22T03:24:48.330+0000] {processor.py:208} INFO - Processing /opt/airflow/dags/simple_dag1.py took 0.087 seconds
[2024-10-22T03:25:18.468+0000] {processor.py:186} INFO - Started process (PID=55619) to work on /opt/airflow/dags/simple_dag1.py
[2024-10-22T03:25:18.471+0000] {processor.py:914} INFO - Processing file /opt/airflow/dags/simple_dag1.py for tasks to queue
[2024-10-22T03:25:18.473+0000] {logging_mixin.py:190} INFO - [2024-10-22T03:25:18.472+0000] {dagbag.py:588} INFO - Filling up the DagBag from /opt/airflow/dags/simple_dag1.py
[2024-10-22T03:25:18.480+0000] {processor.py:925} INFO - DAG(s) 'minhlt9' retrieved from /opt/airflow/dags/simple_dag1.py
[2024-10-22T03:25:18.508+0000] {logging_mixin.py:190} INFO - [2024-10-22T03:25:18.508+0000] {dag.py:3239} INFO - Sync 1 DAGs
[2024-10-22T03:25:18.535+0000] {logging_mixin.py:190} INFO - [2024-10-22T03:25:18.535+0000] {dag.py:4180} INFO - Setting next_dagrun for minhlt9 to None, run_after=None
[2024-10-22T03:25:18.558+0000] {processor.py:208} INFO - Processing /opt/airflow/dags/simple_dag1.py took 0.098 seconds
[2024-10-22T03:25:49.174+0000] {processor.py:186} INFO - Started process (PID=55686) to work on /opt/airflow/dags/simple_dag1.py
[2024-10-22T03:25:49.175+0000] {processor.py:914} INFO - Processing file /opt/airflow/dags/simple_dag1.py for tasks to queue
[2024-10-22T03:25:49.177+0000] {logging_mixin.py:190} INFO - [2024-10-22T03:25:49.176+0000] {dagbag.py:588} INFO - Filling up the DagBag from /opt/airflow/dags/simple_dag1.py
[2024-10-22T03:25:49.183+0000] {processor.py:925} INFO - DAG(s) 'minhlt9' retrieved from /opt/airflow/dags/simple_dag1.py
[2024-10-22T03:25:49.211+0000] {logging_mixin.py:190} INFO - [2024-10-22T03:25:49.211+0000] {dag.py:3239} INFO - Sync 1 DAGs
[2024-10-22T03:25:49.236+0000] {logging_mixin.py:190} INFO - [2024-10-22T03:25:49.236+0000] {dag.py:4180} INFO - Setting next_dagrun for minhlt9 to None, run_after=None
[2024-10-22T03:25:49.252+0000] {processor.py:208} INFO - Processing /opt/airflow/dags/simple_dag1.py took 0.089 seconds
[2024-10-22T03:26:19.797+0000] {processor.py:186} INFO - Started process (PID=55752) to work on /opt/airflow/dags/simple_dag1.py
[2024-10-22T03:26:19.805+0000] {processor.py:914} INFO - Processing file /opt/airflow/dags/simple_dag1.py for tasks to queue
[2024-10-22T03:26:19.810+0000] {logging_mixin.py:190} INFO - [2024-10-22T03:26:19.808+0000] {dagbag.py:588} INFO - Filling up the DagBag from /opt/airflow/dags/simple_dag1.py
[2024-10-22T03:26:19.823+0000] {processor.py:925} INFO - DAG(s) 'minhlt9' retrieved from /opt/airflow/dags/simple_dag1.py
[2024-10-22T03:26:19.865+0000] {logging_mixin.py:190} INFO - [2024-10-22T03:26:19.865+0000] {dag.py:3239} INFO - Sync 1 DAGs
[2024-10-22T03:26:19.908+0000] {logging_mixin.py:190} INFO - [2024-10-22T03:26:19.907+0000] {dag.py:4180} INFO - Setting next_dagrun for minhlt9 to None, run_after=None
[2024-10-22T03:26:19.934+0000] {processor.py:208} INFO - Processing /opt/airflow/dags/simple_dag1.py took 0.155 seconds
[2024-10-22T03:26:50.402+0000] {processor.py:186} INFO - Started process (PID=55819) to work on /opt/airflow/dags/simple_dag1.py
[2024-10-22T03:26:50.403+0000] {processor.py:914} INFO - Processing file /opt/airflow/dags/simple_dag1.py for tasks to queue
[2024-10-22T03:26:50.405+0000] {logging_mixin.py:190} INFO - [2024-10-22T03:26:50.404+0000] {dagbag.py:588} INFO - Filling up the DagBag from /opt/airflow/dags/simple_dag1.py
[2024-10-22T03:26:50.411+0000] {processor.py:925} INFO - DAG(s) 'minhlt9' retrieved from /opt/airflow/dags/simple_dag1.py
[2024-10-22T03:26:50.439+0000] {logging_mixin.py:190} INFO - [2024-10-22T03:26:50.439+0000] {dag.py:3239} INFO - Sync 1 DAGs
[2024-10-22T03:26:50.465+0000] {logging_mixin.py:190} INFO - [2024-10-22T03:26:50.465+0000] {dag.py:4180} INFO - Setting next_dagrun for minhlt9 to None, run_after=None
[2024-10-22T03:26:50.486+0000] {processor.py:208} INFO - Processing /opt/airflow/dags/simple_dag1.py took 0.093 seconds
[2024-10-22T03:27:21.300+0000] {processor.py:186} INFO - Started process (PID=55886) to work on /opt/airflow/dags/simple_dag1.py
[2024-10-22T03:27:21.301+0000] {processor.py:914} INFO - Processing file /opt/airflow/dags/simple_dag1.py for tasks to queue
[2024-10-22T03:27:21.303+0000] {logging_mixin.py:190} INFO - [2024-10-22T03:27:21.303+0000] {dagbag.py:588} INFO - Filling up the DagBag from /opt/airflow/dags/simple_dag1.py
[2024-10-22T03:27:21.311+0000] {processor.py:925} INFO - DAG(s) 'minhlt9' retrieved from /opt/airflow/dags/simple_dag1.py
[2024-10-22T03:27:21.336+0000] {logging_mixin.py:190} INFO - [2024-10-22T03:27:21.336+0000] {dag.py:3239} INFO - Sync 1 DAGs
[2024-10-22T03:27:21.363+0000] {logging_mixin.py:190} INFO - [2024-10-22T03:27:21.362+0000] {dag.py:4180} INFO - Setting next_dagrun for minhlt9 to None, run_after=None
[2024-10-22T03:27:21.382+0000] {processor.py:208} INFO - Processing /opt/airflow/dags/simple_dag1.py took 0.091 seconds
[2024-10-22T03:27:51.748+0000] {processor.py:186} INFO - Started process (PID=55953) to work on /opt/airflow/dags/simple_dag1.py
[2024-10-22T03:27:51.751+0000] {processor.py:914} INFO - Processing file /opt/airflow/dags/simple_dag1.py for tasks to queue
[2024-10-22T03:27:51.753+0000] {logging_mixin.py:190} INFO - [2024-10-22T03:27:51.753+0000] {dagbag.py:588} INFO - Filling up the DagBag from /opt/airflow/dags/simple_dag1.py
[2024-10-22T03:27:51.760+0000] {processor.py:925} INFO - DAG(s) 'minhlt9' retrieved from /opt/airflow/dags/simple_dag1.py
[2024-10-22T03:27:51.786+0000] {logging_mixin.py:190} INFO - [2024-10-22T03:27:51.786+0000] {dag.py:3239} INFO - Sync 1 DAGs
[2024-10-22T03:27:51.813+0000] {logging_mixin.py:190} INFO - [2024-10-22T03:27:51.813+0000] {dag.py:4180} INFO - Setting next_dagrun for minhlt9 to None, run_after=None
[2024-10-22T03:27:51.833+0000] {processor.py:208} INFO - Processing /opt/airflow/dags/simple_dag1.py took 0.095 seconds
[2024-10-22T03:28:22.393+0000] {processor.py:186} INFO - Started process (PID=56020) to work on /opt/airflow/dags/simple_dag1.py
[2024-10-22T03:28:22.394+0000] {processor.py:914} INFO - Processing file /opt/airflow/dags/simple_dag1.py for tasks to queue
[2024-10-22T03:28:22.396+0000] {logging_mixin.py:190} INFO - [2024-10-22T03:28:22.395+0000] {dagbag.py:588} INFO - Filling up the DagBag from /opt/airflow/dags/simple_dag1.py
[2024-10-22T03:28:22.405+0000] {processor.py:925} INFO - DAG(s) 'minhlt9' retrieved from /opt/airflow/dags/simple_dag1.py
[2024-10-22T03:28:22.440+0000] {logging_mixin.py:190} INFO - [2024-10-22T03:28:22.440+0000] {dag.py:3239} INFO - Sync 1 DAGs
[2024-10-22T03:28:22.480+0000] {logging_mixin.py:190} INFO - [2024-10-22T03:28:22.479+0000] {dag.py:4180} INFO - Setting next_dagrun for minhlt9 to None, run_after=None
[2024-10-22T03:28:22.507+0000] {processor.py:208} INFO - Processing /opt/airflow/dags/simple_dag1.py took 0.123 seconds
[2024-10-22T03:28:53.338+0000] {processor.py:186} INFO - Started process (PID=56086) to work on /opt/airflow/dags/simple_dag1.py
[2024-10-22T03:28:53.339+0000] {processor.py:914} INFO - Processing file /opt/airflow/dags/simple_dag1.py for tasks to queue
[2024-10-22T03:28:53.341+0000] {logging_mixin.py:190} INFO - [2024-10-22T03:28:53.341+0000] {dagbag.py:588} INFO - Filling up the DagBag from /opt/airflow/dags/simple_dag1.py
[2024-10-22T03:28:53.349+0000] {processor.py:925} INFO - DAG(s) 'minhlt9' retrieved from /opt/airflow/dags/simple_dag1.py
[2024-10-22T03:28:53.380+0000] {logging_mixin.py:190} INFO - [2024-10-22T03:28:53.380+0000] {dag.py:3239} INFO - Sync 1 DAGs
[2024-10-22T03:28:53.412+0000] {logging_mixin.py:190} INFO - [2024-10-22T03:28:53.412+0000] {dag.py:4180} INFO - Setting next_dagrun for minhlt9 to None, run_after=None
[2024-10-22T03:28:53.440+0000] {processor.py:208} INFO - Processing /opt/airflow/dags/simple_dag1.py took 0.111 seconds
[2024-10-22T03:29:23.621+0000] {processor.py:186} INFO - Started process (PID=56153) to work on /opt/airflow/dags/simple_dag1.py
[2024-10-22T03:29:23.622+0000] {processor.py:914} INFO - Processing file /opt/airflow/dags/simple_dag1.py for tasks to queue
[2024-10-22T03:29:23.623+0000] {logging_mixin.py:190} INFO - [2024-10-22T03:29:23.623+0000] {dagbag.py:588} INFO - Filling up the DagBag from /opt/airflow/dags/simple_dag1.py
[2024-10-22T03:29:23.629+0000] {processor.py:925} INFO - DAG(s) 'minhlt9' retrieved from /opt/airflow/dags/simple_dag1.py
[2024-10-22T03:29:23.656+0000] {logging_mixin.py:190} INFO - [2024-10-22T03:29:23.654+0000] {dag.py:3239} INFO - Sync 1 DAGs
[2024-10-22T03:29:23.691+0000] {logging_mixin.py:190} INFO - [2024-10-22T03:29:23.691+0000] {dag.py:4180} INFO - Setting next_dagrun for minhlt9 to None, run_after=None
[2024-10-22T03:29:23.709+0000] {processor.py:208} INFO - Processing /opt/airflow/dags/simple_dag1.py took 0.097 seconds
[2024-10-22T03:29:54.030+0000] {processor.py:186} INFO - Started process (PID=56220) to work on /opt/airflow/dags/simple_dag1.py
[2024-10-22T03:29:54.031+0000] {processor.py:914} INFO - Processing file /opt/airflow/dags/simple_dag1.py for tasks to queue
[2024-10-22T03:29:54.033+0000] {logging_mixin.py:190} INFO - [2024-10-22T03:29:54.033+0000] {dagbag.py:588} INFO - Filling up the DagBag from /opt/airflow/dags/simple_dag1.py
[2024-10-22T03:29:54.040+0000] {processor.py:925} INFO - DAG(s) 'minhlt9' retrieved from /opt/airflow/dags/simple_dag1.py
[2024-10-22T03:29:54.065+0000] {logging_mixin.py:190} INFO - [2024-10-22T03:29:54.065+0000] {dag.py:3239} INFO - Sync 1 DAGs
[2024-10-22T03:29:54.091+0000] {logging_mixin.py:190} INFO - [2024-10-22T03:29:54.091+0000] {dag.py:4180} INFO - Setting next_dagrun for minhlt9 to None, run_after=None
[2024-10-22T03:29:54.108+0000] {processor.py:208} INFO - Processing /opt/airflow/dags/simple_dag1.py took 0.086 seconds
[2024-10-22T03:30:24.300+0000] {processor.py:186} INFO - Started process (PID=56287) to work on /opt/airflow/dags/simple_dag1.py
[2024-10-22T03:30:24.301+0000] {processor.py:914} INFO - Processing file /opt/airflow/dags/simple_dag1.py for tasks to queue
[2024-10-22T03:30:24.303+0000] {logging_mixin.py:190} INFO - [2024-10-22T03:30:24.302+0000] {dagbag.py:588} INFO - Filling up the DagBag from /opt/airflow/dags/simple_dag1.py
[2024-10-22T03:30:24.310+0000] {processor.py:925} INFO - DAG(s) 'minhlt9' retrieved from /opt/airflow/dags/simple_dag1.py
[2024-10-22T03:30:24.334+0000] {logging_mixin.py:190} INFO - [2024-10-22T03:30:24.333+0000] {dag.py:3239} INFO - Sync 1 DAGs
[2024-10-22T03:30:24.357+0000] {logging_mixin.py:190} INFO - [2024-10-22T03:30:24.357+0000] {dag.py:4180} INFO - Setting next_dagrun for minhlt9 to None, run_after=None
[2024-10-22T03:30:24.374+0000] {processor.py:208} INFO - Processing /opt/airflow/dags/simple_dag1.py took 0.081 seconds
[2024-10-22T03:30:54.692+0000] {processor.py:186} INFO - Started process (PID=56354) to work on /opt/airflow/dags/simple_dag1.py
[2024-10-22T03:30:54.694+0000] {processor.py:914} INFO - Processing file /opt/airflow/dags/simple_dag1.py for tasks to queue
[2024-10-22T03:30:54.695+0000] {logging_mixin.py:190} INFO - [2024-10-22T03:30:54.695+0000] {dagbag.py:588} INFO - Filling up the DagBag from /opt/airflow/dags/simple_dag1.py
[2024-10-22T03:30:54.702+0000] {processor.py:925} INFO - DAG(s) 'minhlt9' retrieved from /opt/airflow/dags/simple_dag1.py
[2024-10-22T03:30:54.726+0000] {logging_mixin.py:190} INFO - [2024-10-22T03:30:54.725+0000] {dag.py:3239} INFO - Sync 1 DAGs
[2024-10-22T03:30:54.750+0000] {logging_mixin.py:190} INFO - [2024-10-22T03:30:54.750+0000] {dag.py:4180} INFO - Setting next_dagrun for minhlt9 to None, run_after=None
[2024-10-22T03:30:54.767+0000] {processor.py:208} INFO - Processing /opt/airflow/dags/simple_dag1.py took 0.082 seconds
[2024-10-22T03:31:25.084+0000] {processor.py:186} INFO - Started process (PID=56421) to work on /opt/airflow/dags/simple_dag1.py
[2024-10-22T03:31:25.085+0000] {processor.py:914} INFO - Processing file /opt/airflow/dags/simple_dag1.py for tasks to queue
[2024-10-22T03:31:25.087+0000] {logging_mixin.py:190} INFO - [2024-10-22T03:31:25.087+0000] {dagbag.py:588} INFO - Filling up the DagBag from /opt/airflow/dags/simple_dag1.py
[2024-10-22T03:31:25.093+0000] {processor.py:925} INFO - DAG(s) 'minhlt9' retrieved from /opt/airflow/dags/simple_dag1.py
[2024-10-22T03:31:25.125+0000] {logging_mixin.py:190} INFO - [2024-10-22T03:31:25.124+0000] {dag.py:3239} INFO - Sync 1 DAGs
[2024-10-22T03:31:25.149+0000] {logging_mixin.py:190} INFO - [2024-10-22T03:31:25.149+0000] {dag.py:4180} INFO - Setting next_dagrun for minhlt9 to None, run_after=None
[2024-10-22T03:31:25.167+0000] {processor.py:208} INFO - Processing /opt/airflow/dags/simple_dag1.py took 0.090 seconds
[2024-10-22T03:31:55.797+0000] {processor.py:186} INFO - Started process (PID=56487) to work on /opt/airflow/dags/simple_dag1.py
[2024-10-22T03:31:55.799+0000] {processor.py:914} INFO - Processing file /opt/airflow/dags/simple_dag1.py for tasks to queue
[2024-10-22T03:31:55.804+0000] {logging_mixin.py:190} INFO - [2024-10-22T03:31:55.801+0000] {dagbag.py:588} INFO - Filling up the DagBag from /opt/airflow/dags/simple_dag1.py
[2024-10-22T03:31:55.813+0000] {processor.py:925} INFO - DAG(s) 'minhlt9' retrieved from /opt/airflow/dags/simple_dag1.py
[2024-10-22T03:31:55.838+0000] {logging_mixin.py:190} INFO - [2024-10-22T03:31:55.837+0000] {dag.py:3239} INFO - Sync 1 DAGs
[2024-10-22T03:31:55.864+0000] {logging_mixin.py:190} INFO - [2024-10-22T03:31:55.863+0000] {dag.py:4180} INFO - Setting next_dagrun for minhlt9 to None, run_after=None
[2024-10-22T03:31:55.883+0000] {processor.py:208} INFO - Processing /opt/airflow/dags/simple_dag1.py took 0.093 seconds
[2024-10-22T03:32:26.301+0000] {processor.py:186} INFO - Started process (PID=56553) to work on /opt/airflow/dags/simple_dag1.py
[2024-10-22T03:32:26.302+0000] {processor.py:914} INFO - Processing file /opt/airflow/dags/simple_dag1.py for tasks to queue
[2024-10-22T03:32:26.305+0000] {logging_mixin.py:190} INFO - [2024-10-22T03:32:26.303+0000] {dagbag.py:588} INFO - Filling up the DagBag from /opt/airflow/dags/simple_dag1.py
[2024-10-22T03:32:26.319+0000] {processor.py:925} INFO - DAG(s) 'minhlt9' retrieved from /opt/airflow/dags/simple_dag1.py
[2024-10-22T03:32:26.368+0000] {logging_mixin.py:190} INFO - [2024-10-22T03:32:26.368+0000] {dag.py:3239} INFO - Sync 1 DAGs
[2024-10-22T03:32:26.401+0000] {logging_mixin.py:190} INFO - [2024-10-22T03:32:26.400+0000] {dag.py:4180} INFO - Setting next_dagrun for minhlt9 to None, run_after=None
[2024-10-22T03:32:26.450+0000] {processor.py:208} INFO - Processing /opt/airflow/dags/simple_dag1.py took 0.162 seconds
[2024-10-22T03:32:56.798+0000] {processor.py:186} INFO - Started process (PID=56619) to work on /opt/airflow/dags/simple_dag1.py
[2024-10-22T03:32:56.799+0000] {processor.py:914} INFO - Processing file /opt/airflow/dags/simple_dag1.py for tasks to queue
[2024-10-22T03:32:56.800+0000] {logging_mixin.py:190} INFO - [2024-10-22T03:32:56.800+0000] {dagbag.py:588} INFO - Filling up the DagBag from /opt/airflow/dags/simple_dag1.py
[2024-10-22T03:32:56.807+0000] {processor.py:925} INFO - DAG(s) 'minhlt9' retrieved from /opt/airflow/dags/simple_dag1.py
[2024-10-22T03:32:56.830+0000] {logging_mixin.py:190} INFO - [2024-10-22T03:32:56.829+0000] {dag.py:3239} INFO - Sync 1 DAGs
[2024-10-22T03:32:56.854+0000] {logging_mixin.py:190} INFO - [2024-10-22T03:32:56.854+0000] {dag.py:4180} INFO - Setting next_dagrun for minhlt9 to None, run_after=None
[2024-10-22T03:32:56.871+0000] {processor.py:208} INFO - Processing /opt/airflow/dags/simple_dag1.py took 0.081 seconds
[2024-10-22T03:33:27.722+0000] {processor.py:186} INFO - Started process (PID=56685) to work on /opt/airflow/dags/simple_dag1.py
[2024-10-22T03:33:27.723+0000] {processor.py:914} INFO - Processing file /opt/airflow/dags/simple_dag1.py for tasks to queue
[2024-10-22T03:33:27.724+0000] {logging_mixin.py:190} INFO - [2024-10-22T03:33:27.724+0000] {dagbag.py:588} INFO - Filling up the DagBag from /opt/airflow/dags/simple_dag1.py
[2024-10-22T03:33:27.731+0000] {processor.py:925} INFO - DAG(s) 'minhlt9' retrieved from /opt/airflow/dags/simple_dag1.py
[2024-10-22T03:33:27.753+0000] {logging_mixin.py:190} INFO - [2024-10-22T03:33:27.753+0000] {dag.py:3239} INFO - Sync 1 DAGs
[2024-10-22T03:33:27.777+0000] {logging_mixin.py:190} INFO - [2024-10-22T03:33:27.777+0000] {dag.py:4180} INFO - Setting next_dagrun for minhlt9 to None, run_after=None
[2024-10-22T03:33:27.796+0000] {processor.py:208} INFO - Processing /opt/airflow/dags/simple_dag1.py took 0.081 seconds
[2024-10-22T03:33:57.876+0000] {processor.py:186} INFO - Started process (PID=56751) to work on /opt/airflow/dags/simple_dag1.py
[2024-10-22T03:33:57.877+0000] {processor.py:914} INFO - Processing file /opt/airflow/dags/simple_dag1.py for tasks to queue
[2024-10-22T03:33:57.879+0000] {logging_mixin.py:190} INFO - [2024-10-22T03:33:57.879+0000] {dagbag.py:588} INFO - Filling up the DagBag from /opt/airflow/dags/simple_dag1.py
[2024-10-22T03:33:57.887+0000] {processor.py:925} INFO - DAG(s) 'minhlt9' retrieved from /opt/airflow/dags/simple_dag1.py
[2024-10-22T03:33:57.913+0000] {logging_mixin.py:190} INFO - [2024-10-22T03:33:57.913+0000] {dag.py:3239} INFO - Sync 1 DAGs
[2024-10-22T03:33:57.939+0000] {logging_mixin.py:190} INFO - [2024-10-22T03:33:57.938+0000] {dag.py:4180} INFO - Setting next_dagrun for minhlt9 to None, run_after=None
[2024-10-22T03:33:57.961+0000] {processor.py:208} INFO - Processing /opt/airflow/dags/simple_dag1.py took 0.093 seconds
[2024-10-22T03:34:28.347+0000] {processor.py:186} INFO - Started process (PID=56817) to work on /opt/airflow/dags/simple_dag1.py
[2024-10-22T03:34:28.349+0000] {processor.py:914} INFO - Processing file /opt/airflow/dags/simple_dag1.py for tasks to queue
[2024-10-22T03:34:28.351+0000] {logging_mixin.py:190} INFO - [2024-10-22T03:34:28.351+0000] {dagbag.py:588} INFO - Filling up the DagBag from /opt/airflow/dags/simple_dag1.py
[2024-10-22T03:34:28.361+0000] {processor.py:925} INFO - DAG(s) 'minhlt9' retrieved from /opt/airflow/dags/simple_dag1.py
[2024-10-22T03:34:28.387+0000] {logging_mixin.py:190} INFO - [2024-10-22T03:34:28.387+0000] {dag.py:3239} INFO - Sync 1 DAGs
[2024-10-22T03:34:28.417+0000] {logging_mixin.py:190} INFO - [2024-10-22T03:34:28.417+0000] {dag.py:4180} INFO - Setting next_dagrun for minhlt9 to None, run_after=None
[2024-10-22T03:34:28.446+0000] {processor.py:208} INFO - Processing /opt/airflow/dags/simple_dag1.py took 0.108 seconds
[2024-10-22T03:34:58.757+0000] {processor.py:186} INFO - Started process (PID=56884) to work on /opt/airflow/dags/simple_dag1.py
[2024-10-22T03:34:58.758+0000] {processor.py:914} INFO - Processing file /opt/airflow/dags/simple_dag1.py for tasks to queue
[2024-10-22T03:34:58.759+0000] {logging_mixin.py:190} INFO - [2024-10-22T03:34:58.759+0000] {dagbag.py:588} INFO - Filling up the DagBag from /opt/airflow/dags/simple_dag1.py
[2024-10-22T03:34:58.766+0000] {processor.py:925} INFO - DAG(s) 'minhlt9' retrieved from /opt/airflow/dags/simple_dag1.py
[2024-10-22T03:34:58.790+0000] {logging_mixin.py:190} INFO - [2024-10-22T03:34:58.789+0000] {dag.py:3239} INFO - Sync 1 DAGs
[2024-10-22T03:34:58.815+0000] {logging_mixin.py:190} INFO - [2024-10-22T03:34:58.815+0000] {dag.py:4180} INFO - Setting next_dagrun for minhlt9 to None, run_after=None
[2024-10-22T03:34:58.832+0000] {processor.py:208} INFO - Processing /opt/airflow/dags/simple_dag1.py took 0.083 seconds
[2024-10-22T03:35:29.101+0000] {processor.py:186} INFO - Started process (PID=56951) to work on /opt/airflow/dags/simple_dag1.py
[2024-10-22T03:35:29.102+0000] {processor.py:914} INFO - Processing file /opt/airflow/dags/simple_dag1.py for tasks to queue
[2024-10-22T03:35:29.103+0000] {logging_mixin.py:190} INFO - [2024-10-22T03:35:29.103+0000] {dagbag.py:588} INFO - Filling up the DagBag from /opt/airflow/dags/simple_dag1.py
[2024-10-22T03:35:29.110+0000] {processor.py:925} INFO - DAG(s) 'minhlt9' retrieved from /opt/airflow/dags/simple_dag1.py
[2024-10-22T03:35:29.137+0000] {logging_mixin.py:190} INFO - [2024-10-22T03:35:29.137+0000] {dag.py:3239} INFO - Sync 1 DAGs
[2024-10-22T03:35:29.164+0000] {logging_mixin.py:190} INFO - [2024-10-22T03:35:29.164+0000] {dag.py:4180} INFO - Setting next_dagrun for minhlt9 to None, run_after=None
[2024-10-22T03:35:29.185+0000] {processor.py:208} INFO - Processing /opt/airflow/dags/simple_dag1.py took 0.093 seconds
[2024-10-22T03:35:59.564+0000] {processor.py:186} INFO - Started process (PID=57018) to work on /opt/airflow/dags/simple_dag1.py
[2024-10-22T03:35:59.565+0000] {processor.py:914} INFO - Processing file /opt/airflow/dags/simple_dag1.py for tasks to queue
[2024-10-22T03:35:59.567+0000] {logging_mixin.py:190} INFO - [2024-10-22T03:35:59.566+0000] {dagbag.py:588} INFO - Filling up the DagBag from /opt/airflow/dags/simple_dag1.py
[2024-10-22T03:35:59.573+0000] {processor.py:925} INFO - DAG(s) 'minhlt9' retrieved from /opt/airflow/dags/simple_dag1.py
[2024-10-22T03:35:59.612+0000] {logging_mixin.py:190} INFO - [2024-10-22T03:35:59.611+0000] {dag.py:3239} INFO - Sync 1 DAGs
[2024-10-22T03:35:59.643+0000] {logging_mixin.py:190} INFO - [2024-10-22T03:35:59.642+0000] {dag.py:4180} INFO - Setting next_dagrun for minhlt9 to None, run_after=None
[2024-10-22T03:35:59.661+0000] {processor.py:208} INFO - Processing /opt/airflow/dags/simple_dag1.py took 0.104 seconds
[2024-10-22T03:36:29.946+0000] {processor.py:186} INFO - Started process (PID=57085) to work on /opt/airflow/dags/simple_dag1.py
[2024-10-22T03:36:29.948+0000] {processor.py:914} INFO - Processing file /opt/airflow/dags/simple_dag1.py for tasks to queue
[2024-10-22T03:36:29.949+0000] {logging_mixin.py:190} INFO - [2024-10-22T03:36:29.949+0000] {dagbag.py:588} INFO - Filling up the DagBag from /opt/airflow/dags/simple_dag1.py
[2024-10-22T03:36:29.955+0000] {processor.py:925} INFO - DAG(s) 'minhlt9' retrieved from /opt/airflow/dags/simple_dag1.py
[2024-10-22T03:36:29.981+0000] {logging_mixin.py:190} INFO - [2024-10-22T03:36:29.980+0000] {dag.py:3239} INFO - Sync 1 DAGs
[2024-10-22T03:36:30.006+0000] {logging_mixin.py:190} INFO - [2024-10-22T03:36:30.006+0000] {dag.py:4180} INFO - Setting next_dagrun for minhlt9 to None, run_after=None
[2024-10-22T03:36:30.026+0000] {processor.py:208} INFO - Processing /opt/airflow/dags/simple_dag1.py took 0.087 seconds
[2024-10-22T03:37:00.810+0000] {processor.py:186} INFO - Started process (PID=57152) to work on /opt/airflow/dags/simple_dag1.py
[2024-10-22T03:37:00.812+0000] {processor.py:914} INFO - Processing file /opt/airflow/dags/simple_dag1.py for tasks to queue
[2024-10-22T03:37:00.813+0000] {logging_mixin.py:190} INFO - [2024-10-22T03:37:00.813+0000] {dagbag.py:588} INFO - Filling up the DagBag from /opt/airflow/dags/simple_dag1.py
[2024-10-22T03:37:00.819+0000] {processor.py:925} INFO - DAG(s) 'minhlt9' retrieved from /opt/airflow/dags/simple_dag1.py
[2024-10-22T03:37:00.845+0000] {logging_mixin.py:190} INFO - [2024-10-22T03:37:00.845+0000] {dag.py:3239} INFO - Sync 1 DAGs
[2024-10-22T03:37:00.875+0000] {logging_mixin.py:190} INFO - [2024-10-22T03:37:00.875+0000] {dag.py:4180} INFO - Setting next_dagrun for minhlt9 to None, run_after=None
[2024-10-22T03:37:00.895+0000] {processor.py:208} INFO - Processing /opt/airflow/dags/simple_dag1.py took 0.091 seconds
[2024-10-22T03:37:31.630+0000] {processor.py:186} INFO - Started process (PID=57219) to work on /opt/airflow/dags/simple_dag1.py
[2024-10-22T03:37:31.631+0000] {processor.py:914} INFO - Processing file /opt/airflow/dags/simple_dag1.py for tasks to queue
[2024-10-22T03:37:31.633+0000] {logging_mixin.py:190} INFO - [2024-10-22T03:37:31.633+0000] {dagbag.py:588} INFO - Filling up the DagBag from /opt/airflow/dags/simple_dag1.py
[2024-10-22T03:37:31.642+0000] {processor.py:925} INFO - DAG(s) 'minhlt9' retrieved from /opt/airflow/dags/simple_dag1.py
[2024-10-22T03:37:31.675+0000] {logging_mixin.py:190} INFO - [2024-10-22T03:37:31.675+0000] {dag.py:3239} INFO - Sync 1 DAGs
[2024-10-22T03:37:31.703+0000] {logging_mixin.py:190} INFO - [2024-10-22T03:37:31.702+0000] {dag.py:4180} INFO - Setting next_dagrun for minhlt9 to None, run_after=None
[2024-10-22T03:37:31.725+0000] {processor.py:208} INFO - Processing /opt/airflow/dags/simple_dag1.py took 0.104 seconds
[2024-10-22T03:38:01.943+0000] {processor.py:186} INFO - Started process (PID=57286) to work on /opt/airflow/dags/simple_dag1.py
[2024-10-22T03:38:01.944+0000] {processor.py:914} INFO - Processing file /opt/airflow/dags/simple_dag1.py for tasks to queue
[2024-10-22T03:38:01.946+0000] {logging_mixin.py:190} INFO - [2024-10-22T03:38:01.945+0000] {dagbag.py:588} INFO - Filling up the DagBag from /opt/airflow/dags/simple_dag1.py
[2024-10-22T03:38:01.952+0000] {processor.py:925} INFO - DAG(s) 'minhlt9' retrieved from /opt/airflow/dags/simple_dag1.py
[2024-10-22T03:38:01.979+0000] {logging_mixin.py:190} INFO - [2024-10-22T03:38:01.978+0000] {dag.py:3239} INFO - Sync 1 DAGs
[2024-10-22T03:38:02.006+0000] {logging_mixin.py:190} INFO - [2024-10-22T03:38:02.005+0000] {dag.py:4180} INFO - Setting next_dagrun for minhlt9 to None, run_after=None
[2024-10-22T03:38:02.024+0000] {processor.py:208} INFO - Processing /opt/airflow/dags/simple_dag1.py took 0.088 seconds
[2024-10-22T03:38:32.284+0000] {processor.py:186} INFO - Started process (PID=57353) to work on /opt/airflow/dags/simple_dag1.py
[2024-10-22T03:38:32.285+0000] {processor.py:914} INFO - Processing file /opt/airflow/dags/simple_dag1.py for tasks to queue
[2024-10-22T03:38:32.287+0000] {logging_mixin.py:190} INFO - [2024-10-22T03:38:32.286+0000] {dagbag.py:588} INFO - Filling up the DagBag from /opt/airflow/dags/simple_dag1.py
[2024-10-22T03:38:32.296+0000] {processor.py:925} INFO - DAG(s) 'minhlt9' retrieved from /opt/airflow/dags/simple_dag1.py
[2024-10-22T03:38:32.360+0000] {logging_mixin.py:190} INFO - [2024-10-22T03:38:32.359+0000] {dag.py:3239} INFO - Sync 1 DAGs
[2024-10-22T03:38:32.385+0000] {logging_mixin.py:190} INFO - [2024-10-22T03:38:32.385+0000] {dag.py:4180} INFO - Setting next_dagrun for minhlt9 to None, run_after=None
[2024-10-22T03:38:32.405+0000] {processor.py:208} INFO - Processing /opt/airflow/dags/simple_dag1.py took 0.130 seconds
[2024-10-22T03:39:02.921+0000] {processor.py:186} INFO - Started process (PID=57420) to work on /opt/airflow/dags/simple_dag1.py
[2024-10-22T03:39:02.922+0000] {processor.py:914} INFO - Processing file /opt/airflow/dags/simple_dag1.py for tasks to queue
[2024-10-22T03:39:02.923+0000] {logging_mixin.py:190} INFO - [2024-10-22T03:39:02.922+0000] {dagbag.py:588} INFO - Filling up the DagBag from /opt/airflow/dags/simple_dag1.py
[2024-10-22T03:39:02.929+0000] {processor.py:925} INFO - DAG(s) 'minhlt9' retrieved from /opt/airflow/dags/simple_dag1.py
[2024-10-22T03:39:02.953+0000] {logging_mixin.py:190} INFO - [2024-10-22T03:39:02.952+0000] {dag.py:3239} INFO - Sync 1 DAGs
[2024-10-22T03:39:02.979+0000] {logging_mixin.py:190} INFO - [2024-10-22T03:39:02.979+0000] {dag.py:4180} INFO - Setting next_dagrun for minhlt9 to None, run_after=None
[2024-10-22T03:39:02.999+0000] {processor.py:208} INFO - Processing /opt/airflow/dags/simple_dag1.py took 0.085 seconds
[2024-10-22T03:39:33.448+0000] {processor.py:186} INFO - Started process (PID=57487) to work on /opt/airflow/dags/simple_dag1.py
[2024-10-22T03:39:33.449+0000] {processor.py:914} INFO - Processing file /opt/airflow/dags/simple_dag1.py for tasks to queue
[2024-10-22T03:39:33.451+0000] {logging_mixin.py:190} INFO - [2024-10-22T03:39:33.450+0000] {dagbag.py:588} INFO - Filling up the DagBag from /opt/airflow/dags/simple_dag1.py
[2024-10-22T03:39:33.457+0000] {processor.py:925} INFO - DAG(s) 'minhlt9' retrieved from /opt/airflow/dags/simple_dag1.py
[2024-10-22T03:39:33.481+0000] {logging_mixin.py:190} INFO - [2024-10-22T03:39:33.481+0000] {dag.py:3239} INFO - Sync 1 DAGs
[2024-10-22T03:39:33.505+0000] {logging_mixin.py:190} INFO - [2024-10-22T03:39:33.505+0000] {dag.py:4180} INFO - Setting next_dagrun for minhlt9 to None, run_after=None
[2024-10-22T03:39:33.523+0000] {processor.py:208} INFO - Processing /opt/airflow/dags/simple_dag1.py took 0.083 seconds
[2024-10-22T03:40:04.362+0000] {processor.py:186} INFO - Started process (PID=57554) to work on /opt/airflow/dags/simple_dag1.py
[2024-10-22T03:40:04.363+0000] {processor.py:914} INFO - Processing file /opt/airflow/dags/simple_dag1.py for tasks to queue
[2024-10-22T03:40:04.365+0000] {logging_mixin.py:190} INFO - [2024-10-22T03:40:04.364+0000] {dagbag.py:588} INFO - Filling up the DagBag from /opt/airflow/dags/simple_dag1.py
[2024-10-22T03:40:04.372+0000] {processor.py:925} INFO - DAG(s) 'minhlt9' retrieved from /opt/airflow/dags/simple_dag1.py
[2024-10-22T03:40:04.397+0000] {logging_mixin.py:190} INFO - [2024-10-22T03:40:04.397+0000] {dag.py:3239} INFO - Sync 1 DAGs
[2024-10-22T03:40:04.424+0000] {logging_mixin.py:190} INFO - [2024-10-22T03:40:04.424+0000] {dag.py:4180} INFO - Setting next_dagrun for minhlt9 to None, run_after=None
[2024-10-22T03:40:04.449+0000] {processor.py:208} INFO - Processing /opt/airflow/dags/simple_dag1.py took 0.094 seconds
[2024-10-22T03:40:34.821+0000] {processor.py:186} INFO - Started process (PID=57627) to work on /opt/airflow/dags/simple_dag1.py
[2024-10-22T03:40:34.822+0000] {processor.py:914} INFO - Processing file /opt/airflow/dags/simple_dag1.py for tasks to queue
[2024-10-22T03:40:34.824+0000] {logging_mixin.py:190} INFO - [2024-10-22T03:40:34.824+0000] {dagbag.py:588} INFO - Filling up the DagBag from /opt/airflow/dags/simple_dag1.py
[2024-10-22T03:40:34.832+0000] {processor.py:925} INFO - DAG(s) 'minhlt9' retrieved from /opt/airflow/dags/simple_dag1.py
[2024-10-22T03:40:34.863+0000] {logging_mixin.py:190} INFO - [2024-10-22T03:40:34.862+0000] {dag.py:3239} INFO - Sync 1 DAGs
[2024-10-22T03:40:34.892+0000] {logging_mixin.py:190} INFO - [2024-10-22T03:40:34.892+0000] {dag.py:4180} INFO - Setting next_dagrun for minhlt9 to None, run_after=None
[2024-10-22T03:40:34.914+0000] {processor.py:208} INFO - Processing /opt/airflow/dags/simple_dag1.py took 0.103 seconds
[2024-10-22T03:41:05.136+0000] {processor.py:186} INFO - Started process (PID=57694) to work on /opt/airflow/dags/simple_dag1.py
[2024-10-22T03:41:05.137+0000] {processor.py:914} INFO - Processing file /opt/airflow/dags/simple_dag1.py for tasks to queue
[2024-10-22T03:41:05.139+0000] {logging_mixin.py:190} INFO - [2024-10-22T03:41:05.138+0000] {dagbag.py:588} INFO - Filling up the DagBag from /opt/airflow/dags/simple_dag1.py
[2024-10-22T03:41:05.145+0000] {processor.py:925} INFO - DAG(s) 'minhlt9' retrieved from /opt/airflow/dags/simple_dag1.py
[2024-10-22T03:41:05.172+0000] {logging_mixin.py:190} INFO - [2024-10-22T03:41:05.171+0000] {dag.py:3239} INFO - Sync 1 DAGs
[2024-10-22T03:41:05.201+0000] {logging_mixin.py:190} INFO - [2024-10-22T03:41:05.201+0000] {dag.py:4180} INFO - Setting next_dagrun for minhlt9 to None, run_after=None
[2024-10-22T03:41:05.232+0000] {processor.py:208} INFO - Processing /opt/airflow/dags/simple_dag1.py took 0.111 seconds
[2024-10-22T03:41:35.491+0000] {processor.py:186} INFO - Started process (PID=57761) to work on /opt/airflow/dags/simple_dag1.py
[2024-10-22T03:41:35.493+0000] {processor.py:914} INFO - Processing file /opt/airflow/dags/simple_dag1.py for tasks to queue
[2024-10-22T03:41:35.494+0000] {logging_mixin.py:190} INFO - [2024-10-22T03:41:35.494+0000] {dagbag.py:588} INFO - Filling up the DagBag from /opt/airflow/dags/simple_dag1.py
[2024-10-22T03:41:35.501+0000] {processor.py:925} INFO - DAG(s) 'minhlt9' retrieved from /opt/airflow/dags/simple_dag1.py
[2024-10-22T03:41:35.526+0000] {logging_mixin.py:190} INFO - [2024-10-22T03:41:35.525+0000] {dag.py:3239} INFO - Sync 1 DAGs
[2024-10-22T03:41:35.551+0000] {logging_mixin.py:190} INFO - [2024-10-22T03:41:35.551+0000] {dag.py:4180} INFO - Setting next_dagrun for minhlt9 to None, run_after=None
[2024-10-22T03:41:35.569+0000] {processor.py:208} INFO - Processing /opt/airflow/dags/simple_dag1.py took 0.085 seconds
[2024-10-22T03:42:05.878+0000] {processor.py:186} INFO - Started process (PID=57828) to work on /opt/airflow/dags/simple_dag1.py
[2024-10-22T03:42:05.879+0000] {processor.py:914} INFO - Processing file /opt/airflow/dags/simple_dag1.py for tasks to queue
[2024-10-22T03:42:05.881+0000] {logging_mixin.py:190} INFO - [2024-10-22T03:42:05.881+0000] {dagbag.py:588} INFO - Filling up the DagBag from /opt/airflow/dags/simple_dag1.py
[2024-10-22T03:42:05.888+0000] {processor.py:925} INFO - DAG(s) 'minhlt9' retrieved from /opt/airflow/dags/simple_dag1.py
[2024-10-22T03:42:05.914+0000] {logging_mixin.py:190} INFO - [2024-10-22T03:42:05.914+0000] {dag.py:3239} INFO - Sync 1 DAGs
[2024-10-22T03:42:05.948+0000] {logging_mixin.py:190} INFO - [2024-10-22T03:42:05.948+0000] {dag.py:4180} INFO - Setting next_dagrun for minhlt9 to None, run_after=None
[2024-10-22T03:42:05.976+0000] {processor.py:208} INFO - Processing /opt/airflow/dags/simple_dag1.py took 0.107 seconds
[2024-10-22T03:42:36.404+0000] {processor.py:186} INFO - Started process (PID=57895) to work on /opt/airflow/dags/simple_dag1.py
[2024-10-22T03:42:36.405+0000] {processor.py:914} INFO - Processing file /opt/airflow/dags/simple_dag1.py for tasks to queue
[2024-10-22T03:42:36.407+0000] {logging_mixin.py:190} INFO - [2024-10-22T03:42:36.407+0000] {dagbag.py:588} INFO - Filling up the DagBag from /opt/airflow/dags/simple_dag1.py
[2024-10-22T03:42:36.414+0000] {processor.py:925} INFO - DAG(s) 'minhlt9' retrieved from /opt/airflow/dags/simple_dag1.py
[2024-10-22T03:42:36.442+0000] {logging_mixin.py:190} INFO - [2024-10-22T03:42:36.442+0000] {dag.py:3239} INFO - Sync 1 DAGs
[2024-10-22T03:42:36.467+0000] {logging_mixin.py:190} INFO - [2024-10-22T03:42:36.466+0000] {dag.py:4180} INFO - Setting next_dagrun for minhlt9 to None, run_after=None
[2024-10-22T03:42:36.486+0000] {processor.py:208} INFO - Processing /opt/airflow/dags/simple_dag1.py took 0.090 seconds
[2024-10-22T03:43:07.290+0000] {processor.py:186} INFO - Started process (PID=57962) to work on /opt/airflow/dags/simple_dag1.py
[2024-10-22T03:43:07.291+0000] {processor.py:914} INFO - Processing file /opt/airflow/dags/simple_dag1.py for tasks to queue
[2024-10-22T03:43:07.293+0000] {logging_mixin.py:190} INFO - [2024-10-22T03:43:07.292+0000] {dagbag.py:588} INFO - Filling up the DagBag from /opt/airflow/dags/simple_dag1.py
[2024-10-22T03:43:07.300+0000] {processor.py:925} INFO - DAG(s) 'minhlt9' retrieved from /opt/airflow/dags/simple_dag1.py
[2024-10-22T03:43:07.324+0000] {logging_mixin.py:190} INFO - [2024-10-22T03:43:07.324+0000] {dag.py:3239} INFO - Sync 1 DAGs
[2024-10-22T03:43:07.349+0000] {logging_mixin.py:190} INFO - [2024-10-22T03:43:07.349+0000] {dag.py:4180} INFO - Setting next_dagrun for minhlt9 to None, run_after=None
[2024-10-22T03:43:07.367+0000] {processor.py:208} INFO - Processing /opt/airflow/dags/simple_dag1.py took 0.085 seconds
[2024-10-22T03:43:37.737+0000] {processor.py:186} INFO - Started process (PID=58029) to work on /opt/airflow/dags/simple_dag1.py
[2024-10-22T03:43:37.738+0000] {processor.py:914} INFO - Processing file /opt/airflow/dags/simple_dag1.py for tasks to queue
[2024-10-22T03:43:37.740+0000] {logging_mixin.py:190} INFO - [2024-10-22T03:43:37.739+0000] {dagbag.py:588} INFO - Filling up the DagBag from /opt/airflow/dags/simple_dag1.py
[2024-10-22T03:43:37.746+0000] {processor.py:925} INFO - DAG(s) 'minhlt9' retrieved from /opt/airflow/dags/simple_dag1.py
[2024-10-22T03:43:37.771+0000] {logging_mixin.py:190} INFO - [2024-10-22T03:43:37.771+0000] {dag.py:3239} INFO - Sync 1 DAGs
[2024-10-22T03:43:37.795+0000] {logging_mixin.py:190} INFO - [2024-10-22T03:43:37.795+0000] {dag.py:4180} INFO - Setting next_dagrun for minhlt9 to None, run_after=None
[2024-10-22T03:43:37.813+0000] {processor.py:208} INFO - Processing /opt/airflow/dags/simple_dag1.py took 0.083 seconds
[2024-10-22T03:44:08.648+0000] {processor.py:186} INFO - Started process (PID=58096) to work on /opt/airflow/dags/simple_dag1.py
[2024-10-22T03:44:08.649+0000] {processor.py:914} INFO - Processing file /opt/airflow/dags/simple_dag1.py for tasks to queue
[2024-10-22T03:44:08.651+0000] {logging_mixin.py:190} INFO - [2024-10-22T03:44:08.651+0000] {dagbag.py:588} INFO - Filling up the DagBag from /opt/airflow/dags/simple_dag1.py
[2024-10-22T03:44:08.657+0000] {processor.py:925} INFO - DAG(s) 'minhlt9' retrieved from /opt/airflow/dags/simple_dag1.py
[2024-10-22T03:44:08.691+0000] {logging_mixin.py:190} INFO - [2024-10-22T03:44:08.691+0000] {dag.py:3239} INFO - Sync 1 DAGs
[2024-10-22T03:44:08.715+0000] {logging_mixin.py:190} INFO - [2024-10-22T03:44:08.715+0000] {dag.py:4180} INFO - Setting next_dagrun for minhlt9 to None, run_after=None
[2024-10-22T03:44:08.733+0000] {processor.py:208} INFO - Processing /opt/airflow/dags/simple_dag1.py took 0.093 seconds
[2024-10-22T03:44:39.186+0000] {processor.py:186} INFO - Started process (PID=58163) to work on /opt/airflow/dags/simple_dag1.py
[2024-10-22T03:44:39.187+0000] {processor.py:914} INFO - Processing file /opt/airflow/dags/simple_dag1.py for tasks to queue
[2024-10-22T03:44:39.188+0000] {logging_mixin.py:190} INFO - [2024-10-22T03:44:39.188+0000] {dagbag.py:588} INFO - Filling up the DagBag from /opt/airflow/dags/simple_dag1.py
[2024-10-22T03:44:39.195+0000] {processor.py:925} INFO - DAG(s) 'minhlt9' retrieved from /opt/airflow/dags/simple_dag1.py
[2024-10-22T03:44:39.220+0000] {logging_mixin.py:190} INFO - [2024-10-22T03:44:39.220+0000] {dag.py:3239} INFO - Sync 1 DAGs
[2024-10-22T03:44:39.247+0000] {logging_mixin.py:190} INFO - [2024-10-22T03:44:39.246+0000] {dag.py:4180} INFO - Setting next_dagrun for minhlt9 to None, run_after=None
[2024-10-22T03:44:39.265+0000] {processor.py:208} INFO - Processing /opt/airflow/dags/simple_dag1.py took 0.087 seconds
[2024-10-22T03:45:09.355+0000] {processor.py:186} INFO - Started process (PID=58230) to work on /opt/airflow/dags/simple_dag1.py
[2024-10-22T03:45:09.356+0000] {processor.py:914} INFO - Processing file /opt/airflow/dags/simple_dag1.py for tasks to queue
[2024-10-22T03:45:09.358+0000] {logging_mixin.py:190} INFO - [2024-10-22T03:45:09.358+0000] {dagbag.py:588} INFO - Filling up the DagBag from /opt/airflow/dags/simple_dag1.py
[2024-10-22T03:45:09.364+0000] {processor.py:925} INFO - DAG(s) 'minhlt9' retrieved from /opt/airflow/dags/simple_dag1.py
[2024-10-22T03:45:09.390+0000] {logging_mixin.py:190} INFO - [2024-10-22T03:45:09.390+0000] {dag.py:3239} INFO - Sync 1 DAGs
[2024-10-22T03:45:09.415+0000] {logging_mixin.py:190} INFO - [2024-10-22T03:45:09.415+0000] {dag.py:4180} INFO - Setting next_dagrun for minhlt9 to None, run_after=None
[2024-10-22T03:45:09.433+0000] {processor.py:208} INFO - Processing /opt/airflow/dags/simple_dag1.py took 0.086 seconds
[2024-10-22T03:45:39.751+0000] {processor.py:186} INFO - Started process (PID=58296) to work on /opt/airflow/dags/simple_dag1.py
[2024-10-22T03:45:39.752+0000] {processor.py:914} INFO - Processing file /opt/airflow/dags/simple_dag1.py for tasks to queue
[2024-10-22T03:45:39.754+0000] {logging_mixin.py:190} INFO - [2024-10-22T03:45:39.753+0000] {dagbag.py:588} INFO - Filling up the DagBag from /opt/airflow/dags/simple_dag1.py
[2024-10-22T03:45:39.760+0000] {processor.py:925} INFO - DAG(s) 'minhlt9' retrieved from /opt/airflow/dags/simple_dag1.py
[2024-10-22T03:45:39.785+0000] {logging_mixin.py:190} INFO - [2024-10-22T03:45:39.785+0000] {dag.py:3239} INFO - Sync 1 DAGs
[2024-10-22T03:45:39.808+0000] {logging_mixin.py:190} INFO - [2024-10-22T03:45:39.808+0000] {dag.py:4180} INFO - Setting next_dagrun for minhlt9 to None, run_after=None
[2024-10-22T03:45:39.827+0000] {processor.py:208} INFO - Processing /opt/airflow/dags/simple_dag1.py took 0.083 seconds
[2024-10-22T03:46:10.070+0000] {processor.py:186} INFO - Started process (PID=58363) to work on /opt/airflow/dags/simple_dag1.py
[2024-10-22T03:46:10.071+0000] {processor.py:914} INFO - Processing file /opt/airflow/dags/simple_dag1.py for tasks to queue
[2024-10-22T03:46:10.072+0000] {logging_mixin.py:190} INFO - [2024-10-22T03:46:10.072+0000] {dagbag.py:588} INFO - Filling up the DagBag from /opt/airflow/dags/simple_dag1.py
[2024-10-22T03:46:10.078+0000] {processor.py:925} INFO - DAG(s) 'minhlt9' retrieved from /opt/airflow/dags/simple_dag1.py
[2024-10-22T03:46:10.104+0000] {logging_mixin.py:190} INFO - [2024-10-22T03:46:10.103+0000] {dag.py:3239} INFO - Sync 1 DAGs
[2024-10-22T03:46:10.136+0000] {logging_mixin.py:190} INFO - [2024-10-22T03:46:10.136+0000] {dag.py:4180} INFO - Setting next_dagrun for minhlt9 to None, run_after=None
[2024-10-22T03:46:10.154+0000] {processor.py:208} INFO - Processing /opt/airflow/dags/simple_dag1.py took 0.092 seconds
[2024-10-22T03:46:40.522+0000] {processor.py:186} INFO - Started process (PID=58430) to work on /opt/airflow/dags/simple_dag1.py
[2024-10-22T03:46:40.524+0000] {processor.py:914} INFO - Processing file /opt/airflow/dags/simple_dag1.py for tasks to queue
[2024-10-22T03:46:40.525+0000] {logging_mixin.py:190} INFO - [2024-10-22T03:46:40.524+0000] {dagbag.py:588} INFO - Filling up the DagBag from /opt/airflow/dags/simple_dag1.py
[2024-10-22T03:46:40.531+0000] {processor.py:925} INFO - DAG(s) 'minhlt9' retrieved from /opt/airflow/dags/simple_dag1.py
[2024-10-22T03:46:40.559+0000] {logging_mixin.py:190} INFO - [2024-10-22T03:46:40.559+0000] {dag.py:3239} INFO - Sync 1 DAGs
[2024-10-22T03:46:40.583+0000] {logging_mixin.py:190} INFO - [2024-10-22T03:46:40.583+0000] {dag.py:4180} INFO - Setting next_dagrun for minhlt9 to None, run_after=None
[2024-10-22T03:46:40.602+0000] {processor.py:208} INFO - Processing /opt/airflow/dags/simple_dag1.py took 0.087 seconds
[2024-10-22T03:47:10.772+0000] {processor.py:186} INFO - Started process (PID=58497) to work on /opt/airflow/dags/simple_dag1.py
[2024-10-22T03:47:10.773+0000] {processor.py:914} INFO - Processing file /opt/airflow/dags/simple_dag1.py for tasks to queue
[2024-10-22T03:47:10.775+0000] {logging_mixin.py:190} INFO - [2024-10-22T03:47:10.775+0000] {dagbag.py:588} INFO - Filling up the DagBag from /opt/airflow/dags/simple_dag1.py
[2024-10-22T03:47:10.781+0000] {processor.py:925} INFO - DAG(s) 'minhlt9' retrieved from /opt/airflow/dags/simple_dag1.py
[2024-10-22T03:47:10.809+0000] {logging_mixin.py:190} INFO - [2024-10-22T03:47:10.809+0000] {dag.py:3239} INFO - Sync 1 DAGs
[2024-10-22T03:47:10.835+0000] {logging_mixin.py:190} INFO - [2024-10-22T03:47:10.835+0000] {dag.py:4180} INFO - Setting next_dagrun for minhlt9 to None, run_after=None
[2024-10-22T03:47:10.853+0000] {processor.py:208} INFO - Processing /opt/airflow/dags/simple_dag1.py took 0.088 seconds
[2024-10-22T03:47:41.064+0000] {processor.py:186} INFO - Started process (PID=58564) to work on /opt/airflow/dags/simple_dag1.py
[2024-10-22T03:47:41.065+0000] {processor.py:914} INFO - Processing file /opt/airflow/dags/simple_dag1.py for tasks to queue
[2024-10-22T03:47:41.067+0000] {logging_mixin.py:190} INFO - [2024-10-22T03:47:41.066+0000] {dagbag.py:588} INFO - Filling up the DagBag from /opt/airflow/dags/simple_dag1.py
[2024-10-22T03:47:41.073+0000] {processor.py:925} INFO - DAG(s) 'minhlt9' retrieved from /opt/airflow/dags/simple_dag1.py
[2024-10-22T03:47:41.097+0000] {logging_mixin.py:190} INFO - [2024-10-22T03:47:41.097+0000] {dag.py:3239} INFO - Sync 1 DAGs
[2024-10-22T03:47:41.120+0000] {logging_mixin.py:190} INFO - [2024-10-22T03:47:41.120+0000] {dag.py:4180} INFO - Setting next_dagrun for minhlt9 to None, run_after=None
[2024-10-22T03:47:41.139+0000] {processor.py:208} INFO - Processing /opt/airflow/dags/simple_dag1.py took 0.082 seconds
[2024-10-22T03:48:11.877+0000] {processor.py:186} INFO - Started process (PID=58630) to work on /opt/airflow/dags/simple_dag1.py
[2024-10-22T03:48:11.878+0000] {processor.py:914} INFO - Processing file /opt/airflow/dags/simple_dag1.py for tasks to queue
[2024-10-22T03:48:11.881+0000] {logging_mixin.py:190} INFO - [2024-10-22T03:48:11.880+0000] {dagbag.py:588} INFO - Filling up the DagBag from /opt/airflow/dags/simple_dag1.py
[2024-10-22T03:48:11.890+0000] {processor.py:925} INFO - DAG(s) 'minhlt9' retrieved from /opt/airflow/dags/simple_dag1.py
[2024-10-22T03:48:11.927+0000] {logging_mixin.py:190} INFO - [2024-10-22T03:48:11.927+0000] {dag.py:3239} INFO - Sync 1 DAGs
[2024-10-22T03:48:11.957+0000] {logging_mixin.py:190} INFO - [2024-10-22T03:48:11.956+0000] {dag.py:4180} INFO - Setting next_dagrun for minhlt9 to None, run_after=None
[2024-10-22T03:48:11.975+0000] {processor.py:208} INFO - Processing /opt/airflow/dags/simple_dag1.py took 0.108 seconds
[2024-10-22T03:48:42.851+0000] {processor.py:186} INFO - Started process (PID=58697) to work on /opt/airflow/dags/simple_dag1.py
[2024-10-22T03:48:42.852+0000] {processor.py:914} INFO - Processing file /opt/airflow/dags/simple_dag1.py for tasks to queue
[2024-10-22T03:48:42.854+0000] {logging_mixin.py:190} INFO - [2024-10-22T03:48:42.853+0000] {dagbag.py:588} INFO - Filling up the DagBag from /opt/airflow/dags/simple_dag1.py
[2024-10-22T03:48:42.860+0000] {processor.py:925} INFO - DAG(s) 'minhlt9' retrieved from /opt/airflow/dags/simple_dag1.py
[2024-10-22T03:48:42.884+0000] {logging_mixin.py:190} INFO - [2024-10-22T03:48:42.883+0000] {dag.py:3239} INFO - Sync 1 DAGs
[2024-10-22T03:48:42.907+0000] {logging_mixin.py:190} INFO - [2024-10-22T03:48:42.907+0000] {dag.py:4180} INFO - Setting next_dagrun for minhlt9 to None, run_after=None
[2024-10-22T03:48:42.925+0000] {processor.py:208} INFO - Processing /opt/airflow/dags/simple_dag1.py took 0.081 seconds
[2024-10-22T03:49:13.228+0000] {processor.py:186} INFO - Started process (PID=58764) to work on /opt/airflow/dags/simple_dag1.py
[2024-10-22T03:49:13.229+0000] {processor.py:914} INFO - Processing file /opt/airflow/dags/simple_dag1.py for tasks to queue
[2024-10-22T03:49:13.231+0000] {logging_mixin.py:190} INFO - [2024-10-22T03:49:13.230+0000] {dagbag.py:588} INFO - Filling up the DagBag from /opt/airflow/dags/simple_dag1.py
[2024-10-22T03:49:13.237+0000] {processor.py:925} INFO - DAG(s) 'minhlt9' retrieved from /opt/airflow/dags/simple_dag1.py
[2024-10-22T03:49:13.262+0000] {logging_mixin.py:190} INFO - [2024-10-22T03:49:13.262+0000] {dag.py:3239} INFO - Sync 1 DAGs
[2024-10-22T03:49:13.289+0000] {logging_mixin.py:190} INFO - [2024-10-22T03:49:13.288+0000] {dag.py:4180} INFO - Setting next_dagrun for minhlt9 to None, run_after=None
[2024-10-22T03:49:13.307+0000] {processor.py:208} INFO - Processing /opt/airflow/dags/simple_dag1.py took 0.087 seconds
[2024-10-22T03:49:44.078+0000] {processor.py:186} INFO - Started process (PID=58831) to work on /opt/airflow/dags/simple_dag1.py
[2024-10-22T03:49:44.080+0000] {processor.py:914} INFO - Processing file /opt/airflow/dags/simple_dag1.py for tasks to queue
[2024-10-22T03:49:44.081+0000] {logging_mixin.py:190} INFO - [2024-10-22T03:49:44.081+0000] {dagbag.py:588} INFO - Filling up the DagBag from /opt/airflow/dags/simple_dag1.py
[2024-10-22T03:49:44.087+0000] {processor.py:925} INFO - DAG(s) 'minhlt9' retrieved from /opt/airflow/dags/simple_dag1.py
[2024-10-22T03:49:44.112+0000] {logging_mixin.py:190} INFO - [2024-10-22T03:49:44.112+0000] {dag.py:3239} INFO - Sync 1 DAGs
[2024-10-22T03:49:44.136+0000] {logging_mixin.py:190} INFO - [2024-10-22T03:49:44.136+0000] {dag.py:4180} INFO - Setting next_dagrun for minhlt9 to None, run_after=None
[2024-10-22T03:49:44.154+0000] {processor.py:208} INFO - Processing /opt/airflow/dags/simple_dag1.py took 0.084 seconds
[2024-10-22T03:50:14.469+0000] {processor.py:186} INFO - Started process (PID=58898) to work on /opt/airflow/dags/simple_dag1.py
[2024-10-22T03:50:14.470+0000] {processor.py:914} INFO - Processing file /opt/airflow/dags/simple_dag1.py for tasks to queue
[2024-10-22T03:50:14.472+0000] {logging_mixin.py:190} INFO - [2024-10-22T03:50:14.472+0000] {dagbag.py:588} INFO - Filling up the DagBag from /opt/airflow/dags/simple_dag1.py
[2024-10-22T03:50:14.479+0000] {processor.py:925} INFO - DAG(s) 'minhlt9' retrieved from /opt/airflow/dags/simple_dag1.py
[2024-10-22T03:50:14.506+0000] {logging_mixin.py:190} INFO - [2024-10-22T03:50:14.506+0000] {dag.py:3239} INFO - Sync 1 DAGs
[2024-10-22T03:50:14.532+0000] {logging_mixin.py:190} INFO - [2024-10-22T03:50:14.532+0000] {dag.py:4180} INFO - Setting next_dagrun for minhlt9 to None, run_after=None
[2024-10-22T03:50:14.548+0000] {processor.py:208} INFO - Processing /opt/airflow/dags/simple_dag1.py took 0.087 seconds
[2024-10-22T03:50:45.301+0000] {processor.py:186} INFO - Started process (PID=58965) to work on /opt/airflow/dags/simple_dag1.py
[2024-10-22T03:50:45.302+0000] {processor.py:914} INFO - Processing file /opt/airflow/dags/simple_dag1.py for tasks to queue
[2024-10-22T03:50:45.304+0000] {logging_mixin.py:190} INFO - [2024-10-22T03:50:45.303+0000] {dagbag.py:588} INFO - Filling up the DagBag from /opt/airflow/dags/simple_dag1.py
[2024-10-22T03:50:45.310+0000] {processor.py:925} INFO - DAG(s) 'minhlt9' retrieved from /opt/airflow/dags/simple_dag1.py
[2024-10-22T03:50:45.334+0000] {logging_mixin.py:190} INFO - [2024-10-22T03:50:45.334+0000] {dag.py:3239} INFO - Sync 1 DAGs
[2024-10-22T03:50:45.359+0000] {logging_mixin.py:190} INFO - [2024-10-22T03:50:45.359+0000] {dag.py:4180} INFO - Setting next_dagrun for minhlt9 to None, run_after=None
[2024-10-22T03:50:45.375+0000] {processor.py:208} INFO - Processing /opt/airflow/dags/simple_dag1.py took 0.082 seconds
[2024-10-22T03:51:15.722+0000] {processor.py:186} INFO - Started process (PID=59032) to work on /opt/airflow/dags/simple_dag1.py
[2024-10-22T03:51:15.724+0000] {processor.py:914} INFO - Processing file /opt/airflow/dags/simple_dag1.py for tasks to queue
[2024-10-22T03:51:15.726+0000] {logging_mixin.py:190} INFO - [2024-10-22T03:51:15.726+0000] {dagbag.py:588} INFO - Filling up the DagBag from /opt/airflow/dags/simple_dag1.py
[2024-10-22T03:51:15.733+0000] {processor.py:925} INFO - DAG(s) 'minhlt9' retrieved from /opt/airflow/dags/simple_dag1.py
[2024-10-22T03:51:15.760+0000] {logging_mixin.py:190} INFO - [2024-10-22T03:51:15.760+0000] {dag.py:3239} INFO - Sync 1 DAGs
[2024-10-22T03:51:15.784+0000] {logging_mixin.py:190} INFO - [2024-10-22T03:51:15.784+0000] {dag.py:4180} INFO - Setting next_dagrun for minhlt9 to None, run_after=None
[2024-10-22T03:51:15.803+0000] {processor.py:208} INFO - Processing /opt/airflow/dags/simple_dag1.py took 0.091 seconds
[2024-10-22T03:51:46.474+0000] {processor.py:186} INFO - Started process (PID=59099) to work on /opt/airflow/dags/simple_dag1.py
[2024-10-22T03:51:46.475+0000] {processor.py:914} INFO - Processing file /opt/airflow/dags/simple_dag1.py for tasks to queue
[2024-10-22T03:51:46.477+0000] {logging_mixin.py:190} INFO - [2024-10-22T03:51:46.476+0000] {dagbag.py:588} INFO - Filling up the DagBag from /opt/airflow/dags/simple_dag1.py
[2024-10-22T03:51:46.483+0000] {processor.py:925} INFO - DAG(s) 'minhlt9' retrieved from /opt/airflow/dags/simple_dag1.py
[2024-10-22T03:51:46.513+0000] {logging_mixin.py:190} INFO - [2024-10-22T03:51:46.513+0000] {dag.py:3239} INFO - Sync 1 DAGs
[2024-10-22T03:51:46.538+0000] {logging_mixin.py:190} INFO - [2024-10-22T03:51:46.538+0000] {dag.py:4180} INFO - Setting next_dagrun for minhlt9 to None, run_after=None
[2024-10-22T03:51:46.559+0000] {processor.py:208} INFO - Processing /opt/airflow/dags/simple_dag1.py took 0.092 seconds
[2024-10-22T03:52:17.040+0000] {processor.py:186} INFO - Started process (PID=59166) to work on /opt/airflow/dags/simple_dag1.py
[2024-10-22T03:52:17.041+0000] {processor.py:914} INFO - Processing file /opt/airflow/dags/simple_dag1.py for tasks to queue
[2024-10-22T03:52:17.043+0000] {logging_mixin.py:190} INFO - [2024-10-22T03:52:17.042+0000] {dagbag.py:588} INFO - Filling up the DagBag from /opt/airflow/dags/simple_dag1.py
[2024-10-22T03:52:17.051+0000] {processor.py:925} INFO - DAG(s) 'minhlt9' retrieved from /opt/airflow/dags/simple_dag1.py
[2024-10-22T03:52:17.078+0000] {logging_mixin.py:190} INFO - [2024-10-22T03:52:17.078+0000] {dag.py:3239} INFO - Sync 1 DAGs
[2024-10-22T03:52:17.103+0000] {logging_mixin.py:190} INFO - [2024-10-22T03:52:17.103+0000] {dag.py:4180} INFO - Setting next_dagrun for minhlt9 to None, run_after=None
[2024-10-22T03:52:17.121+0000] {processor.py:208} INFO - Processing /opt/airflow/dags/simple_dag1.py took 0.091 seconds
[2024-10-22T03:52:47.702+0000] {processor.py:186} INFO - Started process (PID=59233) to work on /opt/airflow/dags/simple_dag1.py
[2024-10-22T03:52:47.703+0000] {processor.py:914} INFO - Processing file /opt/airflow/dags/simple_dag1.py for tasks to queue
[2024-10-22T03:52:47.705+0000] {logging_mixin.py:190} INFO - [2024-10-22T03:52:47.704+0000] {dagbag.py:588} INFO - Filling up the DagBag from /opt/airflow/dags/simple_dag1.py
[2024-10-22T03:52:47.711+0000] {processor.py:925} INFO - DAG(s) 'minhlt9' retrieved from /opt/airflow/dags/simple_dag1.py
[2024-10-22T03:52:47.735+0000] {logging_mixin.py:190} INFO - [2024-10-22T03:52:47.735+0000] {dag.py:3239} INFO - Sync 1 DAGs
[2024-10-22T03:52:47.761+0000] {logging_mixin.py:190} INFO - [2024-10-22T03:52:47.761+0000] {dag.py:4180} INFO - Setting next_dagrun for minhlt9 to None, run_after=None
[2024-10-22T03:52:47.780+0000] {processor.py:208} INFO - Processing /opt/airflow/dags/simple_dag1.py took 0.086 seconds
[2024-10-22T03:53:18.365+0000] {processor.py:186} INFO - Started process (PID=59300) to work on /opt/airflow/dags/simple_dag1.py
[2024-10-22T03:53:18.366+0000] {processor.py:914} INFO - Processing file /opt/airflow/dags/simple_dag1.py for tasks to queue
[2024-10-22T03:53:18.367+0000] {logging_mixin.py:190} INFO - [2024-10-22T03:53:18.367+0000] {dagbag.py:588} INFO - Filling up the DagBag from /opt/airflow/dags/simple_dag1.py
[2024-10-22T03:53:18.374+0000] {processor.py:925} INFO - DAG(s) 'minhlt9' retrieved from /opt/airflow/dags/simple_dag1.py
[2024-10-22T03:53:18.398+0000] {logging_mixin.py:190} INFO - [2024-10-22T03:53:18.398+0000] {dag.py:3239} INFO - Sync 1 DAGs
[2024-10-22T03:53:18.424+0000] {logging_mixin.py:190} INFO - [2024-10-22T03:53:18.423+0000] {dag.py:4180} INFO - Setting next_dagrun for minhlt9 to None, run_after=None
[2024-10-22T03:53:18.444+0000] {processor.py:208} INFO - Processing /opt/airflow/dags/simple_dag1.py took 0.086 seconds
[2024-10-22T03:53:48.948+0000] {processor.py:186} INFO - Started process (PID=59367) to work on /opt/airflow/dags/simple_dag1.py
[2024-10-22T03:53:48.950+0000] {processor.py:914} INFO - Processing file /opt/airflow/dags/simple_dag1.py for tasks to queue
[2024-10-22T03:53:48.952+0000] {logging_mixin.py:190} INFO - [2024-10-22T03:53:48.952+0000] {dagbag.py:588} INFO - Filling up the DagBag from /opt/airflow/dags/simple_dag1.py
[2024-10-22T03:53:48.960+0000] {processor.py:925} INFO - DAG(s) 'minhlt9' retrieved from /opt/airflow/dags/simple_dag1.py
[2024-10-22T03:53:49.037+0000] {logging_mixin.py:190} INFO - [2024-10-22T03:53:49.036+0000] {dag.py:3239} INFO - Sync 1 DAGs
[2024-10-22T03:53:49.089+0000] {logging_mixin.py:190} INFO - [2024-10-22T03:53:49.089+0000] {dag.py:4180} INFO - Setting next_dagrun for minhlt9 to None, run_after=None
[2024-10-22T03:53:49.113+0000] {processor.py:208} INFO - Processing /opt/airflow/dags/simple_dag1.py took 0.178 seconds
[2024-10-22T03:54:19.756+0000] {processor.py:186} INFO - Started process (PID=59434) to work on /opt/airflow/dags/simple_dag1.py
[2024-10-22T03:54:19.758+0000] {processor.py:914} INFO - Processing file /opt/airflow/dags/simple_dag1.py for tasks to queue
[2024-10-22T03:54:19.760+0000] {logging_mixin.py:190} INFO - [2024-10-22T03:54:19.759+0000] {dagbag.py:588} INFO - Filling up the DagBag from /opt/airflow/dags/simple_dag1.py
[2024-10-22T03:54:19.769+0000] {processor.py:925} INFO - DAG(s) 'minhlt9' retrieved from /opt/airflow/dags/simple_dag1.py
[2024-10-22T03:54:19.801+0000] {logging_mixin.py:190} INFO - [2024-10-22T03:54:19.801+0000] {dag.py:3239} INFO - Sync 1 DAGs
[2024-10-22T03:54:19.833+0000] {logging_mixin.py:190} INFO - [2024-10-22T03:54:19.833+0000] {dag.py:4180} INFO - Setting next_dagrun for minhlt9 to None, run_after=None
[2024-10-22T03:54:19.858+0000] {processor.py:208} INFO - Processing /opt/airflow/dags/simple_dag1.py took 0.113 seconds
[2024-10-22T03:54:49.979+0000] {processor.py:186} INFO - Started process (PID=59501) to work on /opt/airflow/dags/simple_dag1.py
[2024-10-22T03:54:49.981+0000] {processor.py:914} INFO - Processing file /opt/airflow/dags/simple_dag1.py for tasks to queue
[2024-10-22T03:54:49.983+0000] {logging_mixin.py:190} INFO - [2024-10-22T03:54:49.982+0000] {dagbag.py:588} INFO - Filling up the DagBag from /opt/airflow/dags/simple_dag1.py
[2024-10-22T03:54:49.992+0000] {processor.py:925} INFO - DAG(s) 'minhlt9' retrieved from /opt/airflow/dags/simple_dag1.py
[2024-10-22T03:54:50.102+0000] {logging_mixin.py:190} INFO - [2024-10-22T03:54:50.101+0000] {dag.py:3239} INFO - Sync 1 DAGs
[2024-10-22T03:54:50.138+0000] {logging_mixin.py:190} INFO - [2024-10-22T03:54:50.138+0000] {dag.py:4180} INFO - Setting next_dagrun for minhlt9 to None, run_after=None
[2024-10-22T03:54:50.163+0000] {processor.py:208} INFO - Processing /opt/airflow/dags/simple_dag1.py took 0.195 seconds
[2024-10-22T03:55:20.905+0000] {processor.py:186} INFO - Started process (PID=59568) to work on /opt/airflow/dags/simple_dag1.py
[2024-10-22T03:55:20.906+0000] {processor.py:914} INFO - Processing file /opt/airflow/dags/simple_dag1.py for tasks to queue
[2024-10-22T03:55:20.907+0000] {logging_mixin.py:190} INFO - [2024-10-22T03:55:20.907+0000] {dagbag.py:588} INFO - Filling up the DagBag from /opt/airflow/dags/simple_dag1.py
[2024-10-22T03:55:20.914+0000] {processor.py:925} INFO - DAG(s) 'minhlt9' retrieved from /opt/airflow/dags/simple_dag1.py
[2024-10-22T03:55:20.938+0000] {logging_mixin.py:190} INFO - [2024-10-22T03:55:20.937+0000] {dag.py:3239} INFO - Sync 1 DAGs
[2024-10-22T03:55:20.962+0000] {logging_mixin.py:190} INFO - [2024-10-22T03:55:20.962+0000] {dag.py:4180} INFO - Setting next_dagrun for minhlt9 to None, run_after=None
[2024-10-22T03:55:20.979+0000] {processor.py:208} INFO - Processing /opt/airflow/dags/simple_dag1.py took 0.082 seconds
[2024-10-22T03:55:51.091+0000] {processor.py:186} INFO - Started process (PID=59634) to work on /opt/airflow/dags/simple_dag1.py
[2024-10-22T03:55:51.092+0000] {processor.py:914} INFO - Processing file /opt/airflow/dags/simple_dag1.py for tasks to queue
[2024-10-22T03:55:51.094+0000] {logging_mixin.py:190} INFO - [2024-10-22T03:55:51.094+0000] {dagbag.py:588} INFO - Filling up the DagBag from /opt/airflow/dags/simple_dag1.py
[2024-10-22T03:55:51.102+0000] {processor.py:925} INFO - DAG(s) 'minhlt9' retrieved from /opt/airflow/dags/simple_dag1.py
[2024-10-22T03:55:51.136+0000] {logging_mixin.py:190} INFO - [2024-10-22T03:55:51.136+0000] {dag.py:3239} INFO - Sync 1 DAGs
[2024-10-22T03:55:51.174+0000] {logging_mixin.py:190} INFO - [2024-10-22T03:55:51.174+0000] {dag.py:4180} INFO - Setting next_dagrun for minhlt9 to None, run_after=None
[2024-10-22T03:55:51.202+0000] {processor.py:208} INFO - Processing /opt/airflow/dags/simple_dag1.py took 0.121 seconds
[2024-10-22T03:56:22.056+0000] {processor.py:186} INFO - Started process (PID=59701) to work on /opt/airflow/dags/simple_dag1.py
[2024-10-22T03:56:22.057+0000] {processor.py:914} INFO - Processing file /opt/airflow/dags/simple_dag1.py for tasks to queue
[2024-10-22T03:56:22.059+0000] {logging_mixin.py:190} INFO - [2024-10-22T03:56:22.059+0000] {dagbag.py:588} INFO - Filling up the DagBag from /opt/airflow/dags/simple_dag1.py
[2024-10-22T03:56:22.068+0000] {processor.py:925} INFO - DAG(s) 'minhlt9' retrieved from /opt/airflow/dags/simple_dag1.py
[2024-10-22T03:56:22.100+0000] {logging_mixin.py:190} INFO - [2024-10-22T03:56:22.099+0000] {dag.py:3239} INFO - Sync 1 DAGs
[2024-10-22T03:56:22.134+0000] {logging_mixin.py:190} INFO - [2024-10-22T03:56:22.134+0000] {dag.py:4180} INFO - Setting next_dagrun for minhlt9 to None, run_after=None
[2024-10-22T03:56:22.180+0000] {processor.py:208} INFO - Processing /opt/airflow/dags/simple_dag1.py took 0.134 seconds
[2024-10-22T03:56:52.495+0000] {processor.py:186} INFO - Started process (PID=59768) to work on /opt/airflow/dags/simple_dag1.py
[2024-10-22T03:56:52.496+0000] {processor.py:914} INFO - Processing file /opt/airflow/dags/simple_dag1.py for tasks to queue
[2024-10-22T03:56:52.498+0000] {logging_mixin.py:190} INFO - [2024-10-22T03:56:52.498+0000] {dagbag.py:588} INFO - Filling up the DagBag from /opt/airflow/dags/simple_dag1.py
[2024-10-22T03:56:52.505+0000] {processor.py:925} INFO - DAG(s) 'minhlt9' retrieved from /opt/airflow/dags/simple_dag1.py
[2024-10-22T03:56:52.535+0000] {logging_mixin.py:190} INFO - [2024-10-22T03:56:52.534+0000] {dag.py:3239} INFO - Sync 1 DAGs
[2024-10-22T03:56:52.564+0000] {logging_mixin.py:190} INFO - [2024-10-22T03:56:52.564+0000] {dag.py:4180} INFO - Setting next_dagrun for minhlt9 to None, run_after=None
[2024-10-22T03:56:52.589+0000] {processor.py:208} INFO - Processing /opt/airflow/dags/simple_dag1.py took 0.102 seconds
[2024-10-22T03:57:23.150+0000] {processor.py:186} INFO - Started process (PID=59835) to work on /opt/airflow/dags/simple_dag1.py
[2024-10-22T03:57:23.151+0000] {processor.py:914} INFO - Processing file /opt/airflow/dags/simple_dag1.py for tasks to queue
[2024-10-22T03:57:23.153+0000] {logging_mixin.py:190} INFO - [2024-10-22T03:57:23.152+0000] {dagbag.py:588} INFO - Filling up the DagBag from /opt/airflow/dags/simple_dag1.py
[2024-10-22T03:57:23.160+0000] {processor.py:925} INFO - DAG(s) 'minhlt9' retrieved from /opt/airflow/dags/simple_dag1.py
[2024-10-22T03:57:23.183+0000] {logging_mixin.py:190} INFO - [2024-10-22T03:57:23.183+0000] {dag.py:3239} INFO - Sync 1 DAGs
[2024-10-22T03:57:23.208+0000] {logging_mixin.py:190} INFO - [2024-10-22T03:57:23.208+0000] {dag.py:4180} INFO - Setting next_dagrun for minhlt9 to None, run_after=None
[2024-10-22T03:57:23.226+0000] {processor.py:208} INFO - Processing /opt/airflow/dags/simple_dag1.py took 0.085 seconds
[2024-10-22T03:57:53.329+0000] {processor.py:186} INFO - Started process (PID=59902) to work on /opt/airflow/dags/simple_dag1.py
[2024-10-22T03:57:53.331+0000] {processor.py:914} INFO - Processing file /opt/airflow/dags/simple_dag1.py for tasks to queue
[2024-10-22T03:57:53.333+0000] {logging_mixin.py:190} INFO - [2024-10-22T03:57:53.332+0000] {dagbag.py:588} INFO - Filling up the DagBag from /opt/airflow/dags/simple_dag1.py
[2024-10-22T03:57:53.341+0000] {processor.py:925} INFO - DAG(s) 'minhlt9' retrieved from /opt/airflow/dags/simple_dag1.py
[2024-10-22T03:57:53.372+0000] {logging_mixin.py:190} INFO - [2024-10-22T03:57:53.372+0000] {dag.py:3239} INFO - Sync 1 DAGs
[2024-10-22T03:57:53.435+0000] {logging_mixin.py:190} INFO - [2024-10-22T03:57:53.435+0000] {dag.py:4180} INFO - Setting next_dagrun for minhlt9 to None, run_after=None
[2024-10-22T03:57:53.655+0000] {processor.py:208} INFO - Processing /opt/airflow/dags/simple_dag1.py took 0.335 seconds
[2024-10-22T03:58:23.921+0000] {processor.py:186} INFO - Started process (PID=59969) to work on /opt/airflow/dags/simple_dag1.py
[2024-10-22T03:58:23.922+0000] {processor.py:914} INFO - Processing file /opt/airflow/dags/simple_dag1.py for tasks to queue
[2024-10-22T03:58:23.924+0000] {logging_mixin.py:190} INFO - [2024-10-22T03:58:23.924+0000] {dagbag.py:588} INFO - Filling up the DagBag from /opt/airflow/dags/simple_dag1.py
[2024-10-22T03:58:23.931+0000] {processor.py:925} INFO - DAG(s) 'minhlt9' retrieved from /opt/airflow/dags/simple_dag1.py
[2024-10-22T03:58:23.957+0000] {logging_mixin.py:190} INFO - [2024-10-22T03:58:23.956+0000] {dag.py:3239} INFO - Sync 1 DAGs
[2024-10-22T03:58:23.982+0000] {logging_mixin.py:190} INFO - [2024-10-22T03:58:23.981+0000] {dag.py:4180} INFO - Setting next_dagrun for minhlt9 to None, run_after=None
[2024-10-22T03:58:23.999+0000] {processor.py:208} INFO - Processing /opt/airflow/dags/simple_dag1.py took 0.086 seconds
[2024-10-22T03:58:54.090+0000] {processor.py:186} INFO - Started process (PID=60035) to work on /opt/airflow/dags/simple_dag1.py
[2024-10-22T03:58:54.091+0000] {processor.py:914} INFO - Processing file /opt/airflow/dags/simple_dag1.py for tasks to queue
[2024-10-22T03:58:54.093+0000] {logging_mixin.py:190} INFO - [2024-10-22T03:58:54.092+0000] {dagbag.py:588} INFO - Filling up the DagBag from /opt/airflow/dags/simple_dag1.py
[2024-10-22T03:58:54.099+0000] {processor.py:925} INFO - DAG(s) 'minhlt9' retrieved from /opt/airflow/dags/simple_dag1.py
[2024-10-22T03:58:54.125+0000] {logging_mixin.py:190} INFO - [2024-10-22T03:58:54.125+0000] {dag.py:3239} INFO - Sync 1 DAGs
[2024-10-22T03:58:54.154+0000] {logging_mixin.py:190} INFO - [2024-10-22T03:58:54.153+0000] {dag.py:4180} INFO - Setting next_dagrun for minhlt9 to None, run_after=None
[2024-10-22T03:58:54.172+0000] {processor.py:208} INFO - Processing /opt/airflow/dags/simple_dag1.py took 0.093 seconds
[2024-10-22T03:59:24.336+0000] {processor.py:186} INFO - Started process (PID=60102) to work on /opt/airflow/dags/simple_dag1.py
[2024-10-22T03:59:24.337+0000] {processor.py:914} INFO - Processing file /opt/airflow/dags/simple_dag1.py for tasks to queue
[2024-10-22T03:59:24.339+0000] {logging_mixin.py:190} INFO - [2024-10-22T03:59:24.338+0000] {dagbag.py:588} INFO - Filling up the DagBag from /opt/airflow/dags/simple_dag1.py
[2024-10-22T03:59:24.346+0000] {processor.py:925} INFO - DAG(s) 'minhlt9' retrieved from /opt/airflow/dags/simple_dag1.py
[2024-10-22T03:59:24.370+0000] {logging_mixin.py:190} INFO - [2024-10-22T03:59:24.370+0000] {dag.py:3239} INFO - Sync 1 DAGs
[2024-10-22T03:59:24.395+0000] {logging_mixin.py:190} INFO - [2024-10-22T03:59:24.395+0000] {dag.py:4180} INFO - Setting next_dagrun for minhlt9 to None, run_after=None
[2024-10-22T03:59:24.413+0000] {processor.py:208} INFO - Processing /opt/airflow/dags/simple_dag1.py took 0.084 seconds
[2024-10-22T03:59:54.642+0000] {processor.py:186} INFO - Started process (PID=60169) to work on /opt/airflow/dags/simple_dag1.py
[2024-10-22T03:59:54.643+0000] {processor.py:914} INFO - Processing file /opt/airflow/dags/simple_dag1.py for tasks to queue
[2024-10-22T03:59:54.645+0000] {logging_mixin.py:190} INFO - [2024-10-22T03:59:54.644+0000] {dagbag.py:588} INFO - Filling up the DagBag from /opt/airflow/dags/simple_dag1.py
[2024-10-22T03:59:54.651+0000] {processor.py:925} INFO - DAG(s) 'minhlt9' retrieved from /opt/airflow/dags/simple_dag1.py
[2024-10-22T03:59:54.676+0000] {logging_mixin.py:190} INFO - [2024-10-22T03:59:54.675+0000] {dag.py:3239} INFO - Sync 1 DAGs
[2024-10-22T03:59:54.704+0000] {logging_mixin.py:190} INFO - [2024-10-22T03:59:54.704+0000] {dag.py:4180} INFO - Setting next_dagrun for minhlt9 to None, run_after=None
[2024-10-22T03:59:54.722+0000] {processor.py:208} INFO - Processing /opt/airflow/dags/simple_dag1.py took 0.088 seconds
[2024-10-22T04:00:24.851+0000] {processor.py:186} INFO - Started process (PID=60236) to work on /opt/airflow/dags/simple_dag1.py
[2024-10-22T04:00:24.852+0000] {processor.py:914} INFO - Processing file /opt/airflow/dags/simple_dag1.py for tasks to queue
[2024-10-22T04:00:24.854+0000] {logging_mixin.py:190} INFO - [2024-10-22T04:00:24.853+0000] {dagbag.py:588} INFO - Filling up the DagBag from /opt/airflow/dags/simple_dag1.py
[2024-10-22T04:00:24.861+0000] {processor.py:925} INFO - DAG(s) 'minhlt9' retrieved from /opt/airflow/dags/simple_dag1.py
[2024-10-22T04:00:24.887+0000] {logging_mixin.py:190} INFO - [2024-10-22T04:00:24.886+0000] {dag.py:3239} INFO - Sync 1 DAGs
[2024-10-22T04:00:24.912+0000] {logging_mixin.py:190} INFO - [2024-10-22T04:00:24.912+0000] {dag.py:4180} INFO - Setting next_dagrun for minhlt9 to None, run_after=None
[2024-10-22T04:00:24.931+0000] {processor.py:208} INFO - Processing /opt/airflow/dags/simple_dag1.py took 0.089 seconds
[2024-10-22T04:00:55.802+0000] {processor.py:186} INFO - Started process (PID=60304) to work on /opt/airflow/dags/simple_dag1.py
[2024-10-22T04:00:55.803+0000] {processor.py:914} INFO - Processing file /opt/airflow/dags/simple_dag1.py for tasks to queue
[2024-10-22T04:00:55.805+0000] {logging_mixin.py:190} INFO - [2024-10-22T04:00:55.804+0000] {dagbag.py:588} INFO - Filling up the DagBag from /opt/airflow/dags/simple_dag1.py
[2024-10-22T04:00:55.811+0000] {processor.py:925} INFO - DAG(s) 'minhlt9' retrieved from /opt/airflow/dags/simple_dag1.py
[2024-10-22T04:00:55.836+0000] {logging_mixin.py:190} INFO - [2024-10-22T04:00:55.836+0000] {dag.py:3239} INFO - Sync 1 DAGs
[2024-10-22T04:00:55.861+0000] {logging_mixin.py:190} INFO - [2024-10-22T04:00:55.861+0000] {dag.py:4180} INFO - Setting next_dagrun for minhlt9 to None, run_after=None
[2024-10-22T04:00:55.880+0000] {processor.py:208} INFO - Processing /opt/airflow/dags/simple_dag1.py took 0.086 seconds
[2024-10-22T04:01:26.471+0000] {processor.py:186} INFO - Started process (PID=60371) to work on /opt/airflow/dags/simple_dag1.py
[2024-10-22T04:01:26.472+0000] {processor.py:914} INFO - Processing file /opt/airflow/dags/simple_dag1.py for tasks to queue
[2024-10-22T04:01:26.473+0000] {logging_mixin.py:190} INFO - [2024-10-22T04:01:26.473+0000] {dagbag.py:588} INFO - Filling up the DagBag from /opt/airflow/dags/simple_dag1.py
[2024-10-22T04:01:26.479+0000] {processor.py:925} INFO - DAG(s) 'minhlt9' retrieved from /opt/airflow/dags/simple_dag1.py
[2024-10-22T04:01:26.507+0000] {logging_mixin.py:190} INFO - [2024-10-22T04:01:26.507+0000] {dag.py:3239} INFO - Sync 1 DAGs
[2024-10-22T04:01:26.531+0000] {logging_mixin.py:190} INFO - [2024-10-22T04:01:26.531+0000] {dag.py:4180} INFO - Setting next_dagrun for minhlt9 to None, run_after=None
[2024-10-22T04:01:26.551+0000] {processor.py:208} INFO - Processing /opt/airflow/dags/simple_dag1.py took 0.088 seconds
[2024-10-22T04:01:57.320+0000] {processor.py:186} INFO - Started process (PID=60438) to work on /opt/airflow/dags/simple_dag1.py
[2024-10-22T04:01:57.321+0000] {processor.py:914} INFO - Processing file /opt/airflow/dags/simple_dag1.py for tasks to queue
[2024-10-22T04:01:57.322+0000] {logging_mixin.py:190} INFO - [2024-10-22T04:01:57.322+0000] {dagbag.py:588} INFO - Filling up the DagBag from /opt/airflow/dags/simple_dag1.py
[2024-10-22T04:01:57.329+0000] {processor.py:925} INFO - DAG(s) 'minhlt9' retrieved from /opt/airflow/dags/simple_dag1.py
[2024-10-22T04:01:57.355+0000] {logging_mixin.py:190} INFO - [2024-10-22T04:01:57.355+0000] {dag.py:3239} INFO - Sync 1 DAGs
[2024-10-22T04:01:57.378+0000] {logging_mixin.py:190} INFO - [2024-10-22T04:01:57.378+0000] {dag.py:4180} INFO - Setting next_dagrun for minhlt9 to None, run_after=None
[2024-10-22T04:01:57.395+0000] {processor.py:208} INFO - Processing /opt/airflow/dags/simple_dag1.py took 0.083 seconds
[2024-10-22T04:02:28.116+0000] {processor.py:186} INFO - Started process (PID=60505) to work on /opt/airflow/dags/simple_dag1.py
[2024-10-22T04:02:28.117+0000] {processor.py:914} INFO - Processing file /opt/airflow/dags/simple_dag1.py for tasks to queue
[2024-10-22T04:02:28.118+0000] {logging_mixin.py:190} INFO - [2024-10-22T04:02:28.118+0000] {dagbag.py:588} INFO - Filling up the DagBag from /opt/airflow/dags/simple_dag1.py
[2024-10-22T04:02:28.125+0000] {processor.py:925} INFO - DAG(s) 'minhlt9' retrieved from /opt/airflow/dags/simple_dag1.py
[2024-10-22T04:02:28.149+0000] {logging_mixin.py:190} INFO - [2024-10-22T04:02:28.149+0000] {dag.py:3239} INFO - Sync 1 DAGs
[2024-10-22T04:02:28.172+0000] {logging_mixin.py:190} INFO - [2024-10-22T04:02:28.172+0000] {dag.py:4180} INFO - Setting next_dagrun for minhlt9 to None, run_after=None
[2024-10-22T04:02:28.189+0000] {processor.py:208} INFO - Processing /opt/airflow/dags/simple_dag1.py took 0.081 seconds
[2024-10-22T04:02:58.823+0000] {processor.py:186} INFO - Started process (PID=60571) to work on /opt/airflow/dags/simple_dag1.py
[2024-10-22T04:02:58.824+0000] {processor.py:914} INFO - Processing file /opt/airflow/dags/simple_dag1.py for tasks to queue
[2024-10-22T04:02:58.827+0000] {logging_mixin.py:190} INFO - [2024-10-22T04:02:58.826+0000] {dagbag.py:588} INFO - Filling up the DagBag from /opt/airflow/dags/simple_dag1.py
[2024-10-22T04:02:58.836+0000] {processor.py:925} INFO - DAG(s) 'minhlt9' retrieved from /opt/airflow/dags/simple_dag1.py
[2024-10-22T04:02:58.866+0000] {logging_mixin.py:190} INFO - [2024-10-22T04:02:58.865+0000] {dag.py:3239} INFO - Sync 1 DAGs
[2024-10-22T04:02:58.897+0000] {logging_mixin.py:190} INFO - [2024-10-22T04:02:58.896+0000] {dag.py:4180} INFO - Setting next_dagrun for minhlt9 to None, run_after=None
[2024-10-22T04:02:58.920+0000] {processor.py:208} INFO - Processing /opt/airflow/dags/simple_dag1.py took 0.107 seconds
[2024-10-22T04:03:29.025+0000] {processor.py:186} INFO - Started process (PID=60638) to work on /opt/airflow/dags/simple_dag1.py
[2024-10-22T04:03:29.026+0000] {processor.py:914} INFO - Processing file /opt/airflow/dags/simple_dag1.py for tasks to queue
[2024-10-22T04:03:29.028+0000] {logging_mixin.py:190} INFO - [2024-10-22T04:03:29.027+0000] {dagbag.py:588} INFO - Filling up the DagBag from /opt/airflow/dags/simple_dag1.py
[2024-10-22T04:03:29.034+0000] {processor.py:925} INFO - DAG(s) 'minhlt9' retrieved from /opt/airflow/dags/simple_dag1.py
[2024-10-22T04:03:29.063+0000] {logging_mixin.py:190} INFO - [2024-10-22T04:03:29.063+0000] {dag.py:3239} INFO - Sync 1 DAGs
[2024-10-22T04:03:29.087+0000] {logging_mixin.py:190} INFO - [2024-10-22T04:03:29.087+0000] {dag.py:4180} INFO - Setting next_dagrun for minhlt9 to None, run_after=None
[2024-10-22T04:03:29.104+0000] {processor.py:208} INFO - Processing /opt/airflow/dags/simple_dag1.py took 0.087 seconds
[2024-10-22T04:03:59.293+0000] {processor.py:186} INFO - Started process (PID=60705) to work on /opt/airflow/dags/simple_dag1.py
[2024-10-22T04:03:59.294+0000] {processor.py:914} INFO - Processing file /opt/airflow/dags/simple_dag1.py for tasks to queue
[2024-10-22T04:03:59.295+0000] {logging_mixin.py:190} INFO - [2024-10-22T04:03:59.295+0000] {dagbag.py:588} INFO - Filling up the DagBag from /opt/airflow/dags/simple_dag1.py
[2024-10-22T04:03:59.302+0000] {processor.py:925} INFO - DAG(s) 'minhlt9' retrieved from /opt/airflow/dags/simple_dag1.py
[2024-10-22T04:03:59.326+0000] {logging_mixin.py:190} INFO - [2024-10-22T04:03:59.326+0000] {dag.py:3239} INFO - Sync 1 DAGs
[2024-10-22T04:03:59.352+0000] {logging_mixin.py:190} INFO - [2024-10-22T04:03:59.351+0000] {dag.py:4180} INFO - Setting next_dagrun for minhlt9 to None, run_after=None
[2024-10-22T04:03:59.370+0000] {processor.py:208} INFO - Processing /opt/airflow/dags/simple_dag1.py took 0.085 seconds
[2024-10-22T04:04:30.251+0000] {processor.py:186} INFO - Started process (PID=60772) to work on /opt/airflow/dags/simple_dag1.py
[2024-10-22T04:04:30.253+0000] {processor.py:914} INFO - Processing file /opt/airflow/dags/simple_dag1.py for tasks to queue
[2024-10-22T04:04:30.255+0000] {logging_mixin.py:190} INFO - [2024-10-22T04:04:30.254+0000] {dagbag.py:588} INFO - Filling up the DagBag from /opt/airflow/dags/simple_dag1.py
[2024-10-22T04:04:30.263+0000] {processor.py:925} INFO - DAG(s) 'minhlt9' retrieved from /opt/airflow/dags/simple_dag1.py
[2024-10-22T04:04:30.292+0000] {logging_mixin.py:190} INFO - [2024-10-22T04:04:30.292+0000] {dag.py:3239} INFO - Sync 1 DAGs
[2024-10-22T04:04:30.322+0000] {logging_mixin.py:190} INFO - [2024-10-22T04:04:30.322+0000] {dag.py:4180} INFO - Setting next_dagrun for minhlt9 to None, run_after=None
[2024-10-22T04:04:30.348+0000] {processor.py:208} INFO - Processing /opt/airflow/dags/simple_dag1.py took 0.106 seconds
[2024-10-22T04:05:00.957+0000] {processor.py:186} INFO - Started process (PID=60839) to work on /opt/airflow/dags/simple_dag1.py
[2024-10-22T04:05:00.958+0000] {processor.py:914} INFO - Processing file /opt/airflow/dags/simple_dag1.py for tasks to queue
[2024-10-22T04:05:00.960+0000] {logging_mixin.py:190} INFO - [2024-10-22T04:05:00.959+0000] {dagbag.py:588} INFO - Filling up the DagBag from /opt/airflow/dags/simple_dag1.py
[2024-10-22T04:05:00.967+0000] {processor.py:925} INFO - DAG(s) 'minhlt9' retrieved from /opt/airflow/dags/simple_dag1.py
[2024-10-22T04:05:00.994+0000] {logging_mixin.py:190} INFO - [2024-10-22T04:05:00.993+0000] {dag.py:3239} INFO - Sync 1 DAGs
[2024-10-22T04:05:01.020+0000] {logging_mixin.py:190} INFO - [2024-10-22T04:05:01.020+0000] {dag.py:4180} INFO - Setting next_dagrun for minhlt9 to None, run_after=None
[2024-10-22T04:05:01.040+0000] {processor.py:208} INFO - Processing /opt/airflow/dags/simple_dag1.py took 0.090 seconds
[2024-10-22T04:05:31.278+0000] {processor.py:186} INFO - Started process (PID=60906) to work on /opt/airflow/dags/simple_dag1.py
[2024-10-22T04:05:31.279+0000] {processor.py:914} INFO - Processing file /opt/airflow/dags/simple_dag1.py for tasks to queue
[2024-10-22T04:05:31.281+0000] {logging_mixin.py:190} INFO - [2024-10-22T04:05:31.280+0000] {dagbag.py:588} INFO - Filling up the DagBag from /opt/airflow/dags/simple_dag1.py
[2024-10-22T04:05:31.289+0000] {processor.py:925} INFO - DAG(s) 'minhlt9' retrieved from /opt/airflow/dags/simple_dag1.py
[2024-10-22T04:05:31.327+0000] {logging_mixin.py:190} INFO - [2024-10-22T04:05:31.326+0000] {dag.py:3239} INFO - Sync 1 DAGs
[2024-10-22T04:05:31.357+0000] {logging_mixin.py:190} INFO - [2024-10-22T04:05:31.357+0000] {dag.py:4180} INFO - Setting next_dagrun for minhlt9 to None, run_after=None
[2024-10-22T04:05:31.393+0000] {processor.py:208} INFO - Processing /opt/airflow/dags/simple_dag1.py took 0.125 seconds
[2024-10-22T04:06:01.577+0000] {processor.py:186} INFO - Started process (PID=60973) to work on /opt/airflow/dags/simple_dag1.py
[2024-10-22T04:06:01.577+0000] {processor.py:914} INFO - Processing file /opt/airflow/dags/simple_dag1.py for tasks to queue
[2024-10-22T04:06:01.579+0000] {logging_mixin.py:190} INFO - [2024-10-22T04:06:01.579+0000] {dagbag.py:588} INFO - Filling up the DagBag from /opt/airflow/dags/simple_dag1.py
[2024-10-22T04:06:01.585+0000] {processor.py:925} INFO - DAG(s) 'minhlt9' retrieved from /opt/airflow/dags/simple_dag1.py
[2024-10-22T04:06:01.609+0000] {logging_mixin.py:190} INFO - [2024-10-22T04:06:01.609+0000] {dag.py:3239} INFO - Sync 1 DAGs
[2024-10-22T04:06:01.632+0000] {logging_mixin.py:190} INFO - [2024-10-22T04:06:01.632+0000] {dag.py:4180} INFO - Setting next_dagrun for minhlt9 to None, run_after=None
[2024-10-22T04:06:01.649+0000] {processor.py:208} INFO - Processing /opt/airflow/dags/simple_dag1.py took 0.080 seconds
[2024-10-22T04:06:31.978+0000] {processor.py:186} INFO - Started process (PID=61040) to work on /opt/airflow/dags/simple_dag1.py
[2024-10-22T04:06:31.981+0000] {processor.py:914} INFO - Processing file /opt/airflow/dags/simple_dag1.py for tasks to queue
[2024-10-22T04:06:31.985+0000] {logging_mixin.py:190} INFO - [2024-10-22T04:06:31.984+0000] {dagbag.py:588} INFO - Filling up the DagBag from /opt/airflow/dags/simple_dag1.py
[2024-10-22T04:06:32.006+0000] {processor.py:925} INFO - DAG(s) 'minhlt9' retrieved from /opt/airflow/dags/simple_dag1.py
[2024-10-22T04:06:32.052+0000] {logging_mixin.py:190} INFO - [2024-10-22T04:06:32.052+0000] {dag.py:3239} INFO - Sync 1 DAGs
[2024-10-22T04:06:32.082+0000] {logging_mixin.py:190} INFO - [2024-10-22T04:06:32.082+0000] {dag.py:4180} INFO - Setting next_dagrun for minhlt9 to None, run_after=None
[2024-10-22T04:06:32.104+0000] {processor.py:208} INFO - Processing /opt/airflow/dags/simple_dag1.py took 0.151 seconds
[2024-10-22T04:07:02.431+0000] {processor.py:186} INFO - Started process (PID=61108) to work on /opt/airflow/dags/simple_dag1.py
[2024-10-22T04:07:02.432+0000] {processor.py:914} INFO - Processing file /opt/airflow/dags/simple_dag1.py for tasks to queue
[2024-10-22T04:07:02.434+0000] {logging_mixin.py:190} INFO - [2024-10-22T04:07:02.434+0000] {dagbag.py:588} INFO - Filling up the DagBag from /opt/airflow/dags/simple_dag1.py
[2024-10-22T04:07:02.441+0000] {processor.py:925} INFO - DAG(s) 'minhlt9' retrieved from /opt/airflow/dags/simple_dag1.py
[2024-10-22T04:07:02.465+0000] {logging_mixin.py:190} INFO - [2024-10-22T04:07:02.465+0000] {dag.py:3239} INFO - Sync 1 DAGs
[2024-10-22T04:07:02.492+0000] {logging_mixin.py:190} INFO - [2024-10-22T04:07:02.492+0000] {dag.py:4180} INFO - Setting next_dagrun for minhlt9 to None, run_after=None
[2024-10-22T04:07:02.514+0000] {processor.py:208} INFO - Processing /opt/airflow/dags/simple_dag1.py took 0.092 seconds
[2024-10-22T04:07:32.853+0000] {processor.py:186} INFO - Started process (PID=61175) to work on /opt/airflow/dags/simple_dag1.py
[2024-10-22T04:07:32.854+0000] {processor.py:914} INFO - Processing file /opt/airflow/dags/simple_dag1.py for tasks to queue
[2024-10-22T04:07:32.856+0000] {logging_mixin.py:190} INFO - [2024-10-22T04:07:32.855+0000] {dagbag.py:588} INFO - Filling up the DagBag from /opt/airflow/dags/simple_dag1.py
[2024-10-22T04:07:32.862+0000] {processor.py:925} INFO - DAG(s) 'minhlt9' retrieved from /opt/airflow/dags/simple_dag1.py
[2024-10-22T04:07:32.889+0000] {logging_mixin.py:190} INFO - [2024-10-22T04:07:32.888+0000] {dag.py:3239} INFO - Sync 1 DAGs
[2024-10-22T04:07:32.916+0000] {logging_mixin.py:190} INFO - [2024-10-22T04:07:32.915+0000] {dag.py:4180} INFO - Setting next_dagrun for minhlt9 to None, run_after=None
[2024-10-22T04:07:32.933+0000] {processor.py:208} INFO - Processing /opt/airflow/dags/simple_dag1.py took 0.090 seconds
[2024-10-22T04:08:03.620+0000] {processor.py:186} INFO - Started process (PID=61242) to work on /opt/airflow/dags/simple_dag1.py
[2024-10-22T04:08:03.621+0000] {processor.py:914} INFO - Processing file /opt/airflow/dags/simple_dag1.py for tasks to queue
[2024-10-22T04:08:03.622+0000] {logging_mixin.py:190} INFO - [2024-10-22T04:08:03.622+0000] {dagbag.py:588} INFO - Filling up the DagBag from /opt/airflow/dags/simple_dag1.py
[2024-10-22T04:08:03.629+0000] {processor.py:925} INFO - DAG(s) 'minhlt9' retrieved from /opt/airflow/dags/simple_dag1.py
[2024-10-22T04:08:03.655+0000] {logging_mixin.py:190} INFO - [2024-10-22T04:08:03.655+0000] {dag.py:3239} INFO - Sync 1 DAGs
[2024-10-22T04:08:03.680+0000] {logging_mixin.py:190} INFO - [2024-10-22T04:08:03.680+0000] {dag.py:4180} INFO - Setting next_dagrun for minhlt9 to None, run_after=None
[2024-10-22T04:08:03.784+0000] {processor.py:208} INFO - Processing /opt/airflow/dags/simple_dag1.py took 0.171 seconds
[2024-10-22T04:08:33.842+0000] {processor.py:186} INFO - Started process (PID=61309) to work on /opt/airflow/dags/simple_dag1.py
[2024-10-22T04:08:33.844+0000] {processor.py:914} INFO - Processing file /opt/airflow/dags/simple_dag1.py for tasks to queue
[2024-10-22T04:08:33.845+0000] {logging_mixin.py:190} INFO - [2024-10-22T04:08:33.845+0000] {dagbag.py:588} INFO - Filling up the DagBag from /opt/airflow/dags/simple_dag1.py
[2024-10-22T04:08:33.852+0000] {processor.py:925} INFO - DAG(s) 'minhlt9' retrieved from /opt/airflow/dags/simple_dag1.py
[2024-10-22T04:08:33.883+0000] {logging_mixin.py:190} INFO - [2024-10-22T04:08:33.882+0000] {dag.py:3239} INFO - Sync 1 DAGs
[2024-10-22T04:08:33.908+0000] {logging_mixin.py:190} INFO - [2024-10-22T04:08:33.908+0000] {dag.py:4180} INFO - Setting next_dagrun for minhlt9 to None, run_after=None
[2024-10-22T04:08:33.926+0000] {processor.py:208} INFO - Processing /opt/airflow/dags/simple_dag1.py took 0.092 seconds
[2024-10-22T04:09:04.592+0000] {processor.py:186} INFO - Started process (PID=61375) to work on /opt/airflow/dags/simple_dag1.py
[2024-10-22T04:09:04.593+0000] {processor.py:914} INFO - Processing file /opt/airflow/dags/simple_dag1.py for tasks to queue
[2024-10-22T04:09:04.595+0000] {logging_mixin.py:190} INFO - [2024-10-22T04:09:04.594+0000] {dagbag.py:588} INFO - Filling up the DagBag from /opt/airflow/dags/simple_dag1.py
[2024-10-22T04:09:04.603+0000] {processor.py:925} INFO - DAG(s) 'minhlt9' retrieved from /opt/airflow/dags/simple_dag1.py
[2024-10-22T04:09:04.630+0000] {logging_mixin.py:190} INFO - [2024-10-22T04:09:04.630+0000] {dag.py:3239} INFO - Sync 1 DAGs
[2024-10-22T04:09:04.655+0000] {logging_mixin.py:190} INFO - [2024-10-22T04:09:04.655+0000] {dag.py:4180} INFO - Setting next_dagrun for minhlt9 to None, run_after=None
[2024-10-22T04:09:04.673+0000] {processor.py:208} INFO - Processing /opt/airflow/dags/simple_dag1.py took 0.093 seconds
[2024-10-22T04:09:35.142+0000] {processor.py:186} INFO - Started process (PID=61442) to work on /opt/airflow/dags/simple_dag1.py
[2024-10-22T04:09:35.144+0000] {processor.py:914} INFO - Processing file /opt/airflow/dags/simple_dag1.py for tasks to queue
[2024-10-22T04:09:35.145+0000] {logging_mixin.py:190} INFO - [2024-10-22T04:09:35.145+0000] {dagbag.py:588} INFO - Filling up the DagBag from /opt/airflow/dags/simple_dag1.py
[2024-10-22T04:09:35.152+0000] {processor.py:925} INFO - DAG(s) 'minhlt9' retrieved from /opt/airflow/dags/simple_dag1.py
[2024-10-22T04:09:35.181+0000] {logging_mixin.py:190} INFO - [2024-10-22T04:09:35.181+0000] {dag.py:3239} INFO - Sync 1 DAGs
[2024-10-22T04:09:35.208+0000] {logging_mixin.py:190} INFO - [2024-10-22T04:09:35.208+0000] {dag.py:4180} INFO - Setting next_dagrun for minhlt9 to None, run_after=None
[2024-10-22T04:09:35.239+0000] {processor.py:208} INFO - Processing /opt/airflow/dags/simple_dag1.py took 0.105 seconds
[2024-10-22T04:10:05.491+0000] {processor.py:186} INFO - Started process (PID=61509) to work on /opt/airflow/dags/simple_dag1.py
[2024-10-22T04:10:05.492+0000] {processor.py:914} INFO - Processing file /opt/airflow/dags/simple_dag1.py for tasks to queue
[2024-10-22T04:10:05.493+0000] {logging_mixin.py:190} INFO - [2024-10-22T04:10:05.493+0000] {dagbag.py:588} INFO - Filling up the DagBag from /opt/airflow/dags/simple_dag1.py
[2024-10-22T04:10:05.500+0000] {processor.py:925} INFO - DAG(s) 'minhlt9' retrieved from /opt/airflow/dags/simple_dag1.py
[2024-10-22T04:10:05.528+0000] {logging_mixin.py:190} INFO - [2024-10-22T04:10:05.527+0000] {dag.py:3239} INFO - Sync 1 DAGs
[2024-10-22T04:10:05.553+0000] {logging_mixin.py:190} INFO - [2024-10-22T04:10:05.553+0000] {dag.py:4180} INFO - Setting next_dagrun for minhlt9 to None, run_after=None
[2024-10-22T04:10:05.571+0000] {processor.py:208} INFO - Processing /opt/airflow/dags/simple_dag1.py took 0.088 seconds
[2024-10-22T04:10:35.692+0000] {processor.py:186} INFO - Started process (PID=61576) to work on /opt/airflow/dags/simple_dag1.py
[2024-10-22T04:10:35.693+0000] {processor.py:914} INFO - Processing file /opt/airflow/dags/simple_dag1.py for tasks to queue
[2024-10-22T04:10:35.694+0000] {logging_mixin.py:190} INFO - [2024-10-22T04:10:35.694+0000] {dagbag.py:588} INFO - Filling up the DagBag from /opt/airflow/dags/simple_dag1.py
[2024-10-22T04:10:35.701+0000] {processor.py:925} INFO - DAG(s) 'minhlt9' retrieved from /opt/airflow/dags/simple_dag1.py
[2024-10-22T04:10:35.725+0000] {logging_mixin.py:190} INFO - [2024-10-22T04:10:35.725+0000] {dag.py:3239} INFO - Sync 1 DAGs
[2024-10-22T04:10:35.751+0000] {logging_mixin.py:190} INFO - [2024-10-22T04:10:35.751+0000] {dag.py:4180} INFO - Setting next_dagrun for minhlt9 to None, run_after=None
[2024-10-22T04:10:35.770+0000] {processor.py:208} INFO - Processing /opt/airflow/dags/simple_dag1.py took 0.085 seconds
[2024-10-22T04:11:05.914+0000] {processor.py:186} INFO - Started process (PID=61643) to work on /opt/airflow/dags/simple_dag1.py
[2024-10-22T04:11:05.915+0000] {processor.py:914} INFO - Processing file /opt/airflow/dags/simple_dag1.py for tasks to queue
[2024-10-22T04:11:05.917+0000] {logging_mixin.py:190} INFO - [2024-10-22T04:11:05.916+0000] {dagbag.py:588} INFO - Filling up the DagBag from /opt/airflow/dags/simple_dag1.py
[2024-10-22T04:11:05.923+0000] {processor.py:925} INFO - DAG(s) 'minhlt9' retrieved from /opt/airflow/dags/simple_dag1.py
[2024-10-22T04:11:05.949+0000] {logging_mixin.py:190} INFO - [2024-10-22T04:11:05.948+0000] {dag.py:3239} INFO - Sync 1 DAGs
[2024-10-22T04:11:05.972+0000] {logging_mixin.py:190} INFO - [2024-10-22T04:11:05.972+0000] {dag.py:4180} INFO - Setting next_dagrun for minhlt9 to None, run_after=None
[2024-10-22T04:11:05.991+0000] {processor.py:208} INFO - Processing /opt/airflow/dags/simple_dag1.py took 0.084 seconds
[2024-10-22T04:11:36.192+0000] {processor.py:186} INFO - Started process (PID=61710) to work on /opt/airflow/dags/simple_dag1.py
[2024-10-22T04:11:36.193+0000] {processor.py:914} INFO - Processing file /opt/airflow/dags/simple_dag1.py for tasks to queue
[2024-10-22T04:11:36.195+0000] {logging_mixin.py:190} INFO - [2024-10-22T04:11:36.195+0000] {dagbag.py:588} INFO - Filling up the DagBag from /opt/airflow/dags/simple_dag1.py
[2024-10-22T04:11:36.203+0000] {processor.py:925} INFO - DAG(s) 'minhlt9' retrieved from /opt/airflow/dags/simple_dag1.py
[2024-10-22T04:11:36.235+0000] {logging_mixin.py:190} INFO - [2024-10-22T04:11:36.235+0000] {dag.py:3239} INFO - Sync 1 DAGs
[2024-10-22T04:11:36.263+0000] {logging_mixin.py:190} INFO - [2024-10-22T04:11:36.262+0000] {dag.py:4180} INFO - Setting next_dagrun for minhlt9 to None, run_after=None
[2024-10-22T04:11:36.285+0000] {processor.py:208} INFO - Processing /opt/airflow/dags/simple_dag1.py took 0.102 seconds
[2024-10-22T04:12:06.400+0000] {processor.py:186} INFO - Started process (PID=61777) to work on /opt/airflow/dags/simple_dag1.py
[2024-10-22T04:12:06.401+0000] {processor.py:914} INFO - Processing file /opt/airflow/dags/simple_dag1.py for tasks to queue
[2024-10-22T04:12:06.402+0000] {logging_mixin.py:190} INFO - [2024-10-22T04:12:06.402+0000] {dagbag.py:588} INFO - Filling up the DagBag from /opt/airflow/dags/simple_dag1.py
[2024-10-22T04:12:06.408+0000] {processor.py:925} INFO - DAG(s) 'minhlt9' retrieved from /opt/airflow/dags/simple_dag1.py
[2024-10-22T04:12:06.433+0000] {logging_mixin.py:190} INFO - [2024-10-22T04:12:06.433+0000] {dag.py:3239} INFO - Sync 1 DAGs
[2024-10-22T04:12:06.457+0000] {logging_mixin.py:190} INFO - [2024-10-22T04:12:06.457+0000] {dag.py:4180} INFO - Setting next_dagrun for minhlt9 to None, run_after=None
[2024-10-22T04:12:06.474+0000] {processor.py:208} INFO - Processing /opt/airflow/dags/simple_dag1.py took 0.083 seconds
[2024-10-22T04:12:36.677+0000] {processor.py:186} INFO - Started process (PID=61844) to work on /opt/airflow/dags/simple_dag1.py
[2024-10-22T04:12:36.677+0000] {processor.py:914} INFO - Processing file /opt/airflow/dags/simple_dag1.py for tasks to queue
[2024-10-22T04:12:36.679+0000] {logging_mixin.py:190} INFO - [2024-10-22T04:12:36.679+0000] {dagbag.py:588} INFO - Filling up the DagBag from /opt/airflow/dags/simple_dag1.py
[2024-10-22T04:12:36.685+0000] {processor.py:925} INFO - DAG(s) 'minhlt9' retrieved from /opt/airflow/dags/simple_dag1.py
[2024-10-22T04:12:36.709+0000] {logging_mixin.py:190} INFO - [2024-10-22T04:12:36.709+0000] {dag.py:3239} INFO - Sync 1 DAGs
[2024-10-22T04:12:36.740+0000] {logging_mixin.py:190} INFO - [2024-10-22T04:12:36.739+0000] {dag.py:4180} INFO - Setting next_dagrun for minhlt9 to None, run_after=None
[2024-10-22T04:12:36.759+0000] {processor.py:208} INFO - Processing /opt/airflow/dags/simple_dag1.py took 0.090 seconds
[2024-10-22T04:13:07.145+0000] {processor.py:186} INFO - Started process (PID=61911) to work on /opt/airflow/dags/simple_dag1.py
[2024-10-22T04:13:07.146+0000] {processor.py:914} INFO - Processing file /opt/airflow/dags/simple_dag1.py for tasks to queue
[2024-10-22T04:13:07.147+0000] {logging_mixin.py:190} INFO - [2024-10-22T04:13:07.147+0000] {dagbag.py:588} INFO - Filling up the DagBag from /opt/airflow/dags/simple_dag1.py
[2024-10-22T04:13:07.153+0000] {processor.py:925} INFO - DAG(s) 'minhlt9' retrieved from /opt/airflow/dags/simple_dag1.py
[2024-10-22T04:13:07.178+0000] {logging_mixin.py:190} INFO - [2024-10-22T04:13:07.177+0000] {dag.py:3239} INFO - Sync 1 DAGs
[2024-10-22T04:13:07.204+0000] {logging_mixin.py:190} INFO - [2024-10-22T04:13:07.204+0000] {dag.py:4180} INFO - Setting next_dagrun for minhlt9 to None, run_after=None
[2024-10-22T04:13:07.224+0000] {processor.py:208} INFO - Processing /opt/airflow/dags/simple_dag1.py took 0.086 seconds
[2024-10-22T04:13:37.704+0000] {processor.py:186} INFO - Started process (PID=61977) to work on /opt/airflow/dags/simple_dag1.py
[2024-10-22T04:13:37.705+0000] {processor.py:914} INFO - Processing file /opt/airflow/dags/simple_dag1.py for tasks to queue
[2024-10-22T04:13:37.707+0000] {logging_mixin.py:190} INFO - [2024-10-22T04:13:37.707+0000] {dagbag.py:588} INFO - Filling up the DagBag from /opt/airflow/dags/simple_dag1.py
[2024-10-22T04:13:37.714+0000] {processor.py:925} INFO - DAG(s) 'minhlt9' retrieved from /opt/airflow/dags/simple_dag1.py
[2024-10-22T04:13:37.738+0000] {logging_mixin.py:190} INFO - [2024-10-22T04:13:37.738+0000] {dag.py:3239} INFO - Sync 1 DAGs
[2024-10-22T04:13:37.764+0000] {logging_mixin.py:190} INFO - [2024-10-22T04:13:37.764+0000] {dag.py:4180} INFO - Setting next_dagrun for minhlt9 to None, run_after=None
[2024-10-22T04:13:37.781+0000] {processor.py:208} INFO - Processing /opt/airflow/dags/simple_dag1.py took 0.085 seconds
[2024-10-22T04:14:08.145+0000] {processor.py:186} INFO - Started process (PID=62044) to work on /opt/airflow/dags/simple_dag1.py
[2024-10-22T04:14:08.147+0000] {processor.py:914} INFO - Processing file /opt/airflow/dags/simple_dag1.py for tasks to queue
[2024-10-22T04:14:08.148+0000] {logging_mixin.py:190} INFO - [2024-10-22T04:14:08.148+0000] {dagbag.py:588} INFO - Filling up the DagBag from /opt/airflow/dags/simple_dag1.py
[2024-10-22T04:14:08.155+0000] {processor.py:925} INFO - DAG(s) 'minhlt9' retrieved from /opt/airflow/dags/simple_dag1.py
[2024-10-22T04:14:08.190+0000] {logging_mixin.py:190} INFO - [2024-10-22T04:14:08.190+0000] {dag.py:3239} INFO - Sync 1 DAGs
[2024-10-22T04:14:08.221+0000] {logging_mixin.py:190} INFO - [2024-10-22T04:14:08.221+0000] {dag.py:4180} INFO - Setting next_dagrun for minhlt9 to None, run_after=None
[2024-10-22T04:14:08.245+0000] {processor.py:208} INFO - Processing /opt/airflow/dags/simple_dag1.py took 0.108 seconds
