[2024-10-21T10:53:17.626+0000] {processor.py:186} INFO - Started process (PID=49320) to work on /home/airflow/.local/lib/python3.12/site-packages/airflow/example_dags/example_bash_operator.py
[2024-10-21T10:53:17.629+0000] {processor.py:914} INFO - Processing file /home/airflow/.local/lib/python3.12/site-packages/airflow/example_dags/example_bash_operator.py for tasks to queue
[2024-10-21T10:53:17.633+0000] {logging_mixin.py:190} INFO - [2024-10-21T10:53:17.632+0000] {dagbag.py:588} INFO - Filling up the DagBag from /home/airflow/.local/lib/python3.12/site-packages/airflow/example_dags/example_bash_operator.py
[2024-10-21T10:53:17.670+0000] {processor.py:925} INFO - DAG(s) 'example_bash_operator' retrieved from /home/airflow/.local/lib/python3.12/site-packages/airflow/example_dags/example_bash_operator.py
[2024-10-21T10:53:17.790+0000] {logging_mixin.py:190} INFO - [2024-10-21T10:53:17.789+0000] {dag.py:3239} INFO - Sync 1 DAGs
[2024-10-21T10:53:17.891+0000] {logging_mixin.py:190} INFO - [2024-10-21T10:53:17.891+0000] {dag.py:4180} INFO - Setting next_dagrun for example_bash_operator to 2024-10-20 00:00:00+00:00, run_after=2024-10-21 00:00:00+00:00
[2024-10-21T10:53:18.018+0000] {processor.py:208} INFO - Processing /home/airflow/.local/lib/python3.12/site-packages/airflow/example_dags/example_bash_operator.py took 0.408 seconds
[2024-10-21T10:53:48.326+0000] {processor.py:186} INFO - Started process (PID=49387) to work on /home/airflow/.local/lib/python3.12/site-packages/airflow/example_dags/example_bash_operator.py
[2024-10-21T10:53:48.328+0000] {processor.py:914} INFO - Processing file /home/airflow/.local/lib/python3.12/site-packages/airflow/example_dags/example_bash_operator.py for tasks to queue
[2024-10-21T10:53:48.329+0000] {logging_mixin.py:190} INFO - [2024-10-21T10:53:48.329+0000] {dagbag.py:588} INFO - Filling up the DagBag from /home/airflow/.local/lib/python3.12/site-packages/airflow/example_dags/example_bash_operator.py
[2024-10-21T10:53:48.345+0000] {processor.py:925} INFO - DAG(s) 'example_bash_operator' retrieved from /home/airflow/.local/lib/python3.12/site-packages/airflow/example_dags/example_bash_operator.py
[2024-10-21T10:53:48.385+0000] {logging_mixin.py:190} INFO - [2024-10-21T10:53:48.385+0000] {dag.py:3239} INFO - Sync 1 DAGs
[2024-10-21T10:53:48.413+0000] {logging_mixin.py:190} INFO - [2024-10-21T10:53:48.412+0000] {dag.py:4180} INFO - Setting next_dagrun for example_bash_operator to 2024-10-20 00:00:00+00:00, run_after=2024-10-21 00:00:00+00:00
[2024-10-21T10:53:48.433+0000] {processor.py:208} INFO - Processing /home/airflow/.local/lib/python3.12/site-packages/airflow/example_dags/example_bash_operator.py took 0.116 seconds
[2024-10-21T10:54:19.037+0000] {processor.py:186} INFO - Started process (PID=49454) to work on /home/airflow/.local/lib/python3.12/site-packages/airflow/example_dags/example_bash_operator.py
[2024-10-21T10:54:19.038+0000] {processor.py:914} INFO - Processing file /home/airflow/.local/lib/python3.12/site-packages/airflow/example_dags/example_bash_operator.py for tasks to queue
[2024-10-21T10:54:19.039+0000] {logging_mixin.py:190} INFO - [2024-10-21T10:54:19.039+0000] {dagbag.py:588} INFO - Filling up the DagBag from /home/airflow/.local/lib/python3.12/site-packages/airflow/example_dags/example_bash_operator.py
[2024-10-21T10:54:19.051+0000] {processor.py:925} INFO - DAG(s) 'example_bash_operator' retrieved from /home/airflow/.local/lib/python3.12/site-packages/airflow/example_dags/example_bash_operator.py
[2024-10-21T10:54:19.087+0000] {logging_mixin.py:190} INFO - [2024-10-21T10:54:19.086+0000] {dag.py:3239} INFO - Sync 1 DAGs
[2024-10-21T10:54:19.113+0000] {logging_mixin.py:190} INFO - [2024-10-21T10:54:19.113+0000] {dag.py:4180} INFO - Setting next_dagrun for example_bash_operator to 2024-10-20 00:00:00+00:00, run_after=2024-10-21 00:00:00+00:00
[2024-10-21T10:54:19.134+0000] {processor.py:208} INFO - Processing /home/airflow/.local/lib/python3.12/site-packages/airflow/example_dags/example_bash_operator.py took 0.105 seconds
[2024-10-21T10:54:49.760+0000] {processor.py:186} INFO - Started process (PID=49521) to work on /home/airflow/.local/lib/python3.12/site-packages/airflow/example_dags/example_bash_operator.py
[2024-10-21T10:54:49.761+0000] {processor.py:914} INFO - Processing file /home/airflow/.local/lib/python3.12/site-packages/airflow/example_dags/example_bash_operator.py for tasks to queue
[2024-10-21T10:54:49.762+0000] {logging_mixin.py:190} INFO - [2024-10-21T10:54:49.762+0000] {dagbag.py:588} INFO - Filling up the DagBag from /home/airflow/.local/lib/python3.12/site-packages/airflow/example_dags/example_bash_operator.py
[2024-10-21T10:54:49.775+0000] {processor.py:925} INFO - DAG(s) 'example_bash_operator' retrieved from /home/airflow/.local/lib/python3.12/site-packages/airflow/example_dags/example_bash_operator.py
[2024-10-21T10:54:49.808+0000] {logging_mixin.py:190} INFO - [2024-10-21T10:54:49.808+0000] {dag.py:3239} INFO - Sync 1 DAGs
[2024-10-21T10:54:49.833+0000] {logging_mixin.py:190} INFO - [2024-10-21T10:54:49.833+0000] {dag.py:4180} INFO - Setting next_dagrun for example_bash_operator to 2024-10-20 00:00:00+00:00, run_after=2024-10-21 00:00:00+00:00
[2024-10-21T10:54:49.852+0000] {processor.py:208} INFO - Processing /home/airflow/.local/lib/python3.12/site-packages/airflow/example_dags/example_bash_operator.py took 0.100 seconds
[2024-10-21T10:55:19.964+0000] {processor.py:186} INFO - Started process (PID=49588) to work on /home/airflow/.local/lib/python3.12/site-packages/airflow/example_dags/example_bash_operator.py
[2024-10-21T10:55:19.965+0000] {processor.py:914} INFO - Processing file /home/airflow/.local/lib/python3.12/site-packages/airflow/example_dags/example_bash_operator.py for tasks to queue
[2024-10-21T10:55:19.966+0000] {logging_mixin.py:190} INFO - [2024-10-21T10:55:19.966+0000] {dagbag.py:588} INFO - Filling up the DagBag from /home/airflow/.local/lib/python3.12/site-packages/airflow/example_dags/example_bash_operator.py
[2024-10-21T10:55:19.978+0000] {processor.py:925} INFO - DAG(s) 'example_bash_operator' retrieved from /home/airflow/.local/lib/python3.12/site-packages/airflow/example_dags/example_bash_operator.py
[2024-10-21T10:55:20.012+0000] {logging_mixin.py:190} INFO - [2024-10-21T10:55:20.012+0000] {dag.py:3239} INFO - Sync 1 DAGs
[2024-10-21T10:55:20.038+0000] {logging_mixin.py:190} INFO - [2024-10-21T10:55:20.038+0000] {dag.py:4180} INFO - Setting next_dagrun for example_bash_operator to 2024-10-20 00:00:00+00:00, run_after=2024-10-21 00:00:00+00:00
[2024-10-21T10:55:20.056+0000] {processor.py:208} INFO - Processing /home/airflow/.local/lib/python3.12/site-packages/airflow/example_dags/example_bash_operator.py took 0.100 seconds
[2024-10-21T10:55:50.099+0000] {processor.py:186} INFO - Started process (PID=49655) to work on /home/airflow/.local/lib/python3.12/site-packages/airflow/example_dags/example_bash_operator.py
[2024-10-21T10:55:50.100+0000] {processor.py:914} INFO - Processing file /home/airflow/.local/lib/python3.12/site-packages/airflow/example_dags/example_bash_operator.py for tasks to queue
[2024-10-21T10:55:50.103+0000] {logging_mixin.py:190} INFO - [2024-10-21T10:55:50.102+0000] {dagbag.py:588} INFO - Filling up the DagBag from /home/airflow/.local/lib/python3.12/site-packages/airflow/example_dags/example_bash_operator.py
[2024-10-21T10:55:50.115+0000] {processor.py:925} INFO - DAG(s) 'example_bash_operator' retrieved from /home/airflow/.local/lib/python3.12/site-packages/airflow/example_dags/example_bash_operator.py
[2024-10-21T10:55:50.149+0000] {logging_mixin.py:190} INFO - [2024-10-21T10:55:50.148+0000] {dag.py:3239} INFO - Sync 1 DAGs
[2024-10-21T10:55:50.177+0000] {logging_mixin.py:190} INFO - [2024-10-21T10:55:50.177+0000] {dag.py:4180} INFO - Setting next_dagrun for example_bash_operator to 2024-10-20 00:00:00+00:00, run_after=2024-10-21 00:00:00+00:00
[2024-10-21T10:55:50.196+0000] {processor.py:208} INFO - Processing /home/airflow/.local/lib/python3.12/site-packages/airflow/example_dags/example_bash_operator.py took 0.105 seconds
[2024-10-21T10:56:20.471+0000] {processor.py:186} INFO - Started process (PID=49721) to work on /home/airflow/.local/lib/python3.12/site-packages/airflow/example_dags/example_bash_operator.py
[2024-10-21T10:56:20.473+0000] {processor.py:914} INFO - Processing file /home/airflow/.local/lib/python3.12/site-packages/airflow/example_dags/example_bash_operator.py for tasks to queue
[2024-10-21T10:56:20.475+0000] {logging_mixin.py:190} INFO - [2024-10-21T10:56:20.474+0000] {dagbag.py:588} INFO - Filling up the DagBag from /home/airflow/.local/lib/python3.12/site-packages/airflow/example_dags/example_bash_operator.py
[2024-10-21T10:56:20.486+0000] {processor.py:925} INFO - DAG(s) 'example_bash_operator' retrieved from /home/airflow/.local/lib/python3.12/site-packages/airflow/example_dags/example_bash_operator.py
[2024-10-21T10:56:20.518+0000] {logging_mixin.py:190} INFO - [2024-10-21T10:56:20.518+0000] {dag.py:3239} INFO - Sync 1 DAGs
[2024-10-21T10:56:20.544+0000] {logging_mixin.py:190} INFO - [2024-10-21T10:56:20.543+0000] {dag.py:4180} INFO - Setting next_dagrun for example_bash_operator to 2024-10-20 00:00:00+00:00, run_after=2024-10-21 00:00:00+00:00
[2024-10-21T10:56:20.563+0000] {processor.py:208} INFO - Processing /home/airflow/.local/lib/python3.12/site-packages/airflow/example_dags/example_bash_operator.py took 0.100 seconds
[2024-10-21T10:56:50.795+0000] {processor.py:186} INFO - Started process (PID=49788) to work on /home/airflow/.local/lib/python3.12/site-packages/airflow/example_dags/example_bash_operator.py
[2024-10-21T10:56:50.796+0000] {processor.py:914} INFO - Processing file /home/airflow/.local/lib/python3.12/site-packages/airflow/example_dags/example_bash_operator.py for tasks to queue
[2024-10-21T10:56:50.798+0000] {logging_mixin.py:190} INFO - [2024-10-21T10:56:50.797+0000] {dagbag.py:588} INFO - Filling up the DagBag from /home/airflow/.local/lib/python3.12/site-packages/airflow/example_dags/example_bash_operator.py
[2024-10-21T10:56:50.809+0000] {processor.py:925} INFO - DAG(s) 'example_bash_operator' retrieved from /home/airflow/.local/lib/python3.12/site-packages/airflow/example_dags/example_bash_operator.py
[2024-10-21T10:56:50.842+0000] {logging_mixin.py:190} INFO - [2024-10-21T10:56:50.842+0000] {dag.py:3239} INFO - Sync 1 DAGs
[2024-10-21T10:56:50.867+0000] {logging_mixin.py:190} INFO - [2024-10-21T10:56:50.867+0000] {dag.py:4180} INFO - Setting next_dagrun for example_bash_operator to 2024-10-20 00:00:00+00:00, run_after=2024-10-21 00:00:00+00:00
[2024-10-21T10:56:50.885+0000] {processor.py:208} INFO - Processing /home/airflow/.local/lib/python3.12/site-packages/airflow/example_dags/example_bash_operator.py took 0.097 seconds
[2024-10-21T10:57:21.900+0000] {processor.py:186} INFO - Started process (PID=49855) to work on /home/airflow/.local/lib/python3.12/site-packages/airflow/example_dags/example_bash_operator.py
[2024-10-21T10:57:21.901+0000] {processor.py:914} INFO - Processing file /home/airflow/.local/lib/python3.12/site-packages/airflow/example_dags/example_bash_operator.py for tasks to queue
[2024-10-21T10:57:21.903+0000] {logging_mixin.py:190} INFO - [2024-10-21T10:57:21.903+0000] {dagbag.py:588} INFO - Filling up the DagBag from /home/airflow/.local/lib/python3.12/site-packages/airflow/example_dags/example_bash_operator.py
[2024-10-21T10:57:21.918+0000] {processor.py:925} INFO - DAG(s) 'example_bash_operator' retrieved from /home/airflow/.local/lib/python3.12/site-packages/airflow/example_dags/example_bash_operator.py
[2024-10-21T10:57:21.969+0000] {logging_mixin.py:190} INFO - [2024-10-21T10:57:21.969+0000] {dag.py:3239} INFO - Sync 1 DAGs
[2024-10-21T10:57:21.996+0000] {logging_mixin.py:190} INFO - [2024-10-21T10:57:21.995+0000] {dag.py:4180} INFO - Setting next_dagrun for example_bash_operator to 2024-10-20 00:00:00+00:00, run_after=2024-10-21 00:00:00+00:00
[2024-10-21T10:57:22.019+0000] {processor.py:208} INFO - Processing /home/airflow/.local/lib/python3.12/site-packages/airflow/example_dags/example_bash_operator.py took 0.127 seconds
[2024-10-21T10:57:52.519+0000] {processor.py:186} INFO - Started process (PID=49922) to work on /home/airflow/.local/lib/python3.12/site-packages/airflow/example_dags/example_bash_operator.py
[2024-10-21T10:57:52.520+0000] {processor.py:914} INFO - Processing file /home/airflow/.local/lib/python3.12/site-packages/airflow/example_dags/example_bash_operator.py for tasks to queue
[2024-10-21T10:57:52.521+0000] {logging_mixin.py:190} INFO - [2024-10-21T10:57:52.521+0000] {dagbag.py:588} INFO - Filling up the DagBag from /home/airflow/.local/lib/python3.12/site-packages/airflow/example_dags/example_bash_operator.py
[2024-10-21T10:57:52.534+0000] {processor.py:925} INFO - DAG(s) 'example_bash_operator' retrieved from /home/airflow/.local/lib/python3.12/site-packages/airflow/example_dags/example_bash_operator.py
[2024-10-21T10:57:52.566+0000] {logging_mixin.py:190} INFO - [2024-10-21T10:57:52.566+0000] {dag.py:3239} INFO - Sync 1 DAGs
[2024-10-21T10:57:52.592+0000] {logging_mixin.py:190} INFO - [2024-10-21T10:57:52.592+0000] {dag.py:4180} INFO - Setting next_dagrun for example_bash_operator to 2024-10-20 00:00:00+00:00, run_after=2024-10-21 00:00:00+00:00
[2024-10-21T10:57:52.611+0000] {processor.py:208} INFO - Processing /home/airflow/.local/lib/python3.12/site-packages/airflow/example_dags/example_bash_operator.py took 0.099 seconds
[2024-10-21T10:58:22.708+0000] {processor.py:186} INFO - Started process (PID=49989) to work on /home/airflow/.local/lib/python3.12/site-packages/airflow/example_dags/example_bash_operator.py
[2024-10-21T10:58:22.710+0000] {processor.py:914} INFO - Processing file /home/airflow/.local/lib/python3.12/site-packages/airflow/example_dags/example_bash_operator.py for tasks to queue
[2024-10-21T10:58:22.712+0000] {logging_mixin.py:190} INFO - [2024-10-21T10:58:22.711+0000] {dagbag.py:588} INFO - Filling up the DagBag from /home/airflow/.local/lib/python3.12/site-packages/airflow/example_dags/example_bash_operator.py
[2024-10-21T10:58:22.726+0000] {processor.py:925} INFO - DAG(s) 'example_bash_operator' retrieved from /home/airflow/.local/lib/python3.12/site-packages/airflow/example_dags/example_bash_operator.py
[2024-10-21T10:58:22.765+0000] {logging_mixin.py:190} INFO - [2024-10-21T10:58:22.764+0000] {dag.py:3239} INFO - Sync 1 DAGs
[2024-10-21T10:58:22.791+0000] {logging_mixin.py:190} INFO - [2024-10-21T10:58:22.791+0000] {dag.py:4180} INFO - Setting next_dagrun for example_bash_operator to 2024-10-20 00:00:00+00:00, run_after=2024-10-21 00:00:00+00:00
[2024-10-21T10:58:22.811+0000] {processor.py:208} INFO - Processing /home/airflow/.local/lib/python3.12/site-packages/airflow/example_dags/example_bash_operator.py took 0.110 seconds
[2024-10-21T10:58:53.213+0000] {processor.py:186} INFO - Started process (PID=50056) to work on /home/airflow/.local/lib/python3.12/site-packages/airflow/example_dags/example_bash_operator.py
[2024-10-21T10:58:53.215+0000] {processor.py:914} INFO - Processing file /home/airflow/.local/lib/python3.12/site-packages/airflow/example_dags/example_bash_operator.py for tasks to queue
[2024-10-21T10:58:53.216+0000] {logging_mixin.py:190} INFO - [2024-10-21T10:58:53.216+0000] {dagbag.py:588} INFO - Filling up the DagBag from /home/airflow/.local/lib/python3.12/site-packages/airflow/example_dags/example_bash_operator.py
[2024-10-21T10:58:53.228+0000] {processor.py:925} INFO - DAG(s) 'example_bash_operator' retrieved from /home/airflow/.local/lib/python3.12/site-packages/airflow/example_dags/example_bash_operator.py
[2024-10-21T10:58:53.261+0000] {logging_mixin.py:190} INFO - [2024-10-21T10:58:53.261+0000] {dag.py:3239} INFO - Sync 1 DAGs
[2024-10-21T10:58:53.287+0000] {logging_mixin.py:190} INFO - [2024-10-21T10:58:53.286+0000] {dag.py:4180} INFO - Setting next_dagrun for example_bash_operator to 2024-10-20 00:00:00+00:00, run_after=2024-10-21 00:00:00+00:00
[2024-10-21T10:58:53.308+0000] {processor.py:208} INFO - Processing /home/airflow/.local/lib/python3.12/site-packages/airflow/example_dags/example_bash_operator.py took 0.102 seconds
[2024-10-21T10:59:23.880+0000] {processor.py:186} INFO - Started process (PID=50123) to work on /home/airflow/.local/lib/python3.12/site-packages/airflow/example_dags/example_bash_operator.py
[2024-10-21T10:59:23.882+0000] {processor.py:914} INFO - Processing file /home/airflow/.local/lib/python3.12/site-packages/airflow/example_dags/example_bash_operator.py for tasks to queue
[2024-10-21T10:59:23.883+0000] {logging_mixin.py:190} INFO - [2024-10-21T10:59:23.883+0000] {dagbag.py:588} INFO - Filling up the DagBag from /home/airflow/.local/lib/python3.12/site-packages/airflow/example_dags/example_bash_operator.py
[2024-10-21T10:59:23.895+0000] {processor.py:925} INFO - DAG(s) 'example_bash_operator' retrieved from /home/airflow/.local/lib/python3.12/site-packages/airflow/example_dags/example_bash_operator.py
[2024-10-21T10:59:23.928+0000] {logging_mixin.py:190} INFO - [2024-10-21T10:59:23.928+0000] {dag.py:3239} INFO - Sync 1 DAGs
[2024-10-21T10:59:23.957+0000] {logging_mixin.py:190} INFO - [2024-10-21T10:59:23.957+0000] {dag.py:4180} INFO - Setting next_dagrun for example_bash_operator to 2024-10-20 00:00:00+00:00, run_after=2024-10-21 00:00:00+00:00
[2024-10-21T10:59:23.977+0000] {processor.py:208} INFO - Processing /home/airflow/.local/lib/python3.12/site-packages/airflow/example_dags/example_bash_operator.py took 0.104 seconds
[2024-10-21T10:59:54.117+0000] {processor.py:186} INFO - Started process (PID=50190) to work on /home/airflow/.local/lib/python3.12/site-packages/airflow/example_dags/example_bash_operator.py
[2024-10-21T10:59:54.119+0000] {processor.py:914} INFO - Processing file /home/airflow/.local/lib/python3.12/site-packages/airflow/example_dags/example_bash_operator.py for tasks to queue
[2024-10-21T10:59:54.120+0000] {logging_mixin.py:190} INFO - [2024-10-21T10:59:54.119+0000] {dagbag.py:588} INFO - Filling up the DagBag from /home/airflow/.local/lib/python3.12/site-packages/airflow/example_dags/example_bash_operator.py
[2024-10-21T10:59:54.133+0000] {processor.py:925} INFO - DAG(s) 'example_bash_operator' retrieved from /home/airflow/.local/lib/python3.12/site-packages/airflow/example_dags/example_bash_operator.py
[2024-10-21T10:59:54.168+0000] {logging_mixin.py:190} INFO - [2024-10-21T10:59:54.168+0000] {dag.py:3239} INFO - Sync 1 DAGs
[2024-10-21T10:59:54.194+0000] {logging_mixin.py:190} INFO - [2024-10-21T10:59:54.194+0000] {dag.py:4180} INFO - Setting next_dagrun for example_bash_operator to 2024-10-20 00:00:00+00:00, run_after=2024-10-21 00:00:00+00:00
[2024-10-21T10:59:54.214+0000] {processor.py:208} INFO - Processing /home/airflow/.local/lib/python3.12/site-packages/airflow/example_dags/example_bash_operator.py took 0.103 seconds
[2024-10-21T11:00:24.486+0000] {processor.py:186} INFO - Started process (PID=50257) to work on /home/airflow/.local/lib/python3.12/site-packages/airflow/example_dags/example_bash_operator.py
[2024-10-21T11:00:24.487+0000] {processor.py:914} INFO - Processing file /home/airflow/.local/lib/python3.12/site-packages/airflow/example_dags/example_bash_operator.py for tasks to queue
[2024-10-21T11:00:24.488+0000] {logging_mixin.py:190} INFO - [2024-10-21T11:00:24.488+0000] {dagbag.py:588} INFO - Filling up the DagBag from /home/airflow/.local/lib/python3.12/site-packages/airflow/example_dags/example_bash_operator.py
[2024-10-21T11:00:24.500+0000] {processor.py:925} INFO - DAG(s) 'example_bash_operator' retrieved from /home/airflow/.local/lib/python3.12/site-packages/airflow/example_dags/example_bash_operator.py
[2024-10-21T11:00:24.533+0000] {logging_mixin.py:190} INFO - [2024-10-21T11:00:24.533+0000] {dag.py:3239} INFO - Sync 1 DAGs
[2024-10-21T11:00:24.558+0000] {logging_mixin.py:190} INFO - [2024-10-21T11:00:24.558+0000] {dag.py:4180} INFO - Setting next_dagrun for example_bash_operator to 2024-10-20 00:00:00+00:00, run_after=2024-10-21 00:00:00+00:00
[2024-10-21T11:00:24.575+0000] {processor.py:208} INFO - Processing /home/airflow/.local/lib/python3.12/site-packages/airflow/example_dags/example_bash_operator.py took 0.097 seconds
[2024-10-21T11:00:54.831+0000] {processor.py:186} INFO - Started process (PID=50324) to work on /home/airflow/.local/lib/python3.12/site-packages/airflow/example_dags/example_bash_operator.py
[2024-10-21T11:00:54.832+0000] {processor.py:914} INFO - Processing file /home/airflow/.local/lib/python3.12/site-packages/airflow/example_dags/example_bash_operator.py for tasks to queue
[2024-10-21T11:00:54.834+0000] {logging_mixin.py:190} INFO - [2024-10-21T11:00:54.833+0000] {dagbag.py:588} INFO - Filling up the DagBag from /home/airflow/.local/lib/python3.12/site-packages/airflow/example_dags/example_bash_operator.py
[2024-10-21T11:00:54.846+0000] {processor.py:925} INFO - DAG(s) 'example_bash_operator' retrieved from /home/airflow/.local/lib/python3.12/site-packages/airflow/example_dags/example_bash_operator.py
[2024-10-21T11:00:54.879+0000] {logging_mixin.py:190} INFO - [2024-10-21T11:00:54.878+0000] {dag.py:3239} INFO - Sync 1 DAGs
[2024-10-21T11:00:54.904+0000] {logging_mixin.py:190} INFO - [2024-10-21T11:00:54.904+0000] {dag.py:4180} INFO - Setting next_dagrun for example_bash_operator to 2024-10-20 00:00:00+00:00, run_after=2024-10-21 00:00:00+00:00
[2024-10-21T11:00:54.920+0000] {processor.py:208} INFO - Processing /home/airflow/.local/lib/python3.12/site-packages/airflow/example_dags/example_bash_operator.py took 0.096 seconds
[2024-10-21T11:01:24.972+0000] {processor.py:186} INFO - Started process (PID=50391) to work on /home/airflow/.local/lib/python3.12/site-packages/airflow/example_dags/example_bash_operator.py
[2024-10-21T11:01:24.974+0000] {processor.py:914} INFO - Processing file /home/airflow/.local/lib/python3.12/site-packages/airflow/example_dags/example_bash_operator.py for tasks to queue
[2024-10-21T11:01:24.975+0000] {logging_mixin.py:190} INFO - [2024-10-21T11:01:24.975+0000] {dagbag.py:588} INFO - Filling up the DagBag from /home/airflow/.local/lib/python3.12/site-packages/airflow/example_dags/example_bash_operator.py
[2024-10-21T11:01:24.987+0000] {processor.py:925} INFO - DAG(s) 'example_bash_operator' retrieved from /home/airflow/.local/lib/python3.12/site-packages/airflow/example_dags/example_bash_operator.py
[2024-10-21T11:01:25.021+0000] {logging_mixin.py:190} INFO - [2024-10-21T11:01:25.021+0000] {dag.py:3239} INFO - Sync 1 DAGs
[2024-10-21T11:01:25.050+0000] {logging_mixin.py:190} INFO - [2024-10-21T11:01:25.050+0000] {dag.py:4180} INFO - Setting next_dagrun for example_bash_operator to 2024-10-20 00:00:00+00:00, run_after=2024-10-21 00:00:00+00:00
[2024-10-21T11:01:25.069+0000] {processor.py:208} INFO - Processing /home/airflow/.local/lib/python3.12/site-packages/airflow/example_dags/example_bash_operator.py took 0.104 seconds
[2024-10-21T11:01:55.588+0000] {processor.py:186} INFO - Started process (PID=50458) to work on /home/airflow/.local/lib/python3.12/site-packages/airflow/example_dags/example_bash_operator.py
[2024-10-21T11:01:55.589+0000] {processor.py:914} INFO - Processing file /home/airflow/.local/lib/python3.12/site-packages/airflow/example_dags/example_bash_operator.py for tasks to queue
[2024-10-21T11:01:55.590+0000] {logging_mixin.py:190} INFO - [2024-10-21T11:01:55.590+0000] {dagbag.py:588} INFO - Filling up the DagBag from /home/airflow/.local/lib/python3.12/site-packages/airflow/example_dags/example_bash_operator.py
[2024-10-21T11:01:55.602+0000] {processor.py:925} INFO - DAG(s) 'example_bash_operator' retrieved from /home/airflow/.local/lib/python3.12/site-packages/airflow/example_dags/example_bash_operator.py
[2024-10-21T11:01:55.634+0000] {logging_mixin.py:190} INFO - [2024-10-21T11:01:55.634+0000] {dag.py:3239} INFO - Sync 1 DAGs
[2024-10-21T11:01:55.659+0000] {logging_mixin.py:190} INFO - [2024-10-21T11:01:55.658+0000] {dag.py:4180} INFO - Setting next_dagrun for example_bash_operator to 2024-10-20 00:00:00+00:00, run_after=2024-10-21 00:00:00+00:00
[2024-10-21T11:01:55.676+0000] {processor.py:208} INFO - Processing /home/airflow/.local/lib/python3.12/site-packages/airflow/example_dags/example_bash_operator.py took 0.095 seconds
[2024-10-21T11:02:25.944+0000] {processor.py:186} INFO - Started process (PID=50524) to work on /home/airflow/.local/lib/python3.12/site-packages/airflow/example_dags/example_bash_operator.py
[2024-10-21T11:02:25.945+0000] {processor.py:914} INFO - Processing file /home/airflow/.local/lib/python3.12/site-packages/airflow/example_dags/example_bash_operator.py for tasks to queue
[2024-10-21T11:02:25.946+0000] {logging_mixin.py:190} INFO - [2024-10-21T11:02:25.946+0000] {dagbag.py:588} INFO - Filling up the DagBag from /home/airflow/.local/lib/python3.12/site-packages/airflow/example_dags/example_bash_operator.py
[2024-10-21T11:02:25.958+0000] {processor.py:925} INFO - DAG(s) 'example_bash_operator' retrieved from /home/airflow/.local/lib/python3.12/site-packages/airflow/example_dags/example_bash_operator.py
[2024-10-21T11:02:25.992+0000] {logging_mixin.py:190} INFO - [2024-10-21T11:02:25.992+0000] {dag.py:3239} INFO - Sync 1 DAGs
[2024-10-21T11:02:26.019+0000] {logging_mixin.py:190} INFO - [2024-10-21T11:02:26.018+0000] {dag.py:4180} INFO - Setting next_dagrun for example_bash_operator to 2024-10-20 00:00:00+00:00, run_after=2024-10-21 00:00:00+00:00
[2024-10-21T11:02:26.039+0000] {processor.py:208} INFO - Processing /home/airflow/.local/lib/python3.12/site-packages/airflow/example_dags/example_bash_operator.py took 0.102 seconds
[2024-10-21T11:02:56.391+0000] {processor.py:186} INFO - Started process (PID=50591) to work on /home/airflow/.local/lib/python3.12/site-packages/airflow/example_dags/example_bash_operator.py
[2024-10-21T11:02:56.392+0000] {processor.py:914} INFO - Processing file /home/airflow/.local/lib/python3.12/site-packages/airflow/example_dags/example_bash_operator.py for tasks to queue
[2024-10-21T11:02:56.393+0000] {logging_mixin.py:190} INFO - [2024-10-21T11:02:56.393+0000] {dagbag.py:588} INFO - Filling up the DagBag from /home/airflow/.local/lib/python3.12/site-packages/airflow/example_dags/example_bash_operator.py
[2024-10-21T11:02:56.405+0000] {processor.py:925} INFO - DAG(s) 'example_bash_operator' retrieved from /home/airflow/.local/lib/python3.12/site-packages/airflow/example_dags/example_bash_operator.py
[2024-10-21T11:02:56.437+0000] {logging_mixin.py:190} INFO - [2024-10-21T11:02:56.437+0000] {dag.py:3239} INFO - Sync 1 DAGs
[2024-10-21T11:02:56.462+0000] {logging_mixin.py:190} INFO - [2024-10-21T11:02:56.462+0000] {dag.py:4180} INFO - Setting next_dagrun for example_bash_operator to 2024-10-20 00:00:00+00:00, run_after=2024-10-21 00:00:00+00:00
[2024-10-21T11:02:56.478+0000] {processor.py:208} INFO - Processing /home/airflow/.local/lib/python3.12/site-packages/airflow/example_dags/example_bash_operator.py took 0.095 seconds
[2024-10-21T11:03:26.880+0000] {processor.py:186} INFO - Started process (PID=50658) to work on /home/airflow/.local/lib/python3.12/site-packages/airflow/example_dags/example_bash_operator.py
[2024-10-21T11:03:26.882+0000] {processor.py:914} INFO - Processing file /home/airflow/.local/lib/python3.12/site-packages/airflow/example_dags/example_bash_operator.py for tasks to queue
[2024-10-21T11:03:26.883+0000] {logging_mixin.py:190} INFO - [2024-10-21T11:03:26.883+0000] {dagbag.py:588} INFO - Filling up the DagBag from /home/airflow/.local/lib/python3.12/site-packages/airflow/example_dags/example_bash_operator.py
[2024-10-21T11:03:26.896+0000] {processor.py:925} INFO - DAG(s) 'example_bash_operator' retrieved from /home/airflow/.local/lib/python3.12/site-packages/airflow/example_dags/example_bash_operator.py
[2024-10-21T11:03:26.930+0000] {logging_mixin.py:190} INFO - [2024-10-21T11:03:26.929+0000] {dag.py:3239} INFO - Sync 1 DAGs
[2024-10-21T11:03:26.958+0000] {logging_mixin.py:190} INFO - [2024-10-21T11:03:26.957+0000] {dag.py:4180} INFO - Setting next_dagrun for example_bash_operator to 2024-10-20 00:00:00+00:00, run_after=2024-10-21 00:00:00+00:00
[2024-10-21T11:03:26.978+0000] {processor.py:208} INFO - Processing /home/airflow/.local/lib/python3.12/site-packages/airflow/example_dags/example_bash_operator.py took 0.106 seconds
[2024-10-21T11:03:58.063+0000] {processor.py:186} INFO - Started process (PID=50724) to work on /home/airflow/.local/lib/python3.12/site-packages/airflow/example_dags/example_bash_operator.py
[2024-10-21T11:03:58.064+0000] {processor.py:914} INFO - Processing file /home/airflow/.local/lib/python3.12/site-packages/airflow/example_dags/example_bash_operator.py for tasks to queue
[2024-10-21T11:03:58.066+0000] {logging_mixin.py:190} INFO - [2024-10-21T11:03:58.065+0000] {dagbag.py:588} INFO - Filling up the DagBag from /home/airflow/.local/lib/python3.12/site-packages/airflow/example_dags/example_bash_operator.py
[2024-10-21T11:03:58.078+0000] {processor.py:925} INFO - DAG(s) 'example_bash_operator' retrieved from /home/airflow/.local/lib/python3.12/site-packages/airflow/example_dags/example_bash_operator.py
[2024-10-21T11:03:58.112+0000] {logging_mixin.py:190} INFO - [2024-10-21T11:03:58.112+0000] {dag.py:3239} INFO - Sync 1 DAGs
[2024-10-21T11:03:58.138+0000] {logging_mixin.py:190} INFO - [2024-10-21T11:03:58.137+0000] {dag.py:4180} INFO - Setting next_dagrun for example_bash_operator to 2024-10-20 00:00:00+00:00, run_after=2024-10-21 00:00:00+00:00
[2024-10-21T11:03:58.158+0000] {processor.py:208} INFO - Processing /home/airflow/.local/lib/python3.12/site-packages/airflow/example_dags/example_bash_operator.py took 0.102 seconds
[2024-10-21T11:04:28.502+0000] {processor.py:186} INFO - Started process (PID=50791) to work on /home/airflow/.local/lib/python3.12/site-packages/airflow/example_dags/example_bash_operator.py
[2024-10-21T11:04:28.503+0000] {processor.py:914} INFO - Processing file /home/airflow/.local/lib/python3.12/site-packages/airflow/example_dags/example_bash_operator.py for tasks to queue
[2024-10-21T11:04:28.504+0000] {logging_mixin.py:190} INFO - [2024-10-21T11:04:28.504+0000] {dagbag.py:588} INFO - Filling up the DagBag from /home/airflow/.local/lib/python3.12/site-packages/airflow/example_dags/example_bash_operator.py
[2024-10-21T11:04:28.517+0000] {processor.py:925} INFO - DAG(s) 'example_bash_operator' retrieved from /home/airflow/.local/lib/python3.12/site-packages/airflow/example_dags/example_bash_operator.py
[2024-10-21T11:04:28.552+0000] {logging_mixin.py:190} INFO - [2024-10-21T11:04:28.551+0000] {dag.py:3239} INFO - Sync 1 DAGs
[2024-10-21T11:04:28.578+0000] {logging_mixin.py:190} INFO - [2024-10-21T11:04:28.578+0000] {dag.py:4180} INFO - Setting next_dagrun for example_bash_operator to 2024-10-20 00:00:00+00:00, run_after=2024-10-21 00:00:00+00:00
[2024-10-21T11:04:28.598+0000] {processor.py:208} INFO - Processing /home/airflow/.local/lib/python3.12/site-packages/airflow/example_dags/example_bash_operator.py took 0.103 seconds
[2024-10-21T11:04:59.587+0000] {processor.py:186} INFO - Started process (PID=50859) to work on /home/airflow/.local/lib/python3.12/site-packages/airflow/example_dags/example_bash_operator.py
[2024-10-21T11:04:59.588+0000] {processor.py:914} INFO - Processing file /home/airflow/.local/lib/python3.12/site-packages/airflow/example_dags/example_bash_operator.py for tasks to queue
[2024-10-21T11:04:59.589+0000] {logging_mixin.py:190} INFO - [2024-10-21T11:04:59.589+0000] {dagbag.py:588} INFO - Filling up the DagBag from /home/airflow/.local/lib/python3.12/site-packages/airflow/example_dags/example_bash_operator.py
[2024-10-21T11:04:59.602+0000] {processor.py:925} INFO - DAG(s) 'example_bash_operator' retrieved from /home/airflow/.local/lib/python3.12/site-packages/airflow/example_dags/example_bash_operator.py
[2024-10-21T11:04:59.641+0000] {logging_mixin.py:190} INFO - [2024-10-21T11:04:59.641+0000] {dag.py:3239} INFO - Sync 1 DAGs
[2024-10-21T11:04:59.669+0000] {logging_mixin.py:190} INFO - [2024-10-21T11:04:59.669+0000] {dag.py:4180} INFO - Setting next_dagrun for example_bash_operator to 2024-10-20 00:00:00+00:00, run_after=2024-10-21 00:00:00+00:00
[2024-10-21T11:04:59.691+0000] {processor.py:208} INFO - Processing /home/airflow/.local/lib/python3.12/site-packages/airflow/example_dags/example_bash_operator.py took 0.115 seconds
[2024-10-21T11:05:29.924+0000] {processor.py:186} INFO - Started process (PID=50926) to work on /home/airflow/.local/lib/python3.12/site-packages/airflow/example_dags/example_bash_operator.py
[2024-10-21T11:05:29.925+0000] {processor.py:914} INFO - Processing file /home/airflow/.local/lib/python3.12/site-packages/airflow/example_dags/example_bash_operator.py for tasks to queue
[2024-10-21T11:05:29.927+0000] {logging_mixin.py:190} INFO - [2024-10-21T11:05:29.926+0000] {dagbag.py:588} INFO - Filling up the DagBag from /home/airflow/.local/lib/python3.12/site-packages/airflow/example_dags/example_bash_operator.py
[2024-10-21T11:05:29.938+0000] {processor.py:925} INFO - DAG(s) 'example_bash_operator' retrieved from /home/airflow/.local/lib/python3.12/site-packages/airflow/example_dags/example_bash_operator.py
[2024-10-21T11:05:29.970+0000] {logging_mixin.py:190} INFO - [2024-10-21T11:05:29.970+0000] {dag.py:3239} INFO - Sync 1 DAGs
[2024-10-21T11:05:29.995+0000] {logging_mixin.py:190} INFO - [2024-10-21T11:05:29.995+0000] {dag.py:4180} INFO - Setting next_dagrun for example_bash_operator to 2024-10-20 00:00:00+00:00, run_after=2024-10-21 00:00:00+00:00
[2024-10-21T11:05:30.035+0000] {processor.py:208} INFO - Processing /home/airflow/.local/lib/python3.12/site-packages/airflow/example_dags/example_bash_operator.py took 0.117 seconds
[2024-10-21T11:06:00.946+0000] {processor.py:186} INFO - Started process (PID=50993) to work on /home/airflow/.local/lib/python3.12/site-packages/airflow/example_dags/example_bash_operator.py
[2024-10-21T11:06:00.948+0000] {processor.py:914} INFO - Processing file /home/airflow/.local/lib/python3.12/site-packages/airflow/example_dags/example_bash_operator.py for tasks to queue
[2024-10-21T11:06:00.949+0000] {logging_mixin.py:190} INFO - [2024-10-21T11:06:00.949+0000] {dagbag.py:588} INFO - Filling up the DagBag from /home/airflow/.local/lib/python3.12/site-packages/airflow/example_dags/example_bash_operator.py
[2024-10-21T11:06:00.961+0000] {processor.py:925} INFO - DAG(s) 'example_bash_operator' retrieved from /home/airflow/.local/lib/python3.12/site-packages/airflow/example_dags/example_bash_operator.py
[2024-10-21T11:06:00.993+0000] {logging_mixin.py:190} INFO - [2024-10-21T11:06:00.993+0000] {dag.py:3239} INFO - Sync 1 DAGs
[2024-10-21T11:06:01.018+0000] {logging_mixin.py:190} INFO - [2024-10-21T11:06:01.018+0000] {dag.py:4180} INFO - Setting next_dagrun for example_bash_operator to 2024-10-20 00:00:00+00:00, run_after=2024-10-21 00:00:00+00:00
[2024-10-21T11:06:01.037+0000] {processor.py:208} INFO - Processing /home/airflow/.local/lib/python3.12/site-packages/airflow/example_dags/example_bash_operator.py took 0.098 seconds
[2024-10-21T11:06:31.347+0000] {processor.py:186} INFO - Started process (PID=51060) to work on /home/airflow/.local/lib/python3.12/site-packages/airflow/example_dags/example_bash_operator.py
[2024-10-21T11:06:31.349+0000] {processor.py:914} INFO - Processing file /home/airflow/.local/lib/python3.12/site-packages/airflow/example_dags/example_bash_operator.py for tasks to queue
[2024-10-21T11:06:31.350+0000] {logging_mixin.py:190} INFO - [2024-10-21T11:06:31.350+0000] {dagbag.py:588} INFO - Filling up the DagBag from /home/airflow/.local/lib/python3.12/site-packages/airflow/example_dags/example_bash_operator.py
[2024-10-21T11:06:31.363+0000] {processor.py:925} INFO - DAG(s) 'example_bash_operator' retrieved from /home/airflow/.local/lib/python3.12/site-packages/airflow/example_dags/example_bash_operator.py
[2024-10-21T11:06:31.397+0000] {logging_mixin.py:190} INFO - [2024-10-21T11:06:31.397+0000] {dag.py:3239} INFO - Sync 1 DAGs
[2024-10-21T11:06:31.422+0000] {logging_mixin.py:190} INFO - [2024-10-21T11:06:31.422+0000] {dag.py:4180} INFO - Setting next_dagrun for example_bash_operator to 2024-10-20 00:00:00+00:00, run_after=2024-10-21 00:00:00+00:00
[2024-10-21T11:06:31.440+0000] {processor.py:208} INFO - Processing /home/airflow/.local/lib/python3.12/site-packages/airflow/example_dags/example_bash_operator.py took 0.100 seconds
[2024-10-21T11:07:01.697+0000] {processor.py:186} INFO - Started process (PID=51127) to work on /home/airflow/.local/lib/python3.12/site-packages/airflow/example_dags/example_bash_operator.py
[2024-10-21T11:07:01.698+0000] {processor.py:914} INFO - Processing file /home/airflow/.local/lib/python3.12/site-packages/airflow/example_dags/example_bash_operator.py for tasks to queue
[2024-10-21T11:07:01.701+0000] {logging_mixin.py:190} INFO - [2024-10-21T11:07:01.699+0000] {dagbag.py:588} INFO - Filling up the DagBag from /home/airflow/.local/lib/python3.12/site-packages/airflow/example_dags/example_bash_operator.py
[2024-10-21T11:07:01.713+0000] {processor.py:925} INFO - DAG(s) 'example_bash_operator' retrieved from /home/airflow/.local/lib/python3.12/site-packages/airflow/example_dags/example_bash_operator.py
[2024-10-21T11:07:01.745+0000] {logging_mixin.py:190} INFO - [2024-10-21T11:07:01.744+0000] {dag.py:3239} INFO - Sync 1 DAGs
[2024-10-21T11:07:01.770+0000] {logging_mixin.py:190} INFO - [2024-10-21T11:07:01.769+0000] {dag.py:4180} INFO - Setting next_dagrun for example_bash_operator to 2024-10-20 00:00:00+00:00, run_after=2024-10-21 00:00:00+00:00
[2024-10-21T11:07:01.789+0000] {processor.py:208} INFO - Processing /home/airflow/.local/lib/python3.12/site-packages/airflow/example_dags/example_bash_operator.py took 0.099 seconds
[2024-10-21T11:07:32.074+0000] {processor.py:186} INFO - Started process (PID=51194) to work on /home/airflow/.local/lib/python3.12/site-packages/airflow/example_dags/example_bash_operator.py
[2024-10-21T11:07:32.075+0000] {processor.py:914} INFO - Processing file /home/airflow/.local/lib/python3.12/site-packages/airflow/example_dags/example_bash_operator.py for tasks to queue
[2024-10-21T11:07:32.076+0000] {logging_mixin.py:190} INFO - [2024-10-21T11:07:32.076+0000] {dagbag.py:588} INFO - Filling up the DagBag from /home/airflow/.local/lib/python3.12/site-packages/airflow/example_dags/example_bash_operator.py
[2024-10-21T11:07:32.090+0000] {processor.py:925} INFO - DAG(s) 'example_bash_operator' retrieved from /home/airflow/.local/lib/python3.12/site-packages/airflow/example_dags/example_bash_operator.py
[2024-10-21T11:07:32.131+0000] {logging_mixin.py:190} INFO - [2024-10-21T11:07:32.130+0000] {dag.py:3239} INFO - Sync 1 DAGs
[2024-10-21T11:07:32.171+0000] {logging_mixin.py:190} INFO - [2024-10-21T11:07:32.171+0000] {dag.py:4180} INFO - Setting next_dagrun for example_bash_operator to 2024-10-20 00:00:00+00:00, run_after=2024-10-21 00:00:00+00:00
[2024-10-21T11:07:32.194+0000] {processor.py:208} INFO - Processing /home/airflow/.local/lib/python3.12/site-packages/airflow/example_dags/example_bash_operator.py took 0.131 seconds
[2024-10-21T11:08:02.236+0000] {processor.py:186} INFO - Started process (PID=51260) to work on /home/airflow/.local/lib/python3.12/site-packages/airflow/example_dags/example_bash_operator.py
[2024-10-21T11:08:02.238+0000] {processor.py:914} INFO - Processing file /home/airflow/.local/lib/python3.12/site-packages/airflow/example_dags/example_bash_operator.py for tasks to queue
[2024-10-21T11:08:02.239+0000] {logging_mixin.py:190} INFO - [2024-10-21T11:08:02.239+0000] {dagbag.py:588} INFO - Filling up the DagBag from /home/airflow/.local/lib/python3.12/site-packages/airflow/example_dags/example_bash_operator.py
[2024-10-21T11:08:02.251+0000] {processor.py:925} INFO - DAG(s) 'example_bash_operator' retrieved from /home/airflow/.local/lib/python3.12/site-packages/airflow/example_dags/example_bash_operator.py
[2024-10-21T11:08:02.284+0000] {logging_mixin.py:190} INFO - [2024-10-21T11:08:02.284+0000] {dag.py:3239} INFO - Sync 1 DAGs
[2024-10-21T11:08:02.309+0000] {logging_mixin.py:190} INFO - [2024-10-21T11:08:02.309+0000] {dag.py:4180} INFO - Setting next_dagrun for example_bash_operator to 2024-10-20 00:00:00+00:00, run_after=2024-10-21 00:00:00+00:00
[2024-10-21T11:08:02.328+0000] {processor.py:208} INFO - Processing /home/airflow/.local/lib/python3.12/site-packages/airflow/example_dags/example_bash_operator.py took 0.099 seconds
[2024-10-21T11:08:33.103+0000] {processor.py:186} INFO - Started process (PID=51328) to work on /home/airflow/.local/lib/python3.12/site-packages/airflow/example_dags/example_bash_operator.py
[2024-10-21T11:08:33.104+0000] {processor.py:914} INFO - Processing file /home/airflow/.local/lib/python3.12/site-packages/airflow/example_dags/example_bash_operator.py for tasks to queue
[2024-10-21T11:08:33.105+0000] {logging_mixin.py:190} INFO - [2024-10-21T11:08:33.105+0000] {dagbag.py:588} INFO - Filling up the DagBag from /home/airflow/.local/lib/python3.12/site-packages/airflow/example_dags/example_bash_operator.py
[2024-10-21T11:08:33.118+0000] {processor.py:925} INFO - DAG(s) 'example_bash_operator' retrieved from /home/airflow/.local/lib/python3.12/site-packages/airflow/example_dags/example_bash_operator.py
[2024-10-21T11:08:33.150+0000] {logging_mixin.py:190} INFO - [2024-10-21T11:08:33.149+0000] {dag.py:3239} INFO - Sync 1 DAGs
[2024-10-21T11:08:33.177+0000] {logging_mixin.py:190} INFO - [2024-10-21T11:08:33.177+0000] {dag.py:4180} INFO - Setting next_dagrun for example_bash_operator to 2024-10-20 00:00:00+00:00, run_after=2024-10-21 00:00:00+00:00
[2024-10-21T11:08:33.194+0000] {processor.py:208} INFO - Processing /home/airflow/.local/lib/python3.12/site-packages/airflow/example_dags/example_bash_operator.py took 0.099 seconds
[2024-10-21T11:09:03.332+0000] {processor.py:186} INFO - Started process (PID=51394) to work on /home/airflow/.local/lib/python3.12/site-packages/airflow/example_dags/example_bash_operator.py
[2024-10-21T11:09:03.333+0000] {processor.py:914} INFO - Processing file /home/airflow/.local/lib/python3.12/site-packages/airflow/example_dags/example_bash_operator.py for tasks to queue
[2024-10-21T11:09:03.335+0000] {logging_mixin.py:190} INFO - [2024-10-21T11:09:03.334+0000] {dagbag.py:588} INFO - Filling up the DagBag from /home/airflow/.local/lib/python3.12/site-packages/airflow/example_dags/example_bash_operator.py
[2024-10-21T11:09:03.346+0000] {processor.py:925} INFO - DAG(s) 'example_bash_operator' retrieved from /home/airflow/.local/lib/python3.12/site-packages/airflow/example_dags/example_bash_operator.py
[2024-10-21T11:09:03.384+0000] {logging_mixin.py:190} INFO - [2024-10-21T11:09:03.384+0000] {dag.py:3239} INFO - Sync 1 DAGs
[2024-10-21T11:09:03.409+0000] {logging_mixin.py:190} INFO - [2024-10-21T11:09:03.409+0000] {dag.py:4180} INFO - Setting next_dagrun for example_bash_operator to 2024-10-20 00:00:00+00:00, run_after=2024-10-21 00:00:00+00:00
[2024-10-21T11:09:03.428+0000] {processor.py:208} INFO - Processing /home/airflow/.local/lib/python3.12/site-packages/airflow/example_dags/example_bash_operator.py took 0.103 seconds
[2024-10-21T11:09:33.903+0000] {processor.py:186} INFO - Started process (PID=51461) to work on /home/airflow/.local/lib/python3.12/site-packages/airflow/example_dags/example_bash_operator.py
[2024-10-21T11:09:33.904+0000] {processor.py:914} INFO - Processing file /home/airflow/.local/lib/python3.12/site-packages/airflow/example_dags/example_bash_operator.py for tasks to queue
[2024-10-21T11:09:33.906+0000] {logging_mixin.py:190} INFO - [2024-10-21T11:09:33.905+0000] {dagbag.py:588} INFO - Filling up the DagBag from /home/airflow/.local/lib/python3.12/site-packages/airflow/example_dags/example_bash_operator.py
[2024-10-21T11:09:33.922+0000] {processor.py:925} INFO - DAG(s) 'example_bash_operator' retrieved from /home/airflow/.local/lib/python3.12/site-packages/airflow/example_dags/example_bash_operator.py
[2024-10-21T11:09:33.962+0000] {logging_mixin.py:190} INFO - [2024-10-21T11:09:33.961+0000] {dag.py:3239} INFO - Sync 1 DAGs
[2024-10-21T11:09:33.989+0000] {logging_mixin.py:190} INFO - [2024-10-21T11:09:33.988+0000] {dag.py:4180} INFO - Setting next_dagrun for example_bash_operator to 2024-10-20 00:00:00+00:00, run_after=2024-10-21 00:00:00+00:00
[2024-10-21T11:09:34.009+0000] {processor.py:208} INFO - Processing /home/airflow/.local/lib/python3.12/site-packages/airflow/example_dags/example_bash_operator.py took 0.113 seconds
[2024-10-21T11:10:04.707+0000] {processor.py:186} INFO - Started process (PID=51528) to work on /home/airflow/.local/lib/python3.12/site-packages/airflow/example_dags/example_bash_operator.py
[2024-10-21T11:10:04.708+0000] {processor.py:914} INFO - Processing file /home/airflow/.local/lib/python3.12/site-packages/airflow/example_dags/example_bash_operator.py for tasks to queue
[2024-10-21T11:10:04.709+0000] {logging_mixin.py:190} INFO - [2024-10-21T11:10:04.709+0000] {dagbag.py:588} INFO - Filling up the DagBag from /home/airflow/.local/lib/python3.12/site-packages/airflow/example_dags/example_bash_operator.py
[2024-10-21T11:10:04.721+0000] {processor.py:925} INFO - DAG(s) 'example_bash_operator' retrieved from /home/airflow/.local/lib/python3.12/site-packages/airflow/example_dags/example_bash_operator.py
[2024-10-21T11:10:04.754+0000] {logging_mixin.py:190} INFO - [2024-10-21T11:10:04.754+0000] {dag.py:3239} INFO - Sync 1 DAGs
[2024-10-21T11:10:04.779+0000] {logging_mixin.py:190} INFO - [2024-10-21T11:10:04.779+0000] {dag.py:4180} INFO - Setting next_dagrun for example_bash_operator to 2024-10-20 00:00:00+00:00, run_after=2024-10-21 00:00:00+00:00
[2024-10-21T11:10:04.799+0000] {processor.py:208} INFO - Processing /home/airflow/.local/lib/python3.12/site-packages/airflow/example_dags/example_bash_operator.py took 0.100 seconds
[2024-10-21T11:10:35.327+0000] {processor.py:186} INFO - Started process (PID=51595) to work on /home/airflow/.local/lib/python3.12/site-packages/airflow/example_dags/example_bash_operator.py
[2024-10-21T11:10:35.328+0000] {processor.py:914} INFO - Processing file /home/airflow/.local/lib/python3.12/site-packages/airflow/example_dags/example_bash_operator.py for tasks to queue
[2024-10-21T11:10:35.330+0000] {logging_mixin.py:190} INFO - [2024-10-21T11:10:35.329+0000] {dagbag.py:588} INFO - Filling up the DagBag from /home/airflow/.local/lib/python3.12/site-packages/airflow/example_dags/example_bash_operator.py
[2024-10-21T11:10:35.343+0000] {processor.py:925} INFO - DAG(s) 'example_bash_operator' retrieved from /home/airflow/.local/lib/python3.12/site-packages/airflow/example_dags/example_bash_operator.py
[2024-10-21T11:10:35.376+0000] {logging_mixin.py:190} INFO - [2024-10-21T11:10:35.376+0000] {dag.py:3239} INFO - Sync 1 DAGs
[2024-10-21T11:10:35.402+0000] {logging_mixin.py:190} INFO - [2024-10-21T11:10:35.402+0000] {dag.py:4180} INFO - Setting next_dagrun for example_bash_operator to 2024-10-20 00:00:00+00:00, run_after=2024-10-21 00:00:00+00:00
[2024-10-21T11:10:35.419+0000] {processor.py:208} INFO - Processing /home/airflow/.local/lib/python3.12/site-packages/airflow/example_dags/example_bash_operator.py took 0.099 seconds
[2024-10-21T11:11:05.686+0000] {processor.py:186} INFO - Started process (PID=51662) to work on /home/airflow/.local/lib/python3.12/site-packages/airflow/example_dags/example_bash_operator.py
[2024-10-21T11:11:05.687+0000] {processor.py:914} INFO - Processing file /home/airflow/.local/lib/python3.12/site-packages/airflow/example_dags/example_bash_operator.py for tasks to queue
[2024-10-21T11:11:05.689+0000] {logging_mixin.py:190} INFO - [2024-10-21T11:11:05.688+0000] {dagbag.py:588} INFO - Filling up the DagBag from /home/airflow/.local/lib/python3.12/site-packages/airflow/example_dags/example_bash_operator.py
[2024-10-21T11:11:05.701+0000] {processor.py:925} INFO - DAG(s) 'example_bash_operator' retrieved from /home/airflow/.local/lib/python3.12/site-packages/airflow/example_dags/example_bash_operator.py
[2024-10-21T11:11:05.736+0000] {logging_mixin.py:190} INFO - [2024-10-21T11:11:05.735+0000] {dag.py:3239} INFO - Sync 1 DAGs
[2024-10-21T11:11:05.763+0000] {logging_mixin.py:190} INFO - [2024-10-21T11:11:05.762+0000] {dag.py:4180} INFO - Setting next_dagrun for example_bash_operator to 2024-10-20 00:00:00+00:00, run_after=2024-10-21 00:00:00+00:00
[2024-10-21T11:11:05.790+0000] {processor.py:208} INFO - Processing /home/airflow/.local/lib/python3.12/site-packages/airflow/example_dags/example_bash_operator.py took 0.112 seconds
[2024-10-21T11:11:36.207+0000] {processor.py:186} INFO - Started process (PID=51734) to work on /home/airflow/.local/lib/python3.12/site-packages/airflow/example_dags/example_bash_operator.py
[2024-10-21T11:11:36.208+0000] {processor.py:914} INFO - Processing file /home/airflow/.local/lib/python3.12/site-packages/airflow/example_dags/example_bash_operator.py for tasks to queue
[2024-10-21T11:11:36.209+0000] {logging_mixin.py:190} INFO - [2024-10-21T11:11:36.209+0000] {dagbag.py:588} INFO - Filling up the DagBag from /home/airflow/.local/lib/python3.12/site-packages/airflow/example_dags/example_bash_operator.py
[2024-10-21T11:11:36.222+0000] {processor.py:925} INFO - DAG(s) 'example_bash_operator' retrieved from /home/airflow/.local/lib/python3.12/site-packages/airflow/example_dags/example_bash_operator.py
[2024-10-21T11:11:36.265+0000] {logging_mixin.py:190} INFO - [2024-10-21T11:11:36.265+0000] {dag.py:3239} INFO - Sync 1 DAGs
[2024-10-21T11:11:36.290+0000] {logging_mixin.py:190} INFO - [2024-10-21T11:11:36.289+0000] {dag.py:4180} INFO - Setting next_dagrun for example_bash_operator to 2024-10-20 00:00:00+00:00, run_after=2024-10-21 00:00:00+00:00
[2024-10-21T11:11:36.312+0000] {processor.py:208} INFO - Processing /home/airflow/.local/lib/python3.12/site-packages/airflow/example_dags/example_bash_operator.py took 0.113 seconds
[2024-10-21T11:12:06.658+0000] {processor.py:186} INFO - Started process (PID=51801) to work on /home/airflow/.local/lib/python3.12/site-packages/airflow/example_dags/example_bash_operator.py
[2024-10-21T11:12:06.659+0000] {processor.py:914} INFO - Processing file /home/airflow/.local/lib/python3.12/site-packages/airflow/example_dags/example_bash_operator.py for tasks to queue
[2024-10-21T11:12:06.661+0000] {logging_mixin.py:190} INFO - [2024-10-21T11:12:06.660+0000] {dagbag.py:588} INFO - Filling up the DagBag from /home/airflow/.local/lib/python3.12/site-packages/airflow/example_dags/example_bash_operator.py
[2024-10-21T11:12:06.673+0000] {processor.py:925} INFO - DAG(s) 'example_bash_operator' retrieved from /home/airflow/.local/lib/python3.12/site-packages/airflow/example_dags/example_bash_operator.py
[2024-10-21T11:12:06.706+0000] {logging_mixin.py:190} INFO - [2024-10-21T11:12:06.706+0000] {dag.py:3239} INFO - Sync 1 DAGs
[2024-10-21T11:12:06.733+0000] {logging_mixin.py:190} INFO - [2024-10-21T11:12:06.733+0000] {dag.py:4180} INFO - Setting next_dagrun for example_bash_operator to 2024-10-20 00:00:00+00:00, run_after=2024-10-21 00:00:00+00:00
[2024-10-21T11:12:06.752+0000] {processor.py:208} INFO - Processing /home/airflow/.local/lib/python3.12/site-packages/airflow/example_dags/example_bash_operator.py took 0.101 seconds
[2024-10-21T11:12:37.386+0000] {processor.py:186} INFO - Started process (PID=51868) to work on /home/airflow/.local/lib/python3.12/site-packages/airflow/example_dags/example_bash_operator.py
[2024-10-21T11:12:37.387+0000] {processor.py:914} INFO - Processing file /home/airflow/.local/lib/python3.12/site-packages/airflow/example_dags/example_bash_operator.py for tasks to queue
[2024-10-21T11:12:37.389+0000] {logging_mixin.py:190} INFO - [2024-10-21T11:12:37.388+0000] {dagbag.py:588} INFO - Filling up the DagBag from /home/airflow/.local/lib/python3.12/site-packages/airflow/example_dags/example_bash_operator.py
[2024-10-21T11:12:37.399+0000] {processor.py:925} INFO - DAG(s) 'example_bash_operator' retrieved from /home/airflow/.local/lib/python3.12/site-packages/airflow/example_dags/example_bash_operator.py
[2024-10-21T11:12:37.430+0000] {logging_mixin.py:190} INFO - [2024-10-21T11:12:37.430+0000] {dag.py:3239} INFO - Sync 1 DAGs
[2024-10-21T11:12:37.456+0000] {logging_mixin.py:190} INFO - [2024-10-21T11:12:37.456+0000] {dag.py:4180} INFO - Setting next_dagrun for example_bash_operator to 2024-10-20 00:00:00+00:00, run_after=2024-10-21 00:00:00+00:00
[2024-10-21T11:12:37.470+0000] {processor.py:208} INFO - Processing /home/airflow/.local/lib/python3.12/site-packages/airflow/example_dags/example_bash_operator.py took 0.090 seconds
[2024-10-21T11:13:07.754+0000] {processor.py:186} INFO - Started process (PID=51934) to work on /home/airflow/.local/lib/python3.12/site-packages/airflow/example_dags/example_bash_operator.py
[2024-10-21T11:13:07.755+0000] {processor.py:914} INFO - Processing file /home/airflow/.local/lib/python3.12/site-packages/airflow/example_dags/example_bash_operator.py for tasks to queue
[2024-10-21T11:13:07.757+0000] {logging_mixin.py:190} INFO - [2024-10-21T11:13:07.756+0000] {dagbag.py:588} INFO - Filling up the DagBag from /home/airflow/.local/lib/python3.12/site-packages/airflow/example_dags/example_bash_operator.py
[2024-10-21T11:13:07.768+0000] {processor.py:925} INFO - DAG(s) 'example_bash_operator' retrieved from /home/airflow/.local/lib/python3.12/site-packages/airflow/example_dags/example_bash_operator.py
[2024-10-21T11:13:07.799+0000] {logging_mixin.py:190} INFO - [2024-10-21T11:13:07.798+0000] {dag.py:3239} INFO - Sync 1 DAGs
[2024-10-21T11:13:07.824+0000] {logging_mixin.py:190} INFO - [2024-10-21T11:13:07.824+0000] {dag.py:4180} INFO - Setting next_dagrun for example_bash_operator to 2024-10-20 00:00:00+00:00, run_after=2024-10-21 00:00:00+00:00
[2024-10-21T11:13:07.842+0000] {processor.py:208} INFO - Processing /home/airflow/.local/lib/python3.12/site-packages/airflow/example_dags/example_bash_operator.py took 0.096 seconds
[2024-10-21T11:13:38.174+0000] {processor.py:186} INFO - Started process (PID=52000) to work on /home/airflow/.local/lib/python3.12/site-packages/airflow/example_dags/example_bash_operator.py
[2024-10-21T11:13:38.175+0000] {processor.py:914} INFO - Processing file /home/airflow/.local/lib/python3.12/site-packages/airflow/example_dags/example_bash_operator.py for tasks to queue
[2024-10-21T11:13:38.177+0000] {logging_mixin.py:190} INFO - [2024-10-21T11:13:38.176+0000] {dagbag.py:588} INFO - Filling up the DagBag from /home/airflow/.local/lib/python3.12/site-packages/airflow/example_dags/example_bash_operator.py
[2024-10-21T11:13:38.189+0000] {processor.py:925} INFO - DAG(s) 'example_bash_operator' retrieved from /home/airflow/.local/lib/python3.12/site-packages/airflow/example_dags/example_bash_operator.py
[2024-10-21T11:13:38.222+0000] {logging_mixin.py:190} INFO - [2024-10-21T11:13:38.222+0000] {dag.py:3239} INFO - Sync 1 DAGs
[2024-10-21T11:13:38.251+0000] {logging_mixin.py:190} INFO - [2024-10-21T11:13:38.250+0000] {dag.py:4180} INFO - Setting next_dagrun for example_bash_operator to 2024-10-20 00:00:00+00:00, run_after=2024-10-21 00:00:00+00:00
[2024-10-21T11:13:38.272+0000] {processor.py:208} INFO - Processing /home/airflow/.local/lib/python3.12/site-packages/airflow/example_dags/example_bash_operator.py took 0.105 seconds
[2024-10-21T11:14:08.713+0000] {processor.py:186} INFO - Started process (PID=52067) to work on /home/airflow/.local/lib/python3.12/site-packages/airflow/example_dags/example_bash_operator.py
[2024-10-21T11:14:08.714+0000] {processor.py:914} INFO - Processing file /home/airflow/.local/lib/python3.12/site-packages/airflow/example_dags/example_bash_operator.py for tasks to queue
[2024-10-21T11:14:08.716+0000] {logging_mixin.py:190} INFO - [2024-10-21T11:14:08.715+0000] {dagbag.py:588} INFO - Filling up the DagBag from /home/airflow/.local/lib/python3.12/site-packages/airflow/example_dags/example_bash_operator.py
[2024-10-21T11:14:08.733+0000] {processor.py:925} INFO - DAG(s) 'example_bash_operator' retrieved from /home/airflow/.local/lib/python3.12/site-packages/airflow/example_dags/example_bash_operator.py
[2024-10-21T11:14:08.766+0000] {logging_mixin.py:190} INFO - [2024-10-21T11:14:08.765+0000] {dag.py:3239} INFO - Sync 1 DAGs
[2024-10-21T11:14:08.791+0000] {logging_mixin.py:190} INFO - [2024-10-21T11:14:08.791+0000] {dag.py:4180} INFO - Setting next_dagrun for example_bash_operator to 2024-10-20 00:00:00+00:00, run_after=2024-10-21 00:00:00+00:00
[2024-10-21T11:14:08.811+0000] {processor.py:208} INFO - Processing /home/airflow/.local/lib/python3.12/site-packages/airflow/example_dags/example_bash_operator.py took 0.105 seconds
[2024-10-21T11:14:39.361+0000] {processor.py:186} INFO - Started process (PID=52134) to work on /home/airflow/.local/lib/python3.12/site-packages/airflow/example_dags/example_bash_operator.py
[2024-10-21T11:14:39.362+0000] {processor.py:914} INFO - Processing file /home/airflow/.local/lib/python3.12/site-packages/airflow/example_dags/example_bash_operator.py for tasks to queue
[2024-10-21T11:14:39.363+0000] {logging_mixin.py:190} INFO - [2024-10-21T11:14:39.363+0000] {dagbag.py:588} INFO - Filling up the DagBag from /home/airflow/.local/lib/python3.12/site-packages/airflow/example_dags/example_bash_operator.py
[2024-10-21T11:14:39.375+0000] {processor.py:925} INFO - DAG(s) 'example_bash_operator' retrieved from /home/airflow/.local/lib/python3.12/site-packages/airflow/example_dags/example_bash_operator.py
[2024-10-21T11:14:39.408+0000] {logging_mixin.py:190} INFO - [2024-10-21T11:14:39.407+0000] {dag.py:3239} INFO - Sync 1 DAGs
[2024-10-21T11:14:39.434+0000] {logging_mixin.py:190} INFO - [2024-10-21T11:14:39.434+0000] {dag.py:4180} INFO - Setting next_dagrun for example_bash_operator to 2024-10-20 00:00:00+00:00, run_after=2024-10-21 00:00:00+00:00
[2024-10-21T11:14:39.452+0000] {processor.py:208} INFO - Processing /home/airflow/.local/lib/python3.12/site-packages/airflow/example_dags/example_bash_operator.py took 0.098 seconds
[2024-10-21T11:15:09.917+0000] {processor.py:186} INFO - Started process (PID=52200) to work on /home/airflow/.local/lib/python3.12/site-packages/airflow/example_dags/example_bash_operator.py
[2024-10-21T11:15:09.918+0000] {processor.py:914} INFO - Processing file /home/airflow/.local/lib/python3.12/site-packages/airflow/example_dags/example_bash_operator.py for tasks to queue
[2024-10-21T11:15:09.920+0000] {logging_mixin.py:190} INFO - [2024-10-21T11:15:09.919+0000] {dagbag.py:588} INFO - Filling up the DagBag from /home/airflow/.local/lib/python3.12/site-packages/airflow/example_dags/example_bash_operator.py
[2024-10-21T11:15:09.935+0000] {processor.py:925} INFO - DAG(s) 'example_bash_operator' retrieved from /home/airflow/.local/lib/python3.12/site-packages/airflow/example_dags/example_bash_operator.py
[2024-10-21T11:15:09.970+0000] {logging_mixin.py:190} INFO - [2024-10-21T11:15:09.970+0000] {dag.py:3239} INFO - Sync 1 DAGs
[2024-10-21T11:15:09.999+0000] {logging_mixin.py:190} INFO - [2024-10-21T11:15:09.998+0000] {dag.py:4180} INFO - Setting next_dagrun for example_bash_operator to 2024-10-20 00:00:00+00:00, run_after=2024-10-21 00:00:00+00:00
[2024-10-21T11:15:10.018+0000] {processor.py:208} INFO - Processing /home/airflow/.local/lib/python3.12/site-packages/airflow/example_dags/example_bash_operator.py took 0.108 seconds
[2024-10-21T11:15:40.380+0000] {processor.py:186} INFO - Started process (PID=52267) to work on /home/airflow/.local/lib/python3.12/site-packages/airflow/example_dags/example_bash_operator.py
[2024-10-21T11:15:40.380+0000] {processor.py:914} INFO - Processing file /home/airflow/.local/lib/python3.12/site-packages/airflow/example_dags/example_bash_operator.py for tasks to queue
[2024-10-21T11:15:40.382+0000] {logging_mixin.py:190} INFO - [2024-10-21T11:15:40.381+0000] {dagbag.py:588} INFO - Filling up the DagBag from /home/airflow/.local/lib/python3.12/site-packages/airflow/example_dags/example_bash_operator.py
[2024-10-21T11:15:40.394+0000] {processor.py:925} INFO - DAG(s) 'example_bash_operator' retrieved from /home/airflow/.local/lib/python3.12/site-packages/airflow/example_dags/example_bash_operator.py
[2024-10-21T11:15:40.430+0000] {logging_mixin.py:190} INFO - [2024-10-21T11:15:40.430+0000] {dag.py:3239} INFO - Sync 1 DAGs
[2024-10-21T11:15:40.455+0000] {logging_mixin.py:190} INFO - [2024-10-21T11:15:40.455+0000] {dag.py:4180} INFO - Setting next_dagrun for example_bash_operator to 2024-10-20 00:00:00+00:00, run_after=2024-10-21 00:00:00+00:00
[2024-10-21T11:15:40.477+0000] {processor.py:208} INFO - Processing /home/airflow/.local/lib/python3.12/site-packages/airflow/example_dags/example_bash_operator.py took 0.105 seconds
[2024-10-21T11:16:10.683+0000] {processor.py:186} INFO - Started process (PID=52333) to work on /home/airflow/.local/lib/python3.12/site-packages/airflow/example_dags/example_bash_operator.py
[2024-10-21T11:16:10.684+0000] {processor.py:914} INFO - Processing file /home/airflow/.local/lib/python3.12/site-packages/airflow/example_dags/example_bash_operator.py for tasks to queue
[2024-10-21T11:16:10.685+0000] {logging_mixin.py:190} INFO - [2024-10-21T11:16:10.685+0000] {dagbag.py:588} INFO - Filling up the DagBag from /home/airflow/.local/lib/python3.12/site-packages/airflow/example_dags/example_bash_operator.py
[2024-10-21T11:16:10.697+0000] {processor.py:925} INFO - DAG(s) 'example_bash_operator' retrieved from /home/airflow/.local/lib/python3.12/site-packages/airflow/example_dags/example_bash_operator.py
[2024-10-21T11:16:10.731+0000] {logging_mixin.py:190} INFO - [2024-10-21T11:16:10.731+0000] {dag.py:3239} INFO - Sync 1 DAGs
[2024-10-21T11:16:10.757+0000] {logging_mixin.py:190} INFO - [2024-10-21T11:16:10.756+0000] {dag.py:4180} INFO - Setting next_dagrun for example_bash_operator to 2024-10-20 00:00:00+00:00, run_after=2024-10-21 00:00:00+00:00
[2024-10-21T11:16:10.774+0000] {processor.py:208} INFO - Processing /home/airflow/.local/lib/python3.12/site-packages/airflow/example_dags/example_bash_operator.py took 0.099 seconds
[2024-10-21T11:16:41.336+0000] {processor.py:186} INFO - Started process (PID=52400) to work on /home/airflow/.local/lib/python3.12/site-packages/airflow/example_dags/example_bash_operator.py
[2024-10-21T11:16:41.336+0000] {processor.py:914} INFO - Processing file /home/airflow/.local/lib/python3.12/site-packages/airflow/example_dags/example_bash_operator.py for tasks to queue
[2024-10-21T11:16:41.338+0000] {logging_mixin.py:190} INFO - [2024-10-21T11:16:41.338+0000] {dagbag.py:588} INFO - Filling up the DagBag from /home/airflow/.local/lib/python3.12/site-packages/airflow/example_dags/example_bash_operator.py
[2024-10-21T11:16:41.350+0000] {processor.py:925} INFO - DAG(s) 'example_bash_operator' retrieved from /home/airflow/.local/lib/python3.12/site-packages/airflow/example_dags/example_bash_operator.py
[2024-10-21T11:16:41.382+0000] {logging_mixin.py:190} INFO - [2024-10-21T11:16:41.382+0000] {dag.py:3239} INFO - Sync 1 DAGs
[2024-10-21T11:16:41.406+0000] {logging_mixin.py:190} INFO - [2024-10-21T11:16:41.406+0000] {dag.py:4180} INFO - Setting next_dagrun for example_bash_operator to 2024-10-20 00:00:00+00:00, run_after=2024-10-21 00:00:00+00:00
[2024-10-21T11:16:41.424+0000] {processor.py:208} INFO - Processing /home/airflow/.local/lib/python3.12/site-packages/airflow/example_dags/example_bash_operator.py took 0.095 seconds
[2024-10-21T11:17:11.585+0000] {processor.py:186} INFO - Started process (PID=52467) to work on /home/airflow/.local/lib/python3.12/site-packages/airflow/example_dags/example_bash_operator.py
[2024-10-21T11:17:11.586+0000] {processor.py:914} INFO - Processing file /home/airflow/.local/lib/python3.12/site-packages/airflow/example_dags/example_bash_operator.py for tasks to queue
[2024-10-21T11:17:11.587+0000] {logging_mixin.py:190} INFO - [2024-10-21T11:17:11.587+0000] {dagbag.py:588} INFO - Filling up the DagBag from /home/airflow/.local/lib/python3.12/site-packages/airflow/example_dags/example_bash_operator.py
[2024-10-21T11:17:11.599+0000] {processor.py:925} INFO - DAG(s) 'example_bash_operator' retrieved from /home/airflow/.local/lib/python3.12/site-packages/airflow/example_dags/example_bash_operator.py
[2024-10-21T11:17:11.632+0000] {logging_mixin.py:190} INFO - [2024-10-21T11:17:11.632+0000] {dag.py:3239} INFO - Sync 1 DAGs
[2024-10-21T11:17:11.656+0000] {logging_mixin.py:190} INFO - [2024-10-21T11:17:11.656+0000] {dag.py:4180} INFO - Setting next_dagrun for example_bash_operator to 2024-10-20 00:00:00+00:00, run_after=2024-10-21 00:00:00+00:00
[2024-10-21T11:17:11.674+0000] {processor.py:208} INFO - Processing /home/airflow/.local/lib/python3.12/site-packages/airflow/example_dags/example_bash_operator.py took 0.096 seconds
[2024-10-21T11:17:41.894+0000] {processor.py:186} INFO - Started process (PID=52534) to work on /home/airflow/.local/lib/python3.12/site-packages/airflow/example_dags/example_bash_operator.py
[2024-10-21T11:17:41.895+0000] {processor.py:914} INFO - Processing file /home/airflow/.local/lib/python3.12/site-packages/airflow/example_dags/example_bash_operator.py for tasks to queue
[2024-10-21T11:17:41.897+0000] {logging_mixin.py:190} INFO - [2024-10-21T11:17:41.896+0000] {dagbag.py:588} INFO - Filling up the DagBag from /home/airflow/.local/lib/python3.12/site-packages/airflow/example_dags/example_bash_operator.py
[2024-10-21T11:17:41.909+0000] {processor.py:925} INFO - DAG(s) 'example_bash_operator' retrieved from /home/airflow/.local/lib/python3.12/site-packages/airflow/example_dags/example_bash_operator.py
[2024-10-21T11:17:41.942+0000] {logging_mixin.py:190} INFO - [2024-10-21T11:17:41.941+0000] {dag.py:3239} INFO - Sync 1 DAGs
[2024-10-21T11:17:41.967+0000] {logging_mixin.py:190} INFO - [2024-10-21T11:17:41.967+0000] {dag.py:4180} INFO - Setting next_dagrun for example_bash_operator to 2024-10-20 00:00:00+00:00, run_after=2024-10-21 00:00:00+00:00
[2024-10-21T11:17:41.984+0000] {processor.py:208} INFO - Processing /home/airflow/.local/lib/python3.12/site-packages/airflow/example_dags/example_bash_operator.py took 0.100 seconds
[2024-10-21T11:18:13.084+0000] {processor.py:186} INFO - Started process (PID=52601) to work on /home/airflow/.local/lib/python3.12/site-packages/airflow/example_dags/example_bash_operator.py
[2024-10-21T11:18:13.085+0000] {processor.py:914} INFO - Processing file /home/airflow/.local/lib/python3.12/site-packages/airflow/example_dags/example_bash_operator.py for tasks to queue
[2024-10-21T11:18:13.087+0000] {logging_mixin.py:190} INFO - [2024-10-21T11:18:13.086+0000] {dagbag.py:588} INFO - Filling up the DagBag from /home/airflow/.local/lib/python3.12/site-packages/airflow/example_dags/example_bash_operator.py
[2024-10-21T11:18:13.099+0000] {processor.py:925} INFO - DAG(s) 'example_bash_operator' retrieved from /home/airflow/.local/lib/python3.12/site-packages/airflow/example_dags/example_bash_operator.py
[2024-10-21T11:18:13.132+0000] {logging_mixin.py:190} INFO - [2024-10-21T11:18:13.132+0000] {dag.py:3239} INFO - Sync 1 DAGs
[2024-10-21T11:18:13.349+0000] {logging_mixin.py:190} INFO - [2024-10-21T11:18:13.349+0000] {dag.py:4180} INFO - Setting next_dagrun for example_bash_operator to 2024-10-20 00:00:00+00:00, run_after=2024-10-21 00:00:00+00:00
[2024-10-21T11:18:13.367+0000] {processor.py:208} INFO - Processing /home/airflow/.local/lib/python3.12/site-packages/airflow/example_dags/example_bash_operator.py took 0.290 seconds
[2024-10-21T11:18:43.713+0000] {processor.py:186} INFO - Started process (PID=52668) to work on /home/airflow/.local/lib/python3.12/site-packages/airflow/example_dags/example_bash_operator.py
[2024-10-21T11:18:43.715+0000] {processor.py:914} INFO - Processing file /home/airflow/.local/lib/python3.12/site-packages/airflow/example_dags/example_bash_operator.py for tasks to queue
[2024-10-21T11:18:43.716+0000] {logging_mixin.py:190} INFO - [2024-10-21T11:18:43.716+0000] {dagbag.py:588} INFO - Filling up the DagBag from /home/airflow/.local/lib/python3.12/site-packages/airflow/example_dags/example_bash_operator.py
[2024-10-21T11:18:43.729+0000] {processor.py:925} INFO - DAG(s) 'example_bash_operator' retrieved from /home/airflow/.local/lib/python3.12/site-packages/airflow/example_dags/example_bash_operator.py
[2024-10-21T11:18:43.764+0000] {logging_mixin.py:190} INFO - [2024-10-21T11:18:43.764+0000] {dag.py:3239} INFO - Sync 1 DAGs
[2024-10-21T11:18:43.985+0000] {logging_mixin.py:190} INFO - [2024-10-21T11:18:43.984+0000] {dag.py:4180} INFO - Setting next_dagrun for example_bash_operator to 2024-10-20 00:00:00+00:00, run_after=2024-10-21 00:00:00+00:00
[2024-10-21T11:18:44.003+0000] {processor.py:208} INFO - Processing /home/airflow/.local/lib/python3.12/site-packages/airflow/example_dags/example_bash_operator.py took 0.298 seconds
[2024-10-21T11:19:14.812+0000] {processor.py:186} INFO - Started process (PID=52735) to work on /home/airflow/.local/lib/python3.12/site-packages/airflow/example_dags/example_bash_operator.py
[2024-10-21T11:19:14.814+0000] {processor.py:914} INFO - Processing file /home/airflow/.local/lib/python3.12/site-packages/airflow/example_dags/example_bash_operator.py for tasks to queue
[2024-10-21T11:19:14.816+0000] {logging_mixin.py:190} INFO - [2024-10-21T11:19:14.815+0000] {dagbag.py:588} INFO - Filling up the DagBag from /home/airflow/.local/lib/python3.12/site-packages/airflow/example_dags/example_bash_operator.py
[2024-10-21T11:19:14.830+0000] {processor.py:925} INFO - DAG(s) 'example_bash_operator' retrieved from /home/airflow/.local/lib/python3.12/site-packages/airflow/example_dags/example_bash_operator.py
[2024-10-21T11:19:14.862+0000] {logging_mixin.py:190} INFO - [2024-10-21T11:19:14.861+0000] {dag.py:3239} INFO - Sync 1 DAGs
[2024-10-21T11:19:14.888+0000] {logging_mixin.py:190} INFO - [2024-10-21T11:19:14.887+0000] {dag.py:4180} INFO - Setting next_dagrun for example_bash_operator to 2024-10-20 00:00:00+00:00, run_after=2024-10-21 00:00:00+00:00
[2024-10-21T11:19:15.087+0000] {processor.py:208} INFO - Processing /home/airflow/.local/lib/python3.12/site-packages/airflow/example_dags/example_bash_operator.py took 0.284 seconds
[2024-10-21T11:19:45.504+0000] {processor.py:186} INFO - Started process (PID=52802) to work on /home/airflow/.local/lib/python3.12/site-packages/airflow/example_dags/example_bash_operator.py
[2024-10-21T11:19:45.505+0000] {processor.py:914} INFO - Processing file /home/airflow/.local/lib/python3.12/site-packages/airflow/example_dags/example_bash_operator.py for tasks to queue
[2024-10-21T11:19:45.507+0000] {logging_mixin.py:190} INFO - [2024-10-21T11:19:45.506+0000] {dagbag.py:588} INFO - Filling up the DagBag from /home/airflow/.local/lib/python3.12/site-packages/airflow/example_dags/example_bash_operator.py
[2024-10-21T11:19:45.519+0000] {processor.py:925} INFO - DAG(s) 'example_bash_operator' retrieved from /home/airflow/.local/lib/python3.12/site-packages/airflow/example_dags/example_bash_operator.py
[2024-10-21T11:19:45.553+0000] {logging_mixin.py:190} INFO - [2024-10-21T11:19:45.553+0000] {dag.py:3239} INFO - Sync 1 DAGs
[2024-10-21T11:19:45.580+0000] {logging_mixin.py:190} INFO - [2024-10-21T11:19:45.580+0000] {dag.py:4180} INFO - Setting next_dagrun for example_bash_operator to 2024-10-20 00:00:00+00:00, run_after=2024-10-21 00:00:00+00:00
[2024-10-21T11:19:45.598+0000] {processor.py:208} INFO - Processing /home/airflow/.local/lib/python3.12/site-packages/airflow/example_dags/example_bash_operator.py took 0.102 seconds
[2024-10-21T11:20:15.628+0000] {processor.py:186} INFO - Started process (PID=52868) to work on /home/airflow/.local/lib/python3.12/site-packages/airflow/example_dags/example_bash_operator.py
[2024-10-21T11:20:15.629+0000] {processor.py:914} INFO - Processing file /home/airflow/.local/lib/python3.12/site-packages/airflow/example_dags/example_bash_operator.py for tasks to queue
[2024-10-21T11:20:15.631+0000] {logging_mixin.py:190} INFO - [2024-10-21T11:20:15.630+0000] {dagbag.py:588} INFO - Filling up the DagBag from /home/airflow/.local/lib/python3.12/site-packages/airflow/example_dags/example_bash_operator.py
[2024-10-21T11:20:15.644+0000] {processor.py:925} INFO - DAG(s) 'example_bash_operator' retrieved from /home/airflow/.local/lib/python3.12/site-packages/airflow/example_dags/example_bash_operator.py
[2024-10-21T11:20:15.674+0000] {logging_mixin.py:190} INFO - [2024-10-21T11:20:15.674+0000] {dag.py:3239} INFO - Sync 1 DAGs
[2024-10-21T11:20:15.701+0000] {logging_mixin.py:190} INFO - [2024-10-21T11:20:15.701+0000] {dag.py:4180} INFO - Setting next_dagrun for example_bash_operator to 2024-10-20 00:00:00+00:00, run_after=2024-10-21 00:00:00+00:00
[2024-10-21T11:20:15.721+0000] {processor.py:208} INFO - Processing /home/airflow/.local/lib/python3.12/site-packages/airflow/example_dags/example_bash_operator.py took 0.101 seconds
[2024-10-21T11:20:45.864+0000] {processor.py:186} INFO - Started process (PID=52935) to work on /home/airflow/.local/lib/python3.12/site-packages/airflow/example_dags/example_bash_operator.py
[2024-10-21T11:20:45.865+0000] {processor.py:914} INFO - Processing file /home/airflow/.local/lib/python3.12/site-packages/airflow/example_dags/example_bash_operator.py for tasks to queue
[2024-10-21T11:20:45.867+0000] {logging_mixin.py:190} INFO - [2024-10-21T11:20:45.867+0000] {dagbag.py:588} INFO - Filling up the DagBag from /home/airflow/.local/lib/python3.12/site-packages/airflow/example_dags/example_bash_operator.py
[2024-10-21T11:20:45.881+0000] {processor.py:925} INFO - DAG(s) 'example_bash_operator' retrieved from /home/airflow/.local/lib/python3.12/site-packages/airflow/example_dags/example_bash_operator.py
[2024-10-21T11:20:45.915+0000] {logging_mixin.py:190} INFO - [2024-10-21T11:20:45.915+0000] {dag.py:3239} INFO - Sync 1 DAGs
[2024-10-21T11:20:45.942+0000] {logging_mixin.py:190} INFO - [2024-10-21T11:20:45.941+0000] {dag.py:4180} INFO - Setting next_dagrun for example_bash_operator to 2024-10-20 00:00:00+00:00, run_after=2024-10-21 00:00:00+00:00
[2024-10-21T11:20:45.960+0000] {processor.py:208} INFO - Processing /home/airflow/.local/lib/python3.12/site-packages/airflow/example_dags/example_bash_operator.py took 0.104 seconds
[2024-10-21T11:21:16.021+0000] {processor.py:186} INFO - Started process (PID=53002) to work on /home/airflow/.local/lib/python3.12/site-packages/airflow/example_dags/example_bash_operator.py
[2024-10-21T11:21:16.022+0000] {processor.py:914} INFO - Processing file /home/airflow/.local/lib/python3.12/site-packages/airflow/example_dags/example_bash_operator.py for tasks to queue
[2024-10-21T11:21:16.023+0000] {logging_mixin.py:190} INFO - [2024-10-21T11:21:16.023+0000] {dagbag.py:588} INFO - Filling up the DagBag from /home/airflow/.local/lib/python3.12/site-packages/airflow/example_dags/example_bash_operator.py
[2024-10-21T11:21:16.035+0000] {processor.py:925} INFO - DAG(s) 'example_bash_operator' retrieved from /home/airflow/.local/lib/python3.12/site-packages/airflow/example_dags/example_bash_operator.py
[2024-10-21T11:21:16.069+0000] {logging_mixin.py:190} INFO - [2024-10-21T11:21:16.069+0000] {dag.py:3239} INFO - Sync 1 DAGs
[2024-10-21T11:21:16.094+0000] {logging_mixin.py:190} INFO - [2024-10-21T11:21:16.094+0000] {dag.py:4180} INFO - Setting next_dagrun for example_bash_operator to 2024-10-20 00:00:00+00:00, run_after=2024-10-21 00:00:00+00:00
[2024-10-21T11:21:16.111+0000] {processor.py:208} INFO - Processing /home/airflow/.local/lib/python3.12/site-packages/airflow/example_dags/example_bash_operator.py took 0.098 seconds
[2024-10-21T11:21:46.331+0000] {processor.py:186} INFO - Started process (PID=53069) to work on /home/airflow/.local/lib/python3.12/site-packages/airflow/example_dags/example_bash_operator.py
[2024-10-21T11:21:46.332+0000] {processor.py:914} INFO - Processing file /home/airflow/.local/lib/python3.12/site-packages/airflow/example_dags/example_bash_operator.py for tasks to queue
[2024-10-21T11:21:46.334+0000] {logging_mixin.py:190} INFO - [2024-10-21T11:21:46.333+0000] {dagbag.py:588} INFO - Filling up the DagBag from /home/airflow/.local/lib/python3.12/site-packages/airflow/example_dags/example_bash_operator.py
[2024-10-21T11:21:46.349+0000] {processor.py:925} INFO - DAG(s) 'example_bash_operator' retrieved from /home/airflow/.local/lib/python3.12/site-packages/airflow/example_dags/example_bash_operator.py
[2024-10-21T11:21:46.380+0000] {logging_mixin.py:190} INFO - [2024-10-21T11:21:46.379+0000] {dag.py:3239} INFO - Sync 1 DAGs
[2024-10-21T11:21:46.405+0000] {logging_mixin.py:190} INFO - [2024-10-21T11:21:46.405+0000] {dag.py:4180} INFO - Setting next_dagrun for example_bash_operator to 2024-10-20 00:00:00+00:00, run_after=2024-10-21 00:00:00+00:00
[2024-10-21T11:21:46.424+0000] {processor.py:208} INFO - Processing /home/airflow/.local/lib/python3.12/site-packages/airflow/example_dags/example_bash_operator.py took 0.100 seconds
[2024-10-21T11:22:16.721+0000] {processor.py:186} INFO - Started process (PID=53136) to work on /home/airflow/.local/lib/python3.12/site-packages/airflow/example_dags/example_bash_operator.py
[2024-10-21T11:22:16.722+0000] {processor.py:914} INFO - Processing file /home/airflow/.local/lib/python3.12/site-packages/airflow/example_dags/example_bash_operator.py for tasks to queue
[2024-10-21T11:22:16.724+0000] {logging_mixin.py:190} INFO - [2024-10-21T11:22:16.723+0000] {dagbag.py:588} INFO - Filling up the DagBag from /home/airflow/.local/lib/python3.12/site-packages/airflow/example_dags/example_bash_operator.py
[2024-10-21T11:22:16.739+0000] {processor.py:925} INFO - DAG(s) 'example_bash_operator' retrieved from /home/airflow/.local/lib/python3.12/site-packages/airflow/example_dags/example_bash_operator.py
[2024-10-21T11:22:16.772+0000] {logging_mixin.py:190} INFO - [2024-10-21T11:22:16.772+0000] {dag.py:3239} INFO - Sync 1 DAGs
[2024-10-21T11:22:16.801+0000] {logging_mixin.py:190} INFO - [2024-10-21T11:22:16.801+0000] {dag.py:4180} INFO - Setting next_dagrun for example_bash_operator to 2024-10-20 00:00:00+00:00, run_after=2024-10-21 00:00:00+00:00
[2024-10-21T11:22:16.819+0000] {processor.py:208} INFO - Processing /home/airflow/.local/lib/python3.12/site-packages/airflow/example_dags/example_bash_operator.py took 0.107 seconds
[2024-10-21T11:22:46.928+0000] {processor.py:186} INFO - Started process (PID=53203) to work on /home/airflow/.local/lib/python3.12/site-packages/airflow/example_dags/example_bash_operator.py
[2024-10-21T11:22:46.929+0000] {processor.py:914} INFO - Processing file /home/airflow/.local/lib/python3.12/site-packages/airflow/example_dags/example_bash_operator.py for tasks to queue
[2024-10-21T11:22:46.931+0000] {logging_mixin.py:190} INFO - [2024-10-21T11:22:46.930+0000] {dagbag.py:588} INFO - Filling up the DagBag from /home/airflow/.local/lib/python3.12/site-packages/airflow/example_dags/example_bash_operator.py
[2024-10-21T11:22:46.943+0000] {processor.py:925} INFO - DAG(s) 'example_bash_operator' retrieved from /home/airflow/.local/lib/python3.12/site-packages/airflow/example_dags/example_bash_operator.py
[2024-10-21T11:22:46.975+0000] {logging_mixin.py:190} INFO - [2024-10-21T11:22:46.975+0000] {dag.py:3239} INFO - Sync 1 DAGs
[2024-10-21T11:22:47.001+0000] {logging_mixin.py:190} INFO - [2024-10-21T11:22:47.000+0000] {dag.py:4180} INFO - Setting next_dagrun for example_bash_operator to 2024-10-20 00:00:00+00:00, run_after=2024-10-21 00:00:00+00:00
[2024-10-21T11:22:47.017+0000] {processor.py:208} INFO - Processing /home/airflow/.local/lib/python3.12/site-packages/airflow/example_dags/example_bash_operator.py took 0.097 seconds
[2024-10-21T11:23:17.161+0000] {processor.py:186} INFO - Started process (PID=53268) to work on /home/airflow/.local/lib/python3.12/site-packages/airflow/example_dags/example_bash_operator.py
[2024-10-21T11:23:17.162+0000] {processor.py:914} INFO - Processing file /home/airflow/.local/lib/python3.12/site-packages/airflow/example_dags/example_bash_operator.py for tasks to queue
[2024-10-21T11:23:17.164+0000] {logging_mixin.py:190} INFO - [2024-10-21T11:23:17.163+0000] {dagbag.py:588} INFO - Filling up the DagBag from /home/airflow/.local/lib/python3.12/site-packages/airflow/example_dags/example_bash_operator.py
[2024-10-21T11:23:17.176+0000] {processor.py:925} INFO - DAG(s) 'example_bash_operator' retrieved from /home/airflow/.local/lib/python3.12/site-packages/airflow/example_dags/example_bash_operator.py
[2024-10-21T11:23:17.207+0000] {logging_mixin.py:190} INFO - [2024-10-21T11:23:17.207+0000] {dag.py:3239} INFO - Sync 1 DAGs
[2024-10-21T11:23:17.233+0000] {logging_mixin.py:190} INFO - [2024-10-21T11:23:17.233+0000] {dag.py:4180} INFO - Setting next_dagrun for example_bash_operator to 2024-10-20 00:00:00+00:00, run_after=2024-10-21 00:00:00+00:00
[2024-10-21T11:23:17.251+0000] {processor.py:208} INFO - Processing /home/airflow/.local/lib/python3.12/site-packages/airflow/example_dags/example_bash_operator.py took 0.097 seconds
[2024-10-21T11:23:47.401+0000] {processor.py:186} INFO - Started process (PID=53336) to work on /home/airflow/.local/lib/python3.12/site-packages/airflow/example_dags/example_bash_operator.py
[2024-10-21T11:23:47.403+0000] {processor.py:914} INFO - Processing file /home/airflow/.local/lib/python3.12/site-packages/airflow/example_dags/example_bash_operator.py for tasks to queue
[2024-10-21T11:23:47.404+0000] {logging_mixin.py:190} INFO - [2024-10-21T11:23:47.404+0000] {dagbag.py:588} INFO - Filling up the DagBag from /home/airflow/.local/lib/python3.12/site-packages/airflow/example_dags/example_bash_operator.py
[2024-10-21T11:23:47.417+0000] {processor.py:925} INFO - DAG(s) 'example_bash_operator' retrieved from /home/airflow/.local/lib/python3.12/site-packages/airflow/example_dags/example_bash_operator.py
[2024-10-21T11:23:47.451+0000] {logging_mixin.py:190} INFO - [2024-10-21T11:23:47.451+0000] {dag.py:3239} INFO - Sync 1 DAGs
[2024-10-21T11:23:47.475+0000] {logging_mixin.py:190} INFO - [2024-10-21T11:23:47.475+0000] {dag.py:4180} INFO - Setting next_dagrun for example_bash_operator to 2024-10-20 00:00:00+00:00, run_after=2024-10-21 00:00:00+00:00
[2024-10-21T11:23:47.493+0000] {processor.py:208} INFO - Processing /home/airflow/.local/lib/python3.12/site-packages/airflow/example_dags/example_bash_operator.py took 0.100 seconds
[2024-10-21T11:24:17.609+0000] {processor.py:186} INFO - Started process (PID=53403) to work on /home/airflow/.local/lib/python3.12/site-packages/airflow/example_dags/example_bash_operator.py
[2024-10-21T11:24:17.610+0000] {processor.py:914} INFO - Processing file /home/airflow/.local/lib/python3.12/site-packages/airflow/example_dags/example_bash_operator.py for tasks to queue
[2024-10-21T11:24:17.611+0000] {logging_mixin.py:190} INFO - [2024-10-21T11:24:17.611+0000] {dagbag.py:588} INFO - Filling up the DagBag from /home/airflow/.local/lib/python3.12/site-packages/airflow/example_dags/example_bash_operator.py
[2024-10-21T11:24:17.624+0000] {processor.py:925} INFO - DAG(s) 'example_bash_operator' retrieved from /home/airflow/.local/lib/python3.12/site-packages/airflow/example_dags/example_bash_operator.py
[2024-10-21T11:24:17.657+0000] {logging_mixin.py:190} INFO - [2024-10-21T11:24:17.657+0000] {dag.py:3239} INFO - Sync 1 DAGs
[2024-10-21T11:24:17.683+0000] {logging_mixin.py:190} INFO - [2024-10-21T11:24:17.682+0000] {dag.py:4180} INFO - Setting next_dagrun for example_bash_operator to 2024-10-20 00:00:00+00:00, run_after=2024-10-21 00:00:00+00:00
[2024-10-21T11:24:17.700+0000] {processor.py:208} INFO - Processing /home/airflow/.local/lib/python3.12/site-packages/airflow/example_dags/example_bash_operator.py took 0.099 seconds
[2024-10-21T11:24:47.822+0000] {processor.py:186} INFO - Started process (PID=53470) to work on /home/airflow/.local/lib/python3.12/site-packages/airflow/example_dags/example_bash_operator.py
[2024-10-21T11:24:47.823+0000] {processor.py:914} INFO - Processing file /home/airflow/.local/lib/python3.12/site-packages/airflow/example_dags/example_bash_operator.py for tasks to queue
[2024-10-21T11:24:47.824+0000] {logging_mixin.py:190} INFO - [2024-10-21T11:24:47.824+0000] {dagbag.py:588} INFO - Filling up the DagBag from /home/airflow/.local/lib/python3.12/site-packages/airflow/example_dags/example_bash_operator.py
[2024-10-21T11:24:47.838+0000] {processor.py:925} INFO - DAG(s) 'example_bash_operator' retrieved from /home/airflow/.local/lib/python3.12/site-packages/airflow/example_dags/example_bash_operator.py
[2024-10-21T11:24:47.869+0000] {logging_mixin.py:190} INFO - [2024-10-21T11:24:47.869+0000] {dag.py:3239} INFO - Sync 1 DAGs
[2024-10-21T11:24:47.894+0000] {logging_mixin.py:190} INFO - [2024-10-21T11:24:47.894+0000] {dag.py:4180} INFO - Setting next_dagrun for example_bash_operator to 2024-10-20 00:00:00+00:00, run_after=2024-10-21 00:00:00+00:00
[2024-10-21T11:24:47.909+0000] {processor.py:208} INFO - Processing /home/airflow/.local/lib/python3.12/site-packages/airflow/example_dags/example_bash_operator.py took 0.095 seconds
[2024-10-21T11:25:18.026+0000] {processor.py:186} INFO - Started process (PID=53537) to work on /home/airflow/.local/lib/python3.12/site-packages/airflow/example_dags/example_bash_operator.py
[2024-10-21T11:25:18.027+0000] {processor.py:914} INFO - Processing file /home/airflow/.local/lib/python3.12/site-packages/airflow/example_dags/example_bash_operator.py for tasks to queue
[2024-10-21T11:25:18.029+0000] {logging_mixin.py:190} INFO - [2024-10-21T11:25:18.028+0000] {dagbag.py:588} INFO - Filling up the DagBag from /home/airflow/.local/lib/python3.12/site-packages/airflow/example_dags/example_bash_operator.py
[2024-10-21T11:25:18.042+0000] {processor.py:925} INFO - DAG(s) 'example_bash_operator' retrieved from /home/airflow/.local/lib/python3.12/site-packages/airflow/example_dags/example_bash_operator.py
[2024-10-21T11:25:18.083+0000] {logging_mixin.py:190} INFO - [2024-10-21T11:25:18.082+0000] {dag.py:3239} INFO - Sync 1 DAGs
[2024-10-21T11:25:18.109+0000] {logging_mixin.py:190} INFO - [2024-10-21T11:25:18.108+0000] {dag.py:4180} INFO - Setting next_dagrun for example_bash_operator to 2024-10-20 00:00:00+00:00, run_after=2024-10-21 00:00:00+00:00
[2024-10-21T11:25:18.126+0000] {processor.py:208} INFO - Processing /home/airflow/.local/lib/python3.12/site-packages/airflow/example_dags/example_bash_operator.py took 0.108 seconds
[2024-10-21T11:25:48.156+0000] {processor.py:186} INFO - Started process (PID=53603) to work on /home/airflow/.local/lib/python3.12/site-packages/airflow/example_dags/example_bash_operator.py
[2024-10-21T11:25:48.157+0000] {processor.py:914} INFO - Processing file /home/airflow/.local/lib/python3.12/site-packages/airflow/example_dags/example_bash_operator.py for tasks to queue
[2024-10-21T11:25:48.159+0000] {logging_mixin.py:190} INFO - [2024-10-21T11:25:48.158+0000] {dagbag.py:588} INFO - Filling up the DagBag from /home/airflow/.local/lib/python3.12/site-packages/airflow/example_dags/example_bash_operator.py
[2024-10-21T11:25:48.170+0000] {processor.py:925} INFO - DAG(s) 'example_bash_operator' retrieved from /home/airflow/.local/lib/python3.12/site-packages/airflow/example_dags/example_bash_operator.py
[2024-10-21T11:25:48.201+0000] {logging_mixin.py:190} INFO - [2024-10-21T11:25:48.201+0000] {dag.py:3239} INFO - Sync 1 DAGs
[2024-10-21T11:25:48.226+0000] {logging_mixin.py:190} INFO - [2024-10-21T11:25:48.226+0000] {dag.py:4180} INFO - Setting next_dagrun for example_bash_operator to 2024-10-20 00:00:00+00:00, run_after=2024-10-21 00:00:00+00:00
[2024-10-21T11:25:48.244+0000] {processor.py:208} INFO - Processing /home/airflow/.local/lib/python3.12/site-packages/airflow/example_dags/example_bash_operator.py took 0.095 seconds
[2024-10-21T11:26:18.332+0000] {processor.py:186} INFO - Started process (PID=53670) to work on /home/airflow/.local/lib/python3.12/site-packages/airflow/example_dags/example_bash_operator.py
[2024-10-21T11:26:18.333+0000] {processor.py:914} INFO - Processing file /home/airflow/.local/lib/python3.12/site-packages/airflow/example_dags/example_bash_operator.py for tasks to queue
[2024-10-21T11:26:18.334+0000] {logging_mixin.py:190} INFO - [2024-10-21T11:26:18.334+0000] {dagbag.py:588} INFO - Filling up the DagBag from /home/airflow/.local/lib/python3.12/site-packages/airflow/example_dags/example_bash_operator.py
[2024-10-21T11:26:18.346+0000] {processor.py:925} INFO - DAG(s) 'example_bash_operator' retrieved from /home/airflow/.local/lib/python3.12/site-packages/airflow/example_dags/example_bash_operator.py
[2024-10-21T11:26:18.376+0000] {logging_mixin.py:190} INFO - [2024-10-21T11:26:18.376+0000] {dag.py:3239} INFO - Sync 1 DAGs
[2024-10-21T11:26:18.401+0000] {logging_mixin.py:190} INFO - [2024-10-21T11:26:18.401+0000] {dag.py:4180} INFO - Setting next_dagrun for example_bash_operator to 2024-10-20 00:00:00+00:00, run_after=2024-10-21 00:00:00+00:00
[2024-10-21T11:26:18.418+0000] {processor.py:208} INFO - Processing /home/airflow/.local/lib/python3.12/site-packages/airflow/example_dags/example_bash_operator.py took 0.095 seconds
[2024-10-21T11:26:48.648+0000] {processor.py:186} INFO - Started process (PID=53737) to work on /home/airflow/.local/lib/python3.12/site-packages/airflow/example_dags/example_bash_operator.py
[2024-10-21T11:26:48.649+0000] {processor.py:914} INFO - Processing file /home/airflow/.local/lib/python3.12/site-packages/airflow/example_dags/example_bash_operator.py for tasks to queue
[2024-10-21T11:26:48.650+0000] {logging_mixin.py:190} INFO - [2024-10-21T11:26:48.650+0000] {dagbag.py:588} INFO - Filling up the DagBag from /home/airflow/.local/lib/python3.12/site-packages/airflow/example_dags/example_bash_operator.py
[2024-10-21T11:26:48.662+0000] {processor.py:925} INFO - DAG(s) 'example_bash_operator' retrieved from /home/airflow/.local/lib/python3.12/site-packages/airflow/example_dags/example_bash_operator.py
[2024-10-21T11:26:48.694+0000] {logging_mixin.py:190} INFO - [2024-10-21T11:26:48.694+0000] {dag.py:3239} INFO - Sync 1 DAGs
[2024-10-21T11:26:48.719+0000] {logging_mixin.py:190} INFO - [2024-10-21T11:26:48.719+0000] {dag.py:4180} INFO - Setting next_dagrun for example_bash_operator to 2024-10-20 00:00:00+00:00, run_after=2024-10-21 00:00:00+00:00
[2024-10-21T11:26:48.737+0000] {processor.py:208} INFO - Processing /home/airflow/.local/lib/python3.12/site-packages/airflow/example_dags/example_bash_operator.py took 0.097 seconds
[2024-10-21T11:27:18.992+0000] {processor.py:186} INFO - Started process (PID=53804) to work on /home/airflow/.local/lib/python3.12/site-packages/airflow/example_dags/example_bash_operator.py
[2024-10-21T11:27:18.993+0000] {processor.py:914} INFO - Processing file /home/airflow/.local/lib/python3.12/site-packages/airflow/example_dags/example_bash_operator.py for tasks to queue
[2024-10-21T11:27:18.994+0000] {logging_mixin.py:190} INFO - [2024-10-21T11:27:18.994+0000] {dagbag.py:588} INFO - Filling up the DagBag from /home/airflow/.local/lib/python3.12/site-packages/airflow/example_dags/example_bash_operator.py
[2024-10-21T11:27:19.006+0000] {processor.py:925} INFO - DAG(s) 'example_bash_operator' retrieved from /home/airflow/.local/lib/python3.12/site-packages/airflow/example_dags/example_bash_operator.py
[2024-10-21T11:27:19.037+0000] {logging_mixin.py:190} INFO - [2024-10-21T11:27:19.036+0000] {dag.py:3239} INFO - Sync 1 DAGs
[2024-10-21T11:27:19.062+0000] {logging_mixin.py:190} INFO - [2024-10-21T11:27:19.062+0000] {dag.py:4180} INFO - Setting next_dagrun for example_bash_operator to 2024-10-20 00:00:00+00:00, run_after=2024-10-21 00:00:00+00:00
[2024-10-21T11:27:19.080+0000] {processor.py:208} INFO - Processing /home/airflow/.local/lib/python3.12/site-packages/airflow/example_dags/example_bash_operator.py took 0.097 seconds
[2024-10-21T11:27:49.466+0000] {processor.py:186} INFO - Started process (PID=53872) to work on /home/airflow/.local/lib/python3.12/site-packages/airflow/example_dags/example_bash_operator.py
[2024-10-21T11:27:49.468+0000] {processor.py:914} INFO - Processing file /home/airflow/.local/lib/python3.12/site-packages/airflow/example_dags/example_bash_operator.py for tasks to queue
[2024-10-21T11:27:49.469+0000] {logging_mixin.py:190} INFO - [2024-10-21T11:27:49.469+0000] {dagbag.py:588} INFO - Filling up the DagBag from /home/airflow/.local/lib/python3.12/site-packages/airflow/example_dags/example_bash_operator.py
[2024-10-21T11:27:49.484+0000] {processor.py:925} INFO - DAG(s) 'example_bash_operator' retrieved from /home/airflow/.local/lib/python3.12/site-packages/airflow/example_dags/example_bash_operator.py
[2024-10-21T11:27:49.522+0000] {logging_mixin.py:190} INFO - [2024-10-21T11:27:49.522+0000] {dag.py:3239} INFO - Sync 1 DAGs
[2024-10-21T11:27:49.549+0000] {logging_mixin.py:190} INFO - [2024-10-21T11:27:49.548+0000] {dag.py:4180} INFO - Setting next_dagrun for example_bash_operator to 2024-10-20 00:00:00+00:00, run_after=2024-10-21 00:00:00+00:00
[2024-10-21T11:27:49.567+0000] {processor.py:208} INFO - Processing /home/airflow/.local/lib/python3.12/site-packages/airflow/example_dags/example_bash_operator.py took 0.109 seconds
[2024-10-21T11:28:19.944+0000] {processor.py:186} INFO - Started process (PID=53939) to work on /home/airflow/.local/lib/python3.12/site-packages/airflow/example_dags/example_bash_operator.py
[2024-10-21T11:28:19.945+0000] {processor.py:914} INFO - Processing file /home/airflow/.local/lib/python3.12/site-packages/airflow/example_dags/example_bash_operator.py for tasks to queue
[2024-10-21T11:28:19.946+0000] {logging_mixin.py:190} INFO - [2024-10-21T11:28:19.946+0000] {dagbag.py:588} INFO - Filling up the DagBag from /home/airflow/.local/lib/python3.12/site-packages/airflow/example_dags/example_bash_operator.py
[2024-10-21T11:28:19.960+0000] {processor.py:925} INFO - DAG(s) 'example_bash_operator' retrieved from /home/airflow/.local/lib/python3.12/site-packages/airflow/example_dags/example_bash_operator.py
[2024-10-21T11:28:19.990+0000] {logging_mixin.py:190} INFO - [2024-10-21T11:28:19.990+0000] {dag.py:3239} INFO - Sync 1 DAGs
[2024-10-21T11:28:20.016+0000] {logging_mixin.py:190} INFO - [2024-10-21T11:28:20.016+0000] {dag.py:4180} INFO - Setting next_dagrun for example_bash_operator to 2024-10-20 00:00:00+00:00, run_after=2024-10-21 00:00:00+00:00
[2024-10-21T11:28:20.033+0000] {processor.py:208} INFO - Processing /home/airflow/.local/lib/python3.12/site-packages/airflow/example_dags/example_bash_operator.py took 0.097 seconds
[2024-10-21T11:28:50.258+0000] {processor.py:186} INFO - Started process (PID=54006) to work on /home/airflow/.local/lib/python3.12/site-packages/airflow/example_dags/example_bash_operator.py
[2024-10-21T11:28:50.259+0000] {processor.py:914} INFO - Processing file /home/airflow/.local/lib/python3.12/site-packages/airflow/example_dags/example_bash_operator.py for tasks to queue
[2024-10-21T11:28:50.261+0000] {logging_mixin.py:190} INFO - [2024-10-21T11:28:50.261+0000] {dagbag.py:588} INFO - Filling up the DagBag from /home/airflow/.local/lib/python3.12/site-packages/airflow/example_dags/example_bash_operator.py
[2024-10-21T11:28:50.274+0000] {processor.py:925} INFO - DAG(s) 'example_bash_operator' retrieved from /home/airflow/.local/lib/python3.12/site-packages/airflow/example_dags/example_bash_operator.py
[2024-10-21T11:28:50.305+0000] {logging_mixin.py:190} INFO - [2024-10-21T11:28:50.305+0000] {dag.py:3239} INFO - Sync 1 DAGs
[2024-10-21T11:28:50.332+0000] {logging_mixin.py:190} INFO - [2024-10-21T11:28:50.332+0000] {dag.py:4180} INFO - Setting next_dagrun for example_bash_operator to 2024-10-20 00:00:00+00:00, run_after=2024-10-21 00:00:00+00:00
[2024-10-21T11:28:50.352+0000] {processor.py:208} INFO - Processing /home/airflow/.local/lib/python3.12/site-packages/airflow/example_dags/example_bash_operator.py took 0.101 seconds
[2024-10-21T11:29:20.647+0000] {processor.py:186} INFO - Started process (PID=54073) to work on /home/airflow/.local/lib/python3.12/site-packages/airflow/example_dags/example_bash_operator.py
[2024-10-21T11:29:20.648+0000] {processor.py:914} INFO - Processing file /home/airflow/.local/lib/python3.12/site-packages/airflow/example_dags/example_bash_operator.py for tasks to queue
[2024-10-21T11:29:20.650+0000] {logging_mixin.py:190} INFO - [2024-10-21T11:29:20.649+0000] {dagbag.py:588} INFO - Filling up the DagBag from /home/airflow/.local/lib/python3.12/site-packages/airflow/example_dags/example_bash_operator.py
[2024-10-21T11:29:20.662+0000] {processor.py:925} INFO - DAG(s) 'example_bash_operator' retrieved from /home/airflow/.local/lib/python3.12/site-packages/airflow/example_dags/example_bash_operator.py
[2024-10-21T11:29:20.695+0000] {logging_mixin.py:190} INFO - [2024-10-21T11:29:20.695+0000] {dag.py:3239} INFO - Sync 1 DAGs
[2024-10-21T11:29:20.722+0000] {logging_mixin.py:190} INFO - [2024-10-21T11:29:20.722+0000] {dag.py:4180} INFO - Setting next_dagrun for example_bash_operator to 2024-10-20 00:00:00+00:00, run_after=2024-10-21 00:00:00+00:00
[2024-10-21T11:29:20.740+0000] {processor.py:208} INFO - Processing /home/airflow/.local/lib/python3.12/site-packages/airflow/example_dags/example_bash_operator.py took 0.101 seconds
[2024-10-21T11:29:50.834+0000] {processor.py:186} INFO - Started process (PID=54140) to work on /home/airflow/.local/lib/python3.12/site-packages/airflow/example_dags/example_bash_operator.py
[2024-10-21T11:29:50.835+0000] {processor.py:914} INFO - Processing file /home/airflow/.local/lib/python3.12/site-packages/airflow/example_dags/example_bash_operator.py for tasks to queue
[2024-10-21T11:29:50.837+0000] {logging_mixin.py:190} INFO - [2024-10-21T11:29:50.836+0000] {dagbag.py:588} INFO - Filling up the DagBag from /home/airflow/.local/lib/python3.12/site-packages/airflow/example_dags/example_bash_operator.py
[2024-10-21T11:29:50.849+0000] {processor.py:925} INFO - DAG(s) 'example_bash_operator' retrieved from /home/airflow/.local/lib/python3.12/site-packages/airflow/example_dags/example_bash_operator.py
[2024-10-21T11:29:50.881+0000] {logging_mixin.py:190} INFO - [2024-10-21T11:29:50.881+0000] {dag.py:3239} INFO - Sync 1 DAGs
[2024-10-21T11:29:50.906+0000] {logging_mixin.py:190} INFO - [2024-10-21T11:29:50.906+0000] {dag.py:4180} INFO - Setting next_dagrun for example_bash_operator to 2024-10-20 00:00:00+00:00, run_after=2024-10-21 00:00:00+00:00
[2024-10-21T11:29:50.922+0000] {processor.py:208} INFO - Processing /home/airflow/.local/lib/python3.12/site-packages/airflow/example_dags/example_bash_operator.py took 0.095 seconds
[2024-10-21T11:30:21.071+0000] {processor.py:186} INFO - Started process (PID=54207) to work on /home/airflow/.local/lib/python3.12/site-packages/airflow/example_dags/example_bash_operator.py
[2024-10-21T11:30:21.072+0000] {processor.py:914} INFO - Processing file /home/airflow/.local/lib/python3.12/site-packages/airflow/example_dags/example_bash_operator.py for tasks to queue
[2024-10-21T11:30:21.074+0000] {logging_mixin.py:190} INFO - [2024-10-21T11:30:21.074+0000] {dagbag.py:588} INFO - Filling up the DagBag from /home/airflow/.local/lib/python3.12/site-packages/airflow/example_dags/example_bash_operator.py
[2024-10-21T11:30:21.086+0000] {processor.py:925} INFO - DAG(s) 'example_bash_operator' retrieved from /home/airflow/.local/lib/python3.12/site-packages/airflow/example_dags/example_bash_operator.py
[2024-10-21T11:30:21.120+0000] {logging_mixin.py:190} INFO - [2024-10-21T11:30:21.119+0000] {dag.py:3239} INFO - Sync 1 DAGs
[2024-10-21T11:30:21.149+0000] {logging_mixin.py:190} INFO - [2024-10-21T11:30:21.148+0000] {dag.py:4180} INFO - Setting next_dagrun for example_bash_operator to 2024-10-20 00:00:00+00:00, run_after=2024-10-21 00:00:00+00:00
[2024-10-21T11:30:21.168+0000] {processor.py:208} INFO - Processing /home/airflow/.local/lib/python3.12/site-packages/airflow/example_dags/example_bash_operator.py took 0.105 seconds
[2024-10-21T11:30:51.529+0000] {processor.py:186} INFO - Started process (PID=54273) to work on /home/airflow/.local/lib/python3.12/site-packages/airflow/example_dags/example_bash_operator.py
[2024-10-21T11:30:51.530+0000] {processor.py:914} INFO - Processing file /home/airflow/.local/lib/python3.12/site-packages/airflow/example_dags/example_bash_operator.py for tasks to queue
[2024-10-21T11:30:51.533+0000] {logging_mixin.py:190} INFO - [2024-10-21T11:30:51.532+0000] {dagbag.py:588} INFO - Filling up the DagBag from /home/airflow/.local/lib/python3.12/site-packages/airflow/example_dags/example_bash_operator.py
[2024-10-21T11:30:51.547+0000] {processor.py:925} INFO - DAG(s) 'example_bash_operator' retrieved from /home/airflow/.local/lib/python3.12/site-packages/airflow/example_dags/example_bash_operator.py
[2024-10-21T11:30:51.590+0000] {logging_mixin.py:190} INFO - [2024-10-21T11:30:51.589+0000] {dag.py:3239} INFO - Sync 1 DAGs
[2024-10-21T11:30:51.617+0000] {logging_mixin.py:190} INFO - [2024-10-21T11:30:51.617+0000] {dag.py:4180} INFO - Setting next_dagrun for example_bash_operator to 2024-10-20 00:00:00+00:00, run_after=2024-10-21 00:00:00+00:00
[2024-10-21T11:30:51.638+0000] {processor.py:208} INFO - Processing /home/airflow/.local/lib/python3.12/site-packages/airflow/example_dags/example_bash_operator.py took 0.119 seconds
[2024-10-21T11:31:22.460+0000] {processor.py:186} INFO - Started process (PID=54340) to work on /home/airflow/.local/lib/python3.12/site-packages/airflow/example_dags/example_bash_operator.py
[2024-10-21T11:31:22.461+0000] {processor.py:914} INFO - Processing file /home/airflow/.local/lib/python3.12/site-packages/airflow/example_dags/example_bash_operator.py for tasks to queue
[2024-10-21T11:31:22.463+0000] {logging_mixin.py:190} INFO - [2024-10-21T11:31:22.462+0000] {dagbag.py:588} INFO - Filling up the DagBag from /home/airflow/.local/lib/python3.12/site-packages/airflow/example_dags/example_bash_operator.py
[2024-10-21T11:31:22.475+0000] {processor.py:925} INFO - DAG(s) 'example_bash_operator' retrieved from /home/airflow/.local/lib/python3.12/site-packages/airflow/example_dags/example_bash_operator.py
[2024-10-21T11:31:22.508+0000] {logging_mixin.py:190} INFO - [2024-10-21T11:31:22.508+0000] {dag.py:3239} INFO - Sync 1 DAGs
[2024-10-21T11:31:22.536+0000] {logging_mixin.py:190} INFO - [2024-10-21T11:31:22.535+0000] {dag.py:4180} INFO - Setting next_dagrun for example_bash_operator to 2024-10-20 00:00:00+00:00, run_after=2024-10-21 00:00:00+00:00
[2024-10-21T11:31:22.553+0000] {processor.py:208} INFO - Processing /home/airflow/.local/lib/python3.12/site-packages/airflow/example_dags/example_bash_operator.py took 0.101 seconds
[2024-10-21T11:31:52.660+0000] {processor.py:186} INFO - Started process (PID=54407) to work on /home/airflow/.local/lib/python3.12/site-packages/airflow/example_dags/example_bash_operator.py
[2024-10-21T11:31:52.661+0000] {processor.py:914} INFO - Processing file /home/airflow/.local/lib/python3.12/site-packages/airflow/example_dags/example_bash_operator.py for tasks to queue
[2024-10-21T11:31:52.663+0000] {logging_mixin.py:190} INFO - [2024-10-21T11:31:52.662+0000] {dagbag.py:588} INFO - Filling up the DagBag from /home/airflow/.local/lib/python3.12/site-packages/airflow/example_dags/example_bash_operator.py
[2024-10-21T11:31:52.674+0000] {processor.py:925} INFO - DAG(s) 'example_bash_operator' retrieved from /home/airflow/.local/lib/python3.12/site-packages/airflow/example_dags/example_bash_operator.py
[2024-10-21T11:31:52.706+0000] {logging_mixin.py:190} INFO - [2024-10-21T11:31:52.705+0000] {dag.py:3239} INFO - Sync 1 DAGs
[2024-10-21T11:31:52.732+0000] {logging_mixin.py:190} INFO - [2024-10-21T11:31:52.732+0000] {dag.py:4180} INFO - Setting next_dagrun for example_bash_operator to 2024-10-20 00:00:00+00:00, run_after=2024-10-21 00:00:00+00:00
[2024-10-21T11:31:52.749+0000] {processor.py:208} INFO - Processing /home/airflow/.local/lib/python3.12/site-packages/airflow/example_dags/example_bash_operator.py took 0.096 seconds
[2024-10-21T11:32:22.987+0000] {processor.py:186} INFO - Started process (PID=54474) to work on /home/airflow/.local/lib/python3.12/site-packages/airflow/example_dags/example_bash_operator.py
[2024-10-21T11:32:22.988+0000] {processor.py:914} INFO - Processing file /home/airflow/.local/lib/python3.12/site-packages/airflow/example_dags/example_bash_operator.py for tasks to queue
[2024-10-21T11:32:22.990+0000] {logging_mixin.py:190} INFO - [2024-10-21T11:32:22.990+0000] {dagbag.py:588} INFO - Filling up the DagBag from /home/airflow/.local/lib/python3.12/site-packages/airflow/example_dags/example_bash_operator.py
[2024-10-21T11:32:23.002+0000] {processor.py:925} INFO - DAG(s) 'example_bash_operator' retrieved from /home/airflow/.local/lib/python3.12/site-packages/airflow/example_dags/example_bash_operator.py
[2024-10-21T11:32:23.038+0000] {logging_mixin.py:190} INFO - [2024-10-21T11:32:23.038+0000] {dag.py:3239} INFO - Sync 1 DAGs
[2024-10-21T11:32:23.063+0000] {logging_mixin.py:190} INFO - [2024-10-21T11:32:23.063+0000] {dag.py:4180} INFO - Setting next_dagrun for example_bash_operator to 2024-10-20 00:00:00+00:00, run_after=2024-10-21 00:00:00+00:00
[2024-10-21T11:32:23.081+0000] {processor.py:208} INFO - Processing /home/airflow/.local/lib/python3.12/site-packages/airflow/example_dags/example_bash_operator.py took 0.101 seconds
[2024-10-21T11:32:53.144+0000] {processor.py:186} INFO - Started process (PID=54540) to work on /home/airflow/.local/lib/python3.12/site-packages/airflow/example_dags/example_bash_operator.py
[2024-10-21T11:32:53.145+0000] {processor.py:914} INFO - Processing file /home/airflow/.local/lib/python3.12/site-packages/airflow/example_dags/example_bash_operator.py for tasks to queue
[2024-10-21T11:32:53.147+0000] {logging_mixin.py:190} INFO - [2024-10-21T11:32:53.147+0000] {dagbag.py:588} INFO - Filling up the DagBag from /home/airflow/.local/lib/python3.12/site-packages/airflow/example_dags/example_bash_operator.py
[2024-10-21T11:32:53.159+0000] {processor.py:925} INFO - DAG(s) 'example_bash_operator' retrieved from /home/airflow/.local/lib/python3.12/site-packages/airflow/example_dags/example_bash_operator.py
[2024-10-21T11:32:53.190+0000] {logging_mixin.py:190} INFO - [2024-10-21T11:32:53.190+0000] {dag.py:3239} INFO - Sync 1 DAGs
[2024-10-21T11:32:53.215+0000] {logging_mixin.py:190} INFO - [2024-10-21T11:32:53.214+0000] {dag.py:4180} INFO - Setting next_dagrun for example_bash_operator to 2024-10-20 00:00:00+00:00, run_after=2024-10-21 00:00:00+00:00
[2024-10-21T11:32:53.233+0000] {processor.py:208} INFO - Processing /home/airflow/.local/lib/python3.12/site-packages/airflow/example_dags/example_bash_operator.py took 0.098 seconds
[2024-10-21T11:33:23.563+0000] {processor.py:186} INFO - Started process (PID=54607) to work on /home/airflow/.local/lib/python3.12/site-packages/airflow/example_dags/example_bash_operator.py
[2024-10-21T11:33:23.564+0000] {processor.py:914} INFO - Processing file /home/airflow/.local/lib/python3.12/site-packages/airflow/example_dags/example_bash_operator.py for tasks to queue
[2024-10-21T11:33:23.565+0000] {logging_mixin.py:190} INFO - [2024-10-21T11:33:23.565+0000] {dagbag.py:588} INFO - Filling up the DagBag from /home/airflow/.local/lib/python3.12/site-packages/airflow/example_dags/example_bash_operator.py
[2024-10-21T11:33:23.577+0000] {processor.py:925} INFO - DAG(s) 'example_bash_operator' retrieved from /home/airflow/.local/lib/python3.12/site-packages/airflow/example_dags/example_bash_operator.py
[2024-10-21T11:33:23.611+0000] {logging_mixin.py:190} INFO - [2024-10-21T11:33:23.610+0000] {dag.py:3239} INFO - Sync 1 DAGs
[2024-10-21T11:33:23.636+0000] {logging_mixin.py:190} INFO - [2024-10-21T11:33:23.636+0000] {dag.py:4180} INFO - Setting next_dagrun for example_bash_operator to 2024-10-20 00:00:00+00:00, run_after=2024-10-21 00:00:00+00:00
[2024-10-21T11:33:23.654+0000] {processor.py:208} INFO - Processing /home/airflow/.local/lib/python3.12/site-packages/airflow/example_dags/example_bash_operator.py took 0.099 seconds
[2024-10-21T11:33:53.958+0000] {processor.py:186} INFO - Started process (PID=54674) to work on /home/airflow/.local/lib/python3.12/site-packages/airflow/example_dags/example_bash_operator.py
[2024-10-21T11:33:53.959+0000] {processor.py:914} INFO - Processing file /home/airflow/.local/lib/python3.12/site-packages/airflow/example_dags/example_bash_operator.py for tasks to queue
[2024-10-21T11:33:53.961+0000] {logging_mixin.py:190} INFO - [2024-10-21T11:33:53.960+0000] {dagbag.py:588} INFO - Filling up the DagBag from /home/airflow/.local/lib/python3.12/site-packages/airflow/example_dags/example_bash_operator.py
[2024-10-21T11:33:53.975+0000] {processor.py:925} INFO - DAG(s) 'example_bash_operator' retrieved from /home/airflow/.local/lib/python3.12/site-packages/airflow/example_dags/example_bash_operator.py
[2024-10-21T11:33:54.008+0000] {logging_mixin.py:190} INFO - [2024-10-21T11:33:54.007+0000] {dag.py:3239} INFO - Sync 1 DAGs
[2024-10-21T11:33:54.035+0000] {logging_mixin.py:190} INFO - [2024-10-21T11:33:54.035+0000] {dag.py:4180} INFO - Setting next_dagrun for example_bash_operator to 2024-10-20 00:00:00+00:00, run_after=2024-10-21 00:00:00+00:00
[2024-10-21T11:33:54.052+0000] {processor.py:208} INFO - Processing /home/airflow/.local/lib/python3.12/site-packages/airflow/example_dags/example_bash_operator.py took 0.105 seconds
[2024-10-21T11:34:24.984+0000] {processor.py:186} INFO - Started process (PID=54741) to work on /home/airflow/.local/lib/python3.12/site-packages/airflow/example_dags/example_bash_operator.py
[2024-10-21T11:34:24.986+0000] {processor.py:914} INFO - Processing file /home/airflow/.local/lib/python3.12/site-packages/airflow/example_dags/example_bash_operator.py for tasks to queue
[2024-10-21T11:34:24.987+0000] {logging_mixin.py:190} INFO - [2024-10-21T11:34:24.987+0000] {dagbag.py:588} INFO - Filling up the DagBag from /home/airflow/.local/lib/python3.12/site-packages/airflow/example_dags/example_bash_operator.py
[2024-10-21T11:34:25.009+0000] {processor.py:925} INFO - DAG(s) 'example_bash_operator' retrieved from /home/airflow/.local/lib/python3.12/site-packages/airflow/example_dags/example_bash_operator.py
[2024-10-21T11:34:25.065+0000] {logging_mixin.py:190} INFO - [2024-10-21T11:34:25.064+0000] {dag.py:3239} INFO - Sync 1 DAGs
[2024-10-21T11:34:25.109+0000] {logging_mixin.py:190} INFO - [2024-10-21T11:34:25.108+0000] {dag.py:4180} INFO - Setting next_dagrun for example_bash_operator to 2024-10-20 00:00:00+00:00, run_after=2024-10-21 00:00:00+00:00
[2024-10-21T11:34:25.160+0000] {processor.py:208} INFO - Processing /home/airflow/.local/lib/python3.12/site-packages/airflow/example_dags/example_bash_operator.py took 0.196 seconds
[2024-10-21T11:34:59.156+0000] {processor.py:186} INFO - Started process (PID=54770) to work on /home/airflow/.local/lib/python3.12/site-packages/airflow/example_dags/example_bash_operator.py
[2024-10-21T11:34:59.157+0000] {processor.py:914} INFO - Processing file /home/airflow/.local/lib/python3.12/site-packages/airflow/example_dags/example_bash_operator.py for tasks to queue
[2024-10-21T11:34:59.159+0000] {logging_mixin.py:190} INFO - [2024-10-21T11:34:59.159+0000] {dagbag.py:588} INFO - Filling up the DagBag from /home/airflow/.local/lib/python3.12/site-packages/airflow/example_dags/example_bash_operator.py
[2024-10-21T11:34:59.172+0000] {processor.py:925} INFO - DAG(s) 'example_bash_operator' retrieved from /home/airflow/.local/lib/python3.12/site-packages/airflow/example_dags/example_bash_operator.py
[2024-10-21T11:34:59.212+0000] {logging_mixin.py:190} INFO - [2024-10-21T11:34:59.212+0000] {dag.py:3239} INFO - Sync 1 DAGs
[2024-10-21T11:34:59.242+0000] {logging_mixin.py:190} INFO - [2024-10-21T11:34:59.241+0000] {dag.py:4180} INFO - Setting next_dagrun for example_bash_operator to 2024-10-20 00:00:00+00:00, run_after=2024-10-21 00:00:00+00:00
[2024-10-21T11:34:59.260+0000] {processor.py:208} INFO - Processing /home/airflow/.local/lib/python3.12/site-packages/airflow/example_dags/example_bash_operator.py took 0.113 seconds
