[2024-10-21T10:53:16.140+0000] {processor.py:186} INFO - Started process (PID=49307) to work on /home/airflow/.local/lib/python3.12/site-packages/airflow/example_dags/example_latest_only.py
[2024-10-21T10:53:16.141+0000] {processor.py:914} INFO - Processing file /home/airflow/.local/lib/python3.12/site-packages/airflow/example_dags/example_latest_only.py for tasks to queue
[2024-10-21T10:53:16.143+0000] {logging_mixin.py:190} INFO - [2024-10-21T10:53:16.143+0000] {dagbag.py:588} INFO - Filling up the DagBag from /home/airflow/.local/lib/python3.12/site-packages/airflow/example_dags/example_latest_only.py
[2024-10-21T10:53:16.154+0000] {processor.py:925} INFO - DAG(s) 'latest_only' retrieved from /home/airflow/.local/lib/python3.12/site-packages/airflow/example_dags/example_latest_only.py
[2024-10-21T10:53:16.179+0000] {logging_mixin.py:190} INFO - [2024-10-21T10:53:16.179+0000] {dag.py:3239} INFO - Sync 1 DAGs
[2024-10-21T10:53:16.209+0000] {logging_mixin.py:190} INFO - [2024-10-21T10:53:16.209+0000] {dag.py:4180} INFO - Setting next_dagrun for latest_only to 2024-10-21 04:00:00+00:00, run_after=2024-10-21 08:00:00+00:00
[2024-10-21T10:53:16.228+0000] {processor.py:208} INFO - Processing /home/airflow/.local/lib/python3.12/site-packages/airflow/example_dags/example_latest_only.py took 0.096 seconds
[2024-10-21T10:53:46.807+0000] {processor.py:186} INFO - Started process (PID=49373) to work on /home/airflow/.local/lib/python3.12/site-packages/airflow/example_dags/example_latest_only.py
[2024-10-21T10:53:46.809+0000] {processor.py:914} INFO - Processing file /home/airflow/.local/lib/python3.12/site-packages/airflow/example_dags/example_latest_only.py for tasks to queue
[2024-10-21T10:53:46.810+0000] {logging_mixin.py:190} INFO - [2024-10-21T10:53:46.810+0000] {dagbag.py:588} INFO - Filling up the DagBag from /home/airflow/.local/lib/python3.12/site-packages/airflow/example_dags/example_latest_only.py
[2024-10-21T10:53:46.817+0000] {processor.py:925} INFO - DAG(s) 'latest_only' retrieved from /home/airflow/.local/lib/python3.12/site-packages/airflow/example_dags/example_latest_only.py
[2024-10-21T10:53:46.842+0000] {logging_mixin.py:190} INFO - [2024-10-21T10:53:46.842+0000] {dag.py:3239} INFO - Sync 1 DAGs
[2024-10-21T10:53:46.871+0000] {logging_mixin.py:190} INFO - [2024-10-21T10:53:46.870+0000] {dag.py:4180} INFO - Setting next_dagrun for latest_only to 2024-10-21 04:00:00+00:00, run_after=2024-10-21 08:00:00+00:00
[2024-10-21T10:53:46.894+0000] {processor.py:208} INFO - Processing /home/airflow/.local/lib/python3.12/site-packages/airflow/example_dags/example_latest_only.py took 0.096 seconds
[2024-10-21T10:54:17.091+0000] {processor.py:186} INFO - Started process (PID=49440) to work on /home/airflow/.local/lib/python3.12/site-packages/airflow/example_dags/example_latest_only.py
[2024-10-21T10:54:17.092+0000] {processor.py:914} INFO - Processing file /home/airflow/.local/lib/python3.12/site-packages/airflow/example_dags/example_latest_only.py for tasks to queue
[2024-10-21T10:54:17.094+0000] {logging_mixin.py:190} INFO - [2024-10-21T10:54:17.093+0000] {dagbag.py:588} INFO - Filling up the DagBag from /home/airflow/.local/lib/python3.12/site-packages/airflow/example_dags/example_latest_only.py
[2024-10-21T10:54:17.100+0000] {processor.py:925} INFO - DAG(s) 'latest_only' retrieved from /home/airflow/.local/lib/python3.12/site-packages/airflow/example_dags/example_latest_only.py
[2024-10-21T10:54:17.125+0000] {logging_mixin.py:190} INFO - [2024-10-21T10:54:17.125+0000] {dag.py:3239} INFO - Sync 1 DAGs
[2024-10-21T10:54:17.149+0000] {logging_mixin.py:190} INFO - [2024-10-21T10:54:17.149+0000] {dag.py:4180} INFO - Setting next_dagrun for latest_only to 2024-10-21 04:00:00+00:00, run_after=2024-10-21 08:00:00+00:00
[2024-10-21T10:54:17.166+0000] {processor.py:208} INFO - Processing /home/airflow/.local/lib/python3.12/site-packages/airflow/example_dags/example_latest_only.py took 0.082 seconds
[2024-10-21T10:54:47.217+0000] {processor.py:186} INFO - Started process (PID=49507) to work on /home/airflow/.local/lib/python3.12/site-packages/airflow/example_dags/example_latest_only.py
[2024-10-21T10:54:47.218+0000] {processor.py:914} INFO - Processing file /home/airflow/.local/lib/python3.12/site-packages/airflow/example_dags/example_latest_only.py for tasks to queue
[2024-10-21T10:54:47.220+0000] {logging_mixin.py:190} INFO - [2024-10-21T10:54:47.219+0000] {dagbag.py:588} INFO - Filling up the DagBag from /home/airflow/.local/lib/python3.12/site-packages/airflow/example_dags/example_latest_only.py
[2024-10-21T10:54:47.227+0000] {processor.py:925} INFO - DAG(s) 'latest_only' retrieved from /home/airflow/.local/lib/python3.12/site-packages/airflow/example_dags/example_latest_only.py
[2024-10-21T10:54:47.249+0000] {logging_mixin.py:190} INFO - [2024-10-21T10:54:47.249+0000] {dag.py:3239} INFO - Sync 1 DAGs
[2024-10-21T10:54:47.275+0000] {logging_mixin.py:190} INFO - [2024-10-21T10:54:47.275+0000] {dag.py:4180} INFO - Setting next_dagrun for latest_only to 2024-10-21 04:00:00+00:00, run_after=2024-10-21 08:00:00+00:00
[2024-10-21T10:54:47.295+0000] {processor.py:208} INFO - Processing /home/airflow/.local/lib/python3.12/site-packages/airflow/example_dags/example_latest_only.py took 0.085 seconds
[2024-10-21T10:55:17.707+0000] {processor.py:186} INFO - Started process (PID=49573) to work on /home/airflow/.local/lib/python3.12/site-packages/airflow/example_dags/example_latest_only.py
[2024-10-21T10:55:17.708+0000] {processor.py:914} INFO - Processing file /home/airflow/.local/lib/python3.12/site-packages/airflow/example_dags/example_latest_only.py for tasks to queue
[2024-10-21T10:55:17.710+0000] {logging_mixin.py:190} INFO - [2024-10-21T10:55:17.709+0000] {dagbag.py:588} INFO - Filling up the DagBag from /home/airflow/.local/lib/python3.12/site-packages/airflow/example_dags/example_latest_only.py
[2024-10-21T10:55:17.716+0000] {processor.py:925} INFO - DAG(s) 'latest_only' retrieved from /home/airflow/.local/lib/python3.12/site-packages/airflow/example_dags/example_latest_only.py
[2024-10-21T10:55:17.740+0000] {logging_mixin.py:190} INFO - [2024-10-21T10:55:17.739+0000] {dag.py:3239} INFO - Sync 1 DAGs
[2024-10-21T10:55:17.794+0000] {logging_mixin.py:190} INFO - [2024-10-21T10:55:17.794+0000] {dag.py:4180} INFO - Setting next_dagrun for latest_only to 2024-10-21 04:00:00+00:00, run_after=2024-10-21 08:00:00+00:00
[2024-10-21T10:55:17.812+0000] {processor.py:208} INFO - Processing /home/airflow/.local/lib/python3.12/site-packages/airflow/example_dags/example_latest_only.py took 0.112 seconds
[2024-10-21T10:55:47.952+0000] {processor.py:186} INFO - Started process (PID=49640) to work on /home/airflow/.local/lib/python3.12/site-packages/airflow/example_dags/example_latest_only.py
[2024-10-21T10:55:47.953+0000] {processor.py:914} INFO - Processing file /home/airflow/.local/lib/python3.12/site-packages/airflow/example_dags/example_latest_only.py for tasks to queue
[2024-10-21T10:55:47.954+0000] {logging_mixin.py:190} INFO - [2024-10-21T10:55:47.954+0000] {dagbag.py:588} INFO - Filling up the DagBag from /home/airflow/.local/lib/python3.12/site-packages/airflow/example_dags/example_latest_only.py
[2024-10-21T10:55:47.961+0000] {processor.py:925} INFO - DAG(s) 'latest_only' retrieved from /home/airflow/.local/lib/python3.12/site-packages/airflow/example_dags/example_latest_only.py
[2024-10-21T10:55:47.985+0000] {logging_mixin.py:190} INFO - [2024-10-21T10:55:47.984+0000] {dag.py:3239} INFO - Sync 1 DAGs
[2024-10-21T10:55:48.010+0000] {logging_mixin.py:190} INFO - [2024-10-21T10:55:48.009+0000] {dag.py:4180} INFO - Setting next_dagrun for latest_only to 2024-10-21 04:00:00+00:00, run_after=2024-10-21 08:00:00+00:00
[2024-10-21T10:55:48.029+0000] {processor.py:208} INFO - Processing /home/airflow/.local/lib/python3.12/site-packages/airflow/example_dags/example_latest_only.py took 0.091 seconds
[2024-10-21T10:56:18.349+0000] {processor.py:186} INFO - Started process (PID=49706) to work on /home/airflow/.local/lib/python3.12/site-packages/airflow/example_dags/example_latest_only.py
[2024-10-21T10:56:18.350+0000] {processor.py:914} INFO - Processing file /home/airflow/.local/lib/python3.12/site-packages/airflow/example_dags/example_latest_only.py for tasks to queue
[2024-10-21T10:56:18.351+0000] {logging_mixin.py:190} INFO - [2024-10-21T10:56:18.351+0000] {dagbag.py:588} INFO - Filling up the DagBag from /home/airflow/.local/lib/python3.12/site-packages/airflow/example_dags/example_latest_only.py
[2024-10-21T10:56:18.358+0000] {processor.py:925} INFO - DAG(s) 'latest_only' retrieved from /home/airflow/.local/lib/python3.12/site-packages/airflow/example_dags/example_latest_only.py
[2024-10-21T10:56:18.382+0000] {logging_mixin.py:190} INFO - [2024-10-21T10:56:18.382+0000] {dag.py:3239} INFO - Sync 1 DAGs
[2024-10-21T10:56:18.408+0000] {logging_mixin.py:190} INFO - [2024-10-21T10:56:18.407+0000] {dag.py:4180} INFO - Setting next_dagrun for latest_only to 2024-10-21 04:00:00+00:00, run_after=2024-10-21 08:00:00+00:00
[2024-10-21T10:56:18.426+0000] {processor.py:208} INFO - Processing /home/airflow/.local/lib/python3.12/site-packages/airflow/example_dags/example_latest_only.py took 0.085 seconds
[2024-10-21T10:56:48.523+0000] {processor.py:186} INFO - Started process (PID=49773) to work on /home/airflow/.local/lib/python3.12/site-packages/airflow/example_dags/example_latest_only.py
[2024-10-21T10:56:48.524+0000] {processor.py:914} INFO - Processing file /home/airflow/.local/lib/python3.12/site-packages/airflow/example_dags/example_latest_only.py for tasks to queue
[2024-10-21T10:56:48.526+0000] {logging_mixin.py:190} INFO - [2024-10-21T10:56:48.526+0000] {dagbag.py:588} INFO - Filling up the DagBag from /home/airflow/.local/lib/python3.12/site-packages/airflow/example_dags/example_latest_only.py
[2024-10-21T10:56:48.533+0000] {processor.py:925} INFO - DAG(s) 'latest_only' retrieved from /home/airflow/.local/lib/python3.12/site-packages/airflow/example_dags/example_latest_only.py
[2024-10-21T10:56:48.558+0000] {logging_mixin.py:190} INFO - [2024-10-21T10:56:48.557+0000] {dag.py:3239} INFO - Sync 1 DAGs
[2024-10-21T10:56:48.582+0000] {logging_mixin.py:190} INFO - [2024-10-21T10:56:48.582+0000] {dag.py:4180} INFO - Setting next_dagrun for latest_only to 2024-10-21 04:00:00+00:00, run_after=2024-10-21 08:00:00+00:00
[2024-10-21T10:56:48.600+0000] {processor.py:208} INFO - Processing /home/airflow/.local/lib/python3.12/site-packages/airflow/example_dags/example_latest_only.py took 0.084 seconds
[2024-10-21T10:57:19.079+0000] {processor.py:186} INFO - Started process (PID=49840) to work on /home/airflow/.local/lib/python3.12/site-packages/airflow/example_dags/example_latest_only.py
[2024-10-21T10:57:19.081+0000] {processor.py:914} INFO - Processing file /home/airflow/.local/lib/python3.12/site-packages/airflow/example_dags/example_latest_only.py for tasks to queue
[2024-10-21T10:57:19.083+0000] {logging_mixin.py:190} INFO - [2024-10-21T10:57:19.082+0000] {dagbag.py:588} INFO - Filling up the DagBag from /home/airflow/.local/lib/python3.12/site-packages/airflow/example_dags/example_latest_only.py
[2024-10-21T10:57:19.092+0000] {processor.py:925} INFO - DAG(s) 'latest_only' retrieved from /home/airflow/.local/lib/python3.12/site-packages/airflow/example_dags/example_latest_only.py
[2024-10-21T10:57:19.125+0000] {logging_mixin.py:190} INFO - [2024-10-21T10:57:19.125+0000] {dag.py:3239} INFO - Sync 1 DAGs
[2024-10-21T10:57:19.154+0000] {logging_mixin.py:190} INFO - [2024-10-21T10:57:19.154+0000] {dag.py:4180} INFO - Setting next_dagrun for latest_only to 2024-10-21 04:00:00+00:00, run_after=2024-10-21 08:00:00+00:00
[2024-10-21T10:57:19.172+0000] {processor.py:208} INFO - Processing /home/airflow/.local/lib/python3.12/site-packages/airflow/example_dags/example_latest_only.py took 0.102 seconds
[2024-10-21T10:57:49.306+0000] {processor.py:186} INFO - Started process (PID=49907) to work on /home/airflow/.local/lib/python3.12/site-packages/airflow/example_dags/example_latest_only.py
[2024-10-21T10:57:49.307+0000] {processor.py:914} INFO - Processing file /home/airflow/.local/lib/python3.12/site-packages/airflow/example_dags/example_latest_only.py for tasks to queue
[2024-10-21T10:57:49.308+0000] {logging_mixin.py:190} INFO - [2024-10-21T10:57:49.308+0000] {dagbag.py:588} INFO - Filling up the DagBag from /home/airflow/.local/lib/python3.12/site-packages/airflow/example_dags/example_latest_only.py
[2024-10-21T10:57:49.315+0000] {processor.py:925} INFO - DAG(s) 'latest_only' retrieved from /home/airflow/.local/lib/python3.12/site-packages/airflow/example_dags/example_latest_only.py
[2024-10-21T10:57:49.338+0000] {logging_mixin.py:190} INFO - [2024-10-21T10:57:49.338+0000] {dag.py:3239} INFO - Sync 1 DAGs
[2024-10-21T10:57:49.362+0000] {logging_mixin.py:190} INFO - [2024-10-21T10:57:49.362+0000] {dag.py:4180} INFO - Setting next_dagrun for latest_only to 2024-10-21 04:00:00+00:00, run_after=2024-10-21 08:00:00+00:00
[2024-10-21T10:57:49.381+0000] {processor.py:208} INFO - Processing /home/airflow/.local/lib/python3.12/site-packages/airflow/example_dags/example_latest_only.py took 0.082 seconds
[2024-10-21T10:58:19.548+0000] {processor.py:186} INFO - Started process (PID=49974) to work on /home/airflow/.local/lib/python3.12/site-packages/airflow/example_dags/example_latest_only.py
[2024-10-21T10:58:19.549+0000] {processor.py:914} INFO - Processing file /home/airflow/.local/lib/python3.12/site-packages/airflow/example_dags/example_latest_only.py for tasks to queue
[2024-10-21T10:58:19.551+0000] {logging_mixin.py:190} INFO - [2024-10-21T10:58:19.551+0000] {dagbag.py:588} INFO - Filling up the DagBag from /home/airflow/.local/lib/python3.12/site-packages/airflow/example_dags/example_latest_only.py
[2024-10-21T10:58:19.559+0000] {processor.py:925} INFO - DAG(s) 'latest_only' retrieved from /home/airflow/.local/lib/python3.12/site-packages/airflow/example_dags/example_latest_only.py
[2024-10-21T10:58:19.583+0000] {logging_mixin.py:190} INFO - [2024-10-21T10:58:19.583+0000] {dag.py:3239} INFO - Sync 1 DAGs
[2024-10-21T10:58:19.609+0000] {logging_mixin.py:190} INFO - [2024-10-21T10:58:19.608+0000] {dag.py:4180} INFO - Setting next_dagrun for latest_only to 2024-10-21 04:00:00+00:00, run_after=2024-10-21 08:00:00+00:00
[2024-10-21T10:58:19.626+0000] {processor.py:208} INFO - Processing /home/airflow/.local/lib/python3.12/site-packages/airflow/example_dags/example_latest_only.py took 0.085 seconds
[2024-10-21T10:58:49.835+0000] {processor.py:186} INFO - Started process (PID=50041) to work on /home/airflow/.local/lib/python3.12/site-packages/airflow/example_dags/example_latest_only.py
[2024-10-21T10:58:49.837+0000] {processor.py:914} INFO - Processing file /home/airflow/.local/lib/python3.12/site-packages/airflow/example_dags/example_latest_only.py for tasks to queue
[2024-10-21T10:58:49.838+0000] {logging_mixin.py:190} INFO - [2024-10-21T10:58:49.838+0000] {dagbag.py:588} INFO - Filling up the DagBag from /home/airflow/.local/lib/python3.12/site-packages/airflow/example_dags/example_latest_only.py
[2024-10-21T10:58:49.845+0000] {processor.py:925} INFO - DAG(s) 'latest_only' retrieved from /home/airflow/.local/lib/python3.12/site-packages/airflow/example_dags/example_latest_only.py
[2024-10-21T10:58:49.871+0000] {logging_mixin.py:190} INFO - [2024-10-21T10:58:49.871+0000] {dag.py:3239} INFO - Sync 1 DAGs
[2024-10-21T10:58:49.896+0000] {logging_mixin.py:190} INFO - [2024-10-21T10:58:49.896+0000] {dag.py:4180} INFO - Setting next_dagrun for latest_only to 2024-10-21 04:00:00+00:00, run_after=2024-10-21 08:00:00+00:00
[2024-10-21T10:58:49.914+0000] {processor.py:208} INFO - Processing /home/airflow/.local/lib/python3.12/site-packages/airflow/example_dags/example_latest_only.py took 0.086 seconds
[2024-10-21T10:59:20.572+0000] {processor.py:186} INFO - Started process (PID=50108) to work on /home/airflow/.local/lib/python3.12/site-packages/airflow/example_dags/example_latest_only.py
[2024-10-21T10:59:20.574+0000] {processor.py:914} INFO - Processing file /home/airflow/.local/lib/python3.12/site-packages/airflow/example_dags/example_latest_only.py for tasks to queue
[2024-10-21T10:59:20.575+0000] {logging_mixin.py:190} INFO - [2024-10-21T10:59:20.575+0000] {dagbag.py:588} INFO - Filling up the DagBag from /home/airflow/.local/lib/python3.12/site-packages/airflow/example_dags/example_latest_only.py
[2024-10-21T10:59:20.582+0000] {processor.py:925} INFO - DAG(s) 'latest_only' retrieved from /home/airflow/.local/lib/python3.12/site-packages/airflow/example_dags/example_latest_only.py
[2024-10-21T10:59:20.606+0000] {logging_mixin.py:190} INFO - [2024-10-21T10:59:20.605+0000] {dag.py:3239} INFO - Sync 1 DAGs
[2024-10-21T10:59:20.633+0000] {logging_mixin.py:190} INFO - [2024-10-21T10:59:20.633+0000] {dag.py:4180} INFO - Setting next_dagrun for latest_only to 2024-10-21 04:00:00+00:00, run_after=2024-10-21 08:00:00+00:00
[2024-10-21T10:59:20.654+0000] {processor.py:208} INFO - Processing /home/airflow/.local/lib/python3.12/site-packages/airflow/example_dags/example_latest_only.py took 0.091 seconds
[2024-10-21T10:59:50.786+0000] {processor.py:186} INFO - Started process (PID=50175) to work on /home/airflow/.local/lib/python3.12/site-packages/airflow/example_dags/example_latest_only.py
[2024-10-21T10:59:50.788+0000] {processor.py:914} INFO - Processing file /home/airflow/.local/lib/python3.12/site-packages/airflow/example_dags/example_latest_only.py for tasks to queue
[2024-10-21T10:59:50.789+0000] {logging_mixin.py:190} INFO - [2024-10-21T10:59:50.789+0000] {dagbag.py:588} INFO - Filling up the DagBag from /home/airflow/.local/lib/python3.12/site-packages/airflow/example_dags/example_latest_only.py
[2024-10-21T10:59:50.796+0000] {processor.py:925} INFO - DAG(s) 'latest_only' retrieved from /home/airflow/.local/lib/python3.12/site-packages/airflow/example_dags/example_latest_only.py
[2024-10-21T10:59:50.819+0000] {logging_mixin.py:190} INFO - [2024-10-21T10:59:50.818+0000] {dag.py:3239} INFO - Sync 1 DAGs
[2024-10-21T10:59:50.847+0000] {logging_mixin.py:190} INFO - [2024-10-21T10:59:50.846+0000] {dag.py:4180} INFO - Setting next_dagrun for latest_only to 2024-10-21 04:00:00+00:00, run_after=2024-10-21 08:00:00+00:00
[2024-10-21T10:59:50.864+0000] {processor.py:208} INFO - Processing /home/airflow/.local/lib/python3.12/site-packages/airflow/example_dags/example_latest_only.py took 0.085 seconds
[2024-10-21T11:00:21.309+0000] {processor.py:186} INFO - Started process (PID=50242) to work on /home/airflow/.local/lib/python3.12/site-packages/airflow/example_dags/example_latest_only.py
[2024-10-21T11:00:21.310+0000] {processor.py:914} INFO - Processing file /home/airflow/.local/lib/python3.12/site-packages/airflow/example_dags/example_latest_only.py for tasks to queue
[2024-10-21T11:00:21.312+0000] {logging_mixin.py:190} INFO - [2024-10-21T11:00:21.311+0000] {dagbag.py:588} INFO - Filling up the DagBag from /home/airflow/.local/lib/python3.12/site-packages/airflow/example_dags/example_latest_only.py
[2024-10-21T11:00:21.319+0000] {processor.py:925} INFO - DAG(s) 'latest_only' retrieved from /home/airflow/.local/lib/python3.12/site-packages/airflow/example_dags/example_latest_only.py
[2024-10-21T11:00:21.344+0000] {logging_mixin.py:190} INFO - [2024-10-21T11:00:21.344+0000] {dag.py:3239} INFO - Sync 1 DAGs
[2024-10-21T11:00:21.373+0000] {logging_mixin.py:190} INFO - [2024-10-21T11:00:21.372+0000] {dag.py:4180} INFO - Setting next_dagrun for latest_only to 2024-10-21 04:00:00+00:00, run_after=2024-10-21 08:00:00+00:00
[2024-10-21T11:00:21.390+0000] {processor.py:208} INFO - Processing /home/airflow/.local/lib/python3.12/site-packages/airflow/example_dags/example_latest_only.py took 0.089 seconds
[2024-10-21T11:00:51.468+0000] {processor.py:186} INFO - Started process (PID=50309) to work on /home/airflow/.local/lib/python3.12/site-packages/airflow/example_dags/example_latest_only.py
[2024-10-21T11:00:51.469+0000] {processor.py:914} INFO - Processing file /home/airflow/.local/lib/python3.12/site-packages/airflow/example_dags/example_latest_only.py for tasks to queue
[2024-10-21T11:00:51.470+0000] {logging_mixin.py:190} INFO - [2024-10-21T11:00:51.470+0000] {dagbag.py:588} INFO - Filling up the DagBag from /home/airflow/.local/lib/python3.12/site-packages/airflow/example_dags/example_latest_only.py
[2024-10-21T11:00:51.477+0000] {processor.py:925} INFO - DAG(s) 'latest_only' retrieved from /home/airflow/.local/lib/python3.12/site-packages/airflow/example_dags/example_latest_only.py
[2024-10-21T11:00:51.500+0000] {logging_mixin.py:190} INFO - [2024-10-21T11:00:51.499+0000] {dag.py:3239} INFO - Sync 1 DAGs
[2024-10-21T11:00:51.526+0000] {logging_mixin.py:190} INFO - [2024-10-21T11:00:51.526+0000] {dag.py:4180} INFO - Setting next_dagrun for latest_only to 2024-10-21 04:00:00+00:00, run_after=2024-10-21 08:00:00+00:00
[2024-10-21T11:00:51.548+0000] {processor.py:208} INFO - Processing /home/airflow/.local/lib/python3.12/site-packages/airflow/example_dags/example_latest_only.py took 0.091 seconds
[2024-10-21T11:01:21.763+0000] {processor.py:186} INFO - Started process (PID=50376) to work on /home/airflow/.local/lib/python3.12/site-packages/airflow/example_dags/example_latest_only.py
[2024-10-21T11:01:21.764+0000] {processor.py:914} INFO - Processing file /home/airflow/.local/lib/python3.12/site-packages/airflow/example_dags/example_latest_only.py for tasks to queue
[2024-10-21T11:01:21.766+0000] {logging_mixin.py:190} INFO - [2024-10-21T11:01:21.766+0000] {dagbag.py:588} INFO - Filling up the DagBag from /home/airflow/.local/lib/python3.12/site-packages/airflow/example_dags/example_latest_only.py
[2024-10-21T11:01:21.775+0000] {processor.py:925} INFO - DAG(s) 'latest_only' retrieved from /home/airflow/.local/lib/python3.12/site-packages/airflow/example_dags/example_latest_only.py
[2024-10-21T11:01:21.804+0000] {logging_mixin.py:190} INFO - [2024-10-21T11:01:21.803+0000] {dag.py:3239} INFO - Sync 1 DAGs
[2024-10-21T11:01:21.832+0000] {logging_mixin.py:190} INFO - [2024-10-21T11:01:21.832+0000] {dag.py:4180} INFO - Setting next_dagrun for latest_only to 2024-10-21 04:00:00+00:00, run_after=2024-10-21 08:00:00+00:00
[2024-10-21T11:01:21.859+0000] {processor.py:208} INFO - Processing /home/airflow/.local/lib/python3.12/site-packages/airflow/example_dags/example_latest_only.py took 0.105 seconds
[2024-10-21T11:01:52.252+0000] {processor.py:186} INFO - Started process (PID=50443) to work on /home/airflow/.local/lib/python3.12/site-packages/airflow/example_dags/example_latest_only.py
[2024-10-21T11:01:52.253+0000] {processor.py:914} INFO - Processing file /home/airflow/.local/lib/python3.12/site-packages/airflow/example_dags/example_latest_only.py for tasks to queue
[2024-10-21T11:01:52.255+0000] {logging_mixin.py:190} INFO - [2024-10-21T11:01:52.254+0000] {dagbag.py:588} INFO - Filling up the DagBag from /home/airflow/.local/lib/python3.12/site-packages/airflow/example_dags/example_latest_only.py
[2024-10-21T11:01:52.262+0000] {processor.py:925} INFO - DAG(s) 'latest_only' retrieved from /home/airflow/.local/lib/python3.12/site-packages/airflow/example_dags/example_latest_only.py
[2024-10-21T11:01:52.285+0000] {logging_mixin.py:190} INFO - [2024-10-21T11:01:52.285+0000] {dag.py:3239} INFO - Sync 1 DAGs
[2024-10-21T11:01:52.311+0000] {logging_mixin.py:190} INFO - [2024-10-21T11:01:52.311+0000] {dag.py:4180} INFO - Setting next_dagrun for latest_only to 2024-10-21 04:00:00+00:00, run_after=2024-10-21 08:00:00+00:00
[2024-10-21T11:01:52.332+0000] {processor.py:208} INFO - Processing /home/airflow/.local/lib/python3.12/site-packages/airflow/example_dags/example_latest_only.py took 0.088 seconds
[2024-10-21T11:02:22.725+0000] {processor.py:186} INFO - Started process (PID=50510) to work on /home/airflow/.local/lib/python3.12/site-packages/airflow/example_dags/example_latest_only.py
[2024-10-21T11:02:22.726+0000] {processor.py:914} INFO - Processing file /home/airflow/.local/lib/python3.12/site-packages/airflow/example_dags/example_latest_only.py for tasks to queue
[2024-10-21T11:02:22.728+0000] {logging_mixin.py:190} INFO - [2024-10-21T11:02:22.727+0000] {dagbag.py:588} INFO - Filling up the DagBag from /home/airflow/.local/lib/python3.12/site-packages/airflow/example_dags/example_latest_only.py
[2024-10-21T11:02:22.735+0000] {processor.py:925} INFO - DAG(s) 'latest_only' retrieved from /home/airflow/.local/lib/python3.12/site-packages/airflow/example_dags/example_latest_only.py
[2024-10-21T11:02:22.759+0000] {logging_mixin.py:190} INFO - [2024-10-21T11:02:22.758+0000] {dag.py:3239} INFO - Sync 1 DAGs
[2024-10-21T11:02:22.785+0000] {logging_mixin.py:190} INFO - [2024-10-21T11:02:22.784+0000] {dag.py:4180} INFO - Setting next_dagrun for latest_only to 2024-10-21 04:00:00+00:00, run_after=2024-10-21 08:00:00+00:00
[2024-10-21T11:02:22.803+0000] {processor.py:208} INFO - Processing /home/airflow/.local/lib/python3.12/site-packages/airflow/example_dags/example_latest_only.py took 0.085 seconds
[2024-10-21T11:02:53.042+0000] {processor.py:186} INFO - Started process (PID=50577) to work on /home/airflow/.local/lib/python3.12/site-packages/airflow/example_dags/example_latest_only.py
[2024-10-21T11:02:53.044+0000] {processor.py:914} INFO - Processing file /home/airflow/.local/lib/python3.12/site-packages/airflow/example_dags/example_latest_only.py for tasks to queue
[2024-10-21T11:02:53.045+0000] {logging_mixin.py:190} INFO - [2024-10-21T11:02:53.045+0000] {dagbag.py:588} INFO - Filling up the DagBag from /home/airflow/.local/lib/python3.12/site-packages/airflow/example_dags/example_latest_only.py
[2024-10-21T11:02:53.052+0000] {processor.py:925} INFO - DAG(s) 'latest_only' retrieved from /home/airflow/.local/lib/python3.12/site-packages/airflow/example_dags/example_latest_only.py
[2024-10-21T11:02:53.076+0000] {logging_mixin.py:190} INFO - [2024-10-21T11:02:53.076+0000] {dag.py:3239} INFO - Sync 1 DAGs
[2024-10-21T11:02:53.101+0000] {logging_mixin.py:190} INFO - [2024-10-21T11:02:53.101+0000] {dag.py:4180} INFO - Setting next_dagrun for latest_only to 2024-10-21 04:00:00+00:00, run_after=2024-10-21 08:00:00+00:00
[2024-10-21T11:02:53.119+0000] {processor.py:208} INFO - Processing /home/airflow/.local/lib/python3.12/site-packages/airflow/example_dags/example_latest_only.py took 0.084 seconds
[2024-10-21T11:03:23.882+0000] {processor.py:186} INFO - Started process (PID=50644) to work on /home/airflow/.local/lib/python3.12/site-packages/airflow/example_dags/example_latest_only.py
[2024-10-21T11:03:23.884+0000] {processor.py:914} INFO - Processing file /home/airflow/.local/lib/python3.12/site-packages/airflow/example_dags/example_latest_only.py for tasks to queue
[2024-10-21T11:03:23.886+0000] {logging_mixin.py:190} INFO - [2024-10-21T11:03:23.885+0000] {dagbag.py:588} INFO - Filling up the DagBag from /home/airflow/.local/lib/python3.12/site-packages/airflow/example_dags/example_latest_only.py
[2024-10-21T11:03:23.897+0000] {processor.py:925} INFO - DAG(s) 'latest_only' retrieved from /home/airflow/.local/lib/python3.12/site-packages/airflow/example_dags/example_latest_only.py
[2024-10-21T11:03:23.933+0000] {logging_mixin.py:190} INFO - [2024-10-21T11:03:23.933+0000] {dag.py:3239} INFO - Sync 1 DAGs
[2024-10-21T11:03:23.964+0000] {logging_mixin.py:190} INFO - [2024-10-21T11:03:23.964+0000] {dag.py:4180} INFO - Setting next_dagrun for latest_only to 2024-10-21 04:00:00+00:00, run_after=2024-10-21 08:00:00+00:00
[2024-10-21T11:03:23.986+0000] {processor.py:208} INFO - Processing /home/airflow/.local/lib/python3.12/site-packages/airflow/example_dags/example_latest_only.py took 0.113 seconds
[2024-10-21T11:03:54.062+0000] {processor.py:186} INFO - Started process (PID=50710) to work on /home/airflow/.local/lib/python3.12/site-packages/airflow/example_dags/example_latest_only.py
[2024-10-21T11:03:54.063+0000] {processor.py:914} INFO - Processing file /home/airflow/.local/lib/python3.12/site-packages/airflow/example_dags/example_latest_only.py for tasks to queue
[2024-10-21T11:03:54.065+0000] {logging_mixin.py:190} INFO - [2024-10-21T11:03:54.064+0000] {dagbag.py:588} INFO - Filling up the DagBag from /home/airflow/.local/lib/python3.12/site-packages/airflow/example_dags/example_latest_only.py
[2024-10-21T11:03:54.072+0000] {processor.py:925} INFO - DAG(s) 'latest_only' retrieved from /home/airflow/.local/lib/python3.12/site-packages/airflow/example_dags/example_latest_only.py
[2024-10-21T11:03:54.096+0000] {logging_mixin.py:190} INFO - [2024-10-21T11:03:54.096+0000] {dag.py:3239} INFO - Sync 1 DAGs
[2024-10-21T11:03:54.120+0000] {logging_mixin.py:190} INFO - [2024-10-21T11:03:54.120+0000] {dag.py:4180} INFO - Setting next_dagrun for latest_only to 2024-10-21 04:00:00+00:00, run_after=2024-10-21 08:00:00+00:00
[2024-10-21T11:03:54.138+0000] {processor.py:208} INFO - Processing /home/airflow/.local/lib/python3.12/site-packages/airflow/example_dags/example_latest_only.py took 0.084 seconds
[2024-10-21T11:04:24.397+0000] {processor.py:186} INFO - Started process (PID=50777) to work on /home/airflow/.local/lib/python3.12/site-packages/airflow/example_dags/example_latest_only.py
[2024-10-21T11:04:24.398+0000] {processor.py:914} INFO - Processing file /home/airflow/.local/lib/python3.12/site-packages/airflow/example_dags/example_latest_only.py for tasks to queue
[2024-10-21T11:04:24.399+0000] {logging_mixin.py:190} INFO - [2024-10-21T11:04:24.399+0000] {dagbag.py:588} INFO - Filling up the DagBag from /home/airflow/.local/lib/python3.12/site-packages/airflow/example_dags/example_latest_only.py
[2024-10-21T11:04:24.407+0000] {processor.py:925} INFO - DAG(s) 'latest_only' retrieved from /home/airflow/.local/lib/python3.12/site-packages/airflow/example_dags/example_latest_only.py
[2024-10-21T11:04:24.433+0000] {logging_mixin.py:190} INFO - [2024-10-21T11:04:24.432+0000] {dag.py:3239} INFO - Sync 1 DAGs
[2024-10-21T11:04:24.460+0000] {logging_mixin.py:190} INFO - [2024-10-21T11:04:24.460+0000] {dag.py:4180} INFO - Setting next_dagrun for latest_only to 2024-10-21 04:00:00+00:00, run_after=2024-10-21 08:00:00+00:00
[2024-10-21T11:04:24.480+0000] {processor.py:208} INFO - Processing /home/airflow/.local/lib/python3.12/site-packages/airflow/example_dags/example_latest_only.py took 0.091 seconds
[2024-10-21T11:04:55.249+0000] {processor.py:186} INFO - Started process (PID=50844) to work on /home/airflow/.local/lib/python3.12/site-packages/airflow/example_dags/example_latest_only.py
[2024-10-21T11:04:55.250+0000] {processor.py:914} INFO - Processing file /home/airflow/.local/lib/python3.12/site-packages/airflow/example_dags/example_latest_only.py for tasks to queue
[2024-10-21T11:04:55.252+0000] {logging_mixin.py:190} INFO - [2024-10-21T11:04:55.252+0000] {dagbag.py:588} INFO - Filling up the DagBag from /home/airflow/.local/lib/python3.12/site-packages/airflow/example_dags/example_latest_only.py
[2024-10-21T11:04:55.263+0000] {processor.py:925} INFO - DAG(s) 'latest_only' retrieved from /home/airflow/.local/lib/python3.12/site-packages/airflow/example_dags/example_latest_only.py
[2024-10-21T11:04:55.292+0000] {logging_mixin.py:190} INFO - [2024-10-21T11:04:55.292+0000] {dag.py:3239} INFO - Sync 1 DAGs
[2024-10-21T11:04:55.319+0000] {logging_mixin.py:190} INFO - [2024-10-21T11:04:55.318+0000] {dag.py:4180} INFO - Setting next_dagrun for latest_only to 2024-10-21 04:00:00+00:00, run_after=2024-10-21 08:00:00+00:00
[2024-10-21T11:04:55.347+0000] {processor.py:208} INFO - Processing /home/airflow/.local/lib/python3.12/site-packages/airflow/example_dags/example_latest_only.py took 0.112 seconds
[2024-10-21T11:05:25.490+0000] {processor.py:186} INFO - Started process (PID=50911) to work on /home/airflow/.local/lib/python3.12/site-packages/airflow/example_dags/example_latest_only.py
[2024-10-21T11:05:25.491+0000] {processor.py:914} INFO - Processing file /home/airflow/.local/lib/python3.12/site-packages/airflow/example_dags/example_latest_only.py for tasks to queue
[2024-10-21T11:05:25.492+0000] {logging_mixin.py:190} INFO - [2024-10-21T11:05:25.492+0000] {dagbag.py:588} INFO - Filling up the DagBag from /home/airflow/.local/lib/python3.12/site-packages/airflow/example_dags/example_latest_only.py
[2024-10-21T11:05:25.499+0000] {processor.py:925} INFO - DAG(s) 'latest_only' retrieved from /home/airflow/.local/lib/python3.12/site-packages/airflow/example_dags/example_latest_only.py
[2024-10-21T11:05:25.522+0000] {logging_mixin.py:190} INFO - [2024-10-21T11:05:25.522+0000] {dag.py:3239} INFO - Sync 1 DAGs
[2024-10-21T11:05:25.546+0000] {logging_mixin.py:190} INFO - [2024-10-21T11:05:25.546+0000] {dag.py:4180} INFO - Setting next_dagrun for latest_only to 2024-10-21 04:00:00+00:00, run_after=2024-10-21 08:00:00+00:00
[2024-10-21T11:05:25.563+0000] {processor.py:208} INFO - Processing /home/airflow/.local/lib/python3.12/site-packages/airflow/example_dags/example_latest_only.py took 0.080 seconds
[2024-10-21T11:05:55.762+0000] {processor.py:186} INFO - Started process (PID=50978) to work on /home/airflow/.local/lib/python3.12/site-packages/airflow/example_dags/example_latest_only.py
[2024-10-21T11:05:55.763+0000] {processor.py:914} INFO - Processing file /home/airflow/.local/lib/python3.12/site-packages/airflow/example_dags/example_latest_only.py for tasks to queue
[2024-10-21T11:05:55.765+0000] {logging_mixin.py:190} INFO - [2024-10-21T11:05:55.764+0000] {dagbag.py:588} INFO - Filling up the DagBag from /home/airflow/.local/lib/python3.12/site-packages/airflow/example_dags/example_latest_only.py
[2024-10-21T11:05:55.772+0000] {processor.py:925} INFO - DAG(s) 'latest_only' retrieved from /home/airflow/.local/lib/python3.12/site-packages/airflow/example_dags/example_latest_only.py
[2024-10-21T11:05:55.793+0000] {logging_mixin.py:190} INFO - [2024-10-21T11:05:55.793+0000] {dag.py:3239} INFO - Sync 1 DAGs
[2024-10-21T11:05:55.817+0000] {logging_mixin.py:190} INFO - [2024-10-21T11:05:55.817+0000] {dag.py:4180} INFO - Setting next_dagrun for latest_only to 2024-10-21 04:00:00+00:00, run_after=2024-10-21 08:00:00+00:00
[2024-10-21T11:05:55.835+0000] {processor.py:208} INFO - Processing /home/airflow/.local/lib/python3.12/site-packages/airflow/example_dags/example_latest_only.py took 0.081 seconds
[2024-10-21T11:06:25.971+0000] {processor.py:186} INFO - Started process (PID=51045) to work on /home/airflow/.local/lib/python3.12/site-packages/airflow/example_dags/example_latest_only.py
[2024-10-21T11:06:25.972+0000] {processor.py:914} INFO - Processing file /home/airflow/.local/lib/python3.12/site-packages/airflow/example_dags/example_latest_only.py for tasks to queue
[2024-10-21T11:06:25.974+0000] {logging_mixin.py:190} INFO - [2024-10-21T11:06:25.974+0000] {dagbag.py:588} INFO - Filling up the DagBag from /home/airflow/.local/lib/python3.12/site-packages/airflow/example_dags/example_latest_only.py
[2024-10-21T11:06:25.982+0000] {processor.py:925} INFO - DAG(s) 'latest_only' retrieved from /home/airflow/.local/lib/python3.12/site-packages/airflow/example_dags/example_latest_only.py
[2024-10-21T11:06:26.004+0000] {logging_mixin.py:190} INFO - [2024-10-21T11:06:26.004+0000] {dag.py:3239} INFO - Sync 1 DAGs
[2024-10-21T11:06:26.029+0000] {logging_mixin.py:190} INFO - [2024-10-21T11:06:26.028+0000] {dag.py:4180} INFO - Setting next_dagrun for latest_only to 2024-10-21 04:00:00+00:00, run_after=2024-10-21 08:00:00+00:00
[2024-10-21T11:06:26.044+0000] {processor.py:208} INFO - Processing /home/airflow/.local/lib/python3.12/site-packages/airflow/example_dags/example_latest_only.py took 0.084 seconds
[2024-10-21T11:06:56.344+0000] {processor.py:186} INFO - Started process (PID=51112) to work on /home/airflow/.local/lib/python3.12/site-packages/airflow/example_dags/example_latest_only.py
[2024-10-21T11:06:56.345+0000] {processor.py:914} INFO - Processing file /home/airflow/.local/lib/python3.12/site-packages/airflow/example_dags/example_latest_only.py for tasks to queue
[2024-10-21T11:06:56.346+0000] {logging_mixin.py:190} INFO - [2024-10-21T11:06:56.346+0000] {dagbag.py:588} INFO - Filling up the DagBag from /home/airflow/.local/lib/python3.12/site-packages/airflow/example_dags/example_latest_only.py
[2024-10-21T11:06:56.353+0000] {processor.py:925} INFO - DAG(s) 'latest_only' retrieved from /home/airflow/.local/lib/python3.12/site-packages/airflow/example_dags/example_latest_only.py
[2024-10-21T11:06:56.378+0000] {logging_mixin.py:190} INFO - [2024-10-21T11:06:56.378+0000] {dag.py:3239} INFO - Sync 1 DAGs
[2024-10-21T11:06:56.402+0000] {logging_mixin.py:190} INFO - [2024-10-21T11:06:56.402+0000] {dag.py:4180} INFO - Setting next_dagrun for latest_only to 2024-10-21 04:00:00+00:00, run_after=2024-10-21 08:00:00+00:00
[2024-10-21T11:06:56.420+0000] {processor.py:208} INFO - Processing /home/airflow/.local/lib/python3.12/site-packages/airflow/example_dags/example_latest_only.py took 0.084 seconds
[2024-10-21T11:07:26.632+0000] {processor.py:186} INFO - Started process (PID=51179) to work on /home/airflow/.local/lib/python3.12/site-packages/airflow/example_dags/example_latest_only.py
[2024-10-21T11:07:26.633+0000] {processor.py:914} INFO - Processing file /home/airflow/.local/lib/python3.12/site-packages/airflow/example_dags/example_latest_only.py for tasks to queue
[2024-10-21T11:07:26.635+0000] {logging_mixin.py:190} INFO - [2024-10-21T11:07:26.635+0000] {dagbag.py:588} INFO - Filling up the DagBag from /home/airflow/.local/lib/python3.12/site-packages/airflow/example_dags/example_latest_only.py
[2024-10-21T11:07:26.644+0000] {processor.py:925} INFO - DAG(s) 'latest_only' retrieved from /home/airflow/.local/lib/python3.12/site-packages/airflow/example_dags/example_latest_only.py
[2024-10-21T11:07:26.673+0000] {logging_mixin.py:190} INFO - [2024-10-21T11:07:26.672+0000] {dag.py:3239} INFO - Sync 1 DAGs
[2024-10-21T11:07:26.715+0000] {logging_mixin.py:190} INFO - [2024-10-21T11:07:26.715+0000] {dag.py:4180} INFO - Setting next_dagrun for latest_only to 2024-10-21 04:00:00+00:00, run_after=2024-10-21 08:00:00+00:00
[2024-10-21T11:07:26.739+0000] {processor.py:208} INFO - Processing /home/airflow/.local/lib/python3.12/site-packages/airflow/example_dags/example_latest_only.py took 0.118 seconds
[2024-10-21T11:07:56.865+0000] {processor.py:186} INFO - Started process (PID=51246) to work on /home/airflow/.local/lib/python3.12/site-packages/airflow/example_dags/example_latest_only.py
[2024-10-21T11:07:56.866+0000] {processor.py:914} INFO - Processing file /home/airflow/.local/lib/python3.12/site-packages/airflow/example_dags/example_latest_only.py for tasks to queue
[2024-10-21T11:07:56.868+0000] {logging_mixin.py:190} INFO - [2024-10-21T11:07:56.867+0000] {dagbag.py:588} INFO - Filling up the DagBag from /home/airflow/.local/lib/python3.12/site-packages/airflow/example_dags/example_latest_only.py
[2024-10-21T11:07:56.875+0000] {processor.py:925} INFO - DAG(s) 'latest_only' retrieved from /home/airflow/.local/lib/python3.12/site-packages/airflow/example_dags/example_latest_only.py
[2024-10-21T11:07:56.900+0000] {logging_mixin.py:190} INFO - [2024-10-21T11:07:56.900+0000] {dag.py:3239} INFO - Sync 1 DAGs
[2024-10-21T11:07:56.955+0000] {logging_mixin.py:190} INFO - [2024-10-21T11:07:56.954+0000] {dag.py:4180} INFO - Setting next_dagrun for latest_only to 2024-10-21 04:00:00+00:00, run_after=2024-10-21 08:00:00+00:00
[2024-10-21T11:07:56.977+0000] {processor.py:208} INFO - Processing /home/airflow/.local/lib/python3.12/site-packages/airflow/example_dags/example_latest_only.py took 0.119 seconds
[2024-10-21T11:08:27.786+0000] {processor.py:186} INFO - Started process (PID=51313) to work on /home/airflow/.local/lib/python3.12/site-packages/airflow/example_dags/example_latest_only.py
[2024-10-21T11:08:27.787+0000] {processor.py:914} INFO - Processing file /home/airflow/.local/lib/python3.12/site-packages/airflow/example_dags/example_latest_only.py for tasks to queue
[2024-10-21T11:08:27.789+0000] {logging_mixin.py:190} INFO - [2024-10-21T11:08:27.789+0000] {dagbag.py:588} INFO - Filling up the DagBag from /home/airflow/.local/lib/python3.12/site-packages/airflow/example_dags/example_latest_only.py
[2024-10-21T11:08:27.796+0000] {processor.py:925} INFO - DAG(s) 'latest_only' retrieved from /home/airflow/.local/lib/python3.12/site-packages/airflow/example_dags/example_latest_only.py
[2024-10-21T11:08:27.820+0000] {logging_mixin.py:190} INFO - [2024-10-21T11:08:27.820+0000] {dag.py:3239} INFO - Sync 1 DAGs
[2024-10-21T11:08:27.845+0000] {logging_mixin.py:190} INFO - [2024-10-21T11:08:27.845+0000] {dag.py:4180} INFO - Setting next_dagrun for latest_only to 2024-10-21 04:00:00+00:00, run_after=2024-10-21 08:00:00+00:00
[2024-10-21T11:08:27.863+0000] {processor.py:208} INFO - Processing /home/airflow/.local/lib/python3.12/site-packages/airflow/example_dags/example_latest_only.py took 0.085 seconds
[2024-10-21T11:08:58.378+0000] {processor.py:186} INFO - Started process (PID=51380) to work on /home/airflow/.local/lib/python3.12/site-packages/airflow/example_dags/example_latest_only.py
[2024-10-21T11:08:58.379+0000] {processor.py:914} INFO - Processing file /home/airflow/.local/lib/python3.12/site-packages/airflow/example_dags/example_latest_only.py for tasks to queue
[2024-10-21T11:08:58.380+0000] {logging_mixin.py:190} INFO - [2024-10-21T11:08:58.380+0000] {dagbag.py:588} INFO - Filling up the DagBag from /home/airflow/.local/lib/python3.12/site-packages/airflow/example_dags/example_latest_only.py
[2024-10-21T11:08:58.388+0000] {processor.py:925} INFO - DAG(s) 'latest_only' retrieved from /home/airflow/.local/lib/python3.12/site-packages/airflow/example_dags/example_latest_only.py
[2024-10-21T11:08:58.412+0000] {logging_mixin.py:190} INFO - [2024-10-21T11:08:58.412+0000] {dag.py:3239} INFO - Sync 1 DAGs
[2024-10-21T11:08:58.437+0000] {logging_mixin.py:190} INFO - [2024-10-21T11:08:58.437+0000] {dag.py:4180} INFO - Setting next_dagrun for latest_only to 2024-10-21 04:00:00+00:00, run_after=2024-10-21 08:00:00+00:00
[2024-10-21T11:08:58.456+0000] {processor.py:208} INFO - Processing /home/airflow/.local/lib/python3.12/site-packages/airflow/example_dags/example_latest_only.py took 0.086 seconds
[2024-10-21T11:09:28.996+0000] {processor.py:186} INFO - Started process (PID=51447) to work on /home/airflow/.local/lib/python3.12/site-packages/airflow/example_dags/example_latest_only.py
[2024-10-21T11:09:28.997+0000] {processor.py:914} INFO - Processing file /home/airflow/.local/lib/python3.12/site-packages/airflow/example_dags/example_latest_only.py for tasks to queue
[2024-10-21T11:09:28.998+0000] {logging_mixin.py:190} INFO - [2024-10-21T11:09:28.998+0000] {dagbag.py:588} INFO - Filling up the DagBag from /home/airflow/.local/lib/python3.12/site-packages/airflow/example_dags/example_latest_only.py
[2024-10-21T11:09:29.006+0000] {processor.py:925} INFO - DAG(s) 'latest_only' retrieved from /home/airflow/.local/lib/python3.12/site-packages/airflow/example_dags/example_latest_only.py
[2024-10-21T11:09:29.030+0000] {logging_mixin.py:190} INFO - [2024-10-21T11:09:29.030+0000] {dag.py:3239} INFO - Sync 1 DAGs
[2024-10-21T11:09:29.055+0000] {logging_mixin.py:190} INFO - [2024-10-21T11:09:29.054+0000] {dag.py:4180} INFO - Setting next_dagrun for latest_only to 2024-10-21 04:00:00+00:00, run_after=2024-10-21 08:00:00+00:00
[2024-10-21T11:09:29.073+0000] {processor.py:208} INFO - Processing /home/airflow/.local/lib/python3.12/site-packages/airflow/example_dags/example_latest_only.py took 0.084 seconds
[2024-10-21T11:09:59.736+0000] {processor.py:186} INFO - Started process (PID=51514) to work on /home/airflow/.local/lib/python3.12/site-packages/airflow/example_dags/example_latest_only.py
[2024-10-21T11:09:59.737+0000] {processor.py:914} INFO - Processing file /home/airflow/.local/lib/python3.12/site-packages/airflow/example_dags/example_latest_only.py for tasks to queue
[2024-10-21T11:09:59.738+0000] {logging_mixin.py:190} INFO - [2024-10-21T11:09:59.738+0000] {dagbag.py:588} INFO - Filling up the DagBag from /home/airflow/.local/lib/python3.12/site-packages/airflow/example_dags/example_latest_only.py
[2024-10-21T11:09:59.746+0000] {processor.py:925} INFO - DAG(s) 'latest_only' retrieved from /home/airflow/.local/lib/python3.12/site-packages/airflow/example_dags/example_latest_only.py
[2024-10-21T11:09:59.769+0000] {logging_mixin.py:190} INFO - [2024-10-21T11:09:59.769+0000] {dag.py:3239} INFO - Sync 1 DAGs
[2024-10-21T11:09:59.797+0000] {logging_mixin.py:190} INFO - [2024-10-21T11:09:59.796+0000] {dag.py:4180} INFO - Setting next_dagrun for latest_only to 2024-10-21 04:00:00+00:00, run_after=2024-10-21 08:00:00+00:00
[2024-10-21T11:09:59.815+0000] {processor.py:208} INFO - Processing /home/airflow/.local/lib/python3.12/site-packages/airflow/example_dags/example_latest_only.py took 0.087 seconds
[2024-10-21T11:10:30.274+0000] {processor.py:186} INFO - Started process (PID=51581) to work on /home/airflow/.local/lib/python3.12/site-packages/airflow/example_dags/example_latest_only.py
[2024-10-21T11:10:30.275+0000] {processor.py:914} INFO - Processing file /home/airflow/.local/lib/python3.12/site-packages/airflow/example_dags/example_latest_only.py for tasks to queue
[2024-10-21T11:10:30.276+0000] {logging_mixin.py:190} INFO - [2024-10-21T11:10:30.276+0000] {dagbag.py:588} INFO - Filling up the DagBag from /home/airflow/.local/lib/python3.12/site-packages/airflow/example_dags/example_latest_only.py
[2024-10-21T11:10:30.283+0000] {processor.py:925} INFO - DAG(s) 'latest_only' retrieved from /home/airflow/.local/lib/python3.12/site-packages/airflow/example_dags/example_latest_only.py
[2024-10-21T11:10:30.307+0000] {logging_mixin.py:190} INFO - [2024-10-21T11:10:30.306+0000] {dag.py:3239} INFO - Sync 1 DAGs
[2024-10-21T11:10:30.331+0000] {logging_mixin.py:190} INFO - [2024-10-21T11:10:30.331+0000] {dag.py:4180} INFO - Setting next_dagrun for latest_only to 2024-10-21 04:00:00+00:00, run_after=2024-10-21 08:00:00+00:00
[2024-10-21T11:10:30.348+0000] {processor.py:208} INFO - Processing /home/airflow/.local/lib/python3.12/site-packages/airflow/example_dags/example_latest_only.py took 0.082 seconds
[2024-10-21T11:11:00.648+0000] {processor.py:186} INFO - Started process (PID=51648) to work on /home/airflow/.local/lib/python3.12/site-packages/airflow/example_dags/example_latest_only.py
[2024-10-21T11:11:00.649+0000] {processor.py:914} INFO - Processing file /home/airflow/.local/lib/python3.12/site-packages/airflow/example_dags/example_latest_only.py for tasks to queue
[2024-10-21T11:11:00.651+0000] {logging_mixin.py:190} INFO - [2024-10-21T11:11:00.650+0000] {dagbag.py:588} INFO - Filling up the DagBag from /home/airflow/.local/lib/python3.12/site-packages/airflow/example_dags/example_latest_only.py
[2024-10-21T11:11:00.657+0000] {processor.py:925} INFO - DAG(s) 'latest_only' retrieved from /home/airflow/.local/lib/python3.12/site-packages/airflow/example_dags/example_latest_only.py
[2024-10-21T11:11:00.680+0000] {logging_mixin.py:190} INFO - [2024-10-21T11:11:00.680+0000] {dag.py:3239} INFO - Sync 1 DAGs
[2024-10-21T11:11:00.704+0000] {logging_mixin.py:190} INFO - [2024-10-21T11:11:00.704+0000] {dag.py:4180} INFO - Setting next_dagrun for latest_only to 2024-10-21 04:00:00+00:00, run_after=2024-10-21 08:00:00+00:00
[2024-10-21T11:11:00.722+0000] {processor.py:208} INFO - Processing /home/airflow/.local/lib/python3.12/site-packages/airflow/example_dags/example_latest_only.py took 0.080 seconds
[2024-10-21T11:11:30.818+0000] {processor.py:186} INFO - Started process (PID=51714) to work on /home/airflow/.local/lib/python3.12/site-packages/airflow/example_dags/example_latest_only.py
[2024-10-21T11:11:30.819+0000] {processor.py:914} INFO - Processing file /home/airflow/.local/lib/python3.12/site-packages/airflow/example_dags/example_latest_only.py for tasks to queue
[2024-10-21T11:11:30.821+0000] {logging_mixin.py:190} INFO - [2024-10-21T11:11:30.820+0000] {dagbag.py:588} INFO - Filling up the DagBag from /home/airflow/.local/lib/python3.12/site-packages/airflow/example_dags/example_latest_only.py
[2024-10-21T11:11:30.827+0000] {processor.py:925} INFO - DAG(s) 'latest_only' retrieved from /home/airflow/.local/lib/python3.12/site-packages/airflow/example_dags/example_latest_only.py
[2024-10-21T11:11:30.851+0000] {logging_mixin.py:190} INFO - [2024-10-21T11:11:30.851+0000] {dag.py:3239} INFO - Sync 1 DAGs
[2024-10-21T11:11:30.876+0000] {logging_mixin.py:190} INFO - [2024-10-21T11:11:30.876+0000] {dag.py:4180} INFO - Setting next_dagrun for latest_only to 2024-10-21 04:00:00+00:00, run_after=2024-10-21 08:00:00+00:00
[2024-10-21T11:11:30.894+0000] {processor.py:208} INFO - Processing /home/airflow/.local/lib/python3.12/site-packages/airflow/example_dags/example_latest_only.py took 0.083 seconds
[2024-10-21T11:12:01.585+0000] {processor.py:186} INFO - Started process (PID=51781) to work on /home/airflow/.local/lib/python3.12/site-packages/airflow/example_dags/example_latest_only.py
[2024-10-21T11:12:01.586+0000] {processor.py:914} INFO - Processing file /home/airflow/.local/lib/python3.12/site-packages/airflow/example_dags/example_latest_only.py for tasks to queue
[2024-10-21T11:12:01.587+0000] {logging_mixin.py:190} INFO - [2024-10-21T11:12:01.587+0000] {dagbag.py:588} INFO - Filling up the DagBag from /home/airflow/.local/lib/python3.12/site-packages/airflow/example_dags/example_latest_only.py
[2024-10-21T11:12:01.594+0000] {processor.py:925} INFO - DAG(s) 'latest_only' retrieved from /home/airflow/.local/lib/python3.12/site-packages/airflow/example_dags/example_latest_only.py
[2024-10-21T11:12:01.617+0000] {logging_mixin.py:190} INFO - [2024-10-21T11:12:01.616+0000] {dag.py:3239} INFO - Sync 1 DAGs
[2024-10-21T11:12:01.641+0000] {logging_mixin.py:190} INFO - [2024-10-21T11:12:01.641+0000] {dag.py:4180} INFO - Setting next_dagrun for latest_only to 2024-10-21 04:00:00+00:00, run_after=2024-10-21 08:00:00+00:00
[2024-10-21T11:12:01.660+0000] {processor.py:208} INFO - Processing /home/airflow/.local/lib/python3.12/site-packages/airflow/example_dags/example_latest_only.py took 0.083 seconds
[2024-10-21T11:12:32.330+0000] {processor.py:186} INFO - Started process (PID=51848) to work on /home/airflow/.local/lib/python3.12/site-packages/airflow/example_dags/example_latest_only.py
[2024-10-21T11:12:32.332+0000] {processor.py:914} INFO - Processing file /home/airflow/.local/lib/python3.12/site-packages/airflow/example_dags/example_latest_only.py for tasks to queue
[2024-10-21T11:12:32.333+0000] {logging_mixin.py:190} INFO - [2024-10-21T11:12:32.333+0000] {dagbag.py:588} INFO - Filling up the DagBag from /home/airflow/.local/lib/python3.12/site-packages/airflow/example_dags/example_latest_only.py
[2024-10-21T11:12:32.340+0000] {processor.py:925} INFO - DAG(s) 'latest_only' retrieved from /home/airflow/.local/lib/python3.12/site-packages/airflow/example_dags/example_latest_only.py
[2024-10-21T11:12:32.363+0000] {logging_mixin.py:190} INFO - [2024-10-21T11:12:32.363+0000] {dag.py:3239} INFO - Sync 1 DAGs
[2024-10-21T11:12:32.387+0000] {logging_mixin.py:190} INFO - [2024-10-21T11:12:32.387+0000] {dag.py:4180} INFO - Setting next_dagrun for latest_only to 2024-10-21 04:00:00+00:00, run_after=2024-10-21 08:00:00+00:00
[2024-10-21T11:12:32.405+0000] {processor.py:208} INFO - Processing /home/airflow/.local/lib/python3.12/site-packages/airflow/example_dags/example_latest_only.py took 0.082 seconds
[2024-10-21T11:13:02.614+0000] {processor.py:186} INFO - Started process (PID=51915) to work on /home/airflow/.local/lib/python3.12/site-packages/airflow/example_dags/example_latest_only.py
[2024-10-21T11:13:02.615+0000] {processor.py:914} INFO - Processing file /home/airflow/.local/lib/python3.12/site-packages/airflow/example_dags/example_latest_only.py for tasks to queue
[2024-10-21T11:13:02.616+0000] {logging_mixin.py:190} INFO - [2024-10-21T11:13:02.616+0000] {dagbag.py:588} INFO - Filling up the DagBag from /home/airflow/.local/lib/python3.12/site-packages/airflow/example_dags/example_latest_only.py
[2024-10-21T11:13:02.623+0000] {processor.py:925} INFO - DAG(s) 'latest_only' retrieved from /home/airflow/.local/lib/python3.12/site-packages/airflow/example_dags/example_latest_only.py
[2024-10-21T11:13:02.645+0000] {logging_mixin.py:190} INFO - [2024-10-21T11:13:02.645+0000] {dag.py:3239} INFO - Sync 1 DAGs
[2024-10-21T11:13:02.669+0000] {logging_mixin.py:190} INFO - [2024-10-21T11:13:02.669+0000] {dag.py:4180} INFO - Setting next_dagrun for latest_only to 2024-10-21 04:00:00+00:00, run_after=2024-10-21 08:00:00+00:00
[2024-10-21T11:13:02.689+0000] {processor.py:208} INFO - Processing /home/airflow/.local/lib/python3.12/site-packages/airflow/example_dags/example_latest_only.py took 0.082 seconds
[2024-10-21T11:13:33.164+0000] {processor.py:186} INFO - Started process (PID=51981) to work on /home/airflow/.local/lib/python3.12/site-packages/airflow/example_dags/example_latest_only.py
[2024-10-21T11:13:33.165+0000] {processor.py:914} INFO - Processing file /home/airflow/.local/lib/python3.12/site-packages/airflow/example_dags/example_latest_only.py for tasks to queue
[2024-10-21T11:13:33.167+0000] {logging_mixin.py:190} INFO - [2024-10-21T11:13:33.166+0000] {dagbag.py:588} INFO - Filling up the DagBag from /home/airflow/.local/lib/python3.12/site-packages/airflow/example_dags/example_latest_only.py
[2024-10-21T11:13:33.174+0000] {processor.py:925} INFO - DAG(s) 'latest_only' retrieved from /home/airflow/.local/lib/python3.12/site-packages/airflow/example_dags/example_latest_only.py
[2024-10-21T11:13:33.199+0000] {logging_mixin.py:190} INFO - [2024-10-21T11:13:33.198+0000] {dag.py:3239} INFO - Sync 1 DAGs
[2024-10-21T11:13:33.227+0000] {logging_mixin.py:190} INFO - [2024-10-21T11:13:33.227+0000] {dag.py:4180} INFO - Setting next_dagrun for latest_only to 2024-10-21 04:00:00+00:00, run_after=2024-10-21 08:00:00+00:00
[2024-10-21T11:13:33.251+0000] {processor.py:208} INFO - Processing /home/airflow/.local/lib/python3.12/site-packages/airflow/example_dags/example_latest_only.py took 0.095 seconds
[2024-10-21T11:14:03.766+0000] {processor.py:186} INFO - Started process (PID=52047) to work on /home/airflow/.local/lib/python3.12/site-packages/airflow/example_dags/example_latest_only.py
[2024-10-21T11:14:03.767+0000] {processor.py:914} INFO - Processing file /home/airflow/.local/lib/python3.12/site-packages/airflow/example_dags/example_latest_only.py for tasks to queue
[2024-10-21T11:14:03.769+0000] {logging_mixin.py:190} INFO - [2024-10-21T11:14:03.768+0000] {dagbag.py:588} INFO - Filling up the DagBag from /home/airflow/.local/lib/python3.12/site-packages/airflow/example_dags/example_latest_only.py
[2024-10-21T11:14:03.776+0000] {processor.py:925} INFO - DAG(s) 'latest_only' retrieved from /home/airflow/.local/lib/python3.12/site-packages/airflow/example_dags/example_latest_only.py
[2024-10-21T11:14:03.798+0000] {logging_mixin.py:190} INFO - [2024-10-21T11:14:03.798+0000] {dag.py:3239} INFO - Sync 1 DAGs
[2024-10-21T11:14:03.823+0000] {logging_mixin.py:190} INFO - [2024-10-21T11:14:03.823+0000] {dag.py:4180} INFO - Setting next_dagrun for latest_only to 2024-10-21 04:00:00+00:00, run_after=2024-10-21 08:00:00+00:00
[2024-10-21T11:14:03.842+0000] {processor.py:208} INFO - Processing /home/airflow/.local/lib/python3.12/site-packages/airflow/example_dags/example_latest_only.py took 0.086 seconds
[2024-10-21T11:14:34.321+0000] {processor.py:186} INFO - Started process (PID=52114) to work on /home/airflow/.local/lib/python3.12/site-packages/airflow/example_dags/example_latest_only.py
[2024-10-21T11:14:34.323+0000] {processor.py:914} INFO - Processing file /home/airflow/.local/lib/python3.12/site-packages/airflow/example_dags/example_latest_only.py for tasks to queue
[2024-10-21T11:14:34.324+0000] {logging_mixin.py:190} INFO - [2024-10-21T11:14:34.324+0000] {dagbag.py:588} INFO - Filling up the DagBag from /home/airflow/.local/lib/python3.12/site-packages/airflow/example_dags/example_latest_only.py
[2024-10-21T11:14:34.331+0000] {processor.py:925} INFO - DAG(s) 'latest_only' retrieved from /home/airflow/.local/lib/python3.12/site-packages/airflow/example_dags/example_latest_only.py
[2024-10-21T11:14:34.355+0000] {logging_mixin.py:190} INFO - [2024-10-21T11:14:34.354+0000] {dag.py:3239} INFO - Sync 1 DAGs
[2024-10-21T11:14:34.381+0000] {logging_mixin.py:190} INFO - [2024-10-21T11:14:34.381+0000] {dag.py:4180} INFO - Setting next_dagrun for latest_only to 2024-10-21 04:00:00+00:00, run_after=2024-10-21 08:00:00+00:00
[2024-10-21T11:14:34.399+0000] {processor.py:208} INFO - Processing /home/airflow/.local/lib/python3.12/site-packages/airflow/example_dags/example_latest_only.py took 0.085 seconds
[2024-10-21T11:15:05.073+0000] {processor.py:186} INFO - Started process (PID=52181) to work on /home/airflow/.local/lib/python3.12/site-packages/airflow/example_dags/example_latest_only.py
[2024-10-21T11:15:05.073+0000] {processor.py:914} INFO - Processing file /home/airflow/.local/lib/python3.12/site-packages/airflow/example_dags/example_latest_only.py for tasks to queue
[2024-10-21T11:15:05.075+0000] {logging_mixin.py:190} INFO - [2024-10-21T11:15:05.074+0000] {dagbag.py:588} INFO - Filling up the DagBag from /home/airflow/.local/lib/python3.12/site-packages/airflow/example_dags/example_latest_only.py
[2024-10-21T11:15:05.081+0000] {processor.py:925} INFO - DAG(s) 'latest_only' retrieved from /home/airflow/.local/lib/python3.12/site-packages/airflow/example_dags/example_latest_only.py
[2024-10-21T11:15:05.105+0000] {logging_mixin.py:190} INFO - [2024-10-21T11:15:05.104+0000] {dag.py:3239} INFO - Sync 1 DAGs
[2024-10-21T11:15:05.129+0000] {logging_mixin.py:190} INFO - [2024-10-21T11:15:05.129+0000] {dag.py:4180} INFO - Setting next_dagrun for latest_only to 2024-10-21 04:00:00+00:00, run_after=2024-10-21 08:00:00+00:00
[2024-10-21T11:15:05.147+0000] {processor.py:208} INFO - Processing /home/airflow/.local/lib/python3.12/site-packages/airflow/example_dags/example_latest_only.py took 0.081 seconds
[2024-10-21T11:15:35.577+0000] {processor.py:186} INFO - Started process (PID=52248) to work on /home/airflow/.local/lib/python3.12/site-packages/airflow/example_dags/example_latest_only.py
[2024-10-21T11:15:35.578+0000] {processor.py:914} INFO - Processing file /home/airflow/.local/lib/python3.12/site-packages/airflow/example_dags/example_latest_only.py for tasks to queue
[2024-10-21T11:15:35.579+0000] {logging_mixin.py:190} INFO - [2024-10-21T11:15:35.579+0000] {dagbag.py:588} INFO - Filling up the DagBag from /home/airflow/.local/lib/python3.12/site-packages/airflow/example_dags/example_latest_only.py
[2024-10-21T11:15:35.586+0000] {processor.py:925} INFO - DAG(s) 'latest_only' retrieved from /home/airflow/.local/lib/python3.12/site-packages/airflow/example_dags/example_latest_only.py
[2024-10-21T11:15:35.609+0000] {logging_mixin.py:190} INFO - [2024-10-21T11:15:35.609+0000] {dag.py:3239} INFO - Sync 1 DAGs
[2024-10-21T11:15:35.633+0000] {logging_mixin.py:190} INFO - [2024-10-21T11:15:35.633+0000] {dag.py:4180} INFO - Setting next_dagrun for latest_only to 2024-10-21 04:00:00+00:00, run_after=2024-10-21 08:00:00+00:00
[2024-10-21T11:15:35.650+0000] {processor.py:208} INFO - Processing /home/airflow/.local/lib/python3.12/site-packages/airflow/example_dags/example_latest_only.py took 0.081 seconds
[2024-10-21T11:16:05.901+0000] {processor.py:186} INFO - Started process (PID=52315) to work on /home/airflow/.local/lib/python3.12/site-packages/airflow/example_dags/example_latest_only.py
[2024-10-21T11:16:05.902+0000] {processor.py:914} INFO - Processing file /home/airflow/.local/lib/python3.12/site-packages/airflow/example_dags/example_latest_only.py for tasks to queue
[2024-10-21T11:16:05.903+0000] {logging_mixin.py:190} INFO - [2024-10-21T11:16:05.903+0000] {dagbag.py:588} INFO - Filling up the DagBag from /home/airflow/.local/lib/python3.12/site-packages/airflow/example_dags/example_latest_only.py
[2024-10-21T11:16:05.910+0000] {processor.py:925} INFO - DAG(s) 'latest_only' retrieved from /home/airflow/.local/lib/python3.12/site-packages/airflow/example_dags/example_latest_only.py
[2024-10-21T11:16:05.933+0000] {logging_mixin.py:190} INFO - [2024-10-21T11:16:05.933+0000] {dag.py:3239} INFO - Sync 1 DAGs
[2024-10-21T11:16:05.961+0000] {logging_mixin.py:190} INFO - [2024-10-21T11:16:05.961+0000] {dag.py:4180} INFO - Setting next_dagrun for latest_only to 2024-10-21 04:00:00+00:00, run_after=2024-10-21 08:00:00+00:00
[2024-10-21T11:16:05.979+0000] {processor.py:208} INFO - Processing /home/airflow/.local/lib/python3.12/site-packages/airflow/example_dags/example_latest_only.py took 0.085 seconds
[2024-10-21T11:16:36.468+0000] {processor.py:186} INFO - Started process (PID=52381) to work on /home/airflow/.local/lib/python3.12/site-packages/airflow/example_dags/example_latest_only.py
[2024-10-21T11:16:36.469+0000] {processor.py:914} INFO - Processing file /home/airflow/.local/lib/python3.12/site-packages/airflow/example_dags/example_latest_only.py for tasks to queue
[2024-10-21T11:16:36.470+0000] {logging_mixin.py:190} INFO - [2024-10-21T11:16:36.470+0000] {dagbag.py:588} INFO - Filling up the DagBag from /home/airflow/.local/lib/python3.12/site-packages/airflow/example_dags/example_latest_only.py
[2024-10-21T11:16:36.477+0000] {processor.py:925} INFO - DAG(s) 'latest_only' retrieved from /home/airflow/.local/lib/python3.12/site-packages/airflow/example_dags/example_latest_only.py
[2024-10-21T11:16:36.500+0000] {logging_mixin.py:190} INFO - [2024-10-21T11:16:36.500+0000] {dag.py:3239} INFO - Sync 1 DAGs
[2024-10-21T11:16:36.529+0000] {logging_mixin.py:190} INFO - [2024-10-21T11:16:36.529+0000] {dag.py:4180} INFO - Setting next_dagrun for latest_only to 2024-10-21 04:00:00+00:00, run_after=2024-10-21 08:00:00+00:00
[2024-10-21T11:16:36.558+0000] {processor.py:208} INFO - Processing /home/airflow/.local/lib/python3.12/site-packages/airflow/example_dags/example_latest_only.py took 0.098 seconds
[2024-10-21T11:17:06.730+0000] {processor.py:186} INFO - Started process (PID=52454) to work on /home/airflow/.local/lib/python3.12/site-packages/airflow/example_dags/example_latest_only.py
[2024-10-21T11:17:06.731+0000] {processor.py:914} INFO - Processing file /home/airflow/.local/lib/python3.12/site-packages/airflow/example_dags/example_latest_only.py for tasks to queue
[2024-10-21T11:17:06.733+0000] {logging_mixin.py:190} INFO - [2024-10-21T11:17:06.732+0000] {dagbag.py:588} INFO - Filling up the DagBag from /home/airflow/.local/lib/python3.12/site-packages/airflow/example_dags/example_latest_only.py
[2024-10-21T11:17:06.741+0000] {processor.py:925} INFO - DAG(s) 'latest_only' retrieved from /home/airflow/.local/lib/python3.12/site-packages/airflow/example_dags/example_latest_only.py
[2024-10-21T11:17:06.764+0000] {logging_mixin.py:190} INFO - [2024-10-21T11:17:06.764+0000] {dag.py:3239} INFO - Sync 1 DAGs
[2024-10-21T11:17:06.788+0000] {logging_mixin.py:190} INFO - [2024-10-21T11:17:06.788+0000] {dag.py:4180} INFO - Setting next_dagrun for latest_only to 2024-10-21 04:00:00+00:00, run_after=2024-10-21 08:00:00+00:00
[2024-10-21T11:17:06.805+0000] {processor.py:208} INFO - Processing /home/airflow/.local/lib/python3.12/site-packages/airflow/example_dags/example_latest_only.py took 0.082 seconds
[2024-10-21T11:17:38.111+0000] {processor.py:186} INFO - Started process (PID=52521) to work on /home/airflow/.local/lib/python3.12/site-packages/airflow/example_dags/example_latest_only.py
[2024-10-21T11:17:38.113+0000] {processor.py:914} INFO - Processing file /home/airflow/.local/lib/python3.12/site-packages/airflow/example_dags/example_latest_only.py for tasks to queue
[2024-10-21T11:17:38.114+0000] {logging_mixin.py:190} INFO - [2024-10-21T11:17:38.114+0000] {dagbag.py:588} INFO - Filling up the DagBag from /home/airflow/.local/lib/python3.12/site-packages/airflow/example_dags/example_latest_only.py
[2024-10-21T11:17:38.122+0000] {processor.py:925} INFO - DAG(s) 'latest_only' retrieved from /home/airflow/.local/lib/python3.12/site-packages/airflow/example_dags/example_latest_only.py
[2024-10-21T11:17:38.145+0000] {logging_mixin.py:190} INFO - [2024-10-21T11:17:38.145+0000] {dag.py:3239} INFO - Sync 1 DAGs
[2024-10-21T11:17:38.171+0000] {logging_mixin.py:190} INFO - [2024-10-21T11:17:38.171+0000] {dag.py:4180} INFO - Setting next_dagrun for latest_only to 2024-10-21 04:00:00+00:00, run_after=2024-10-21 08:00:00+00:00
[2024-10-21T11:17:38.189+0000] {processor.py:208} INFO - Processing /home/airflow/.local/lib/python3.12/site-packages/airflow/example_dags/example_latest_only.py took 0.086 seconds
[2024-10-21T11:18:08.430+0000] {processor.py:186} INFO - Started process (PID=52588) to work on /home/airflow/.local/lib/python3.12/site-packages/airflow/example_dags/example_latest_only.py
[2024-10-21T11:18:08.431+0000] {processor.py:914} INFO - Processing file /home/airflow/.local/lib/python3.12/site-packages/airflow/example_dags/example_latest_only.py for tasks to queue
[2024-10-21T11:18:08.433+0000] {logging_mixin.py:190} INFO - [2024-10-21T11:18:08.433+0000] {dagbag.py:588} INFO - Filling up the DagBag from /home/airflow/.local/lib/python3.12/site-packages/airflow/example_dags/example_latest_only.py
[2024-10-21T11:18:08.440+0000] {processor.py:925} INFO - DAG(s) 'latest_only' retrieved from /home/airflow/.local/lib/python3.12/site-packages/airflow/example_dags/example_latest_only.py
[2024-10-21T11:18:08.462+0000] {logging_mixin.py:190} INFO - [2024-10-21T11:18:08.462+0000] {dag.py:3239} INFO - Sync 1 DAGs
[2024-10-21T11:18:08.487+0000] {logging_mixin.py:190} INFO - [2024-10-21T11:18:08.487+0000] {dag.py:4180} INFO - Setting next_dagrun for latest_only to 2024-10-21 04:00:00+00:00, run_after=2024-10-21 08:00:00+00:00
[2024-10-21T11:18:08.687+0000] {processor.py:208} INFO - Processing /home/airflow/.local/lib/python3.12/site-packages/airflow/example_dags/example_latest_only.py took 0.266 seconds
[2024-10-21T11:18:39.359+0000] {processor.py:186} INFO - Started process (PID=52655) to work on /home/airflow/.local/lib/python3.12/site-packages/airflow/example_dags/example_latest_only.py
[2024-10-21T11:18:39.360+0000] {processor.py:914} INFO - Processing file /home/airflow/.local/lib/python3.12/site-packages/airflow/example_dags/example_latest_only.py for tasks to queue
[2024-10-21T11:18:39.362+0000] {logging_mixin.py:190} INFO - [2024-10-21T11:18:39.361+0000] {dagbag.py:588} INFO - Filling up the DagBag from /home/airflow/.local/lib/python3.12/site-packages/airflow/example_dags/example_latest_only.py
[2024-10-21T11:18:39.370+0000] {processor.py:925} INFO - DAG(s) 'latest_only' retrieved from /home/airflow/.local/lib/python3.12/site-packages/airflow/example_dags/example_latest_only.py
[2024-10-21T11:18:39.393+0000] {logging_mixin.py:190} INFO - [2024-10-21T11:18:39.393+0000] {dag.py:3239} INFO - Sync 1 DAGs
[2024-10-21T11:18:39.418+0000] {logging_mixin.py:190} INFO - [2024-10-21T11:18:39.418+0000] {dag.py:4180} INFO - Setting next_dagrun for latest_only to 2024-10-21 04:00:00+00:00, run_after=2024-10-21 08:00:00+00:00
[2024-10-21T11:18:39.438+0000] {processor.py:208} INFO - Processing /home/airflow/.local/lib/python3.12/site-packages/airflow/example_dags/example_latest_only.py took 0.088 seconds
[2024-10-21T11:19:09.934+0000] {processor.py:186} INFO - Started process (PID=52722) to work on /home/airflow/.local/lib/python3.12/site-packages/airflow/example_dags/example_latest_only.py
[2024-10-21T11:19:09.935+0000] {processor.py:914} INFO - Processing file /home/airflow/.local/lib/python3.12/site-packages/airflow/example_dags/example_latest_only.py for tasks to queue
[2024-10-21T11:19:09.937+0000] {logging_mixin.py:190} INFO - [2024-10-21T11:19:09.937+0000] {dagbag.py:588} INFO - Filling up the DagBag from /home/airflow/.local/lib/python3.12/site-packages/airflow/example_dags/example_latest_only.py
[2024-10-21T11:19:09.945+0000] {processor.py:925} INFO - DAG(s) 'latest_only' retrieved from /home/airflow/.local/lib/python3.12/site-packages/airflow/example_dags/example_latest_only.py
[2024-10-21T11:19:09.967+0000] {logging_mixin.py:190} INFO - [2024-10-21T11:19:09.967+0000] {dag.py:3239} INFO - Sync 1 DAGs
[2024-10-21T11:19:09.992+0000] {logging_mixin.py:190} INFO - [2024-10-21T11:19:09.992+0000] {dag.py:4180} INFO - Setting next_dagrun for latest_only to 2024-10-21 04:00:00+00:00, run_after=2024-10-21 08:00:00+00:00
[2024-10-21T11:19:10.010+0000] {processor.py:208} INFO - Processing /home/airflow/.local/lib/python3.12/site-packages/airflow/example_dags/example_latest_only.py took 0.085 seconds
[2024-10-21T11:19:40.747+0000] {processor.py:186} INFO - Started process (PID=52789) to work on /home/airflow/.local/lib/python3.12/site-packages/airflow/example_dags/example_latest_only.py
[2024-10-21T11:19:40.748+0000] {processor.py:914} INFO - Processing file /home/airflow/.local/lib/python3.12/site-packages/airflow/example_dags/example_latest_only.py for tasks to queue
[2024-10-21T11:19:40.750+0000] {logging_mixin.py:190} INFO - [2024-10-21T11:19:40.749+0000] {dagbag.py:588} INFO - Filling up the DagBag from /home/airflow/.local/lib/python3.12/site-packages/airflow/example_dags/example_latest_only.py
[2024-10-21T11:19:40.757+0000] {processor.py:925} INFO - DAG(s) 'latest_only' retrieved from /home/airflow/.local/lib/python3.12/site-packages/airflow/example_dags/example_latest_only.py
[2024-10-21T11:19:40.782+0000] {logging_mixin.py:190} INFO - [2024-10-21T11:19:40.782+0000] {dag.py:3239} INFO - Sync 1 DAGs
[2024-10-21T11:19:40.806+0000] {logging_mixin.py:190} INFO - [2024-10-21T11:19:40.806+0000] {dag.py:4180} INFO - Setting next_dagrun for latest_only to 2024-10-21 04:00:00+00:00, run_after=2024-10-21 08:00:00+00:00
[2024-10-21T11:19:40.824+0000] {processor.py:208} INFO - Processing /home/airflow/.local/lib/python3.12/site-packages/airflow/example_dags/example_latest_only.py took 0.086 seconds
[2024-10-21T11:20:10.988+0000] {processor.py:186} INFO - Started process (PID=52856) to work on /home/airflow/.local/lib/python3.12/site-packages/airflow/example_dags/example_latest_only.py
[2024-10-21T11:20:10.989+0000] {processor.py:914} INFO - Processing file /home/airflow/.local/lib/python3.12/site-packages/airflow/example_dags/example_latest_only.py for tasks to queue
[2024-10-21T11:20:10.991+0000] {logging_mixin.py:190} INFO - [2024-10-21T11:20:10.991+0000] {dagbag.py:588} INFO - Filling up the DagBag from /home/airflow/.local/lib/python3.12/site-packages/airflow/example_dags/example_latest_only.py
[2024-10-21T11:20:10.999+0000] {processor.py:925} INFO - DAG(s) 'latest_only' retrieved from /home/airflow/.local/lib/python3.12/site-packages/airflow/example_dags/example_latest_only.py
[2024-10-21T11:20:11.024+0000] {logging_mixin.py:190} INFO - [2024-10-21T11:20:11.024+0000] {dag.py:3239} INFO - Sync 1 DAGs
[2024-10-21T11:20:11.049+0000] {logging_mixin.py:190} INFO - [2024-10-21T11:20:11.049+0000] {dag.py:4180} INFO - Setting next_dagrun for latest_only to 2024-10-21 04:00:00+00:00, run_after=2024-10-21 08:00:00+00:00
[2024-10-21T11:20:11.071+0000] {processor.py:208} INFO - Processing /home/airflow/.local/lib/python3.12/site-packages/airflow/example_dags/example_latest_only.py took 0.092 seconds
[2024-10-21T11:20:41.917+0000] {processor.py:186} INFO - Started process (PID=52922) to work on /home/airflow/.local/lib/python3.12/site-packages/airflow/example_dags/example_latest_only.py
[2024-10-21T11:20:41.918+0000] {processor.py:914} INFO - Processing file /home/airflow/.local/lib/python3.12/site-packages/airflow/example_dags/example_latest_only.py for tasks to queue
[2024-10-21T11:20:41.919+0000] {logging_mixin.py:190} INFO - [2024-10-21T11:20:41.919+0000] {dagbag.py:588} INFO - Filling up the DagBag from /home/airflow/.local/lib/python3.12/site-packages/airflow/example_dags/example_latest_only.py
[2024-10-21T11:20:41.927+0000] {processor.py:925} INFO - DAG(s) 'latest_only' retrieved from /home/airflow/.local/lib/python3.12/site-packages/airflow/example_dags/example_latest_only.py
[2024-10-21T11:20:41.950+0000] {logging_mixin.py:190} INFO - [2024-10-21T11:20:41.950+0000] {dag.py:3239} INFO - Sync 1 DAGs
[2024-10-21T11:20:41.975+0000] {logging_mixin.py:190} INFO - [2024-10-21T11:20:41.975+0000] {dag.py:4180} INFO - Setting next_dagrun for latest_only to 2024-10-21 04:00:00+00:00, run_after=2024-10-21 08:00:00+00:00
[2024-10-21T11:20:41.994+0000] {processor.py:208} INFO - Processing /home/airflow/.local/lib/python3.12/site-packages/airflow/example_dags/example_latest_only.py took 0.085 seconds
[2024-10-21T11:21:12.081+0000] {processor.py:186} INFO - Started process (PID=52989) to work on /home/airflow/.local/lib/python3.12/site-packages/airflow/example_dags/example_latest_only.py
[2024-10-21T11:21:12.081+0000] {processor.py:914} INFO - Processing file /home/airflow/.local/lib/python3.12/site-packages/airflow/example_dags/example_latest_only.py for tasks to queue
[2024-10-21T11:21:12.083+0000] {logging_mixin.py:190} INFO - [2024-10-21T11:21:12.083+0000] {dagbag.py:588} INFO - Filling up the DagBag from /home/airflow/.local/lib/python3.12/site-packages/airflow/example_dags/example_latest_only.py
[2024-10-21T11:21:12.091+0000] {processor.py:925} INFO - DAG(s) 'latest_only' retrieved from /home/airflow/.local/lib/python3.12/site-packages/airflow/example_dags/example_latest_only.py
[2024-10-21T11:21:12.122+0000] {logging_mixin.py:190} INFO - [2024-10-21T11:21:12.121+0000] {dag.py:3239} INFO - Sync 1 DAGs
[2024-10-21T11:21:12.146+0000] {logging_mixin.py:190} INFO - [2024-10-21T11:21:12.146+0000] {dag.py:4180} INFO - Setting next_dagrun for latest_only to 2024-10-21 04:00:00+00:00, run_after=2024-10-21 08:00:00+00:00
[2024-10-21T11:21:12.166+0000] {processor.py:208} INFO - Processing /home/airflow/.local/lib/python3.12/site-packages/airflow/example_dags/example_latest_only.py took 0.093 seconds
[2024-10-21T11:21:42.253+0000] {processor.py:186} INFO - Started process (PID=53056) to work on /home/airflow/.local/lib/python3.12/site-packages/airflow/example_dags/example_latest_only.py
[2024-10-21T11:21:42.254+0000] {processor.py:914} INFO - Processing file /home/airflow/.local/lib/python3.12/site-packages/airflow/example_dags/example_latest_only.py for tasks to queue
[2024-10-21T11:21:42.255+0000] {logging_mixin.py:190} INFO - [2024-10-21T11:21:42.255+0000] {dagbag.py:588} INFO - Filling up the DagBag from /home/airflow/.local/lib/python3.12/site-packages/airflow/example_dags/example_latest_only.py
[2024-10-21T11:21:42.263+0000] {processor.py:925} INFO - DAG(s) 'latest_only' retrieved from /home/airflow/.local/lib/python3.12/site-packages/airflow/example_dags/example_latest_only.py
[2024-10-21T11:21:42.284+0000] {logging_mixin.py:190} INFO - [2024-10-21T11:21:42.284+0000] {dag.py:3239} INFO - Sync 1 DAGs
[2024-10-21T11:21:42.309+0000] {logging_mixin.py:190} INFO - [2024-10-21T11:21:42.309+0000] {dag.py:4180} INFO - Setting next_dagrun for latest_only to 2024-10-21 04:00:00+00:00, run_after=2024-10-21 08:00:00+00:00
[2024-10-21T11:21:42.330+0000] {processor.py:208} INFO - Processing /home/airflow/.local/lib/python3.12/site-packages/airflow/example_dags/example_latest_only.py took 0.085 seconds
[2024-10-21T11:22:12.697+0000] {processor.py:186} INFO - Started process (PID=53123) to work on /home/airflow/.local/lib/python3.12/site-packages/airflow/example_dags/example_latest_only.py
[2024-10-21T11:22:12.698+0000] {processor.py:914} INFO - Processing file /home/airflow/.local/lib/python3.12/site-packages/airflow/example_dags/example_latest_only.py for tasks to queue
[2024-10-21T11:22:12.700+0000] {logging_mixin.py:190} INFO - [2024-10-21T11:22:12.699+0000] {dagbag.py:588} INFO - Filling up the DagBag from /home/airflow/.local/lib/python3.12/site-packages/airflow/example_dags/example_latest_only.py
[2024-10-21T11:22:12.707+0000] {processor.py:925} INFO - DAG(s) 'latest_only' retrieved from /home/airflow/.local/lib/python3.12/site-packages/airflow/example_dags/example_latest_only.py
[2024-10-21T11:22:12.732+0000] {logging_mixin.py:190} INFO - [2024-10-21T11:22:12.732+0000] {dag.py:3239} INFO - Sync 1 DAGs
[2024-10-21T11:22:12.757+0000] {logging_mixin.py:190} INFO - [2024-10-21T11:22:12.757+0000] {dag.py:4180} INFO - Setting next_dagrun for latest_only to 2024-10-21 04:00:00+00:00, run_after=2024-10-21 08:00:00+00:00
[2024-10-21T11:22:12.774+0000] {processor.py:208} INFO - Processing /home/airflow/.local/lib/python3.12/site-packages/airflow/example_dags/example_latest_only.py took 0.086 seconds
[2024-10-21T11:22:42.887+0000] {processor.py:186} INFO - Started process (PID=53190) to work on /home/airflow/.local/lib/python3.12/site-packages/airflow/example_dags/example_latest_only.py
[2024-10-21T11:22:42.888+0000] {processor.py:914} INFO - Processing file /home/airflow/.local/lib/python3.12/site-packages/airflow/example_dags/example_latest_only.py for tasks to queue
[2024-10-21T11:22:42.889+0000] {logging_mixin.py:190} INFO - [2024-10-21T11:22:42.889+0000] {dagbag.py:588} INFO - Filling up the DagBag from /home/airflow/.local/lib/python3.12/site-packages/airflow/example_dags/example_latest_only.py
[2024-10-21T11:22:42.897+0000] {processor.py:925} INFO - DAG(s) 'latest_only' retrieved from /home/airflow/.local/lib/python3.12/site-packages/airflow/example_dags/example_latest_only.py
[2024-10-21T11:22:42.918+0000] {logging_mixin.py:190} INFO - [2024-10-21T11:22:42.918+0000] {dag.py:3239} INFO - Sync 1 DAGs
[2024-10-21T11:22:42.943+0000] {logging_mixin.py:190} INFO - [2024-10-21T11:22:42.942+0000] {dag.py:4180} INFO - Setting next_dagrun for latest_only to 2024-10-21 04:00:00+00:00, run_after=2024-10-21 08:00:00+00:00
[2024-10-21T11:22:42.961+0000] {processor.py:208} INFO - Processing /home/airflow/.local/lib/python3.12/site-packages/airflow/example_dags/example_latest_only.py took 0.083 seconds
[2024-10-21T11:23:13.302+0000] {processor.py:186} INFO - Started process (PID=53256) to work on /home/airflow/.local/lib/python3.12/site-packages/airflow/example_dags/example_latest_only.py
[2024-10-21T11:23:13.303+0000] {processor.py:914} INFO - Processing file /home/airflow/.local/lib/python3.12/site-packages/airflow/example_dags/example_latest_only.py for tasks to queue
[2024-10-21T11:23:13.305+0000] {logging_mixin.py:190} INFO - [2024-10-21T11:23:13.304+0000] {dagbag.py:588} INFO - Filling up the DagBag from /home/airflow/.local/lib/python3.12/site-packages/airflow/example_dags/example_latest_only.py
[2024-10-21T11:23:13.313+0000] {processor.py:925} INFO - DAG(s) 'latest_only' retrieved from /home/airflow/.local/lib/python3.12/site-packages/airflow/example_dags/example_latest_only.py
[2024-10-21T11:23:13.334+0000] {logging_mixin.py:190} INFO - [2024-10-21T11:23:13.334+0000] {dag.py:3239} INFO - Sync 1 DAGs
[2024-10-21T11:23:13.359+0000] {logging_mixin.py:190} INFO - [2024-10-21T11:23:13.359+0000] {dag.py:4180} INFO - Setting next_dagrun for latest_only to 2024-10-21 04:00:00+00:00, run_after=2024-10-21 08:00:00+00:00
[2024-10-21T11:23:13.377+0000] {processor.py:208} INFO - Processing /home/airflow/.local/lib/python3.12/site-packages/airflow/example_dags/example_latest_only.py took 0.085 seconds
[2024-10-21T11:23:43.468+0000] {processor.py:186} INFO - Started process (PID=53323) to work on /home/airflow/.local/lib/python3.12/site-packages/airflow/example_dags/example_latest_only.py
[2024-10-21T11:23:43.469+0000] {processor.py:914} INFO - Processing file /home/airflow/.local/lib/python3.12/site-packages/airflow/example_dags/example_latest_only.py for tasks to queue
[2024-10-21T11:23:43.471+0000] {logging_mixin.py:190} INFO - [2024-10-21T11:23:43.470+0000] {dagbag.py:588} INFO - Filling up the DagBag from /home/airflow/.local/lib/python3.12/site-packages/airflow/example_dags/example_latest_only.py
[2024-10-21T11:23:43.479+0000] {processor.py:925} INFO - DAG(s) 'latest_only' retrieved from /home/airflow/.local/lib/python3.12/site-packages/airflow/example_dags/example_latest_only.py
[2024-10-21T11:23:43.501+0000] {logging_mixin.py:190} INFO - [2024-10-21T11:23:43.500+0000] {dag.py:3239} INFO - Sync 1 DAGs
[2024-10-21T11:23:43.527+0000] {logging_mixin.py:190} INFO - [2024-10-21T11:23:43.527+0000] {dag.py:4180} INFO - Setting next_dagrun for latest_only to 2024-10-21 04:00:00+00:00, run_after=2024-10-21 08:00:00+00:00
[2024-10-21T11:23:43.546+0000] {processor.py:208} INFO - Processing /home/airflow/.local/lib/python3.12/site-packages/airflow/example_dags/example_latest_only.py took 0.087 seconds
[2024-10-21T11:24:13.679+0000] {processor.py:186} INFO - Started process (PID=53390) to work on /home/airflow/.local/lib/python3.12/site-packages/airflow/example_dags/example_latest_only.py
[2024-10-21T11:24:13.680+0000] {processor.py:914} INFO - Processing file /home/airflow/.local/lib/python3.12/site-packages/airflow/example_dags/example_latest_only.py for tasks to queue
[2024-10-21T11:24:13.682+0000] {logging_mixin.py:190} INFO - [2024-10-21T11:24:13.682+0000] {dagbag.py:588} INFO - Filling up the DagBag from /home/airflow/.local/lib/python3.12/site-packages/airflow/example_dags/example_latest_only.py
[2024-10-21T11:24:13.691+0000] {processor.py:925} INFO - DAG(s) 'latest_only' retrieved from /home/airflow/.local/lib/python3.12/site-packages/airflow/example_dags/example_latest_only.py
[2024-10-21T11:24:13.712+0000] {logging_mixin.py:190} INFO - [2024-10-21T11:24:13.711+0000] {dag.py:3239} INFO - Sync 1 DAGs
[2024-10-21T11:24:13.737+0000] {logging_mixin.py:190} INFO - [2024-10-21T11:24:13.737+0000] {dag.py:4180} INFO - Setting next_dagrun for latest_only to 2024-10-21 04:00:00+00:00, run_after=2024-10-21 08:00:00+00:00
[2024-10-21T11:24:13.755+0000] {processor.py:208} INFO - Processing /home/airflow/.local/lib/python3.12/site-packages/airflow/example_dags/example_latest_only.py took 0.085 seconds
[2024-10-21T11:24:43.876+0000] {processor.py:186} INFO - Started process (PID=53457) to work on /home/airflow/.local/lib/python3.12/site-packages/airflow/example_dags/example_latest_only.py
[2024-10-21T11:24:43.877+0000] {processor.py:914} INFO - Processing file /home/airflow/.local/lib/python3.12/site-packages/airflow/example_dags/example_latest_only.py for tasks to queue
[2024-10-21T11:24:43.879+0000] {logging_mixin.py:190} INFO - [2024-10-21T11:24:43.878+0000] {dagbag.py:588} INFO - Filling up the DagBag from /home/airflow/.local/lib/python3.12/site-packages/airflow/example_dags/example_latest_only.py
[2024-10-21T11:24:43.887+0000] {processor.py:925} INFO - DAG(s) 'latest_only' retrieved from /home/airflow/.local/lib/python3.12/site-packages/airflow/example_dags/example_latest_only.py
[2024-10-21T11:24:43.910+0000] {logging_mixin.py:190} INFO - [2024-10-21T11:24:43.910+0000] {dag.py:3239} INFO - Sync 1 DAGs
[2024-10-21T11:24:43.936+0000] {logging_mixin.py:190} INFO - [2024-10-21T11:24:43.935+0000] {dag.py:4180} INFO - Setting next_dagrun for latest_only to 2024-10-21 04:00:00+00:00, run_after=2024-10-21 08:00:00+00:00
[2024-10-21T11:24:43.953+0000] {processor.py:208} INFO - Processing /home/airflow/.local/lib/python3.12/site-packages/airflow/example_dags/example_latest_only.py took 0.086 seconds
[2024-10-21T11:25:14.080+0000] {processor.py:186} INFO - Started process (PID=53524) to work on /home/airflow/.local/lib/python3.12/site-packages/airflow/example_dags/example_latest_only.py
[2024-10-21T11:25:14.081+0000] {processor.py:914} INFO - Processing file /home/airflow/.local/lib/python3.12/site-packages/airflow/example_dags/example_latest_only.py for tasks to queue
[2024-10-21T11:25:14.082+0000] {logging_mixin.py:190} INFO - [2024-10-21T11:25:14.082+0000] {dagbag.py:588} INFO - Filling up the DagBag from /home/airflow/.local/lib/python3.12/site-packages/airflow/example_dags/example_latest_only.py
[2024-10-21T11:25:14.090+0000] {processor.py:925} INFO - DAG(s) 'latest_only' retrieved from /home/airflow/.local/lib/python3.12/site-packages/airflow/example_dags/example_latest_only.py
[2024-10-21T11:25:14.110+0000] {logging_mixin.py:190} INFO - [2024-10-21T11:25:14.110+0000] {dag.py:3239} INFO - Sync 1 DAGs
[2024-10-21T11:25:14.135+0000] {logging_mixin.py:190} INFO - [2024-10-21T11:25:14.135+0000] {dag.py:4180} INFO - Setting next_dagrun for latest_only to 2024-10-21 04:00:00+00:00, run_after=2024-10-21 08:00:00+00:00
[2024-10-21T11:25:14.154+0000] {processor.py:208} INFO - Processing /home/airflow/.local/lib/python3.12/site-packages/airflow/example_dags/example_latest_only.py took 0.082 seconds
[2024-10-21T11:25:44.325+0000] {processor.py:186} INFO - Started process (PID=53591) to work on /home/airflow/.local/lib/python3.12/site-packages/airflow/example_dags/example_latest_only.py
[2024-10-21T11:25:44.326+0000] {processor.py:914} INFO - Processing file /home/airflow/.local/lib/python3.12/site-packages/airflow/example_dags/example_latest_only.py for tasks to queue
[2024-10-21T11:25:44.328+0000] {logging_mixin.py:190} INFO - [2024-10-21T11:25:44.327+0000] {dagbag.py:588} INFO - Filling up the DagBag from /home/airflow/.local/lib/python3.12/site-packages/airflow/example_dags/example_latest_only.py
[2024-10-21T11:25:44.336+0000] {processor.py:925} INFO - DAG(s) 'latest_only' retrieved from /home/airflow/.local/lib/python3.12/site-packages/airflow/example_dags/example_latest_only.py
[2024-10-21T11:25:44.358+0000] {logging_mixin.py:190} INFO - [2024-10-21T11:25:44.358+0000] {dag.py:3239} INFO - Sync 1 DAGs
[2024-10-21T11:25:44.382+0000] {logging_mixin.py:190} INFO - [2024-10-21T11:25:44.382+0000] {dag.py:4180} INFO - Setting next_dagrun for latest_only to 2024-10-21 04:00:00+00:00, run_after=2024-10-21 08:00:00+00:00
[2024-10-21T11:25:44.401+0000] {processor.py:208} INFO - Processing /home/airflow/.local/lib/python3.12/site-packages/airflow/example_dags/example_latest_only.py took 0.085 seconds
[2024-10-21T11:26:14.510+0000] {processor.py:186} INFO - Started process (PID=53658) to work on /home/airflow/.local/lib/python3.12/site-packages/airflow/example_dags/example_latest_only.py
[2024-10-21T11:26:14.512+0000] {processor.py:914} INFO - Processing file /home/airflow/.local/lib/python3.12/site-packages/airflow/example_dags/example_latest_only.py for tasks to queue
[2024-10-21T11:26:14.513+0000] {logging_mixin.py:190} INFO - [2024-10-21T11:26:14.513+0000] {dagbag.py:588} INFO - Filling up the DagBag from /home/airflow/.local/lib/python3.12/site-packages/airflow/example_dags/example_latest_only.py
[2024-10-21T11:26:14.521+0000] {processor.py:925} INFO - DAG(s) 'latest_only' retrieved from /home/airflow/.local/lib/python3.12/site-packages/airflow/example_dags/example_latest_only.py
[2024-10-21T11:26:14.544+0000] {logging_mixin.py:190} INFO - [2024-10-21T11:26:14.544+0000] {dag.py:3239} INFO - Sync 1 DAGs
[2024-10-21T11:26:14.568+0000] {logging_mixin.py:190} INFO - [2024-10-21T11:26:14.568+0000] {dag.py:4180} INFO - Setting next_dagrun for latest_only to 2024-10-21 04:00:00+00:00, run_after=2024-10-21 08:00:00+00:00
[2024-10-21T11:26:14.587+0000] {processor.py:208} INFO - Processing /home/airflow/.local/lib/python3.12/site-packages/airflow/example_dags/example_latest_only.py took 0.085 seconds
[2024-10-21T11:26:44.811+0000] {processor.py:186} INFO - Started process (PID=53725) to work on /home/airflow/.local/lib/python3.12/site-packages/airflow/example_dags/example_latest_only.py
[2024-10-21T11:26:44.812+0000] {processor.py:914} INFO - Processing file /home/airflow/.local/lib/python3.12/site-packages/airflow/example_dags/example_latest_only.py for tasks to queue
[2024-10-21T11:26:44.814+0000] {logging_mixin.py:190} INFO - [2024-10-21T11:26:44.813+0000] {dagbag.py:588} INFO - Filling up the DagBag from /home/airflow/.local/lib/python3.12/site-packages/airflow/example_dags/example_latest_only.py
[2024-10-21T11:26:44.821+0000] {processor.py:925} INFO - DAG(s) 'latest_only' retrieved from /home/airflow/.local/lib/python3.12/site-packages/airflow/example_dags/example_latest_only.py
[2024-10-21T11:26:44.844+0000] {logging_mixin.py:190} INFO - [2024-10-21T11:26:44.844+0000] {dag.py:3239} INFO - Sync 1 DAGs
[2024-10-21T11:26:44.869+0000] {logging_mixin.py:190} INFO - [2024-10-21T11:26:44.869+0000] {dag.py:4180} INFO - Setting next_dagrun for latest_only to 2024-10-21 04:00:00+00:00, run_after=2024-10-21 08:00:00+00:00
[2024-10-21T11:26:44.894+0000] {processor.py:208} INFO - Processing /home/airflow/.local/lib/python3.12/site-packages/airflow/example_dags/example_latest_only.py took 0.090 seconds
[2024-10-21T11:27:15.203+0000] {processor.py:186} INFO - Started process (PID=53792) to work on /home/airflow/.local/lib/python3.12/site-packages/airflow/example_dags/example_latest_only.py
[2024-10-21T11:27:15.204+0000] {processor.py:914} INFO - Processing file /home/airflow/.local/lib/python3.12/site-packages/airflow/example_dags/example_latest_only.py for tasks to queue
[2024-10-21T11:27:15.206+0000] {logging_mixin.py:190} INFO - [2024-10-21T11:27:15.206+0000] {dagbag.py:588} INFO - Filling up the DagBag from /home/airflow/.local/lib/python3.12/site-packages/airflow/example_dags/example_latest_only.py
[2024-10-21T11:27:15.216+0000] {processor.py:925} INFO - DAG(s) 'latest_only' retrieved from /home/airflow/.local/lib/python3.12/site-packages/airflow/example_dags/example_latest_only.py
[2024-10-21T11:27:15.252+0000] {logging_mixin.py:190} INFO - [2024-10-21T11:27:15.252+0000] {dag.py:3239} INFO - Sync 1 DAGs
[2024-10-21T11:27:15.294+0000] {logging_mixin.py:190} INFO - [2024-10-21T11:27:15.294+0000] {dag.py:4180} INFO - Setting next_dagrun for latest_only to 2024-10-21 04:00:00+00:00, run_after=2024-10-21 08:00:00+00:00
[2024-10-21T11:27:15.318+0000] {processor.py:208} INFO - Processing /home/airflow/.local/lib/python3.12/site-packages/airflow/example_dags/example_latest_only.py took 0.126 seconds
[2024-10-21T11:27:45.519+0000] {processor.py:186} INFO - Started process (PID=53859) to work on /home/airflow/.local/lib/python3.12/site-packages/airflow/example_dags/example_latest_only.py
[2024-10-21T11:27:45.521+0000] {processor.py:914} INFO - Processing file /home/airflow/.local/lib/python3.12/site-packages/airflow/example_dags/example_latest_only.py for tasks to queue
[2024-10-21T11:27:45.523+0000] {logging_mixin.py:190} INFO - [2024-10-21T11:27:45.522+0000] {dagbag.py:588} INFO - Filling up the DagBag from /home/airflow/.local/lib/python3.12/site-packages/airflow/example_dags/example_latest_only.py
[2024-10-21T11:27:45.532+0000] {processor.py:925} INFO - DAG(s) 'latest_only' retrieved from /home/airflow/.local/lib/python3.12/site-packages/airflow/example_dags/example_latest_only.py
[2024-10-21T11:27:45.560+0000] {logging_mixin.py:190} INFO - [2024-10-21T11:27:45.560+0000] {dag.py:3239} INFO - Sync 1 DAGs
[2024-10-21T11:27:45.588+0000] {logging_mixin.py:190} INFO - [2024-10-21T11:27:45.588+0000] {dag.py:4180} INFO - Setting next_dagrun for latest_only to 2024-10-21 04:00:00+00:00, run_after=2024-10-21 08:00:00+00:00
[2024-10-21T11:27:45.609+0000] {processor.py:208} INFO - Processing /home/airflow/.local/lib/python3.12/site-packages/airflow/example_dags/example_latest_only.py took 0.098 seconds
[2024-10-21T11:28:16.042+0000] {processor.py:186} INFO - Started process (PID=53926) to work on /home/airflow/.local/lib/python3.12/site-packages/airflow/example_dags/example_latest_only.py
[2024-10-21T11:28:16.043+0000] {processor.py:914} INFO - Processing file /home/airflow/.local/lib/python3.12/site-packages/airflow/example_dags/example_latest_only.py for tasks to queue
[2024-10-21T11:28:16.044+0000] {logging_mixin.py:190} INFO - [2024-10-21T11:28:16.044+0000] {dagbag.py:588} INFO - Filling up the DagBag from /home/airflow/.local/lib/python3.12/site-packages/airflow/example_dags/example_latest_only.py
[2024-10-21T11:28:16.052+0000] {processor.py:925} INFO - DAG(s) 'latest_only' retrieved from /home/airflow/.local/lib/python3.12/site-packages/airflow/example_dags/example_latest_only.py
[2024-10-21T11:28:16.073+0000] {logging_mixin.py:190} INFO - [2024-10-21T11:28:16.073+0000] {dag.py:3239} INFO - Sync 1 DAGs
[2024-10-21T11:28:16.098+0000] {logging_mixin.py:190} INFO - [2024-10-21T11:28:16.098+0000] {dag.py:4180} INFO - Setting next_dagrun for latest_only to 2024-10-21 04:00:00+00:00, run_after=2024-10-21 08:00:00+00:00
[2024-10-21T11:28:16.115+0000] {processor.py:208} INFO - Processing /home/airflow/.local/lib/python3.12/site-packages/airflow/example_dags/example_latest_only.py took 0.081 seconds
[2024-10-21T11:28:46.321+0000] {processor.py:186} INFO - Started process (PID=53993) to work on /home/airflow/.local/lib/python3.12/site-packages/airflow/example_dags/example_latest_only.py
[2024-10-21T11:28:46.322+0000] {processor.py:914} INFO - Processing file /home/airflow/.local/lib/python3.12/site-packages/airflow/example_dags/example_latest_only.py for tasks to queue
[2024-10-21T11:28:46.324+0000] {logging_mixin.py:190} INFO - [2024-10-21T11:28:46.323+0000] {dagbag.py:588} INFO - Filling up the DagBag from /home/airflow/.local/lib/python3.12/site-packages/airflow/example_dags/example_latest_only.py
[2024-10-21T11:28:46.331+0000] {processor.py:925} INFO - DAG(s) 'latest_only' retrieved from /home/airflow/.local/lib/python3.12/site-packages/airflow/example_dags/example_latest_only.py
[2024-10-21T11:28:46.354+0000] {logging_mixin.py:190} INFO - [2024-10-21T11:28:46.354+0000] {dag.py:3239} INFO - Sync 1 DAGs
[2024-10-21T11:28:46.378+0000] {logging_mixin.py:190} INFO - [2024-10-21T11:28:46.378+0000] {dag.py:4180} INFO - Setting next_dagrun for latest_only to 2024-10-21 04:00:00+00:00, run_after=2024-10-21 08:00:00+00:00
[2024-10-21T11:28:46.395+0000] {processor.py:208} INFO - Processing /home/airflow/.local/lib/python3.12/site-packages/airflow/example_dags/example_latest_only.py took 0.081 seconds
[2024-10-21T11:29:16.711+0000] {processor.py:186} INFO - Started process (PID=54060) to work on /home/airflow/.local/lib/python3.12/site-packages/airflow/example_dags/example_latest_only.py
[2024-10-21T11:29:16.712+0000] {processor.py:914} INFO - Processing file /home/airflow/.local/lib/python3.12/site-packages/airflow/example_dags/example_latest_only.py for tasks to queue
[2024-10-21T11:29:16.714+0000] {logging_mixin.py:190} INFO - [2024-10-21T11:29:16.713+0000] {dagbag.py:588} INFO - Filling up the DagBag from /home/airflow/.local/lib/python3.12/site-packages/airflow/example_dags/example_latest_only.py
[2024-10-21T11:29:16.722+0000] {processor.py:925} INFO - DAG(s) 'latest_only' retrieved from /home/airflow/.local/lib/python3.12/site-packages/airflow/example_dags/example_latest_only.py
[2024-10-21T11:29:16.741+0000] {logging_mixin.py:190} INFO - [2024-10-21T11:29:16.741+0000] {dag.py:3239} INFO - Sync 1 DAGs
[2024-10-21T11:29:16.766+0000] {logging_mixin.py:190} INFO - [2024-10-21T11:29:16.766+0000] {dag.py:4180} INFO - Setting next_dagrun for latest_only to 2024-10-21 04:00:00+00:00, run_after=2024-10-21 08:00:00+00:00
[2024-10-21T11:29:16.784+0000] {processor.py:208} INFO - Processing /home/airflow/.local/lib/python3.12/site-packages/airflow/example_dags/example_latest_only.py took 0.082 seconds
[2024-10-21T11:29:46.883+0000] {processor.py:186} INFO - Started process (PID=54127) to work on /home/airflow/.local/lib/python3.12/site-packages/airflow/example_dags/example_latest_only.py
[2024-10-21T11:29:46.884+0000] {processor.py:914} INFO - Processing file /home/airflow/.local/lib/python3.12/site-packages/airflow/example_dags/example_latest_only.py for tasks to queue
[2024-10-21T11:29:46.885+0000] {logging_mixin.py:190} INFO - [2024-10-21T11:29:46.885+0000] {dagbag.py:588} INFO - Filling up the DagBag from /home/airflow/.local/lib/python3.12/site-packages/airflow/example_dags/example_latest_only.py
[2024-10-21T11:29:46.893+0000] {processor.py:925} INFO - DAG(s) 'latest_only' retrieved from /home/airflow/.local/lib/python3.12/site-packages/airflow/example_dags/example_latest_only.py
[2024-10-21T11:29:46.914+0000] {logging_mixin.py:190} INFO - [2024-10-21T11:29:46.913+0000] {dag.py:3239} INFO - Sync 1 DAGs
[2024-10-21T11:29:46.939+0000] {logging_mixin.py:190} INFO - [2024-10-21T11:29:46.939+0000] {dag.py:4180} INFO - Setting next_dagrun for latest_only to 2024-10-21 04:00:00+00:00, run_after=2024-10-21 08:00:00+00:00
[2024-10-21T11:29:46.957+0000] {processor.py:208} INFO - Processing /home/airflow/.local/lib/python3.12/site-packages/airflow/example_dags/example_latest_only.py took 0.081 seconds
[2024-10-21T11:30:17.291+0000] {processor.py:186} INFO - Started process (PID=54194) to work on /home/airflow/.local/lib/python3.12/site-packages/airflow/example_dags/example_latest_only.py
[2024-10-21T11:30:17.292+0000] {processor.py:914} INFO - Processing file /home/airflow/.local/lib/python3.12/site-packages/airflow/example_dags/example_latest_only.py for tasks to queue
[2024-10-21T11:30:17.293+0000] {logging_mixin.py:190} INFO - [2024-10-21T11:30:17.293+0000] {dagbag.py:588} INFO - Filling up the DagBag from /home/airflow/.local/lib/python3.12/site-packages/airflow/example_dags/example_latest_only.py
[2024-10-21T11:30:17.301+0000] {processor.py:925} INFO - DAG(s) 'latest_only' retrieved from /home/airflow/.local/lib/python3.12/site-packages/airflow/example_dags/example_latest_only.py
[2024-10-21T11:30:17.325+0000] {logging_mixin.py:190} INFO - [2024-10-21T11:30:17.325+0000] {dag.py:3239} INFO - Sync 1 DAGs
[2024-10-21T11:30:17.349+0000] {logging_mixin.py:190} INFO - [2024-10-21T11:30:17.349+0000] {dag.py:4180} INFO - Setting next_dagrun for latest_only to 2024-10-21 04:00:00+00:00, run_after=2024-10-21 08:00:00+00:00
[2024-10-21T11:30:17.367+0000] {processor.py:208} INFO - Processing /home/airflow/.local/lib/python3.12/site-packages/airflow/example_dags/example_latest_only.py took 0.084 seconds
[2024-10-21T11:30:47.617+0000] {processor.py:186} INFO - Started process (PID=54259) to work on /home/airflow/.local/lib/python3.12/site-packages/airflow/example_dags/example_latest_only.py
[2024-10-21T11:30:47.618+0000] {processor.py:914} INFO - Processing file /home/airflow/.local/lib/python3.12/site-packages/airflow/example_dags/example_latest_only.py for tasks to queue
[2024-10-21T11:30:47.620+0000] {logging_mixin.py:190} INFO - [2024-10-21T11:30:47.619+0000] {dagbag.py:588} INFO - Filling up the DagBag from /home/airflow/.local/lib/python3.12/site-packages/airflow/example_dags/example_latest_only.py
[2024-10-21T11:30:47.627+0000] {processor.py:925} INFO - DAG(s) 'latest_only' retrieved from /home/airflow/.local/lib/python3.12/site-packages/airflow/example_dags/example_latest_only.py
[2024-10-21T11:30:47.648+0000] {logging_mixin.py:190} INFO - [2024-10-21T11:30:47.647+0000] {dag.py:3239} INFO - Sync 1 DAGs
[2024-10-21T11:30:47.672+0000] {logging_mixin.py:190} INFO - [2024-10-21T11:30:47.672+0000] {dag.py:4180} INFO - Setting next_dagrun for latest_only to 2024-10-21 04:00:00+00:00, run_after=2024-10-21 08:00:00+00:00
[2024-10-21T11:30:47.689+0000] {processor.py:208} INFO - Processing /home/airflow/.local/lib/python3.12/site-packages/airflow/example_dags/example_latest_only.py took 0.081 seconds
[2024-10-21T11:31:18.057+0000] {processor.py:186} INFO - Started process (PID=54323) to work on /home/airflow/.local/lib/python3.12/site-packages/airflow/example_dags/example_latest_only.py
[2024-10-21T11:31:18.058+0000] {processor.py:914} INFO - Processing file /home/airflow/.local/lib/python3.12/site-packages/airflow/example_dags/example_latest_only.py for tasks to queue
[2024-10-21T11:31:18.060+0000] {logging_mixin.py:190} INFO - [2024-10-21T11:31:18.059+0000] {dagbag.py:588} INFO - Filling up the DagBag from /home/airflow/.local/lib/python3.12/site-packages/airflow/example_dags/example_latest_only.py
[2024-10-21T11:31:18.066+0000] {processor.py:925} INFO - DAG(s) 'latest_only' retrieved from /home/airflow/.local/lib/python3.12/site-packages/airflow/example_dags/example_latest_only.py
[2024-10-21T11:31:18.089+0000] {logging_mixin.py:190} INFO - [2024-10-21T11:31:18.089+0000] {dag.py:3239} INFO - Sync 1 DAGs
[2024-10-21T11:31:18.122+0000] {logging_mixin.py:190} INFO - [2024-10-21T11:31:18.121+0000] {dag.py:4180} INFO - Setting next_dagrun for latest_only to 2024-10-21 04:00:00+00:00, run_after=2024-10-21 08:00:00+00:00
[2024-10-21T11:31:18.156+0000] {processor.py:208} INFO - Processing /home/airflow/.local/lib/python3.12/site-packages/airflow/example_dags/example_latest_only.py took 0.106 seconds
[2024-10-21T11:31:48.364+0000] {processor.py:186} INFO - Started process (PID=54390) to work on /home/airflow/.local/lib/python3.12/site-packages/airflow/example_dags/example_latest_only.py
[2024-10-21T11:31:48.366+0000] {processor.py:914} INFO - Processing file /home/airflow/.local/lib/python3.12/site-packages/airflow/example_dags/example_latest_only.py for tasks to queue
[2024-10-21T11:31:48.367+0000] {logging_mixin.py:190} INFO - [2024-10-21T11:31:48.366+0000] {dagbag.py:588} INFO - Filling up the DagBag from /home/airflow/.local/lib/python3.12/site-packages/airflow/example_dags/example_latest_only.py
[2024-10-21T11:31:48.374+0000] {processor.py:925} INFO - DAG(s) 'latest_only' retrieved from /home/airflow/.local/lib/python3.12/site-packages/airflow/example_dags/example_latest_only.py
[2024-10-21T11:31:48.397+0000] {logging_mixin.py:190} INFO - [2024-10-21T11:31:48.397+0000] {dag.py:3239} INFO - Sync 1 DAGs
[2024-10-21T11:31:48.424+0000] {logging_mixin.py:190} INFO - [2024-10-21T11:31:48.424+0000] {dag.py:4180} INFO - Setting next_dagrun for latest_only to 2024-10-21 04:00:00+00:00, run_after=2024-10-21 08:00:00+00:00
[2024-10-21T11:31:48.440+0000] {processor.py:208} INFO - Processing /home/airflow/.local/lib/python3.12/site-packages/airflow/example_dags/example_latest_only.py took 0.084 seconds
[2024-10-21T11:32:18.749+0000] {processor.py:186} INFO - Started process (PID=54457) to work on /home/airflow/.local/lib/python3.12/site-packages/airflow/example_dags/example_latest_only.py
[2024-10-21T11:32:18.750+0000] {processor.py:914} INFO - Processing file /home/airflow/.local/lib/python3.12/site-packages/airflow/example_dags/example_latest_only.py for tasks to queue
[2024-10-21T11:32:18.751+0000] {logging_mixin.py:190} INFO - [2024-10-21T11:32:18.751+0000] {dagbag.py:588} INFO - Filling up the DagBag from /home/airflow/.local/lib/python3.12/site-packages/airflow/example_dags/example_latest_only.py
[2024-10-21T11:32:18.758+0000] {processor.py:925} INFO - DAG(s) 'latest_only' retrieved from /home/airflow/.local/lib/python3.12/site-packages/airflow/example_dags/example_latest_only.py
[2024-10-21T11:32:18.779+0000] {logging_mixin.py:190} INFO - [2024-10-21T11:32:18.779+0000] {dag.py:3239} INFO - Sync 1 DAGs
[2024-10-21T11:32:18.803+0000] {logging_mixin.py:190} INFO - [2024-10-21T11:32:18.803+0000] {dag.py:4180} INFO - Setting next_dagrun for latest_only to 2024-10-21 04:00:00+00:00, run_after=2024-10-21 08:00:00+00:00
[2024-10-21T11:32:18.819+0000] {processor.py:208} INFO - Processing /home/airflow/.local/lib/python3.12/site-packages/airflow/example_dags/example_latest_only.py took 0.078 seconds
[2024-10-21T11:32:49.018+0000] {processor.py:186} INFO - Started process (PID=54524) to work on /home/airflow/.local/lib/python3.12/site-packages/airflow/example_dags/example_latest_only.py
[2024-10-21T11:32:49.019+0000] {processor.py:914} INFO - Processing file /home/airflow/.local/lib/python3.12/site-packages/airflow/example_dags/example_latest_only.py for tasks to queue
[2024-10-21T11:32:49.021+0000] {logging_mixin.py:190} INFO - [2024-10-21T11:32:49.020+0000] {dagbag.py:588} INFO - Filling up the DagBag from /home/airflow/.local/lib/python3.12/site-packages/airflow/example_dags/example_latest_only.py
[2024-10-21T11:32:49.028+0000] {processor.py:925} INFO - DAG(s) 'latest_only' retrieved from /home/airflow/.local/lib/python3.12/site-packages/airflow/example_dags/example_latest_only.py
[2024-10-21T11:32:49.051+0000] {logging_mixin.py:190} INFO - [2024-10-21T11:32:49.050+0000] {dag.py:3239} INFO - Sync 1 DAGs
[2024-10-21T11:32:49.076+0000] {logging_mixin.py:190} INFO - [2024-10-21T11:32:49.075+0000] {dag.py:4180} INFO - Setting next_dagrun for latest_only to 2024-10-21 04:00:00+00:00, run_after=2024-10-21 08:00:00+00:00
[2024-10-21T11:32:49.094+0000] {processor.py:208} INFO - Processing /home/airflow/.local/lib/python3.12/site-packages/airflow/example_dags/example_latest_only.py took 0.084 seconds
[2024-10-21T11:33:19.304+0000] {processor.py:186} INFO - Started process (PID=54590) to work on /home/airflow/.local/lib/python3.12/site-packages/airflow/example_dags/example_latest_only.py
[2024-10-21T11:33:19.305+0000] {processor.py:914} INFO - Processing file /home/airflow/.local/lib/python3.12/site-packages/airflow/example_dags/example_latest_only.py for tasks to queue
[2024-10-21T11:33:19.307+0000] {logging_mixin.py:190} INFO - [2024-10-21T11:33:19.307+0000] {dagbag.py:588} INFO - Filling up the DagBag from /home/airflow/.local/lib/python3.12/site-packages/airflow/example_dags/example_latest_only.py
[2024-10-21T11:33:19.316+0000] {processor.py:925} INFO - DAG(s) 'latest_only' retrieved from /home/airflow/.local/lib/python3.12/site-packages/airflow/example_dags/example_latest_only.py
[2024-10-21T11:33:19.343+0000] {logging_mixin.py:190} INFO - [2024-10-21T11:33:19.342+0000] {dag.py:3239} INFO - Sync 1 DAGs
[2024-10-21T11:33:19.377+0000] {logging_mixin.py:190} INFO - [2024-10-21T11:33:19.376+0000] {dag.py:4180} INFO - Setting next_dagrun for latest_only to 2024-10-21 04:00:00+00:00, run_after=2024-10-21 08:00:00+00:00
[2024-10-21T11:33:19.402+0000] {processor.py:208} INFO - Processing /home/airflow/.local/lib/python3.12/site-packages/airflow/example_dags/example_latest_only.py took 0.108 seconds
[2024-10-21T11:33:49.449+0000] {processor.py:186} INFO - Started process (PID=54657) to work on /home/airflow/.local/lib/python3.12/site-packages/airflow/example_dags/example_latest_only.py
[2024-10-21T11:33:49.451+0000] {processor.py:914} INFO - Processing file /home/airflow/.local/lib/python3.12/site-packages/airflow/example_dags/example_latest_only.py for tasks to queue
[2024-10-21T11:33:49.452+0000] {logging_mixin.py:190} INFO - [2024-10-21T11:33:49.452+0000] {dagbag.py:588} INFO - Filling up the DagBag from /home/airflow/.local/lib/python3.12/site-packages/airflow/example_dags/example_latest_only.py
[2024-10-21T11:33:49.459+0000] {processor.py:925} INFO - DAG(s) 'latest_only' retrieved from /home/airflow/.local/lib/python3.12/site-packages/airflow/example_dags/example_latest_only.py
[2024-10-21T11:33:49.484+0000] {logging_mixin.py:190} INFO - [2024-10-21T11:33:49.484+0000] {dag.py:3239} INFO - Sync 1 DAGs
[2024-10-21T11:33:49.513+0000] {logging_mixin.py:190} INFO - [2024-10-21T11:33:49.513+0000] {dag.py:4180} INFO - Setting next_dagrun for latest_only to 2024-10-21 04:00:00+00:00, run_after=2024-10-21 08:00:00+00:00
[2024-10-21T11:33:49.534+0000] {processor.py:208} INFO - Processing /home/airflow/.local/lib/python3.12/site-packages/airflow/example_dags/example_latest_only.py took 0.093 seconds
[2024-10-21T11:34:19.921+0000] {processor.py:186} INFO - Started process (PID=54724) to work on /home/airflow/.local/lib/python3.12/site-packages/airflow/example_dags/example_latest_only.py
[2024-10-21T11:34:19.923+0000] {processor.py:914} INFO - Processing file /home/airflow/.local/lib/python3.12/site-packages/airflow/example_dags/example_latest_only.py for tasks to queue
[2024-10-21T11:34:19.928+0000] {logging_mixin.py:190} INFO - [2024-10-21T11:34:19.927+0000] {dagbag.py:588} INFO - Filling up the DagBag from /home/airflow/.local/lib/python3.12/site-packages/airflow/example_dags/example_latest_only.py
[2024-10-21T11:34:19.938+0000] {processor.py:925} INFO - DAG(s) 'latest_only' retrieved from /home/airflow/.local/lib/python3.12/site-packages/airflow/example_dags/example_latest_only.py
[2024-10-21T11:34:19.965+0000] {logging_mixin.py:190} INFO - [2024-10-21T11:34:19.965+0000] {dag.py:3239} INFO - Sync 1 DAGs
[2024-10-21T11:34:19.994+0000] {logging_mixin.py:190} INFO - [2024-10-21T11:34:19.994+0000] {dag.py:4180} INFO - Setting next_dagrun for latest_only to 2024-10-21 04:00:00+00:00, run_after=2024-10-21 08:00:00+00:00
[2024-10-21T11:34:20.011+0000] {processor.py:208} INFO - Processing /home/airflow/.local/lib/python3.12/site-packages/airflow/example_dags/example_latest_only.py took 0.098 seconds
[2024-10-21T11:34:57.856+0000] {processor.py:186} INFO - Started process (PID=54757) to work on /home/airflow/.local/lib/python3.12/site-packages/airflow/example_dags/example_latest_only.py
[2024-10-21T11:34:57.857+0000] {processor.py:914} INFO - Processing file /home/airflow/.local/lib/python3.12/site-packages/airflow/example_dags/example_latest_only.py for tasks to queue
[2024-10-21T11:34:57.858+0000] {logging_mixin.py:190} INFO - [2024-10-21T11:34:57.858+0000] {dagbag.py:588} INFO - Filling up the DagBag from /home/airflow/.local/lib/python3.12/site-packages/airflow/example_dags/example_latest_only.py
[2024-10-21T11:34:57.869+0000] {processor.py:925} INFO - DAG(s) 'latest_only' retrieved from /home/airflow/.local/lib/python3.12/site-packages/airflow/example_dags/example_latest_only.py
[2024-10-21T11:34:57.896+0000] {logging_mixin.py:190} INFO - [2024-10-21T11:34:57.896+0000] {dag.py:3239} INFO - Sync 1 DAGs
[2024-10-21T11:34:57.928+0000] {logging_mixin.py:190} INFO - [2024-10-21T11:34:57.928+0000] {dag.py:4180} INFO - Setting next_dagrun for latest_only to 2024-10-21 04:00:00+00:00, run_after=2024-10-21 08:00:00+00:00
[2024-10-21T11:34:57.951+0000] {processor.py:208} INFO - Processing /home/airflow/.local/lib/python3.12/site-packages/airflow/example_dags/example_latest_only.py took 0.103 seconds
