[2024-10-21T10:53:19.152+0000] {processor.py:186} INFO - Started process (PID=49330) to work on /home/airflow/.local/lib/python3.12/site-packages/airflow/example_dags/example_params_trigger_ui.py
[2024-10-21T10:53:19.155+0000] {processor.py:914} INFO - Processing file /home/airflow/.local/lib/python3.12/site-packages/airflow/example_dags/example_params_trigger_ui.py for tasks to queue
[2024-10-21T10:53:19.158+0000] {logging_mixin.py:190} INFO - [2024-10-21T10:53:19.157+0000] {dagbag.py:588} INFO - Filling up the DagBag from /home/airflow/.local/lib/python3.12/site-packages/airflow/example_dags/example_params_trigger_ui.py
[2024-10-21T10:53:19.175+0000] {processor.py:925} INFO - DAG(s) 'example_params_trigger_ui' retrieved from /home/airflow/.local/lib/python3.12/site-packages/airflow/example_dags/example_params_trigger_ui.py
[2024-10-21T10:53:19.250+0000] {logging_mixin.py:190} INFO - [2024-10-21T10:53:19.250+0000] {dag.py:3239} INFO - Sync 1 DAGs
[2024-10-21T10:53:19.270+0000] {logging_mixin.py:190} INFO - [2024-10-21T10:53:19.270+0000] {dag.py:4180} INFO - Setting next_dagrun for example_params_trigger_ui to None, run_after=None
[2024-10-21T10:53:19.293+0000] {processor.py:208} INFO - Processing /home/airflow/.local/lib/python3.12/site-packages/airflow/example_dags/example_params_trigger_ui.py took 0.159 seconds
[2024-10-21T10:53:50.101+0000] {processor.py:186} INFO - Started process (PID=49397) to work on /home/airflow/.local/lib/python3.12/site-packages/airflow/example_dags/example_params_trigger_ui.py
[2024-10-21T10:53:50.102+0000] {processor.py:914} INFO - Processing file /home/airflow/.local/lib/python3.12/site-packages/airflow/example_dags/example_params_trigger_ui.py for tasks to queue
[2024-10-21T10:53:50.103+0000] {logging_mixin.py:190} INFO - [2024-10-21T10:53:50.103+0000] {dagbag.py:588} INFO - Filling up the DagBag from /home/airflow/.local/lib/python3.12/site-packages/airflow/example_dags/example_params_trigger_ui.py
[2024-10-21T10:53:50.116+0000] {processor.py:925} INFO - DAG(s) 'example_params_trigger_ui' retrieved from /home/airflow/.local/lib/python3.12/site-packages/airflow/example_dags/example_params_trigger_ui.py
[2024-10-21T10:53:50.173+0000] {logging_mixin.py:190} INFO - [2024-10-21T10:53:50.172+0000] {dag.py:3239} INFO - Sync 1 DAGs
[2024-10-21T10:53:50.189+0000] {logging_mixin.py:190} INFO - [2024-10-21T10:53:50.189+0000] {dag.py:4180} INFO - Setting next_dagrun for example_params_trigger_ui to None, run_after=None
[2024-10-21T10:53:50.209+0000] {processor.py:208} INFO - Processing /home/airflow/.local/lib/python3.12/site-packages/airflow/example_dags/example_params_trigger_ui.py took 0.116 seconds
[2024-10-21T10:54:20.745+0000] {processor.py:186} INFO - Started process (PID=49464) to work on /home/airflow/.local/lib/python3.12/site-packages/airflow/example_dags/example_params_trigger_ui.py
[2024-10-21T10:54:20.746+0000] {processor.py:914} INFO - Processing file /home/airflow/.local/lib/python3.12/site-packages/airflow/example_dags/example_params_trigger_ui.py for tasks to queue
[2024-10-21T10:54:20.748+0000] {logging_mixin.py:190} INFO - [2024-10-21T10:54:20.747+0000] {dagbag.py:588} INFO - Filling up the DagBag from /home/airflow/.local/lib/python3.12/site-packages/airflow/example_dags/example_params_trigger_ui.py
[2024-10-21T10:54:20.758+0000] {processor.py:925} INFO - DAG(s) 'example_params_trigger_ui' retrieved from /home/airflow/.local/lib/python3.12/site-packages/airflow/example_dags/example_params_trigger_ui.py
[2024-10-21T10:54:20.814+0000] {logging_mixin.py:190} INFO - [2024-10-21T10:54:20.814+0000] {dag.py:3239} INFO - Sync 1 DAGs
[2024-10-21T10:54:20.833+0000] {logging_mixin.py:190} INFO - [2024-10-21T10:54:20.832+0000] {dag.py:4180} INFO - Setting next_dagrun for example_params_trigger_ui to None, run_after=None
[2024-10-21T10:54:20.853+0000] {processor.py:208} INFO - Processing /home/airflow/.local/lib/python3.12/site-packages/airflow/example_dags/example_params_trigger_ui.py took 0.115 seconds
[2024-10-21T10:54:51.319+0000] {processor.py:186} INFO - Started process (PID=49531) to work on /home/airflow/.local/lib/python3.12/site-packages/airflow/example_dags/example_params_trigger_ui.py
[2024-10-21T10:54:51.321+0000] {processor.py:914} INFO - Processing file /home/airflow/.local/lib/python3.12/site-packages/airflow/example_dags/example_params_trigger_ui.py for tasks to queue
[2024-10-21T10:54:51.322+0000] {logging_mixin.py:190} INFO - [2024-10-21T10:54:51.322+0000] {dagbag.py:588} INFO - Filling up the DagBag from /home/airflow/.local/lib/python3.12/site-packages/airflow/example_dags/example_params_trigger_ui.py
[2024-10-21T10:54:51.338+0000] {processor.py:925} INFO - DAG(s) 'example_params_trigger_ui' retrieved from /home/airflow/.local/lib/python3.12/site-packages/airflow/example_dags/example_params_trigger_ui.py
[2024-10-21T10:54:51.392+0000] {logging_mixin.py:190} INFO - [2024-10-21T10:54:51.392+0000] {dag.py:3239} INFO - Sync 1 DAGs
[2024-10-21T10:54:51.408+0000] {logging_mixin.py:190} INFO - [2024-10-21T10:54:51.408+0000] {dag.py:4180} INFO - Setting next_dagrun for example_params_trigger_ui to None, run_after=None
[2024-10-21T10:54:51.428+0000] {processor.py:208} INFO - Processing /home/airflow/.local/lib/python3.12/site-packages/airflow/example_dags/example_params_trigger_ui.py took 0.117 seconds
[2024-10-21T10:55:21.458+0000] {processor.py:186} INFO - Started process (PID=49597) to work on /home/airflow/.local/lib/python3.12/site-packages/airflow/example_dags/example_params_trigger_ui.py
[2024-10-21T10:55:21.459+0000] {processor.py:914} INFO - Processing file /home/airflow/.local/lib/python3.12/site-packages/airflow/example_dags/example_params_trigger_ui.py for tasks to queue
[2024-10-21T10:55:21.460+0000] {logging_mixin.py:190} INFO - [2024-10-21T10:55:21.460+0000] {dagbag.py:588} INFO - Filling up the DagBag from /home/airflow/.local/lib/python3.12/site-packages/airflow/example_dags/example_params_trigger_ui.py
[2024-10-21T10:55:21.471+0000] {processor.py:925} INFO - DAG(s) 'example_params_trigger_ui' retrieved from /home/airflow/.local/lib/python3.12/site-packages/airflow/example_dags/example_params_trigger_ui.py
[2024-10-21T10:55:21.528+0000] {logging_mixin.py:190} INFO - [2024-10-21T10:55:21.528+0000] {dag.py:3239} INFO - Sync 1 DAGs
[2024-10-21T10:55:21.545+0000] {logging_mixin.py:190} INFO - [2024-10-21T10:55:21.545+0000] {dag.py:4180} INFO - Setting next_dagrun for example_params_trigger_ui to None, run_after=None
[2024-10-21T10:55:21.562+0000] {processor.py:208} INFO - Processing /home/airflow/.local/lib/python3.12/site-packages/airflow/example_dags/example_params_trigger_ui.py took 0.112 seconds
[2024-10-21T10:55:51.680+0000] {processor.py:186} INFO - Started process (PID=49664) to work on /home/airflow/.local/lib/python3.12/site-packages/airflow/example_dags/example_params_trigger_ui.py
[2024-10-21T10:55:51.682+0000] {processor.py:914} INFO - Processing file /home/airflow/.local/lib/python3.12/site-packages/airflow/example_dags/example_params_trigger_ui.py for tasks to queue
[2024-10-21T10:55:51.684+0000] {logging_mixin.py:190} INFO - [2024-10-21T10:55:51.684+0000] {dagbag.py:588} INFO - Filling up the DagBag from /home/airflow/.local/lib/python3.12/site-packages/airflow/example_dags/example_params_trigger_ui.py
[2024-10-21T10:55:51.696+0000] {processor.py:925} INFO - DAG(s) 'example_params_trigger_ui' retrieved from /home/airflow/.local/lib/python3.12/site-packages/airflow/example_dags/example_params_trigger_ui.py
[2024-10-21T10:55:51.750+0000] {logging_mixin.py:190} INFO - [2024-10-21T10:55:51.749+0000] {dag.py:3239} INFO - Sync 1 DAGs
[2024-10-21T10:55:51.765+0000] {logging_mixin.py:190} INFO - [2024-10-21T10:55:51.765+0000] {dag.py:4180} INFO - Setting next_dagrun for example_params_trigger_ui to None, run_after=None
[2024-10-21T10:55:51.783+0000] {processor.py:208} INFO - Processing /home/airflow/.local/lib/python3.12/site-packages/airflow/example_dags/example_params_trigger_ui.py took 0.113 seconds
[2024-10-21T10:56:21.944+0000] {processor.py:186} INFO - Started process (PID=49730) to work on /home/airflow/.local/lib/python3.12/site-packages/airflow/example_dags/example_params_trigger_ui.py
[2024-10-21T10:56:21.945+0000] {processor.py:914} INFO - Processing file /home/airflow/.local/lib/python3.12/site-packages/airflow/example_dags/example_params_trigger_ui.py for tasks to queue
[2024-10-21T10:56:21.947+0000] {logging_mixin.py:190} INFO - [2024-10-21T10:56:21.947+0000] {dagbag.py:588} INFO - Filling up the DagBag from /home/airflow/.local/lib/python3.12/site-packages/airflow/example_dags/example_params_trigger_ui.py
[2024-10-21T10:56:21.960+0000] {processor.py:925} INFO - DAG(s) 'example_params_trigger_ui' retrieved from /home/airflow/.local/lib/python3.12/site-packages/airflow/example_dags/example_params_trigger_ui.py
[2024-10-21T10:56:22.017+0000] {logging_mixin.py:190} INFO - [2024-10-21T10:56:22.016+0000] {dag.py:3239} INFO - Sync 1 DAGs
[2024-10-21T10:56:22.037+0000] {logging_mixin.py:190} INFO - [2024-10-21T10:56:22.036+0000] {dag.py:4180} INFO - Setting next_dagrun for example_params_trigger_ui to None, run_after=None
[2024-10-21T10:56:22.057+0000] {processor.py:208} INFO - Processing /home/airflow/.local/lib/python3.12/site-packages/airflow/example_dags/example_params_trigger_ui.py took 0.121 seconds
[2024-10-21T10:56:52.264+0000] {processor.py:186} INFO - Started process (PID=49797) to work on /home/airflow/.local/lib/python3.12/site-packages/airflow/example_dags/example_params_trigger_ui.py
[2024-10-21T10:56:52.265+0000] {processor.py:914} INFO - Processing file /home/airflow/.local/lib/python3.12/site-packages/airflow/example_dags/example_params_trigger_ui.py for tasks to queue
[2024-10-21T10:56:52.267+0000] {logging_mixin.py:190} INFO - [2024-10-21T10:56:52.266+0000] {dagbag.py:588} INFO - Filling up the DagBag from /home/airflow/.local/lib/python3.12/site-packages/airflow/example_dags/example_params_trigger_ui.py
[2024-10-21T10:56:52.277+0000] {processor.py:925} INFO - DAG(s) 'example_params_trigger_ui' retrieved from /home/airflow/.local/lib/python3.12/site-packages/airflow/example_dags/example_params_trigger_ui.py
[2024-10-21T10:56:52.329+0000] {logging_mixin.py:190} INFO - [2024-10-21T10:56:52.328+0000] {dag.py:3239} INFO - Sync 1 DAGs
[2024-10-21T10:56:52.347+0000] {logging_mixin.py:190} INFO - [2024-10-21T10:56:52.346+0000] {dag.py:4180} INFO - Setting next_dagrun for example_params_trigger_ui to None, run_after=None
[2024-10-21T10:56:52.366+0000] {processor.py:208} INFO - Processing /home/airflow/.local/lib/python3.12/site-packages/airflow/example_dags/example_params_trigger_ui.py took 0.109 seconds
[2024-10-21T10:57:22.652+0000] {processor.py:186} INFO - Started process (PID=49864) to work on /home/airflow/.local/lib/python3.12/site-packages/airflow/example_dags/example_params_trigger_ui.py
[2024-10-21T10:57:22.654+0000] {processor.py:914} INFO - Processing file /home/airflow/.local/lib/python3.12/site-packages/airflow/example_dags/example_params_trigger_ui.py for tasks to queue
[2024-10-21T10:57:22.655+0000] {logging_mixin.py:190} INFO - [2024-10-21T10:57:22.655+0000] {dagbag.py:588} INFO - Filling up the DagBag from /home/airflow/.local/lib/python3.12/site-packages/airflow/example_dags/example_params_trigger_ui.py
[2024-10-21T10:57:22.667+0000] {processor.py:925} INFO - DAG(s) 'example_params_trigger_ui' retrieved from /home/airflow/.local/lib/python3.12/site-packages/airflow/example_dags/example_params_trigger_ui.py
[2024-10-21T10:57:22.726+0000] {logging_mixin.py:190} INFO - [2024-10-21T10:57:22.725+0000] {dag.py:3239} INFO - Sync 1 DAGs
[2024-10-21T10:57:22.743+0000] {logging_mixin.py:190} INFO - [2024-10-21T10:57:22.743+0000] {dag.py:4180} INFO - Setting next_dagrun for example_params_trigger_ui to None, run_after=None
[2024-10-21T10:57:22.761+0000] {processor.py:208} INFO - Processing /home/airflow/.local/lib/python3.12/site-packages/airflow/example_dags/example_params_trigger_ui.py took 0.117 seconds
[2024-10-21T10:57:53.064+0000] {processor.py:186} INFO - Started process (PID=49931) to work on /home/airflow/.local/lib/python3.12/site-packages/airflow/example_dags/example_params_trigger_ui.py
[2024-10-21T10:57:53.065+0000] {processor.py:914} INFO - Processing file /home/airflow/.local/lib/python3.12/site-packages/airflow/example_dags/example_params_trigger_ui.py for tasks to queue
[2024-10-21T10:57:53.067+0000] {logging_mixin.py:190} INFO - [2024-10-21T10:57:53.066+0000] {dagbag.py:588} INFO - Filling up the DagBag from /home/airflow/.local/lib/python3.12/site-packages/airflow/example_dags/example_params_trigger_ui.py
[2024-10-21T10:57:53.088+0000] {processor.py:925} INFO - DAG(s) 'example_params_trigger_ui' retrieved from /home/airflow/.local/lib/python3.12/site-packages/airflow/example_dags/example_params_trigger_ui.py
[2024-10-21T10:57:53.146+0000] {logging_mixin.py:190} INFO - [2024-10-21T10:57:53.146+0000] {dag.py:3239} INFO - Sync 1 DAGs
[2024-10-21T10:57:53.163+0000] {logging_mixin.py:190} INFO - [2024-10-21T10:57:53.163+0000] {dag.py:4180} INFO - Setting next_dagrun for example_params_trigger_ui to None, run_after=None
[2024-10-21T10:57:53.180+0000] {processor.py:208} INFO - Processing /home/airflow/.local/lib/python3.12/site-packages/airflow/example_dags/example_params_trigger_ui.py took 0.125 seconds
[2024-10-21T10:58:23.301+0000] {processor.py:186} INFO - Started process (PID=49998) to work on /home/airflow/.local/lib/python3.12/site-packages/airflow/example_dags/example_params_trigger_ui.py
[2024-10-21T10:58:23.303+0000] {processor.py:914} INFO - Processing file /home/airflow/.local/lib/python3.12/site-packages/airflow/example_dags/example_params_trigger_ui.py for tasks to queue
[2024-10-21T10:58:23.304+0000] {logging_mixin.py:190} INFO - [2024-10-21T10:58:23.304+0000] {dagbag.py:588} INFO - Filling up the DagBag from /home/airflow/.local/lib/python3.12/site-packages/airflow/example_dags/example_params_trigger_ui.py
[2024-10-21T10:58:23.315+0000] {processor.py:925} INFO - DAG(s) 'example_params_trigger_ui' retrieved from /home/airflow/.local/lib/python3.12/site-packages/airflow/example_dags/example_params_trigger_ui.py
[2024-10-21T10:58:23.365+0000] {logging_mixin.py:190} INFO - [2024-10-21T10:58:23.365+0000] {dag.py:3239} INFO - Sync 1 DAGs
[2024-10-21T10:58:23.381+0000] {logging_mixin.py:190} INFO - [2024-10-21T10:58:23.381+0000] {dag.py:4180} INFO - Setting next_dagrun for example_params_trigger_ui to None, run_after=None
[2024-10-21T10:58:23.399+0000] {processor.py:208} INFO - Processing /home/airflow/.local/lib/python3.12/site-packages/airflow/example_dags/example_params_trigger_ui.py took 0.106 seconds
[2024-10-21T10:58:53.944+0000] {processor.py:186} INFO - Started process (PID=50065) to work on /home/airflow/.local/lib/python3.12/site-packages/airflow/example_dags/example_params_trigger_ui.py
[2024-10-21T10:58:53.945+0000] {processor.py:914} INFO - Processing file /home/airflow/.local/lib/python3.12/site-packages/airflow/example_dags/example_params_trigger_ui.py for tasks to queue
[2024-10-21T10:58:53.946+0000] {logging_mixin.py:190} INFO - [2024-10-21T10:58:53.946+0000] {dagbag.py:588} INFO - Filling up the DagBag from /home/airflow/.local/lib/python3.12/site-packages/airflow/example_dags/example_params_trigger_ui.py
[2024-10-21T10:58:53.957+0000] {processor.py:925} INFO - DAG(s) 'example_params_trigger_ui' retrieved from /home/airflow/.local/lib/python3.12/site-packages/airflow/example_dags/example_params_trigger_ui.py
[2024-10-21T10:58:54.007+0000] {logging_mixin.py:190} INFO - [2024-10-21T10:58:54.006+0000] {dag.py:3239} INFO - Sync 1 DAGs
[2024-10-21T10:58:54.023+0000] {logging_mixin.py:190} INFO - [2024-10-21T10:58:54.023+0000] {dag.py:4180} INFO - Setting next_dagrun for example_params_trigger_ui to None, run_after=None
[2024-10-21T10:58:54.041+0000] {processor.py:208} INFO - Processing /home/airflow/.local/lib/python3.12/site-packages/airflow/example_dags/example_params_trigger_ui.py took 0.104 seconds
[2024-10-21T10:59:24.608+0000] {processor.py:186} INFO - Started process (PID=50132) to work on /home/airflow/.local/lib/python3.12/site-packages/airflow/example_dags/example_params_trigger_ui.py
[2024-10-21T10:59:24.609+0000] {processor.py:914} INFO - Processing file /home/airflow/.local/lib/python3.12/site-packages/airflow/example_dags/example_params_trigger_ui.py for tasks to queue
[2024-10-21T10:59:24.611+0000] {logging_mixin.py:190} INFO - [2024-10-21T10:59:24.610+0000] {dagbag.py:588} INFO - Filling up the DagBag from /home/airflow/.local/lib/python3.12/site-packages/airflow/example_dags/example_params_trigger_ui.py
[2024-10-21T10:59:24.629+0000] {processor.py:925} INFO - DAG(s) 'example_params_trigger_ui' retrieved from /home/airflow/.local/lib/python3.12/site-packages/airflow/example_dags/example_params_trigger_ui.py
[2024-10-21T10:59:24.685+0000] {logging_mixin.py:190} INFO - [2024-10-21T10:59:24.685+0000] {dag.py:3239} INFO - Sync 1 DAGs
[2024-10-21T10:59:24.703+0000] {logging_mixin.py:190} INFO - [2024-10-21T10:59:24.702+0000] {dag.py:4180} INFO - Setting next_dagrun for example_params_trigger_ui to None, run_after=None
[2024-10-21T10:59:24.722+0000] {processor.py:208} INFO - Processing /home/airflow/.local/lib/python3.12/site-packages/airflow/example_dags/example_params_trigger_ui.py took 0.132 seconds
[2024-10-21T10:59:54.865+0000] {processor.py:186} INFO - Started process (PID=50199) to work on /home/airflow/.local/lib/python3.12/site-packages/airflow/example_dags/example_params_trigger_ui.py
[2024-10-21T10:59:54.866+0000] {processor.py:914} INFO - Processing file /home/airflow/.local/lib/python3.12/site-packages/airflow/example_dags/example_params_trigger_ui.py for tasks to queue
[2024-10-21T10:59:54.868+0000] {logging_mixin.py:190} INFO - [2024-10-21T10:59:54.867+0000] {dagbag.py:588} INFO - Filling up the DagBag from /home/airflow/.local/lib/python3.12/site-packages/airflow/example_dags/example_params_trigger_ui.py
[2024-10-21T10:59:54.878+0000] {processor.py:925} INFO - DAG(s) 'example_params_trigger_ui' retrieved from /home/airflow/.local/lib/python3.12/site-packages/airflow/example_dags/example_params_trigger_ui.py
[2024-10-21T10:59:54.928+0000] {logging_mixin.py:190} INFO - [2024-10-21T10:59:54.928+0000] {dag.py:3239} INFO - Sync 1 DAGs
[2024-10-21T10:59:54.944+0000] {logging_mixin.py:190} INFO - [2024-10-21T10:59:54.943+0000] {dag.py:4180} INFO - Setting next_dagrun for example_params_trigger_ui to None, run_after=None
[2024-10-21T10:59:54.960+0000] {processor.py:208} INFO - Processing /home/airflow/.local/lib/python3.12/site-packages/airflow/example_dags/example_params_trigger_ui.py took 0.102 seconds
[2024-10-21T11:00:25.037+0000] {processor.py:186} INFO - Started process (PID=50266) to work on /home/airflow/.local/lib/python3.12/site-packages/airflow/example_dags/example_params_trigger_ui.py
[2024-10-21T11:00:25.038+0000] {processor.py:914} INFO - Processing file /home/airflow/.local/lib/python3.12/site-packages/airflow/example_dags/example_params_trigger_ui.py for tasks to queue
[2024-10-21T11:00:25.040+0000] {logging_mixin.py:190} INFO - [2024-10-21T11:00:25.039+0000] {dagbag.py:588} INFO - Filling up the DagBag from /home/airflow/.local/lib/python3.12/site-packages/airflow/example_dags/example_params_trigger_ui.py
[2024-10-21T11:00:25.050+0000] {processor.py:925} INFO - DAG(s) 'example_params_trigger_ui' retrieved from /home/airflow/.local/lib/python3.12/site-packages/airflow/example_dags/example_params_trigger_ui.py
[2024-10-21T11:00:25.105+0000] {logging_mixin.py:190} INFO - [2024-10-21T11:00:25.105+0000] {dag.py:3239} INFO - Sync 1 DAGs
[2024-10-21T11:00:25.126+0000] {logging_mixin.py:190} INFO - [2024-10-21T11:00:25.126+0000] {dag.py:4180} INFO - Setting next_dagrun for example_params_trigger_ui to None, run_after=None
[2024-10-21T11:00:25.147+0000] {processor.py:208} INFO - Processing /home/airflow/.local/lib/python3.12/site-packages/airflow/example_dags/example_params_trigger_ui.py took 0.119 seconds
[2024-10-21T11:00:55.330+0000] {processor.py:186} INFO - Started process (PID=50333) to work on /home/airflow/.local/lib/python3.12/site-packages/airflow/example_dags/example_params_trigger_ui.py
[2024-10-21T11:00:55.331+0000] {processor.py:914} INFO - Processing file /home/airflow/.local/lib/python3.12/site-packages/airflow/example_dags/example_params_trigger_ui.py for tasks to queue
[2024-10-21T11:00:55.333+0000] {logging_mixin.py:190} INFO - [2024-10-21T11:00:55.332+0000] {dagbag.py:588} INFO - Filling up the DagBag from /home/airflow/.local/lib/python3.12/site-packages/airflow/example_dags/example_params_trigger_ui.py
[2024-10-21T11:00:55.343+0000] {processor.py:925} INFO - DAG(s) 'example_params_trigger_ui' retrieved from /home/airflow/.local/lib/python3.12/site-packages/airflow/example_dags/example_params_trigger_ui.py
[2024-10-21T11:00:55.394+0000] {logging_mixin.py:190} INFO - [2024-10-21T11:00:55.393+0000] {dag.py:3239} INFO - Sync 1 DAGs
[2024-10-21T11:00:55.409+0000] {logging_mixin.py:190} INFO - [2024-10-21T11:00:55.409+0000] {dag.py:4180} INFO - Setting next_dagrun for example_params_trigger_ui to None, run_after=None
[2024-10-21T11:00:55.425+0000] {processor.py:208} INFO - Processing /home/airflow/.local/lib/python3.12/site-packages/airflow/example_dags/example_params_trigger_ui.py took 0.103 seconds
[2024-10-21T11:01:25.719+0000] {processor.py:186} INFO - Started process (PID=50400) to work on /home/airflow/.local/lib/python3.12/site-packages/airflow/example_dags/example_params_trigger_ui.py
[2024-10-21T11:01:25.720+0000] {processor.py:914} INFO - Processing file /home/airflow/.local/lib/python3.12/site-packages/airflow/example_dags/example_params_trigger_ui.py for tasks to queue
[2024-10-21T11:01:25.721+0000] {logging_mixin.py:190} INFO - [2024-10-21T11:01:25.721+0000] {dagbag.py:588} INFO - Filling up the DagBag from /home/airflow/.local/lib/python3.12/site-packages/airflow/example_dags/example_params_trigger_ui.py
[2024-10-21T11:01:25.732+0000] {processor.py:925} INFO - DAG(s) 'example_params_trigger_ui' retrieved from /home/airflow/.local/lib/python3.12/site-packages/airflow/example_dags/example_params_trigger_ui.py
[2024-10-21T11:01:25.781+0000] {logging_mixin.py:190} INFO - [2024-10-21T11:01:25.781+0000] {dag.py:3239} INFO - Sync 1 DAGs
[2024-10-21T11:01:25.797+0000] {logging_mixin.py:190} INFO - [2024-10-21T11:01:25.796+0000] {dag.py:4180} INFO - Setting next_dagrun for example_params_trigger_ui to None, run_after=None
[2024-10-21T11:01:25.814+0000] {processor.py:208} INFO - Processing /home/airflow/.local/lib/python3.12/site-packages/airflow/example_dags/example_params_trigger_ui.py took 0.102 seconds
[2024-10-21T11:01:56.196+0000] {processor.py:186} INFO - Started process (PID=50467) to work on /home/airflow/.local/lib/python3.12/site-packages/airflow/example_dags/example_params_trigger_ui.py
[2024-10-21T11:01:56.197+0000] {processor.py:914} INFO - Processing file /home/airflow/.local/lib/python3.12/site-packages/airflow/example_dags/example_params_trigger_ui.py for tasks to queue
[2024-10-21T11:01:56.198+0000] {logging_mixin.py:190} INFO - [2024-10-21T11:01:56.198+0000] {dagbag.py:588} INFO - Filling up the DagBag from /home/airflow/.local/lib/python3.12/site-packages/airflow/example_dags/example_params_trigger_ui.py
[2024-10-21T11:01:56.210+0000] {processor.py:925} INFO - DAG(s) 'example_params_trigger_ui' retrieved from /home/airflow/.local/lib/python3.12/site-packages/airflow/example_dags/example_params_trigger_ui.py
[2024-10-21T11:01:56.264+0000] {logging_mixin.py:190} INFO - [2024-10-21T11:01:56.263+0000] {dag.py:3239} INFO - Sync 1 DAGs
[2024-10-21T11:01:56.281+0000] {logging_mixin.py:190} INFO - [2024-10-21T11:01:56.280+0000] {dag.py:4180} INFO - Setting next_dagrun for example_params_trigger_ui to None, run_after=None
[2024-10-21T11:01:56.298+0000] {processor.py:208} INFO - Processing /home/airflow/.local/lib/python3.12/site-packages/airflow/example_dags/example_params_trigger_ui.py took 0.110 seconds
[2024-10-21T11:02:26.807+0000] {processor.py:186} INFO - Started process (PID=50534) to work on /home/airflow/.local/lib/python3.12/site-packages/airflow/example_dags/example_params_trigger_ui.py
[2024-10-21T11:02:26.809+0000] {processor.py:914} INFO - Processing file /home/airflow/.local/lib/python3.12/site-packages/airflow/example_dags/example_params_trigger_ui.py for tasks to queue
[2024-10-21T11:02:26.810+0000] {logging_mixin.py:190} INFO - [2024-10-21T11:02:26.810+0000] {dagbag.py:588} INFO - Filling up the DagBag from /home/airflow/.local/lib/python3.12/site-packages/airflow/example_dags/example_params_trigger_ui.py
[2024-10-21T11:02:26.821+0000] {processor.py:925} INFO - DAG(s) 'example_params_trigger_ui' retrieved from /home/airflow/.local/lib/python3.12/site-packages/airflow/example_dags/example_params_trigger_ui.py
[2024-10-21T11:02:26.879+0000] {logging_mixin.py:190} INFO - [2024-10-21T11:02:26.879+0000] {dag.py:3239} INFO - Sync 1 DAGs
[2024-10-21T11:02:26.896+0000] {logging_mixin.py:190} INFO - [2024-10-21T11:02:26.895+0000] {dag.py:4180} INFO - Setting next_dagrun for example_params_trigger_ui to None, run_after=None
[2024-10-21T11:02:26.916+0000] {processor.py:208} INFO - Processing /home/airflow/.local/lib/python3.12/site-packages/airflow/example_dags/example_params_trigger_ui.py took 0.115 seconds
[2024-10-21T11:02:57.139+0000] {processor.py:186} INFO - Started process (PID=50601) to work on /home/airflow/.local/lib/python3.12/site-packages/airflow/example_dags/example_params_trigger_ui.py
[2024-10-21T11:02:57.140+0000] {processor.py:914} INFO - Processing file /home/airflow/.local/lib/python3.12/site-packages/airflow/example_dags/example_params_trigger_ui.py for tasks to queue
[2024-10-21T11:02:57.141+0000] {logging_mixin.py:190} INFO - [2024-10-21T11:02:57.141+0000] {dagbag.py:588} INFO - Filling up the DagBag from /home/airflow/.local/lib/python3.12/site-packages/airflow/example_dags/example_params_trigger_ui.py
[2024-10-21T11:02:57.152+0000] {processor.py:925} INFO - DAG(s) 'example_params_trigger_ui' retrieved from /home/airflow/.local/lib/python3.12/site-packages/airflow/example_dags/example_params_trigger_ui.py
[2024-10-21T11:02:57.202+0000] {logging_mixin.py:190} INFO - [2024-10-21T11:02:57.202+0000] {dag.py:3239} INFO - Sync 1 DAGs
[2024-10-21T11:02:57.217+0000] {logging_mixin.py:190} INFO - [2024-10-21T11:02:57.217+0000] {dag.py:4180} INFO - Setting next_dagrun for example_params_trigger_ui to None, run_after=None
[2024-10-21T11:02:57.234+0000] {processor.py:208} INFO - Processing /home/airflow/.local/lib/python3.12/site-packages/airflow/example_dags/example_params_trigger_ui.py took 0.102 seconds
[2024-10-21T11:03:27.569+0000] {processor.py:186} INFO - Started process (PID=50668) to work on /home/airflow/.local/lib/python3.12/site-packages/airflow/example_dags/example_params_trigger_ui.py
[2024-10-21T11:03:27.571+0000] {processor.py:914} INFO - Processing file /home/airflow/.local/lib/python3.12/site-packages/airflow/example_dags/example_params_trigger_ui.py for tasks to queue
[2024-10-21T11:03:27.572+0000] {logging_mixin.py:190} INFO - [2024-10-21T11:03:27.572+0000] {dagbag.py:588} INFO - Filling up the DagBag from /home/airflow/.local/lib/python3.12/site-packages/airflow/example_dags/example_params_trigger_ui.py
[2024-10-21T11:03:27.583+0000] {processor.py:925} INFO - DAG(s) 'example_params_trigger_ui' retrieved from /home/airflow/.local/lib/python3.12/site-packages/airflow/example_dags/example_params_trigger_ui.py
[2024-10-21T11:03:27.636+0000] {logging_mixin.py:190} INFO - [2024-10-21T11:03:27.635+0000] {dag.py:3239} INFO - Sync 1 DAGs
[2024-10-21T11:03:27.653+0000] {logging_mixin.py:190} INFO - [2024-10-21T11:03:27.653+0000] {dag.py:4180} INFO - Setting next_dagrun for example_params_trigger_ui to None, run_after=None
[2024-10-21T11:03:27.672+0000] {processor.py:208} INFO - Processing /home/airflow/.local/lib/python3.12/site-packages/airflow/example_dags/example_params_trigger_ui.py took 0.110 seconds
[2024-10-21T11:03:58.824+0000] {processor.py:186} INFO - Started process (PID=50734) to work on /home/airflow/.local/lib/python3.12/site-packages/airflow/example_dags/example_params_trigger_ui.py
[2024-10-21T11:03:58.826+0000] {processor.py:914} INFO - Processing file /home/airflow/.local/lib/python3.12/site-packages/airflow/example_dags/example_params_trigger_ui.py for tasks to queue
[2024-10-21T11:03:58.828+0000] {logging_mixin.py:190} INFO - [2024-10-21T11:03:58.827+0000] {dagbag.py:588} INFO - Filling up the DagBag from /home/airflow/.local/lib/python3.12/site-packages/airflow/example_dags/example_params_trigger_ui.py
[2024-10-21T11:03:58.838+0000] {processor.py:925} INFO - DAG(s) 'example_params_trigger_ui' retrieved from /home/airflow/.local/lib/python3.12/site-packages/airflow/example_dags/example_params_trigger_ui.py
[2024-10-21T11:03:58.889+0000] {logging_mixin.py:190} INFO - [2024-10-21T11:03:58.889+0000] {dag.py:3239} INFO - Sync 1 DAGs
[2024-10-21T11:03:58.906+0000] {logging_mixin.py:190} INFO - [2024-10-21T11:03:58.906+0000] {dag.py:4180} INFO - Setting next_dagrun for example_params_trigger_ui to None, run_after=None
[2024-10-21T11:03:58.924+0000] {processor.py:208} INFO - Processing /home/airflow/.local/lib/python3.12/site-packages/airflow/example_dags/example_params_trigger_ui.py took 0.108 seconds
[2024-10-21T11:04:29.410+0000] {processor.py:186} INFO - Started process (PID=50801) to work on /home/airflow/.local/lib/python3.12/site-packages/airflow/example_dags/example_params_trigger_ui.py
[2024-10-21T11:04:29.411+0000] {processor.py:914} INFO - Processing file /home/airflow/.local/lib/python3.12/site-packages/airflow/example_dags/example_params_trigger_ui.py for tasks to queue
[2024-10-21T11:04:29.412+0000] {logging_mixin.py:190} INFO - [2024-10-21T11:04:29.412+0000] {dagbag.py:588} INFO - Filling up the DagBag from /home/airflow/.local/lib/python3.12/site-packages/airflow/example_dags/example_params_trigger_ui.py
[2024-10-21T11:04:29.423+0000] {processor.py:925} INFO - DAG(s) 'example_params_trigger_ui' retrieved from /home/airflow/.local/lib/python3.12/site-packages/airflow/example_dags/example_params_trigger_ui.py
[2024-10-21T11:04:29.474+0000] {logging_mixin.py:190} INFO - [2024-10-21T11:04:29.474+0000] {dag.py:3239} INFO - Sync 1 DAGs
[2024-10-21T11:04:29.490+0000] {logging_mixin.py:190} INFO - [2024-10-21T11:04:29.490+0000] {dag.py:4180} INFO - Setting next_dagrun for example_params_trigger_ui to None, run_after=None
[2024-10-21T11:04:29.508+0000] {processor.py:208} INFO - Processing /home/airflow/.local/lib/python3.12/site-packages/airflow/example_dags/example_params_trigger_ui.py took 0.105 seconds
[2024-10-21T11:05:00.263+0000] {processor.py:186} INFO - Started process (PID=50868) to work on /home/airflow/.local/lib/python3.12/site-packages/airflow/example_dags/example_params_trigger_ui.py
[2024-10-21T11:05:00.264+0000] {processor.py:914} INFO - Processing file /home/airflow/.local/lib/python3.12/site-packages/airflow/example_dags/example_params_trigger_ui.py for tasks to queue
[2024-10-21T11:05:00.267+0000] {logging_mixin.py:190} INFO - [2024-10-21T11:05:00.266+0000] {dagbag.py:588} INFO - Filling up the DagBag from /home/airflow/.local/lib/python3.12/site-packages/airflow/example_dags/example_params_trigger_ui.py
[2024-10-21T11:05:00.278+0000] {processor.py:925} INFO - DAG(s) 'example_params_trigger_ui' retrieved from /home/airflow/.local/lib/python3.12/site-packages/airflow/example_dags/example_params_trigger_ui.py
[2024-10-21T11:05:00.339+0000] {logging_mixin.py:190} INFO - [2024-10-21T11:05:00.339+0000] {dag.py:3239} INFO - Sync 1 DAGs
[2024-10-21T11:05:00.359+0000] {logging_mixin.py:190} INFO - [2024-10-21T11:05:00.359+0000] {dag.py:4180} INFO - Setting next_dagrun for example_params_trigger_ui to None, run_after=None
[2024-10-21T11:05:00.379+0000] {processor.py:208} INFO - Processing /home/airflow/.local/lib/python3.12/site-packages/airflow/example_dags/example_params_trigger_ui.py took 0.130 seconds
[2024-10-21T11:05:30.490+0000] {processor.py:186} INFO - Started process (PID=50935) to work on /home/airflow/.local/lib/python3.12/site-packages/airflow/example_dags/example_params_trigger_ui.py
[2024-10-21T11:05:30.491+0000] {processor.py:914} INFO - Processing file /home/airflow/.local/lib/python3.12/site-packages/airflow/example_dags/example_params_trigger_ui.py for tasks to queue
[2024-10-21T11:05:30.493+0000] {logging_mixin.py:190} INFO - [2024-10-21T11:05:30.492+0000] {dagbag.py:588} INFO - Filling up the DagBag from /home/airflow/.local/lib/python3.12/site-packages/airflow/example_dags/example_params_trigger_ui.py
[2024-10-21T11:05:30.505+0000] {processor.py:925} INFO - DAG(s) 'example_params_trigger_ui' retrieved from /home/airflow/.local/lib/python3.12/site-packages/airflow/example_dags/example_params_trigger_ui.py
[2024-10-21T11:05:30.558+0000] {logging_mixin.py:190} INFO - [2024-10-21T11:05:30.557+0000] {dag.py:3239} INFO - Sync 1 DAGs
[2024-10-21T11:05:30.574+0000] {logging_mixin.py:190} INFO - [2024-10-21T11:05:30.574+0000] {dag.py:4180} INFO - Setting next_dagrun for example_params_trigger_ui to None, run_after=None
[2024-10-21T11:05:30.592+0000] {processor.py:208} INFO - Processing /home/airflow/.local/lib/python3.12/site-packages/airflow/example_dags/example_params_trigger_ui.py took 0.109 seconds
[2024-10-21T11:06:01.498+0000] {processor.py:186} INFO - Started process (PID=51002) to work on /home/airflow/.local/lib/python3.12/site-packages/airflow/example_dags/example_params_trigger_ui.py
[2024-10-21T11:06:01.499+0000] {processor.py:914} INFO - Processing file /home/airflow/.local/lib/python3.12/site-packages/airflow/example_dags/example_params_trigger_ui.py for tasks to queue
[2024-10-21T11:06:01.501+0000] {logging_mixin.py:190} INFO - [2024-10-21T11:06:01.500+0000] {dagbag.py:588} INFO - Filling up the DagBag from /home/airflow/.local/lib/python3.12/site-packages/airflow/example_dags/example_params_trigger_ui.py
[2024-10-21T11:06:01.511+0000] {processor.py:925} INFO - DAG(s) 'example_params_trigger_ui' retrieved from /home/airflow/.local/lib/python3.12/site-packages/airflow/example_dags/example_params_trigger_ui.py
[2024-10-21T11:06:01.566+0000] {logging_mixin.py:190} INFO - [2024-10-21T11:06:01.566+0000] {dag.py:3239} INFO - Sync 1 DAGs
[2024-10-21T11:06:01.582+0000] {logging_mixin.py:190} INFO - [2024-10-21T11:06:01.582+0000] {dag.py:4180} INFO - Setting next_dagrun for example_params_trigger_ui to None, run_after=None
[2024-10-21T11:06:01.600+0000] {processor.py:208} INFO - Processing /home/airflow/.local/lib/python3.12/site-packages/airflow/example_dags/example_params_trigger_ui.py took 0.110 seconds
[2024-10-21T11:06:31.900+0000] {processor.py:186} INFO - Started process (PID=51069) to work on /home/airflow/.local/lib/python3.12/site-packages/airflow/example_dags/example_params_trigger_ui.py
[2024-10-21T11:06:31.901+0000] {processor.py:914} INFO - Processing file /home/airflow/.local/lib/python3.12/site-packages/airflow/example_dags/example_params_trigger_ui.py for tasks to queue
[2024-10-21T11:06:31.902+0000] {logging_mixin.py:190} INFO - [2024-10-21T11:06:31.902+0000] {dagbag.py:588} INFO - Filling up the DagBag from /home/airflow/.local/lib/python3.12/site-packages/airflow/example_dags/example_params_trigger_ui.py
[2024-10-21T11:06:31.913+0000] {processor.py:925} INFO - DAG(s) 'example_params_trigger_ui' retrieved from /home/airflow/.local/lib/python3.12/site-packages/airflow/example_dags/example_params_trigger_ui.py
[2024-10-21T11:06:31.968+0000] {logging_mixin.py:190} INFO - [2024-10-21T11:06:31.967+0000] {dag.py:3239} INFO - Sync 1 DAGs
[2024-10-21T11:06:31.984+0000] {logging_mixin.py:190} INFO - [2024-10-21T11:06:31.984+0000] {dag.py:4180} INFO - Setting next_dagrun for example_params_trigger_ui to None, run_after=None
[2024-10-21T11:06:32.001+0000] {processor.py:208} INFO - Processing /home/airflow/.local/lib/python3.12/site-packages/airflow/example_dags/example_params_trigger_ui.py took 0.109 seconds
[2024-10-21T11:07:02.244+0000] {processor.py:186} INFO - Started process (PID=51136) to work on /home/airflow/.local/lib/python3.12/site-packages/airflow/example_dags/example_params_trigger_ui.py
[2024-10-21T11:07:02.245+0000] {processor.py:914} INFO - Processing file /home/airflow/.local/lib/python3.12/site-packages/airflow/example_dags/example_params_trigger_ui.py for tasks to queue
[2024-10-21T11:07:02.246+0000] {logging_mixin.py:190} INFO - [2024-10-21T11:07:02.246+0000] {dagbag.py:588} INFO - Filling up the DagBag from /home/airflow/.local/lib/python3.12/site-packages/airflow/example_dags/example_params_trigger_ui.py
[2024-10-21T11:07:02.258+0000] {processor.py:925} INFO - DAG(s) 'example_params_trigger_ui' retrieved from /home/airflow/.local/lib/python3.12/site-packages/airflow/example_dags/example_params_trigger_ui.py
[2024-10-21T11:07:02.309+0000] {logging_mixin.py:190} INFO - [2024-10-21T11:07:02.309+0000] {dag.py:3239} INFO - Sync 1 DAGs
[2024-10-21T11:07:02.326+0000] {logging_mixin.py:190} INFO - [2024-10-21T11:07:02.326+0000] {dag.py:4180} INFO - Setting next_dagrun for example_params_trigger_ui to None, run_after=None
[2024-10-21T11:07:02.345+0000] {processor.py:208} INFO - Processing /home/airflow/.local/lib/python3.12/site-packages/airflow/example_dags/example_params_trigger_ui.py took 0.108 seconds
[2024-10-21T11:07:32.708+0000] {processor.py:186} INFO - Started process (PID=51203) to work on /home/airflow/.local/lib/python3.12/site-packages/airflow/example_dags/example_params_trigger_ui.py
[2024-10-21T11:07:32.709+0000] {processor.py:914} INFO - Processing file /home/airflow/.local/lib/python3.12/site-packages/airflow/example_dags/example_params_trigger_ui.py for tasks to queue
[2024-10-21T11:07:32.710+0000] {logging_mixin.py:190} INFO - [2024-10-21T11:07:32.710+0000] {dagbag.py:588} INFO - Filling up the DagBag from /home/airflow/.local/lib/python3.12/site-packages/airflow/example_dags/example_params_trigger_ui.py
[2024-10-21T11:07:32.721+0000] {processor.py:925} INFO - DAG(s) 'example_params_trigger_ui' retrieved from /home/airflow/.local/lib/python3.12/site-packages/airflow/example_dags/example_params_trigger_ui.py
[2024-10-21T11:07:32.787+0000] {logging_mixin.py:190} INFO - [2024-10-21T11:07:32.787+0000] {dag.py:3239} INFO - Sync 1 DAGs
[2024-10-21T11:07:32.804+0000] {logging_mixin.py:190} INFO - [2024-10-21T11:07:32.804+0000] {dag.py:4180} INFO - Setting next_dagrun for example_params_trigger_ui to None, run_after=None
[2024-10-21T11:07:32.821+0000] {processor.py:208} INFO - Processing /home/airflow/.local/lib/python3.12/site-packages/airflow/example_dags/example_params_trigger_ui.py took 0.121 seconds
[2024-10-21T11:08:03.262+0000] {processor.py:186} INFO - Started process (PID=51270) to work on /home/airflow/.local/lib/python3.12/site-packages/airflow/example_dags/example_params_trigger_ui.py
[2024-10-21T11:08:03.263+0000] {processor.py:914} INFO - Processing file /home/airflow/.local/lib/python3.12/site-packages/airflow/example_dags/example_params_trigger_ui.py for tasks to queue
[2024-10-21T11:08:03.264+0000] {logging_mixin.py:190} INFO - [2024-10-21T11:08:03.264+0000] {dagbag.py:588} INFO - Filling up the DagBag from /home/airflow/.local/lib/python3.12/site-packages/airflow/example_dags/example_params_trigger_ui.py
[2024-10-21T11:08:03.275+0000] {processor.py:925} INFO - DAG(s) 'example_params_trigger_ui' retrieved from /home/airflow/.local/lib/python3.12/site-packages/airflow/example_dags/example_params_trigger_ui.py
[2024-10-21T11:08:03.331+0000] {logging_mixin.py:190} INFO - [2024-10-21T11:08:03.331+0000] {dag.py:3239} INFO - Sync 1 DAGs
[2024-10-21T11:08:03.348+0000] {logging_mixin.py:190} INFO - [2024-10-21T11:08:03.348+0000] {dag.py:4180} INFO - Setting next_dagrun for example_params_trigger_ui to None, run_after=None
[2024-10-21T11:08:03.366+0000] {processor.py:208} INFO - Processing /home/airflow/.local/lib/python3.12/site-packages/airflow/example_dags/example_params_trigger_ui.py took 0.112 seconds
[2024-10-21T11:08:33.863+0000] {processor.py:186} INFO - Started process (PID=51337) to work on /home/airflow/.local/lib/python3.12/site-packages/airflow/example_dags/example_params_trigger_ui.py
[2024-10-21T11:08:33.864+0000] {processor.py:914} INFO - Processing file /home/airflow/.local/lib/python3.12/site-packages/airflow/example_dags/example_params_trigger_ui.py for tasks to queue
[2024-10-21T11:08:33.866+0000] {logging_mixin.py:190} INFO - [2024-10-21T11:08:33.865+0000] {dagbag.py:588} INFO - Filling up the DagBag from /home/airflow/.local/lib/python3.12/site-packages/airflow/example_dags/example_params_trigger_ui.py
[2024-10-21T11:08:33.876+0000] {processor.py:925} INFO - DAG(s) 'example_params_trigger_ui' retrieved from /home/airflow/.local/lib/python3.12/site-packages/airflow/example_dags/example_params_trigger_ui.py
[2024-10-21T11:08:33.928+0000] {logging_mixin.py:190} INFO - [2024-10-21T11:08:33.928+0000] {dag.py:3239} INFO - Sync 1 DAGs
[2024-10-21T11:08:33.944+0000] {logging_mixin.py:190} INFO - [2024-10-21T11:08:33.944+0000] {dag.py:4180} INFO - Setting next_dagrun for example_params_trigger_ui to None, run_after=None
[2024-10-21T11:08:33.962+0000] {processor.py:208} INFO - Processing /home/airflow/.local/lib/python3.12/site-packages/airflow/example_dags/example_params_trigger_ui.py took 0.106 seconds
[2024-10-21T11:09:04.280+0000] {processor.py:186} INFO - Started process (PID=51404) to work on /home/airflow/.local/lib/python3.12/site-packages/airflow/example_dags/example_params_trigger_ui.py
[2024-10-21T11:09:04.281+0000] {processor.py:914} INFO - Processing file /home/airflow/.local/lib/python3.12/site-packages/airflow/example_dags/example_params_trigger_ui.py for tasks to queue
[2024-10-21T11:09:04.282+0000] {logging_mixin.py:190} INFO - [2024-10-21T11:09:04.282+0000] {dagbag.py:588} INFO - Filling up the DagBag from /home/airflow/.local/lib/python3.12/site-packages/airflow/example_dags/example_params_trigger_ui.py
[2024-10-21T11:09:04.293+0000] {processor.py:925} INFO - DAG(s) 'example_params_trigger_ui' retrieved from /home/airflow/.local/lib/python3.12/site-packages/airflow/example_dags/example_params_trigger_ui.py
[2024-10-21T11:09:04.348+0000] {logging_mixin.py:190} INFO - [2024-10-21T11:09:04.348+0000] {dag.py:3239} INFO - Sync 1 DAGs
[2024-10-21T11:09:04.367+0000] {logging_mixin.py:190} INFO - [2024-10-21T11:09:04.367+0000] {dag.py:4180} INFO - Setting next_dagrun for example_params_trigger_ui to None, run_after=None
[2024-10-21T11:09:04.384+0000] {processor.py:208} INFO - Processing /home/airflow/.local/lib/python3.12/site-packages/airflow/example_dags/example_params_trigger_ui.py took 0.111 seconds
[2024-10-21T11:09:34.677+0000] {processor.py:186} INFO - Started process (PID=51471) to work on /home/airflow/.local/lib/python3.12/site-packages/airflow/example_dags/example_params_trigger_ui.py
[2024-10-21T11:09:34.679+0000] {processor.py:914} INFO - Processing file /home/airflow/.local/lib/python3.12/site-packages/airflow/example_dags/example_params_trigger_ui.py for tasks to queue
[2024-10-21T11:09:34.681+0000] {logging_mixin.py:190} INFO - [2024-10-21T11:09:34.680+0000] {dagbag.py:588} INFO - Filling up the DagBag from /home/airflow/.local/lib/python3.12/site-packages/airflow/example_dags/example_params_trigger_ui.py
[2024-10-21T11:09:34.694+0000] {processor.py:925} INFO - DAG(s) 'example_params_trigger_ui' retrieved from /home/airflow/.local/lib/python3.12/site-packages/airflow/example_dags/example_params_trigger_ui.py
[2024-10-21T11:09:34.760+0000] {logging_mixin.py:190} INFO - [2024-10-21T11:09:34.759+0000] {dag.py:3239} INFO - Sync 1 DAGs
[2024-10-21T11:09:34.776+0000] {logging_mixin.py:190} INFO - [2024-10-21T11:09:34.775+0000] {dag.py:4180} INFO - Setting next_dagrun for example_params_trigger_ui to None, run_after=None
[2024-10-21T11:09:34.794+0000] {processor.py:208} INFO - Processing /home/airflow/.local/lib/python3.12/site-packages/airflow/example_dags/example_params_trigger_ui.py took 0.126 seconds
[2024-10-21T11:10:05.608+0000] {processor.py:186} INFO - Started process (PID=51538) to work on /home/airflow/.local/lib/python3.12/site-packages/airflow/example_dags/example_params_trigger_ui.py
[2024-10-21T11:10:05.609+0000] {processor.py:914} INFO - Processing file /home/airflow/.local/lib/python3.12/site-packages/airflow/example_dags/example_params_trigger_ui.py for tasks to queue
[2024-10-21T11:10:05.610+0000] {logging_mixin.py:190} INFO - [2024-10-21T11:10:05.610+0000] {dagbag.py:588} INFO - Filling up the DagBag from /home/airflow/.local/lib/python3.12/site-packages/airflow/example_dags/example_params_trigger_ui.py
[2024-10-21T11:10:05.622+0000] {processor.py:925} INFO - DAG(s) 'example_params_trigger_ui' retrieved from /home/airflow/.local/lib/python3.12/site-packages/airflow/example_dags/example_params_trigger_ui.py
[2024-10-21T11:10:05.686+0000] {logging_mixin.py:190} INFO - [2024-10-21T11:10:05.686+0000] {dag.py:3239} INFO - Sync 1 DAGs
[2024-10-21T11:10:05.703+0000] {logging_mixin.py:190} INFO - [2024-10-21T11:10:05.703+0000] {dag.py:4180} INFO - Setting next_dagrun for example_params_trigger_ui to None, run_after=None
[2024-10-21T11:10:05.726+0000] {processor.py:208} INFO - Processing /home/airflow/.local/lib/python3.12/site-packages/airflow/example_dags/example_params_trigger_ui.py took 0.125 seconds
[2024-10-21T11:10:36.098+0000] {processor.py:186} INFO - Started process (PID=51611) to work on /home/airflow/.local/lib/python3.12/site-packages/airflow/example_dags/example_params_trigger_ui.py
[2024-10-21T11:10:36.100+0000] {processor.py:914} INFO - Processing file /home/airflow/.local/lib/python3.12/site-packages/airflow/example_dags/example_params_trigger_ui.py for tasks to queue
[2024-10-21T11:10:36.102+0000] {logging_mixin.py:190} INFO - [2024-10-21T11:10:36.101+0000] {dagbag.py:588} INFO - Filling up the DagBag from /home/airflow/.local/lib/python3.12/site-packages/airflow/example_dags/example_params_trigger_ui.py
[2024-10-21T11:10:36.113+0000] {processor.py:925} INFO - DAG(s) 'example_params_trigger_ui' retrieved from /home/airflow/.local/lib/python3.12/site-packages/airflow/example_dags/example_params_trigger_ui.py
[2024-10-21T11:10:36.168+0000] {logging_mixin.py:190} INFO - [2024-10-21T11:10:36.167+0000] {dag.py:3239} INFO - Sync 1 DAGs
[2024-10-21T11:10:36.184+0000] {logging_mixin.py:190} INFO - [2024-10-21T11:10:36.184+0000] {dag.py:4180} INFO - Setting next_dagrun for example_params_trigger_ui to None, run_after=None
[2024-10-21T11:10:36.200+0000] {processor.py:208} INFO - Processing /home/airflow/.local/lib/python3.12/site-packages/airflow/example_dags/example_params_trigger_ui.py took 0.112 seconds
[2024-10-21T11:11:06.372+0000] {processor.py:186} INFO - Started process (PID=51677) to work on /home/airflow/.local/lib/python3.12/site-packages/airflow/example_dags/example_params_trigger_ui.py
[2024-10-21T11:11:06.373+0000] {processor.py:914} INFO - Processing file /home/airflow/.local/lib/python3.12/site-packages/airflow/example_dags/example_params_trigger_ui.py for tasks to queue
[2024-10-21T11:11:06.374+0000] {logging_mixin.py:190} INFO - [2024-10-21T11:11:06.374+0000] {dagbag.py:588} INFO - Filling up the DagBag from /home/airflow/.local/lib/python3.12/site-packages/airflow/example_dags/example_params_trigger_ui.py
[2024-10-21T11:11:06.385+0000] {processor.py:925} INFO - DAG(s) 'example_params_trigger_ui' retrieved from /home/airflow/.local/lib/python3.12/site-packages/airflow/example_dags/example_params_trigger_ui.py
[2024-10-21T11:11:06.438+0000] {logging_mixin.py:190} INFO - [2024-10-21T11:11:06.438+0000] {dag.py:3239} INFO - Sync 1 DAGs
[2024-10-21T11:11:06.456+0000] {logging_mixin.py:190} INFO - [2024-10-21T11:11:06.456+0000] {dag.py:4180} INFO - Setting next_dagrun for example_params_trigger_ui to None, run_after=None
[2024-10-21T11:11:06.473+0000] {processor.py:208} INFO - Processing /home/airflow/.local/lib/python3.12/site-packages/airflow/example_dags/example_params_trigger_ui.py took 0.109 seconds
[2024-10-21T11:11:37.069+0000] {processor.py:186} INFO - Started process (PID=51744) to work on /home/airflow/.local/lib/python3.12/site-packages/airflow/example_dags/example_params_trigger_ui.py
[2024-10-21T11:11:37.070+0000] {processor.py:914} INFO - Processing file /home/airflow/.local/lib/python3.12/site-packages/airflow/example_dags/example_params_trigger_ui.py for tasks to queue
[2024-10-21T11:11:37.072+0000] {logging_mixin.py:190} INFO - [2024-10-21T11:11:37.071+0000] {dagbag.py:588} INFO - Filling up the DagBag from /home/airflow/.local/lib/python3.12/site-packages/airflow/example_dags/example_params_trigger_ui.py
[2024-10-21T11:11:37.082+0000] {processor.py:925} INFO - DAG(s) 'example_params_trigger_ui' retrieved from /home/airflow/.local/lib/python3.12/site-packages/airflow/example_dags/example_params_trigger_ui.py
[2024-10-21T11:11:37.131+0000] {logging_mixin.py:190} INFO - [2024-10-21T11:11:37.130+0000] {dag.py:3239} INFO - Sync 1 DAGs
[2024-10-21T11:11:37.147+0000] {logging_mixin.py:190} INFO - [2024-10-21T11:11:37.147+0000] {dag.py:4180} INFO - Setting next_dagrun for example_params_trigger_ui to None, run_after=None
[2024-10-21T11:11:37.164+0000] {processor.py:208} INFO - Processing /home/airflow/.local/lib/python3.12/site-packages/airflow/example_dags/example_params_trigger_ui.py took 0.102 seconds
[2024-10-21T11:12:07.301+0000] {processor.py:186} INFO - Started process (PID=51811) to work on /home/airflow/.local/lib/python3.12/site-packages/airflow/example_dags/example_params_trigger_ui.py
[2024-10-21T11:12:07.302+0000] {processor.py:914} INFO - Processing file /home/airflow/.local/lib/python3.12/site-packages/airflow/example_dags/example_params_trigger_ui.py for tasks to queue
[2024-10-21T11:12:07.304+0000] {logging_mixin.py:190} INFO - [2024-10-21T11:12:07.303+0000] {dagbag.py:588} INFO - Filling up the DagBag from /home/airflow/.local/lib/python3.12/site-packages/airflow/example_dags/example_params_trigger_ui.py
[2024-10-21T11:12:07.315+0000] {processor.py:925} INFO - DAG(s) 'example_params_trigger_ui' retrieved from /home/airflow/.local/lib/python3.12/site-packages/airflow/example_dags/example_params_trigger_ui.py
[2024-10-21T11:12:07.367+0000] {logging_mixin.py:190} INFO - [2024-10-21T11:12:07.367+0000] {dag.py:3239} INFO - Sync 1 DAGs
[2024-10-21T11:12:07.385+0000] {logging_mixin.py:190} INFO - [2024-10-21T11:12:07.384+0000] {dag.py:4180} INFO - Setting next_dagrun for example_params_trigger_ui to None, run_after=None
[2024-10-21T11:12:07.405+0000] {processor.py:208} INFO - Processing /home/airflow/.local/lib/python3.12/site-packages/airflow/example_dags/example_params_trigger_ui.py took 0.111 seconds
[2024-10-21T11:12:37.854+0000] {processor.py:186} INFO - Started process (PID=51877) to work on /home/airflow/.local/lib/python3.12/site-packages/airflow/example_dags/example_params_trigger_ui.py
[2024-10-21T11:12:37.855+0000] {processor.py:914} INFO - Processing file /home/airflow/.local/lib/python3.12/site-packages/airflow/example_dags/example_params_trigger_ui.py for tasks to queue
[2024-10-21T11:12:37.857+0000] {logging_mixin.py:190} INFO - [2024-10-21T11:12:37.856+0000] {dagbag.py:588} INFO - Filling up the DagBag from /home/airflow/.local/lib/python3.12/site-packages/airflow/example_dags/example_params_trigger_ui.py
[2024-10-21T11:12:37.868+0000] {processor.py:925} INFO - DAG(s) 'example_params_trigger_ui' retrieved from /home/airflow/.local/lib/python3.12/site-packages/airflow/example_dags/example_params_trigger_ui.py
[2024-10-21T11:12:37.917+0000] {logging_mixin.py:190} INFO - [2024-10-21T11:12:37.916+0000] {dag.py:3239} INFO - Sync 1 DAGs
[2024-10-21T11:12:37.931+0000] {logging_mixin.py:190} INFO - [2024-10-21T11:12:37.930+0000] {dag.py:4180} INFO - Setting next_dagrun for example_params_trigger_ui to None, run_after=None
[2024-10-21T11:12:37.946+0000] {processor.py:208} INFO - Processing /home/airflow/.local/lib/python3.12/site-packages/airflow/example_dags/example_params_trigger_ui.py took 0.100 seconds
[2024-10-21T11:13:08.206+0000] {processor.py:186} INFO - Started process (PID=51943) to work on /home/airflow/.local/lib/python3.12/site-packages/airflow/example_dags/example_params_trigger_ui.py
[2024-10-21T11:13:08.207+0000] {processor.py:914} INFO - Processing file /home/airflow/.local/lib/python3.12/site-packages/airflow/example_dags/example_params_trigger_ui.py for tasks to queue
[2024-10-21T11:13:08.209+0000] {logging_mixin.py:190} INFO - [2024-10-21T11:13:08.208+0000] {dagbag.py:588} INFO - Filling up the DagBag from /home/airflow/.local/lib/python3.12/site-packages/airflow/example_dags/example_params_trigger_ui.py
[2024-10-21T11:13:08.220+0000] {processor.py:925} INFO - DAG(s) 'example_params_trigger_ui' retrieved from /home/airflow/.local/lib/python3.12/site-packages/airflow/example_dags/example_params_trigger_ui.py
[2024-10-21T11:13:08.277+0000] {logging_mixin.py:190} INFO - [2024-10-21T11:13:08.277+0000] {dag.py:3239} INFO - Sync 1 DAGs
[2024-10-21T11:13:08.293+0000] {logging_mixin.py:190} INFO - [2024-10-21T11:13:08.293+0000] {dag.py:4180} INFO - Setting next_dagrun for example_params_trigger_ui to None, run_after=None
[2024-10-21T11:13:08.310+0000] {processor.py:208} INFO - Processing /home/airflow/.local/lib/python3.12/site-packages/airflow/example_dags/example_params_trigger_ui.py took 0.112 seconds
[2024-10-21T11:13:38.792+0000] {processor.py:186} INFO - Started process (PID=52009) to work on /home/airflow/.local/lib/python3.12/site-packages/airflow/example_dags/example_params_trigger_ui.py
[2024-10-21T11:13:38.793+0000] {processor.py:914} INFO - Processing file /home/airflow/.local/lib/python3.12/site-packages/airflow/example_dags/example_params_trigger_ui.py for tasks to queue
[2024-10-21T11:13:38.794+0000] {logging_mixin.py:190} INFO - [2024-10-21T11:13:38.794+0000] {dagbag.py:588} INFO - Filling up the DagBag from /home/airflow/.local/lib/python3.12/site-packages/airflow/example_dags/example_params_trigger_ui.py
[2024-10-21T11:13:38.805+0000] {processor.py:925} INFO - DAG(s) 'example_params_trigger_ui' retrieved from /home/airflow/.local/lib/python3.12/site-packages/airflow/example_dags/example_params_trigger_ui.py
[2024-10-21T11:13:38.861+0000] {logging_mixin.py:190} INFO - [2024-10-21T11:13:38.860+0000] {dag.py:3239} INFO - Sync 1 DAGs
[2024-10-21T11:13:38.880+0000] {logging_mixin.py:190} INFO - [2024-10-21T11:13:38.880+0000] {dag.py:4180} INFO - Setting next_dagrun for example_params_trigger_ui to None, run_after=None
[2024-10-21T11:13:38.897+0000] {processor.py:208} INFO - Processing /home/airflow/.local/lib/python3.12/site-packages/airflow/example_dags/example_params_trigger_ui.py took 0.113 seconds
[2024-10-21T11:14:09.394+0000] {processor.py:186} INFO - Started process (PID=52076) to work on /home/airflow/.local/lib/python3.12/site-packages/airflow/example_dags/example_params_trigger_ui.py
[2024-10-21T11:14:09.395+0000] {processor.py:914} INFO - Processing file /home/airflow/.local/lib/python3.12/site-packages/airflow/example_dags/example_params_trigger_ui.py for tasks to queue
[2024-10-21T11:14:09.396+0000] {logging_mixin.py:190} INFO - [2024-10-21T11:14:09.396+0000] {dagbag.py:588} INFO - Filling up the DagBag from /home/airflow/.local/lib/python3.12/site-packages/airflow/example_dags/example_params_trigger_ui.py
[2024-10-21T11:14:09.408+0000] {processor.py:925} INFO - DAG(s) 'example_params_trigger_ui' retrieved from /home/airflow/.local/lib/python3.12/site-packages/airflow/example_dags/example_params_trigger_ui.py
[2024-10-21T11:14:09.462+0000] {logging_mixin.py:190} INFO - [2024-10-21T11:14:09.462+0000] {dag.py:3239} INFO - Sync 1 DAGs
[2024-10-21T11:14:09.477+0000] {logging_mixin.py:190} INFO - [2024-10-21T11:14:09.477+0000] {dag.py:4180} INFO - Setting next_dagrun for example_params_trigger_ui to None, run_after=None
[2024-10-21T11:14:09.496+0000] {processor.py:208} INFO - Processing /home/airflow/.local/lib/python3.12/site-packages/airflow/example_dags/example_params_trigger_ui.py took 0.109 seconds
[2024-10-21T11:14:40.114+0000] {processor.py:186} INFO - Started process (PID=52143) to work on /home/airflow/.local/lib/python3.12/site-packages/airflow/example_dags/example_params_trigger_ui.py
[2024-10-21T11:14:40.116+0000] {processor.py:914} INFO - Processing file /home/airflow/.local/lib/python3.12/site-packages/airflow/example_dags/example_params_trigger_ui.py for tasks to queue
[2024-10-21T11:14:40.117+0000] {logging_mixin.py:190} INFO - [2024-10-21T11:14:40.117+0000] {dagbag.py:588} INFO - Filling up the DagBag from /home/airflow/.local/lib/python3.12/site-packages/airflow/example_dags/example_params_trigger_ui.py
[2024-10-21T11:14:40.128+0000] {processor.py:925} INFO - DAG(s) 'example_params_trigger_ui' retrieved from /home/airflow/.local/lib/python3.12/site-packages/airflow/example_dags/example_params_trigger_ui.py
[2024-10-21T11:14:40.179+0000] {logging_mixin.py:190} INFO - [2024-10-21T11:14:40.179+0000] {dag.py:3239} INFO - Sync 1 DAGs
[2024-10-21T11:14:40.195+0000] {logging_mixin.py:190} INFO - [2024-10-21T11:14:40.195+0000] {dag.py:4180} INFO - Setting next_dagrun for example_params_trigger_ui to None, run_after=None
[2024-10-21T11:14:40.213+0000] {processor.py:208} INFO - Processing /home/airflow/.local/lib/python3.12/site-packages/airflow/example_dags/example_params_trigger_ui.py took 0.105 seconds
[2024-10-21T11:15:10.827+0000] {processor.py:186} INFO - Started process (PID=52210) to work on /home/airflow/.local/lib/python3.12/site-packages/airflow/example_dags/example_params_trigger_ui.py
[2024-10-21T11:15:10.828+0000] {processor.py:914} INFO - Processing file /home/airflow/.local/lib/python3.12/site-packages/airflow/example_dags/example_params_trigger_ui.py for tasks to queue
[2024-10-21T11:15:10.829+0000] {logging_mixin.py:190} INFO - [2024-10-21T11:15:10.829+0000] {dagbag.py:588} INFO - Filling up the DagBag from /home/airflow/.local/lib/python3.12/site-packages/airflow/example_dags/example_params_trigger_ui.py
[2024-10-21T11:15:10.840+0000] {processor.py:925} INFO - DAG(s) 'example_params_trigger_ui' retrieved from /home/airflow/.local/lib/python3.12/site-packages/airflow/example_dags/example_params_trigger_ui.py
[2024-10-21T11:15:10.895+0000] {logging_mixin.py:190} INFO - [2024-10-21T11:15:10.895+0000] {dag.py:3239} INFO - Sync 1 DAGs
[2024-10-21T11:15:10.913+0000] {logging_mixin.py:190} INFO - [2024-10-21T11:15:10.913+0000] {dag.py:4180} INFO - Setting next_dagrun for example_params_trigger_ui to None, run_after=None
[2024-10-21T11:15:10.938+0000] {processor.py:208} INFO - Processing /home/airflow/.local/lib/python3.12/site-packages/airflow/example_dags/example_params_trigger_ui.py took 0.118 seconds
[2024-10-21T11:15:41.552+0000] {processor.py:186} INFO - Started process (PID=52277) to work on /home/airflow/.local/lib/python3.12/site-packages/airflow/example_dags/example_params_trigger_ui.py
[2024-10-21T11:15:41.554+0000] {processor.py:914} INFO - Processing file /home/airflow/.local/lib/python3.12/site-packages/airflow/example_dags/example_params_trigger_ui.py for tasks to queue
[2024-10-21T11:15:41.556+0000] {logging_mixin.py:190} INFO - [2024-10-21T11:15:41.555+0000] {dagbag.py:588} INFO - Filling up the DagBag from /home/airflow/.local/lib/python3.12/site-packages/airflow/example_dags/example_params_trigger_ui.py
[2024-10-21T11:15:41.569+0000] {processor.py:925} INFO - DAG(s) 'example_params_trigger_ui' retrieved from /home/airflow/.local/lib/python3.12/site-packages/airflow/example_dags/example_params_trigger_ui.py
[2024-10-21T11:15:41.636+0000] {logging_mixin.py:190} INFO - [2024-10-21T11:15:41.636+0000] {dag.py:3239} INFO - Sync 1 DAGs
[2024-10-21T11:15:41.656+0000] {logging_mixin.py:190} INFO - [2024-10-21T11:15:41.656+0000] {dag.py:4180} INFO - Setting next_dagrun for example_params_trigger_ui to None, run_after=None
[2024-10-21T11:15:41.681+0000] {processor.py:208} INFO - Processing /home/airflow/.local/lib/python3.12/site-packages/airflow/example_dags/example_params_trigger_ui.py took 0.138 seconds
[2024-10-21T11:16:12.474+0000] {processor.py:186} INFO - Started process (PID=52343) to work on /home/airflow/.local/lib/python3.12/site-packages/airflow/example_dags/example_params_trigger_ui.py
[2024-10-21T11:16:12.475+0000] {processor.py:914} INFO - Processing file /home/airflow/.local/lib/python3.12/site-packages/airflow/example_dags/example_params_trigger_ui.py for tasks to queue
[2024-10-21T11:16:12.477+0000] {logging_mixin.py:190} INFO - [2024-10-21T11:16:12.476+0000] {dagbag.py:588} INFO - Filling up the DagBag from /home/airflow/.local/lib/python3.12/site-packages/airflow/example_dags/example_params_trigger_ui.py
[2024-10-21T11:16:12.487+0000] {processor.py:925} INFO - DAG(s) 'example_params_trigger_ui' retrieved from /home/airflow/.local/lib/python3.12/site-packages/airflow/example_dags/example_params_trigger_ui.py
[2024-10-21T11:16:12.537+0000] {logging_mixin.py:190} INFO - [2024-10-21T11:16:12.537+0000] {dag.py:3239} INFO - Sync 1 DAGs
[2024-10-21T11:16:12.554+0000] {logging_mixin.py:190} INFO - [2024-10-21T11:16:12.554+0000] {dag.py:4180} INFO - Setting next_dagrun for example_params_trigger_ui to None, run_after=None
[2024-10-21T11:16:12.577+0000] {processor.py:208} INFO - Processing /home/airflow/.local/lib/python3.12/site-packages/airflow/example_dags/example_params_trigger_ui.py took 0.110 seconds
[2024-10-21T11:16:43.236+0000] {processor.py:186} INFO - Started process (PID=52410) to work on /home/airflow/.local/lib/python3.12/site-packages/airflow/example_dags/example_params_trigger_ui.py
[2024-10-21T11:16:43.237+0000] {processor.py:914} INFO - Processing file /home/airflow/.local/lib/python3.12/site-packages/airflow/example_dags/example_params_trigger_ui.py for tasks to queue
[2024-10-21T11:16:43.239+0000] {logging_mixin.py:190} INFO - [2024-10-21T11:16:43.238+0000] {dagbag.py:588} INFO - Filling up the DagBag from /home/airflow/.local/lib/python3.12/site-packages/airflow/example_dags/example_params_trigger_ui.py
[2024-10-21T11:16:43.249+0000] {processor.py:925} INFO - DAG(s) 'example_params_trigger_ui' retrieved from /home/airflow/.local/lib/python3.12/site-packages/airflow/example_dags/example_params_trigger_ui.py
[2024-10-21T11:16:43.301+0000] {logging_mixin.py:190} INFO - [2024-10-21T11:16:43.301+0000] {dag.py:3239} INFO - Sync 1 DAGs
[2024-10-21T11:16:43.319+0000] {logging_mixin.py:190} INFO - [2024-10-21T11:16:43.318+0000] {dag.py:4180} INFO - Setting next_dagrun for example_params_trigger_ui to None, run_after=None
[2024-10-21T11:16:43.337+0000] {processor.py:208} INFO - Processing /home/airflow/.local/lib/python3.12/site-packages/airflow/example_dags/example_params_trigger_ui.py took 0.108 seconds
[2024-10-21T11:17:14.663+0000] {processor.py:186} INFO - Started process (PID=52478) to work on /home/airflow/.local/lib/python3.12/site-packages/airflow/example_dags/example_params_trigger_ui.py
[2024-10-21T11:17:14.664+0000] {processor.py:914} INFO - Processing file /home/airflow/.local/lib/python3.12/site-packages/airflow/example_dags/example_params_trigger_ui.py for tasks to queue
[2024-10-21T11:17:14.665+0000] {logging_mixin.py:190} INFO - [2024-10-21T11:17:14.665+0000] {dagbag.py:588} INFO - Filling up the DagBag from /home/airflow/.local/lib/python3.12/site-packages/airflow/example_dags/example_params_trigger_ui.py
[2024-10-21T11:17:14.676+0000] {processor.py:925} INFO - DAG(s) 'example_params_trigger_ui' retrieved from /home/airflow/.local/lib/python3.12/site-packages/airflow/example_dags/example_params_trigger_ui.py
[2024-10-21T11:17:14.730+0000] {logging_mixin.py:190} INFO - [2024-10-21T11:17:14.730+0000] {dag.py:3239} INFO - Sync 1 DAGs
[2024-10-21T11:17:14.746+0000] {logging_mixin.py:190} INFO - [2024-10-21T11:17:14.746+0000] {dag.py:4180} INFO - Setting next_dagrun for example_params_trigger_ui to None, run_after=None
[2024-10-21T11:17:14.767+0000] {processor.py:208} INFO - Processing /home/airflow/.local/lib/python3.12/site-packages/airflow/example_dags/example_params_trigger_ui.py took 0.111 seconds
[2024-10-21T11:17:45.910+0000] {processor.py:186} INFO - Started process (PID=52545) to work on /home/airflow/.local/lib/python3.12/site-packages/airflow/example_dags/example_params_trigger_ui.py
[2024-10-21T11:17:45.911+0000] {processor.py:914} INFO - Processing file /home/airflow/.local/lib/python3.12/site-packages/airflow/example_dags/example_params_trigger_ui.py for tasks to queue
[2024-10-21T11:17:45.912+0000] {logging_mixin.py:190} INFO - [2024-10-21T11:17:45.912+0000] {dagbag.py:588} INFO - Filling up the DagBag from /home/airflow/.local/lib/python3.12/site-packages/airflow/example_dags/example_params_trigger_ui.py
[2024-10-21T11:17:45.923+0000] {processor.py:925} INFO - DAG(s) 'example_params_trigger_ui' retrieved from /home/airflow/.local/lib/python3.12/site-packages/airflow/example_dags/example_params_trigger_ui.py
[2024-10-21T11:17:45.979+0000] {logging_mixin.py:190} INFO - [2024-10-21T11:17:45.978+0000] {dag.py:3239} INFO - Sync 1 DAGs
[2024-10-21T11:17:45.995+0000] {logging_mixin.py:190} INFO - [2024-10-21T11:17:45.995+0000] {dag.py:4180} INFO - Setting next_dagrun for example_params_trigger_ui to None, run_after=None
[2024-10-21T11:17:46.014+0000] {processor.py:208} INFO - Processing /home/airflow/.local/lib/python3.12/site-packages/airflow/example_dags/example_params_trigger_ui.py took 0.112 seconds
[2024-10-21T11:18:16.687+0000] {processor.py:186} INFO - Started process (PID=52612) to work on /home/airflow/.local/lib/python3.12/site-packages/airflow/example_dags/example_params_trigger_ui.py
[2024-10-21T11:18:16.688+0000] {processor.py:914} INFO - Processing file /home/airflow/.local/lib/python3.12/site-packages/airflow/example_dags/example_params_trigger_ui.py for tasks to queue
[2024-10-21T11:18:16.689+0000] {logging_mixin.py:190} INFO - [2024-10-21T11:18:16.689+0000] {dagbag.py:588} INFO - Filling up the DagBag from /home/airflow/.local/lib/python3.12/site-packages/airflow/example_dags/example_params_trigger_ui.py
[2024-10-21T11:18:16.701+0000] {processor.py:925} INFO - DAG(s) 'example_params_trigger_ui' retrieved from /home/airflow/.local/lib/python3.12/site-packages/airflow/example_dags/example_params_trigger_ui.py
[2024-10-21T11:18:16.754+0000] {logging_mixin.py:190} INFO - [2024-10-21T11:18:16.754+0000] {dag.py:3239} INFO - Sync 1 DAGs
[2024-10-21T11:18:16.770+0000] {logging_mixin.py:190} INFO - [2024-10-21T11:18:16.770+0000] {dag.py:4180} INFO - Setting next_dagrun for example_params_trigger_ui to None, run_after=None
[2024-10-21T11:18:16.789+0000] {processor.py:208} INFO - Processing /home/airflow/.local/lib/python3.12/site-packages/airflow/example_dags/example_params_trigger_ui.py took 0.111 seconds
[2024-10-21T11:18:47.551+0000] {processor.py:186} INFO - Started process (PID=52679) to work on /home/airflow/.local/lib/python3.12/site-packages/airflow/example_dags/example_params_trigger_ui.py
[2024-10-21T11:18:47.552+0000] {processor.py:914} INFO - Processing file /home/airflow/.local/lib/python3.12/site-packages/airflow/example_dags/example_params_trigger_ui.py for tasks to queue
[2024-10-21T11:18:47.554+0000] {logging_mixin.py:190} INFO - [2024-10-21T11:18:47.553+0000] {dagbag.py:588} INFO - Filling up the DagBag from /home/airflow/.local/lib/python3.12/site-packages/airflow/example_dags/example_params_trigger_ui.py
[2024-10-21T11:18:47.566+0000] {processor.py:925} INFO - DAG(s) 'example_params_trigger_ui' retrieved from /home/airflow/.local/lib/python3.12/site-packages/airflow/example_dags/example_params_trigger_ui.py
[2024-10-21T11:18:47.830+0000] {logging_mixin.py:190} INFO - [2024-10-21T11:18:47.829+0000] {dag.py:3239} INFO - Sync 1 DAGs
[2024-10-21T11:18:47.844+0000] {logging_mixin.py:190} INFO - [2024-10-21T11:18:47.844+0000] {dag.py:4180} INFO - Setting next_dagrun for example_params_trigger_ui to None, run_after=None
[2024-10-21T11:18:47.861+0000] {processor.py:208} INFO - Processing /home/airflow/.local/lib/python3.12/site-packages/airflow/example_dags/example_params_trigger_ui.py took 0.318 seconds
[2024-10-21T11:19:18.102+0000] {processor.py:186} INFO - Started process (PID=52746) to work on /home/airflow/.local/lib/python3.12/site-packages/airflow/example_dags/example_params_trigger_ui.py
[2024-10-21T11:19:18.103+0000] {processor.py:914} INFO - Processing file /home/airflow/.local/lib/python3.12/site-packages/airflow/example_dags/example_params_trigger_ui.py for tasks to queue
[2024-10-21T11:19:18.105+0000] {logging_mixin.py:190} INFO - [2024-10-21T11:19:18.104+0000] {dagbag.py:588} INFO - Filling up the DagBag from /home/airflow/.local/lib/python3.12/site-packages/airflow/example_dags/example_params_trigger_ui.py
[2024-10-21T11:19:18.116+0000] {processor.py:925} INFO - DAG(s) 'example_params_trigger_ui' retrieved from /home/airflow/.local/lib/python3.12/site-packages/airflow/example_dags/example_params_trigger_ui.py
[2024-10-21T11:19:18.167+0000] {logging_mixin.py:190} INFO - [2024-10-21T11:19:18.167+0000] {dag.py:3239} INFO - Sync 1 DAGs
[2024-10-21T11:19:18.386+0000] {logging_mixin.py:190} INFO - [2024-10-21T11:19:18.385+0000] {dag.py:4180} INFO - Setting next_dagrun for example_params_trigger_ui to None, run_after=None
[2024-10-21T11:19:18.403+0000] {processor.py:208} INFO - Processing /home/airflow/.local/lib/python3.12/site-packages/airflow/example_dags/example_params_trigger_ui.py took 0.309 seconds
[2024-10-21T11:19:48.452+0000] {processor.py:186} INFO - Started process (PID=52813) to work on /home/airflow/.local/lib/python3.12/site-packages/airflow/example_dags/example_params_trigger_ui.py
[2024-10-21T11:19:48.454+0000] {processor.py:914} INFO - Processing file /home/airflow/.local/lib/python3.12/site-packages/airflow/example_dags/example_params_trigger_ui.py for tasks to queue
[2024-10-21T11:19:48.455+0000] {logging_mixin.py:190} INFO - [2024-10-21T11:19:48.455+0000] {dagbag.py:588} INFO - Filling up the DagBag from /home/airflow/.local/lib/python3.12/site-packages/airflow/example_dags/example_params_trigger_ui.py
[2024-10-21T11:19:48.466+0000] {processor.py:925} INFO - DAG(s) 'example_params_trigger_ui' retrieved from /home/airflow/.local/lib/python3.12/site-packages/airflow/example_dags/example_params_trigger_ui.py
[2024-10-21T11:19:48.518+0000] {logging_mixin.py:190} INFO - [2024-10-21T11:19:48.518+0000] {dag.py:3239} INFO - Sync 1 DAGs
[2024-10-21T11:19:48.534+0000] {logging_mixin.py:190} INFO - [2024-10-21T11:19:48.534+0000] {dag.py:4180} INFO - Setting next_dagrun for example_params_trigger_ui to None, run_after=None
[2024-10-21T11:19:48.552+0000] {processor.py:208} INFO - Processing /home/airflow/.local/lib/python3.12/site-packages/airflow/example_dags/example_params_trigger_ui.py took 0.108 seconds
[2024-10-21T11:20:19.535+0000] {processor.py:186} INFO - Started process (PID=52880) to work on /home/airflow/.local/lib/python3.12/site-packages/airflow/example_dags/example_params_trigger_ui.py
[2024-10-21T11:20:19.536+0000] {processor.py:914} INFO - Processing file /home/airflow/.local/lib/python3.12/site-packages/airflow/example_dags/example_params_trigger_ui.py for tasks to queue
[2024-10-21T11:20:19.538+0000] {logging_mixin.py:190} INFO - [2024-10-21T11:20:19.537+0000] {dagbag.py:588} INFO - Filling up the DagBag from /home/airflow/.local/lib/python3.12/site-packages/airflow/example_dags/example_params_trigger_ui.py
[2024-10-21T11:20:19.548+0000] {processor.py:925} INFO - DAG(s) 'example_params_trigger_ui' retrieved from /home/airflow/.local/lib/python3.12/site-packages/airflow/example_dags/example_params_trigger_ui.py
[2024-10-21T11:20:19.601+0000] {logging_mixin.py:190} INFO - [2024-10-21T11:20:19.601+0000] {dag.py:3239} INFO - Sync 1 DAGs
[2024-10-21T11:20:19.618+0000] {logging_mixin.py:190} INFO - [2024-10-21T11:20:19.617+0000] {dag.py:4180} INFO - Setting next_dagrun for example_params_trigger_ui to None, run_after=None
[2024-10-21T11:20:19.637+0000] {processor.py:208} INFO - Processing /home/airflow/.local/lib/python3.12/site-packages/airflow/example_dags/example_params_trigger_ui.py took 0.109 seconds
[2024-10-21T11:20:50.691+0000] {processor.py:186} INFO - Started process (PID=52946) to work on /home/airflow/.local/lib/python3.12/site-packages/airflow/example_dags/example_params_trigger_ui.py
[2024-10-21T11:20:50.693+0000] {processor.py:914} INFO - Processing file /home/airflow/.local/lib/python3.12/site-packages/airflow/example_dags/example_params_trigger_ui.py for tasks to queue
[2024-10-21T11:20:50.694+0000] {logging_mixin.py:190} INFO - [2024-10-21T11:20:50.694+0000] {dagbag.py:588} INFO - Filling up the DagBag from /home/airflow/.local/lib/python3.12/site-packages/airflow/example_dags/example_params_trigger_ui.py
[2024-10-21T11:20:50.705+0000] {processor.py:925} INFO - DAG(s) 'example_params_trigger_ui' retrieved from /home/airflow/.local/lib/python3.12/site-packages/airflow/example_dags/example_params_trigger_ui.py
[2024-10-21T11:20:50.762+0000] {logging_mixin.py:190} INFO - [2024-10-21T11:20:50.762+0000] {dag.py:3239} INFO - Sync 1 DAGs
[2024-10-21T11:20:50.779+0000] {logging_mixin.py:190} INFO - [2024-10-21T11:20:50.779+0000] {dag.py:4180} INFO - Setting next_dagrun for example_params_trigger_ui to None, run_after=None
[2024-10-21T11:20:50.796+0000] {processor.py:208} INFO - Processing /home/airflow/.local/lib/python3.12/site-packages/airflow/example_dags/example_params_trigger_ui.py took 0.112 seconds
[2024-10-21T11:21:21.946+0000] {processor.py:186} INFO - Started process (PID=53013) to work on /home/airflow/.local/lib/python3.12/site-packages/airflow/example_dags/example_params_trigger_ui.py
[2024-10-21T11:21:21.947+0000] {processor.py:914} INFO - Processing file /home/airflow/.local/lib/python3.12/site-packages/airflow/example_dags/example_params_trigger_ui.py for tasks to queue
[2024-10-21T11:21:21.949+0000] {logging_mixin.py:190} INFO - [2024-10-21T11:21:21.948+0000] {dagbag.py:588} INFO - Filling up the DagBag from /home/airflow/.local/lib/python3.12/site-packages/airflow/example_dags/example_params_trigger_ui.py
[2024-10-21T11:21:21.959+0000] {processor.py:925} INFO - DAG(s) 'example_params_trigger_ui' retrieved from /home/airflow/.local/lib/python3.12/site-packages/airflow/example_dags/example_params_trigger_ui.py
[2024-10-21T11:21:22.011+0000] {logging_mixin.py:190} INFO - [2024-10-21T11:21:22.011+0000] {dag.py:3239} INFO - Sync 1 DAGs
[2024-10-21T11:21:22.027+0000] {logging_mixin.py:190} INFO - [2024-10-21T11:21:22.026+0000] {dag.py:4180} INFO - Setting next_dagrun for example_params_trigger_ui to None, run_after=None
[2024-10-21T11:21:22.046+0000] {processor.py:208} INFO - Processing /home/airflow/.local/lib/python3.12/site-packages/airflow/example_dags/example_params_trigger_ui.py took 0.107 seconds
[2024-10-21T11:21:52.416+0000] {processor.py:186} INFO - Started process (PID=53080) to work on /home/airflow/.local/lib/python3.12/site-packages/airflow/example_dags/example_params_trigger_ui.py
[2024-10-21T11:21:52.417+0000] {processor.py:914} INFO - Processing file /home/airflow/.local/lib/python3.12/site-packages/airflow/example_dags/example_params_trigger_ui.py for tasks to queue
[2024-10-21T11:21:52.419+0000] {logging_mixin.py:190} INFO - [2024-10-21T11:21:52.418+0000] {dagbag.py:588} INFO - Filling up the DagBag from /home/airflow/.local/lib/python3.12/site-packages/airflow/example_dags/example_params_trigger_ui.py
[2024-10-21T11:21:52.429+0000] {processor.py:925} INFO - DAG(s) 'example_params_trigger_ui' retrieved from /home/airflow/.local/lib/python3.12/site-packages/airflow/example_dags/example_params_trigger_ui.py
[2024-10-21T11:21:52.484+0000] {logging_mixin.py:190} INFO - [2024-10-21T11:21:52.484+0000] {dag.py:3239} INFO - Sync 1 DAGs
[2024-10-21T11:21:52.499+0000] {logging_mixin.py:190} INFO - [2024-10-21T11:21:52.499+0000] {dag.py:4180} INFO - Setting next_dagrun for example_params_trigger_ui to None, run_after=None
[2024-10-21T11:21:52.516+0000] {processor.py:208} INFO - Processing /home/airflow/.local/lib/python3.12/site-packages/airflow/example_dags/example_params_trigger_ui.py took 0.106 seconds
[2024-10-21T11:22:22.628+0000] {processor.py:186} INFO - Started process (PID=53147) to work on /home/airflow/.local/lib/python3.12/site-packages/airflow/example_dags/example_params_trigger_ui.py
[2024-10-21T11:22:22.629+0000] {processor.py:914} INFO - Processing file /home/airflow/.local/lib/python3.12/site-packages/airflow/example_dags/example_params_trigger_ui.py for tasks to queue
[2024-10-21T11:22:22.630+0000] {logging_mixin.py:190} INFO - [2024-10-21T11:22:22.630+0000] {dagbag.py:588} INFO - Filling up the DagBag from /home/airflow/.local/lib/python3.12/site-packages/airflow/example_dags/example_params_trigger_ui.py
[2024-10-21T11:22:22.641+0000] {processor.py:925} INFO - DAG(s) 'example_params_trigger_ui' retrieved from /home/airflow/.local/lib/python3.12/site-packages/airflow/example_dags/example_params_trigger_ui.py
[2024-10-21T11:22:22.689+0000] {logging_mixin.py:190} INFO - [2024-10-21T11:22:22.689+0000] {dag.py:3239} INFO - Sync 1 DAGs
[2024-10-21T11:22:22.705+0000] {logging_mixin.py:190} INFO - [2024-10-21T11:22:22.705+0000] {dag.py:4180} INFO - Setting next_dagrun for example_params_trigger_ui to None, run_after=None
[2024-10-21T11:22:22.723+0000] {processor.py:208} INFO - Processing /home/airflow/.local/lib/python3.12/site-packages/airflow/example_dags/example_params_trigger_ui.py took 0.102 seconds
[2024-10-21T11:22:53.076+0000] {processor.py:186} INFO - Started process (PID=53214) to work on /home/airflow/.local/lib/python3.12/site-packages/airflow/example_dags/example_params_trigger_ui.py
[2024-10-21T11:22:53.077+0000] {processor.py:914} INFO - Processing file /home/airflow/.local/lib/python3.12/site-packages/airflow/example_dags/example_params_trigger_ui.py for tasks to queue
[2024-10-21T11:22:53.078+0000] {logging_mixin.py:190} INFO - [2024-10-21T11:22:53.078+0000] {dagbag.py:588} INFO - Filling up the DagBag from /home/airflow/.local/lib/python3.12/site-packages/airflow/example_dags/example_params_trigger_ui.py
[2024-10-21T11:22:53.089+0000] {processor.py:925} INFO - DAG(s) 'example_params_trigger_ui' retrieved from /home/airflow/.local/lib/python3.12/site-packages/airflow/example_dags/example_params_trigger_ui.py
[2024-10-21T11:22:53.138+0000] {logging_mixin.py:190} INFO - [2024-10-21T11:22:53.138+0000] {dag.py:3239} INFO - Sync 1 DAGs
[2024-10-21T11:22:53.155+0000] {logging_mixin.py:190} INFO - [2024-10-21T11:22:53.155+0000] {dag.py:4180} INFO - Setting next_dagrun for example_params_trigger_ui to None, run_after=None
[2024-10-21T11:22:53.173+0000] {processor.py:208} INFO - Processing /home/airflow/.local/lib/python3.12/site-packages/airflow/example_dags/example_params_trigger_ui.py took 0.105 seconds
[2024-10-21T11:23:24.095+0000] {processor.py:186} INFO - Started process (PID=53280) to work on /home/airflow/.local/lib/python3.12/site-packages/airflow/example_dags/example_params_trigger_ui.py
[2024-10-21T11:23:24.096+0000] {processor.py:914} INFO - Processing file /home/airflow/.local/lib/python3.12/site-packages/airflow/example_dags/example_params_trigger_ui.py for tasks to queue
[2024-10-21T11:23:24.098+0000] {logging_mixin.py:190} INFO - [2024-10-21T11:23:24.098+0000] {dagbag.py:588} INFO - Filling up the DagBag from /home/airflow/.local/lib/python3.12/site-packages/airflow/example_dags/example_params_trigger_ui.py
[2024-10-21T11:23:24.113+0000] {processor.py:925} INFO - DAG(s) 'example_params_trigger_ui' retrieved from /home/airflow/.local/lib/python3.12/site-packages/airflow/example_dags/example_params_trigger_ui.py
[2024-10-21T11:23:24.182+0000] {logging_mixin.py:190} INFO - [2024-10-21T11:23:24.182+0000] {dag.py:3239} INFO - Sync 1 DAGs
[2024-10-21T11:23:24.206+0000] {logging_mixin.py:190} INFO - [2024-10-21T11:23:24.206+0000] {dag.py:4180} INFO - Setting next_dagrun for example_params_trigger_ui to None, run_after=None
[2024-10-21T11:23:24.241+0000] {processor.py:208} INFO - Processing /home/airflow/.local/lib/python3.12/site-packages/airflow/example_dags/example_params_trigger_ui.py took 0.158 seconds
[2024-10-21T11:23:55.241+0000] {processor.py:186} INFO - Started process (PID=53347) to work on /home/airflow/.local/lib/python3.12/site-packages/airflow/example_dags/example_params_trigger_ui.py
[2024-10-21T11:23:55.242+0000] {processor.py:914} INFO - Processing file /home/airflow/.local/lib/python3.12/site-packages/airflow/example_dags/example_params_trigger_ui.py for tasks to queue
[2024-10-21T11:23:55.243+0000] {logging_mixin.py:190} INFO - [2024-10-21T11:23:55.243+0000] {dagbag.py:588} INFO - Filling up the DagBag from /home/airflow/.local/lib/python3.12/site-packages/airflow/example_dags/example_params_trigger_ui.py
[2024-10-21T11:23:55.255+0000] {processor.py:925} INFO - DAG(s) 'example_params_trigger_ui' retrieved from /home/airflow/.local/lib/python3.12/site-packages/airflow/example_dags/example_params_trigger_ui.py
[2024-10-21T11:23:55.307+0000] {logging_mixin.py:190} INFO - [2024-10-21T11:23:55.307+0000] {dag.py:3239} INFO - Sync 1 DAGs
[2024-10-21T11:23:55.325+0000] {logging_mixin.py:190} INFO - [2024-10-21T11:23:55.324+0000] {dag.py:4180} INFO - Setting next_dagrun for example_params_trigger_ui to None, run_after=None
[2024-10-21T11:23:55.342+0000] {processor.py:208} INFO - Processing /home/airflow/.local/lib/python3.12/site-packages/airflow/example_dags/example_params_trigger_ui.py took 0.111 seconds
[2024-10-21T11:24:26.597+0000] {processor.py:186} INFO - Started process (PID=53415) to work on /home/airflow/.local/lib/python3.12/site-packages/airflow/example_dags/example_params_trigger_ui.py
[2024-10-21T11:24:26.598+0000] {processor.py:914} INFO - Processing file /home/airflow/.local/lib/python3.12/site-packages/airflow/example_dags/example_params_trigger_ui.py for tasks to queue
[2024-10-21T11:24:26.599+0000] {logging_mixin.py:190} INFO - [2024-10-21T11:24:26.599+0000] {dagbag.py:588} INFO - Filling up the DagBag from /home/airflow/.local/lib/python3.12/site-packages/airflow/example_dags/example_params_trigger_ui.py
[2024-10-21T11:24:26.610+0000] {processor.py:925} INFO - DAG(s) 'example_params_trigger_ui' retrieved from /home/airflow/.local/lib/python3.12/site-packages/airflow/example_dags/example_params_trigger_ui.py
[2024-10-21T11:24:26.660+0000] {logging_mixin.py:190} INFO - [2024-10-21T11:24:26.660+0000] {dag.py:3239} INFO - Sync 1 DAGs
[2024-10-21T11:24:26.676+0000] {logging_mixin.py:190} INFO - [2024-10-21T11:24:26.676+0000] {dag.py:4180} INFO - Setting next_dagrun for example_params_trigger_ui to None, run_after=None
[2024-10-21T11:24:26.694+0000] {processor.py:208} INFO - Processing /home/airflow/.local/lib/python3.12/site-packages/airflow/example_dags/example_params_trigger_ui.py took 0.105 seconds
[2024-10-21T11:24:57.755+0000] {processor.py:186} INFO - Started process (PID=53482) to work on /home/airflow/.local/lib/python3.12/site-packages/airflow/example_dags/example_params_trigger_ui.py
[2024-10-21T11:24:57.756+0000] {processor.py:914} INFO - Processing file /home/airflow/.local/lib/python3.12/site-packages/airflow/example_dags/example_params_trigger_ui.py for tasks to queue
[2024-10-21T11:24:57.758+0000] {logging_mixin.py:190} INFO - [2024-10-21T11:24:57.757+0000] {dagbag.py:588} INFO - Filling up the DagBag from /home/airflow/.local/lib/python3.12/site-packages/airflow/example_dags/example_params_trigger_ui.py
[2024-10-21T11:24:57.769+0000] {processor.py:925} INFO - DAG(s) 'example_params_trigger_ui' retrieved from /home/airflow/.local/lib/python3.12/site-packages/airflow/example_dags/example_params_trigger_ui.py
[2024-10-21T11:24:57.819+0000] {logging_mixin.py:190} INFO - [2024-10-21T11:24:57.819+0000] {dag.py:3239} INFO - Sync 1 DAGs
[2024-10-21T11:24:57.834+0000] {logging_mixin.py:190} INFO - [2024-10-21T11:24:57.834+0000] {dag.py:4180} INFO - Setting next_dagrun for example_params_trigger_ui to None, run_after=None
[2024-10-21T11:24:57.851+0000] {processor.py:208} INFO - Processing /home/airflow/.local/lib/python3.12/site-packages/airflow/example_dags/example_params_trigger_ui.py took 0.104 seconds
[2024-10-21T11:25:29.030+0000] {processor.py:186} INFO - Started process (PID=53549) to work on /home/airflow/.local/lib/python3.12/site-packages/airflow/example_dags/example_params_trigger_ui.py
[2024-10-21T11:25:29.031+0000] {processor.py:914} INFO - Processing file /home/airflow/.local/lib/python3.12/site-packages/airflow/example_dags/example_params_trigger_ui.py for tasks to queue
[2024-10-21T11:25:29.032+0000] {logging_mixin.py:190} INFO - [2024-10-21T11:25:29.032+0000] {dagbag.py:588} INFO - Filling up the DagBag from /home/airflow/.local/lib/python3.12/site-packages/airflow/example_dags/example_params_trigger_ui.py
[2024-10-21T11:25:29.044+0000] {processor.py:925} INFO - DAG(s) 'example_params_trigger_ui' retrieved from /home/airflow/.local/lib/python3.12/site-packages/airflow/example_dags/example_params_trigger_ui.py
[2024-10-21T11:25:29.094+0000] {logging_mixin.py:190} INFO - [2024-10-21T11:25:29.093+0000] {dag.py:3239} INFO - Sync 1 DAGs
[2024-10-21T11:25:29.109+0000] {logging_mixin.py:190} INFO - [2024-10-21T11:25:29.109+0000] {dag.py:4180} INFO - Setting next_dagrun for example_params_trigger_ui to None, run_after=None
[2024-10-21T11:25:29.127+0000] {processor.py:208} INFO - Processing /home/airflow/.local/lib/python3.12/site-packages/airflow/example_dags/example_params_trigger_ui.py took 0.104 seconds
[2024-10-21T11:26:00.159+0000] {processor.py:186} INFO - Started process (PID=53616) to work on /home/airflow/.local/lib/python3.12/site-packages/airflow/example_dags/example_params_trigger_ui.py
[2024-10-21T11:26:00.160+0000] {processor.py:914} INFO - Processing file /home/airflow/.local/lib/python3.12/site-packages/airflow/example_dags/example_params_trigger_ui.py for tasks to queue
[2024-10-21T11:26:00.162+0000] {logging_mixin.py:190} INFO - [2024-10-21T11:26:00.161+0000] {dagbag.py:588} INFO - Filling up the DagBag from /home/airflow/.local/lib/python3.12/site-packages/airflow/example_dags/example_params_trigger_ui.py
[2024-10-21T11:26:00.173+0000] {processor.py:925} INFO - DAG(s) 'example_params_trigger_ui' retrieved from /home/airflow/.local/lib/python3.12/site-packages/airflow/example_dags/example_params_trigger_ui.py
[2024-10-21T11:26:00.227+0000] {logging_mixin.py:190} INFO - [2024-10-21T11:26:00.227+0000] {dag.py:3239} INFO - Sync 1 DAGs
[2024-10-21T11:26:00.245+0000] {logging_mixin.py:190} INFO - [2024-10-21T11:26:00.244+0000] {dag.py:4180} INFO - Setting next_dagrun for example_params_trigger_ui to None, run_after=None
[2024-10-21T11:26:00.261+0000] {processor.py:208} INFO - Processing /home/airflow/.local/lib/python3.12/site-packages/airflow/example_dags/example_params_trigger_ui.py took 0.109 seconds
[2024-10-21T11:26:31.356+0000] {processor.py:186} INFO - Started process (PID=53683) to work on /home/airflow/.local/lib/python3.12/site-packages/airflow/example_dags/example_params_trigger_ui.py
[2024-10-21T11:26:31.357+0000] {processor.py:914} INFO - Processing file /home/airflow/.local/lib/python3.12/site-packages/airflow/example_dags/example_params_trigger_ui.py for tasks to queue
[2024-10-21T11:26:31.359+0000] {logging_mixin.py:190} INFO - [2024-10-21T11:26:31.358+0000] {dagbag.py:588} INFO - Filling up the DagBag from /home/airflow/.local/lib/python3.12/site-packages/airflow/example_dags/example_params_trigger_ui.py
[2024-10-21T11:26:31.372+0000] {processor.py:925} INFO - DAG(s) 'example_params_trigger_ui' retrieved from /home/airflow/.local/lib/python3.12/site-packages/airflow/example_dags/example_params_trigger_ui.py
[2024-10-21T11:26:31.425+0000] {logging_mixin.py:190} INFO - [2024-10-21T11:26:31.425+0000] {dag.py:3239} INFO - Sync 1 DAGs
[2024-10-21T11:26:31.441+0000] {logging_mixin.py:190} INFO - [2024-10-21T11:26:31.441+0000] {dag.py:4180} INFO - Setting next_dagrun for example_params_trigger_ui to None, run_after=None
[2024-10-21T11:26:31.460+0000] {processor.py:208} INFO - Processing /home/airflow/.local/lib/python3.12/site-packages/airflow/example_dags/example_params_trigger_ui.py took 0.112 seconds
[2024-10-21T11:27:01.691+0000] {processor.py:186} INFO - Started process (PID=53750) to work on /home/airflow/.local/lib/python3.12/site-packages/airflow/example_dags/example_params_trigger_ui.py
[2024-10-21T11:27:01.693+0000] {processor.py:914} INFO - Processing file /home/airflow/.local/lib/python3.12/site-packages/airflow/example_dags/example_params_trigger_ui.py for tasks to queue
[2024-10-21T11:27:01.694+0000] {logging_mixin.py:190} INFO - [2024-10-21T11:27:01.694+0000] {dagbag.py:588} INFO - Filling up the DagBag from /home/airflow/.local/lib/python3.12/site-packages/airflow/example_dags/example_params_trigger_ui.py
[2024-10-21T11:27:01.705+0000] {processor.py:925} INFO - DAG(s) 'example_params_trigger_ui' retrieved from /home/airflow/.local/lib/python3.12/site-packages/airflow/example_dags/example_params_trigger_ui.py
[2024-10-21T11:27:01.759+0000] {logging_mixin.py:190} INFO - [2024-10-21T11:27:01.758+0000] {dag.py:3239} INFO - Sync 1 DAGs
[2024-10-21T11:27:01.774+0000] {logging_mixin.py:190} INFO - [2024-10-21T11:27:01.774+0000] {dag.py:4180} INFO - Setting next_dagrun for example_params_trigger_ui to None, run_after=None
[2024-10-21T11:27:01.792+0000] {processor.py:208} INFO - Processing /home/airflow/.local/lib/python3.12/site-packages/airflow/example_dags/example_params_trigger_ui.py took 0.114 seconds
[2024-10-21T11:27:32.028+0000] {processor.py:186} INFO - Started process (PID=53817) to work on /home/airflow/.local/lib/python3.12/site-packages/airflow/example_dags/example_params_trigger_ui.py
[2024-10-21T11:27:32.030+0000] {processor.py:914} INFO - Processing file /home/airflow/.local/lib/python3.12/site-packages/airflow/example_dags/example_params_trigger_ui.py for tasks to queue
[2024-10-21T11:27:32.031+0000] {logging_mixin.py:190} INFO - [2024-10-21T11:27:32.031+0000] {dagbag.py:588} INFO - Filling up the DagBag from /home/airflow/.local/lib/python3.12/site-packages/airflow/example_dags/example_params_trigger_ui.py
[2024-10-21T11:27:32.042+0000] {processor.py:925} INFO - DAG(s) 'example_params_trigger_ui' retrieved from /home/airflow/.local/lib/python3.12/site-packages/airflow/example_dags/example_params_trigger_ui.py
[2024-10-21T11:27:32.091+0000] {logging_mixin.py:190} INFO - [2024-10-21T11:27:32.091+0000] {dag.py:3239} INFO - Sync 1 DAGs
[2024-10-21T11:27:32.108+0000] {logging_mixin.py:190} INFO - [2024-10-21T11:27:32.108+0000] {dag.py:4180} INFO - Setting next_dagrun for example_params_trigger_ui to None, run_after=None
[2024-10-21T11:27:32.125+0000] {processor.py:208} INFO - Processing /home/airflow/.local/lib/python3.12/site-packages/airflow/example_dags/example_params_trigger_ui.py took 0.104 seconds
[2024-10-21T11:28:02.475+0000] {processor.py:186} INFO - Started process (PID=53884) to work on /home/airflow/.local/lib/python3.12/site-packages/airflow/example_dags/example_params_trigger_ui.py
[2024-10-21T11:28:02.476+0000] {processor.py:914} INFO - Processing file /home/airflow/.local/lib/python3.12/site-packages/airflow/example_dags/example_params_trigger_ui.py for tasks to queue
[2024-10-21T11:28:02.477+0000] {logging_mixin.py:190} INFO - [2024-10-21T11:28:02.477+0000] {dagbag.py:588} INFO - Filling up the DagBag from /home/airflow/.local/lib/python3.12/site-packages/airflow/example_dags/example_params_trigger_ui.py
[2024-10-21T11:28:02.488+0000] {processor.py:925} INFO - DAG(s) 'example_params_trigger_ui' retrieved from /home/airflow/.local/lib/python3.12/site-packages/airflow/example_dags/example_params_trigger_ui.py
[2024-10-21T11:28:02.541+0000] {logging_mixin.py:190} INFO - [2024-10-21T11:28:02.540+0000] {dag.py:3239} INFO - Sync 1 DAGs
[2024-10-21T11:28:02.557+0000] {logging_mixin.py:190} INFO - [2024-10-21T11:28:02.556+0000] {dag.py:4180} INFO - Setting next_dagrun for example_params_trigger_ui to None, run_after=None
[2024-10-21T11:28:02.575+0000] {processor.py:208} INFO - Processing /home/airflow/.local/lib/python3.12/site-packages/airflow/example_dags/example_params_trigger_ui.py took 0.108 seconds
[2024-10-21T11:28:32.959+0000] {processor.py:186} INFO - Started process (PID=53951) to work on /home/airflow/.local/lib/python3.12/site-packages/airflow/example_dags/example_params_trigger_ui.py
[2024-10-21T11:28:32.960+0000] {processor.py:914} INFO - Processing file /home/airflow/.local/lib/python3.12/site-packages/airflow/example_dags/example_params_trigger_ui.py for tasks to queue
[2024-10-21T11:28:32.962+0000] {logging_mixin.py:190} INFO - [2024-10-21T11:28:32.961+0000] {dagbag.py:588} INFO - Filling up the DagBag from /home/airflow/.local/lib/python3.12/site-packages/airflow/example_dags/example_params_trigger_ui.py
[2024-10-21T11:28:32.972+0000] {processor.py:925} INFO - DAG(s) 'example_params_trigger_ui' retrieved from /home/airflow/.local/lib/python3.12/site-packages/airflow/example_dags/example_params_trigger_ui.py
[2024-10-21T11:28:33.023+0000] {logging_mixin.py:190} INFO - [2024-10-21T11:28:33.023+0000] {dag.py:3239} INFO - Sync 1 DAGs
[2024-10-21T11:28:33.039+0000] {logging_mixin.py:190} INFO - [2024-10-21T11:28:33.039+0000] {dag.py:4180} INFO - Setting next_dagrun for example_params_trigger_ui to None, run_after=None
[2024-10-21T11:28:33.058+0000] {processor.py:208} INFO - Processing /home/airflow/.local/lib/python3.12/site-packages/airflow/example_dags/example_params_trigger_ui.py took 0.106 seconds
[2024-10-21T11:29:03.235+0000] {processor.py:186} INFO - Started process (PID=54017) to work on /home/airflow/.local/lib/python3.12/site-packages/airflow/example_dags/example_params_trigger_ui.py
[2024-10-21T11:29:03.236+0000] {processor.py:914} INFO - Processing file /home/airflow/.local/lib/python3.12/site-packages/airflow/example_dags/example_params_trigger_ui.py for tasks to queue
[2024-10-21T11:29:03.238+0000] {logging_mixin.py:190} INFO - [2024-10-21T11:29:03.237+0000] {dagbag.py:588} INFO - Filling up the DagBag from /home/airflow/.local/lib/python3.12/site-packages/airflow/example_dags/example_params_trigger_ui.py
[2024-10-21T11:29:03.249+0000] {processor.py:925} INFO - DAG(s) 'example_params_trigger_ui' retrieved from /home/airflow/.local/lib/python3.12/site-packages/airflow/example_dags/example_params_trigger_ui.py
[2024-10-21T11:29:03.300+0000] {logging_mixin.py:190} INFO - [2024-10-21T11:29:03.300+0000] {dag.py:3239} INFO - Sync 1 DAGs
[2024-10-21T11:29:03.316+0000] {logging_mixin.py:190} INFO - [2024-10-21T11:29:03.316+0000] {dag.py:4180} INFO - Setting next_dagrun for example_params_trigger_ui to None, run_after=None
[2024-10-21T11:29:03.334+0000] {processor.py:208} INFO - Processing /home/airflow/.local/lib/python3.12/site-packages/airflow/example_dags/example_params_trigger_ui.py took 0.106 seconds
[2024-10-21T11:29:33.598+0000] {processor.py:186} INFO - Started process (PID=54084) to work on /home/airflow/.local/lib/python3.12/site-packages/airflow/example_dags/example_params_trigger_ui.py
[2024-10-21T11:29:33.599+0000] {processor.py:914} INFO - Processing file /home/airflow/.local/lib/python3.12/site-packages/airflow/example_dags/example_params_trigger_ui.py for tasks to queue
[2024-10-21T11:29:33.601+0000] {logging_mixin.py:190} INFO - [2024-10-21T11:29:33.600+0000] {dagbag.py:588} INFO - Filling up the DagBag from /home/airflow/.local/lib/python3.12/site-packages/airflow/example_dags/example_params_trigger_ui.py
[2024-10-21T11:29:33.612+0000] {processor.py:925} INFO - DAG(s) 'example_params_trigger_ui' retrieved from /home/airflow/.local/lib/python3.12/site-packages/airflow/example_dags/example_params_trigger_ui.py
[2024-10-21T11:29:33.669+0000] {logging_mixin.py:190} INFO - [2024-10-21T11:29:33.669+0000] {dag.py:3239} INFO - Sync 1 DAGs
[2024-10-21T11:29:33.686+0000] {logging_mixin.py:190} INFO - [2024-10-21T11:29:33.685+0000] {dag.py:4180} INFO - Setting next_dagrun for example_params_trigger_ui to None, run_after=None
[2024-10-21T11:29:33.703+0000] {processor.py:208} INFO - Processing /home/airflow/.local/lib/python3.12/site-packages/airflow/example_dags/example_params_trigger_ui.py took 0.113 seconds
[2024-10-21T11:30:04.859+0000] {processor.py:186} INFO - Started process (PID=54152) to work on /home/airflow/.local/lib/python3.12/site-packages/airflow/example_dags/example_params_trigger_ui.py
[2024-10-21T11:30:04.861+0000] {processor.py:914} INFO - Processing file /home/airflow/.local/lib/python3.12/site-packages/airflow/example_dags/example_params_trigger_ui.py for tasks to queue
[2024-10-21T11:30:04.862+0000] {logging_mixin.py:190} INFO - [2024-10-21T11:30:04.862+0000] {dagbag.py:588} INFO - Filling up the DagBag from /home/airflow/.local/lib/python3.12/site-packages/airflow/example_dags/example_params_trigger_ui.py
[2024-10-21T11:30:04.875+0000] {processor.py:925} INFO - DAG(s) 'example_params_trigger_ui' retrieved from /home/airflow/.local/lib/python3.12/site-packages/airflow/example_dags/example_params_trigger_ui.py
[2024-10-21T11:30:04.928+0000] {logging_mixin.py:190} INFO - [2024-10-21T11:30:04.927+0000] {dag.py:3239} INFO - Sync 1 DAGs
[2024-10-21T11:30:04.945+0000] {logging_mixin.py:190} INFO - [2024-10-21T11:30:04.944+0000] {dag.py:4180} INFO - Setting next_dagrun for example_params_trigger_ui to None, run_after=None
[2024-10-21T11:30:04.964+0000] {processor.py:208} INFO - Processing /home/airflow/.local/lib/python3.12/site-packages/airflow/example_dags/example_params_trigger_ui.py took 0.112 seconds
[2024-10-21T11:30:35.350+0000] {processor.py:186} INFO - Started process (PID=54219) to work on /home/airflow/.local/lib/python3.12/site-packages/airflow/example_dags/example_params_trigger_ui.py
[2024-10-21T11:30:35.351+0000] {processor.py:914} INFO - Processing file /home/airflow/.local/lib/python3.12/site-packages/airflow/example_dags/example_params_trigger_ui.py for tasks to queue
[2024-10-21T11:30:35.353+0000] {logging_mixin.py:190} INFO - [2024-10-21T11:30:35.352+0000] {dagbag.py:588} INFO - Filling up the DagBag from /home/airflow/.local/lib/python3.12/site-packages/airflow/example_dags/example_params_trigger_ui.py
[2024-10-21T11:30:35.364+0000] {processor.py:925} INFO - DAG(s) 'example_params_trigger_ui' retrieved from /home/airflow/.local/lib/python3.12/site-packages/airflow/example_dags/example_params_trigger_ui.py
[2024-10-21T11:30:35.412+0000] {logging_mixin.py:190} INFO - [2024-10-21T11:30:35.412+0000] {dag.py:3239} INFO - Sync 1 DAGs
[2024-10-21T11:30:35.428+0000] {logging_mixin.py:190} INFO - [2024-10-21T11:30:35.427+0000] {dag.py:4180} INFO - Setting next_dagrun for example_params_trigger_ui to None, run_after=None
[2024-10-21T11:30:35.447+0000] {processor.py:208} INFO - Processing /home/airflow/.local/lib/python3.12/site-packages/airflow/example_dags/example_params_trigger_ui.py took 0.104 seconds
[2024-10-21T11:31:05.885+0000] {processor.py:186} INFO - Started process (PID=54285) to work on /home/airflow/.local/lib/python3.12/site-packages/airflow/example_dags/example_params_trigger_ui.py
[2024-10-21T11:31:05.886+0000] {processor.py:914} INFO - Processing file /home/airflow/.local/lib/python3.12/site-packages/airflow/example_dags/example_params_trigger_ui.py for tasks to queue
[2024-10-21T11:31:05.888+0000] {logging_mixin.py:190} INFO - [2024-10-21T11:31:05.887+0000] {dagbag.py:588} INFO - Filling up the DagBag from /home/airflow/.local/lib/python3.12/site-packages/airflow/example_dags/example_params_trigger_ui.py
[2024-10-21T11:31:05.900+0000] {processor.py:925} INFO - DAG(s) 'example_params_trigger_ui' retrieved from /home/airflow/.local/lib/python3.12/site-packages/airflow/example_dags/example_params_trigger_ui.py
[2024-10-21T11:31:05.968+0000] {logging_mixin.py:190} INFO - [2024-10-21T11:31:05.968+0000] {dag.py:3239} INFO - Sync 1 DAGs
[2024-10-21T11:31:05.993+0000] {logging_mixin.py:190} INFO - [2024-10-21T11:31:05.993+0000] {dag.py:4180} INFO - Setting next_dagrun for example_params_trigger_ui to None, run_after=None
[2024-10-21T11:31:06.015+0000] {processor.py:208} INFO - Processing /home/airflow/.local/lib/python3.12/site-packages/airflow/example_dags/example_params_trigger_ui.py took 0.139 seconds
[2024-10-21T11:31:36.459+0000] {processor.py:186} INFO - Started process (PID=54352) to work on /home/airflow/.local/lib/python3.12/site-packages/airflow/example_dags/example_params_trigger_ui.py
[2024-10-21T11:31:36.460+0000] {processor.py:914} INFO - Processing file /home/airflow/.local/lib/python3.12/site-packages/airflow/example_dags/example_params_trigger_ui.py for tasks to queue
[2024-10-21T11:31:36.461+0000] {logging_mixin.py:190} INFO - [2024-10-21T11:31:36.461+0000] {dagbag.py:588} INFO - Filling up the DagBag from /home/airflow/.local/lib/python3.12/site-packages/airflow/example_dags/example_params_trigger_ui.py
[2024-10-21T11:31:36.473+0000] {processor.py:925} INFO - DAG(s) 'example_params_trigger_ui' retrieved from /home/airflow/.local/lib/python3.12/site-packages/airflow/example_dags/example_params_trigger_ui.py
[2024-10-21T11:31:36.522+0000] {logging_mixin.py:190} INFO - [2024-10-21T11:31:36.522+0000] {dag.py:3239} INFO - Sync 1 DAGs
[2024-10-21T11:31:36.540+0000] {logging_mixin.py:190} INFO - [2024-10-21T11:31:36.540+0000] {dag.py:4180} INFO - Setting next_dagrun for example_params_trigger_ui to None, run_after=None
[2024-10-21T11:31:36.558+0000] {processor.py:208} INFO - Processing /home/airflow/.local/lib/python3.12/site-packages/airflow/example_dags/example_params_trigger_ui.py took 0.107 seconds
[2024-10-21T11:32:06.921+0000] {processor.py:186} INFO - Started process (PID=54419) to work on /home/airflow/.local/lib/python3.12/site-packages/airflow/example_dags/example_params_trigger_ui.py
[2024-10-21T11:32:06.922+0000] {processor.py:914} INFO - Processing file /home/airflow/.local/lib/python3.12/site-packages/airflow/example_dags/example_params_trigger_ui.py for tasks to queue
[2024-10-21T11:32:06.924+0000] {logging_mixin.py:190} INFO - [2024-10-21T11:32:06.923+0000] {dagbag.py:588} INFO - Filling up the DagBag from /home/airflow/.local/lib/python3.12/site-packages/airflow/example_dags/example_params_trigger_ui.py
[2024-10-21T11:32:06.935+0000] {processor.py:925} INFO - DAG(s) 'example_params_trigger_ui' retrieved from /home/airflow/.local/lib/python3.12/site-packages/airflow/example_dags/example_params_trigger_ui.py
[2024-10-21T11:32:06.990+0000] {logging_mixin.py:190} INFO - [2024-10-21T11:32:06.990+0000] {dag.py:3239} INFO - Sync 1 DAGs
[2024-10-21T11:32:07.006+0000] {logging_mixin.py:190} INFO - [2024-10-21T11:32:07.006+0000] {dag.py:4180} INFO - Setting next_dagrun for example_params_trigger_ui to None, run_after=None
[2024-10-21T11:32:07.024+0000] {processor.py:208} INFO - Processing /home/airflow/.local/lib/python3.12/site-packages/airflow/example_dags/example_params_trigger_ui.py took 0.111 seconds
[2024-10-21T11:32:37.969+0000] {processor.py:186} INFO - Started process (PID=54486) to work on /home/airflow/.local/lib/python3.12/site-packages/airflow/example_dags/example_params_trigger_ui.py
[2024-10-21T11:32:37.970+0000] {processor.py:914} INFO - Processing file /home/airflow/.local/lib/python3.12/site-packages/airflow/example_dags/example_params_trigger_ui.py for tasks to queue
[2024-10-21T11:32:37.971+0000] {logging_mixin.py:190} INFO - [2024-10-21T11:32:37.971+0000] {dagbag.py:588} INFO - Filling up the DagBag from /home/airflow/.local/lib/python3.12/site-packages/airflow/example_dags/example_params_trigger_ui.py
[2024-10-21T11:32:37.982+0000] {processor.py:925} INFO - DAG(s) 'example_params_trigger_ui' retrieved from /home/airflow/.local/lib/python3.12/site-packages/airflow/example_dags/example_params_trigger_ui.py
[2024-10-21T11:32:38.033+0000] {logging_mixin.py:190} INFO - [2024-10-21T11:32:38.033+0000] {dag.py:3239} INFO - Sync 1 DAGs
[2024-10-21T11:32:38.049+0000] {logging_mixin.py:190} INFO - [2024-10-21T11:32:38.049+0000] {dag.py:4180} INFO - Setting next_dagrun for example_params_trigger_ui to None, run_after=None
[2024-10-21T11:32:38.066+0000] {processor.py:208} INFO - Processing /home/airflow/.local/lib/python3.12/site-packages/airflow/example_dags/example_params_trigger_ui.py took 0.104 seconds
[2024-10-21T11:33:09.164+0000] {processor.py:186} INFO - Started process (PID=54558) to work on /home/airflow/.local/lib/python3.12/site-packages/airflow/example_dags/example_params_trigger_ui.py
[2024-10-21T11:33:09.165+0000] {processor.py:914} INFO - Processing file /home/airflow/.local/lib/python3.12/site-packages/airflow/example_dags/example_params_trigger_ui.py for tasks to queue
[2024-10-21T11:33:09.167+0000] {logging_mixin.py:190} INFO - [2024-10-21T11:33:09.166+0000] {dagbag.py:588} INFO - Filling up the DagBag from /home/airflow/.local/lib/python3.12/site-packages/airflow/example_dags/example_params_trigger_ui.py
[2024-10-21T11:33:09.177+0000] {processor.py:925} INFO - DAG(s) 'example_params_trigger_ui' retrieved from /home/airflow/.local/lib/python3.12/site-packages/airflow/example_dags/example_params_trigger_ui.py
[2024-10-21T11:33:09.234+0000] {logging_mixin.py:190} INFO - [2024-10-21T11:33:09.234+0000] {dag.py:3239} INFO - Sync 1 DAGs
[2024-10-21T11:33:09.251+0000] {logging_mixin.py:190} INFO - [2024-10-21T11:33:09.251+0000] {dag.py:4180} INFO - Setting next_dagrun for example_params_trigger_ui to None, run_after=None
[2024-10-21T11:33:09.269+0000] {processor.py:208} INFO - Processing /home/airflow/.local/lib/python3.12/site-packages/airflow/example_dags/example_params_trigger_ui.py took 0.112 seconds
[2024-10-21T11:33:39.550+0000] {processor.py:186} INFO - Started process (PID=54625) to work on /home/airflow/.local/lib/python3.12/site-packages/airflow/example_dags/example_params_trigger_ui.py
[2024-10-21T11:33:39.551+0000] {processor.py:914} INFO - Processing file /home/airflow/.local/lib/python3.12/site-packages/airflow/example_dags/example_params_trigger_ui.py for tasks to queue
[2024-10-21T11:33:39.552+0000] {logging_mixin.py:190} INFO - [2024-10-21T11:33:39.552+0000] {dagbag.py:588} INFO - Filling up the DagBag from /home/airflow/.local/lib/python3.12/site-packages/airflow/example_dags/example_params_trigger_ui.py
[2024-10-21T11:33:39.563+0000] {processor.py:925} INFO - DAG(s) 'example_params_trigger_ui' retrieved from /home/airflow/.local/lib/python3.12/site-packages/airflow/example_dags/example_params_trigger_ui.py
[2024-10-21T11:33:39.614+0000] {logging_mixin.py:190} INFO - [2024-10-21T11:33:39.613+0000] {dag.py:3239} INFO - Sync 1 DAGs
[2024-10-21T11:33:39.630+0000] {logging_mixin.py:190} INFO - [2024-10-21T11:33:39.630+0000] {dag.py:4180} INFO - Setting next_dagrun for example_params_trigger_ui to None, run_after=None
[2024-10-21T11:33:39.648+0000] {processor.py:208} INFO - Processing /home/airflow/.local/lib/python3.12/site-packages/airflow/example_dags/example_params_trigger_ui.py took 0.106 seconds
[2024-10-21T11:34:09.923+0000] {processor.py:186} INFO - Started process (PID=54692) to work on /home/airflow/.local/lib/python3.12/site-packages/airflow/example_dags/example_params_trigger_ui.py
[2024-10-21T11:34:09.925+0000] {processor.py:914} INFO - Processing file /home/airflow/.local/lib/python3.12/site-packages/airflow/example_dags/example_params_trigger_ui.py for tasks to queue
[2024-10-21T11:34:09.926+0000] {logging_mixin.py:190} INFO - [2024-10-21T11:34:09.926+0000] {dagbag.py:588} INFO - Filling up the DagBag from /home/airflow/.local/lib/python3.12/site-packages/airflow/example_dags/example_params_trigger_ui.py
[2024-10-21T11:34:09.938+0000] {processor.py:925} INFO - DAG(s) 'example_params_trigger_ui' retrieved from /home/airflow/.local/lib/python3.12/site-packages/airflow/example_dags/example_params_trigger_ui.py
[2024-10-21T11:34:09.988+0000] {logging_mixin.py:190} INFO - [2024-10-21T11:34:09.988+0000] {dag.py:3239} INFO - Sync 1 DAGs
[2024-10-21T11:34:10.004+0000] {logging_mixin.py:190} INFO - [2024-10-21T11:34:10.004+0000] {dag.py:4180} INFO - Setting next_dagrun for example_params_trigger_ui to None, run_after=None
[2024-10-21T11:34:10.021+0000] {processor.py:208} INFO - Processing /home/airflow/.local/lib/python3.12/site-packages/airflow/example_dags/example_params_trigger_ui.py took 0.106 seconds
[2024-10-21T11:34:59.799+0000] {processor.py:186} INFO - Started process (PID=54778) to work on /home/airflow/.local/lib/python3.12/site-packages/airflow/example_dags/example_params_trigger_ui.py
[2024-10-21T11:34:59.801+0000] {processor.py:914} INFO - Processing file /home/airflow/.local/lib/python3.12/site-packages/airflow/example_dags/example_params_trigger_ui.py for tasks to queue
[2024-10-21T11:34:59.802+0000] {logging_mixin.py:190} INFO - [2024-10-21T11:34:59.802+0000] {dagbag.py:588} INFO - Filling up the DagBag from /home/airflow/.local/lib/python3.12/site-packages/airflow/example_dags/example_params_trigger_ui.py
[2024-10-21T11:34:59.814+0000] {processor.py:925} INFO - DAG(s) 'example_params_trigger_ui' retrieved from /home/airflow/.local/lib/python3.12/site-packages/airflow/example_dags/example_params_trigger_ui.py
[2024-10-21T11:34:59.867+0000] {logging_mixin.py:190} INFO - [2024-10-21T11:34:59.867+0000] {dag.py:3239} INFO - Sync 1 DAGs
[2024-10-21T11:34:59.885+0000] {logging_mixin.py:190} INFO - [2024-10-21T11:34:59.884+0000] {dag.py:4180} INFO - Setting next_dagrun for example_params_trigger_ui to None, run_after=None
[2024-10-21T11:34:59.908+0000] {processor.py:208} INFO - Processing /home/airflow/.local/lib/python3.12/site-packages/airflow/example_dags/example_params_trigger_ui.py took 0.116 seconds
