[2024-10-21T10:53:16.734+0000] {processor.py:186} INFO - Started process (PID=49311) to work on /home/airflow/.local/lib/python3.12/site-packages/airflow/example_dags/example_short_circuit_decorator.py
[2024-10-21T10:53:16.738+0000] {processor.py:914} INFO - Processing file /home/airflow/.local/lib/python3.12/site-packages/airflow/example_dags/example_short_circuit_decorator.py for tasks to queue
[2024-10-21T10:53:16.741+0000] {logging_mixin.py:190} INFO - [2024-10-21T10:53:16.740+0000] {dagbag.py:588} INFO - Filling up the DagBag from /home/airflow/.local/lib/python3.12/site-packages/airflow/example_dags/example_short_circuit_decorator.py
[2024-10-21T10:53:16.766+0000] {processor.py:925} INFO - DAG(s) 'example_short_circuit_decorator' retrieved from /home/airflow/.local/lib/python3.12/site-packages/airflow/example_dags/example_short_circuit_decorator.py
[2024-10-21T10:53:16.817+0000] {logging_mixin.py:190} INFO - [2024-10-21T10:53:16.817+0000] {dag.py:3239} INFO - Sync 1 DAGs
[2024-10-21T10:53:16.853+0000] {logging_mixin.py:190} INFO - [2024-10-21T10:53:16.852+0000] {dag.py:4180} INFO - Setting next_dagrun for example_short_circuit_decorator to None, run_after=None
[2024-10-21T10:53:16.876+0000] {processor.py:208} INFO - Processing /home/airflow/.local/lib/python3.12/site-packages/airflow/example_dags/example_short_circuit_decorator.py took 0.154 seconds
[2024-10-21T10:53:47.615+0000] {processor.py:186} INFO - Started process (PID=49378) to work on /home/airflow/.local/lib/python3.12/site-packages/airflow/example_dags/example_short_circuit_decorator.py
[2024-10-21T10:53:47.617+0000] {processor.py:914} INFO - Processing file /home/airflow/.local/lib/python3.12/site-packages/airflow/example_dags/example_short_circuit_decorator.py for tasks to queue
[2024-10-21T10:53:47.618+0000] {logging_mixin.py:190} INFO - [2024-10-21T10:53:47.618+0000] {dagbag.py:588} INFO - Filling up the DagBag from /home/airflow/.local/lib/python3.12/site-packages/airflow/example_dags/example_short_circuit_decorator.py
[2024-10-21T10:53:47.628+0000] {processor.py:925} INFO - DAG(s) 'example_short_circuit_decorator' retrieved from /home/airflow/.local/lib/python3.12/site-packages/airflow/example_dags/example_short_circuit_decorator.py
[2024-10-21T10:53:47.654+0000] {logging_mixin.py:190} INFO - [2024-10-21T10:53:47.654+0000] {dag.py:3239} INFO - Sync 1 DAGs
[2024-10-21T10:53:47.671+0000] {logging_mixin.py:190} INFO - [2024-10-21T10:53:47.670+0000] {dag.py:4180} INFO - Setting next_dagrun for example_short_circuit_decorator to None, run_after=None
[2024-10-21T10:53:47.688+0000] {processor.py:208} INFO - Processing /home/airflow/.local/lib/python3.12/site-packages/airflow/example_dags/example_short_circuit_decorator.py took 0.080 seconds
[2024-10-21T10:54:18.497+0000] {processor.py:186} INFO - Started process (PID=49445) to work on /home/airflow/.local/lib/python3.12/site-packages/airflow/example_dags/example_short_circuit_decorator.py
[2024-10-21T10:54:18.498+0000] {processor.py:914} INFO - Processing file /home/airflow/.local/lib/python3.12/site-packages/airflow/example_dags/example_short_circuit_decorator.py for tasks to queue
[2024-10-21T10:54:18.499+0000] {logging_mixin.py:190} INFO - [2024-10-21T10:54:18.499+0000] {dagbag.py:588} INFO - Filling up the DagBag from /home/airflow/.local/lib/python3.12/site-packages/airflow/example_dags/example_short_circuit_decorator.py
[2024-10-21T10:54:18.510+0000] {processor.py:925} INFO - DAG(s) 'example_short_circuit_decorator' retrieved from /home/airflow/.local/lib/python3.12/site-packages/airflow/example_dags/example_short_circuit_decorator.py
[2024-10-21T10:54:18.539+0000] {logging_mixin.py:190} INFO - [2024-10-21T10:54:18.538+0000] {dag.py:3239} INFO - Sync 1 DAGs
[2024-10-21T10:54:18.558+0000] {logging_mixin.py:190} INFO - [2024-10-21T10:54:18.557+0000] {dag.py:4180} INFO - Setting next_dagrun for example_short_circuit_decorator to None, run_after=None
[2024-10-21T10:54:18.578+0000] {processor.py:208} INFO - Processing /home/airflow/.local/lib/python3.12/site-packages/airflow/example_dags/example_short_circuit_decorator.py took 0.089 seconds
[2024-10-21T10:54:48.938+0000] {processor.py:186} INFO - Started process (PID=49512) to work on /home/airflow/.local/lib/python3.12/site-packages/airflow/example_dags/example_short_circuit_decorator.py
[2024-10-21T10:54:48.939+0000] {processor.py:914} INFO - Processing file /home/airflow/.local/lib/python3.12/site-packages/airflow/example_dags/example_short_circuit_decorator.py for tasks to queue
[2024-10-21T10:54:48.940+0000] {logging_mixin.py:190} INFO - [2024-10-21T10:54:48.940+0000] {dagbag.py:588} INFO - Filling up the DagBag from /home/airflow/.local/lib/python3.12/site-packages/airflow/example_dags/example_short_circuit_decorator.py
[2024-10-21T10:54:48.950+0000] {processor.py:925} INFO - DAG(s) 'example_short_circuit_decorator' retrieved from /home/airflow/.local/lib/python3.12/site-packages/airflow/example_dags/example_short_circuit_decorator.py
[2024-10-21T10:54:48.978+0000] {logging_mixin.py:190} INFO - [2024-10-21T10:54:48.977+0000] {dag.py:3239} INFO - Sync 1 DAGs
[2024-10-21T10:54:48.996+0000] {logging_mixin.py:190} INFO - [2024-10-21T10:54:48.995+0000] {dag.py:4180} INFO - Setting next_dagrun for example_short_circuit_decorator to None, run_after=None
[2024-10-21T10:54:49.013+0000] {processor.py:208} INFO - Processing /home/airflow/.local/lib/python3.12/site-packages/airflow/example_dags/example_short_circuit_decorator.py took 0.083 seconds
[2024-10-21T10:55:19.102+0000] {processor.py:186} INFO - Started process (PID=49578) to work on /home/airflow/.local/lib/python3.12/site-packages/airflow/example_dags/example_short_circuit_decorator.py
[2024-10-21T10:55:19.103+0000] {processor.py:914} INFO - Processing file /home/airflow/.local/lib/python3.12/site-packages/airflow/example_dags/example_short_circuit_decorator.py for tasks to queue
[2024-10-21T10:55:19.104+0000] {logging_mixin.py:190} INFO - [2024-10-21T10:55:19.104+0000] {dagbag.py:588} INFO - Filling up the DagBag from /home/airflow/.local/lib/python3.12/site-packages/airflow/example_dags/example_short_circuit_decorator.py
[2024-10-21T10:55:19.114+0000] {processor.py:925} INFO - DAG(s) 'example_short_circuit_decorator' retrieved from /home/airflow/.local/lib/python3.12/site-packages/airflow/example_dags/example_short_circuit_decorator.py
[2024-10-21T10:55:19.140+0000] {logging_mixin.py:190} INFO - [2024-10-21T10:55:19.140+0000] {dag.py:3239} INFO - Sync 1 DAGs
[2024-10-21T10:55:19.156+0000] {logging_mixin.py:190} INFO - [2024-10-21T10:55:19.156+0000] {dag.py:4180} INFO - Setting next_dagrun for example_short_circuit_decorator to None, run_after=None
[2024-10-21T10:55:19.173+0000] {processor.py:208} INFO - Processing /home/airflow/.local/lib/python3.12/site-packages/airflow/example_dags/example_short_circuit_decorator.py took 0.079 seconds
[2024-10-21T10:55:49.403+0000] {processor.py:186} INFO - Started process (PID=49645) to work on /home/airflow/.local/lib/python3.12/site-packages/airflow/example_dags/example_short_circuit_decorator.py
[2024-10-21T10:55:49.404+0000] {processor.py:914} INFO - Processing file /home/airflow/.local/lib/python3.12/site-packages/airflow/example_dags/example_short_circuit_decorator.py for tasks to queue
[2024-10-21T10:55:49.406+0000] {logging_mixin.py:190} INFO - [2024-10-21T10:55:49.405+0000] {dagbag.py:588} INFO - Filling up the DagBag from /home/airflow/.local/lib/python3.12/site-packages/airflow/example_dags/example_short_circuit_decorator.py
[2024-10-21T10:55:49.420+0000] {processor.py:925} INFO - DAG(s) 'example_short_circuit_decorator' retrieved from /home/airflow/.local/lib/python3.12/site-packages/airflow/example_dags/example_short_circuit_decorator.py
[2024-10-21T10:55:49.454+0000] {logging_mixin.py:190} INFO - [2024-10-21T10:55:49.454+0000] {dag.py:3239} INFO - Sync 1 DAGs
[2024-10-21T10:55:49.475+0000] {logging_mixin.py:190} INFO - [2024-10-21T10:55:49.475+0000] {dag.py:4180} INFO - Setting next_dagrun for example_short_circuit_decorator to None, run_after=None
[2024-10-21T10:55:49.501+0000] {processor.py:208} INFO - Processing /home/airflow/.local/lib/python3.12/site-packages/airflow/example_dags/example_short_circuit_decorator.py took 0.108 seconds
[2024-10-21T10:56:19.801+0000] {processor.py:186} INFO - Started process (PID=49711) to work on /home/airflow/.local/lib/python3.12/site-packages/airflow/example_dags/example_short_circuit_decorator.py
[2024-10-21T10:56:19.802+0000] {processor.py:914} INFO - Processing file /home/airflow/.local/lib/python3.12/site-packages/airflow/example_dags/example_short_circuit_decorator.py for tasks to queue
[2024-10-21T10:56:19.804+0000] {logging_mixin.py:190} INFO - [2024-10-21T10:56:19.803+0000] {dagbag.py:588} INFO - Filling up the DagBag from /home/airflow/.local/lib/python3.12/site-packages/airflow/example_dags/example_short_circuit_decorator.py
[2024-10-21T10:56:19.813+0000] {processor.py:925} INFO - DAG(s) 'example_short_circuit_decorator' retrieved from /home/airflow/.local/lib/python3.12/site-packages/airflow/example_dags/example_short_circuit_decorator.py
[2024-10-21T10:56:19.846+0000] {logging_mixin.py:190} INFO - [2024-10-21T10:56:19.846+0000] {dag.py:3239} INFO - Sync 1 DAGs
[2024-10-21T10:56:19.864+0000] {logging_mixin.py:190} INFO - [2024-10-21T10:56:19.862+0000] {dag.py:4180} INFO - Setting next_dagrun for example_short_circuit_decorator to None, run_after=None
[2024-10-21T10:56:19.882+0000] {processor.py:208} INFO - Processing /home/airflow/.local/lib/python3.12/site-packages/airflow/example_dags/example_short_circuit_decorator.py took 0.088 seconds
[2024-10-21T10:56:50.058+0000] {processor.py:186} INFO - Started process (PID=49778) to work on /home/airflow/.local/lib/python3.12/site-packages/airflow/example_dags/example_short_circuit_decorator.py
[2024-10-21T10:56:50.060+0000] {processor.py:914} INFO - Processing file /home/airflow/.local/lib/python3.12/site-packages/airflow/example_dags/example_short_circuit_decorator.py for tasks to queue
[2024-10-21T10:56:50.061+0000] {logging_mixin.py:190} INFO - [2024-10-21T10:56:50.061+0000] {dagbag.py:588} INFO - Filling up the DagBag from /home/airflow/.local/lib/python3.12/site-packages/airflow/example_dags/example_short_circuit_decorator.py
[2024-10-21T10:56:50.071+0000] {processor.py:925} INFO - DAG(s) 'example_short_circuit_decorator' retrieved from /home/airflow/.local/lib/python3.12/site-packages/airflow/example_dags/example_short_circuit_decorator.py
[2024-10-21T10:56:50.098+0000] {logging_mixin.py:190} INFO - [2024-10-21T10:56:50.098+0000] {dag.py:3239} INFO - Sync 1 DAGs
[2024-10-21T10:56:50.114+0000] {logging_mixin.py:190} INFO - [2024-10-21T10:56:50.114+0000] {dag.py:4180} INFO - Setting next_dagrun for example_short_circuit_decorator to None, run_after=None
[2024-10-21T10:56:50.132+0000] {processor.py:208} INFO - Processing /home/airflow/.local/lib/python3.12/site-packages/airflow/example_dags/example_short_circuit_decorator.py took 0.081 seconds
[2024-10-21T10:57:20.871+0000] {processor.py:186} INFO - Started process (PID=49845) to work on /home/airflow/.local/lib/python3.12/site-packages/airflow/example_dags/example_short_circuit_decorator.py
[2024-10-21T10:57:20.872+0000] {processor.py:914} INFO - Processing file /home/airflow/.local/lib/python3.12/site-packages/airflow/example_dags/example_short_circuit_decorator.py for tasks to queue
[2024-10-21T10:57:20.874+0000] {logging_mixin.py:190} INFO - [2024-10-21T10:57:20.874+0000] {dagbag.py:588} INFO - Filling up the DagBag from /home/airflow/.local/lib/python3.12/site-packages/airflow/example_dags/example_short_circuit_decorator.py
[2024-10-21T10:57:20.884+0000] {processor.py:925} INFO - DAG(s) 'example_short_circuit_decorator' retrieved from /home/airflow/.local/lib/python3.12/site-packages/airflow/example_dags/example_short_circuit_decorator.py
[2024-10-21T10:57:20.910+0000] {logging_mixin.py:190} INFO - [2024-10-21T10:57:20.910+0000] {dag.py:3239} INFO - Sync 1 DAGs
[2024-10-21T10:57:20.929+0000] {logging_mixin.py:190} INFO - [2024-10-21T10:57:20.928+0000] {dag.py:4180} INFO - Setting next_dagrun for example_short_circuit_decorator to None, run_after=None
[2024-10-21T10:57:20.953+0000] {processor.py:208} INFO - Processing /home/airflow/.local/lib/python3.12/site-packages/airflow/example_dags/example_short_circuit_decorator.py took 0.090 seconds
[2024-10-21T10:57:51.626+0000] {processor.py:186} INFO - Started process (PID=49912) to work on /home/airflow/.local/lib/python3.12/site-packages/airflow/example_dags/example_short_circuit_decorator.py
[2024-10-21T10:57:51.627+0000] {processor.py:914} INFO - Processing file /home/airflow/.local/lib/python3.12/site-packages/airflow/example_dags/example_short_circuit_decorator.py for tasks to queue
[2024-10-21T10:57:51.628+0000] {logging_mixin.py:190} INFO - [2024-10-21T10:57:51.628+0000] {dagbag.py:588} INFO - Filling up the DagBag from /home/airflow/.local/lib/python3.12/site-packages/airflow/example_dags/example_short_circuit_decorator.py
[2024-10-21T10:57:51.639+0000] {processor.py:925} INFO - DAG(s) 'example_short_circuit_decorator' retrieved from /home/airflow/.local/lib/python3.12/site-packages/airflow/example_dags/example_short_circuit_decorator.py
[2024-10-21T10:57:51.665+0000] {logging_mixin.py:190} INFO - [2024-10-21T10:57:51.665+0000] {dag.py:3239} INFO - Sync 1 DAGs
[2024-10-21T10:57:51.683+0000] {logging_mixin.py:190} INFO - [2024-10-21T10:57:51.682+0000] {dag.py:4180} INFO - Setting next_dagrun for example_short_circuit_decorator to None, run_after=None
[2024-10-21T10:57:51.701+0000] {processor.py:208} INFO - Processing /home/airflow/.local/lib/python3.12/site-packages/airflow/example_dags/example_short_circuit_decorator.py took 0.082 seconds
[2024-10-21T10:58:21.934+0000] {processor.py:186} INFO - Started process (PID=49979) to work on /home/airflow/.local/lib/python3.12/site-packages/airflow/example_dags/example_short_circuit_decorator.py
[2024-10-21T10:58:21.935+0000] {processor.py:914} INFO - Processing file /home/airflow/.local/lib/python3.12/site-packages/airflow/example_dags/example_short_circuit_decorator.py for tasks to queue
[2024-10-21T10:58:21.937+0000] {logging_mixin.py:190} INFO - [2024-10-21T10:58:21.936+0000] {dagbag.py:588} INFO - Filling up the DagBag from /home/airflow/.local/lib/python3.12/site-packages/airflow/example_dags/example_short_circuit_decorator.py
[2024-10-21T10:58:21.947+0000] {processor.py:925} INFO - DAG(s) 'example_short_circuit_decorator' retrieved from /home/airflow/.local/lib/python3.12/site-packages/airflow/example_dags/example_short_circuit_decorator.py
[2024-10-21T10:58:21.975+0000] {logging_mixin.py:190} INFO - [2024-10-21T10:58:21.974+0000] {dag.py:3239} INFO - Sync 1 DAGs
[2024-10-21T10:58:21.991+0000] {logging_mixin.py:190} INFO - [2024-10-21T10:58:21.991+0000] {dag.py:4180} INFO - Setting next_dagrun for example_short_circuit_decorator to None, run_after=None
[2024-10-21T10:58:22.012+0000] {processor.py:208} INFO - Processing /home/airflow/.local/lib/python3.12/site-packages/airflow/example_dags/example_short_circuit_decorator.py took 0.086 seconds
[2024-10-21T10:58:52.344+0000] {processor.py:186} INFO - Started process (PID=50046) to work on /home/airflow/.local/lib/python3.12/site-packages/airflow/example_dags/example_short_circuit_decorator.py
[2024-10-21T10:58:52.345+0000] {processor.py:914} INFO - Processing file /home/airflow/.local/lib/python3.12/site-packages/airflow/example_dags/example_short_circuit_decorator.py for tasks to queue
[2024-10-21T10:58:52.347+0000] {logging_mixin.py:190} INFO - [2024-10-21T10:58:52.346+0000] {dagbag.py:588} INFO - Filling up the DagBag from /home/airflow/.local/lib/python3.12/site-packages/airflow/example_dags/example_short_circuit_decorator.py
[2024-10-21T10:58:52.357+0000] {processor.py:925} INFO - DAG(s) 'example_short_circuit_decorator' retrieved from /home/airflow/.local/lib/python3.12/site-packages/airflow/example_dags/example_short_circuit_decorator.py
[2024-10-21T10:58:52.384+0000] {logging_mixin.py:190} INFO - [2024-10-21T10:58:52.383+0000] {dag.py:3239} INFO - Sync 1 DAGs
[2024-10-21T10:58:52.400+0000] {logging_mixin.py:190} INFO - [2024-10-21T10:58:52.400+0000] {dag.py:4180} INFO - Setting next_dagrun for example_short_circuit_decorator to None, run_after=None
[2024-10-21T10:58:52.420+0000] {processor.py:208} INFO - Processing /home/airflow/.local/lib/python3.12/site-packages/airflow/example_dags/example_short_circuit_decorator.py took 0.083 seconds
[2024-10-21T10:59:23.070+0000] {processor.py:186} INFO - Started process (PID=50113) to work on /home/airflow/.local/lib/python3.12/site-packages/airflow/example_dags/example_short_circuit_decorator.py
[2024-10-21T10:59:23.072+0000] {processor.py:914} INFO - Processing file /home/airflow/.local/lib/python3.12/site-packages/airflow/example_dags/example_short_circuit_decorator.py for tasks to queue
[2024-10-21T10:59:23.073+0000] {logging_mixin.py:190} INFO - [2024-10-21T10:59:23.073+0000] {dagbag.py:588} INFO - Filling up the DagBag from /home/airflow/.local/lib/python3.12/site-packages/airflow/example_dags/example_short_circuit_decorator.py
[2024-10-21T10:59:23.086+0000] {processor.py:925} INFO - DAG(s) 'example_short_circuit_decorator' retrieved from /home/airflow/.local/lib/python3.12/site-packages/airflow/example_dags/example_short_circuit_decorator.py
[2024-10-21T10:59:23.115+0000] {logging_mixin.py:190} INFO - [2024-10-21T10:59:23.114+0000] {dag.py:3239} INFO - Sync 1 DAGs
[2024-10-21T10:59:23.132+0000] {logging_mixin.py:190} INFO - [2024-10-21T10:59:23.132+0000] {dag.py:4180} INFO - Setting next_dagrun for example_short_circuit_decorator to None, run_after=None
[2024-10-21T10:59:23.150+0000] {processor.py:208} INFO - Processing /home/airflow/.local/lib/python3.12/site-packages/airflow/example_dags/example_short_circuit_decorator.py took 0.089 seconds
[2024-10-21T10:59:53.290+0000] {processor.py:186} INFO - Started process (PID=50180) to work on /home/airflow/.local/lib/python3.12/site-packages/airflow/example_dags/example_short_circuit_decorator.py
[2024-10-21T10:59:53.292+0000] {processor.py:914} INFO - Processing file /home/airflow/.local/lib/python3.12/site-packages/airflow/example_dags/example_short_circuit_decorator.py for tasks to queue
[2024-10-21T10:59:53.293+0000] {logging_mixin.py:190} INFO - [2024-10-21T10:59:53.293+0000] {dagbag.py:588} INFO - Filling up the DagBag from /home/airflow/.local/lib/python3.12/site-packages/airflow/example_dags/example_short_circuit_decorator.py
[2024-10-21T10:59:53.307+0000] {processor.py:925} INFO - DAG(s) 'example_short_circuit_decorator' retrieved from /home/airflow/.local/lib/python3.12/site-packages/airflow/example_dags/example_short_circuit_decorator.py
[2024-10-21T10:59:53.332+0000] {logging_mixin.py:190} INFO - [2024-10-21T10:59:53.332+0000] {dag.py:3239} INFO - Sync 1 DAGs
[2024-10-21T10:59:53.349+0000] {logging_mixin.py:190} INFO - [2024-10-21T10:59:53.348+0000] {dag.py:4180} INFO - Setting next_dagrun for example_short_circuit_decorator to None, run_after=None
[2024-10-21T10:59:53.366+0000] {processor.py:208} INFO - Processing /home/airflow/.local/lib/python3.12/site-packages/airflow/example_dags/example_short_circuit_decorator.py took 0.083 seconds
[2024-10-21T11:00:23.790+0000] {processor.py:186} INFO - Started process (PID=50247) to work on /home/airflow/.local/lib/python3.12/site-packages/airflow/example_dags/example_short_circuit_decorator.py
[2024-10-21T11:00:23.791+0000] {processor.py:914} INFO - Processing file /home/airflow/.local/lib/python3.12/site-packages/airflow/example_dags/example_short_circuit_decorator.py for tasks to queue
[2024-10-21T11:00:23.792+0000] {logging_mixin.py:190} INFO - [2024-10-21T11:00:23.792+0000] {dagbag.py:588} INFO - Filling up the DagBag from /home/airflow/.local/lib/python3.12/site-packages/airflow/example_dags/example_short_circuit_decorator.py
[2024-10-21T11:00:23.802+0000] {processor.py:925} INFO - DAG(s) 'example_short_circuit_decorator' retrieved from /home/airflow/.local/lib/python3.12/site-packages/airflow/example_dags/example_short_circuit_decorator.py
[2024-10-21T11:00:23.830+0000] {logging_mixin.py:190} INFO - [2024-10-21T11:00:23.830+0000] {dag.py:3239} INFO - Sync 1 DAGs
[2024-10-21T11:00:23.846+0000] {logging_mixin.py:190} INFO - [2024-10-21T11:00:23.845+0000] {dag.py:4180} INFO - Setting next_dagrun for example_short_circuit_decorator to None, run_after=None
[2024-10-21T11:00:23.864+0000] {processor.py:208} INFO - Processing /home/airflow/.local/lib/python3.12/site-packages/airflow/example_dags/example_short_circuit_decorator.py took 0.081 seconds
[2024-10-21T11:00:53.993+0000] {processor.py:186} INFO - Started process (PID=50314) to work on /home/airflow/.local/lib/python3.12/site-packages/airflow/example_dags/example_short_circuit_decorator.py
[2024-10-21T11:00:53.998+0000] {processor.py:914} INFO - Processing file /home/airflow/.local/lib/python3.12/site-packages/airflow/example_dags/example_short_circuit_decorator.py for tasks to queue
[2024-10-21T11:00:54.000+0000] {logging_mixin.py:190} INFO - [2024-10-21T11:00:53.999+0000] {dagbag.py:588} INFO - Filling up the DagBag from /home/airflow/.local/lib/python3.12/site-packages/airflow/example_dags/example_short_circuit_decorator.py
[2024-10-21T11:00:54.011+0000] {processor.py:925} INFO - DAG(s) 'example_short_circuit_decorator' retrieved from /home/airflow/.local/lib/python3.12/site-packages/airflow/example_dags/example_short_circuit_decorator.py
[2024-10-21T11:00:54.039+0000] {logging_mixin.py:190} INFO - [2024-10-21T11:00:54.039+0000] {dag.py:3239} INFO - Sync 1 DAGs
[2024-10-21T11:00:54.056+0000] {logging_mixin.py:190} INFO - [2024-10-21T11:00:54.056+0000] {dag.py:4180} INFO - Setting next_dagrun for example_short_circuit_decorator to None, run_after=None
[2024-10-21T11:00:54.074+0000] {processor.py:208} INFO - Processing /home/airflow/.local/lib/python3.12/site-packages/airflow/example_dags/example_short_circuit_decorator.py took 0.088 seconds
[2024-10-21T11:01:24.167+0000] {processor.py:186} INFO - Started process (PID=50381) to work on /home/airflow/.local/lib/python3.12/site-packages/airflow/example_dags/example_short_circuit_decorator.py
[2024-10-21T11:01:24.168+0000] {processor.py:914} INFO - Processing file /home/airflow/.local/lib/python3.12/site-packages/airflow/example_dags/example_short_circuit_decorator.py for tasks to queue
[2024-10-21T11:01:24.169+0000] {logging_mixin.py:190} INFO - [2024-10-21T11:01:24.169+0000] {dagbag.py:588} INFO - Filling up the DagBag from /home/airflow/.local/lib/python3.12/site-packages/airflow/example_dags/example_short_circuit_decorator.py
[2024-10-21T11:01:24.179+0000] {processor.py:925} INFO - DAG(s) 'example_short_circuit_decorator' retrieved from /home/airflow/.local/lib/python3.12/site-packages/airflow/example_dags/example_short_circuit_decorator.py
[2024-10-21T11:01:24.206+0000] {logging_mixin.py:190} INFO - [2024-10-21T11:01:24.206+0000] {dag.py:3239} INFO - Sync 1 DAGs
[2024-10-21T11:01:24.221+0000] {logging_mixin.py:190} INFO - [2024-10-21T11:01:24.221+0000] {dag.py:4180} INFO - Setting next_dagrun for example_short_circuit_decorator to None, run_after=None
[2024-10-21T11:01:24.240+0000] {processor.py:208} INFO - Processing /home/airflow/.local/lib/python3.12/site-packages/airflow/example_dags/example_short_circuit_decorator.py took 0.080 seconds
[2024-10-21T11:01:54.842+0000] {processor.py:186} INFO - Started process (PID=50448) to work on /home/airflow/.local/lib/python3.12/site-packages/airflow/example_dags/example_short_circuit_decorator.py
[2024-10-21T11:01:54.843+0000] {processor.py:914} INFO - Processing file /home/airflow/.local/lib/python3.12/site-packages/airflow/example_dags/example_short_circuit_decorator.py for tasks to queue
[2024-10-21T11:01:54.845+0000] {logging_mixin.py:190} INFO - [2024-10-21T11:01:54.844+0000] {dagbag.py:588} INFO - Filling up the DagBag from /home/airflow/.local/lib/python3.12/site-packages/airflow/example_dags/example_short_circuit_decorator.py
[2024-10-21T11:01:54.857+0000] {processor.py:925} INFO - DAG(s) 'example_short_circuit_decorator' retrieved from /home/airflow/.local/lib/python3.12/site-packages/airflow/example_dags/example_short_circuit_decorator.py
[2024-10-21T11:01:54.893+0000] {logging_mixin.py:190} INFO - [2024-10-21T11:01:54.893+0000] {dag.py:3239} INFO - Sync 1 DAGs
[2024-10-21T11:01:54.914+0000] {logging_mixin.py:190} INFO - [2024-10-21T11:01:54.914+0000] {dag.py:4180} INFO - Setting next_dagrun for example_short_circuit_decorator to None, run_after=None
[2024-10-21T11:01:54.937+0000] {processor.py:208} INFO - Processing /home/airflow/.local/lib/python3.12/site-packages/airflow/example_dags/example_short_circuit_decorator.py took 0.104 seconds
[2024-10-21T11:02:25.149+0000] {processor.py:186} INFO - Started process (PID=50515) to work on /home/airflow/.local/lib/python3.12/site-packages/airflow/example_dags/example_short_circuit_decorator.py
[2024-10-21T11:02:25.150+0000] {processor.py:914} INFO - Processing file /home/airflow/.local/lib/python3.12/site-packages/airflow/example_dags/example_short_circuit_decorator.py for tasks to queue
[2024-10-21T11:02:25.152+0000] {logging_mixin.py:190} INFO - [2024-10-21T11:02:25.151+0000] {dagbag.py:588} INFO - Filling up the DagBag from /home/airflow/.local/lib/python3.12/site-packages/airflow/example_dags/example_short_circuit_decorator.py
[2024-10-21T11:02:25.162+0000] {processor.py:925} INFO - DAG(s) 'example_short_circuit_decorator' retrieved from /home/airflow/.local/lib/python3.12/site-packages/airflow/example_dags/example_short_circuit_decorator.py
[2024-10-21T11:02:25.191+0000] {logging_mixin.py:190} INFO - [2024-10-21T11:02:25.191+0000] {dag.py:3239} INFO - Sync 1 DAGs
[2024-10-21T11:02:25.212+0000] {logging_mixin.py:190} INFO - [2024-10-21T11:02:25.211+0000] {dag.py:4180} INFO - Setting next_dagrun for example_short_circuit_decorator to None, run_after=None
[2024-10-21T11:02:25.229+0000] {processor.py:208} INFO - Processing /home/airflow/.local/lib/python3.12/site-packages/airflow/example_dags/example_short_circuit_decorator.py took 0.088 seconds
[2024-10-21T11:02:55.610+0000] {processor.py:186} INFO - Started process (PID=50582) to work on /home/airflow/.local/lib/python3.12/site-packages/airflow/example_dags/example_short_circuit_decorator.py
[2024-10-21T11:02:55.611+0000] {processor.py:914} INFO - Processing file /home/airflow/.local/lib/python3.12/site-packages/airflow/example_dags/example_short_circuit_decorator.py for tasks to queue
[2024-10-21T11:02:55.612+0000] {logging_mixin.py:190} INFO - [2024-10-21T11:02:55.612+0000] {dagbag.py:588} INFO - Filling up the DagBag from /home/airflow/.local/lib/python3.12/site-packages/airflow/example_dags/example_short_circuit_decorator.py
[2024-10-21T11:02:55.622+0000] {processor.py:925} INFO - DAG(s) 'example_short_circuit_decorator' retrieved from /home/airflow/.local/lib/python3.12/site-packages/airflow/example_dags/example_short_circuit_decorator.py
[2024-10-21T11:02:55.652+0000] {logging_mixin.py:190} INFO - [2024-10-21T11:02:55.651+0000] {dag.py:3239} INFO - Sync 1 DAGs
[2024-10-21T11:02:55.673+0000] {logging_mixin.py:190} INFO - [2024-10-21T11:02:55.672+0000] {dag.py:4180} INFO - Setting next_dagrun for example_short_circuit_decorator to None, run_after=None
[2024-10-21T11:02:55.693+0000] {processor.py:208} INFO - Processing /home/airflow/.local/lib/python3.12/site-packages/airflow/example_dags/example_short_circuit_decorator.py took 0.090 seconds
[2024-10-21T11:03:26.334+0000] {processor.py:186} INFO - Started process (PID=50649) to work on /home/airflow/.local/lib/python3.12/site-packages/airflow/example_dags/example_short_circuit_decorator.py
[2024-10-21T11:03:26.335+0000] {processor.py:914} INFO - Processing file /home/airflow/.local/lib/python3.12/site-packages/airflow/example_dags/example_short_circuit_decorator.py for tasks to queue
[2024-10-21T11:03:26.337+0000] {logging_mixin.py:190} INFO - [2024-10-21T11:03:26.336+0000] {dagbag.py:588} INFO - Filling up the DagBag from /home/airflow/.local/lib/python3.12/site-packages/airflow/example_dags/example_short_circuit_decorator.py
[2024-10-21T11:03:26.347+0000] {processor.py:925} INFO - DAG(s) 'example_short_circuit_decorator' retrieved from /home/airflow/.local/lib/python3.12/site-packages/airflow/example_dags/example_short_circuit_decorator.py
[2024-10-21T11:03:26.379+0000] {logging_mixin.py:190} INFO - [2024-10-21T11:03:26.378+0000] {dag.py:3239} INFO - Sync 1 DAGs
[2024-10-21T11:03:26.395+0000] {logging_mixin.py:190} INFO - [2024-10-21T11:03:26.395+0000] {dag.py:4180} INFO - Setting next_dagrun for example_short_circuit_decorator to None, run_after=None
[2024-10-21T11:03:26.414+0000] {processor.py:208} INFO - Processing /home/airflow/.local/lib/python3.12/site-packages/airflow/example_dags/example_short_circuit_decorator.py took 0.087 seconds
[2024-10-21T11:03:57.545+0000] {processor.py:186} INFO - Started process (PID=50715) to work on /home/airflow/.local/lib/python3.12/site-packages/airflow/example_dags/example_short_circuit_decorator.py
[2024-10-21T11:03:57.546+0000] {processor.py:914} INFO - Processing file /home/airflow/.local/lib/python3.12/site-packages/airflow/example_dags/example_short_circuit_decorator.py for tasks to queue
[2024-10-21T11:03:57.547+0000] {logging_mixin.py:190} INFO - [2024-10-21T11:03:57.547+0000] {dagbag.py:588} INFO - Filling up the DagBag from /home/airflow/.local/lib/python3.12/site-packages/airflow/example_dags/example_short_circuit_decorator.py
[2024-10-21T11:03:57.557+0000] {processor.py:925} INFO - DAG(s) 'example_short_circuit_decorator' retrieved from /home/airflow/.local/lib/python3.12/site-packages/airflow/example_dags/example_short_circuit_decorator.py
[2024-10-21T11:03:57.585+0000] {logging_mixin.py:190} INFO - [2024-10-21T11:03:57.585+0000] {dag.py:3239} INFO - Sync 1 DAGs
[2024-10-21T11:03:57.602+0000] {logging_mixin.py:190} INFO - [2024-10-21T11:03:57.602+0000] {dag.py:4180} INFO - Setting next_dagrun for example_short_circuit_decorator to None, run_after=None
[2024-10-21T11:03:57.622+0000] {processor.py:208} INFO - Processing /home/airflow/.local/lib/python3.12/site-packages/airflow/example_dags/example_short_circuit_decorator.py took 0.084 seconds
[2024-10-21T11:04:27.849+0000] {processor.py:186} INFO - Started process (PID=50782) to work on /home/airflow/.local/lib/python3.12/site-packages/airflow/example_dags/example_short_circuit_decorator.py
[2024-10-21T11:04:27.850+0000] {processor.py:914} INFO - Processing file /home/airflow/.local/lib/python3.12/site-packages/airflow/example_dags/example_short_circuit_decorator.py for tasks to queue
[2024-10-21T11:04:27.852+0000] {logging_mixin.py:190} INFO - [2024-10-21T11:04:27.851+0000] {dagbag.py:588} INFO - Filling up the DagBag from /home/airflow/.local/lib/python3.12/site-packages/airflow/example_dags/example_short_circuit_decorator.py
[2024-10-21T11:04:27.861+0000] {processor.py:925} INFO - DAG(s) 'example_short_circuit_decorator' retrieved from /home/airflow/.local/lib/python3.12/site-packages/airflow/example_dags/example_short_circuit_decorator.py
[2024-10-21T11:04:27.889+0000] {logging_mixin.py:190} INFO - [2024-10-21T11:04:27.889+0000] {dag.py:3239} INFO - Sync 1 DAGs
[2024-10-21T11:04:27.905+0000] {logging_mixin.py:190} INFO - [2024-10-21T11:04:27.905+0000] {dag.py:4180} INFO - Setting next_dagrun for example_short_circuit_decorator to None, run_after=None
[2024-10-21T11:04:27.923+0000] {processor.py:208} INFO - Processing /home/airflow/.local/lib/python3.12/site-packages/airflow/example_dags/example_short_circuit_decorator.py took 0.082 seconds
[2024-10-21T11:04:58.877+0000] {processor.py:186} INFO - Started process (PID=50849) to work on /home/airflow/.local/lib/python3.12/site-packages/airflow/example_dags/example_short_circuit_decorator.py
[2024-10-21T11:04:58.878+0000] {processor.py:914} INFO - Processing file /home/airflow/.local/lib/python3.12/site-packages/airflow/example_dags/example_short_circuit_decorator.py for tasks to queue
[2024-10-21T11:04:58.880+0000] {logging_mixin.py:190} INFO - [2024-10-21T11:04:58.879+0000] {dagbag.py:588} INFO - Filling up the DagBag from /home/airflow/.local/lib/python3.12/site-packages/airflow/example_dags/example_short_circuit_decorator.py
[2024-10-21T11:04:58.889+0000] {processor.py:925} INFO - DAG(s) 'example_short_circuit_decorator' retrieved from /home/airflow/.local/lib/python3.12/site-packages/airflow/example_dags/example_short_circuit_decorator.py
[2024-10-21T11:04:58.919+0000] {logging_mixin.py:190} INFO - [2024-10-21T11:04:58.919+0000] {dag.py:3239} INFO - Sync 1 DAGs
[2024-10-21T11:04:58.935+0000] {logging_mixin.py:190} INFO - [2024-10-21T11:04:58.935+0000] {dag.py:4180} INFO - Setting next_dagrun for example_short_circuit_decorator to None, run_after=None
[2024-10-21T11:04:58.953+0000] {processor.py:208} INFO - Processing /home/airflow/.local/lib/python3.12/site-packages/airflow/example_dags/example_short_circuit_decorator.py took 0.084 seconds
[2024-10-21T11:05:29.017+0000] {processor.py:186} INFO - Started process (PID=50916) to work on /home/airflow/.local/lib/python3.12/site-packages/airflow/example_dags/example_short_circuit_decorator.py
[2024-10-21T11:05:29.018+0000] {processor.py:914} INFO - Processing file /home/airflow/.local/lib/python3.12/site-packages/airflow/example_dags/example_short_circuit_decorator.py for tasks to queue
[2024-10-21T11:05:29.019+0000] {logging_mixin.py:190} INFO - [2024-10-21T11:05:29.019+0000] {dagbag.py:588} INFO - Filling up the DagBag from /home/airflow/.local/lib/python3.12/site-packages/airflow/example_dags/example_short_circuit_decorator.py
[2024-10-21T11:05:29.029+0000] {processor.py:925} INFO - DAG(s) 'example_short_circuit_decorator' retrieved from /home/airflow/.local/lib/python3.12/site-packages/airflow/example_dags/example_short_circuit_decorator.py
[2024-10-21T11:05:29.057+0000] {logging_mixin.py:190} INFO - [2024-10-21T11:05:29.057+0000] {dag.py:3239} INFO - Sync 1 DAGs
[2024-10-21T11:05:29.075+0000] {logging_mixin.py:190} INFO - [2024-10-21T11:05:29.075+0000] {dag.py:4180} INFO - Setting next_dagrun for example_short_circuit_decorator to None, run_after=None
[2024-10-21T11:05:29.092+0000] {processor.py:208} INFO - Processing /home/airflow/.local/lib/python3.12/site-packages/airflow/example_dags/example_short_circuit_decorator.py took 0.083 seconds
[2024-10-21T11:05:59.133+0000] {processor.py:186} INFO - Started process (PID=50982) to work on /home/airflow/.local/lib/python3.12/site-packages/airflow/example_dags/example_short_circuit_decorator.py
[2024-10-21T11:05:59.134+0000] {processor.py:914} INFO - Processing file /home/airflow/.local/lib/python3.12/site-packages/airflow/example_dags/example_short_circuit_decorator.py for tasks to queue
[2024-10-21T11:05:59.135+0000] {logging_mixin.py:190} INFO - [2024-10-21T11:05:59.135+0000] {dagbag.py:588} INFO - Filling up the DagBag from /home/airflow/.local/lib/python3.12/site-packages/airflow/example_dags/example_short_circuit_decorator.py
[2024-10-21T11:05:59.145+0000] {processor.py:925} INFO - DAG(s) 'example_short_circuit_decorator' retrieved from /home/airflow/.local/lib/python3.12/site-packages/airflow/example_dags/example_short_circuit_decorator.py
[2024-10-21T11:05:59.171+0000] {logging_mixin.py:190} INFO - [2024-10-21T11:05:59.171+0000] {dag.py:3239} INFO - Sync 1 DAGs
[2024-10-21T11:05:59.187+0000] {logging_mixin.py:190} INFO - [2024-10-21T11:05:59.187+0000] {dag.py:4180} INFO - Setting next_dagrun for example_short_circuit_decorator to None, run_after=None
[2024-10-21T11:05:59.204+0000] {processor.py:208} INFO - Processing /home/airflow/.local/lib/python3.12/site-packages/airflow/example_dags/example_short_circuit_decorator.py took 0.079 seconds
[2024-10-21T11:06:29.350+0000] {processor.py:186} INFO - Started process (PID=51049) to work on /home/airflow/.local/lib/python3.12/site-packages/airflow/example_dags/example_short_circuit_decorator.py
[2024-10-21T11:06:29.351+0000] {processor.py:914} INFO - Processing file /home/airflow/.local/lib/python3.12/site-packages/airflow/example_dags/example_short_circuit_decorator.py for tasks to queue
[2024-10-21T11:06:29.352+0000] {logging_mixin.py:190} INFO - [2024-10-21T11:06:29.352+0000] {dagbag.py:588} INFO - Filling up the DagBag from /home/airflow/.local/lib/python3.12/site-packages/airflow/example_dags/example_short_circuit_decorator.py
[2024-10-21T11:06:29.362+0000] {processor.py:925} INFO - DAG(s) 'example_short_circuit_decorator' retrieved from /home/airflow/.local/lib/python3.12/site-packages/airflow/example_dags/example_short_circuit_decorator.py
[2024-10-21T11:06:29.389+0000] {logging_mixin.py:190} INFO - [2024-10-21T11:06:29.389+0000] {dag.py:3239} INFO - Sync 1 DAGs
[2024-10-21T11:06:29.405+0000] {logging_mixin.py:190} INFO - [2024-10-21T11:06:29.405+0000] {dag.py:4180} INFO - Setting next_dagrun for example_short_circuit_decorator to None, run_after=None
[2024-10-21T11:06:29.422+0000] {processor.py:208} INFO - Processing /home/airflow/.local/lib/python3.12/site-packages/airflow/example_dags/example_short_circuit_decorator.py took 0.080 seconds
[2024-10-21T11:06:59.698+0000] {processor.py:186} INFO - Started process (PID=51116) to work on /home/airflow/.local/lib/python3.12/site-packages/airflow/example_dags/example_short_circuit_decorator.py
[2024-10-21T11:06:59.699+0000] {processor.py:914} INFO - Processing file /home/airflow/.local/lib/python3.12/site-packages/airflow/example_dags/example_short_circuit_decorator.py for tasks to queue
[2024-10-21T11:06:59.700+0000] {logging_mixin.py:190} INFO - [2024-10-21T11:06:59.700+0000] {dagbag.py:588} INFO - Filling up the DagBag from /home/airflow/.local/lib/python3.12/site-packages/airflow/example_dags/example_short_circuit_decorator.py
[2024-10-21T11:06:59.710+0000] {processor.py:925} INFO - DAG(s) 'example_short_circuit_decorator' retrieved from /home/airflow/.local/lib/python3.12/site-packages/airflow/example_dags/example_short_circuit_decorator.py
[2024-10-21T11:06:59.739+0000] {logging_mixin.py:190} INFO - [2024-10-21T11:06:59.739+0000] {dag.py:3239} INFO - Sync 1 DAGs
[2024-10-21T11:06:59.756+0000] {logging_mixin.py:190} INFO - [2024-10-21T11:06:59.756+0000] {dag.py:4180} INFO - Setting next_dagrun for example_short_circuit_decorator to None, run_after=None
[2024-10-21T11:06:59.774+0000] {processor.py:208} INFO - Processing /home/airflow/.local/lib/python3.12/site-packages/airflow/example_dags/example_short_circuit_decorator.py took 0.083 seconds
[2024-10-21T11:07:30.034+0000] {processor.py:186} INFO - Started process (PID=51183) to work on /home/airflow/.local/lib/python3.12/site-packages/airflow/example_dags/example_short_circuit_decorator.py
[2024-10-21T11:07:30.035+0000] {processor.py:914} INFO - Processing file /home/airflow/.local/lib/python3.12/site-packages/airflow/example_dags/example_short_circuit_decorator.py for tasks to queue
[2024-10-21T11:07:30.036+0000] {logging_mixin.py:190} INFO - [2024-10-21T11:07:30.036+0000] {dagbag.py:588} INFO - Filling up the DagBag from /home/airflow/.local/lib/python3.12/site-packages/airflow/example_dags/example_short_circuit_decorator.py
[2024-10-21T11:07:30.047+0000] {processor.py:925} INFO - DAG(s) 'example_short_circuit_decorator' retrieved from /home/airflow/.local/lib/python3.12/site-packages/airflow/example_dags/example_short_circuit_decorator.py
[2024-10-21T11:07:30.074+0000] {logging_mixin.py:190} INFO - [2024-10-21T11:07:30.073+0000] {dag.py:3239} INFO - Sync 1 DAGs
[2024-10-21T11:07:30.090+0000] {logging_mixin.py:190} INFO - [2024-10-21T11:07:30.090+0000] {dag.py:4180} INFO - Setting next_dagrun for example_short_circuit_decorator to None, run_after=None
[2024-10-21T11:07:30.106+0000] {processor.py:208} INFO - Processing /home/airflow/.local/lib/python3.12/site-packages/airflow/example_dags/example_short_circuit_decorator.py took 0.079 seconds
[2024-10-21T11:08:00.258+0000] {processor.py:186} INFO - Started process (PID=51250) to work on /home/airflow/.local/lib/python3.12/site-packages/airflow/example_dags/example_short_circuit_decorator.py
[2024-10-21T11:08:00.260+0000] {processor.py:914} INFO - Processing file /home/airflow/.local/lib/python3.12/site-packages/airflow/example_dags/example_short_circuit_decorator.py for tasks to queue
[2024-10-21T11:08:00.261+0000] {logging_mixin.py:190} INFO - [2024-10-21T11:08:00.261+0000] {dagbag.py:588} INFO - Filling up the DagBag from /home/airflow/.local/lib/python3.12/site-packages/airflow/example_dags/example_short_circuit_decorator.py
[2024-10-21T11:08:00.271+0000] {processor.py:925} INFO - DAG(s) 'example_short_circuit_decorator' retrieved from /home/airflow/.local/lib/python3.12/site-packages/airflow/example_dags/example_short_circuit_decorator.py
[2024-10-21T11:08:00.299+0000] {logging_mixin.py:190} INFO - [2024-10-21T11:08:00.298+0000] {dag.py:3239} INFO - Sync 1 DAGs
[2024-10-21T11:08:00.315+0000] {logging_mixin.py:190} INFO - [2024-10-21T11:08:00.315+0000] {dag.py:4180} INFO - Setting next_dagrun for example_short_circuit_decorator to None, run_after=None
[2024-10-21T11:08:00.335+0000] {processor.py:208} INFO - Processing /home/airflow/.local/lib/python3.12/site-packages/airflow/example_dags/example_short_circuit_decorator.py took 0.084 seconds
[2024-10-21T11:08:31.153+0000] {processor.py:186} INFO - Started process (PID=51317) to work on /home/airflow/.local/lib/python3.12/site-packages/airflow/example_dags/example_short_circuit_decorator.py
[2024-10-21T11:08:31.153+0000] {processor.py:914} INFO - Processing file /home/airflow/.local/lib/python3.12/site-packages/airflow/example_dags/example_short_circuit_decorator.py for tasks to queue
[2024-10-21T11:08:31.155+0000] {logging_mixin.py:190} INFO - [2024-10-21T11:08:31.155+0000] {dagbag.py:588} INFO - Filling up the DagBag from /home/airflow/.local/lib/python3.12/site-packages/airflow/example_dags/example_short_circuit_decorator.py
[2024-10-21T11:08:31.165+0000] {processor.py:925} INFO - DAG(s) 'example_short_circuit_decorator' retrieved from /home/airflow/.local/lib/python3.12/site-packages/airflow/example_dags/example_short_circuit_decorator.py
[2024-10-21T11:08:31.193+0000] {logging_mixin.py:190} INFO - [2024-10-21T11:08:31.192+0000] {dag.py:3239} INFO - Sync 1 DAGs
[2024-10-21T11:08:31.209+0000] {logging_mixin.py:190} INFO - [2024-10-21T11:08:31.208+0000] {dag.py:4180} INFO - Setting next_dagrun for example_short_circuit_decorator to None, run_after=None
[2024-10-21T11:08:31.231+0000] {processor.py:208} INFO - Processing /home/airflow/.local/lib/python3.12/site-packages/airflow/example_dags/example_short_circuit_decorator.py took 0.086 seconds
[2024-10-21T11:09:01.732+0000] {processor.py:186} INFO - Started process (PID=51384) to work on /home/airflow/.local/lib/python3.12/site-packages/airflow/example_dags/example_short_circuit_decorator.py
[2024-10-21T11:09:01.734+0000] {processor.py:914} INFO - Processing file /home/airflow/.local/lib/python3.12/site-packages/airflow/example_dags/example_short_circuit_decorator.py for tasks to queue
[2024-10-21T11:09:01.735+0000] {logging_mixin.py:190} INFO - [2024-10-21T11:09:01.735+0000] {dagbag.py:588} INFO - Filling up the DagBag from /home/airflow/.local/lib/python3.12/site-packages/airflow/example_dags/example_short_circuit_decorator.py
[2024-10-21T11:09:01.745+0000] {processor.py:925} INFO - DAG(s) 'example_short_circuit_decorator' retrieved from /home/airflow/.local/lib/python3.12/site-packages/airflow/example_dags/example_short_circuit_decorator.py
[2024-10-21T11:09:01.772+0000] {logging_mixin.py:190} INFO - [2024-10-21T11:09:01.772+0000] {dag.py:3239} INFO - Sync 1 DAGs
[2024-10-21T11:09:01.789+0000] {logging_mixin.py:190} INFO - [2024-10-21T11:09:01.788+0000] {dag.py:4180} INFO - Setting next_dagrun for example_short_circuit_decorator to None, run_after=None
[2024-10-21T11:09:01.806+0000] {processor.py:208} INFO - Processing /home/airflow/.local/lib/python3.12/site-packages/airflow/example_dags/example_short_circuit_decorator.py took 0.082 seconds
[2024-10-21T11:09:32.349+0000] {processor.py:186} INFO - Started process (PID=51451) to work on /home/airflow/.local/lib/python3.12/site-packages/airflow/example_dags/example_short_circuit_decorator.py
[2024-10-21T11:09:32.350+0000] {processor.py:914} INFO - Processing file /home/airflow/.local/lib/python3.12/site-packages/airflow/example_dags/example_short_circuit_decorator.py for tasks to queue
[2024-10-21T11:09:32.351+0000] {logging_mixin.py:190} INFO - [2024-10-21T11:09:32.351+0000] {dagbag.py:588} INFO - Filling up the DagBag from /home/airflow/.local/lib/python3.12/site-packages/airflow/example_dags/example_short_circuit_decorator.py
[2024-10-21T11:09:32.361+0000] {processor.py:925} INFO - DAG(s) 'example_short_circuit_decorator' retrieved from /home/airflow/.local/lib/python3.12/site-packages/airflow/example_dags/example_short_circuit_decorator.py
[2024-10-21T11:09:32.390+0000] {logging_mixin.py:190} INFO - [2024-10-21T11:09:32.390+0000] {dag.py:3239} INFO - Sync 1 DAGs
[2024-10-21T11:09:32.407+0000] {logging_mixin.py:190} INFO - [2024-10-21T11:09:32.406+0000] {dag.py:4180} INFO - Setting next_dagrun for example_short_circuit_decorator to None, run_after=None
[2024-10-21T11:09:32.425+0000] {processor.py:208} INFO - Processing /home/airflow/.local/lib/python3.12/site-packages/airflow/example_dags/example_short_circuit_decorator.py took 0.083 seconds
[2024-10-21T11:10:03.096+0000] {processor.py:186} INFO - Started process (PID=51518) to work on /home/airflow/.local/lib/python3.12/site-packages/airflow/example_dags/example_short_circuit_decorator.py
[2024-10-21T11:10:03.097+0000] {processor.py:914} INFO - Processing file /home/airflow/.local/lib/python3.12/site-packages/airflow/example_dags/example_short_circuit_decorator.py for tasks to queue
[2024-10-21T11:10:03.098+0000] {logging_mixin.py:190} INFO - [2024-10-21T11:10:03.098+0000] {dagbag.py:588} INFO - Filling up the DagBag from /home/airflow/.local/lib/python3.12/site-packages/airflow/example_dags/example_short_circuit_decorator.py
[2024-10-21T11:10:03.108+0000] {processor.py:925} INFO - DAG(s) 'example_short_circuit_decorator' retrieved from /home/airflow/.local/lib/python3.12/site-packages/airflow/example_dags/example_short_circuit_decorator.py
[2024-10-21T11:10:03.136+0000] {logging_mixin.py:190} INFO - [2024-10-21T11:10:03.135+0000] {dag.py:3239} INFO - Sync 1 DAGs
[2024-10-21T11:10:03.152+0000] {logging_mixin.py:190} INFO - [2024-10-21T11:10:03.152+0000] {dag.py:4180} INFO - Setting next_dagrun for example_short_circuit_decorator to None, run_after=None
[2024-10-21T11:10:03.170+0000] {processor.py:208} INFO - Processing /home/airflow/.local/lib/python3.12/site-packages/airflow/example_dags/example_short_circuit_decorator.py took 0.082 seconds
[2024-10-21T11:10:33.619+0000] {processor.py:186} INFO - Started process (PID=51585) to work on /home/airflow/.local/lib/python3.12/site-packages/airflow/example_dags/example_short_circuit_decorator.py
[2024-10-21T11:10:33.620+0000] {processor.py:914} INFO - Processing file /home/airflow/.local/lib/python3.12/site-packages/airflow/example_dags/example_short_circuit_decorator.py for tasks to queue
[2024-10-21T11:10:33.621+0000] {logging_mixin.py:190} INFO - [2024-10-21T11:10:33.621+0000] {dagbag.py:588} INFO - Filling up the DagBag from /home/airflow/.local/lib/python3.12/site-packages/airflow/example_dags/example_short_circuit_decorator.py
[2024-10-21T11:10:33.630+0000] {processor.py:925} INFO - DAG(s) 'example_short_circuit_decorator' retrieved from /home/airflow/.local/lib/python3.12/site-packages/airflow/example_dags/example_short_circuit_decorator.py
[2024-10-21T11:10:33.657+0000] {logging_mixin.py:190} INFO - [2024-10-21T11:10:33.657+0000] {dag.py:3239} INFO - Sync 1 DAGs
[2024-10-21T11:10:33.674+0000] {logging_mixin.py:190} INFO - [2024-10-21T11:10:33.673+0000] {dag.py:4180} INFO - Setting next_dagrun for example_short_circuit_decorator to None, run_after=None
[2024-10-21T11:10:33.691+0000] {processor.py:208} INFO - Processing /home/airflow/.local/lib/python3.12/site-packages/airflow/example_dags/example_short_circuit_decorator.py took 0.079 seconds
[2024-10-21T11:11:03.985+0000] {processor.py:186} INFO - Started process (PID=51652) to work on /home/airflow/.local/lib/python3.12/site-packages/airflow/example_dags/example_short_circuit_decorator.py
[2024-10-21T11:11:03.986+0000] {processor.py:914} INFO - Processing file /home/airflow/.local/lib/python3.12/site-packages/airflow/example_dags/example_short_circuit_decorator.py for tasks to queue
[2024-10-21T11:11:03.988+0000] {logging_mixin.py:190} INFO - [2024-10-21T11:11:03.987+0000] {dagbag.py:588} INFO - Filling up the DagBag from /home/airflow/.local/lib/python3.12/site-packages/airflow/example_dags/example_short_circuit_decorator.py
[2024-10-21T11:11:03.998+0000] {processor.py:925} INFO - DAG(s) 'example_short_circuit_decorator' retrieved from /home/airflow/.local/lib/python3.12/site-packages/airflow/example_dags/example_short_circuit_decorator.py
[2024-10-21T11:11:04.027+0000] {logging_mixin.py:190} INFO - [2024-10-21T11:11:04.026+0000] {dag.py:3239} INFO - Sync 1 DAGs
[2024-10-21T11:11:04.042+0000] {logging_mixin.py:190} INFO - [2024-10-21T11:11:04.042+0000] {dag.py:4180} INFO - Setting next_dagrun for example_short_circuit_decorator to None, run_after=None
[2024-10-21T11:11:04.060+0000] {processor.py:208} INFO - Processing /home/airflow/.local/lib/python3.12/site-packages/airflow/example_dags/example_short_circuit_decorator.py took 0.082 seconds
[2024-10-21T11:11:34.183+0000] {processor.py:186} INFO - Started process (PID=51718) to work on /home/airflow/.local/lib/python3.12/site-packages/airflow/example_dags/example_short_circuit_decorator.py
[2024-10-21T11:11:34.184+0000] {processor.py:914} INFO - Processing file /home/airflow/.local/lib/python3.12/site-packages/airflow/example_dags/example_short_circuit_decorator.py for tasks to queue
[2024-10-21T11:11:34.185+0000] {logging_mixin.py:190} INFO - [2024-10-21T11:11:34.184+0000] {dagbag.py:588} INFO - Filling up the DagBag from /home/airflow/.local/lib/python3.12/site-packages/airflow/example_dags/example_short_circuit_decorator.py
[2024-10-21T11:11:34.195+0000] {processor.py:925} INFO - DAG(s) 'example_short_circuit_decorator' retrieved from /home/airflow/.local/lib/python3.12/site-packages/airflow/example_dags/example_short_circuit_decorator.py
[2024-10-21T11:11:34.224+0000] {logging_mixin.py:190} INFO - [2024-10-21T11:11:34.224+0000] {dag.py:3239} INFO - Sync 1 DAGs
[2024-10-21T11:11:34.241+0000] {logging_mixin.py:190} INFO - [2024-10-21T11:11:34.241+0000] {dag.py:4180} INFO - Setting next_dagrun for example_short_circuit_decorator to None, run_after=None
[2024-10-21T11:11:34.261+0000] {processor.py:208} INFO - Processing /home/airflow/.local/lib/python3.12/site-packages/airflow/example_dags/example_short_circuit_decorator.py took 0.085 seconds
[2024-10-21T11:12:04.849+0000] {processor.py:186} INFO - Started process (PID=51785) to work on /home/airflow/.local/lib/python3.12/site-packages/airflow/example_dags/example_short_circuit_decorator.py
[2024-10-21T11:12:04.850+0000] {processor.py:914} INFO - Processing file /home/airflow/.local/lib/python3.12/site-packages/airflow/example_dags/example_short_circuit_decorator.py for tasks to queue
[2024-10-21T11:12:04.852+0000] {logging_mixin.py:190} INFO - [2024-10-21T11:12:04.851+0000] {dagbag.py:588} INFO - Filling up the DagBag from /home/airflow/.local/lib/python3.12/site-packages/airflow/example_dags/example_short_circuit_decorator.py
[2024-10-21T11:12:04.862+0000] {processor.py:925} INFO - DAG(s) 'example_short_circuit_decorator' retrieved from /home/airflow/.local/lib/python3.12/site-packages/airflow/example_dags/example_short_circuit_decorator.py
[2024-10-21T11:12:04.888+0000] {logging_mixin.py:190} INFO - [2024-10-21T11:12:04.888+0000] {dag.py:3239} INFO - Sync 1 DAGs
[2024-10-21T11:12:04.904+0000] {logging_mixin.py:190} INFO - [2024-10-21T11:12:04.904+0000] {dag.py:4180} INFO - Setting next_dagrun for example_short_circuit_decorator to None, run_after=None
[2024-10-21T11:12:04.922+0000] {processor.py:208} INFO - Processing /home/airflow/.local/lib/python3.12/site-packages/airflow/example_dags/example_short_circuit_decorator.py took 0.081 seconds
[2024-10-21T11:12:35.701+0000] {processor.py:186} INFO - Started process (PID=51852) to work on /home/airflow/.local/lib/python3.12/site-packages/airflow/example_dags/example_short_circuit_decorator.py
[2024-10-21T11:12:35.701+0000] {processor.py:914} INFO - Processing file /home/airflow/.local/lib/python3.12/site-packages/airflow/example_dags/example_short_circuit_decorator.py for tasks to queue
[2024-10-21T11:12:35.703+0000] {logging_mixin.py:190} INFO - [2024-10-21T11:12:35.702+0000] {dagbag.py:588} INFO - Filling up the DagBag from /home/airflow/.local/lib/python3.12/site-packages/airflow/example_dags/example_short_circuit_decorator.py
[2024-10-21T11:12:35.713+0000] {processor.py:925} INFO - DAG(s) 'example_short_circuit_decorator' retrieved from /home/airflow/.local/lib/python3.12/site-packages/airflow/example_dags/example_short_circuit_decorator.py
[2024-10-21T11:12:35.740+0000] {logging_mixin.py:190} INFO - [2024-10-21T11:12:35.739+0000] {dag.py:3239} INFO - Sync 1 DAGs
[2024-10-21T11:12:35.755+0000] {logging_mixin.py:190} INFO - [2024-10-21T11:12:35.755+0000] {dag.py:4180} INFO - Setting next_dagrun for example_short_circuit_decorator to None, run_after=None
[2024-10-21T11:12:35.774+0000] {processor.py:208} INFO - Processing /home/airflow/.local/lib/python3.12/site-packages/airflow/example_dags/example_short_circuit_decorator.py took 0.082 seconds
[2024-10-21T11:13:05.977+0000] {processor.py:186} INFO - Started process (PID=51919) to work on /home/airflow/.local/lib/python3.12/site-packages/airflow/example_dags/example_short_circuit_decorator.py
[2024-10-21T11:13:05.978+0000] {processor.py:914} INFO - Processing file /home/airflow/.local/lib/python3.12/site-packages/airflow/example_dags/example_short_circuit_decorator.py for tasks to queue
[2024-10-21T11:13:05.980+0000] {logging_mixin.py:190} INFO - [2024-10-21T11:13:05.979+0000] {dagbag.py:588} INFO - Filling up the DagBag from /home/airflow/.local/lib/python3.12/site-packages/airflow/example_dags/example_short_circuit_decorator.py
[2024-10-21T11:13:05.990+0000] {processor.py:925} INFO - DAG(s) 'example_short_circuit_decorator' retrieved from /home/airflow/.local/lib/python3.12/site-packages/airflow/example_dags/example_short_circuit_decorator.py
[2024-10-21T11:13:06.017+0000] {logging_mixin.py:190} INFO - [2024-10-21T11:13:06.017+0000] {dag.py:3239} INFO - Sync 1 DAGs
[2024-10-21T11:13:06.040+0000] {logging_mixin.py:190} INFO - [2024-10-21T11:13:06.039+0000] {dag.py:4180} INFO - Setting next_dagrun for example_short_circuit_decorator to None, run_after=None
[2024-10-21T11:13:06.064+0000] {processor.py:208} INFO - Processing /home/airflow/.local/lib/python3.12/site-packages/airflow/example_dags/example_short_circuit_decorator.py took 0.094 seconds
[2024-10-21T11:13:36.543+0000] {processor.py:186} INFO - Started process (PID=51990) to work on /home/airflow/.local/lib/python3.12/site-packages/airflow/example_dags/example_short_circuit_decorator.py
[2024-10-21T11:13:36.544+0000] {processor.py:914} INFO - Processing file /home/airflow/.local/lib/python3.12/site-packages/airflow/example_dags/example_short_circuit_decorator.py for tasks to queue
[2024-10-21T11:13:36.546+0000] {logging_mixin.py:190} INFO - [2024-10-21T11:13:36.545+0000] {dagbag.py:588} INFO - Filling up the DagBag from /home/airflow/.local/lib/python3.12/site-packages/airflow/example_dags/example_short_circuit_decorator.py
[2024-10-21T11:13:36.555+0000] {processor.py:925} INFO - DAG(s) 'example_short_circuit_decorator' retrieved from /home/airflow/.local/lib/python3.12/site-packages/airflow/example_dags/example_short_circuit_decorator.py
[2024-10-21T11:13:36.584+0000] {logging_mixin.py:190} INFO - [2024-10-21T11:13:36.583+0000] {dag.py:3239} INFO - Sync 1 DAGs
[2024-10-21T11:13:36.600+0000] {logging_mixin.py:190} INFO - [2024-10-21T11:13:36.599+0000] {dag.py:4180} INFO - Setting next_dagrun for example_short_circuit_decorator to None, run_after=None
[2024-10-21T11:13:36.620+0000] {processor.py:208} INFO - Processing /home/airflow/.local/lib/python3.12/site-packages/airflow/example_dags/example_short_circuit_decorator.py took 0.084 seconds
[2024-10-21T11:14:07.119+0000] {processor.py:186} INFO - Started process (PID=52057) to work on /home/airflow/.local/lib/python3.12/site-packages/airflow/example_dags/example_short_circuit_decorator.py
[2024-10-21T11:14:07.120+0000] {processor.py:914} INFO - Processing file /home/airflow/.local/lib/python3.12/site-packages/airflow/example_dags/example_short_circuit_decorator.py for tasks to queue
[2024-10-21T11:14:07.122+0000] {logging_mixin.py:190} INFO - [2024-10-21T11:14:07.121+0000] {dagbag.py:588} INFO - Filling up the DagBag from /home/airflow/.local/lib/python3.12/site-packages/airflow/example_dags/example_short_circuit_decorator.py
[2024-10-21T11:14:07.131+0000] {processor.py:925} INFO - DAG(s) 'example_short_circuit_decorator' retrieved from /home/airflow/.local/lib/python3.12/site-packages/airflow/example_dags/example_short_circuit_decorator.py
[2024-10-21T11:14:07.160+0000] {logging_mixin.py:190} INFO - [2024-10-21T11:14:07.160+0000] {dag.py:3239} INFO - Sync 1 DAGs
[2024-10-21T11:14:07.176+0000] {logging_mixin.py:190} INFO - [2024-10-21T11:14:07.176+0000] {dag.py:4180} INFO - Setting next_dagrun for example_short_circuit_decorator to None, run_after=None
[2024-10-21T11:14:07.194+0000] {processor.py:208} INFO - Processing /home/airflow/.local/lib/python3.12/site-packages/airflow/example_dags/example_short_circuit_decorator.py took 0.082 seconds
[2024-10-21T11:14:37.664+0000] {processor.py:186} INFO - Started process (PID=52124) to work on /home/airflow/.local/lib/python3.12/site-packages/airflow/example_dags/example_short_circuit_decorator.py
[2024-10-21T11:14:37.665+0000] {processor.py:914} INFO - Processing file /home/airflow/.local/lib/python3.12/site-packages/airflow/example_dags/example_short_circuit_decorator.py for tasks to queue
[2024-10-21T11:14:37.666+0000] {logging_mixin.py:190} INFO - [2024-10-21T11:14:37.666+0000] {dagbag.py:588} INFO - Filling up the DagBag from /home/airflow/.local/lib/python3.12/site-packages/airflow/example_dags/example_short_circuit_decorator.py
[2024-10-21T11:14:37.676+0000] {processor.py:925} INFO - DAG(s) 'example_short_circuit_decorator' retrieved from /home/airflow/.local/lib/python3.12/site-packages/airflow/example_dags/example_short_circuit_decorator.py
[2024-10-21T11:14:37.712+0000] {logging_mixin.py:190} INFO - [2024-10-21T11:14:37.712+0000] {dag.py:3239} INFO - Sync 1 DAGs
[2024-10-21T11:14:37.733+0000] {logging_mixin.py:190} INFO - [2024-10-21T11:14:37.733+0000] {dag.py:4180} INFO - Setting next_dagrun for example_short_circuit_decorator to None, run_after=None
[2024-10-21T11:14:37.753+0000] {processor.py:208} INFO - Processing /home/airflow/.local/lib/python3.12/site-packages/airflow/example_dags/example_short_circuit_decorator.py took 0.097 seconds
[2024-10-21T11:15:08.324+0000] {processor.py:186} INFO - Started process (PID=52191) to work on /home/airflow/.local/lib/python3.12/site-packages/airflow/example_dags/example_short_circuit_decorator.py
[2024-10-21T11:15:08.325+0000] {processor.py:914} INFO - Processing file /home/airflow/.local/lib/python3.12/site-packages/airflow/example_dags/example_short_circuit_decorator.py for tasks to queue
[2024-10-21T11:15:08.326+0000] {logging_mixin.py:190} INFO - [2024-10-21T11:15:08.326+0000] {dagbag.py:588} INFO - Filling up the DagBag from /home/airflow/.local/lib/python3.12/site-packages/airflow/example_dags/example_short_circuit_decorator.py
[2024-10-21T11:15:08.337+0000] {processor.py:925} INFO - DAG(s) 'example_short_circuit_decorator' retrieved from /home/airflow/.local/lib/python3.12/site-packages/airflow/example_dags/example_short_circuit_decorator.py
[2024-10-21T11:15:08.364+0000] {logging_mixin.py:190} INFO - [2024-10-21T11:15:08.364+0000] {dag.py:3239} INFO - Sync 1 DAGs
[2024-10-21T11:15:08.381+0000] {logging_mixin.py:190} INFO - [2024-10-21T11:15:08.381+0000] {dag.py:4180} INFO - Setting next_dagrun for example_short_circuit_decorator to None, run_after=None
[2024-10-21T11:15:08.402+0000] {processor.py:208} INFO - Processing /home/airflow/.local/lib/python3.12/site-packages/airflow/example_dags/example_short_circuit_decorator.py took 0.086 seconds
[2024-10-21T11:15:38.835+0000] {processor.py:186} INFO - Started process (PID=52258) to work on /home/airflow/.local/lib/python3.12/site-packages/airflow/example_dags/example_short_circuit_decorator.py
[2024-10-21T11:15:38.836+0000] {processor.py:914} INFO - Processing file /home/airflow/.local/lib/python3.12/site-packages/airflow/example_dags/example_short_circuit_decorator.py for tasks to queue
[2024-10-21T11:15:38.838+0000] {logging_mixin.py:190} INFO - [2024-10-21T11:15:38.837+0000] {dagbag.py:588} INFO - Filling up the DagBag from /home/airflow/.local/lib/python3.12/site-packages/airflow/example_dags/example_short_circuit_decorator.py
[2024-10-21T11:15:38.848+0000] {processor.py:925} INFO - DAG(s) 'example_short_circuit_decorator' retrieved from /home/airflow/.local/lib/python3.12/site-packages/airflow/example_dags/example_short_circuit_decorator.py
[2024-10-21T11:15:38.874+0000] {logging_mixin.py:190} INFO - [2024-10-21T11:15:38.874+0000] {dag.py:3239} INFO - Sync 1 DAGs
[2024-10-21T11:15:38.891+0000] {logging_mixin.py:190} INFO - [2024-10-21T11:15:38.890+0000] {dag.py:4180} INFO - Setting next_dagrun for example_short_circuit_decorator to None, run_after=None
[2024-10-21T11:15:38.909+0000] {processor.py:208} INFO - Processing /home/airflow/.local/lib/python3.12/site-packages/airflow/example_dags/example_short_circuit_decorator.py took 0.081 seconds
[2024-10-21T11:16:09.251+0000] {processor.py:186} INFO - Started process (PID=52324) to work on /home/airflow/.local/lib/python3.12/site-packages/airflow/example_dags/example_short_circuit_decorator.py
[2024-10-21T11:16:09.252+0000] {processor.py:914} INFO - Processing file /home/airflow/.local/lib/python3.12/site-packages/airflow/example_dags/example_short_circuit_decorator.py for tasks to queue
[2024-10-21T11:16:09.254+0000] {logging_mixin.py:190} INFO - [2024-10-21T11:16:09.253+0000] {dagbag.py:588} INFO - Filling up the DagBag from /home/airflow/.local/lib/python3.12/site-packages/airflow/example_dags/example_short_circuit_decorator.py
[2024-10-21T11:16:09.263+0000] {processor.py:925} INFO - DAG(s) 'example_short_circuit_decorator' retrieved from /home/airflow/.local/lib/python3.12/site-packages/airflow/example_dags/example_short_circuit_decorator.py
[2024-10-21T11:16:09.288+0000] {logging_mixin.py:190} INFO - [2024-10-21T11:16:09.287+0000] {dag.py:3239} INFO - Sync 1 DAGs
[2024-10-21T11:16:09.303+0000] {logging_mixin.py:190} INFO - [2024-10-21T11:16:09.303+0000] {dag.py:4180} INFO - Setting next_dagrun for example_short_circuit_decorator to None, run_after=None
[2024-10-21T11:16:09.320+0000] {processor.py:208} INFO - Processing /home/airflow/.local/lib/python3.12/site-packages/airflow/example_dags/example_short_circuit_decorator.py took 0.076 seconds
[2024-10-21T11:16:39.833+0000] {processor.py:186} INFO - Started process (PID=52391) to work on /home/airflow/.local/lib/python3.12/site-packages/airflow/example_dags/example_short_circuit_decorator.py
[2024-10-21T11:16:39.834+0000] {processor.py:914} INFO - Processing file /home/airflow/.local/lib/python3.12/site-packages/airflow/example_dags/example_short_circuit_decorator.py for tasks to queue
[2024-10-21T11:16:39.836+0000] {logging_mixin.py:190} INFO - [2024-10-21T11:16:39.835+0000] {dagbag.py:588} INFO - Filling up the DagBag from /home/airflow/.local/lib/python3.12/site-packages/airflow/example_dags/example_short_circuit_decorator.py
[2024-10-21T11:16:39.848+0000] {processor.py:925} INFO - DAG(s) 'example_short_circuit_decorator' retrieved from /home/airflow/.local/lib/python3.12/site-packages/airflow/example_dags/example_short_circuit_decorator.py
[2024-10-21T11:16:39.879+0000] {logging_mixin.py:190} INFO - [2024-10-21T11:16:39.878+0000] {dag.py:3239} INFO - Sync 1 DAGs
[2024-10-21T11:16:39.895+0000] {logging_mixin.py:190} INFO - [2024-10-21T11:16:39.894+0000] {dag.py:4180} INFO - Setting next_dagrun for example_short_circuit_decorator to None, run_after=None
[2024-10-21T11:16:39.919+0000] {processor.py:208} INFO - Processing /home/airflow/.local/lib/python3.12/site-packages/airflow/example_dags/example_short_circuit_decorator.py took 0.095 seconds
[2024-10-21T11:17:10.121+0000] {processor.py:186} INFO - Started process (PID=52458) to work on /home/airflow/.local/lib/python3.12/site-packages/airflow/example_dags/example_short_circuit_decorator.py
[2024-10-21T11:17:10.122+0000] {processor.py:914} INFO - Processing file /home/airflow/.local/lib/python3.12/site-packages/airflow/example_dags/example_short_circuit_decorator.py for tasks to queue
[2024-10-21T11:17:10.124+0000] {logging_mixin.py:190} INFO - [2024-10-21T11:17:10.123+0000] {dagbag.py:588} INFO - Filling up the DagBag from /home/airflow/.local/lib/python3.12/site-packages/airflow/example_dags/example_short_circuit_decorator.py
[2024-10-21T11:17:10.133+0000] {processor.py:925} INFO - DAG(s) 'example_short_circuit_decorator' retrieved from /home/airflow/.local/lib/python3.12/site-packages/airflow/example_dags/example_short_circuit_decorator.py
[2024-10-21T11:17:10.161+0000] {logging_mixin.py:190} INFO - [2024-10-21T11:17:10.160+0000] {dag.py:3239} INFO - Sync 1 DAGs
[2024-10-21T11:17:10.176+0000] {logging_mixin.py:190} INFO - [2024-10-21T11:17:10.176+0000] {dag.py:4180} INFO - Setting next_dagrun for example_short_circuit_decorator to None, run_after=None
[2024-10-21T11:17:10.196+0000] {processor.py:208} INFO - Processing /home/airflow/.local/lib/python3.12/site-packages/airflow/example_dags/example_short_circuit_decorator.py took 0.082 seconds
[2024-10-21T11:17:40.407+0000] {processor.py:186} INFO - Started process (PID=52525) to work on /home/airflow/.local/lib/python3.12/site-packages/airflow/example_dags/example_short_circuit_decorator.py
[2024-10-21T11:17:40.408+0000] {processor.py:914} INFO - Processing file /home/airflow/.local/lib/python3.12/site-packages/airflow/example_dags/example_short_circuit_decorator.py for tasks to queue
[2024-10-21T11:17:40.409+0000] {logging_mixin.py:190} INFO - [2024-10-21T11:17:40.409+0000] {dagbag.py:588} INFO - Filling up the DagBag from /home/airflow/.local/lib/python3.12/site-packages/airflow/example_dags/example_short_circuit_decorator.py
[2024-10-21T11:17:40.419+0000] {processor.py:925} INFO - DAG(s) 'example_short_circuit_decorator' retrieved from /home/airflow/.local/lib/python3.12/site-packages/airflow/example_dags/example_short_circuit_decorator.py
[2024-10-21T11:17:40.448+0000] {logging_mixin.py:190} INFO - [2024-10-21T11:17:40.447+0000] {dag.py:3239} INFO - Sync 1 DAGs
[2024-10-21T11:17:40.465+0000] {logging_mixin.py:190} INFO - [2024-10-21T11:17:40.464+0000] {dag.py:4180} INFO - Setting next_dagrun for example_short_circuit_decorator to None, run_after=None
[2024-10-21T11:17:40.492+0000] {processor.py:208} INFO - Processing /home/airflow/.local/lib/python3.12/site-packages/airflow/example_dags/example_short_circuit_decorator.py took 0.093 seconds
[2024-10-21T11:18:10.813+0000] {processor.py:186} INFO - Started process (PID=52592) to work on /home/airflow/.local/lib/python3.12/site-packages/airflow/example_dags/example_short_circuit_decorator.py
[2024-10-21T11:18:10.814+0000] {processor.py:914} INFO - Processing file /home/airflow/.local/lib/python3.12/site-packages/airflow/example_dags/example_short_circuit_decorator.py for tasks to queue
[2024-10-21T11:18:10.815+0000] {logging_mixin.py:190} INFO - [2024-10-21T11:18:10.815+0000] {dagbag.py:588} INFO - Filling up the DagBag from /home/airflow/.local/lib/python3.12/site-packages/airflow/example_dags/example_short_circuit_decorator.py
[2024-10-21T11:18:10.825+0000] {processor.py:925} INFO - DAG(s) 'example_short_circuit_decorator' retrieved from /home/airflow/.local/lib/python3.12/site-packages/airflow/example_dags/example_short_circuit_decorator.py
[2024-10-21T11:18:10.852+0000] {logging_mixin.py:190} INFO - [2024-10-21T11:18:10.852+0000] {dag.py:3239} INFO - Sync 1 DAGs
[2024-10-21T11:18:11.063+0000] {logging_mixin.py:190} INFO - [2024-10-21T11:18:11.062+0000] {dag.py:4180} INFO - Setting next_dagrun for example_short_circuit_decorator to None, run_after=None
[2024-10-21T11:18:11.084+0000] {processor.py:208} INFO - Processing /home/airflow/.local/lib/python3.12/site-packages/airflow/example_dags/example_short_circuit_decorator.py took 0.279 seconds
[2024-10-21T11:18:42.140+0000] {processor.py:186} INFO - Started process (PID=52659) to work on /home/airflow/.local/lib/python3.12/site-packages/airflow/example_dags/example_short_circuit_decorator.py
[2024-10-21T11:18:42.141+0000] {processor.py:914} INFO - Processing file /home/airflow/.local/lib/python3.12/site-packages/airflow/example_dags/example_short_circuit_decorator.py for tasks to queue
[2024-10-21T11:18:42.143+0000] {logging_mixin.py:190} INFO - [2024-10-21T11:18:42.142+0000] {dagbag.py:588} INFO - Filling up the DagBag from /home/airflow/.local/lib/python3.12/site-packages/airflow/example_dags/example_short_circuit_decorator.py
[2024-10-21T11:18:42.155+0000] {processor.py:925} INFO - DAG(s) 'example_short_circuit_decorator' retrieved from /home/airflow/.local/lib/python3.12/site-packages/airflow/example_dags/example_short_circuit_decorator.py
[2024-10-21T11:18:42.183+0000] {logging_mixin.py:190} INFO - [2024-10-21T11:18:42.182+0000] {dag.py:3239} INFO - Sync 1 DAGs
[2024-10-21T11:18:42.200+0000] {logging_mixin.py:190} INFO - [2024-10-21T11:18:42.200+0000] {dag.py:4180} INFO - Setting next_dagrun for example_short_circuit_decorator to None, run_after=None
[2024-10-21T11:18:42.412+0000] {processor.py:208} INFO - Processing /home/airflow/.local/lib/python3.12/site-packages/airflow/example_dags/example_short_circuit_decorator.py took 0.282 seconds
[2024-10-21T11:19:13.207+0000] {processor.py:186} INFO - Started process (PID=52726) to work on /home/airflow/.local/lib/python3.12/site-packages/airflow/example_dags/example_short_circuit_decorator.py
[2024-10-21T11:19:13.208+0000] {processor.py:914} INFO - Processing file /home/airflow/.local/lib/python3.12/site-packages/airflow/example_dags/example_short_circuit_decorator.py for tasks to queue
[2024-10-21T11:19:13.210+0000] {logging_mixin.py:190} INFO - [2024-10-21T11:19:13.209+0000] {dagbag.py:588} INFO - Filling up the DagBag from /home/airflow/.local/lib/python3.12/site-packages/airflow/example_dags/example_short_circuit_decorator.py
[2024-10-21T11:19:13.220+0000] {processor.py:925} INFO - DAG(s) 'example_short_circuit_decorator' retrieved from /home/airflow/.local/lib/python3.12/site-packages/airflow/example_dags/example_short_circuit_decorator.py
[2024-10-21T11:19:13.248+0000] {logging_mixin.py:190} INFO - [2024-10-21T11:19:13.247+0000] {dag.py:3239} INFO - Sync 1 DAGs
[2024-10-21T11:19:13.264+0000] {logging_mixin.py:190} INFO - [2024-10-21T11:19:13.264+0000] {dag.py:4180} INFO - Setting next_dagrun for example_short_circuit_decorator to None, run_after=None
[2024-10-21T11:19:13.282+0000] {processor.py:208} INFO - Processing /home/airflow/.local/lib/python3.12/site-packages/airflow/example_dags/example_short_circuit_decorator.py took 0.082 seconds
[2024-10-21T11:19:44.018+0000] {processor.py:186} INFO - Started process (PID=52793) to work on /home/airflow/.local/lib/python3.12/site-packages/airflow/example_dags/example_short_circuit_decorator.py
[2024-10-21T11:19:44.020+0000] {processor.py:914} INFO - Processing file /home/airflow/.local/lib/python3.12/site-packages/airflow/example_dags/example_short_circuit_decorator.py for tasks to queue
[2024-10-21T11:19:44.022+0000] {logging_mixin.py:190} INFO - [2024-10-21T11:19:44.021+0000] {dagbag.py:588} INFO - Filling up the DagBag from /home/airflow/.local/lib/python3.12/site-packages/airflow/example_dags/example_short_circuit_decorator.py
[2024-10-21T11:19:44.034+0000] {processor.py:925} INFO - DAG(s) 'example_short_circuit_decorator' retrieved from /home/airflow/.local/lib/python3.12/site-packages/airflow/example_dags/example_short_circuit_decorator.py
[2024-10-21T11:19:44.063+0000] {logging_mixin.py:190} INFO - [2024-10-21T11:19:44.062+0000] {dag.py:3239} INFO - Sync 1 DAGs
[2024-10-21T11:19:44.080+0000] {logging_mixin.py:190} INFO - [2024-10-21T11:19:44.080+0000] {dag.py:4180} INFO - Setting next_dagrun for example_short_circuit_decorator to None, run_after=None
[2024-10-21T11:19:44.100+0000] {processor.py:208} INFO - Processing /home/airflow/.local/lib/python3.12/site-packages/airflow/example_dags/example_short_circuit_decorator.py took 0.091 seconds
[2024-10-21T11:20:14.187+0000] {processor.py:186} INFO - Started process (PID=52860) to work on /home/airflow/.local/lib/python3.12/site-packages/airflow/example_dags/example_short_circuit_decorator.py
[2024-10-21T11:20:14.188+0000] {processor.py:914} INFO - Processing file /home/airflow/.local/lib/python3.12/site-packages/airflow/example_dags/example_short_circuit_decorator.py for tasks to queue
[2024-10-21T11:20:14.190+0000] {logging_mixin.py:190} INFO - [2024-10-21T11:20:14.190+0000] {dagbag.py:588} INFO - Filling up the DagBag from /home/airflow/.local/lib/python3.12/site-packages/airflow/example_dags/example_short_circuit_decorator.py
[2024-10-21T11:20:14.201+0000] {processor.py:925} INFO - DAG(s) 'example_short_circuit_decorator' retrieved from /home/airflow/.local/lib/python3.12/site-packages/airflow/example_dags/example_short_circuit_decorator.py
[2024-10-21T11:20:14.229+0000] {logging_mixin.py:190} INFO - [2024-10-21T11:20:14.229+0000] {dag.py:3239} INFO - Sync 1 DAGs
[2024-10-21T11:20:14.245+0000] {logging_mixin.py:190} INFO - [2024-10-21T11:20:14.245+0000] {dag.py:4180} INFO - Setting next_dagrun for example_short_circuit_decorator to None, run_after=None
[2024-10-21T11:20:14.263+0000] {processor.py:208} INFO - Processing /home/airflow/.local/lib/python3.12/site-packages/airflow/example_dags/example_short_circuit_decorator.py took 0.085 seconds
[2024-10-21T11:20:44.294+0000] {processor.py:186} INFO - Started process (PID=52926) to work on /home/airflow/.local/lib/python3.12/site-packages/airflow/example_dags/example_short_circuit_decorator.py
[2024-10-21T11:20:44.295+0000] {processor.py:914} INFO - Processing file /home/airflow/.local/lib/python3.12/site-packages/airflow/example_dags/example_short_circuit_decorator.py for tasks to queue
[2024-10-21T11:20:44.296+0000] {logging_mixin.py:190} INFO - [2024-10-21T11:20:44.296+0000] {dagbag.py:588} INFO - Filling up the DagBag from /home/airflow/.local/lib/python3.12/site-packages/airflow/example_dags/example_short_circuit_decorator.py
[2024-10-21T11:20:44.306+0000] {processor.py:925} INFO - DAG(s) 'example_short_circuit_decorator' retrieved from /home/airflow/.local/lib/python3.12/site-packages/airflow/example_dags/example_short_circuit_decorator.py
[2024-10-21T11:20:44.332+0000] {logging_mixin.py:190} INFO - [2024-10-21T11:20:44.332+0000] {dag.py:3239} INFO - Sync 1 DAGs
[2024-10-21T11:20:44.348+0000] {logging_mixin.py:190} INFO - [2024-10-21T11:20:44.348+0000] {dag.py:4180} INFO - Setting next_dagrun for example_short_circuit_decorator to None, run_after=None
[2024-10-21T11:20:44.366+0000] {processor.py:208} INFO - Processing /home/airflow/.local/lib/python3.12/site-packages/airflow/example_dags/example_short_circuit_decorator.py took 0.079 seconds
[2024-10-21T11:21:14.451+0000] {processor.py:186} INFO - Started process (PID=52993) to work on /home/airflow/.local/lib/python3.12/site-packages/airflow/example_dags/example_short_circuit_decorator.py
[2024-10-21T11:21:14.451+0000] {processor.py:914} INFO - Processing file /home/airflow/.local/lib/python3.12/site-packages/airflow/example_dags/example_short_circuit_decorator.py for tasks to queue
[2024-10-21T11:21:14.453+0000] {logging_mixin.py:190} INFO - [2024-10-21T11:21:14.452+0000] {dagbag.py:588} INFO - Filling up the DagBag from /home/airflow/.local/lib/python3.12/site-packages/airflow/example_dags/example_short_circuit_decorator.py
[2024-10-21T11:21:14.463+0000] {processor.py:925} INFO - DAG(s) 'example_short_circuit_decorator' retrieved from /home/airflow/.local/lib/python3.12/site-packages/airflow/example_dags/example_short_circuit_decorator.py
[2024-10-21T11:21:14.489+0000] {logging_mixin.py:190} INFO - [2024-10-21T11:21:14.489+0000] {dag.py:3239} INFO - Sync 1 DAGs
[2024-10-21T11:21:14.505+0000] {logging_mixin.py:190} INFO - [2024-10-21T11:21:14.505+0000] {dag.py:4180} INFO - Setting next_dagrun for example_short_circuit_decorator to None, run_after=None
[2024-10-21T11:21:14.523+0000] {processor.py:208} INFO - Processing /home/airflow/.local/lib/python3.12/site-packages/airflow/example_dags/example_short_circuit_decorator.py took 0.079 seconds
[2024-10-21T11:21:44.654+0000] {processor.py:186} INFO - Started process (PID=53060) to work on /home/airflow/.local/lib/python3.12/site-packages/airflow/example_dags/example_short_circuit_decorator.py
[2024-10-21T11:21:44.655+0000] {processor.py:914} INFO - Processing file /home/airflow/.local/lib/python3.12/site-packages/airflow/example_dags/example_short_circuit_decorator.py for tasks to queue
[2024-10-21T11:21:44.657+0000] {logging_mixin.py:190} INFO - [2024-10-21T11:21:44.656+0000] {dagbag.py:588} INFO - Filling up the DagBag from /home/airflow/.local/lib/python3.12/site-packages/airflow/example_dags/example_short_circuit_decorator.py
[2024-10-21T11:21:44.667+0000] {processor.py:925} INFO - DAG(s) 'example_short_circuit_decorator' retrieved from /home/airflow/.local/lib/python3.12/site-packages/airflow/example_dags/example_short_circuit_decorator.py
[2024-10-21T11:21:44.692+0000] {logging_mixin.py:190} INFO - [2024-10-21T11:21:44.692+0000] {dag.py:3239} INFO - Sync 1 DAGs
[2024-10-21T11:21:44.711+0000] {logging_mixin.py:190} INFO - [2024-10-21T11:21:44.710+0000] {dag.py:4180} INFO - Setting next_dagrun for example_short_circuit_decorator to None, run_after=None
[2024-10-21T11:21:44.737+0000] {processor.py:208} INFO - Processing /home/airflow/.local/lib/python3.12/site-packages/airflow/example_dags/example_short_circuit_decorator.py took 0.090 seconds
[2024-10-21T11:22:15.069+0000] {processor.py:186} INFO - Started process (PID=53127) to work on /home/airflow/.local/lib/python3.12/site-packages/airflow/example_dags/example_short_circuit_decorator.py
[2024-10-21T11:22:15.070+0000] {processor.py:914} INFO - Processing file /home/airflow/.local/lib/python3.12/site-packages/airflow/example_dags/example_short_circuit_decorator.py for tasks to queue
[2024-10-21T11:22:15.072+0000] {logging_mixin.py:190} INFO - [2024-10-21T11:22:15.071+0000] {dagbag.py:588} INFO - Filling up the DagBag from /home/airflow/.local/lib/python3.12/site-packages/airflow/example_dags/example_short_circuit_decorator.py
[2024-10-21T11:22:15.081+0000] {processor.py:925} INFO - DAG(s) 'example_short_circuit_decorator' retrieved from /home/airflow/.local/lib/python3.12/site-packages/airflow/example_dags/example_short_circuit_decorator.py
[2024-10-21T11:22:15.109+0000] {logging_mixin.py:190} INFO - [2024-10-21T11:22:15.108+0000] {dag.py:3239} INFO - Sync 1 DAGs
[2024-10-21T11:22:15.138+0000] {logging_mixin.py:190} INFO - [2024-10-21T11:22:15.138+0000] {dag.py:4180} INFO - Setting next_dagrun for example_short_circuit_decorator to None, run_after=None
[2024-10-21T11:22:15.159+0000] {processor.py:208} INFO - Processing /home/airflow/.local/lib/python3.12/site-packages/airflow/example_dags/example_short_circuit_decorator.py took 0.098 seconds
[2024-10-21T11:22:45.257+0000] {processor.py:186} INFO - Started process (PID=53194) to work on /home/airflow/.local/lib/python3.12/site-packages/airflow/example_dags/example_short_circuit_decorator.py
[2024-10-21T11:22:45.259+0000] {processor.py:914} INFO - Processing file /home/airflow/.local/lib/python3.12/site-packages/airflow/example_dags/example_short_circuit_decorator.py for tasks to queue
[2024-10-21T11:22:45.260+0000] {logging_mixin.py:190} INFO - [2024-10-21T11:22:45.260+0000] {dagbag.py:588} INFO - Filling up the DagBag from /home/airflow/.local/lib/python3.12/site-packages/airflow/example_dags/example_short_circuit_decorator.py
[2024-10-21T11:22:45.270+0000] {processor.py:925} INFO - DAG(s) 'example_short_circuit_decorator' retrieved from /home/airflow/.local/lib/python3.12/site-packages/airflow/example_dags/example_short_circuit_decorator.py
[2024-10-21T11:22:45.297+0000] {logging_mixin.py:190} INFO - [2024-10-21T11:22:45.297+0000] {dag.py:3239} INFO - Sync 1 DAGs
[2024-10-21T11:22:45.313+0000] {logging_mixin.py:190} INFO - [2024-10-21T11:22:45.313+0000] {dag.py:4180} INFO - Setting next_dagrun for example_short_circuit_decorator to None, run_after=None
[2024-10-21T11:22:45.331+0000] {processor.py:208} INFO - Processing /home/airflow/.local/lib/python3.12/site-packages/airflow/example_dags/example_short_circuit_decorator.py took 0.081 seconds
[2024-10-21T11:23:15.680+0000] {processor.py:186} INFO - Started process (PID=53260) to work on /home/airflow/.local/lib/python3.12/site-packages/airflow/example_dags/example_short_circuit_decorator.py
[2024-10-21T11:23:15.681+0000] {processor.py:914} INFO - Processing file /home/airflow/.local/lib/python3.12/site-packages/airflow/example_dags/example_short_circuit_decorator.py for tasks to queue
[2024-10-21T11:23:15.682+0000] {logging_mixin.py:190} INFO - [2024-10-21T11:23:15.682+0000] {dagbag.py:588} INFO - Filling up the DagBag from /home/airflow/.local/lib/python3.12/site-packages/airflow/example_dags/example_short_circuit_decorator.py
[2024-10-21T11:23:15.693+0000] {processor.py:925} INFO - DAG(s) 'example_short_circuit_decorator' retrieved from /home/airflow/.local/lib/python3.12/site-packages/airflow/example_dags/example_short_circuit_decorator.py
[2024-10-21T11:23:15.720+0000] {logging_mixin.py:190} INFO - [2024-10-21T11:23:15.719+0000] {dag.py:3239} INFO - Sync 1 DAGs
[2024-10-21T11:23:15.736+0000] {logging_mixin.py:190} INFO - [2024-10-21T11:23:15.735+0000] {dag.py:4180} INFO - Setting next_dagrun for example_short_circuit_decorator to None, run_after=None
[2024-10-21T11:23:15.753+0000] {processor.py:208} INFO - Processing /home/airflow/.local/lib/python3.12/site-packages/airflow/example_dags/example_short_circuit_decorator.py took 0.081 seconds
[2024-10-21T11:23:45.835+0000] {processor.py:186} INFO - Started process (PID=53327) to work on /home/airflow/.local/lib/python3.12/site-packages/airflow/example_dags/example_short_circuit_decorator.py
[2024-10-21T11:23:45.836+0000] {processor.py:914} INFO - Processing file /home/airflow/.local/lib/python3.12/site-packages/airflow/example_dags/example_short_circuit_decorator.py for tasks to queue
[2024-10-21T11:23:45.837+0000] {logging_mixin.py:190} INFO - [2024-10-21T11:23:45.837+0000] {dagbag.py:588} INFO - Filling up the DagBag from /home/airflow/.local/lib/python3.12/site-packages/airflow/example_dags/example_short_circuit_decorator.py
[2024-10-21T11:23:45.847+0000] {processor.py:925} INFO - DAG(s) 'example_short_circuit_decorator' retrieved from /home/airflow/.local/lib/python3.12/site-packages/airflow/example_dags/example_short_circuit_decorator.py
[2024-10-21T11:23:45.873+0000] {logging_mixin.py:190} INFO - [2024-10-21T11:23:45.872+0000] {dag.py:3239} INFO - Sync 1 DAGs
[2024-10-21T11:23:45.888+0000] {logging_mixin.py:190} INFO - [2024-10-21T11:23:45.888+0000] {dag.py:4180} INFO - Setting next_dagrun for example_short_circuit_decorator to None, run_after=None
[2024-10-21T11:23:45.906+0000] {processor.py:208} INFO - Processing /home/airflow/.local/lib/python3.12/site-packages/airflow/example_dags/example_short_circuit_decorator.py took 0.078 seconds
[2024-10-21T11:24:16.052+0000] {processor.py:186} INFO - Started process (PID=53394) to work on /home/airflow/.local/lib/python3.12/site-packages/airflow/example_dags/example_short_circuit_decorator.py
[2024-10-21T11:24:16.053+0000] {processor.py:914} INFO - Processing file /home/airflow/.local/lib/python3.12/site-packages/airflow/example_dags/example_short_circuit_decorator.py for tasks to queue
[2024-10-21T11:24:16.054+0000] {logging_mixin.py:190} INFO - [2024-10-21T11:24:16.054+0000] {dagbag.py:588} INFO - Filling up the DagBag from /home/airflow/.local/lib/python3.12/site-packages/airflow/example_dags/example_short_circuit_decorator.py
[2024-10-21T11:24:16.064+0000] {processor.py:925} INFO - DAG(s) 'example_short_circuit_decorator' retrieved from /home/airflow/.local/lib/python3.12/site-packages/airflow/example_dags/example_short_circuit_decorator.py
[2024-10-21T11:24:16.091+0000] {logging_mixin.py:190} INFO - [2024-10-21T11:24:16.090+0000] {dag.py:3239} INFO - Sync 1 DAGs
[2024-10-21T11:24:16.106+0000] {logging_mixin.py:190} INFO - [2024-10-21T11:24:16.106+0000] {dag.py:4180} INFO - Setting next_dagrun for example_short_circuit_decorator to None, run_after=None
[2024-10-21T11:24:16.124+0000] {processor.py:208} INFO - Processing /home/airflow/.local/lib/python3.12/site-packages/airflow/example_dags/example_short_circuit_decorator.py took 0.079 seconds
[2024-10-21T11:24:46.247+0000] {processor.py:186} INFO - Started process (PID=53461) to work on /home/airflow/.local/lib/python3.12/site-packages/airflow/example_dags/example_short_circuit_decorator.py
[2024-10-21T11:24:46.248+0000] {processor.py:914} INFO - Processing file /home/airflow/.local/lib/python3.12/site-packages/airflow/example_dags/example_short_circuit_decorator.py for tasks to queue
[2024-10-21T11:24:46.249+0000] {logging_mixin.py:190} INFO - [2024-10-21T11:24:46.249+0000] {dagbag.py:588} INFO - Filling up the DagBag from /home/airflow/.local/lib/python3.12/site-packages/airflow/example_dags/example_short_circuit_decorator.py
[2024-10-21T11:24:46.259+0000] {processor.py:925} INFO - DAG(s) 'example_short_circuit_decorator' retrieved from /home/airflow/.local/lib/python3.12/site-packages/airflow/example_dags/example_short_circuit_decorator.py
[2024-10-21T11:24:46.286+0000] {logging_mixin.py:190} INFO - [2024-10-21T11:24:46.285+0000] {dag.py:3239} INFO - Sync 1 DAGs
[2024-10-21T11:24:46.304+0000] {logging_mixin.py:190} INFO - [2024-10-21T11:24:46.304+0000] {dag.py:4180} INFO - Setting next_dagrun for example_short_circuit_decorator to None, run_after=None
[2024-10-21T11:24:46.322+0000] {processor.py:208} INFO - Processing /home/airflow/.local/lib/python3.12/site-packages/airflow/example_dags/example_short_circuit_decorator.py took 0.082 seconds
[2024-10-21T11:25:16.457+0000] {processor.py:186} INFO - Started process (PID=53528) to work on /home/airflow/.local/lib/python3.12/site-packages/airflow/example_dags/example_short_circuit_decorator.py
[2024-10-21T11:25:16.458+0000] {processor.py:914} INFO - Processing file /home/airflow/.local/lib/python3.12/site-packages/airflow/example_dags/example_short_circuit_decorator.py for tasks to queue
[2024-10-21T11:25:16.460+0000] {logging_mixin.py:190} INFO - [2024-10-21T11:25:16.459+0000] {dagbag.py:588} INFO - Filling up the DagBag from /home/airflow/.local/lib/python3.12/site-packages/airflow/example_dags/example_short_circuit_decorator.py
[2024-10-21T11:25:16.470+0000] {processor.py:925} INFO - DAG(s) 'example_short_circuit_decorator' retrieved from /home/airflow/.local/lib/python3.12/site-packages/airflow/example_dags/example_short_circuit_decorator.py
[2024-10-21T11:25:16.501+0000] {logging_mixin.py:190} INFO - [2024-10-21T11:25:16.500+0000] {dag.py:3239} INFO - Sync 1 DAGs
[2024-10-21T11:25:16.517+0000] {logging_mixin.py:190} INFO - [2024-10-21T11:25:16.517+0000] {dag.py:4180} INFO - Setting next_dagrun for example_short_circuit_decorator to None, run_after=None
[2024-10-21T11:25:16.537+0000] {processor.py:208} INFO - Processing /home/airflow/.local/lib/python3.12/site-packages/airflow/example_dags/example_short_circuit_decorator.py took 0.086 seconds
[2024-10-21T11:25:46.705+0000] {processor.py:186} INFO - Started process (PID=53595) to work on /home/airflow/.local/lib/python3.12/site-packages/airflow/example_dags/example_short_circuit_decorator.py
[2024-10-21T11:25:46.706+0000] {processor.py:914} INFO - Processing file /home/airflow/.local/lib/python3.12/site-packages/airflow/example_dags/example_short_circuit_decorator.py for tasks to queue
[2024-10-21T11:25:46.707+0000] {logging_mixin.py:190} INFO - [2024-10-21T11:25:46.707+0000] {dagbag.py:588} INFO - Filling up the DagBag from /home/airflow/.local/lib/python3.12/site-packages/airflow/example_dags/example_short_circuit_decorator.py
[2024-10-21T11:25:46.717+0000] {processor.py:925} INFO - DAG(s) 'example_short_circuit_decorator' retrieved from /home/airflow/.local/lib/python3.12/site-packages/airflow/example_dags/example_short_circuit_decorator.py
[2024-10-21T11:25:46.744+0000] {logging_mixin.py:190} INFO - [2024-10-21T11:25:46.744+0000] {dag.py:3239} INFO - Sync 1 DAGs
[2024-10-21T11:25:46.761+0000] {logging_mixin.py:190} INFO - [2024-10-21T11:25:46.760+0000] {dag.py:4180} INFO - Setting next_dagrun for example_short_circuit_decorator to None, run_after=None
[2024-10-21T11:25:46.779+0000] {processor.py:208} INFO - Processing /home/airflow/.local/lib/python3.12/site-packages/airflow/example_dags/example_short_circuit_decorator.py took 0.081 seconds
[2024-10-21T11:26:16.886+0000] {processor.py:186} INFO - Started process (PID=53662) to work on /home/airflow/.local/lib/python3.12/site-packages/airflow/example_dags/example_short_circuit_decorator.py
[2024-10-21T11:26:16.887+0000] {processor.py:914} INFO - Processing file /home/airflow/.local/lib/python3.12/site-packages/airflow/example_dags/example_short_circuit_decorator.py for tasks to queue
[2024-10-21T11:26:16.888+0000] {logging_mixin.py:190} INFO - [2024-10-21T11:26:16.888+0000] {dagbag.py:588} INFO - Filling up the DagBag from /home/airflow/.local/lib/python3.12/site-packages/airflow/example_dags/example_short_circuit_decorator.py
[2024-10-21T11:26:16.898+0000] {processor.py:925} INFO - DAG(s) 'example_short_circuit_decorator' retrieved from /home/airflow/.local/lib/python3.12/site-packages/airflow/example_dags/example_short_circuit_decorator.py
[2024-10-21T11:26:16.925+0000] {logging_mixin.py:190} INFO - [2024-10-21T11:26:16.924+0000] {dag.py:3239} INFO - Sync 1 DAGs
[2024-10-21T11:26:16.940+0000] {logging_mixin.py:190} INFO - [2024-10-21T11:26:16.940+0000] {dag.py:4180} INFO - Setting next_dagrun for example_short_circuit_decorator to None, run_after=None
[2024-10-21T11:26:16.959+0000] {processor.py:208} INFO - Processing /home/airflow/.local/lib/python3.12/site-packages/airflow/example_dags/example_short_circuit_decorator.py took 0.080 seconds
[2024-10-21T11:26:47.189+0000] {processor.py:186} INFO - Started process (PID=53729) to work on /home/airflow/.local/lib/python3.12/site-packages/airflow/example_dags/example_short_circuit_decorator.py
[2024-10-21T11:26:47.190+0000] {processor.py:914} INFO - Processing file /home/airflow/.local/lib/python3.12/site-packages/airflow/example_dags/example_short_circuit_decorator.py for tasks to queue
[2024-10-21T11:26:47.191+0000] {logging_mixin.py:190} INFO - [2024-10-21T11:26:47.191+0000] {dagbag.py:588} INFO - Filling up the DagBag from /home/airflow/.local/lib/python3.12/site-packages/airflow/example_dags/example_short_circuit_decorator.py
[2024-10-21T11:26:47.201+0000] {processor.py:925} INFO - DAG(s) 'example_short_circuit_decorator' retrieved from /home/airflow/.local/lib/python3.12/site-packages/airflow/example_dags/example_short_circuit_decorator.py
[2024-10-21T11:26:47.228+0000] {logging_mixin.py:190} INFO - [2024-10-21T11:26:47.228+0000] {dag.py:3239} INFO - Sync 1 DAGs
[2024-10-21T11:26:47.244+0000] {logging_mixin.py:190} INFO - [2024-10-21T11:26:47.244+0000] {dag.py:4180} INFO - Setting next_dagrun for example_short_circuit_decorator to None, run_after=None
[2024-10-21T11:26:47.262+0000] {processor.py:208} INFO - Processing /home/airflow/.local/lib/python3.12/site-packages/airflow/example_dags/example_short_circuit_decorator.py took 0.080 seconds
[2024-10-21T11:27:17.549+0000] {processor.py:186} INFO - Started process (PID=53796) to work on /home/airflow/.local/lib/python3.12/site-packages/airflow/example_dags/example_short_circuit_decorator.py
[2024-10-21T11:27:17.550+0000] {processor.py:914} INFO - Processing file /home/airflow/.local/lib/python3.12/site-packages/airflow/example_dags/example_short_circuit_decorator.py for tasks to queue
[2024-10-21T11:27:17.552+0000] {logging_mixin.py:190} INFO - [2024-10-21T11:27:17.551+0000] {dagbag.py:588} INFO - Filling up the DagBag from /home/airflow/.local/lib/python3.12/site-packages/airflow/example_dags/example_short_circuit_decorator.py
[2024-10-21T11:27:17.562+0000] {processor.py:925} INFO - DAG(s) 'example_short_circuit_decorator' retrieved from /home/airflow/.local/lib/python3.12/site-packages/airflow/example_dags/example_short_circuit_decorator.py
[2024-10-21T11:27:17.588+0000] {logging_mixin.py:190} INFO - [2024-10-21T11:27:17.587+0000] {dag.py:3239} INFO - Sync 1 DAGs
[2024-10-21T11:27:17.603+0000] {logging_mixin.py:190} INFO - [2024-10-21T11:27:17.603+0000] {dag.py:4180} INFO - Setting next_dagrun for example_short_circuit_decorator to None, run_after=None
[2024-10-21T11:27:17.621+0000] {processor.py:208} INFO - Processing /home/airflow/.local/lib/python3.12/site-packages/airflow/example_dags/example_short_circuit_decorator.py took 0.079 seconds
[2024-10-21T11:27:47.811+0000] {processor.py:186} INFO - Started process (PID=53863) to work on /home/airflow/.local/lib/python3.12/site-packages/airflow/example_dags/example_short_circuit_decorator.py
[2024-10-21T11:27:47.813+0000] {processor.py:914} INFO - Processing file /home/airflow/.local/lib/python3.12/site-packages/airflow/example_dags/example_short_circuit_decorator.py for tasks to queue
[2024-10-21T11:27:47.815+0000] {logging_mixin.py:190} INFO - [2024-10-21T11:27:47.814+0000] {dagbag.py:588} INFO - Filling up the DagBag from /home/airflow/.local/lib/python3.12/site-packages/airflow/example_dags/example_short_circuit_decorator.py
[2024-10-21T11:27:47.827+0000] {processor.py:925} INFO - DAG(s) 'example_short_circuit_decorator' retrieved from /home/airflow/.local/lib/python3.12/site-packages/airflow/example_dags/example_short_circuit_decorator.py
[2024-10-21T11:27:47.865+0000] {logging_mixin.py:190} INFO - [2024-10-21T11:27:47.864+0000] {dag.py:3239} INFO - Sync 1 DAGs
[2024-10-21T11:27:47.884+0000] {logging_mixin.py:190} INFO - [2024-10-21T11:27:47.884+0000] {dag.py:4180} INFO - Setting next_dagrun for example_short_circuit_decorator to None, run_after=None
[2024-10-21T11:27:47.903+0000] {processor.py:208} INFO - Processing /home/airflow/.local/lib/python3.12/site-packages/airflow/example_dags/example_short_circuit_decorator.py took 0.100 seconds
[2024-10-21T11:28:18.347+0000] {processor.py:186} INFO - Started process (PID=53930) to work on /home/airflow/.local/lib/python3.12/site-packages/airflow/example_dags/example_short_circuit_decorator.py
[2024-10-21T11:28:18.349+0000] {processor.py:914} INFO - Processing file /home/airflow/.local/lib/python3.12/site-packages/airflow/example_dags/example_short_circuit_decorator.py for tasks to queue
[2024-10-21T11:28:18.350+0000] {logging_mixin.py:190} INFO - [2024-10-21T11:28:18.350+0000] {dagbag.py:588} INFO - Filling up the DagBag from /home/airflow/.local/lib/python3.12/site-packages/airflow/example_dags/example_short_circuit_decorator.py
[2024-10-21T11:28:18.363+0000] {processor.py:925} INFO - DAG(s) 'example_short_circuit_decorator' retrieved from /home/airflow/.local/lib/python3.12/site-packages/airflow/example_dags/example_short_circuit_decorator.py
[2024-10-21T11:28:18.390+0000] {logging_mixin.py:190} INFO - [2024-10-21T11:28:18.389+0000] {dag.py:3239} INFO - Sync 1 DAGs
[2024-10-21T11:28:18.406+0000] {logging_mixin.py:190} INFO - [2024-10-21T11:28:18.406+0000] {dag.py:4180} INFO - Setting next_dagrun for example_short_circuit_decorator to None, run_after=None
[2024-10-21T11:28:18.424+0000] {processor.py:208} INFO - Processing /home/airflow/.local/lib/python3.12/site-packages/airflow/example_dags/example_short_circuit_decorator.py took 0.085 seconds
[2024-10-21T11:28:48.685+0000] {processor.py:186} INFO - Started process (PID=53997) to work on /home/airflow/.local/lib/python3.12/site-packages/airflow/example_dags/example_short_circuit_decorator.py
[2024-10-21T11:28:48.686+0000] {processor.py:914} INFO - Processing file /home/airflow/.local/lib/python3.12/site-packages/airflow/example_dags/example_short_circuit_decorator.py for tasks to queue
[2024-10-21T11:28:48.687+0000] {logging_mixin.py:190} INFO - [2024-10-21T11:28:48.687+0000] {dagbag.py:588} INFO - Filling up the DagBag from /home/airflow/.local/lib/python3.12/site-packages/airflow/example_dags/example_short_circuit_decorator.py
[2024-10-21T11:28:48.697+0000] {processor.py:925} INFO - DAG(s) 'example_short_circuit_decorator' retrieved from /home/airflow/.local/lib/python3.12/site-packages/airflow/example_dags/example_short_circuit_decorator.py
[2024-10-21T11:28:48.725+0000] {logging_mixin.py:190} INFO - [2024-10-21T11:28:48.725+0000] {dag.py:3239} INFO - Sync 1 DAGs
[2024-10-21T11:28:48.742+0000] {logging_mixin.py:190} INFO - [2024-10-21T11:28:48.741+0000] {dag.py:4180} INFO - Setting next_dagrun for example_short_circuit_decorator to None, run_after=None
[2024-10-21T11:28:48.759+0000] {processor.py:208} INFO - Processing /home/airflow/.local/lib/python3.12/site-packages/airflow/example_dags/example_short_circuit_decorator.py took 0.082 seconds
[2024-10-21T11:29:19.080+0000] {processor.py:186} INFO - Started process (PID=54064) to work on /home/airflow/.local/lib/python3.12/site-packages/airflow/example_dags/example_short_circuit_decorator.py
[2024-10-21T11:29:19.081+0000] {processor.py:914} INFO - Processing file /home/airflow/.local/lib/python3.12/site-packages/airflow/example_dags/example_short_circuit_decorator.py for tasks to queue
[2024-10-21T11:29:19.082+0000] {logging_mixin.py:190} INFO - [2024-10-21T11:29:19.082+0000] {dagbag.py:588} INFO - Filling up the DagBag from /home/airflow/.local/lib/python3.12/site-packages/airflow/example_dags/example_short_circuit_decorator.py
[2024-10-21T11:29:19.092+0000] {processor.py:925} INFO - DAG(s) 'example_short_circuit_decorator' retrieved from /home/airflow/.local/lib/python3.12/site-packages/airflow/example_dags/example_short_circuit_decorator.py
[2024-10-21T11:29:19.119+0000] {logging_mixin.py:190} INFO - [2024-10-21T11:29:19.119+0000] {dag.py:3239} INFO - Sync 1 DAGs
[2024-10-21T11:29:19.134+0000] {logging_mixin.py:190} INFO - [2024-10-21T11:29:19.134+0000] {dag.py:4180} INFO - Setting next_dagrun for example_short_circuit_decorator to None, run_after=None
[2024-10-21T11:29:19.151+0000] {processor.py:208} INFO - Processing /home/airflow/.local/lib/python3.12/site-packages/airflow/example_dags/example_short_circuit_decorator.py took 0.079 seconds
[2024-10-21T11:29:49.255+0000] {processor.py:186} INFO - Started process (PID=54131) to work on /home/airflow/.local/lib/python3.12/site-packages/airflow/example_dags/example_short_circuit_decorator.py
[2024-10-21T11:29:49.256+0000] {processor.py:914} INFO - Processing file /home/airflow/.local/lib/python3.12/site-packages/airflow/example_dags/example_short_circuit_decorator.py for tasks to queue
[2024-10-21T11:29:49.257+0000] {logging_mixin.py:190} INFO - [2024-10-21T11:29:49.257+0000] {dagbag.py:588} INFO - Filling up the DagBag from /home/airflow/.local/lib/python3.12/site-packages/airflow/example_dags/example_short_circuit_decorator.py
[2024-10-21T11:29:49.266+0000] {processor.py:925} INFO - DAG(s) 'example_short_circuit_decorator' retrieved from /home/airflow/.local/lib/python3.12/site-packages/airflow/example_dags/example_short_circuit_decorator.py
[2024-10-21T11:29:49.293+0000] {logging_mixin.py:190} INFO - [2024-10-21T11:29:49.293+0000] {dag.py:3239} INFO - Sync 1 DAGs
[2024-10-21T11:29:49.309+0000] {logging_mixin.py:190} INFO - [2024-10-21T11:29:49.308+0000] {dag.py:4180} INFO - Setting next_dagrun for example_short_circuit_decorator to None, run_after=None
[2024-10-21T11:29:49.326+0000] {processor.py:208} INFO - Processing /home/airflow/.local/lib/python3.12/site-packages/airflow/example_dags/example_short_circuit_decorator.py took 0.078 seconds
[2024-10-21T11:30:19.596+0000] {processor.py:186} INFO - Started process (PID=54198) to work on /home/airflow/.local/lib/python3.12/site-packages/airflow/example_dags/example_short_circuit_decorator.py
[2024-10-21T11:30:19.597+0000] {processor.py:914} INFO - Processing file /home/airflow/.local/lib/python3.12/site-packages/airflow/example_dags/example_short_circuit_decorator.py for tasks to queue
[2024-10-21T11:30:19.599+0000] {logging_mixin.py:190} INFO - [2024-10-21T11:30:19.598+0000] {dagbag.py:588} INFO - Filling up the DagBag from /home/airflow/.local/lib/python3.12/site-packages/airflow/example_dags/example_short_circuit_decorator.py
[2024-10-21T11:30:19.609+0000] {processor.py:925} INFO - DAG(s) 'example_short_circuit_decorator' retrieved from /home/airflow/.local/lib/python3.12/site-packages/airflow/example_dags/example_short_circuit_decorator.py
[2024-10-21T11:30:19.636+0000] {logging_mixin.py:190} INFO - [2024-10-21T11:30:19.636+0000] {dag.py:3239} INFO - Sync 1 DAGs
[2024-10-21T11:30:19.652+0000] {logging_mixin.py:190} INFO - [2024-10-21T11:30:19.652+0000] {dag.py:4180} INFO - Setting next_dagrun for example_short_circuit_decorator to None, run_after=None
[2024-10-21T11:30:19.668+0000] {processor.py:208} INFO - Processing /home/airflow/.local/lib/python3.12/site-packages/airflow/example_dags/example_short_circuit_decorator.py took 0.079 seconds
[2024-10-21T11:30:50.017+0000] {processor.py:186} INFO - Started process (PID=54264) to work on /home/airflow/.local/lib/python3.12/site-packages/airflow/example_dags/example_short_circuit_decorator.py
[2024-10-21T11:30:50.018+0000] {processor.py:914} INFO - Processing file /home/airflow/.local/lib/python3.12/site-packages/airflow/example_dags/example_short_circuit_decorator.py for tasks to queue
[2024-10-21T11:30:50.019+0000] {logging_mixin.py:190} INFO - [2024-10-21T11:30:50.019+0000] {dagbag.py:588} INFO - Filling up the DagBag from /home/airflow/.local/lib/python3.12/site-packages/airflow/example_dags/example_short_circuit_decorator.py
[2024-10-21T11:30:50.029+0000] {processor.py:925} INFO - DAG(s) 'example_short_circuit_decorator' retrieved from /home/airflow/.local/lib/python3.12/site-packages/airflow/example_dags/example_short_circuit_decorator.py
[2024-10-21T11:30:50.056+0000] {logging_mixin.py:190} INFO - [2024-10-21T11:30:50.056+0000] {dag.py:3239} INFO - Sync 1 DAGs
[2024-10-21T11:30:50.072+0000] {logging_mixin.py:190} INFO - [2024-10-21T11:30:50.072+0000] {dag.py:4180} INFO - Setting next_dagrun for example_short_circuit_decorator to None, run_after=None
[2024-10-21T11:30:50.090+0000] {processor.py:208} INFO - Processing /home/airflow/.local/lib/python3.12/site-packages/airflow/example_dags/example_short_circuit_decorator.py took 0.081 seconds
[2024-10-21T11:31:20.985+0000] {processor.py:186} INFO - Started process (PID=54331) to work on /home/airflow/.local/lib/python3.12/site-packages/airflow/example_dags/example_short_circuit_decorator.py
[2024-10-21T11:31:20.986+0000] {processor.py:914} INFO - Processing file /home/airflow/.local/lib/python3.12/site-packages/airflow/example_dags/example_short_circuit_decorator.py for tasks to queue
[2024-10-21T11:31:20.987+0000] {logging_mixin.py:190} INFO - [2024-10-21T11:31:20.987+0000] {dagbag.py:588} INFO - Filling up the DagBag from /home/airflow/.local/lib/python3.12/site-packages/airflow/example_dags/example_short_circuit_decorator.py
[2024-10-21T11:31:20.999+0000] {processor.py:925} INFO - DAG(s) 'example_short_circuit_decorator' retrieved from /home/airflow/.local/lib/python3.12/site-packages/airflow/example_dags/example_short_circuit_decorator.py
[2024-10-21T11:31:21.028+0000] {logging_mixin.py:190} INFO - [2024-10-21T11:31:21.027+0000] {dag.py:3239} INFO - Sync 1 DAGs
[2024-10-21T11:31:21.044+0000] {logging_mixin.py:190} INFO - [2024-10-21T11:31:21.044+0000] {dag.py:4180} INFO - Setting next_dagrun for example_short_circuit_decorator to None, run_after=None
[2024-10-21T11:31:21.064+0000] {processor.py:208} INFO - Processing /home/airflow/.local/lib/python3.12/site-packages/airflow/example_dags/example_short_circuit_decorator.py took 0.086 seconds
[2024-10-21T11:31:51.190+0000] {processor.py:186} INFO - Started process (PID=54398) to work on /home/airflow/.local/lib/python3.12/site-packages/airflow/example_dags/example_short_circuit_decorator.py
[2024-10-21T11:31:51.192+0000] {processor.py:914} INFO - Processing file /home/airflow/.local/lib/python3.12/site-packages/airflow/example_dags/example_short_circuit_decorator.py for tasks to queue
[2024-10-21T11:31:51.193+0000] {logging_mixin.py:190} INFO - [2024-10-21T11:31:51.193+0000] {dagbag.py:588} INFO - Filling up the DagBag from /home/airflow/.local/lib/python3.12/site-packages/airflow/example_dags/example_short_circuit_decorator.py
[2024-10-21T11:31:51.203+0000] {processor.py:925} INFO - DAG(s) 'example_short_circuit_decorator' retrieved from /home/airflow/.local/lib/python3.12/site-packages/airflow/example_dags/example_short_circuit_decorator.py
[2024-10-21T11:31:51.230+0000] {logging_mixin.py:190} INFO - [2024-10-21T11:31:51.230+0000] {dag.py:3239} INFO - Sync 1 DAGs
[2024-10-21T11:31:51.246+0000] {logging_mixin.py:190} INFO - [2024-10-21T11:31:51.246+0000] {dag.py:4180} INFO - Setting next_dagrun for example_short_circuit_decorator to None, run_after=None
[2024-10-21T11:31:51.264+0000] {processor.py:208} INFO - Processing /home/airflow/.local/lib/python3.12/site-packages/airflow/example_dags/example_short_circuit_decorator.py took 0.080 seconds
[2024-10-21T11:32:21.408+0000] {processor.py:186} INFO - Started process (PID=54465) to work on /home/airflow/.local/lib/python3.12/site-packages/airflow/example_dags/example_short_circuit_decorator.py
[2024-10-21T11:32:21.409+0000] {processor.py:914} INFO - Processing file /home/airflow/.local/lib/python3.12/site-packages/airflow/example_dags/example_short_circuit_decorator.py for tasks to queue
[2024-10-21T11:32:21.410+0000] {logging_mixin.py:190} INFO - [2024-10-21T11:32:21.410+0000] {dagbag.py:588} INFO - Filling up the DagBag from /home/airflow/.local/lib/python3.12/site-packages/airflow/example_dags/example_short_circuit_decorator.py
[2024-10-21T11:32:21.420+0000] {processor.py:925} INFO - DAG(s) 'example_short_circuit_decorator' retrieved from /home/airflow/.local/lib/python3.12/site-packages/airflow/example_dags/example_short_circuit_decorator.py
[2024-10-21T11:32:21.445+0000] {logging_mixin.py:190} INFO - [2024-10-21T11:32:21.445+0000] {dag.py:3239} INFO - Sync 1 DAGs
[2024-10-21T11:32:21.466+0000] {logging_mixin.py:190} INFO - [2024-10-21T11:32:21.466+0000] {dag.py:4180} INFO - Setting next_dagrun for example_short_circuit_decorator to None, run_after=None
[2024-10-21T11:32:21.484+0000] {processor.py:208} INFO - Processing /home/airflow/.local/lib/python3.12/site-packages/airflow/example_dags/example_short_circuit_decorator.py took 0.084 seconds
[2024-10-21T11:32:51.700+0000] {processor.py:186} INFO - Started process (PID=54532) to work on /home/airflow/.local/lib/python3.12/site-packages/airflow/example_dags/example_short_circuit_decorator.py
[2024-10-21T11:32:51.702+0000] {processor.py:914} INFO - Processing file /home/airflow/.local/lib/python3.12/site-packages/airflow/example_dags/example_short_circuit_decorator.py for tasks to queue
[2024-10-21T11:32:51.703+0000] {logging_mixin.py:190} INFO - [2024-10-21T11:32:51.703+0000] {dagbag.py:588} INFO - Filling up the DagBag from /home/airflow/.local/lib/python3.12/site-packages/airflow/example_dags/example_short_circuit_decorator.py
[2024-10-21T11:32:51.714+0000] {processor.py:925} INFO - DAG(s) 'example_short_circuit_decorator' retrieved from /home/airflow/.local/lib/python3.12/site-packages/airflow/example_dags/example_short_circuit_decorator.py
[2024-10-21T11:32:51.742+0000] {logging_mixin.py:190} INFO - [2024-10-21T11:32:51.741+0000] {dag.py:3239} INFO - Sync 1 DAGs
[2024-10-21T11:32:51.757+0000] {logging_mixin.py:190} INFO - [2024-10-21T11:32:51.757+0000] {dag.py:4180} INFO - Setting next_dagrun for example_short_circuit_decorator to None, run_after=None
[2024-10-21T11:32:51.776+0000] {processor.py:208} INFO - Processing /home/airflow/.local/lib/python3.12/site-packages/airflow/example_dags/example_short_circuit_decorator.py took 0.082 seconds
[2024-10-21T11:33:22.098+0000] {processor.py:186} INFO - Started process (PID=54598) to work on /home/airflow/.local/lib/python3.12/site-packages/airflow/example_dags/example_short_circuit_decorator.py
[2024-10-21T11:33:22.099+0000] {processor.py:914} INFO - Processing file /home/airflow/.local/lib/python3.12/site-packages/airflow/example_dags/example_short_circuit_decorator.py for tasks to queue
[2024-10-21T11:33:22.101+0000] {logging_mixin.py:190} INFO - [2024-10-21T11:33:22.100+0000] {dagbag.py:588} INFO - Filling up the DagBag from /home/airflow/.local/lib/python3.12/site-packages/airflow/example_dags/example_short_circuit_decorator.py
[2024-10-21T11:33:22.111+0000] {processor.py:925} INFO - DAG(s) 'example_short_circuit_decorator' retrieved from /home/airflow/.local/lib/python3.12/site-packages/airflow/example_dags/example_short_circuit_decorator.py
[2024-10-21T11:33:22.138+0000] {logging_mixin.py:190} INFO - [2024-10-21T11:33:22.138+0000] {dag.py:3239} INFO - Sync 1 DAGs
[2024-10-21T11:33:22.154+0000] {logging_mixin.py:190} INFO - [2024-10-21T11:33:22.154+0000] {dag.py:4180} INFO - Setting next_dagrun for example_short_circuit_decorator to None, run_after=None
[2024-10-21T11:33:22.172+0000] {processor.py:208} INFO - Processing /home/airflow/.local/lib/python3.12/site-packages/airflow/example_dags/example_short_circuit_decorator.py took 0.081 seconds
[2024-10-21T11:33:52.334+0000] {processor.py:186} INFO - Started process (PID=54665) to work on /home/airflow/.local/lib/python3.12/site-packages/airflow/example_dags/example_short_circuit_decorator.py
[2024-10-21T11:33:52.337+0000] {processor.py:914} INFO - Processing file /home/airflow/.local/lib/python3.12/site-packages/airflow/example_dags/example_short_circuit_decorator.py for tasks to queue
[2024-10-21T11:33:52.339+0000] {logging_mixin.py:190} INFO - [2024-10-21T11:33:52.338+0000] {dagbag.py:588} INFO - Filling up the DagBag from /home/airflow/.local/lib/python3.12/site-packages/airflow/example_dags/example_short_circuit_decorator.py
[2024-10-21T11:33:52.362+0000] {processor.py:925} INFO - DAG(s) 'example_short_circuit_decorator' retrieved from /home/airflow/.local/lib/python3.12/site-packages/airflow/example_dags/example_short_circuit_decorator.py
[2024-10-21T11:33:52.402+0000] {logging_mixin.py:190} INFO - [2024-10-21T11:33:52.402+0000] {dag.py:3239} INFO - Sync 1 DAGs
[2024-10-21T11:33:52.433+0000] {logging_mixin.py:190} INFO - [2024-10-21T11:33:52.433+0000] {dag.py:4180} INFO - Setting next_dagrun for example_short_circuit_decorator to None, run_after=None
[2024-10-21T11:33:52.466+0000] {processor.py:208} INFO - Processing /home/airflow/.local/lib/python3.12/site-packages/airflow/example_dags/example_short_circuit_decorator.py took 0.141 seconds
[2024-10-21T11:34:22.548+0000] {processor.py:186} INFO - Started process (PID=54732) to work on /home/airflow/.local/lib/python3.12/site-packages/airflow/example_dags/example_short_circuit_decorator.py
[2024-10-21T11:34:22.549+0000] {processor.py:914} INFO - Processing file /home/airflow/.local/lib/python3.12/site-packages/airflow/example_dags/example_short_circuit_decorator.py for tasks to queue
[2024-10-21T11:34:22.553+0000] {logging_mixin.py:190} INFO - [2024-10-21T11:34:22.552+0000] {dagbag.py:588} INFO - Filling up the DagBag from /home/airflow/.local/lib/python3.12/site-packages/airflow/example_dags/example_short_circuit_decorator.py
[2024-10-21T11:34:22.569+0000] {processor.py:925} INFO - DAG(s) 'example_short_circuit_decorator' retrieved from /home/airflow/.local/lib/python3.12/site-packages/airflow/example_dags/example_short_circuit_decorator.py
[2024-10-21T11:34:22.602+0000] {logging_mixin.py:190} INFO - [2024-10-21T11:34:22.602+0000] {dag.py:3239} INFO - Sync 1 DAGs
[2024-10-21T11:34:22.622+0000] {logging_mixin.py:190} INFO - [2024-10-21T11:34:22.622+0000] {dag.py:4180} INFO - Setting next_dagrun for example_short_circuit_decorator to None, run_after=None
[2024-10-21T11:34:22.643+0000] {processor.py:208} INFO - Processing /home/airflow/.local/lib/python3.12/site-packages/airflow/example_dags/example_short_circuit_decorator.py took 0.105 seconds
[2024-10-21T11:34:58.329+0000] {processor.py:186} INFO - Started process (PID=54761) to work on /home/airflow/.local/lib/python3.12/site-packages/airflow/example_dags/example_short_circuit_decorator.py
[2024-10-21T11:34:58.330+0000] {processor.py:914} INFO - Processing file /home/airflow/.local/lib/python3.12/site-packages/airflow/example_dags/example_short_circuit_decorator.py for tasks to queue
[2024-10-21T11:34:58.332+0000] {logging_mixin.py:190} INFO - [2024-10-21T11:34:58.332+0000] {dagbag.py:588} INFO - Filling up the DagBag from /home/airflow/.local/lib/python3.12/site-packages/airflow/example_dags/example_short_circuit_decorator.py
[2024-10-21T11:34:58.352+0000] {processor.py:925} INFO - DAG(s) 'example_short_circuit_decorator' retrieved from /home/airflow/.local/lib/python3.12/site-packages/airflow/example_dags/example_short_circuit_decorator.py
[2024-10-21T11:34:58.449+0000] {logging_mixin.py:190} INFO - [2024-10-21T11:34:58.449+0000] {dag.py:3239} INFO - Sync 1 DAGs
[2024-10-21T11:34:58.478+0000] {logging_mixin.py:190} INFO - [2024-10-21T11:34:58.478+0000] {dag.py:4180} INFO - Setting next_dagrun for example_short_circuit_decorator to None, run_after=None
[2024-10-21T11:34:58.509+0000] {processor.py:208} INFO - Processing /home/airflow/.local/lib/python3.12/site-packages/airflow/example_dags/example_short_circuit_decorator.py took 0.193 seconds
