[2024-10-21T10:53:19.425+0000] {processor.py:186} INFO - Started process (PID=49333) to work on /home/airflow/.local/lib/python3.12/site-packages/airflow/example_dags/example_external_task_marker_dag.py
[2024-10-21T10:53:19.427+0000] {processor.py:914} INFO - Processing file /home/airflow/.local/lib/python3.12/site-packages/airflow/example_dags/example_external_task_marker_dag.py for tasks to queue
[2024-10-21T10:53:19.431+0000] {logging_mixin.py:190} INFO - [2024-10-21T10:53:19.431+0000] {dagbag.py:588} INFO - Filling up the DagBag from /home/airflow/.local/lib/python3.12/site-packages/airflow/example_dags/example_external_task_marker_dag.py
[2024-10-21T10:53:19.442+0000] {processor.py:925} INFO - DAG(s) 'example_external_task_marker_child', 'example_external_task_marker_parent' retrieved from /home/airflow/.local/lib/python3.12/site-packages/airflow/example_dags/example_external_task_marker_dag.py
[2024-10-21T10:53:19.474+0000] {logging_mixin.py:190} INFO - [2024-10-21T10:53:19.474+0000] {dag.py:3239} INFO - Sync 2 DAGs
[2024-10-21T10:53:19.496+0000] {logging_mixin.py:190} INFO - [2024-10-21T10:53:19.495+0000] {dag.py:4180} INFO - Setting next_dagrun for example_external_task_marker_child to None, run_after=None
[2024-10-21T10:53:19.500+0000] {logging_mixin.py:190} INFO - [2024-10-21T10:53:19.500+0000] {dag.py:4180} INFO - Setting next_dagrun for example_external_task_marker_parent to None, run_after=None
[2024-10-21T10:53:19.520+0000] {processor.py:208} INFO - Processing /home/airflow/.local/lib/python3.12/site-packages/airflow/example_dags/example_external_task_marker_dag.py took 0.105 seconds
[2024-10-21T10:53:50.351+0000] {processor.py:186} INFO - Started process (PID=49400) to work on /home/airflow/.local/lib/python3.12/site-packages/airflow/example_dags/example_external_task_marker_dag.py
[2024-10-21T10:53:50.352+0000] {processor.py:914} INFO - Processing file /home/airflow/.local/lib/python3.12/site-packages/airflow/example_dags/example_external_task_marker_dag.py for tasks to queue
[2024-10-21T10:53:50.353+0000] {logging_mixin.py:190} INFO - [2024-10-21T10:53:50.353+0000] {dagbag.py:588} INFO - Filling up the DagBag from /home/airflow/.local/lib/python3.12/site-packages/airflow/example_dags/example_external_task_marker_dag.py
[2024-10-21T10:53:50.360+0000] {processor.py:925} INFO - DAG(s) 'example_external_task_marker_child', 'example_external_task_marker_parent' retrieved from /home/airflow/.local/lib/python3.12/site-packages/airflow/example_dags/example_external_task_marker_dag.py
[2024-10-21T10:53:50.387+0000] {logging_mixin.py:190} INFO - [2024-10-21T10:53:50.387+0000] {dag.py:3239} INFO - Sync 2 DAGs
[2024-10-21T10:53:50.406+0000] {logging_mixin.py:190} INFO - [2024-10-21T10:53:50.405+0000] {dag.py:4180} INFO - Setting next_dagrun for example_external_task_marker_child to None, run_after=None
[2024-10-21T10:53:50.410+0000] {logging_mixin.py:190} INFO - [2024-10-21T10:53:50.409+0000] {dag.py:4180} INFO - Setting next_dagrun for example_external_task_marker_parent to None, run_after=None
[2024-10-21T10:53:50.427+0000] {processor.py:208} INFO - Processing /home/airflow/.local/lib/python3.12/site-packages/airflow/example_dags/example_external_task_marker_dag.py took 0.084 seconds
[2024-10-21T10:54:20.994+0000] {processor.py:186} INFO - Started process (PID=49467) to work on /home/airflow/.local/lib/python3.12/site-packages/airflow/example_dags/example_external_task_marker_dag.py
[2024-10-21T10:54:20.995+0000] {processor.py:914} INFO - Processing file /home/airflow/.local/lib/python3.12/site-packages/airflow/example_dags/example_external_task_marker_dag.py for tasks to queue
[2024-10-21T10:54:20.996+0000] {logging_mixin.py:190} INFO - [2024-10-21T10:54:20.996+0000] {dagbag.py:588} INFO - Filling up the DagBag from /home/airflow/.local/lib/python3.12/site-packages/airflow/example_dags/example_external_task_marker_dag.py
[2024-10-21T10:54:21.003+0000] {processor.py:925} INFO - DAG(s) 'example_external_task_marker_child', 'example_external_task_marker_parent' retrieved from /home/airflow/.local/lib/python3.12/site-packages/airflow/example_dags/example_external_task_marker_dag.py
[2024-10-21T10:54:21.028+0000] {logging_mixin.py:190} INFO - [2024-10-21T10:54:21.028+0000] {dag.py:3239} INFO - Sync 2 DAGs
[2024-10-21T10:54:21.045+0000] {logging_mixin.py:190} INFO - [2024-10-21T10:54:21.045+0000] {dag.py:4180} INFO - Setting next_dagrun for example_external_task_marker_child to None, run_after=None
[2024-10-21T10:54:21.048+0000] {logging_mixin.py:190} INFO - [2024-10-21T10:54:21.048+0000] {dag.py:4180} INFO - Setting next_dagrun for example_external_task_marker_parent to None, run_after=None
[2024-10-21T10:54:21.064+0000] {processor.py:208} INFO - Processing /home/airflow/.local/lib/python3.12/site-packages/airflow/example_dags/example_external_task_marker_dag.py took 0.077 seconds
[2024-10-21T10:54:51.585+0000] {processor.py:186} INFO - Started process (PID=49534) to work on /home/airflow/.local/lib/python3.12/site-packages/airflow/example_dags/example_external_task_marker_dag.py
[2024-10-21T10:54:51.586+0000] {processor.py:914} INFO - Processing file /home/airflow/.local/lib/python3.12/site-packages/airflow/example_dags/example_external_task_marker_dag.py for tasks to queue
[2024-10-21T10:54:51.587+0000] {logging_mixin.py:190} INFO - [2024-10-21T10:54:51.587+0000] {dagbag.py:588} INFO - Filling up the DagBag from /home/airflow/.local/lib/python3.12/site-packages/airflow/example_dags/example_external_task_marker_dag.py
[2024-10-21T10:54:51.597+0000] {processor.py:925} INFO - DAG(s) 'example_external_task_marker_child', 'example_external_task_marker_parent' retrieved from /home/airflow/.local/lib/python3.12/site-packages/airflow/example_dags/example_external_task_marker_dag.py
[2024-10-21T10:54:51.627+0000] {logging_mixin.py:190} INFO - [2024-10-21T10:54:51.627+0000] {dag.py:3239} INFO - Sync 2 DAGs
[2024-10-21T10:54:51.644+0000] {logging_mixin.py:190} INFO - [2024-10-21T10:54:51.644+0000] {dag.py:4180} INFO - Setting next_dagrun for example_external_task_marker_child to None, run_after=None
[2024-10-21T10:54:51.648+0000] {logging_mixin.py:190} INFO - [2024-10-21T10:54:51.647+0000] {dag.py:4180} INFO - Setting next_dagrun for example_external_task_marker_parent to None, run_after=None
[2024-10-21T10:54:51.665+0000] {processor.py:208} INFO - Processing /home/airflow/.local/lib/python3.12/site-packages/airflow/example_dags/example_external_task_marker_dag.py took 0.090 seconds
[2024-10-21T10:55:21.796+0000] {processor.py:186} INFO - Started process (PID=49601) to work on /home/airflow/.local/lib/python3.12/site-packages/airflow/example_dags/example_external_task_marker_dag.py
[2024-10-21T10:55:21.797+0000] {processor.py:914} INFO - Processing file /home/airflow/.local/lib/python3.12/site-packages/airflow/example_dags/example_external_task_marker_dag.py for tasks to queue
[2024-10-21T10:55:21.798+0000] {logging_mixin.py:190} INFO - [2024-10-21T10:55:21.798+0000] {dagbag.py:588} INFO - Filling up the DagBag from /home/airflow/.local/lib/python3.12/site-packages/airflow/example_dags/example_external_task_marker_dag.py
[2024-10-21T10:55:21.804+0000] {processor.py:925} INFO - DAG(s) 'example_external_task_marker_parent', 'example_external_task_marker_child' retrieved from /home/airflow/.local/lib/python3.12/site-packages/airflow/example_dags/example_external_task_marker_dag.py
[2024-10-21T10:55:21.829+0000] {logging_mixin.py:190} INFO - [2024-10-21T10:55:21.829+0000] {dag.py:3239} INFO - Sync 2 DAGs
[2024-10-21T10:55:21.845+0000] {logging_mixin.py:190} INFO - [2024-10-21T10:55:21.845+0000] {dag.py:4180} INFO - Setting next_dagrun for example_external_task_marker_child to None, run_after=None
[2024-10-21T10:55:21.849+0000] {logging_mixin.py:190} INFO - [2024-10-21T10:55:21.848+0000] {dag.py:4180} INFO - Setting next_dagrun for example_external_task_marker_parent to None, run_after=None
[2024-10-21T10:55:21.864+0000] {processor.py:208} INFO - Processing /home/airflow/.local/lib/python3.12/site-packages/airflow/example_dags/example_external_task_marker_dag.py took 0.075 seconds
[2024-10-21T10:55:51.980+0000] {processor.py:186} INFO - Started process (PID=49668) to work on /home/airflow/.local/lib/python3.12/site-packages/airflow/example_dags/example_external_task_marker_dag.py
[2024-10-21T10:55:51.981+0000] {processor.py:914} INFO - Processing file /home/airflow/.local/lib/python3.12/site-packages/airflow/example_dags/example_external_task_marker_dag.py for tasks to queue
[2024-10-21T10:55:51.982+0000] {logging_mixin.py:190} INFO - [2024-10-21T10:55:51.982+0000] {dagbag.py:588} INFO - Filling up the DagBag from /home/airflow/.local/lib/python3.12/site-packages/airflow/example_dags/example_external_task_marker_dag.py
[2024-10-21T10:55:51.989+0000] {processor.py:925} INFO - DAG(s) 'example_external_task_marker_parent', 'example_external_task_marker_child' retrieved from /home/airflow/.local/lib/python3.12/site-packages/airflow/example_dags/example_external_task_marker_dag.py
[2024-10-21T10:55:52.015+0000] {logging_mixin.py:190} INFO - [2024-10-21T10:55:52.015+0000] {dag.py:3239} INFO - Sync 2 DAGs
[2024-10-21T10:55:52.031+0000] {logging_mixin.py:190} INFO - [2024-10-21T10:55:52.031+0000] {dag.py:4180} INFO - Setting next_dagrun for example_external_task_marker_child to None, run_after=None
[2024-10-21T10:55:52.035+0000] {logging_mixin.py:190} INFO - [2024-10-21T10:55:52.035+0000] {dag.py:4180} INFO - Setting next_dagrun for example_external_task_marker_parent to None, run_after=None
[2024-10-21T10:55:52.051+0000] {processor.py:208} INFO - Processing /home/airflow/.local/lib/python3.12/site-packages/airflow/example_dags/example_external_task_marker_dag.py took 0.078 seconds
[2024-10-21T10:56:22.161+0000] {processor.py:186} INFO - Started process (PID=49733) to work on /home/airflow/.local/lib/python3.12/site-packages/airflow/example_dags/example_external_task_marker_dag.py
[2024-10-21T10:56:22.162+0000] {processor.py:914} INFO - Processing file /home/airflow/.local/lib/python3.12/site-packages/airflow/example_dags/example_external_task_marker_dag.py for tasks to queue
[2024-10-21T10:56:22.163+0000] {logging_mixin.py:190} INFO - [2024-10-21T10:56:22.163+0000] {dagbag.py:588} INFO - Filling up the DagBag from /home/airflow/.local/lib/python3.12/site-packages/airflow/example_dags/example_external_task_marker_dag.py
[2024-10-21T10:56:22.170+0000] {processor.py:925} INFO - DAG(s) 'example_external_task_marker_parent', 'example_external_task_marker_child' retrieved from /home/airflow/.local/lib/python3.12/site-packages/airflow/example_dags/example_external_task_marker_dag.py
[2024-10-21T10:56:22.200+0000] {logging_mixin.py:190} INFO - [2024-10-21T10:56:22.199+0000] {dag.py:3239} INFO - Sync 2 DAGs
[2024-10-21T10:56:22.216+0000] {logging_mixin.py:190} INFO - [2024-10-21T10:56:22.216+0000] {dag.py:4180} INFO - Setting next_dagrun for example_external_task_marker_child to None, run_after=None
[2024-10-21T10:56:22.220+0000] {logging_mixin.py:190} INFO - [2024-10-21T10:56:22.220+0000] {dag.py:4180} INFO - Setting next_dagrun for example_external_task_marker_parent to None, run_after=None
[2024-10-21T10:56:22.236+0000] {processor.py:208} INFO - Processing /home/airflow/.local/lib/python3.12/site-packages/airflow/example_dags/example_external_task_marker_dag.py took 0.084 seconds
[2024-10-21T10:56:52.477+0000] {processor.py:186} INFO - Started process (PID=49800) to work on /home/airflow/.local/lib/python3.12/site-packages/airflow/example_dags/example_external_task_marker_dag.py
[2024-10-21T10:56:52.478+0000] {processor.py:914} INFO - Processing file /home/airflow/.local/lib/python3.12/site-packages/airflow/example_dags/example_external_task_marker_dag.py for tasks to queue
[2024-10-21T10:56:52.480+0000] {logging_mixin.py:190} INFO - [2024-10-21T10:56:52.480+0000] {dagbag.py:588} INFO - Filling up the DagBag from /home/airflow/.local/lib/python3.12/site-packages/airflow/example_dags/example_external_task_marker_dag.py
[2024-10-21T10:56:52.486+0000] {processor.py:925} INFO - DAG(s) 'example_external_task_marker_parent', 'example_external_task_marker_child' retrieved from /home/airflow/.local/lib/python3.12/site-packages/airflow/example_dags/example_external_task_marker_dag.py
[2024-10-21T10:56:52.513+0000] {logging_mixin.py:190} INFO - [2024-10-21T10:56:52.512+0000] {dag.py:3239} INFO - Sync 2 DAGs
[2024-10-21T10:56:52.529+0000] {logging_mixin.py:190} INFO - [2024-10-21T10:56:52.529+0000] {dag.py:4180} INFO - Setting next_dagrun for example_external_task_marker_child to None, run_after=None
[2024-10-21T10:56:52.533+0000] {logging_mixin.py:190} INFO - [2024-10-21T10:56:52.533+0000] {dag.py:4180} INFO - Setting next_dagrun for example_external_task_marker_parent to None, run_after=None
[2024-10-21T10:56:52.547+0000] {processor.py:208} INFO - Processing /home/airflow/.local/lib/python3.12/site-packages/airflow/example_dags/example_external_task_marker_dag.py took 0.078 seconds
[2024-10-21T10:57:22.951+0000] {processor.py:186} INFO - Started process (PID=49868) to work on /home/airflow/.local/lib/python3.12/site-packages/airflow/example_dags/example_external_task_marker_dag.py
[2024-10-21T10:57:22.960+0000] {processor.py:914} INFO - Processing file /home/airflow/.local/lib/python3.12/site-packages/airflow/example_dags/example_external_task_marker_dag.py for tasks to queue
[2024-10-21T10:57:22.964+0000] {logging_mixin.py:190} INFO - [2024-10-21T10:57:22.962+0000] {dagbag.py:588} INFO - Filling up the DagBag from /home/airflow/.local/lib/python3.12/site-packages/airflow/example_dags/example_external_task_marker_dag.py
[2024-10-21T10:57:22.974+0000] {processor.py:925} INFO - DAG(s) 'example_external_task_marker_parent', 'example_external_task_marker_child' retrieved from /home/airflow/.local/lib/python3.12/site-packages/airflow/example_dags/example_external_task_marker_dag.py
[2024-10-21T10:57:23.016+0000] {logging_mixin.py:190} INFO - [2024-10-21T10:57:23.016+0000] {dag.py:3239} INFO - Sync 2 DAGs
[2024-10-21T10:57:23.040+0000] {logging_mixin.py:190} INFO - [2024-10-21T10:57:23.039+0000] {dag.py:4180} INFO - Setting next_dagrun for example_external_task_marker_child to None, run_after=None
[2024-10-21T10:57:23.044+0000] {logging_mixin.py:190} INFO - [2024-10-21T10:57:23.044+0000] {dag.py:4180} INFO - Setting next_dagrun for example_external_task_marker_parent to None, run_after=None
[2024-10-21T10:57:23.068+0000] {processor.py:208} INFO - Processing /home/airflow/.local/lib/python3.12/site-packages/airflow/example_dags/example_external_task_marker_dag.py took 0.128 seconds
[2024-10-21T10:57:53.281+0000] {processor.py:186} INFO - Started process (PID=49934) to work on /home/airflow/.local/lib/python3.12/site-packages/airflow/example_dags/example_external_task_marker_dag.py
[2024-10-21T10:57:53.282+0000] {processor.py:914} INFO - Processing file /home/airflow/.local/lib/python3.12/site-packages/airflow/example_dags/example_external_task_marker_dag.py for tasks to queue
[2024-10-21T10:57:53.284+0000] {logging_mixin.py:190} INFO - [2024-10-21T10:57:53.283+0000] {dagbag.py:588} INFO - Filling up the DagBag from /home/airflow/.local/lib/python3.12/site-packages/airflow/example_dags/example_external_task_marker_dag.py
[2024-10-21T10:57:53.290+0000] {processor.py:925} INFO - DAG(s) 'example_external_task_marker_parent', 'example_external_task_marker_child' retrieved from /home/airflow/.local/lib/python3.12/site-packages/airflow/example_dags/example_external_task_marker_dag.py
[2024-10-21T10:57:53.318+0000] {logging_mixin.py:190} INFO - [2024-10-21T10:57:53.317+0000] {dag.py:3239} INFO - Sync 2 DAGs
[2024-10-21T10:57:53.339+0000] {logging_mixin.py:190} INFO - [2024-10-21T10:57:53.338+0000] {dag.py:4180} INFO - Setting next_dagrun for example_external_task_marker_child to None, run_after=None
[2024-10-21T10:57:53.342+0000] {logging_mixin.py:190} INFO - [2024-10-21T10:57:53.342+0000] {dag.py:4180} INFO - Setting next_dagrun for example_external_task_marker_parent to None, run_after=None
[2024-10-21T10:57:53.359+0000] {processor.py:208} INFO - Processing /home/airflow/.local/lib/python3.12/site-packages/airflow/example_dags/example_external_task_marker_dag.py took 0.086 seconds
[2024-10-21T10:58:23.525+0000] {processor.py:186} INFO - Started process (PID=50001) to work on /home/airflow/.local/lib/python3.12/site-packages/airflow/example_dags/example_external_task_marker_dag.py
[2024-10-21T10:58:23.526+0000] {processor.py:914} INFO - Processing file /home/airflow/.local/lib/python3.12/site-packages/airflow/example_dags/example_external_task_marker_dag.py for tasks to queue
[2024-10-21T10:58:23.527+0000] {logging_mixin.py:190} INFO - [2024-10-21T10:58:23.527+0000] {dagbag.py:588} INFO - Filling up the DagBag from /home/airflow/.local/lib/python3.12/site-packages/airflow/example_dags/example_external_task_marker_dag.py
[2024-10-21T10:58:23.533+0000] {processor.py:925} INFO - DAG(s) 'example_external_task_marker_child', 'example_external_task_marker_parent' retrieved from /home/airflow/.local/lib/python3.12/site-packages/airflow/example_dags/example_external_task_marker_dag.py
[2024-10-21T10:58:23.562+0000] {logging_mixin.py:190} INFO - [2024-10-21T10:58:23.562+0000] {dag.py:3239} INFO - Sync 2 DAGs
[2024-10-21T10:58:23.579+0000] {logging_mixin.py:190} INFO - [2024-10-21T10:58:23.579+0000] {dag.py:4180} INFO - Setting next_dagrun for example_external_task_marker_child to None, run_after=None
[2024-10-21T10:58:23.582+0000] {logging_mixin.py:190} INFO - [2024-10-21T10:58:23.582+0000] {dag.py:4180} INFO - Setting next_dagrun for example_external_task_marker_parent to None, run_after=None
[2024-10-21T10:58:23.598+0000] {processor.py:208} INFO - Processing /home/airflow/.local/lib/python3.12/site-packages/airflow/example_dags/example_external_task_marker_dag.py took 0.081 seconds
[2024-10-21T10:58:54.167+0000] {processor.py:186} INFO - Started process (PID=50068) to work on /home/airflow/.local/lib/python3.12/site-packages/airflow/example_dags/example_external_task_marker_dag.py
[2024-10-21T10:58:54.168+0000] {processor.py:914} INFO - Processing file /home/airflow/.local/lib/python3.12/site-packages/airflow/example_dags/example_external_task_marker_dag.py for tasks to queue
[2024-10-21T10:58:54.169+0000] {logging_mixin.py:190} INFO - [2024-10-21T10:58:54.169+0000] {dagbag.py:588} INFO - Filling up the DagBag from /home/airflow/.local/lib/python3.12/site-packages/airflow/example_dags/example_external_task_marker_dag.py
[2024-10-21T10:58:54.176+0000] {processor.py:925} INFO - DAG(s) 'example_external_task_marker_child', 'example_external_task_marker_parent' retrieved from /home/airflow/.local/lib/python3.12/site-packages/airflow/example_dags/example_external_task_marker_dag.py
[2024-10-21T10:58:54.204+0000] {logging_mixin.py:190} INFO - [2024-10-21T10:58:54.204+0000] {dag.py:3239} INFO - Sync 2 DAGs
[2024-10-21T10:58:54.224+0000] {logging_mixin.py:190} INFO - [2024-10-21T10:58:54.224+0000] {dag.py:4180} INFO - Setting next_dagrun for example_external_task_marker_child to None, run_after=None
[2024-10-21T10:58:54.228+0000] {logging_mixin.py:190} INFO - [2024-10-21T10:58:54.228+0000] {dag.py:4180} INFO - Setting next_dagrun for example_external_task_marker_parent to None, run_after=None
[2024-10-21T10:58:54.252+0000] {processor.py:208} INFO - Processing /home/airflow/.local/lib/python3.12/site-packages/airflow/example_dags/example_external_task_marker_dag.py took 0.093 seconds
[2024-10-21T10:59:24.859+0000] {processor.py:186} INFO - Started process (PID=50135) to work on /home/airflow/.local/lib/python3.12/site-packages/airflow/example_dags/example_external_task_marker_dag.py
[2024-10-21T10:59:24.860+0000] {processor.py:914} INFO - Processing file /home/airflow/.local/lib/python3.12/site-packages/airflow/example_dags/example_external_task_marker_dag.py for tasks to queue
[2024-10-21T10:59:24.861+0000] {logging_mixin.py:190} INFO - [2024-10-21T10:59:24.861+0000] {dagbag.py:588} INFO - Filling up the DagBag from /home/airflow/.local/lib/python3.12/site-packages/airflow/example_dags/example_external_task_marker_dag.py
[2024-10-21T10:59:24.867+0000] {processor.py:925} INFO - DAG(s) 'example_external_task_marker_child', 'example_external_task_marker_parent' retrieved from /home/airflow/.local/lib/python3.12/site-packages/airflow/example_dags/example_external_task_marker_dag.py
[2024-10-21T10:59:24.894+0000] {logging_mixin.py:190} INFO - [2024-10-21T10:59:24.894+0000] {dag.py:3239} INFO - Sync 2 DAGs
[2024-10-21T10:59:24.910+0000] {logging_mixin.py:190} INFO - [2024-10-21T10:59:24.910+0000] {dag.py:4180} INFO - Setting next_dagrun for example_external_task_marker_child to None, run_after=None
[2024-10-21T10:59:24.913+0000] {logging_mixin.py:190} INFO - [2024-10-21T10:59:24.913+0000] {dag.py:4180} INFO - Setting next_dagrun for example_external_task_marker_parent to None, run_after=None
[2024-10-21T10:59:24.930+0000] {processor.py:208} INFO - Processing /home/airflow/.local/lib/python3.12/site-packages/airflow/example_dags/example_external_task_marker_dag.py took 0.078 seconds
[2024-10-21T10:59:54.994+0000] {processor.py:186} INFO - Started process (PID=50202) to work on /home/airflow/.local/lib/python3.12/site-packages/airflow/example_dags/example_external_task_marker_dag.py
[2024-10-21T10:59:54.995+0000] {processor.py:914} INFO - Processing file /home/airflow/.local/lib/python3.12/site-packages/airflow/example_dags/example_external_task_marker_dag.py for tasks to queue
[2024-10-21T10:59:54.998+0000] {logging_mixin.py:190} INFO - [2024-10-21T10:59:54.996+0000] {dagbag.py:588} INFO - Filling up the DagBag from /home/airflow/.local/lib/python3.12/site-packages/airflow/example_dags/example_external_task_marker_dag.py
[2024-10-21T10:59:55.005+0000] {processor.py:925} INFO - DAG(s) 'example_external_task_marker_parent', 'example_external_task_marker_child' retrieved from /home/airflow/.local/lib/python3.12/site-packages/airflow/example_dags/example_external_task_marker_dag.py
[2024-10-21T10:59:55.035+0000] {logging_mixin.py:190} INFO - [2024-10-21T10:59:55.035+0000] {dag.py:3239} INFO - Sync 2 DAGs
[2024-10-21T10:59:55.052+0000] {logging_mixin.py:190} INFO - [2024-10-21T10:59:55.052+0000] {dag.py:4180} INFO - Setting next_dagrun for example_external_task_marker_child to None, run_after=None
[2024-10-21T10:59:55.056+0000] {logging_mixin.py:190} INFO - [2024-10-21T10:59:55.056+0000] {dag.py:4180} INFO - Setting next_dagrun for example_external_task_marker_parent to None, run_after=None
[2024-10-21T10:59:55.072+0000] {processor.py:208} INFO - Processing /home/airflow/.local/lib/python3.12/site-packages/airflow/example_dags/example_external_task_marker_dag.py took 0.086 seconds
[2024-10-21T11:00:25.278+0000] {processor.py:186} INFO - Started process (PID=50269) to work on /home/airflow/.local/lib/python3.12/site-packages/airflow/example_dags/example_external_task_marker_dag.py
[2024-10-21T11:00:25.279+0000] {processor.py:914} INFO - Processing file /home/airflow/.local/lib/python3.12/site-packages/airflow/example_dags/example_external_task_marker_dag.py for tasks to queue
[2024-10-21T11:00:25.280+0000] {logging_mixin.py:190} INFO - [2024-10-21T11:00:25.280+0000] {dagbag.py:588} INFO - Filling up the DagBag from /home/airflow/.local/lib/python3.12/site-packages/airflow/example_dags/example_external_task_marker_dag.py
[2024-10-21T11:00:25.287+0000] {processor.py:925} INFO - DAG(s) 'example_external_task_marker_parent', 'example_external_task_marker_child' retrieved from /home/airflow/.local/lib/python3.12/site-packages/airflow/example_dags/example_external_task_marker_dag.py
[2024-10-21T11:00:25.313+0000] {logging_mixin.py:190} INFO - [2024-10-21T11:00:25.313+0000] {dag.py:3239} INFO - Sync 2 DAGs
[2024-10-21T11:00:25.330+0000] {logging_mixin.py:190} INFO - [2024-10-21T11:00:25.329+0000] {dag.py:4180} INFO - Setting next_dagrun for example_external_task_marker_child to None, run_after=None
[2024-10-21T11:00:25.333+0000] {logging_mixin.py:190} INFO - [2024-10-21T11:00:25.333+0000] {dag.py:4180} INFO - Setting next_dagrun for example_external_task_marker_parent to None, run_after=None
[2024-10-21T11:00:25.349+0000] {processor.py:208} INFO - Processing /home/airflow/.local/lib/python3.12/site-packages/airflow/example_dags/example_external_task_marker_dag.py took 0.078 seconds
[2024-10-21T11:00:55.519+0000] {processor.py:186} INFO - Started process (PID=50336) to work on /home/airflow/.local/lib/python3.12/site-packages/airflow/example_dags/example_external_task_marker_dag.py
[2024-10-21T11:00:55.520+0000] {processor.py:914} INFO - Processing file /home/airflow/.local/lib/python3.12/site-packages/airflow/example_dags/example_external_task_marker_dag.py for tasks to queue
[2024-10-21T11:00:55.522+0000] {logging_mixin.py:190} INFO - [2024-10-21T11:00:55.521+0000] {dagbag.py:588} INFO - Filling up the DagBag from /home/airflow/.local/lib/python3.12/site-packages/airflow/example_dags/example_external_task_marker_dag.py
[2024-10-21T11:00:55.530+0000] {processor.py:925} INFO - DAG(s) 'example_external_task_marker_parent', 'example_external_task_marker_child' retrieved from /home/airflow/.local/lib/python3.12/site-packages/airflow/example_dags/example_external_task_marker_dag.py
[2024-10-21T11:00:55.561+0000] {logging_mixin.py:190} INFO - [2024-10-21T11:00:55.561+0000] {dag.py:3239} INFO - Sync 2 DAGs
[2024-10-21T11:00:55.577+0000] {logging_mixin.py:190} INFO - [2024-10-21T11:00:55.577+0000] {dag.py:4180} INFO - Setting next_dagrun for example_external_task_marker_child to None, run_after=None
[2024-10-21T11:00:55.584+0000] {logging_mixin.py:190} INFO - [2024-10-21T11:00:55.584+0000] {dag.py:4180} INFO - Setting next_dagrun for example_external_task_marker_parent to None, run_after=None
[2024-10-21T11:00:55.602+0000] {processor.py:208} INFO - Processing /home/airflow/.local/lib/python3.12/site-packages/airflow/example_dags/example_external_task_marker_dag.py took 0.092 seconds
[2024-10-21T11:01:25.946+0000] {processor.py:186} INFO - Started process (PID=50403) to work on /home/airflow/.local/lib/python3.12/site-packages/airflow/example_dags/example_external_task_marker_dag.py
[2024-10-21T11:01:25.947+0000] {processor.py:914} INFO - Processing file /home/airflow/.local/lib/python3.12/site-packages/airflow/example_dags/example_external_task_marker_dag.py for tasks to queue
[2024-10-21T11:01:25.949+0000] {logging_mixin.py:190} INFO - [2024-10-21T11:01:25.949+0000] {dagbag.py:588} INFO - Filling up the DagBag from /home/airflow/.local/lib/python3.12/site-packages/airflow/example_dags/example_external_task_marker_dag.py
[2024-10-21T11:01:25.956+0000] {processor.py:925} INFO - DAG(s) 'example_external_task_marker_child', 'example_external_task_marker_parent' retrieved from /home/airflow/.local/lib/python3.12/site-packages/airflow/example_dags/example_external_task_marker_dag.py
[2024-10-21T11:01:25.983+0000] {logging_mixin.py:190} INFO - [2024-10-21T11:01:25.982+0000] {dag.py:3239} INFO - Sync 2 DAGs
[2024-10-21T11:01:26.000+0000] {logging_mixin.py:190} INFO - [2024-10-21T11:01:26.000+0000] {dag.py:4180} INFO - Setting next_dagrun for example_external_task_marker_child to None, run_after=None
[2024-10-21T11:01:26.004+0000] {logging_mixin.py:190} INFO - [2024-10-21T11:01:26.003+0000] {dag.py:4180} INFO - Setting next_dagrun for example_external_task_marker_parent to None, run_after=None
[2024-10-21T11:01:26.019+0000] {processor.py:208} INFO - Processing /home/airflow/.local/lib/python3.12/site-packages/airflow/example_dags/example_external_task_marker_dag.py took 0.080 seconds
[2024-10-21T11:01:56.362+0000] {processor.py:186} INFO - Started process (PID=50470) to work on /home/airflow/.local/lib/python3.12/site-packages/airflow/example_dags/example_external_task_marker_dag.py
[2024-10-21T11:01:56.364+0000] {processor.py:914} INFO - Processing file /home/airflow/.local/lib/python3.12/site-packages/airflow/example_dags/example_external_task_marker_dag.py for tasks to queue
[2024-10-21T11:01:56.366+0000] {logging_mixin.py:190} INFO - [2024-10-21T11:01:56.365+0000] {dagbag.py:588} INFO - Filling up the DagBag from /home/airflow/.local/lib/python3.12/site-packages/airflow/example_dags/example_external_task_marker_dag.py
[2024-10-21T11:01:56.372+0000] {processor.py:925} INFO - DAG(s) 'example_external_task_marker_parent', 'example_external_task_marker_child' retrieved from /home/airflow/.local/lib/python3.12/site-packages/airflow/example_dags/example_external_task_marker_dag.py
[2024-10-21T11:01:56.401+0000] {logging_mixin.py:190} INFO - [2024-10-21T11:01:56.401+0000] {dag.py:3239} INFO - Sync 2 DAGs
[2024-10-21T11:01:56.419+0000] {logging_mixin.py:190} INFO - [2024-10-21T11:01:56.419+0000] {dag.py:4180} INFO - Setting next_dagrun for example_external_task_marker_child to None, run_after=None
[2024-10-21T11:01:56.423+0000] {logging_mixin.py:190} INFO - [2024-10-21T11:01:56.423+0000] {dag.py:4180} INFO - Setting next_dagrun for example_external_task_marker_parent to None, run_after=None
[2024-10-21T11:01:56.438+0000] {processor.py:208} INFO - Processing /home/airflow/.local/lib/python3.12/site-packages/airflow/example_dags/example_external_task_marker_dag.py took 0.087 seconds
[2024-10-21T11:02:27.033+0000] {processor.py:186} INFO - Started process (PID=50537) to work on /home/airflow/.local/lib/python3.12/site-packages/airflow/example_dags/example_external_task_marker_dag.py
[2024-10-21T11:02:27.034+0000] {processor.py:914} INFO - Processing file /home/airflow/.local/lib/python3.12/site-packages/airflow/example_dags/example_external_task_marker_dag.py for tasks to queue
[2024-10-21T11:02:27.035+0000] {logging_mixin.py:190} INFO - [2024-10-21T11:02:27.035+0000] {dagbag.py:588} INFO - Filling up the DagBag from /home/airflow/.local/lib/python3.12/site-packages/airflow/example_dags/example_external_task_marker_dag.py
[2024-10-21T11:02:27.042+0000] {processor.py:925} INFO - DAG(s) 'example_external_task_marker_parent', 'example_external_task_marker_child' retrieved from /home/airflow/.local/lib/python3.12/site-packages/airflow/example_dags/example_external_task_marker_dag.py
[2024-10-21T11:02:27.069+0000] {logging_mixin.py:190} INFO - [2024-10-21T11:02:27.069+0000] {dag.py:3239} INFO - Sync 2 DAGs
[2024-10-21T11:02:27.085+0000] {logging_mixin.py:190} INFO - [2024-10-21T11:02:27.085+0000] {dag.py:4180} INFO - Setting next_dagrun for example_external_task_marker_child to None, run_after=None
[2024-10-21T11:02:27.089+0000] {logging_mixin.py:190} INFO - [2024-10-21T11:02:27.088+0000] {dag.py:4180} INFO - Setting next_dagrun for example_external_task_marker_parent to None, run_after=None
[2024-10-21T11:02:27.106+0000] {processor.py:208} INFO - Processing /home/airflow/.local/lib/python3.12/site-packages/airflow/example_dags/example_external_task_marker_dag.py took 0.080 seconds
[2024-10-21T11:02:57.369+0000] {processor.py:186} INFO - Started process (PID=50604) to work on /home/airflow/.local/lib/python3.12/site-packages/airflow/example_dags/example_external_task_marker_dag.py
[2024-10-21T11:02:57.370+0000] {processor.py:914} INFO - Processing file /home/airflow/.local/lib/python3.12/site-packages/airflow/example_dags/example_external_task_marker_dag.py for tasks to queue
[2024-10-21T11:02:57.372+0000] {logging_mixin.py:190} INFO - [2024-10-21T11:02:57.371+0000] {dagbag.py:588} INFO - Filling up the DagBag from /home/airflow/.local/lib/python3.12/site-packages/airflow/example_dags/example_external_task_marker_dag.py
[2024-10-21T11:02:57.378+0000] {processor.py:925} INFO - DAG(s) 'example_external_task_marker_parent', 'example_external_task_marker_child' retrieved from /home/airflow/.local/lib/python3.12/site-packages/airflow/example_dags/example_external_task_marker_dag.py
[2024-10-21T11:02:57.405+0000] {logging_mixin.py:190} INFO - [2024-10-21T11:02:57.405+0000] {dag.py:3239} INFO - Sync 2 DAGs
[2024-10-21T11:02:57.422+0000] {logging_mixin.py:190} INFO - [2024-10-21T11:02:57.421+0000] {dag.py:4180} INFO - Setting next_dagrun for example_external_task_marker_child to None, run_after=None
[2024-10-21T11:02:57.425+0000] {logging_mixin.py:190} INFO - [2024-10-21T11:02:57.425+0000] {dag.py:4180} INFO - Setting next_dagrun for example_external_task_marker_parent to None, run_after=None
[2024-10-21T11:02:57.442+0000] {processor.py:208} INFO - Processing /home/airflow/.local/lib/python3.12/site-packages/airflow/example_dags/example_external_task_marker_dag.py took 0.080 seconds
[2024-10-21T11:03:27.753+0000] {processor.py:186} INFO - Started process (PID=50671) to work on /home/airflow/.local/lib/python3.12/site-packages/airflow/example_dags/example_external_task_marker_dag.py
[2024-10-21T11:03:27.754+0000] {processor.py:914} INFO - Processing file /home/airflow/.local/lib/python3.12/site-packages/airflow/example_dags/example_external_task_marker_dag.py for tasks to queue
[2024-10-21T11:03:27.755+0000] {logging_mixin.py:190} INFO - [2024-10-21T11:03:27.755+0000] {dagbag.py:588} INFO - Filling up the DagBag from /home/airflow/.local/lib/python3.12/site-packages/airflow/example_dags/example_external_task_marker_dag.py
[2024-10-21T11:03:27.762+0000] {processor.py:925} INFO - DAG(s) 'example_external_task_marker_parent', 'example_external_task_marker_child' retrieved from /home/airflow/.local/lib/python3.12/site-packages/airflow/example_dags/example_external_task_marker_dag.py
[2024-10-21T11:03:27.790+0000] {logging_mixin.py:190} INFO - [2024-10-21T11:03:27.789+0000] {dag.py:3239} INFO - Sync 2 DAGs
[2024-10-21T11:03:27.806+0000] {logging_mixin.py:190} INFO - [2024-10-21T11:03:27.805+0000] {dag.py:4180} INFO - Setting next_dagrun for example_external_task_marker_child to None, run_after=None
[2024-10-21T11:03:27.809+0000] {logging_mixin.py:190} INFO - [2024-10-21T11:03:27.809+0000] {dag.py:4180} INFO - Setting next_dagrun for example_external_task_marker_parent to None, run_after=None
[2024-10-21T11:03:27.827+0000] {processor.py:208} INFO - Processing /home/airflow/.local/lib/python3.12/site-packages/airflow/example_dags/example_external_task_marker_dag.py took 0.082 seconds
[2024-10-21T11:03:59.038+0000] {processor.py:186} INFO - Started process (PID=50737) to work on /home/airflow/.local/lib/python3.12/site-packages/airflow/example_dags/example_external_task_marker_dag.py
[2024-10-21T11:03:59.039+0000] {processor.py:914} INFO - Processing file /home/airflow/.local/lib/python3.12/site-packages/airflow/example_dags/example_external_task_marker_dag.py for tasks to queue
[2024-10-21T11:03:59.040+0000] {logging_mixin.py:190} INFO - [2024-10-21T11:03:59.040+0000] {dagbag.py:588} INFO - Filling up the DagBag from /home/airflow/.local/lib/python3.12/site-packages/airflow/example_dags/example_external_task_marker_dag.py
[2024-10-21T11:03:59.046+0000] {processor.py:925} INFO - DAG(s) 'example_external_task_marker_parent', 'example_external_task_marker_child' retrieved from /home/airflow/.local/lib/python3.12/site-packages/airflow/example_dags/example_external_task_marker_dag.py
[2024-10-21T11:03:59.076+0000] {logging_mixin.py:190} INFO - [2024-10-21T11:03:59.075+0000] {dag.py:3239} INFO - Sync 2 DAGs
[2024-10-21T11:03:59.092+0000] {logging_mixin.py:190} INFO - [2024-10-21T11:03:59.092+0000] {dag.py:4180} INFO - Setting next_dagrun for example_external_task_marker_child to None, run_after=None
[2024-10-21T11:03:59.096+0000] {logging_mixin.py:190} INFO - [2024-10-21T11:03:59.095+0000] {dag.py:4180} INFO - Setting next_dagrun for example_external_task_marker_parent to None, run_after=None
[2024-10-21T11:03:59.114+0000] {processor.py:208} INFO - Processing /home/airflow/.local/lib/python3.12/site-packages/airflow/example_dags/example_external_task_marker_dag.py took 0.084 seconds
[2024-10-21T11:04:29.640+0000] {processor.py:186} INFO - Started process (PID=50804) to work on /home/airflow/.local/lib/python3.12/site-packages/airflow/example_dags/example_external_task_marker_dag.py
[2024-10-21T11:04:29.642+0000] {processor.py:914} INFO - Processing file /home/airflow/.local/lib/python3.12/site-packages/airflow/example_dags/example_external_task_marker_dag.py for tasks to queue
[2024-10-21T11:04:29.643+0000] {logging_mixin.py:190} INFO - [2024-10-21T11:04:29.643+0000] {dagbag.py:588} INFO - Filling up the DagBag from /home/airflow/.local/lib/python3.12/site-packages/airflow/example_dags/example_external_task_marker_dag.py
[2024-10-21T11:04:29.649+0000] {processor.py:925} INFO - DAG(s) 'example_external_task_marker_parent', 'example_external_task_marker_child' retrieved from /home/airflow/.local/lib/python3.12/site-packages/airflow/example_dags/example_external_task_marker_dag.py
[2024-10-21T11:04:29.679+0000] {logging_mixin.py:190} INFO - [2024-10-21T11:04:29.679+0000] {dag.py:3239} INFO - Sync 2 DAGs
[2024-10-21T11:04:29.697+0000] {logging_mixin.py:190} INFO - [2024-10-21T11:04:29.697+0000] {dag.py:4180} INFO - Setting next_dagrun for example_external_task_marker_child to None, run_after=None
[2024-10-21T11:04:29.701+0000] {logging_mixin.py:190} INFO - [2024-10-21T11:04:29.701+0000] {dag.py:4180} INFO - Setting next_dagrun for example_external_task_marker_parent to None, run_after=None
[2024-10-21T11:04:29.723+0000] {processor.py:208} INFO - Processing /home/airflow/.local/lib/python3.12/site-packages/airflow/example_dags/example_external_task_marker_dag.py took 0.089 seconds
[2024-10-21T11:05:00.495+0000] {processor.py:186} INFO - Started process (PID=50871) to work on /home/airflow/.local/lib/python3.12/site-packages/airflow/example_dags/example_external_task_marker_dag.py
[2024-10-21T11:05:00.496+0000] {processor.py:914} INFO - Processing file /home/airflow/.local/lib/python3.12/site-packages/airflow/example_dags/example_external_task_marker_dag.py for tasks to queue
[2024-10-21T11:05:00.498+0000] {logging_mixin.py:190} INFO - [2024-10-21T11:05:00.497+0000] {dagbag.py:588} INFO - Filling up the DagBag from /home/airflow/.local/lib/python3.12/site-packages/airflow/example_dags/example_external_task_marker_dag.py
[2024-10-21T11:05:00.504+0000] {processor.py:925} INFO - DAG(s) 'example_external_task_marker_parent', 'example_external_task_marker_child' retrieved from /home/airflow/.local/lib/python3.12/site-packages/airflow/example_dags/example_external_task_marker_dag.py
[2024-10-21T11:05:00.535+0000] {logging_mixin.py:190} INFO - [2024-10-21T11:05:00.535+0000] {dag.py:3239} INFO - Sync 2 DAGs
[2024-10-21T11:05:00.553+0000] {logging_mixin.py:190} INFO - [2024-10-21T11:05:00.552+0000] {dag.py:4180} INFO - Setting next_dagrun for example_external_task_marker_child to None, run_after=None
[2024-10-21T11:05:00.558+0000] {logging_mixin.py:190} INFO - [2024-10-21T11:05:00.558+0000] {dag.py:4180} INFO - Setting next_dagrun for example_external_task_marker_parent to None, run_after=None
[2024-10-21T11:05:00.577+0000] {processor.py:208} INFO - Processing /home/airflow/.local/lib/python3.12/site-packages/airflow/example_dags/example_external_task_marker_dag.py took 0.091 seconds
[2024-10-21T11:05:30.656+0000] {processor.py:186} INFO - Started process (PID=50938) to work on /home/airflow/.local/lib/python3.12/site-packages/airflow/example_dags/example_external_task_marker_dag.py
[2024-10-21T11:05:30.657+0000] {processor.py:914} INFO - Processing file /home/airflow/.local/lib/python3.12/site-packages/airflow/example_dags/example_external_task_marker_dag.py for tasks to queue
[2024-10-21T11:05:30.658+0000] {logging_mixin.py:190} INFO - [2024-10-21T11:05:30.658+0000] {dagbag.py:588} INFO - Filling up the DagBag from /home/airflow/.local/lib/python3.12/site-packages/airflow/example_dags/example_external_task_marker_dag.py
[2024-10-21T11:05:30.665+0000] {processor.py:925} INFO - DAG(s) 'example_external_task_marker_parent', 'example_external_task_marker_child' retrieved from /home/airflow/.local/lib/python3.12/site-packages/airflow/example_dags/example_external_task_marker_dag.py
[2024-10-21T11:05:30.693+0000] {logging_mixin.py:190} INFO - [2024-10-21T11:05:30.693+0000] {dag.py:3239} INFO - Sync 2 DAGs
[2024-10-21T11:05:30.710+0000] {logging_mixin.py:190} INFO - [2024-10-21T11:05:30.710+0000] {dag.py:4180} INFO - Setting next_dagrun for example_external_task_marker_child to None, run_after=None
[2024-10-21T11:05:30.714+0000] {logging_mixin.py:190} INFO - [2024-10-21T11:05:30.714+0000] {dag.py:4180} INFO - Setting next_dagrun for example_external_task_marker_parent to None, run_after=None
[2024-10-21T11:05:30.731+0000] {processor.py:208} INFO - Processing /home/airflow/.local/lib/python3.12/site-packages/airflow/example_dags/example_external_task_marker_dag.py took 0.082 seconds
[2024-10-21T11:06:01.659+0000] {processor.py:186} INFO - Started process (PID=51005) to work on /home/airflow/.local/lib/python3.12/site-packages/airflow/example_dags/example_external_task_marker_dag.py
[2024-10-21T11:06:01.660+0000] {processor.py:914} INFO - Processing file /home/airflow/.local/lib/python3.12/site-packages/airflow/example_dags/example_external_task_marker_dag.py for tasks to queue
[2024-10-21T11:06:01.661+0000] {logging_mixin.py:190} INFO - [2024-10-21T11:06:01.661+0000] {dagbag.py:588} INFO - Filling up the DagBag from /home/airflow/.local/lib/python3.12/site-packages/airflow/example_dags/example_external_task_marker_dag.py
[2024-10-21T11:06:01.667+0000] {processor.py:925} INFO - DAG(s) 'example_external_task_marker_child', 'example_external_task_marker_parent' retrieved from /home/airflow/.local/lib/python3.12/site-packages/airflow/example_dags/example_external_task_marker_dag.py
[2024-10-21T11:06:01.696+0000] {logging_mixin.py:190} INFO - [2024-10-21T11:06:01.696+0000] {dag.py:3239} INFO - Sync 2 DAGs
[2024-10-21T11:06:01.734+0000] {logging_mixin.py:190} INFO - [2024-10-21T11:06:01.733+0000] {dag.py:4180} INFO - Setting next_dagrun for example_external_task_marker_child to None, run_after=None
[2024-10-21T11:06:01.738+0000] {logging_mixin.py:190} INFO - [2024-10-21T11:06:01.737+0000] {dag.py:4180} INFO - Setting next_dagrun for example_external_task_marker_parent to None, run_after=None
[2024-10-21T11:06:01.755+0000] {processor.py:208} INFO - Processing /home/airflow/.local/lib/python3.12/site-packages/airflow/example_dags/example_external_task_marker_dag.py took 0.103 seconds
[2024-10-21T11:06:32.210+0000] {processor.py:186} INFO - Started process (PID=51072) to work on /home/airflow/.local/lib/python3.12/site-packages/airflow/example_dags/example_external_task_marker_dag.py
[2024-10-21T11:06:32.213+0000] {processor.py:914} INFO - Processing file /home/airflow/.local/lib/python3.12/site-packages/airflow/example_dags/example_external_task_marker_dag.py for tasks to queue
[2024-10-21T11:06:32.215+0000] {logging_mixin.py:190} INFO - [2024-10-21T11:06:32.215+0000] {dagbag.py:588} INFO - Filling up the DagBag from /home/airflow/.local/lib/python3.12/site-packages/airflow/example_dags/example_external_task_marker_dag.py
[2024-10-21T11:06:32.225+0000] {processor.py:925} INFO - DAG(s) 'example_external_task_marker_parent', 'example_external_task_marker_child' retrieved from /home/airflow/.local/lib/python3.12/site-packages/airflow/example_dags/example_external_task_marker_dag.py
[2024-10-21T11:06:32.274+0000] {logging_mixin.py:190} INFO - [2024-10-21T11:06:32.273+0000] {dag.py:3239} INFO - Sync 2 DAGs
[2024-10-21T11:06:32.292+0000] {logging_mixin.py:190} INFO - [2024-10-21T11:06:32.292+0000] {dag.py:4180} INFO - Setting next_dagrun for example_external_task_marker_child to None, run_after=None
[2024-10-21T11:06:32.297+0000] {logging_mixin.py:190} INFO - [2024-10-21T11:06:32.297+0000] {dag.py:4180} INFO - Setting next_dagrun for example_external_task_marker_parent to None, run_after=None
[2024-10-21T11:06:32.312+0000] {processor.py:208} INFO - Processing /home/airflow/.local/lib/python3.12/site-packages/airflow/example_dags/example_external_task_marker_dag.py took 0.123 seconds
[2024-10-21T11:07:02.417+0000] {processor.py:186} INFO - Started process (PID=51139) to work on /home/airflow/.local/lib/python3.12/site-packages/airflow/example_dags/example_external_task_marker_dag.py
[2024-10-21T11:07:02.418+0000] {processor.py:914} INFO - Processing file /home/airflow/.local/lib/python3.12/site-packages/airflow/example_dags/example_external_task_marker_dag.py for tasks to queue
[2024-10-21T11:07:02.419+0000] {logging_mixin.py:190} INFO - [2024-10-21T11:07:02.419+0000] {dagbag.py:588} INFO - Filling up the DagBag from /home/airflow/.local/lib/python3.12/site-packages/airflow/example_dags/example_external_task_marker_dag.py
[2024-10-21T11:07:02.425+0000] {processor.py:925} INFO - DAG(s) 'example_external_task_marker_parent', 'example_external_task_marker_child' retrieved from /home/airflow/.local/lib/python3.12/site-packages/airflow/example_dags/example_external_task_marker_dag.py
[2024-10-21T11:07:02.455+0000] {logging_mixin.py:190} INFO - [2024-10-21T11:07:02.454+0000] {dag.py:3239} INFO - Sync 2 DAGs
[2024-10-21T11:07:02.478+0000] {logging_mixin.py:190} INFO - [2024-10-21T11:07:02.477+0000] {dag.py:4180} INFO - Setting next_dagrun for example_external_task_marker_child to None, run_after=None
[2024-10-21T11:07:02.481+0000] {logging_mixin.py:190} INFO - [2024-10-21T11:07:02.481+0000] {dag.py:4180} INFO - Setting next_dagrun for example_external_task_marker_parent to None, run_after=None
[2024-10-21T11:07:02.500+0000] {processor.py:208} INFO - Processing /home/airflow/.local/lib/python3.12/site-packages/airflow/example_dags/example_external_task_marker_dag.py took 0.092 seconds
[2024-10-21T11:07:32.895+0000] {processor.py:186} INFO - Started process (PID=51206) to work on /home/airflow/.local/lib/python3.12/site-packages/airflow/example_dags/example_external_task_marker_dag.py
[2024-10-21T11:07:32.896+0000] {processor.py:914} INFO - Processing file /home/airflow/.local/lib/python3.12/site-packages/airflow/example_dags/example_external_task_marker_dag.py for tasks to queue
[2024-10-21T11:07:32.897+0000] {logging_mixin.py:190} INFO - [2024-10-21T11:07:32.897+0000] {dagbag.py:588} INFO - Filling up the DagBag from /home/airflow/.local/lib/python3.12/site-packages/airflow/example_dags/example_external_task_marker_dag.py
[2024-10-21T11:07:32.903+0000] {processor.py:925} INFO - DAG(s) 'example_external_task_marker_parent', 'example_external_task_marker_child' retrieved from /home/airflow/.local/lib/python3.12/site-packages/airflow/example_dags/example_external_task_marker_dag.py
[2024-10-21T11:07:32.932+0000] {logging_mixin.py:190} INFO - [2024-10-21T11:07:32.932+0000] {dag.py:3239} INFO - Sync 2 DAGs
[2024-10-21T11:07:32.950+0000] {logging_mixin.py:190} INFO - [2024-10-21T11:07:32.950+0000] {dag.py:4180} INFO - Setting next_dagrun for example_external_task_marker_child to None, run_after=None
[2024-10-21T11:07:32.954+0000] {logging_mixin.py:190} INFO - [2024-10-21T11:07:32.954+0000] {dag.py:4180} INFO - Setting next_dagrun for example_external_task_marker_parent to None, run_after=None
[2024-10-21T11:07:32.970+0000] {processor.py:208} INFO - Processing /home/airflow/.local/lib/python3.12/site-packages/airflow/example_dags/example_external_task_marker_dag.py took 0.083 seconds
[2024-10-21T11:08:03.506+0000] {processor.py:186} INFO - Started process (PID=51273) to work on /home/airflow/.local/lib/python3.12/site-packages/airflow/example_dags/example_external_task_marker_dag.py
[2024-10-21T11:08:03.507+0000] {processor.py:914} INFO - Processing file /home/airflow/.local/lib/python3.12/site-packages/airflow/example_dags/example_external_task_marker_dag.py for tasks to queue
[2024-10-21T11:08:03.508+0000] {logging_mixin.py:190} INFO - [2024-10-21T11:08:03.508+0000] {dagbag.py:588} INFO - Filling up the DagBag from /home/airflow/.local/lib/python3.12/site-packages/airflow/example_dags/example_external_task_marker_dag.py
[2024-10-21T11:08:03.515+0000] {processor.py:925} INFO - DAG(s) 'example_external_task_marker_child', 'example_external_task_marker_parent' retrieved from /home/airflow/.local/lib/python3.12/site-packages/airflow/example_dags/example_external_task_marker_dag.py
[2024-10-21T11:08:03.543+0000] {logging_mixin.py:190} INFO - [2024-10-21T11:08:03.542+0000] {dag.py:3239} INFO - Sync 2 DAGs
[2024-10-21T11:08:03.561+0000] {logging_mixin.py:190} INFO - [2024-10-21T11:08:03.560+0000] {dag.py:4180} INFO - Setting next_dagrun for example_external_task_marker_child to None, run_after=None
[2024-10-21T11:08:03.565+0000] {logging_mixin.py:190} INFO - [2024-10-21T11:08:03.565+0000] {dag.py:4180} INFO - Setting next_dagrun for example_external_task_marker_parent to None, run_after=None
[2024-10-21T11:08:03.583+0000] {processor.py:208} INFO - Processing /home/airflow/.local/lib/python3.12/site-packages/airflow/example_dags/example_external_task_marker_dag.py took 0.085 seconds
[2024-10-21T11:08:34.049+0000] {processor.py:186} INFO - Started process (PID=51340) to work on /home/airflow/.local/lib/python3.12/site-packages/airflow/example_dags/example_external_task_marker_dag.py
[2024-10-21T11:08:34.050+0000] {processor.py:914} INFO - Processing file /home/airflow/.local/lib/python3.12/site-packages/airflow/example_dags/example_external_task_marker_dag.py for tasks to queue
[2024-10-21T11:08:34.052+0000] {logging_mixin.py:190} INFO - [2024-10-21T11:08:34.052+0000] {dagbag.py:588} INFO - Filling up the DagBag from /home/airflow/.local/lib/python3.12/site-packages/airflow/example_dags/example_external_task_marker_dag.py
[2024-10-21T11:08:34.058+0000] {processor.py:925} INFO - DAG(s) 'example_external_task_marker_child', 'example_external_task_marker_parent' retrieved from /home/airflow/.local/lib/python3.12/site-packages/airflow/example_dags/example_external_task_marker_dag.py
[2024-10-21T11:08:34.086+0000] {logging_mixin.py:190} INFO - [2024-10-21T11:08:34.086+0000] {dag.py:3239} INFO - Sync 2 DAGs
[2024-10-21T11:08:34.102+0000] {logging_mixin.py:190} INFO - [2024-10-21T11:08:34.102+0000] {dag.py:4180} INFO - Setting next_dagrun for example_external_task_marker_child to None, run_after=None
[2024-10-21T11:08:34.106+0000] {logging_mixin.py:190} INFO - [2024-10-21T11:08:34.106+0000] {dag.py:4180} INFO - Setting next_dagrun for example_external_task_marker_parent to None, run_after=None
[2024-10-21T11:08:34.122+0000] {processor.py:208} INFO - Processing /home/airflow/.local/lib/python3.12/site-packages/airflow/example_dags/example_external_task_marker_dag.py took 0.080 seconds
[2024-10-21T11:09:04.457+0000] {processor.py:186} INFO - Started process (PID=51407) to work on /home/airflow/.local/lib/python3.12/site-packages/airflow/example_dags/example_external_task_marker_dag.py
[2024-10-21T11:09:04.458+0000] {processor.py:914} INFO - Processing file /home/airflow/.local/lib/python3.12/site-packages/airflow/example_dags/example_external_task_marker_dag.py for tasks to queue
[2024-10-21T11:09:04.459+0000] {logging_mixin.py:190} INFO - [2024-10-21T11:09:04.459+0000] {dagbag.py:588} INFO - Filling up the DagBag from /home/airflow/.local/lib/python3.12/site-packages/airflow/example_dags/example_external_task_marker_dag.py
[2024-10-21T11:09:04.466+0000] {processor.py:925} INFO - DAG(s) 'example_external_task_marker_child', 'example_external_task_marker_parent' retrieved from /home/airflow/.local/lib/python3.12/site-packages/airflow/example_dags/example_external_task_marker_dag.py
[2024-10-21T11:09:04.495+0000] {logging_mixin.py:190} INFO - [2024-10-21T11:09:04.495+0000] {dag.py:3239} INFO - Sync 2 DAGs
[2024-10-21T11:09:04.516+0000] {logging_mixin.py:190} INFO - [2024-10-21T11:09:04.515+0000] {dag.py:4180} INFO - Setting next_dagrun for example_external_task_marker_child to None, run_after=None
[2024-10-21T11:09:04.523+0000] {logging_mixin.py:190} INFO - [2024-10-21T11:09:04.523+0000] {dag.py:4180} INFO - Setting next_dagrun for example_external_task_marker_parent to None, run_after=None
[2024-10-21T11:09:04.540+0000] {processor.py:208} INFO - Processing /home/airflow/.local/lib/python3.12/site-packages/airflow/example_dags/example_external_task_marker_dag.py took 0.091 seconds
[2024-10-21T11:09:34.892+0000] {processor.py:186} INFO - Started process (PID=51474) to work on /home/airflow/.local/lib/python3.12/site-packages/airflow/example_dags/example_external_task_marker_dag.py
[2024-10-21T11:09:34.894+0000] {processor.py:914} INFO - Processing file /home/airflow/.local/lib/python3.12/site-packages/airflow/example_dags/example_external_task_marker_dag.py for tasks to queue
[2024-10-21T11:09:34.895+0000] {logging_mixin.py:190} INFO - [2024-10-21T11:09:34.895+0000] {dagbag.py:588} INFO - Filling up the DagBag from /home/airflow/.local/lib/python3.12/site-packages/airflow/example_dags/example_external_task_marker_dag.py
[2024-10-21T11:09:34.902+0000] {processor.py:925} INFO - DAG(s) 'example_external_task_marker_parent', 'example_external_task_marker_child' retrieved from /home/airflow/.local/lib/python3.12/site-packages/airflow/example_dags/example_external_task_marker_dag.py
[2024-10-21T11:09:34.926+0000] {logging_mixin.py:190} INFO - [2024-10-21T11:09:34.926+0000] {dag.py:3239} INFO - Sync 2 DAGs
[2024-10-21T11:09:34.943+0000] {logging_mixin.py:190} INFO - [2024-10-21T11:09:34.943+0000] {dag.py:4180} INFO - Setting next_dagrun for example_external_task_marker_child to None, run_after=None
[2024-10-21T11:09:34.947+0000] {logging_mixin.py:190} INFO - [2024-10-21T11:09:34.946+0000] {dag.py:4180} INFO - Setting next_dagrun for example_external_task_marker_parent to None, run_after=None
[2024-10-21T11:09:34.963+0000] {processor.py:208} INFO - Processing /home/airflow/.local/lib/python3.12/site-packages/airflow/example_dags/example_external_task_marker_dag.py took 0.078 seconds
[2024-10-21T11:10:05.773+0000] {processor.py:186} INFO - Started process (PID=51547) to work on /home/airflow/.local/lib/python3.12/site-packages/airflow/example_dags/example_external_task_marker_dag.py
[2024-10-21T11:10:05.774+0000] {processor.py:914} INFO - Processing file /home/airflow/.local/lib/python3.12/site-packages/airflow/example_dags/example_external_task_marker_dag.py for tasks to queue
[2024-10-21T11:10:05.775+0000] {logging_mixin.py:190} INFO - [2024-10-21T11:10:05.775+0000] {dagbag.py:588} INFO - Filling up the DagBag from /home/airflow/.local/lib/python3.12/site-packages/airflow/example_dags/example_external_task_marker_dag.py
[2024-10-21T11:10:05.781+0000] {processor.py:925} INFO - DAG(s) 'example_external_task_marker_parent', 'example_external_task_marker_child' retrieved from /home/airflow/.local/lib/python3.12/site-packages/airflow/example_dags/example_external_task_marker_dag.py
[2024-10-21T11:10:05.810+0000] {logging_mixin.py:190} INFO - [2024-10-21T11:10:05.810+0000] {dag.py:3239} INFO - Sync 2 DAGs
[2024-10-21T11:10:05.827+0000] {logging_mixin.py:190} INFO - [2024-10-21T11:10:05.827+0000] {dag.py:4180} INFO - Setting next_dagrun for example_external_task_marker_child to None, run_after=None
[2024-10-21T11:10:05.832+0000] {logging_mixin.py:190} INFO - [2024-10-21T11:10:05.832+0000] {dag.py:4180} INFO - Setting next_dagrun for example_external_task_marker_parent to None, run_after=None
[2024-10-21T11:10:05.848+0000] {processor.py:208} INFO - Processing /home/airflow/.local/lib/python3.12/site-packages/airflow/example_dags/example_external_task_marker_dag.py took 0.083 seconds
[2024-10-21T11:10:36.331+0000] {processor.py:186} INFO - Started process (PID=51614) to work on /home/airflow/.local/lib/python3.12/site-packages/airflow/example_dags/example_external_task_marker_dag.py
[2024-10-21T11:10:36.332+0000] {processor.py:914} INFO - Processing file /home/airflow/.local/lib/python3.12/site-packages/airflow/example_dags/example_external_task_marker_dag.py for tasks to queue
[2024-10-21T11:10:36.333+0000] {logging_mixin.py:190} INFO - [2024-10-21T11:10:36.333+0000] {dagbag.py:588} INFO - Filling up the DagBag from /home/airflow/.local/lib/python3.12/site-packages/airflow/example_dags/example_external_task_marker_dag.py
[2024-10-21T11:10:36.340+0000] {processor.py:925} INFO - DAG(s) 'example_external_task_marker_child', 'example_external_task_marker_parent' retrieved from /home/airflow/.local/lib/python3.12/site-packages/airflow/example_dags/example_external_task_marker_dag.py
[2024-10-21T11:10:36.368+0000] {logging_mixin.py:190} INFO - [2024-10-21T11:10:36.368+0000] {dag.py:3239} INFO - Sync 2 DAGs
[2024-10-21T11:10:36.385+0000] {logging_mixin.py:190} INFO - [2024-10-21T11:10:36.385+0000] {dag.py:4180} INFO - Setting next_dagrun for example_external_task_marker_child to None, run_after=None
[2024-10-21T11:10:36.389+0000] {logging_mixin.py:190} INFO - [2024-10-21T11:10:36.388+0000] {dag.py:4180} INFO - Setting next_dagrun for example_external_task_marker_parent to None, run_after=None
[2024-10-21T11:10:36.404+0000] {processor.py:208} INFO - Processing /home/airflow/.local/lib/python3.12/site-packages/airflow/example_dags/example_external_task_marker_dag.py took 0.080 seconds
[2024-10-21T11:11:06.546+0000] {processor.py:186} INFO - Started process (PID=51680) to work on /home/airflow/.local/lib/python3.12/site-packages/airflow/example_dags/example_external_task_marker_dag.py
[2024-10-21T11:11:06.547+0000] {processor.py:914} INFO - Processing file /home/airflow/.local/lib/python3.12/site-packages/airflow/example_dags/example_external_task_marker_dag.py for tasks to queue
[2024-10-21T11:11:06.548+0000] {logging_mixin.py:190} INFO - [2024-10-21T11:11:06.548+0000] {dagbag.py:588} INFO - Filling up the DagBag from /home/airflow/.local/lib/python3.12/site-packages/airflow/example_dags/example_external_task_marker_dag.py
[2024-10-21T11:11:06.555+0000] {processor.py:925} INFO - DAG(s) 'example_external_task_marker_child', 'example_external_task_marker_parent' retrieved from /home/airflow/.local/lib/python3.12/site-packages/airflow/example_dags/example_external_task_marker_dag.py
[2024-10-21T11:11:06.583+0000] {logging_mixin.py:190} INFO - [2024-10-21T11:11:06.583+0000] {dag.py:3239} INFO - Sync 2 DAGs
[2024-10-21T11:11:06.600+0000] {logging_mixin.py:190} INFO - [2024-10-21T11:11:06.599+0000] {dag.py:4180} INFO - Setting next_dagrun for example_external_task_marker_child to None, run_after=None
[2024-10-21T11:11:06.604+0000] {logging_mixin.py:190} INFO - [2024-10-21T11:11:06.604+0000] {dag.py:4180} INFO - Setting next_dagrun for example_external_task_marker_parent to None, run_after=None
[2024-10-21T11:11:06.622+0000] {processor.py:208} INFO - Processing /home/airflow/.local/lib/python3.12/site-packages/airflow/example_dags/example_external_task_marker_dag.py took 0.084 seconds
[2024-10-21T11:11:37.308+0000] {processor.py:186} INFO - Started process (PID=51747) to work on /home/airflow/.local/lib/python3.12/site-packages/airflow/example_dags/example_external_task_marker_dag.py
[2024-10-21T11:11:37.309+0000] {processor.py:914} INFO - Processing file /home/airflow/.local/lib/python3.12/site-packages/airflow/example_dags/example_external_task_marker_dag.py for tasks to queue
[2024-10-21T11:11:37.310+0000] {logging_mixin.py:190} INFO - [2024-10-21T11:11:37.310+0000] {dagbag.py:588} INFO - Filling up the DagBag from /home/airflow/.local/lib/python3.12/site-packages/airflow/example_dags/example_external_task_marker_dag.py
[2024-10-21T11:11:37.316+0000] {processor.py:925} INFO - DAG(s) 'example_external_task_marker_parent', 'example_external_task_marker_child' retrieved from /home/airflow/.local/lib/python3.12/site-packages/airflow/example_dags/example_external_task_marker_dag.py
[2024-10-21T11:11:37.341+0000] {logging_mixin.py:190} INFO - [2024-10-21T11:11:37.340+0000] {dag.py:3239} INFO - Sync 2 DAGs
[2024-10-21T11:11:37.357+0000] {logging_mixin.py:190} INFO - [2024-10-21T11:11:37.357+0000] {dag.py:4180} INFO - Setting next_dagrun for example_external_task_marker_child to None, run_after=None
[2024-10-21T11:11:37.360+0000] {logging_mixin.py:190} INFO - [2024-10-21T11:11:37.360+0000] {dag.py:4180} INFO - Setting next_dagrun for example_external_task_marker_parent to None, run_after=None
[2024-10-21T11:11:37.376+0000] {processor.py:208} INFO - Processing /home/airflow/.local/lib/python3.12/site-packages/airflow/example_dags/example_external_task_marker_dag.py took 0.076 seconds
[2024-10-21T11:12:07.637+0000] {processor.py:186} INFO - Started process (PID=51814) to work on /home/airflow/.local/lib/python3.12/site-packages/airflow/example_dags/example_external_task_marker_dag.py
[2024-10-21T11:12:07.638+0000] {processor.py:914} INFO - Processing file /home/airflow/.local/lib/python3.12/site-packages/airflow/example_dags/example_external_task_marker_dag.py for tasks to queue
[2024-10-21T11:12:07.639+0000] {logging_mixin.py:190} INFO - [2024-10-21T11:12:07.639+0000] {dagbag.py:588} INFO - Filling up the DagBag from /home/airflow/.local/lib/python3.12/site-packages/airflow/example_dags/example_external_task_marker_dag.py
[2024-10-21T11:12:07.646+0000] {processor.py:925} INFO - DAG(s) 'example_external_task_marker_parent', 'example_external_task_marker_child' retrieved from /home/airflow/.local/lib/python3.12/site-packages/airflow/example_dags/example_external_task_marker_dag.py
[2024-10-21T11:12:07.673+0000] {logging_mixin.py:190} INFO - [2024-10-21T11:12:07.673+0000] {dag.py:3239} INFO - Sync 2 DAGs
[2024-10-21T11:12:07.689+0000] {logging_mixin.py:190} INFO - [2024-10-21T11:12:07.689+0000] {dag.py:4180} INFO - Setting next_dagrun for example_external_task_marker_child to None, run_after=None
[2024-10-21T11:12:07.693+0000] {logging_mixin.py:190} INFO - [2024-10-21T11:12:07.693+0000] {dag.py:4180} INFO - Setting next_dagrun for example_external_task_marker_parent to None, run_after=None
[2024-10-21T11:12:07.710+0000] {processor.py:208} INFO - Processing /home/airflow/.local/lib/python3.12/site-packages/airflow/example_dags/example_external_task_marker_dag.py took 0.081 seconds
[2024-10-21T11:12:38.172+0000] {processor.py:186} INFO - Started process (PID=51881) to work on /home/airflow/.local/lib/python3.12/site-packages/airflow/example_dags/example_external_task_marker_dag.py
[2024-10-21T11:12:38.173+0000] {processor.py:914} INFO - Processing file /home/airflow/.local/lib/python3.12/site-packages/airflow/example_dags/example_external_task_marker_dag.py for tasks to queue
[2024-10-21T11:12:38.175+0000] {logging_mixin.py:190} INFO - [2024-10-21T11:12:38.174+0000] {dagbag.py:588} INFO - Filling up the DagBag from /home/airflow/.local/lib/python3.12/site-packages/airflow/example_dags/example_external_task_marker_dag.py
[2024-10-21T11:12:38.180+0000] {processor.py:925} INFO - DAG(s) 'example_external_task_marker_parent', 'example_external_task_marker_child' retrieved from /home/airflow/.local/lib/python3.12/site-packages/airflow/example_dags/example_external_task_marker_dag.py
[2024-10-21T11:12:38.206+0000] {logging_mixin.py:190} INFO - [2024-10-21T11:12:38.205+0000] {dag.py:3239} INFO - Sync 2 DAGs
[2024-10-21T11:12:38.227+0000] {logging_mixin.py:190} INFO - [2024-10-21T11:12:38.226+0000] {dag.py:4180} INFO - Setting next_dagrun for example_external_task_marker_child to None, run_after=None
[2024-10-21T11:12:38.230+0000] {logging_mixin.py:190} INFO - [2024-10-21T11:12:38.230+0000] {dag.py:4180} INFO - Setting next_dagrun for example_external_task_marker_parent to None, run_after=None
[2024-10-21T11:12:38.245+0000] {processor.py:208} INFO - Processing /home/airflow/.local/lib/python3.12/site-packages/airflow/example_dags/example_external_task_marker_dag.py took 0.081 seconds
[2024-10-21T11:13:08.394+0000] {processor.py:186} INFO - Started process (PID=51946) to work on /home/airflow/.local/lib/python3.12/site-packages/airflow/example_dags/example_external_task_marker_dag.py
[2024-10-21T11:13:08.395+0000] {processor.py:914} INFO - Processing file /home/airflow/.local/lib/python3.12/site-packages/airflow/example_dags/example_external_task_marker_dag.py for tasks to queue
[2024-10-21T11:13:08.396+0000] {logging_mixin.py:190} INFO - [2024-10-21T11:13:08.396+0000] {dagbag.py:588} INFO - Filling up the DagBag from /home/airflow/.local/lib/python3.12/site-packages/airflow/example_dags/example_external_task_marker_dag.py
[2024-10-21T11:13:08.403+0000] {processor.py:925} INFO - DAG(s) 'example_external_task_marker_parent', 'example_external_task_marker_child' retrieved from /home/airflow/.local/lib/python3.12/site-packages/airflow/example_dags/example_external_task_marker_dag.py
[2024-10-21T11:13:08.431+0000] {logging_mixin.py:190} INFO - [2024-10-21T11:13:08.430+0000] {dag.py:3239} INFO - Sync 2 DAGs
[2024-10-21T11:13:08.447+0000] {logging_mixin.py:190} INFO - [2024-10-21T11:13:08.447+0000] {dag.py:4180} INFO - Setting next_dagrun for example_external_task_marker_child to None, run_after=None
[2024-10-21T11:13:08.451+0000] {logging_mixin.py:190} INFO - [2024-10-21T11:13:08.450+0000] {dag.py:4180} INFO - Setting next_dagrun for example_external_task_marker_parent to None, run_after=None
[2024-10-21T11:13:08.467+0000] {processor.py:208} INFO - Processing /home/airflow/.local/lib/python3.12/site-packages/airflow/example_dags/example_external_task_marker_dag.py took 0.081 seconds
[2024-10-21T11:13:38.968+0000] {processor.py:186} INFO - Started process (PID=52012) to work on /home/airflow/.local/lib/python3.12/site-packages/airflow/example_dags/example_external_task_marker_dag.py
[2024-10-21T11:13:38.969+0000] {processor.py:914} INFO - Processing file /home/airflow/.local/lib/python3.12/site-packages/airflow/example_dags/example_external_task_marker_dag.py for tasks to queue
[2024-10-21T11:13:38.970+0000] {logging_mixin.py:190} INFO - [2024-10-21T11:13:38.970+0000] {dagbag.py:588} INFO - Filling up the DagBag from /home/airflow/.local/lib/python3.12/site-packages/airflow/example_dags/example_external_task_marker_dag.py
[2024-10-21T11:13:38.977+0000] {processor.py:925} INFO - DAG(s) 'example_external_task_marker_parent', 'example_external_task_marker_child' retrieved from /home/airflow/.local/lib/python3.12/site-packages/airflow/example_dags/example_external_task_marker_dag.py
[2024-10-21T11:13:39.008+0000] {logging_mixin.py:190} INFO - [2024-10-21T11:13:39.008+0000] {dag.py:3239} INFO - Sync 2 DAGs
[2024-10-21T11:13:39.024+0000] {logging_mixin.py:190} INFO - [2024-10-21T11:13:39.024+0000] {dag.py:4180} INFO - Setting next_dagrun for example_external_task_marker_child to None, run_after=None
[2024-10-21T11:13:39.028+0000] {logging_mixin.py:190} INFO - [2024-10-21T11:13:39.028+0000] {dag.py:4180} INFO - Setting next_dagrun for example_external_task_marker_parent to None, run_after=None
[2024-10-21T11:13:39.044+0000] {processor.py:208} INFO - Processing /home/airflow/.local/lib/python3.12/site-packages/airflow/example_dags/example_external_task_marker_dag.py took 0.085 seconds
[2024-10-21T11:14:09.549+0000] {processor.py:186} INFO - Started process (PID=52079) to work on /home/airflow/.local/lib/python3.12/site-packages/airflow/example_dags/example_external_task_marker_dag.py
[2024-10-21T11:14:09.550+0000] {processor.py:914} INFO - Processing file /home/airflow/.local/lib/python3.12/site-packages/airflow/example_dags/example_external_task_marker_dag.py for tasks to queue
[2024-10-21T11:14:09.552+0000] {logging_mixin.py:190} INFO - [2024-10-21T11:14:09.551+0000] {dagbag.py:588} INFO - Filling up the DagBag from /home/airflow/.local/lib/python3.12/site-packages/airflow/example_dags/example_external_task_marker_dag.py
[2024-10-21T11:14:09.558+0000] {processor.py:925} INFO - DAG(s) 'example_external_task_marker_child', 'example_external_task_marker_parent' retrieved from /home/airflow/.local/lib/python3.12/site-packages/airflow/example_dags/example_external_task_marker_dag.py
[2024-10-21T11:14:09.585+0000] {logging_mixin.py:190} INFO - [2024-10-21T11:14:09.585+0000] {dag.py:3239} INFO - Sync 2 DAGs
[2024-10-21T11:14:09.602+0000] {logging_mixin.py:190} INFO - [2024-10-21T11:14:09.602+0000] {dag.py:4180} INFO - Setting next_dagrun for example_external_task_marker_child to None, run_after=None
[2024-10-21T11:14:09.606+0000] {logging_mixin.py:190} INFO - [2024-10-21T11:14:09.605+0000] {dag.py:4180} INFO - Setting next_dagrun for example_external_task_marker_parent to None, run_after=None
[2024-10-21T11:14:09.622+0000] {processor.py:208} INFO - Processing /home/airflow/.local/lib/python3.12/site-packages/airflow/example_dags/example_external_task_marker_dag.py took 0.080 seconds
[2024-10-21T11:14:40.261+0000] {processor.py:186} INFO - Started process (PID=52146) to work on /home/airflow/.local/lib/python3.12/site-packages/airflow/example_dags/example_external_task_marker_dag.py
[2024-10-21T11:14:40.263+0000] {processor.py:914} INFO - Processing file /home/airflow/.local/lib/python3.12/site-packages/airflow/example_dags/example_external_task_marker_dag.py for tasks to queue
[2024-10-21T11:14:40.264+0000] {logging_mixin.py:190} INFO - [2024-10-21T11:14:40.264+0000] {dagbag.py:588} INFO - Filling up the DagBag from /home/airflow/.local/lib/python3.12/site-packages/airflow/example_dags/example_external_task_marker_dag.py
[2024-10-21T11:14:40.270+0000] {processor.py:925} INFO - DAG(s) 'example_external_task_marker_parent', 'example_external_task_marker_child' retrieved from /home/airflow/.local/lib/python3.12/site-packages/airflow/example_dags/example_external_task_marker_dag.py
[2024-10-21T11:14:40.299+0000] {logging_mixin.py:190} INFO - [2024-10-21T11:14:40.298+0000] {dag.py:3239} INFO - Sync 2 DAGs
[2024-10-21T11:14:40.316+0000] {logging_mixin.py:190} INFO - [2024-10-21T11:14:40.315+0000] {dag.py:4180} INFO - Setting next_dagrun for example_external_task_marker_child to None, run_after=None
[2024-10-21T11:14:40.320+0000] {logging_mixin.py:190} INFO - [2024-10-21T11:14:40.319+0000] {dag.py:4180} INFO - Setting next_dagrun for example_external_task_marker_parent to None, run_after=None
[2024-10-21T11:14:40.336+0000] {processor.py:208} INFO - Processing /home/airflow/.local/lib/python3.12/site-packages/airflow/example_dags/example_external_task_marker_dag.py took 0.082 seconds
[2024-10-21T11:15:10.971+0000] {processor.py:186} INFO - Started process (PID=52213) to work on /home/airflow/.local/lib/python3.12/site-packages/airflow/example_dags/example_external_task_marker_dag.py
[2024-10-21T11:15:10.972+0000] {processor.py:914} INFO - Processing file /home/airflow/.local/lib/python3.12/site-packages/airflow/example_dags/example_external_task_marker_dag.py for tasks to queue
[2024-10-21T11:15:10.974+0000] {logging_mixin.py:190} INFO - [2024-10-21T11:15:10.973+0000] {dagbag.py:588} INFO - Filling up the DagBag from /home/airflow/.local/lib/python3.12/site-packages/airflow/example_dags/example_external_task_marker_dag.py
[2024-10-21T11:15:10.980+0000] {processor.py:925} INFO - DAG(s) 'example_external_task_marker_parent', 'example_external_task_marker_child' retrieved from /home/airflow/.local/lib/python3.12/site-packages/airflow/example_dags/example_external_task_marker_dag.py
[2024-10-21T11:15:11.008+0000] {logging_mixin.py:190} INFO - [2024-10-21T11:15:11.008+0000] {dag.py:3239} INFO - Sync 2 DAGs
[2024-10-21T11:15:11.025+0000] {logging_mixin.py:190} INFO - [2024-10-21T11:15:11.025+0000] {dag.py:4180} INFO - Setting next_dagrun for example_external_task_marker_child to None, run_after=None
[2024-10-21T11:15:11.031+0000] {logging_mixin.py:190} INFO - [2024-10-21T11:15:11.031+0000] {dag.py:4180} INFO - Setting next_dagrun for example_external_task_marker_parent to None, run_after=None
[2024-10-21T11:15:11.050+0000] {processor.py:208} INFO - Processing /home/airflow/.local/lib/python3.12/site-packages/airflow/example_dags/example_external_task_marker_dag.py took 0.086 seconds
[2024-10-21T11:15:41.826+0000] {processor.py:186} INFO - Started process (PID=52280) to work on /home/airflow/.local/lib/python3.12/site-packages/airflow/example_dags/example_external_task_marker_dag.py
[2024-10-21T11:15:41.828+0000] {processor.py:914} INFO - Processing file /home/airflow/.local/lib/python3.12/site-packages/airflow/example_dags/example_external_task_marker_dag.py for tasks to queue
[2024-10-21T11:15:41.829+0000] {logging_mixin.py:190} INFO - [2024-10-21T11:15:41.829+0000] {dagbag.py:588} INFO - Filling up the DagBag from /home/airflow/.local/lib/python3.12/site-packages/airflow/example_dags/example_external_task_marker_dag.py
[2024-10-21T11:15:41.838+0000] {processor.py:925} INFO - DAG(s) 'example_external_task_marker_child', 'example_external_task_marker_parent' retrieved from /home/airflow/.local/lib/python3.12/site-packages/airflow/example_dags/example_external_task_marker_dag.py
[2024-10-21T11:15:41.870+0000] {logging_mixin.py:190} INFO - [2024-10-21T11:15:41.870+0000] {dag.py:3239} INFO - Sync 2 DAGs
[2024-10-21T11:15:41.887+0000] {logging_mixin.py:190} INFO - [2024-10-21T11:15:41.887+0000] {dag.py:4180} INFO - Setting next_dagrun for example_external_task_marker_child to None, run_after=None
[2024-10-21T11:15:41.891+0000] {logging_mixin.py:190} INFO - [2024-10-21T11:15:41.890+0000] {dag.py:4180} INFO - Setting next_dagrun for example_external_task_marker_parent to None, run_after=None
[2024-10-21T11:15:41.907+0000] {processor.py:208} INFO - Processing /home/airflow/.local/lib/python3.12/site-packages/airflow/example_dags/example_external_task_marker_dag.py took 0.089 seconds
[2024-10-21T11:16:12.711+0000] {processor.py:186} INFO - Started process (PID=52347) to work on /home/airflow/.local/lib/python3.12/site-packages/airflow/example_dags/example_external_task_marker_dag.py
[2024-10-21T11:16:12.712+0000] {processor.py:914} INFO - Processing file /home/airflow/.local/lib/python3.12/site-packages/airflow/example_dags/example_external_task_marker_dag.py for tasks to queue
[2024-10-21T11:16:12.713+0000] {logging_mixin.py:190} INFO - [2024-10-21T11:16:12.713+0000] {dagbag.py:588} INFO - Filling up the DagBag from /home/airflow/.local/lib/python3.12/site-packages/airflow/example_dags/example_external_task_marker_dag.py
[2024-10-21T11:16:12.719+0000] {processor.py:925} INFO - DAG(s) 'example_external_task_marker_parent', 'example_external_task_marker_child' retrieved from /home/airflow/.local/lib/python3.12/site-packages/airflow/example_dags/example_external_task_marker_dag.py
[2024-10-21T11:16:12.747+0000] {logging_mixin.py:190} INFO - [2024-10-21T11:16:12.747+0000] {dag.py:3239} INFO - Sync 2 DAGs
[2024-10-21T11:16:12.764+0000] {logging_mixin.py:190} INFO - [2024-10-21T11:16:12.764+0000] {dag.py:4180} INFO - Setting next_dagrun for example_external_task_marker_child to None, run_after=None
[2024-10-21T11:16:12.767+0000] {logging_mixin.py:190} INFO - [2024-10-21T11:16:12.767+0000] {dag.py:4180} INFO - Setting next_dagrun for example_external_task_marker_parent to None, run_after=None
[2024-10-21T11:16:12.787+0000] {processor.py:208} INFO - Processing /home/airflow/.local/lib/python3.12/site-packages/airflow/example_dags/example_external_task_marker_dag.py took 0.084 seconds
[2024-10-21T11:16:43.465+0000] {processor.py:186} INFO - Started process (PID=52414) to work on /home/airflow/.local/lib/python3.12/site-packages/airflow/example_dags/example_external_task_marker_dag.py
[2024-10-21T11:16:43.466+0000] {processor.py:914} INFO - Processing file /home/airflow/.local/lib/python3.12/site-packages/airflow/example_dags/example_external_task_marker_dag.py for tasks to queue
[2024-10-21T11:16:43.468+0000] {logging_mixin.py:190} INFO - [2024-10-21T11:16:43.467+0000] {dagbag.py:588} INFO - Filling up the DagBag from /home/airflow/.local/lib/python3.12/site-packages/airflow/example_dags/example_external_task_marker_dag.py
[2024-10-21T11:16:43.474+0000] {processor.py:925} INFO - DAG(s) 'example_external_task_marker_parent', 'example_external_task_marker_child' retrieved from /home/airflow/.local/lib/python3.12/site-packages/airflow/example_dags/example_external_task_marker_dag.py
[2024-10-21T11:16:43.504+0000] {logging_mixin.py:190} INFO - [2024-10-21T11:16:43.504+0000] {dag.py:3239} INFO - Sync 2 DAGs
[2024-10-21T11:16:43.521+0000] {logging_mixin.py:190} INFO - [2024-10-21T11:16:43.521+0000] {dag.py:4180} INFO - Setting next_dagrun for example_external_task_marker_child to None, run_after=None
[2024-10-21T11:16:43.525+0000] {logging_mixin.py:190} INFO - [2024-10-21T11:16:43.525+0000] {dag.py:4180} INFO - Setting next_dagrun for example_external_task_marker_parent to None, run_after=None
[2024-10-21T11:16:43.543+0000] {processor.py:208} INFO - Processing /home/airflow/.local/lib/python3.12/site-packages/airflow/example_dags/example_external_task_marker_dag.py took 0.085 seconds
[2024-10-21T11:17:14.834+0000] {processor.py:186} INFO - Started process (PID=52481) to work on /home/airflow/.local/lib/python3.12/site-packages/airflow/example_dags/example_external_task_marker_dag.py
[2024-10-21T11:17:14.835+0000] {processor.py:914} INFO - Processing file /home/airflow/.local/lib/python3.12/site-packages/airflow/example_dags/example_external_task_marker_dag.py for tasks to queue
[2024-10-21T11:17:14.837+0000] {logging_mixin.py:190} INFO - [2024-10-21T11:17:14.836+0000] {dagbag.py:588} INFO - Filling up the DagBag from /home/airflow/.local/lib/python3.12/site-packages/airflow/example_dags/example_external_task_marker_dag.py
[2024-10-21T11:17:14.843+0000] {processor.py:925} INFO - DAG(s) 'example_external_task_marker_parent', 'example_external_task_marker_child' retrieved from /home/airflow/.local/lib/python3.12/site-packages/airflow/example_dags/example_external_task_marker_dag.py
[2024-10-21T11:17:14.872+0000] {logging_mixin.py:190} INFO - [2024-10-21T11:17:14.871+0000] {dag.py:3239} INFO - Sync 2 DAGs
[2024-10-21T11:17:14.890+0000] {logging_mixin.py:190} INFO - [2024-10-21T11:17:14.890+0000] {dag.py:4180} INFO - Setting next_dagrun for example_external_task_marker_child to None, run_after=None
[2024-10-21T11:17:14.894+0000] {logging_mixin.py:190} INFO - [2024-10-21T11:17:14.894+0000] {dag.py:4180} INFO - Setting next_dagrun for example_external_task_marker_parent to None, run_after=None
[2024-10-21T11:17:14.910+0000] {processor.py:208} INFO - Processing /home/airflow/.local/lib/python3.12/site-packages/airflow/example_dags/example_external_task_marker_dag.py took 0.084 seconds
[2024-10-21T11:17:46.083+0000] {processor.py:186} INFO - Started process (PID=52548) to work on /home/airflow/.local/lib/python3.12/site-packages/airflow/example_dags/example_external_task_marker_dag.py
[2024-10-21T11:17:46.084+0000] {processor.py:914} INFO - Processing file /home/airflow/.local/lib/python3.12/site-packages/airflow/example_dags/example_external_task_marker_dag.py for tasks to queue
[2024-10-21T11:17:46.086+0000] {logging_mixin.py:190} INFO - [2024-10-21T11:17:46.085+0000] {dagbag.py:588} INFO - Filling up the DagBag from /home/airflow/.local/lib/python3.12/site-packages/airflow/example_dags/example_external_task_marker_dag.py
[2024-10-21T11:17:46.092+0000] {processor.py:925} INFO - DAG(s) 'example_external_task_marker_child', 'example_external_task_marker_parent' retrieved from /home/airflow/.local/lib/python3.12/site-packages/airflow/example_dags/example_external_task_marker_dag.py
[2024-10-21T11:17:46.121+0000] {logging_mixin.py:190} INFO - [2024-10-21T11:17:46.121+0000] {dag.py:3239} INFO - Sync 2 DAGs
[2024-10-21T11:17:46.137+0000] {logging_mixin.py:190} INFO - [2024-10-21T11:17:46.137+0000] {dag.py:4180} INFO - Setting next_dagrun for example_external_task_marker_child to None, run_after=None
[2024-10-21T11:17:46.141+0000] {logging_mixin.py:190} INFO - [2024-10-21T11:17:46.141+0000] {dag.py:4180} INFO - Setting next_dagrun for example_external_task_marker_parent to None, run_after=None
[2024-10-21T11:17:46.157+0000] {processor.py:208} INFO - Processing /home/airflow/.local/lib/python3.12/site-packages/airflow/example_dags/example_external_task_marker_dag.py took 0.081 seconds
[2024-10-21T11:18:16.879+0000] {processor.py:186} INFO - Started process (PID=52615) to work on /home/airflow/.local/lib/python3.12/site-packages/airflow/example_dags/example_external_task_marker_dag.py
[2024-10-21T11:18:16.880+0000] {processor.py:914} INFO - Processing file /home/airflow/.local/lib/python3.12/site-packages/airflow/example_dags/example_external_task_marker_dag.py for tasks to queue
[2024-10-21T11:18:16.881+0000] {logging_mixin.py:190} INFO - [2024-10-21T11:18:16.881+0000] {dagbag.py:588} INFO - Filling up the DagBag from /home/airflow/.local/lib/python3.12/site-packages/airflow/example_dags/example_external_task_marker_dag.py
[2024-10-21T11:18:16.887+0000] {processor.py:925} INFO - DAG(s) 'example_external_task_marker_child', 'example_external_task_marker_parent' retrieved from /home/airflow/.local/lib/python3.12/site-packages/airflow/example_dags/example_external_task_marker_dag.py
[2024-10-21T11:18:16.915+0000] {logging_mixin.py:190} INFO - [2024-10-21T11:18:16.915+0000] {dag.py:3239} INFO - Sync 2 DAGs
[2024-10-21T11:18:16.931+0000] {logging_mixin.py:190} INFO - [2024-10-21T11:18:16.931+0000] {dag.py:4180} INFO - Setting next_dagrun for example_external_task_marker_child to None, run_after=None
[2024-10-21T11:18:16.934+0000] {logging_mixin.py:190} INFO - [2024-10-21T11:18:16.934+0000] {dag.py:4180} INFO - Setting next_dagrun for example_external_task_marker_parent to None, run_after=None
[2024-10-21T11:18:16.950+0000] {processor.py:208} INFO - Processing /home/airflow/.local/lib/python3.12/site-packages/airflow/example_dags/example_external_task_marker_dag.py took 0.079 seconds
[2024-10-21T11:18:48.123+0000] {processor.py:186} INFO - Started process (PID=52682) to work on /home/airflow/.local/lib/python3.12/site-packages/airflow/example_dags/example_external_task_marker_dag.py
[2024-10-21T11:18:48.124+0000] {processor.py:914} INFO - Processing file /home/airflow/.local/lib/python3.12/site-packages/airflow/example_dags/example_external_task_marker_dag.py for tasks to queue
[2024-10-21T11:18:48.126+0000] {logging_mixin.py:190} INFO - [2024-10-21T11:18:48.126+0000] {dagbag.py:588} INFO - Filling up the DagBag from /home/airflow/.local/lib/python3.12/site-packages/airflow/example_dags/example_external_task_marker_dag.py
[2024-10-21T11:18:48.134+0000] {processor.py:925} INFO - DAG(s) 'example_external_task_marker_parent', 'example_external_task_marker_child' retrieved from /home/airflow/.local/lib/python3.12/site-packages/airflow/example_dags/example_external_task_marker_dag.py
[2024-10-21T11:18:48.169+0000] {logging_mixin.py:190} INFO - [2024-10-21T11:18:48.168+0000] {dag.py:3239} INFO - Sync 2 DAGs
[2024-10-21T11:18:48.370+0000] {logging_mixin.py:190} INFO - [2024-10-21T11:18:48.370+0000] {dag.py:4180} INFO - Setting next_dagrun for example_external_task_marker_child to None, run_after=None
[2024-10-21T11:18:48.374+0000] {logging_mixin.py:190} INFO - [2024-10-21T11:18:48.374+0000] {dag.py:4180} INFO - Setting next_dagrun for example_external_task_marker_parent to None, run_after=None
[2024-10-21T11:18:48.394+0000] {processor.py:208} INFO - Processing /home/airflow/.local/lib/python3.12/site-packages/airflow/example_dags/example_external_task_marker_dag.py took 0.280 seconds
[2024-10-21T11:19:18.663+0000] {processor.py:186} INFO - Started process (PID=52749) to work on /home/airflow/.local/lib/python3.12/site-packages/airflow/example_dags/example_external_task_marker_dag.py
[2024-10-21T11:19:18.664+0000] {processor.py:914} INFO - Processing file /home/airflow/.local/lib/python3.12/site-packages/airflow/example_dags/example_external_task_marker_dag.py for tasks to queue
[2024-10-21T11:19:18.666+0000] {logging_mixin.py:190} INFO - [2024-10-21T11:19:18.666+0000] {dagbag.py:588} INFO - Filling up the DagBag from /home/airflow/.local/lib/python3.12/site-packages/airflow/example_dags/example_external_task_marker_dag.py
[2024-10-21T11:19:18.674+0000] {processor.py:925} INFO - DAG(s) 'example_external_task_marker_child', 'example_external_task_marker_parent' retrieved from /home/airflow/.local/lib/python3.12/site-packages/airflow/example_dags/example_external_task_marker_dag.py
[2024-10-21T11:19:18.708+0000] {logging_mixin.py:190} INFO - [2024-10-21T11:19:18.708+0000] {dag.py:3239} INFO - Sync 2 DAGs
[2024-10-21T11:19:18.729+0000] {logging_mixin.py:190} INFO - [2024-10-21T11:19:18.729+0000] {dag.py:4180} INFO - Setting next_dagrun for example_external_task_marker_child to None, run_after=None
[2024-10-21T11:19:18.914+0000] {logging_mixin.py:190} INFO - [2024-10-21T11:19:18.913+0000] {dag.py:4180} INFO - Setting next_dagrun for example_external_task_marker_parent to None, run_after=None
[2024-10-21T11:19:18.933+0000] {processor.py:208} INFO - Processing /home/airflow/.local/lib/python3.12/site-packages/airflow/example_dags/example_external_task_marker_dag.py took 0.279 seconds
[2024-10-21T11:19:49.579+0000] {processor.py:186} INFO - Started process (PID=52816) to work on /home/airflow/.local/lib/python3.12/site-packages/airflow/example_dags/example_external_task_marker_dag.py
[2024-10-21T11:19:49.581+0000] {processor.py:914} INFO - Processing file /home/airflow/.local/lib/python3.12/site-packages/airflow/example_dags/example_external_task_marker_dag.py for tasks to queue
[2024-10-21T11:19:49.583+0000] {logging_mixin.py:190} INFO - [2024-10-21T11:19:49.582+0000] {dagbag.py:588} INFO - Filling up the DagBag from /home/airflow/.local/lib/python3.12/site-packages/airflow/example_dags/example_external_task_marker_dag.py
[2024-10-21T11:19:49.589+0000] {processor.py:925} INFO - DAG(s) 'example_external_task_marker_child', 'example_external_task_marker_parent' retrieved from /home/airflow/.local/lib/python3.12/site-packages/airflow/example_dags/example_external_task_marker_dag.py
[2024-10-21T11:19:49.618+0000] {logging_mixin.py:190} INFO - [2024-10-21T11:19:49.618+0000] {dag.py:3239} INFO - Sync 2 DAGs
[2024-10-21T11:19:49.637+0000] {logging_mixin.py:190} INFO - [2024-10-21T11:19:49.637+0000] {dag.py:4180} INFO - Setting next_dagrun for example_external_task_marker_child to None, run_after=None
[2024-10-21T11:19:49.641+0000] {logging_mixin.py:190} INFO - [2024-10-21T11:19:49.640+0000] {dag.py:4180} INFO - Setting next_dagrun for example_external_task_marker_parent to None, run_after=None
[2024-10-21T11:19:49.657+0000] {processor.py:208} INFO - Processing /home/airflow/.local/lib/python3.12/site-packages/airflow/example_dags/example_external_task_marker_dag.py took 0.085 seconds
[2024-10-21T11:20:19.750+0000] {processor.py:186} INFO - Started process (PID=52883) to work on /home/airflow/.local/lib/python3.12/site-packages/airflow/example_dags/example_external_task_marker_dag.py
[2024-10-21T11:20:19.751+0000] {processor.py:914} INFO - Processing file /home/airflow/.local/lib/python3.12/site-packages/airflow/example_dags/example_external_task_marker_dag.py for tasks to queue
[2024-10-21T11:20:19.753+0000] {logging_mixin.py:190} INFO - [2024-10-21T11:20:19.753+0000] {dagbag.py:588} INFO - Filling up the DagBag from /home/airflow/.local/lib/python3.12/site-packages/airflow/example_dags/example_external_task_marker_dag.py
[2024-10-21T11:20:19.761+0000] {processor.py:925} INFO - DAG(s) 'example_external_task_marker_parent', 'example_external_task_marker_child' retrieved from /home/airflow/.local/lib/python3.12/site-packages/airflow/example_dags/example_external_task_marker_dag.py
[2024-10-21T11:20:19.787+0000] {logging_mixin.py:190} INFO - [2024-10-21T11:20:19.787+0000] {dag.py:3239} INFO - Sync 2 DAGs
[2024-10-21T11:20:19.804+0000] {logging_mixin.py:190} INFO - [2024-10-21T11:20:19.803+0000] {dag.py:4180} INFO - Setting next_dagrun for example_external_task_marker_child to None, run_after=None
[2024-10-21T11:20:19.807+0000] {logging_mixin.py:190} INFO - [2024-10-21T11:20:19.807+0000] {dag.py:4180} INFO - Setting next_dagrun for example_external_task_marker_parent to None, run_after=None
[2024-10-21T11:20:19.823+0000] {processor.py:208} INFO - Processing /home/airflow/.local/lib/python3.12/site-packages/airflow/example_dags/example_external_task_marker_dag.py took 0.083 seconds
[2024-10-21T11:20:50.860+0000] {processor.py:186} INFO - Started process (PID=52949) to work on /home/airflow/.local/lib/python3.12/site-packages/airflow/example_dags/example_external_task_marker_dag.py
[2024-10-21T11:20:50.862+0000] {processor.py:914} INFO - Processing file /home/airflow/.local/lib/python3.12/site-packages/airflow/example_dags/example_external_task_marker_dag.py for tasks to queue
[2024-10-21T11:20:50.863+0000] {logging_mixin.py:190} INFO - [2024-10-21T11:20:50.863+0000] {dagbag.py:588} INFO - Filling up the DagBag from /home/airflow/.local/lib/python3.12/site-packages/airflow/example_dags/example_external_task_marker_dag.py
[2024-10-21T11:20:50.870+0000] {processor.py:925} INFO - DAG(s) 'example_external_task_marker_parent', 'example_external_task_marker_child' retrieved from /home/airflow/.local/lib/python3.12/site-packages/airflow/example_dags/example_external_task_marker_dag.py
[2024-10-21T11:20:50.899+0000] {logging_mixin.py:190} INFO - [2024-10-21T11:20:50.899+0000] {dag.py:3239} INFO - Sync 2 DAGs
[2024-10-21T11:20:50.915+0000] {logging_mixin.py:190} INFO - [2024-10-21T11:20:50.915+0000] {dag.py:4180} INFO - Setting next_dagrun for example_external_task_marker_child to None, run_after=None
[2024-10-21T11:20:50.920+0000] {logging_mixin.py:190} INFO - [2024-10-21T11:20:50.920+0000] {dag.py:4180} INFO - Setting next_dagrun for example_external_task_marker_parent to None, run_after=None
[2024-10-21T11:20:50.936+0000] {processor.py:208} INFO - Processing /home/airflow/.local/lib/python3.12/site-packages/airflow/example_dags/example_external_task_marker_dag.py took 0.084 seconds
[2024-10-21T11:21:22.118+0000] {processor.py:186} INFO - Started process (PID=53016) to work on /home/airflow/.local/lib/python3.12/site-packages/airflow/example_dags/example_external_task_marker_dag.py
[2024-10-21T11:21:22.119+0000] {processor.py:914} INFO - Processing file /home/airflow/.local/lib/python3.12/site-packages/airflow/example_dags/example_external_task_marker_dag.py for tasks to queue
[2024-10-21T11:21:22.120+0000] {logging_mixin.py:190} INFO - [2024-10-21T11:21:22.120+0000] {dagbag.py:588} INFO - Filling up the DagBag from /home/airflow/.local/lib/python3.12/site-packages/airflow/example_dags/example_external_task_marker_dag.py
[2024-10-21T11:21:22.127+0000] {processor.py:925} INFO - DAG(s) 'example_external_task_marker_child', 'example_external_task_marker_parent' retrieved from /home/airflow/.local/lib/python3.12/site-packages/airflow/example_dags/example_external_task_marker_dag.py
[2024-10-21T11:21:22.153+0000] {logging_mixin.py:190} INFO - [2024-10-21T11:21:22.153+0000] {dag.py:3239} INFO - Sync 2 DAGs
[2024-10-21T11:21:22.169+0000] {logging_mixin.py:190} INFO - [2024-10-21T11:21:22.169+0000] {dag.py:4180} INFO - Setting next_dagrun for example_external_task_marker_child to None, run_after=None
[2024-10-21T11:21:22.173+0000] {logging_mixin.py:190} INFO - [2024-10-21T11:21:22.173+0000] {dag.py:4180} INFO - Setting next_dagrun for example_external_task_marker_parent to None, run_after=None
[2024-10-21T11:21:22.189+0000] {processor.py:208} INFO - Processing /home/airflow/.local/lib/python3.12/site-packages/airflow/example_dags/example_external_task_marker_dag.py took 0.079 seconds
[2024-10-21T11:21:52.637+0000] {processor.py:186} INFO - Started process (PID=53083) to work on /home/airflow/.local/lib/python3.12/site-packages/airflow/example_dags/example_external_task_marker_dag.py
[2024-10-21T11:21:52.638+0000] {processor.py:914} INFO - Processing file /home/airflow/.local/lib/python3.12/site-packages/airflow/example_dags/example_external_task_marker_dag.py for tasks to queue
[2024-10-21T11:21:52.639+0000] {logging_mixin.py:190} INFO - [2024-10-21T11:21:52.639+0000] {dagbag.py:588} INFO - Filling up the DagBag from /home/airflow/.local/lib/python3.12/site-packages/airflow/example_dags/example_external_task_marker_dag.py
[2024-10-21T11:21:52.645+0000] {processor.py:925} INFO - DAG(s) 'example_external_task_marker_parent', 'example_external_task_marker_child' retrieved from /home/airflow/.local/lib/python3.12/site-packages/airflow/example_dags/example_external_task_marker_dag.py
[2024-10-21T11:21:52.673+0000] {logging_mixin.py:190} INFO - [2024-10-21T11:21:52.673+0000] {dag.py:3239} INFO - Sync 2 DAGs
[2024-10-21T11:21:52.690+0000] {logging_mixin.py:190} INFO - [2024-10-21T11:21:52.690+0000] {dag.py:4180} INFO - Setting next_dagrun for example_external_task_marker_child to None, run_after=None
[2024-10-21T11:21:52.693+0000] {logging_mixin.py:190} INFO - [2024-10-21T11:21:52.693+0000] {dag.py:4180} INFO - Setting next_dagrun for example_external_task_marker_parent to None, run_after=None
[2024-10-21T11:21:52.711+0000] {processor.py:208} INFO - Processing /home/airflow/.local/lib/python3.12/site-packages/airflow/example_dags/example_external_task_marker_dag.py took 0.082 seconds
[2024-10-21T11:22:22.861+0000] {processor.py:186} INFO - Started process (PID=53150) to work on /home/airflow/.local/lib/python3.12/site-packages/airflow/example_dags/example_external_task_marker_dag.py
[2024-10-21T11:22:22.862+0000] {processor.py:914} INFO - Processing file /home/airflow/.local/lib/python3.12/site-packages/airflow/example_dags/example_external_task_marker_dag.py for tasks to queue
[2024-10-21T11:22:22.864+0000] {logging_mixin.py:190} INFO - [2024-10-21T11:22:22.863+0000] {dagbag.py:588} INFO - Filling up the DagBag from /home/airflow/.local/lib/python3.12/site-packages/airflow/example_dags/example_external_task_marker_dag.py
[2024-10-21T11:22:22.870+0000] {processor.py:925} INFO - DAG(s) 'example_external_task_marker_child', 'example_external_task_marker_parent' retrieved from /home/airflow/.local/lib/python3.12/site-packages/airflow/example_dags/example_external_task_marker_dag.py
[2024-10-21T11:22:22.896+0000] {logging_mixin.py:190} INFO - [2024-10-21T11:22:22.896+0000] {dag.py:3239} INFO - Sync 2 DAGs
[2024-10-21T11:22:22.913+0000] {logging_mixin.py:190} INFO - [2024-10-21T11:22:22.913+0000] {dag.py:4180} INFO - Setting next_dagrun for example_external_task_marker_child to None, run_after=None
[2024-10-21T11:22:22.918+0000] {logging_mixin.py:190} INFO - [2024-10-21T11:22:22.917+0000] {dag.py:4180} INFO - Setting next_dagrun for example_external_task_marker_parent to None, run_after=None
[2024-10-21T11:22:22.934+0000] {processor.py:208} INFO - Processing /home/airflow/.local/lib/python3.12/site-packages/airflow/example_dags/example_external_task_marker_dag.py took 0.080 seconds
[2024-10-21T11:22:53.311+0000] {processor.py:186} INFO - Started process (PID=53217) to work on /home/airflow/.local/lib/python3.12/site-packages/airflow/example_dags/example_external_task_marker_dag.py
[2024-10-21T11:22:53.312+0000] {processor.py:914} INFO - Processing file /home/airflow/.local/lib/python3.12/site-packages/airflow/example_dags/example_external_task_marker_dag.py for tasks to queue
[2024-10-21T11:22:53.313+0000] {logging_mixin.py:190} INFO - [2024-10-21T11:22:53.313+0000] {dagbag.py:588} INFO - Filling up the DagBag from /home/airflow/.local/lib/python3.12/site-packages/airflow/example_dags/example_external_task_marker_dag.py
[2024-10-21T11:22:53.319+0000] {processor.py:925} INFO - DAG(s) 'example_external_task_marker_child', 'example_external_task_marker_parent' retrieved from /home/airflow/.local/lib/python3.12/site-packages/airflow/example_dags/example_external_task_marker_dag.py
[2024-10-21T11:22:53.348+0000] {logging_mixin.py:190} INFO - [2024-10-21T11:22:53.348+0000] {dag.py:3239} INFO - Sync 2 DAGs
[2024-10-21T11:22:53.367+0000] {logging_mixin.py:190} INFO - [2024-10-21T11:22:53.367+0000] {dag.py:4180} INFO - Setting next_dagrun for example_external_task_marker_child to None, run_after=None
[2024-10-21T11:22:53.371+0000] {logging_mixin.py:190} INFO - [2024-10-21T11:22:53.370+0000] {dag.py:4180} INFO - Setting next_dagrun for example_external_task_marker_parent to None, run_after=None
[2024-10-21T11:22:53.385+0000] {processor.py:208} INFO - Processing /home/airflow/.local/lib/python3.12/site-packages/airflow/example_dags/example_external_task_marker_dag.py took 0.082 seconds
[2024-10-21T11:23:24.322+0000] {processor.py:186} INFO - Started process (PID=53283) to work on /home/airflow/.local/lib/python3.12/site-packages/airflow/example_dags/example_external_task_marker_dag.py
[2024-10-21T11:23:24.323+0000] {processor.py:914} INFO - Processing file /home/airflow/.local/lib/python3.12/site-packages/airflow/example_dags/example_external_task_marker_dag.py for tasks to queue
[2024-10-21T11:23:24.324+0000] {logging_mixin.py:190} INFO - [2024-10-21T11:23:24.324+0000] {dagbag.py:588} INFO - Filling up the DagBag from /home/airflow/.local/lib/python3.12/site-packages/airflow/example_dags/example_external_task_marker_dag.py
[2024-10-21T11:23:24.332+0000] {processor.py:925} INFO - DAG(s) 'example_external_task_marker_parent', 'example_external_task_marker_child' retrieved from /home/airflow/.local/lib/python3.12/site-packages/airflow/example_dags/example_external_task_marker_dag.py
[2024-10-21T11:23:24.359+0000] {logging_mixin.py:190} INFO - [2024-10-21T11:23:24.359+0000] {dag.py:3239} INFO - Sync 2 DAGs
[2024-10-21T11:23:24.376+0000] {logging_mixin.py:190} INFO - [2024-10-21T11:23:24.376+0000] {dag.py:4180} INFO - Setting next_dagrun for example_external_task_marker_child to None, run_after=None
[2024-10-21T11:23:24.379+0000] {logging_mixin.py:190} INFO - [2024-10-21T11:23:24.379+0000] {dag.py:4180} INFO - Setting next_dagrun for example_external_task_marker_parent to None, run_after=None
[2024-10-21T11:23:24.393+0000] {processor.py:208} INFO - Processing /home/airflow/.local/lib/python3.12/site-packages/airflow/example_dags/example_external_task_marker_dag.py took 0.081 seconds
[2024-10-21T11:23:55.455+0000] {processor.py:186} INFO - Started process (PID=53350) to work on /home/airflow/.local/lib/python3.12/site-packages/airflow/example_dags/example_external_task_marker_dag.py
[2024-10-21T11:23:55.456+0000] {processor.py:914} INFO - Processing file /home/airflow/.local/lib/python3.12/site-packages/airflow/example_dags/example_external_task_marker_dag.py for tasks to queue
[2024-10-21T11:23:55.457+0000] {logging_mixin.py:190} INFO - [2024-10-21T11:23:55.457+0000] {dagbag.py:588} INFO - Filling up the DagBag from /home/airflow/.local/lib/python3.12/site-packages/airflow/example_dags/example_external_task_marker_dag.py
[2024-10-21T11:23:55.463+0000] {processor.py:925} INFO - DAG(s) 'example_external_task_marker_child', 'example_external_task_marker_parent' retrieved from /home/airflow/.local/lib/python3.12/site-packages/airflow/example_dags/example_external_task_marker_dag.py
[2024-10-21T11:23:55.487+0000] {logging_mixin.py:190} INFO - [2024-10-21T11:23:55.487+0000] {dag.py:3239} INFO - Sync 2 DAGs
[2024-10-21T11:23:55.504+0000] {logging_mixin.py:190} INFO - [2024-10-21T11:23:55.504+0000] {dag.py:4180} INFO - Setting next_dagrun for example_external_task_marker_child to None, run_after=None
[2024-10-21T11:23:55.507+0000] {logging_mixin.py:190} INFO - [2024-10-21T11:23:55.507+0000] {dag.py:4180} INFO - Setting next_dagrun for example_external_task_marker_parent to None, run_after=None
[2024-10-21T11:23:55.526+0000] {processor.py:208} INFO - Processing /home/airflow/.local/lib/python3.12/site-packages/airflow/example_dags/example_external_task_marker_dag.py took 0.080 seconds
[2024-10-21T11:24:26.829+0000] {processor.py:186} INFO - Started process (PID=53418) to work on /home/airflow/.local/lib/python3.12/site-packages/airflow/example_dags/example_external_task_marker_dag.py
[2024-10-21T11:24:26.830+0000] {processor.py:914} INFO - Processing file /home/airflow/.local/lib/python3.12/site-packages/airflow/example_dags/example_external_task_marker_dag.py for tasks to queue
[2024-10-21T11:24:26.831+0000] {logging_mixin.py:190} INFO - [2024-10-21T11:24:26.831+0000] {dagbag.py:588} INFO - Filling up the DagBag from /home/airflow/.local/lib/python3.12/site-packages/airflow/example_dags/example_external_task_marker_dag.py
[2024-10-21T11:24:26.837+0000] {processor.py:925} INFO - DAG(s) 'example_external_task_marker_parent', 'example_external_task_marker_child' retrieved from /home/airflow/.local/lib/python3.12/site-packages/airflow/example_dags/example_external_task_marker_dag.py
[2024-10-21T11:24:26.867+0000] {logging_mixin.py:190} INFO - [2024-10-21T11:24:26.867+0000] {dag.py:3239} INFO - Sync 2 DAGs
[2024-10-21T11:24:26.884+0000] {logging_mixin.py:190} INFO - [2024-10-21T11:24:26.883+0000] {dag.py:4180} INFO - Setting next_dagrun for example_external_task_marker_child to None, run_after=None
[2024-10-21T11:24:26.887+0000] {logging_mixin.py:190} INFO - [2024-10-21T11:24:26.887+0000] {dag.py:4180} INFO - Setting next_dagrun for example_external_task_marker_parent to None, run_after=None
[2024-10-21T11:24:26.903+0000] {processor.py:208} INFO - Processing /home/airflow/.local/lib/python3.12/site-packages/airflow/example_dags/example_external_task_marker_dag.py took 0.081 seconds
[2024-10-21T11:24:57.999+0000] {processor.py:186} INFO - Started process (PID=53485) to work on /home/airflow/.local/lib/python3.12/site-packages/airflow/example_dags/example_external_task_marker_dag.py
[2024-10-21T11:24:58.000+0000] {processor.py:914} INFO - Processing file /home/airflow/.local/lib/python3.12/site-packages/airflow/example_dags/example_external_task_marker_dag.py for tasks to queue
[2024-10-21T11:24:58.002+0000] {logging_mixin.py:190} INFO - [2024-10-21T11:24:58.001+0000] {dagbag.py:588} INFO - Filling up the DagBag from /home/airflow/.local/lib/python3.12/site-packages/airflow/example_dags/example_external_task_marker_dag.py
[2024-10-21T11:24:58.008+0000] {processor.py:925} INFO - DAG(s) 'example_external_task_marker_parent', 'example_external_task_marker_child' retrieved from /home/airflow/.local/lib/python3.12/site-packages/airflow/example_dags/example_external_task_marker_dag.py
[2024-10-21T11:24:58.036+0000] {logging_mixin.py:190} INFO - [2024-10-21T11:24:58.036+0000] {dag.py:3239} INFO - Sync 2 DAGs
[2024-10-21T11:24:58.053+0000] {logging_mixin.py:190} INFO - [2024-10-21T11:24:58.052+0000] {dag.py:4180} INFO - Setting next_dagrun for example_external_task_marker_child to None, run_after=None
[2024-10-21T11:24:58.056+0000] {logging_mixin.py:190} INFO - [2024-10-21T11:24:58.056+0000] {dag.py:4180} INFO - Setting next_dagrun for example_external_task_marker_parent to None, run_after=None
[2024-10-21T11:24:58.075+0000] {processor.py:208} INFO - Processing /home/airflow/.local/lib/python3.12/site-packages/airflow/example_dags/example_external_task_marker_dag.py took 0.085 seconds
[2024-10-21T11:25:29.270+0000] {processor.py:186} INFO - Started process (PID=53552) to work on /home/airflow/.local/lib/python3.12/site-packages/airflow/example_dags/example_external_task_marker_dag.py
[2024-10-21T11:25:29.271+0000] {processor.py:914} INFO - Processing file /home/airflow/.local/lib/python3.12/site-packages/airflow/example_dags/example_external_task_marker_dag.py for tasks to queue
[2024-10-21T11:25:29.272+0000] {logging_mixin.py:190} INFO - [2024-10-21T11:25:29.272+0000] {dagbag.py:588} INFO - Filling up the DagBag from /home/airflow/.local/lib/python3.12/site-packages/airflow/example_dags/example_external_task_marker_dag.py
[2024-10-21T11:25:29.279+0000] {processor.py:925} INFO - DAG(s) 'example_external_task_marker_child', 'example_external_task_marker_parent' retrieved from /home/airflow/.local/lib/python3.12/site-packages/airflow/example_dags/example_external_task_marker_dag.py
[2024-10-21T11:25:29.308+0000] {logging_mixin.py:190} INFO - [2024-10-21T11:25:29.308+0000] {dag.py:3239} INFO - Sync 2 DAGs
[2024-10-21T11:25:29.326+0000] {logging_mixin.py:190} INFO - [2024-10-21T11:25:29.326+0000] {dag.py:4180} INFO - Setting next_dagrun for example_external_task_marker_child to None, run_after=None
[2024-10-21T11:25:29.329+0000] {logging_mixin.py:190} INFO - [2024-10-21T11:25:29.329+0000] {dag.py:4180} INFO - Setting next_dagrun for example_external_task_marker_parent to None, run_after=None
[2024-10-21T11:25:29.345+0000] {processor.py:208} INFO - Processing /home/airflow/.local/lib/python3.12/site-packages/airflow/example_dags/example_external_task_marker_dag.py took 0.083 seconds
[2024-10-21T11:26:00.387+0000] {processor.py:186} INFO - Started process (PID=53619) to work on /home/airflow/.local/lib/python3.12/site-packages/airflow/example_dags/example_external_task_marker_dag.py
[2024-10-21T11:26:00.388+0000] {processor.py:914} INFO - Processing file /home/airflow/.local/lib/python3.12/site-packages/airflow/example_dags/example_external_task_marker_dag.py for tasks to queue
[2024-10-21T11:26:00.389+0000] {logging_mixin.py:190} INFO - [2024-10-21T11:26:00.389+0000] {dagbag.py:588} INFO - Filling up the DagBag from /home/airflow/.local/lib/python3.12/site-packages/airflow/example_dags/example_external_task_marker_dag.py
[2024-10-21T11:26:00.395+0000] {processor.py:925} INFO - DAG(s) 'example_external_task_marker_child', 'example_external_task_marker_parent' retrieved from /home/airflow/.local/lib/python3.12/site-packages/airflow/example_dags/example_external_task_marker_dag.py
[2024-10-21T11:26:00.422+0000] {logging_mixin.py:190} INFO - [2024-10-21T11:26:00.421+0000] {dag.py:3239} INFO - Sync 2 DAGs
[2024-10-21T11:26:00.438+0000] {logging_mixin.py:190} INFO - [2024-10-21T11:26:00.438+0000] {dag.py:4180} INFO - Setting next_dagrun for example_external_task_marker_child to None, run_after=None
[2024-10-21T11:26:00.441+0000] {logging_mixin.py:190} INFO - [2024-10-21T11:26:00.441+0000] {dag.py:4180} INFO - Setting next_dagrun for example_external_task_marker_parent to None, run_after=None
[2024-10-21T11:26:00.458+0000] {processor.py:208} INFO - Processing /home/airflow/.local/lib/python3.12/site-packages/airflow/example_dags/example_external_task_marker_dag.py took 0.079 seconds
[2024-10-21T11:26:31.582+0000] {processor.py:186} INFO - Started process (PID=53686) to work on /home/airflow/.local/lib/python3.12/site-packages/airflow/example_dags/example_external_task_marker_dag.py
[2024-10-21T11:26:31.583+0000] {processor.py:914} INFO - Processing file /home/airflow/.local/lib/python3.12/site-packages/airflow/example_dags/example_external_task_marker_dag.py for tasks to queue
[2024-10-21T11:26:31.585+0000] {logging_mixin.py:190} INFO - [2024-10-21T11:26:31.584+0000] {dagbag.py:588} INFO - Filling up the DagBag from /home/airflow/.local/lib/python3.12/site-packages/airflow/example_dags/example_external_task_marker_dag.py
[2024-10-21T11:26:31.592+0000] {processor.py:925} INFO - DAG(s) 'example_external_task_marker_child', 'example_external_task_marker_parent' retrieved from /home/airflow/.local/lib/python3.12/site-packages/airflow/example_dags/example_external_task_marker_dag.py
[2024-10-21T11:26:31.618+0000] {logging_mixin.py:190} INFO - [2024-10-21T11:26:31.618+0000] {dag.py:3239} INFO - Sync 2 DAGs
[2024-10-21T11:26:31.637+0000] {logging_mixin.py:190} INFO - [2024-10-21T11:26:31.637+0000] {dag.py:4180} INFO - Setting next_dagrun for example_external_task_marker_child to None, run_after=None
[2024-10-21T11:26:31.641+0000] {logging_mixin.py:190} INFO - [2024-10-21T11:26:31.641+0000] {dag.py:4180} INFO - Setting next_dagrun for example_external_task_marker_parent to None, run_after=None
[2024-10-21T11:26:31.657+0000] {processor.py:208} INFO - Processing /home/airflow/.local/lib/python3.12/site-packages/airflow/example_dags/example_external_task_marker_dag.py took 0.082 seconds
[2024-10-21T11:27:01.938+0000] {processor.py:186} INFO - Started process (PID=53753) to work on /home/airflow/.local/lib/python3.12/site-packages/airflow/example_dags/example_external_task_marker_dag.py
[2024-10-21T11:27:01.939+0000] {processor.py:914} INFO - Processing file /home/airflow/.local/lib/python3.12/site-packages/airflow/example_dags/example_external_task_marker_dag.py for tasks to queue
[2024-10-21T11:27:01.940+0000] {logging_mixin.py:190} INFO - [2024-10-21T11:27:01.940+0000] {dagbag.py:588} INFO - Filling up the DagBag from /home/airflow/.local/lib/python3.12/site-packages/airflow/example_dags/example_external_task_marker_dag.py
[2024-10-21T11:27:01.946+0000] {processor.py:925} INFO - DAG(s) 'example_external_task_marker_parent', 'example_external_task_marker_child' retrieved from /home/airflow/.local/lib/python3.12/site-packages/airflow/example_dags/example_external_task_marker_dag.py
[2024-10-21T11:27:01.974+0000] {logging_mixin.py:190} INFO - [2024-10-21T11:27:01.974+0000] {dag.py:3239} INFO - Sync 2 DAGs
[2024-10-21T11:27:01.992+0000] {logging_mixin.py:190} INFO - [2024-10-21T11:27:01.991+0000] {dag.py:4180} INFO - Setting next_dagrun for example_external_task_marker_child to None, run_after=None
[2024-10-21T11:27:01.995+0000] {logging_mixin.py:190} INFO - [2024-10-21T11:27:01.995+0000] {dag.py:4180} INFO - Setting next_dagrun for example_external_task_marker_parent to None, run_after=None
[2024-10-21T11:27:02.013+0000] {processor.py:208} INFO - Processing /home/airflow/.local/lib/python3.12/site-packages/airflow/example_dags/example_external_task_marker_dag.py took 0.082 seconds
[2024-10-21T11:27:32.266+0000] {processor.py:186} INFO - Started process (PID=53820) to work on /home/airflow/.local/lib/python3.12/site-packages/airflow/example_dags/example_external_task_marker_dag.py
[2024-10-21T11:27:32.267+0000] {processor.py:914} INFO - Processing file /home/airflow/.local/lib/python3.12/site-packages/airflow/example_dags/example_external_task_marker_dag.py for tasks to queue
[2024-10-21T11:27:32.269+0000] {logging_mixin.py:190} INFO - [2024-10-21T11:27:32.269+0000] {dagbag.py:588} INFO - Filling up the DagBag from /home/airflow/.local/lib/python3.12/site-packages/airflow/example_dags/example_external_task_marker_dag.py
[2024-10-21T11:27:32.276+0000] {processor.py:925} INFO - DAG(s) 'example_external_task_marker_parent', 'example_external_task_marker_child' retrieved from /home/airflow/.local/lib/python3.12/site-packages/airflow/example_dags/example_external_task_marker_dag.py
[2024-10-21T11:27:32.304+0000] {logging_mixin.py:190} INFO - [2024-10-21T11:27:32.304+0000] {dag.py:3239} INFO - Sync 2 DAGs
[2024-10-21T11:27:32.323+0000] {logging_mixin.py:190} INFO - [2024-10-21T11:27:32.322+0000] {dag.py:4180} INFO - Setting next_dagrun for example_external_task_marker_child to None, run_after=None
[2024-10-21T11:27:32.326+0000] {logging_mixin.py:190} INFO - [2024-10-21T11:27:32.326+0000] {dag.py:4180} INFO - Setting next_dagrun for example_external_task_marker_parent to None, run_after=None
[2024-10-21T11:27:32.341+0000] {processor.py:208} INFO - Processing /home/airflow/.local/lib/python3.12/site-packages/airflow/example_dags/example_external_task_marker_dag.py took 0.084 seconds
[2024-10-21T11:28:02.817+0000] {processor.py:186} INFO - Started process (PID=53887) to work on /home/airflow/.local/lib/python3.12/site-packages/airflow/example_dags/example_external_task_marker_dag.py
[2024-10-21T11:28:02.818+0000] {processor.py:914} INFO - Processing file /home/airflow/.local/lib/python3.12/site-packages/airflow/example_dags/example_external_task_marker_dag.py for tasks to queue
[2024-10-21T11:28:02.819+0000] {logging_mixin.py:190} INFO - [2024-10-21T11:28:02.819+0000] {dagbag.py:588} INFO - Filling up the DagBag from /home/airflow/.local/lib/python3.12/site-packages/airflow/example_dags/example_external_task_marker_dag.py
[2024-10-21T11:28:02.825+0000] {processor.py:925} INFO - DAG(s) 'example_external_task_marker_child', 'example_external_task_marker_parent' retrieved from /home/airflow/.local/lib/python3.12/site-packages/airflow/example_dags/example_external_task_marker_dag.py
[2024-10-21T11:28:02.852+0000] {logging_mixin.py:190} INFO - [2024-10-21T11:28:02.852+0000] {dag.py:3239} INFO - Sync 2 DAGs
[2024-10-21T11:28:02.868+0000] {logging_mixin.py:190} INFO - [2024-10-21T11:28:02.868+0000] {dag.py:4180} INFO - Setting next_dagrun for example_external_task_marker_child to None, run_after=None
[2024-10-21T11:28:02.872+0000] {logging_mixin.py:190} INFO - [2024-10-21T11:28:02.872+0000] {dag.py:4180} INFO - Setting next_dagrun for example_external_task_marker_parent to None, run_after=None
[2024-10-21T11:28:02.888+0000] {processor.py:208} INFO - Processing /home/airflow/.local/lib/python3.12/site-packages/airflow/example_dags/example_external_task_marker_dag.py took 0.078 seconds
[2024-10-21T11:28:33.209+0000] {processor.py:186} INFO - Started process (PID=53954) to work on /home/airflow/.local/lib/python3.12/site-packages/airflow/example_dags/example_external_task_marker_dag.py
[2024-10-21T11:28:33.210+0000] {processor.py:914} INFO - Processing file /home/airflow/.local/lib/python3.12/site-packages/airflow/example_dags/example_external_task_marker_dag.py for tasks to queue
[2024-10-21T11:28:33.211+0000] {logging_mixin.py:190} INFO - [2024-10-21T11:28:33.211+0000] {dagbag.py:588} INFO - Filling up the DagBag from /home/airflow/.local/lib/python3.12/site-packages/airflow/example_dags/example_external_task_marker_dag.py
[2024-10-21T11:28:33.217+0000] {processor.py:925} INFO - DAG(s) 'example_external_task_marker_child', 'example_external_task_marker_parent' retrieved from /home/airflow/.local/lib/python3.12/site-packages/airflow/example_dags/example_external_task_marker_dag.py
[2024-10-21T11:28:33.245+0000] {logging_mixin.py:190} INFO - [2024-10-21T11:28:33.245+0000] {dag.py:3239} INFO - Sync 2 DAGs
[2024-10-21T11:28:33.262+0000] {logging_mixin.py:190} INFO - [2024-10-21T11:28:33.262+0000] {dag.py:4180} INFO - Setting next_dagrun for example_external_task_marker_child to None, run_after=None
[2024-10-21T11:28:33.267+0000] {logging_mixin.py:190} INFO - [2024-10-21T11:28:33.266+0000] {dag.py:4180} INFO - Setting next_dagrun for example_external_task_marker_parent to None, run_after=None
[2024-10-21T11:28:33.284+0000] {processor.py:208} INFO - Processing /home/airflow/.local/lib/python3.12/site-packages/airflow/example_dags/example_external_task_marker_dag.py took 0.082 seconds
[2024-10-21T11:29:03.586+0000] {processor.py:186} INFO - Started process (PID=54021) to work on /home/airflow/.local/lib/python3.12/site-packages/airflow/example_dags/example_external_task_marker_dag.py
[2024-10-21T11:29:03.587+0000] {processor.py:914} INFO - Processing file /home/airflow/.local/lib/python3.12/site-packages/airflow/example_dags/example_external_task_marker_dag.py for tasks to queue
[2024-10-21T11:29:03.589+0000] {logging_mixin.py:190} INFO - [2024-10-21T11:29:03.589+0000] {dagbag.py:588} INFO - Filling up the DagBag from /home/airflow/.local/lib/python3.12/site-packages/airflow/example_dags/example_external_task_marker_dag.py
[2024-10-21T11:29:03.595+0000] {processor.py:925} INFO - DAG(s) 'example_external_task_marker_parent', 'example_external_task_marker_child' retrieved from /home/airflow/.local/lib/python3.12/site-packages/airflow/example_dags/example_external_task_marker_dag.py
[2024-10-21T11:29:03.622+0000] {logging_mixin.py:190} INFO - [2024-10-21T11:29:03.622+0000] {dag.py:3239} INFO - Sync 2 DAGs
[2024-10-21T11:29:03.639+0000] {logging_mixin.py:190} INFO - [2024-10-21T11:29:03.639+0000] {dag.py:4180} INFO - Setting next_dagrun for example_external_task_marker_child to None, run_after=None
[2024-10-21T11:29:03.643+0000] {logging_mixin.py:190} INFO - [2024-10-21T11:29:03.642+0000] {dag.py:4180} INFO - Setting next_dagrun for example_external_task_marker_parent to None, run_after=None
[2024-10-21T11:29:03.658+0000] {processor.py:208} INFO - Processing /home/airflow/.local/lib/python3.12/site-packages/airflow/example_dags/example_external_task_marker_dag.py took 0.079 seconds
[2024-10-21T11:29:33.866+0000] {processor.py:186} INFO - Started process (PID=54088) to work on /home/airflow/.local/lib/python3.12/site-packages/airflow/example_dags/example_external_task_marker_dag.py
[2024-10-21T11:29:33.867+0000] {processor.py:914} INFO - Processing file /home/airflow/.local/lib/python3.12/site-packages/airflow/example_dags/example_external_task_marker_dag.py for tasks to queue
[2024-10-21T11:29:33.869+0000] {logging_mixin.py:190} INFO - [2024-10-21T11:29:33.868+0000] {dagbag.py:588} INFO - Filling up the DagBag from /home/airflow/.local/lib/python3.12/site-packages/airflow/example_dags/example_external_task_marker_dag.py
[2024-10-21T11:29:33.875+0000] {processor.py:925} INFO - DAG(s) 'example_external_task_marker_parent', 'example_external_task_marker_child' retrieved from /home/airflow/.local/lib/python3.12/site-packages/airflow/example_dags/example_external_task_marker_dag.py
[2024-10-21T11:29:33.900+0000] {logging_mixin.py:190} INFO - [2024-10-21T11:29:33.900+0000] {dag.py:3239} INFO - Sync 2 DAGs
[2024-10-21T11:29:33.917+0000] {logging_mixin.py:190} INFO - [2024-10-21T11:29:33.916+0000] {dag.py:4180} INFO - Setting next_dagrun for example_external_task_marker_child to None, run_after=None
[2024-10-21T11:29:33.921+0000] {logging_mixin.py:190} INFO - [2024-10-21T11:29:33.921+0000] {dag.py:4180} INFO - Setting next_dagrun for example_external_task_marker_parent to None, run_after=None
[2024-10-21T11:29:33.938+0000] {processor.py:208} INFO - Processing /home/airflow/.local/lib/python3.12/site-packages/airflow/example_dags/example_external_task_marker_dag.py took 0.079 seconds
[2024-10-21T11:30:05.104+0000] {processor.py:186} INFO - Started process (PID=54155) to work on /home/airflow/.local/lib/python3.12/site-packages/airflow/example_dags/example_external_task_marker_dag.py
[2024-10-21T11:30:05.105+0000] {processor.py:914} INFO - Processing file /home/airflow/.local/lib/python3.12/site-packages/airflow/example_dags/example_external_task_marker_dag.py for tasks to queue
[2024-10-21T11:30:05.106+0000] {logging_mixin.py:190} INFO - [2024-10-21T11:30:05.106+0000] {dagbag.py:588} INFO - Filling up the DagBag from /home/airflow/.local/lib/python3.12/site-packages/airflow/example_dags/example_external_task_marker_dag.py
[2024-10-21T11:30:05.113+0000] {processor.py:925} INFO - DAG(s) 'example_external_task_marker_child', 'example_external_task_marker_parent' retrieved from /home/airflow/.local/lib/python3.12/site-packages/airflow/example_dags/example_external_task_marker_dag.py
[2024-10-21T11:30:05.140+0000] {logging_mixin.py:190} INFO - [2024-10-21T11:30:05.139+0000] {dag.py:3239} INFO - Sync 2 DAGs
[2024-10-21T11:30:05.156+0000] {logging_mixin.py:190} INFO - [2024-10-21T11:30:05.156+0000] {dag.py:4180} INFO - Setting next_dagrun for example_external_task_marker_child to None, run_after=None
[2024-10-21T11:30:05.160+0000] {logging_mixin.py:190} INFO - [2024-10-21T11:30:05.160+0000] {dag.py:4180} INFO - Setting next_dagrun for example_external_task_marker_parent to None, run_after=None
[2024-10-21T11:30:05.176+0000] {processor.py:208} INFO - Processing /home/airflow/.local/lib/python3.12/site-packages/airflow/example_dags/example_external_task_marker_dag.py took 0.081 seconds
[2024-10-21T11:30:35.573+0000] {processor.py:186} INFO - Started process (PID=54222) to work on /home/airflow/.local/lib/python3.12/site-packages/airflow/example_dags/example_external_task_marker_dag.py
[2024-10-21T11:30:35.574+0000] {processor.py:914} INFO - Processing file /home/airflow/.local/lib/python3.12/site-packages/airflow/example_dags/example_external_task_marker_dag.py for tasks to queue
[2024-10-21T11:30:35.575+0000] {logging_mixin.py:190} INFO - [2024-10-21T11:30:35.575+0000] {dagbag.py:588} INFO - Filling up the DagBag from /home/airflow/.local/lib/python3.12/site-packages/airflow/example_dags/example_external_task_marker_dag.py
[2024-10-21T11:30:35.581+0000] {processor.py:925} INFO - DAG(s) 'example_external_task_marker_parent', 'example_external_task_marker_child' retrieved from /home/airflow/.local/lib/python3.12/site-packages/airflow/example_dags/example_external_task_marker_dag.py
[2024-10-21T11:30:35.607+0000] {logging_mixin.py:190} INFO - [2024-10-21T11:30:35.607+0000] {dag.py:3239} INFO - Sync 2 DAGs
[2024-10-21T11:30:35.624+0000] {logging_mixin.py:190} INFO - [2024-10-21T11:30:35.624+0000] {dag.py:4180} INFO - Setting next_dagrun for example_external_task_marker_child to None, run_after=None
[2024-10-21T11:30:35.627+0000] {logging_mixin.py:190} INFO - [2024-10-21T11:30:35.627+0000] {dag.py:4180} INFO - Setting next_dagrun for example_external_task_marker_parent to None, run_after=None
[2024-10-21T11:30:35.643+0000] {processor.py:208} INFO - Processing /home/airflow/.local/lib/python3.12/site-packages/airflow/example_dags/example_external_task_marker_dag.py took 0.077 seconds
[2024-10-21T11:31:06.140+0000] {processor.py:186} INFO - Started process (PID=54288) to work on /home/airflow/.local/lib/python3.12/site-packages/airflow/example_dags/example_external_task_marker_dag.py
[2024-10-21T11:31:06.142+0000] {processor.py:914} INFO - Processing file /home/airflow/.local/lib/python3.12/site-packages/airflow/example_dags/example_external_task_marker_dag.py for tasks to queue
[2024-10-21T11:31:06.143+0000] {logging_mixin.py:190} INFO - [2024-10-21T11:31:06.143+0000] {dagbag.py:588} INFO - Filling up the DagBag from /home/airflow/.local/lib/python3.12/site-packages/airflow/example_dags/example_external_task_marker_dag.py
[2024-10-21T11:31:06.150+0000] {processor.py:925} INFO - DAG(s) 'example_external_task_marker_child', 'example_external_task_marker_parent' retrieved from /home/airflow/.local/lib/python3.12/site-packages/airflow/example_dags/example_external_task_marker_dag.py
[2024-10-21T11:31:06.180+0000] {logging_mixin.py:190} INFO - [2024-10-21T11:31:06.179+0000] {dag.py:3239} INFO - Sync 2 DAGs
[2024-10-21T11:31:06.198+0000] {logging_mixin.py:190} INFO - [2024-10-21T11:31:06.197+0000] {dag.py:4180} INFO - Setting next_dagrun for example_external_task_marker_child to None, run_after=None
[2024-10-21T11:31:06.201+0000] {logging_mixin.py:190} INFO - [2024-10-21T11:31:06.201+0000] {dag.py:4180} INFO - Setting next_dagrun for example_external_task_marker_parent to None, run_after=None
[2024-10-21T11:31:06.219+0000] {processor.py:208} INFO - Processing /home/airflow/.local/lib/python3.12/site-packages/airflow/example_dags/example_external_task_marker_dag.py took 0.086 seconds
[2024-10-21T11:31:36.694+0000] {processor.py:186} INFO - Started process (PID=54355) to work on /home/airflow/.local/lib/python3.12/site-packages/airflow/example_dags/example_external_task_marker_dag.py
[2024-10-21T11:31:36.696+0000] {processor.py:914} INFO - Processing file /home/airflow/.local/lib/python3.12/site-packages/airflow/example_dags/example_external_task_marker_dag.py for tasks to queue
[2024-10-21T11:31:36.697+0000] {logging_mixin.py:190} INFO - [2024-10-21T11:31:36.697+0000] {dagbag.py:588} INFO - Filling up the DagBag from /home/airflow/.local/lib/python3.12/site-packages/airflow/example_dags/example_external_task_marker_dag.py
[2024-10-21T11:31:36.704+0000] {processor.py:925} INFO - DAG(s) 'example_external_task_marker_parent', 'example_external_task_marker_child' retrieved from /home/airflow/.local/lib/python3.12/site-packages/airflow/example_dags/example_external_task_marker_dag.py
[2024-10-21T11:31:36.731+0000] {logging_mixin.py:190} INFO - [2024-10-21T11:31:36.731+0000] {dag.py:3239} INFO - Sync 2 DAGs
[2024-10-21T11:31:36.749+0000] {logging_mixin.py:190} INFO - [2024-10-21T11:31:36.748+0000] {dag.py:4180} INFO - Setting next_dagrun for example_external_task_marker_child to None, run_after=None
[2024-10-21T11:31:36.752+0000] {logging_mixin.py:190} INFO - [2024-10-21T11:31:36.752+0000] {dag.py:4180} INFO - Setting next_dagrun for example_external_task_marker_parent to None, run_after=None
[2024-10-21T11:31:36.772+0000] {processor.py:208} INFO - Processing /home/airflow/.local/lib/python3.12/site-packages/airflow/example_dags/example_external_task_marker_dag.py took 0.086 seconds
[2024-10-21T11:32:07.100+0000] {processor.py:186} INFO - Started process (PID=54422) to work on /home/airflow/.local/lib/python3.12/site-packages/airflow/example_dags/example_external_task_marker_dag.py
[2024-10-21T11:32:07.102+0000] {processor.py:914} INFO - Processing file /home/airflow/.local/lib/python3.12/site-packages/airflow/example_dags/example_external_task_marker_dag.py for tasks to queue
[2024-10-21T11:32:07.104+0000] {logging_mixin.py:190} INFO - [2024-10-21T11:32:07.103+0000] {dagbag.py:588} INFO - Filling up the DagBag from /home/airflow/.local/lib/python3.12/site-packages/airflow/example_dags/example_external_task_marker_dag.py
[2024-10-21T11:32:07.110+0000] {processor.py:925} INFO - DAG(s) 'example_external_task_marker_parent', 'example_external_task_marker_child' retrieved from /home/airflow/.local/lib/python3.12/site-packages/airflow/example_dags/example_external_task_marker_dag.py
[2024-10-21T11:32:07.138+0000] {logging_mixin.py:190} INFO - [2024-10-21T11:32:07.138+0000] {dag.py:3239} INFO - Sync 2 DAGs
[2024-10-21T11:32:07.154+0000] {logging_mixin.py:190} INFO - [2024-10-21T11:32:07.154+0000] {dag.py:4180} INFO - Setting next_dagrun for example_external_task_marker_child to None, run_after=None
[2024-10-21T11:32:07.158+0000] {logging_mixin.py:190} INFO - [2024-10-21T11:32:07.157+0000] {dag.py:4180} INFO - Setting next_dagrun for example_external_task_marker_parent to None, run_after=None
[2024-10-21T11:32:07.173+0000] {processor.py:208} INFO - Processing /home/airflow/.local/lib/python3.12/site-packages/airflow/example_dags/example_external_task_marker_dag.py took 0.080 seconds
[2024-10-21T11:32:38.204+0000] {processor.py:186} INFO - Started process (PID=54489) to work on /home/airflow/.local/lib/python3.12/site-packages/airflow/example_dags/example_external_task_marker_dag.py
[2024-10-21T11:32:38.205+0000] {processor.py:914} INFO - Processing file /home/airflow/.local/lib/python3.12/site-packages/airflow/example_dags/example_external_task_marker_dag.py for tasks to queue
[2024-10-21T11:32:38.207+0000] {logging_mixin.py:190} INFO - [2024-10-21T11:32:38.206+0000] {dagbag.py:588} INFO - Filling up the DagBag from /home/airflow/.local/lib/python3.12/site-packages/airflow/example_dags/example_external_task_marker_dag.py
[2024-10-21T11:32:38.213+0000] {processor.py:925} INFO - DAG(s) 'example_external_task_marker_parent', 'example_external_task_marker_child' retrieved from /home/airflow/.local/lib/python3.12/site-packages/airflow/example_dags/example_external_task_marker_dag.py
[2024-10-21T11:32:38.238+0000] {logging_mixin.py:190} INFO - [2024-10-21T11:32:38.237+0000] {dag.py:3239} INFO - Sync 2 DAGs
[2024-10-21T11:32:38.254+0000] {logging_mixin.py:190} INFO - [2024-10-21T11:32:38.254+0000] {dag.py:4180} INFO - Setting next_dagrun for example_external_task_marker_child to None, run_after=None
[2024-10-21T11:32:38.257+0000] {logging_mixin.py:190} INFO - [2024-10-21T11:32:38.257+0000] {dag.py:4180} INFO - Setting next_dagrun for example_external_task_marker_parent to None, run_after=None
[2024-10-21T11:32:38.272+0000] {processor.py:208} INFO - Processing /home/airflow/.local/lib/python3.12/site-packages/airflow/example_dags/example_external_task_marker_dag.py took 0.076 seconds
[2024-10-21T11:33:09.413+0000] {processor.py:186} INFO - Started process (PID=54561) to work on /home/airflow/.local/lib/python3.12/site-packages/airflow/example_dags/example_external_task_marker_dag.py
[2024-10-21T11:33:09.414+0000] {processor.py:914} INFO - Processing file /home/airflow/.local/lib/python3.12/site-packages/airflow/example_dags/example_external_task_marker_dag.py for tasks to queue
[2024-10-21T11:33:09.416+0000] {logging_mixin.py:190} INFO - [2024-10-21T11:33:09.415+0000] {dagbag.py:588} INFO - Filling up the DagBag from /home/airflow/.local/lib/python3.12/site-packages/airflow/example_dags/example_external_task_marker_dag.py
[2024-10-21T11:33:09.426+0000] {processor.py:925} INFO - DAG(s) 'example_external_task_marker_child', 'example_external_task_marker_parent' retrieved from /home/airflow/.local/lib/python3.12/site-packages/airflow/example_dags/example_external_task_marker_dag.py
[2024-10-21T11:33:09.458+0000] {logging_mixin.py:190} INFO - [2024-10-21T11:33:09.458+0000] {dag.py:3239} INFO - Sync 2 DAGs
[2024-10-21T11:33:09.475+0000] {logging_mixin.py:190} INFO - [2024-10-21T11:33:09.474+0000] {dag.py:4180} INFO - Setting next_dagrun for example_external_task_marker_child to None, run_after=None
[2024-10-21T11:33:09.478+0000] {logging_mixin.py:190} INFO - [2024-10-21T11:33:09.478+0000] {dag.py:4180} INFO - Setting next_dagrun for example_external_task_marker_parent to None, run_after=None
[2024-10-21T11:33:09.494+0000] {processor.py:208} INFO - Processing /home/airflow/.local/lib/python3.12/site-packages/airflow/example_dags/example_external_task_marker_dag.py took 0.089 seconds
[2024-10-21T11:33:39.791+0000] {processor.py:186} INFO - Started process (PID=54628) to work on /home/airflow/.local/lib/python3.12/site-packages/airflow/example_dags/example_external_task_marker_dag.py
[2024-10-21T11:33:39.792+0000] {processor.py:914} INFO - Processing file /home/airflow/.local/lib/python3.12/site-packages/airflow/example_dags/example_external_task_marker_dag.py for tasks to queue
[2024-10-21T11:33:39.794+0000] {logging_mixin.py:190} INFO - [2024-10-21T11:33:39.793+0000] {dagbag.py:588} INFO - Filling up the DagBag from /home/airflow/.local/lib/python3.12/site-packages/airflow/example_dags/example_external_task_marker_dag.py
[2024-10-21T11:33:39.800+0000] {processor.py:925} INFO - DAG(s) 'example_external_task_marker_parent', 'example_external_task_marker_child' retrieved from /home/airflow/.local/lib/python3.12/site-packages/airflow/example_dags/example_external_task_marker_dag.py
[2024-10-21T11:33:39.828+0000] {logging_mixin.py:190} INFO - [2024-10-21T11:33:39.828+0000] {dag.py:3239} INFO - Sync 2 DAGs
[2024-10-21T11:33:39.846+0000] {logging_mixin.py:190} INFO - [2024-10-21T11:33:39.846+0000] {dag.py:4180} INFO - Setting next_dagrun for example_external_task_marker_child to None, run_after=None
[2024-10-21T11:33:39.850+0000] {logging_mixin.py:190} INFO - [2024-10-21T11:33:39.849+0000] {dag.py:4180} INFO - Setting next_dagrun for example_external_task_marker_parent to None, run_after=None
[2024-10-21T11:33:39.866+0000] {processor.py:208} INFO - Processing /home/airflow/.local/lib/python3.12/site-packages/airflow/example_dags/example_external_task_marker_dag.py took 0.083 seconds
[2024-10-21T11:34:10.245+0000] {processor.py:186} INFO - Started process (PID=54695) to work on /home/airflow/.local/lib/python3.12/site-packages/airflow/example_dags/example_external_task_marker_dag.py
[2024-10-21T11:34:10.246+0000] {processor.py:914} INFO - Processing file /home/airflow/.local/lib/python3.12/site-packages/airflow/example_dags/example_external_task_marker_dag.py for tasks to queue
[2024-10-21T11:34:10.248+0000] {logging_mixin.py:190} INFO - [2024-10-21T11:34:10.247+0000] {dagbag.py:588} INFO - Filling up the DagBag from /home/airflow/.local/lib/python3.12/site-packages/airflow/example_dags/example_external_task_marker_dag.py
[2024-10-21T11:34:10.254+0000] {processor.py:925} INFO - DAG(s) 'example_external_task_marker_parent', 'example_external_task_marker_child' retrieved from /home/airflow/.local/lib/python3.12/site-packages/airflow/example_dags/example_external_task_marker_dag.py
[2024-10-21T11:34:10.280+0000] {logging_mixin.py:190} INFO - [2024-10-21T11:34:10.280+0000] {dag.py:3239} INFO - Sync 2 DAGs
[2024-10-21T11:34:10.297+0000] {logging_mixin.py:190} INFO - [2024-10-21T11:34:10.296+0000] {dag.py:4180} INFO - Setting next_dagrun for example_external_task_marker_child to None, run_after=None
[2024-10-21T11:34:10.300+0000] {logging_mixin.py:190} INFO - [2024-10-21T11:34:10.300+0000] {dag.py:4180} INFO - Setting next_dagrun for example_external_task_marker_parent to None, run_after=None
[2024-10-21T11:34:10.316+0000] {processor.py:208} INFO - Processing /home/airflow/.local/lib/python3.12/site-packages/airflow/example_dags/example_external_task_marker_dag.py took 0.078 seconds
[2024-10-21T11:35:00.046+0000] {processor.py:186} INFO - Started process (PID=54781) to work on /home/airflow/.local/lib/python3.12/site-packages/airflow/example_dags/example_external_task_marker_dag.py
[2024-10-21T11:35:00.048+0000] {processor.py:914} INFO - Processing file /home/airflow/.local/lib/python3.12/site-packages/airflow/example_dags/example_external_task_marker_dag.py for tasks to queue
[2024-10-21T11:35:00.049+0000] {logging_mixin.py:190} INFO - [2024-10-21T11:35:00.049+0000] {dagbag.py:588} INFO - Filling up the DagBag from /home/airflow/.local/lib/python3.12/site-packages/airflow/example_dags/example_external_task_marker_dag.py
[2024-10-21T11:35:00.057+0000] {processor.py:925} INFO - DAG(s) 'example_external_task_marker_child', 'example_external_task_marker_parent' retrieved from /home/airflow/.local/lib/python3.12/site-packages/airflow/example_dags/example_external_task_marker_dag.py
[2024-10-21T11:35:00.090+0000] {logging_mixin.py:190} INFO - [2024-10-21T11:35:00.090+0000] {dag.py:3239} INFO - Sync 2 DAGs
[2024-10-21T11:35:00.111+0000] {logging_mixin.py:190} INFO - [2024-10-21T11:35:00.110+0000] {dag.py:4180} INFO - Setting next_dagrun for example_external_task_marker_child to None, run_after=None
[2024-10-21T11:35:00.115+0000] {logging_mixin.py:190} INFO - [2024-10-21T11:35:00.115+0000] {dag.py:4180} INFO - Setting next_dagrun for example_external_task_marker_parent to None, run_after=None
[2024-10-21T11:35:00.132+0000] {processor.py:208} INFO - Processing /home/airflow/.local/lib/python3.12/site-packages/airflow/example_dags/example_external_task_marker_dag.py took 0.095 seconds
